고객ID,타사이전금액,혜택금액
R04-00000,15100000,40000
R04-00001,83660000,300000
R04-00002,14000000,40000
R04-00003,12500000,40000
R04-00004,72170000,300000
R04-00005,102140000,300000
R04-00006,62890000,150000
R04-00007,16850000,40000
R04-00008,63420000,150000
R04-00009,61340000,150000
R04-00010,153060000,600000
R04-00011,23590000,60000
R04-00012,84820000,300000
R04-00013,102300000,300000
R04-00014,55270000,150000
R04-00015,28560000,60000
R04-00016,21650000,60000
R04-00017,91930000,300000
R04-00018,7720000,20000
R04-00019,43790000,150000
R04-00020,22550000,60000
R04-00021,85270000,300000
R04-00022,36500000,150000
R04-00023,84290000,300000
R04-00024,94440000,300000
R04-00025,14690000,40000
R04-00026,23330000,60000
R04-00027,95520000,300000
R04-00028,22640000,60000
R04-00029,22520000,60000
R04-00030,8090000,20000
R04-00031,36810000,150000
R04-00032,84540000,300000
R04-00033,15400000,40000
R04-00034,54770000,150000
R04-00035,55540000,150000
R04-00036,54670000,150000
R04-00037,28080000,60000
R04-00038,26420000,60000
R04-00039,24550000,60000
R04-00040,37820000,150000
R04-00041,24470000,60000
R04-00042,157930000,600000
R04-00043,53250000,150000
R04-00044,24240000,60000
R04-00045,42940000,150000
R04-00046,2070000,0
R04-00047,51770000,150000
R04-00048,64810000,150000
R04-00049,113120000,300000
R04-00050,61360000,150000
R04-00051,21940000,60000
R04-00052,54700000,150000
R04-00053,54820000,150000
R04-00054,42060000,150000
R04-00055,50440000,150000
R04-00056,56780000,150000
R04-00057,33640000,150000
R04-00058,61930000,150000
R04-00059,85590000,300000
R04-00060,43180000,150000
R04-00061,73370000,300000
R04-00062,58640000,150000
R04-00063,12270000,40000
R04-00064,13810000,40000
R04-00065,36700000,150000
R04-00066,15890000,40000
R04-00067,223350000,1000000
R04-00068,24050000,60000
R04-00069,31430000,60000
R04-00070,7470000,20000
R04-00071,1320000,0
R04-00072,46190000,150000
R04-00073,53680000,150000
R04-00074,33840000,150000
R04-00075,4880000,0
R04-00076,12090000,40000
R04-00077,22380000,60000
R04-00078,51800000,150000
R04-00079,54040000,150000
R04-00080,36290000,150000
R04-00081,62170000,150000
R04-00082,11800000,40000
R04-00083,52250000,150000
R04-00084,11230000,40000
R04-00085,74470000,300000
R04-00086,136910000,600000
R04-00087,23840000,60000
R04-00088,21790000,60000
R04-00089,36450000,150000
R04-00090,5050000,20000
R04-00091,75600000,300000
R04-00092,53490000,150000
R04-00093,14600000,40000
R04-00094,104110000,300000
R04-00095,45790000,150000
R04-00096,86250000,300000
R04-00097,24500000,60000
R04-00098,41760000,150000
R04-00099,4360000,0
R04-00100,33070000,60000
R04-00101,70620000,300000
R04-00102,22690000,60000
R04-00103,57280000,150000
R04-00104,13940000,40000
R04-00105,14850000,40000
R04-00106,62310000,150000
R04-00107,61990000,150000
R04-00108,43520000,150000
R04-00109,45160000,150000
R04-00110,26080000,60000
R04-00111,58800000,150000
R04-00112,22130000,60000
R04-00113,59580000,150000
R04-00114,21420000,60000
R04-00115,54710000,150000
R04-00116,52560000,150000
R04-00117,32690000,60000
R04-00118,5460000,20000
R04-00119,66980000,300000
R04-00120,73160000,300000
R04-00121,6910000,20000
R04-00122,33140000,60000
R04-00123,31450000,60000
R04-00124,83790000,300000
R04-00125,112560000,300000
R04-00126,64200000,150000
R04-00127,108380000,300000
R04-00128,45290000,150000
R04-00129,115860000,300000
R04-00130,30110000,60000
R04-00131,81790000,300000
R04-00132,72450000,300000
R04-00133,50720000,150000
R04-00134,82470000,300000
R04-00135,24710000,60000
R04-00136,6660000,20000
R04-00137,23670000,60000
R04-00138,16850000,40000
R04-00139,32090000,60000
R04-00140,50730000,150000
R04-00141,34700000,150000
R04-00142,44700000,150000
R04-00143,32750000,60000
R04-00144,76120000,300000
R04-00145,41750000,150000
R04-00146,32320000,60000
R04-00147,26850000,60000
R04-00148,24280000,60000
R04-00149,48030000,150000
R04-00150,51980000,150000
R04-00151,91070000,300000
R04-00152,92690000,300000
R04-00153,31370000,60000
R04-00154,48910000,150000
R04-00155,32350000,60000
R04-00156,73800000,300000
R04-00157,77460000,300000
R04-00158,3160000,0
R04-00159,64700000,150000
R04-00160,54400000,150000
R04-00161,11240000,40000
R04-00162,3350000,0
R04-00163,33880000,150000
R04-00164,2110000,0
R04-00165,40570000,150000
R04-00166,64990000,150000
R04-00167,8510000,20000
R04-00168,2040000,0
R04-00169,37400000,150000
R04-00170,63590000,150000
R04-00171,103640000,300000
R04-00172,34800000,150000
R04-00173,50500000,150000
R04-00174,62620000,150000
R04-00175,66170000,150000
R04-00176,78450000,300000
R04-00177,71690000,300000
R04-00178,31010000,60000
R04-00179,34170000,150000
R04-00180,8020000,20000
R04-00181,34100000,150000
R04-00182,1780000,0
R04-00183,82090000,300000
R04-00184,55640000,150000
R04-00185,27210000,60000
R04-00186,37490000,150000
R04-00187,17410000,40000
R04-00188,42580000,150000
R04-00189,25610000,60000
R04-00190,117040000,300000
R04-00191,64040000,150000
R04-00192,64740000,150000
R04-00193,25710000,60000
R04-00194,23320000,60000
R04-00195,61760000,150000
R04-00196,32700000,60000
R04-00197,32930000,60000
R04-00198,150670000,600000
R04-00199,1170000,0
R04-00200,114190000,300000
R04-00201,23750000,60000
R04-00202,14760000,40000
R04-00203,2060000,0
R04-00204,26790000,60000
R04-00205,64690000,150000
R04-00206,14220000,40000
R04-00207,24320000,60000
R04-00208,44440000,150000
R04-00209,25210000,60000
R04-00210,33140000,60000
R04-00211,14850000,40000
R04-00212,37720000,150000
R04-00213,54400000,150000
R04-00214,25240000,60000
R04-00215,45800000,150000
R04-00216,55580000,150000
R04-00217,40040000,150000
R04-00218,10970000,40000
R04-00219,34160000,150000
R04-00220,65420000,150000
R04-00221,81380000,300000
R04-00222,20770000,60000
R04-00223,63850000,150000
R04-00224,36440000,150000
R04-00225,6980000,20000
R04-00226,33490000,150000
R04-00227,114410000,300000
R04-00228,32890000,60000
R04-00229,53520000,150000
R04-00230,3780000,0
R04-00231,93560000,300000
R04-00232,92170000,300000
R04-00233,43140000,150000
R04-00234,22330000,60000
R04-00235,58370000,150000
R04-00236,13070000,40000
R04-00237,35900000,150000
R04-00238,3320000,0
R04-00239,6670000,20000
R04-00240,62860000,150000
R04-00241,74250000,300000
R04-00242,13690000,40000
R04-00243,64380000,150000
R04-00244,121440000,300000
R04-00245,113260000,300000
R04-00246,23590000,60000
R04-00247,16050000,40000
R04-00248,61070000,150000
R04-00249,31020000,60000
R04-00250,52120000,150000
R04-00251,20990000,60000
R04-00252,71830000,300000
R04-00253,2750000,0
R04-00254,42300000,150000
R04-00255,17250000,40000
R04-00256,83470000,300000
R04-00257,25990000,60000
R04-00258,32870000,60000
R04-00259,42640000,150000
R04-00260,105360000,300000
R04-00261,105490000,300000
R04-00262,65130000,150000
R04-00263,22100000,60000
R04-00264,12900000,40000
R04-00265,31710000,60000
R04-00266,22410000,60000
R04-00267,73160000,300000
R04-00268,93530000,300000
R04-00269,97870000,300000
R04-00270,63200000,150000
R04-00271,1870000,0
R04-00272,51470000,150000
R04-00273,11940000,40000
R04-00274,31470000,60000
R04-00275,33680000,150000
R04-00276,4660000,0
R04-00277,27300000,60000
R04-00278,28970000,60000
R04-00279,106360000,300000
R04-00280,58040000,150000
R04-00281,75680000,300000
R04-00282,12920000,40000
R04-00283,43930000,150000
R04-00284,35010000,150000
R04-00285,51340000,150000
R04-00286,43630000,150000
R04-00287,79050000,300000
R04-00288,19340000,40000
R04-00289,45770000,150000
R04-00290,34510000,150000
R04-00291,55730000,150000
R04-00292,75990000,300000
R04-00293,32550000,60000
R04-00294,24620000,60000
R04-00295,11630000,40000
R04-00296,15950000,40000
R04-00297,2200000,0
R04-00298,77290000,300000
R04-00299,62300000,150000
R04-00300,4500000,0
R04-00301,122250000,300000
R04-00302,56370000,150000
R04-00303,46640000,150000
R04-00304,113450000,300000
R04-00305,22970000,60000
R04-00306,34180000,150000
R04-00307,32430000,60000
R04-00308,40660000,150000
R04-00309,30270000,60000
R04-00310,36020000,150000
R04-00311,85170000,300000
R04-00312,20850000,60000
R04-00313,95590000,300000
R04-00314,7320000,20000
R04-00315,25730000,60000
R04-00316,11680000,40000
R04-00317,62100000,150000
R04-00318,22080000,60000
R04-00319,6610000,20000
R04-00320,25560000,60000
R04-00321,56890000,150000
R04-00322,64410000,150000
R04-00323,63050000,150000
R04-00324,31410000,60000
R04-00325,61210000,150000
R04-00326,116520000,300000
R04-00327,63890000,150000
R04-00328,80930000,300000
R04-00329,83940000,300000
R04-00330,64790000,150000
R04-00331,42520000,150000
R04-00332,66500000,150000
R04-00333,55020000,150000
R04-00334,41830000,150000
R04-00335,43860000,150000
R04-00336,94120000,300000
R04-00337,33710000,150000
R04-00338,32180000,60000
R04-00339,54980000,150000
R04-00340,81930000,300000
R04-00341,26150000,60000
R04-00342,22170000,60000
R04-00343,31830000,60000
R04-00344,23040000,60000
R04-00345,4040000,0
R04-00346,52080000,150000
R04-00347,42710000,150000
R04-00348,103640000,300000
R04-00349,3340000,0
R04-00350,36350000,150000
R04-00351,104050000,300000
R04-00352,56730000,150000
R04-00353,7630000,20000
R04-00354,63230000,150000
R04-00355,10930000,40000
R04-00356,12100000,40000
R04-00357,58260000,150000
R04-00358,17330000,40000
R04-00359,10520000,40000
R04-00360,63990000,150000
R04-00361,63600000,150000
R04-00362,32330000,60000
R04-00363,37420000,150000
R04-00364,74050000,300000
R04-00365,42080000,150000
R04-00366,13410000,40000
R04-00367,4150000,0
R04-00368,73950000,300000
R04-00369,40650000,150000
R04-00370,58340000,150000
R04-00371,14640000,40000
R04-00372,6110000,20000
R04-00373,38360000,150000
R04-00374,94370000,300000
R04-00375,20870000,60000
R04-00376,12770000,40000
R04-00377,12110000,40000
R04-00378,62600000,150000
R04-00379,73450000,300000
R04-00380,56080000,150000
R04-00381,121610000,300000
R04-00382,61990000,150000
R04-00383,130160000,300000
R04-00384,22770000,60000
R04-00385,17150000,40000
R04-00386,92120000,300000
R04-00387,36530000,150000
R04-00388,33410000,150000
R04-00389,23530000,60000
R04-00390,87700000,300000
R04-00391,85250000,300000
R04-00392,1050000,0
R04-00393,35920000,150000
R04-00394,97660000,300000
R04-00395,71750000,300000
R04-00396,54100000,150000
R04-00397,60860000,150000
R04-00398,14920000,40000
R04-00399,4610000,0
R04-00400,63970000,150000
R04-00401,60460000,150000
R04-00402,3980000,0
R04-00403,13060000,40000
R04-00404,64700000,150000
R04-00405,76480000,300000
R04-00406,10570000,40000
R04-00407,92410000,300000
R04-00408,55190000,150000
R04-00409,61870000,150000
R04-00410,72980000,300000
R04-00411,6390000,20000
R04-00412,43140000,150000
R04-00413,64810000,150000
R04-00414,23620000,60000
R04-00415,34550000,150000
R04-00416,92530000,300000
R04-00417,40910000,150000
R04-00418,95350000,300000
R04-00419,23760000,60000
R04-00420,104320000,300000
R04-00421,78210000,300000
R04-00422,11630000,40000
R04-00423,61720000,150000
R04-00424,112790000,300000
R04-00425,21820000,60000
R04-00426,2710000,0
R04-00427,45420000,150000
R04-00428,34700000,150000
R04-00429,11690000,40000
R04-00430,41740000,150000
R04-00431,22240000,60000
R04-00432,103200000,300000
R04-00433,1220000,0
R04-00434,51750000,150000
R04-00435,34390000,150000
R04-00436,59460000,150000
R04-00437,42680000,150000
R04-00438,63980000,150000
R04-00439,3670000,0
R04-00440,830000,0
R04-00441,61960000,150000
R04-00442,47310000,150000
R04-00443,43340000,150000
R04-00444,440000,0
R04-00445,8210000,20000
R04-00446,27390000,60000
R04-00447,22380000,60000
R04-00448,52770000,150000
R04-00449,68450000,300000
R04-00450,4480000,0
R04-00451,82520000,300000
R04-00452,37950000,150000
R04-00453,52540000,150000
R04-00454,102150000,300000
R04-00455,45830000,150000
R04-00456,65960000,150000
R04-00457,26670000,60000
R04-00458,94540000,300000
R04-00459,97220000,300000
R04-00460,52060000,150000
R04-00461,8110000,20000
R04-00462,38490000,150000
R04-00463,23090000,60000
R04-00464,13310000,40000
R04-00465,32640000,60000
R04-00466,12050000,40000
R04-00467,81010000,300000
R04-00468,33310000,60000
R04-00469,18010000,40000
R04-00470,52440000,150000
R04-00471,14090000,40000
R04-00472,4260000,0
R04-00473,41430000,150000
R04-00474,41720000,150000
R04-00475,74660000,300000
R04-00476,5660000,20000
R04-00477,36230000,150000
R04-00478,102710000,300000
R04-00479,48410000,150000
R04-00480,22520000,60000
R04-00481,10210000,40000
R04-00482,14170000,40000
R04-00483,73630000,300000
R04-00484,5720000,20000
R04-00485,32940000,60000
R04-00486,22570000,60000
R04-00487,55400000,150000
R04-00488,22970000,60000
R04-00489,83650000,300000
R04-00490,68880000,300000
R04-00491,62890000,150000
R04-00492,27300000,60000
R04-00493,2860000,0
R04-00494,1350000,0
R04-00495,6660000,20000
R04-00496,63060000,150000
R04-00497,22620000,60000
R04-00498,12460000,40000
R04-00499,63710000,150000
R04-00500,75930000,300000
R04-00501,70680000,300000
R04-00502,13040000,40000
R04-00503,47220000,150000
R04-00504,24930000,60000
R04-00505,3510000,0
R04-00506,62040000,150000
R04-00507,12890000,40000
R04-00508,27800000,60000
R04-00509,41780000,150000
R04-00510,98860000,300000
R04-00511,2410000,0
R04-00512,17030000,40000
R04-00513,50740000,150000
R04-00514,41190000,150000
R04-00515,5940000,20000
R04-00516,24090000,60000
R04-00517,15740000,40000
R04-00518,25930000,60000
R04-00519,27750000,60000
R04-00520,43150000,150000
R04-00521,25930000,60000
R04-00522,143220000,600000
R04-00523,26500000,60000
R04-00524,34230000,150000
R04-00525,14410000,40000
R04-00526,28060000,60000
R04-00527,23400000,60000
R04-00528,36720000,150000
R04-00529,81390000,300000
R04-00530,3630000,0
R04-00531,53400000,150000
R04-00532,37270000,150000
R04-00533,35350000,150000
R04-00534,31950000,60000
R04-00535,132490000,300000
R04-00536,20890000,60000
R04-00537,122120000,300000
R04-00538,68370000,300000
R04-00539,90620000,300000
R04-00540,62420000,150000
R04-00541,16500000,40000
R04-00542,21520000,60000
R04-00543,23910000,60000
R04-00544,14210000,40000
R04-00545,77030000,300000
R04-00546,41300000,150000
R04-00547,11650000,40000
R04-00548,66480000,150000
R04-00549,62630000,150000
R04-00550,54810000,150000
R04-00551,3100000,0
R04-00552,92110000,300000
R04-00553,5240000,20000
R04-00554,115090000,300000
R04-00555,36320000,150000
R04-00556,22630000,60000
R04-00557,35060000,150000
R04-00558,72190000,300000
R04-00559,46910000,150000
R04-00560,6900000,20000
R04-00561,48160000,150000
R04-00562,96410000,300000
R04-00563,35090000,150000
R04-00564,30810000,60000
R04-00565,64430000,150000
R04-00566,75770000,300000
R04-00567,68500000,300000
R04-00568,36180000,150000
R04-00569,66450000,150000
R04-00570,58630000,150000
R04-00571,2140000,0
R04-00572,21890000,60000
R04-00573,52830000,150000
R04-00574,2260000,0
R04-00575,75970000,300000
R04-00576,2970000,0
R04-00577,72460000,300000
R04-00578,13330000,40000
R04-00579,91880000,300000
R04-00580,54080000,150000
R04-00581,67720000,300000
R04-00582,40930000,150000
R04-00583,67640000,300000
R04-00584,23030000,60000
R04-00585,125020000,300000
R04-00586,46690000,150000
R04-00587,30860000,60000
R04-00588,60960000,150000
R04-00589,85320000,300000
R04-00590,2750000,0
R04-00591,41240000,150000
R04-00592,21670000,60000
R04-00593,64800000,150000
R04-00594,2950000,0
R04-00595,36990000,150000
R04-00596,72200000,300000
R04-00597,24320000,60000
R04-00598,7180000,20000
R04-00599,46950000,150000
R04-00600,41640000,150000
R04-00601,146660000,600000
R04-00602,37890000,150000
R04-00603,11840000,40000
R04-00604,31830000,60000
R04-00605,32840000,60000
R04-00606,72590000,300000
R04-00607,151760000,600000
R04-00608,4710000,0
R04-00609,3550000,0
R04-00610,3400000,0
R04-00611,32360000,60000
R04-00612,37750000,150000
R04-00613,40780000,150000
R04-00614,77700000,300000
R04-00615,60400000,150000
R04-00616,116450000,300000
R04-00617,74510000,300000
R04-00618,23220000,60000
R04-00619,54940000,150000
R04-00620,132770000,300000
R04-00621,53030000,150000
R04-00622,37150000,150000
R04-00623,72550000,300000
R04-00624,13140000,40000
R04-00625,20570000,60000
R04-00626,83910000,300000
R04-00627,75210000,300000
R04-00628,54090000,150000
R04-00629,72840000,300000
R04-00630,6910000,20000
R04-00631,57660000,150000
R04-00632,77550000,300000
R04-00633,43290000,150000
R04-00634,72820000,300000
R04-00635,1780000,0
R04-00636,72200000,300000
R04-00637,82060000,300000
R04-00638,63170000,150000
R04-00639,29510000,60000
R04-00640,31160000,60000
R04-00641,22320000,60000
R04-00642,3350000,0
R04-00643,23510000,60000
R04-00644,74820000,300000
R04-00645,28960000,60000
R04-00646,4450000,0
R04-00647,103830000,300000
R04-00648,137300000,600000
R04-00649,24480000,60000
R04-00650,61320000,150000
R04-00651,14880000,40000
R04-00652,36740000,150000
R04-00653,36280000,150000
R04-00654,65400000,150000
R04-00655,45460000,150000
R04-00656,22910000,60000
R04-00657,136990000,600000
R04-00658,46770000,150000
R04-00659,92930000,300000
R04-00660,71040000,300000
R04-00661,5200000,20000
R04-00662,2050000,0
R04-00663,25830000,60000
R04-00664,6860000,20000
R04-00665,34350000,150000
R04-00666,63040000,150000
R04-00667,53530000,150000
R04-00668,65930000,150000
R04-00669,7020000,20000
R04-00670,42820000,150000
R04-00671,42460000,150000
R04-00672,1890000,0
R04-00673,72440000,300000
R04-00674,63480000,150000
R04-00675,21340000,60000
R04-00676,2590000,0
R04-00677,42020000,150000
R04-00678,65680000,150000
R04-00679,15460000,40000
R04-00680,15960000,40000
R04-00681,140830000,600000
R04-00682,82330000,300000
R04-00683,25340000,60000
R04-00684,55270000,150000
R04-00685,5510000,20000
R04-00686,77630000,300000
R04-00687,153240000,600000
R04-00688,28270000,60000
R04-00689,15120000,40000
R04-00690,31080000,60000
R04-00691,55160000,150000
R04-00692,100890000,300000
R04-00693,22670000,60000
R04-00694,101540000,300000
R04-00695,17430000,40000
R04-00696,2760000,0
R04-00697,54930000,150000
R04-00698,83520000,300000
R04-00699,55800000,150000
R04-00700,5840000,20000
R04-00701,25900000,60000
R04-00702,64820000,150000
R04-00703,810000,0
R04-00704,61950000,150000
R04-00705,65120000,150000
R04-00706,1070000,0
R04-00707,115680000,300000
R04-00708,27600000,60000
R04-00709,22870000,60000
R04-00710,71160000,300000
R04-00711,34450000,150000
R04-00712,32580000,60000
R04-00713,42980000,150000
R04-00714,6500000,20000
R04-00715,70950000,300000
R04-00716,114290000,300000
R04-00717,51050000,150000
R04-00718,11030000,40000
R04-00719,73330000,300000
R04-00720,20660000,60000
R04-00721,810000,0
R04-00722,74170000,300000
R04-00723,60510000,150000
R04-00724,80890000,300000
R04-00725,94690000,300000
R04-00726,42320000,150000
R04-00727,11340000,40000
R04-00728,6260000,20000
R04-00729,27370000,60000
R04-00730,38820000,150000
R04-00731,82630000,300000
R04-00732,100960000,300000
R04-00733,13230000,40000
R04-00734,12320000,40000
R04-00735,127190000,300000
R04-00736,44640000,150000
R04-00737,72960000,300000
R04-00738,12180000,40000
R04-00739,83950000,300000
R04-00740,85840000,300000
R04-00741,60420000,150000
R04-00742,173800000,600000
R04-00743,44320000,150000
R04-00744,6570000,20000
R04-00745,31910000,60000
R04-00746,2790000,0
R04-00747,117520000,300000
R04-00748,44160000,150000
R04-00749,49560000,150000
R04-00750,62850000,150000
R04-00751,21450000,60000
R04-00752,35840000,150000
R04-00753,32640000,60000
R04-00754,114770000,300000
R04-00755,21740000,60000
R04-00756,3480000,0
R04-00757,13450000,40000
R04-00758,52630000,150000
R04-00759,37800000,150000
R04-00760,6950000,20000
R04-00761,24080000,60000
R04-00762,33110000,60000
R04-00763,79380000,300000
R04-00764,72510000,300000
R04-00765,32460000,60000
R04-00766,95410000,300000
R04-00767,33300000,60000
R04-00768,112380000,300000
R04-00769,84410000,300000
R04-00770,71620000,300000
R04-00771,15030000,40000
R04-00772,17650000,40000
R04-00773,10630000,40000
R04-00774,41900000,150000
R04-00775,112500000,300000
R04-00776,62060000,150000
R04-00777,40030000,150000
R04-00778,66330000,150000
R04-00779,62040000,150000
R04-00780,42730000,150000
R04-00781,1950000,0
R04-00782,21850000,60000
R04-00783,106110000,300000
R04-00784,14690000,40000
R04-00785,3500000,0
R04-00786,28020000,60000
R04-00787,54450000,150000
R04-00788,44770000,150000
R04-00789,11760000,40000
R04-00790,890000,0
R04-00791,13610000,40000
R04-00792,55370000,150000
R04-00793,12980000,40000
R04-00794,85310000,300000
R04-00795,101390000,300000
R04-00796,47580000,150000
R04-00797,2830000,0
R04-00798,17600000,40000
R04-00799,2440000,0
R04-00800,42240000,150000
R04-00801,94750000,300000
R04-00802,63950000,150000
R04-00803,86540000,300000
R04-00804,62830000,150000
R04-00805,92200000,300000
R04-00806,35000000,150000
R04-00807,37250000,150000
R04-00808,31170000,60000
R04-00809,64350000,150000
R04-00810,223070000,1000000
R04-00811,7630000,20000
R04-00812,52530000,150000
R04-00813,4460000,0
R04-00814,17400000,40000
R04-00815,130630000,300000
R04-00816,102750000,300000
R04-00817,13750000,40000
R04-00818,13570000,40000
R04-00819,13080000,40000
R04-00820,11830000,40000
R04-00821,83010000,300000
R04-00822,52830000,150000
R04-00823,95990000,300000
R04-00824,2440000,0
R04-00825,3810000,0
R04-00826,5790000,20000
R04-00827,141930000,600000
R04-00828,34490000,150000
R04-00829,23320000,60000
R04-00830,126900000,300000
R04-00831,61370000,150000
R04-00832,44520000,150000
R04-00833,33180000,60000
R04-00834,54260000,150000
R04-00835,42370000,150000
R04-00836,55930000,150000
R04-00837,92140000,300000
R04-00838,4140000,0
R04-00839,62270000,150000
R04-00840,103150000,300000
R04-00841,33130000,60000
R04-00842,43180000,150000
R04-00843,26390000,60000
R04-00844,94150000,300000
R04-00845,74750000,300000
R04-00846,20980000,60000
R04-00847,37700000,150000
R04-00848,96230000,300000
R04-00849,4400000,0
R04-00850,10710000,40000
R04-00851,52740000,150000
R04-00852,92780000,300000
R04-00853,2110000,0
R04-00854,45720000,150000
R04-00855,67440000,300000
R04-00856,43790000,150000
R04-00857,120820000,300000
R04-00858,62380000,150000
R04-00859,32090000,60000
R04-00860,66680000,300000
R04-00861,6680000,20000
R04-00862,16810000,40000
R04-00863,43100000,150000
R04-00864,75200000,300000
R04-00865,152890000,600000
R04-00866,34390000,150000
R04-00867,11240000,40000
R04-00868,37220000,150000
R04-00869,15090000,40000
R04-00870,12850000,40000
R04-00871,218380000,1000000
R04-00872,83520000,300000
R04-00873,39200000,150000
R04-00874,93580000,300000
R04-00875,96470000,300000
R04-00876,91640000,300000
R04-00877,3600000,0
R04-00878,39100000,150000
R04-00879,43150000,150000
R04-00880,107560000,300000
R04-00881,62560000,150000
R04-00882,41370000,150000
R04-00883,57710000,150000
R04-00884,25800000,60000
R04-00885,114480000,300000
R04-00886,91510000,300000
R04-00887,74850000,300000
R04-00888,32360000,60000
R04-00889,33740000,150000
R04-00890,88140000,300000
R04-00891,37100000,150000
R04-00892,12520000,40000
R04-00893,73990000,300000
R04-00894,106010000,300000
R04-00895,52490000,150000
R04-00896,26480000,60000
R04-00897,113580000,300000
R04-00898,42340000,150000
R04-00899,54760000,150000
R04-00900,77050000,300000
R04-00901,33050000,60000
R04-00902,135230000,600000
R04-00903,26220000,60000
R04-00904,62550000,150000
R04-00905,2570000,0
R04-00906,25600000,60000
R04-00907,74850000,300000
R04-00908,48070000,150000
R04-00909,36520000,150000
R04-00910,64330000,150000
R04-00911,2510000,0
R04-00912,35350000,150000
R04-00913,53350000,150000
R04-00914,92660000,300000
R04-00915,16630000,40000
R04-00916,94680000,300000
R04-00917,34470000,150000
R04-00918,88720000,300000
R04-00919,11070000,40000
R04-00920,27050000,60000
R04-00921,3080000,0
R04-00922,6160000,20000
R04-00923,60740000,150000
R04-00924,91390000,300000
R04-00925,78330000,300000
R04-00926,57560000,150000
R04-00927,42090000,150000
R04-00928,53210000,150000
R04-00929,43780000,150000
R04-00930,91820000,300000
R04-00931,54590000,150000
R04-00932,46360000,150000
R04-00933,16900000,40000
R04-00934,43560000,150000
R04-00935,74060000,300000
R04-00936,127420000,300000
R04-00937,35740000,150000
R04-00938,42100000,150000
R04-00939,3500000,0
R04-00940,4830000,0
R04-00941,10900000,40000
R04-00942,103690000,300000
R04-00943,16530000,40000
R04-00944,97450000,300000
R04-00945,5310000,20000
R04-00946,2840000,0
R04-00947,62500000,150000
R04-00948,9020000,20000
R04-00949,63580000,150000
R04-00950,35700000,150000
R04-00951,62200000,150000
R04-00952,73900000,300000
R04-00953,42870000,150000
R04-00954,44220000,150000
R04-00955,10650000,40000
R04-00956,34000000,150000
R04-00957,41090000,150000
R04-00958,45620000,150000
R04-00959,2480000,0
R04-00960,22080000,60000
R04-00961,23620000,60000
R04-00962,2240000,0
R04-00963,116090000,300000
R04-00964,44360000,150000
R04-00965,41500000,150000
R04-00966,84500000,300000
R04-00967,14750000,40000
R04-00968,54000000,150000
R04-00969,36500000,150000
R04-00970,2790000,0
R04-00971,94950000,300000
R04-00972,86040000,300000
R04-00973,37670000,150000
R04-00974,3370000,0
R04-00975,31350000,60000
R04-00976,5990000,20000
R04-00977,8780000,20000
R04-00978,28280000,60000
R04-00979,32750000,60000
R04-00980,53090000,150000
R04-00981,94790000,300000
R04-00982,53180000,150000
R04-00983,33920000,150000
R04-00984,12620000,40000
R04-00985,54190000,150000
R04-00986,3430000,0
R04-00987,73560000,300000
R04-00988,94930000,300000
R04-00989,142810000,600000
R04-00990,4600000,0
R04-00991,132720000,300000
R04-00992,750000,0
R04-00993,42530000,150000
R04-00994,24070000,60000
R04-00995,41660000,150000
R04-00996,70500000,300000
R04-00997,2210000,0
R04-00998,54430000,150000
R04-00999,42560000,150000
R04-01000,21110000,60000
R04-01001,106140000,300000
R04-01002,83760000,300000
R04-01003,33620000,150000
R04-01004,27860000,60000
R04-01005,44460000,150000
R04-01006,40630000,150000
R04-01007,3790000,0
R04-01008,46260000,150000
R04-01009,84450000,300000
R04-01010,33130000,60000
R04-01011,114510000,300000
R04-01012,56250000,150000
R04-01013,23950000,60000
R04-01014,99390000,300000
R04-01015,13370000,40000
R04-01016,84150000,300000
R04-01017,62630000,150000
R04-01018,63930000,150000
R04-01019,35550000,150000
R04-01020,87710000,300000
R04-01021,10580000,40000
R04-01022,15330000,40000
R04-01023,60600000,150000
R04-01024,65570000,150000
R04-01025,34450000,150000
R04-01026,32390000,60000
R04-01027,9720000,20000
R04-01028,104250000,300000
R04-01029,23260000,60000
R04-01030,32570000,60000
R04-01031,61470000,150000
R04-01032,5020000,20000
R04-01033,1890000,0
R04-01034,125460000,300000
R04-01035,74540000,300000
R04-01036,4840000,0
R04-01037,24490000,60000
R04-01038,12350000,40000
R04-01039,43050000,150000
R04-01040,31550000,60000
R04-01041,12820000,40000
R04-01042,14980000,40000
R04-01043,81350000,300000
R04-01044,6340000,20000
R04-01045,67310000,300000
R04-01046,71640000,300000
R04-01047,55950000,150000
R04-01048,69540000,300000
R04-01049,44200000,150000
R04-01050,8090000,20000
R04-01051,43520000,150000
R04-01052,93860000,300000
R04-01053,65360000,150000
R04-01054,3310000,0
R04-01055,8380000,20000
R04-01056,32730000,60000
R04-01057,42180000,150000
R04-01058,34340000,150000
R04-01059,30400000,60000
R04-01060,52100000,150000
R04-01061,55030000,150000
R04-01062,12850000,40000
R04-01063,23090000,60000
R04-01064,37110000,150000
R04-01065,24620000,60000
R04-01066,51380000,150000
R04-01067,61170000,150000
R04-01068,25560000,60000
R04-01069,116980000,300000
R04-01070,5010000,20000
R04-01071,92850000,300000
R04-01072,105820000,300000
R04-01073,43860000,150000
R04-01074,101050000,300000
R04-01075,30920000,60000
R04-01076,7900000,20000
R04-01077,25010000,60000
R04-01078,13960000,40000
R04-01079,158030000,600000
R04-01080,21760000,60000
R04-01081,75020000,300000
R04-01082,180000,0
R04-01083,42150000,150000
R04-01084,61090000,150000
R04-01085,116220000,300000
R04-01086,43650000,150000
R04-01087,62730000,150000
R04-01088,145800000,600000
R04-01089,73160000,300000
R04-01090,21810000,60000
R04-01091,22840000,60000
R04-01092,22540000,60000
R04-01093,6100000,20000
R04-01094,15170000,40000
R04-01095,9250000,20000
R04-01096,65620000,150000
R04-01097,93430000,300000
R04-01098,42670000,150000
R04-01099,92090000,300000
R04-01100,72110000,300000
R04-01101,36760000,150000
R04-01102,71940000,300000
R04-01103,54360000,150000
R04-01104,44980000,150000
R04-01105,71860000,300000
R04-01106,23300000,60000
R04-01107,24540000,60000
R04-01108,30540000,60000
R04-01109,36040000,150000
R04-01110,11330000,40000
R04-01111,43010000,150000
R04-01112,4330000,0
R04-01113,101010000,300000
R04-01114,12520000,40000
R04-01115,22810000,60000
R04-01116,15440000,40000
R04-01117,32020000,60000
R04-01118,42690000,150000
R04-01119,4370000,0
R04-01120,110600000,300000
R04-01121,25420000,60000
R04-01122,64660000,150000
R04-01123,42890000,150000
R04-01124,42370000,150000
R04-01125,72360000,300000
R04-01126,43540000,150000
R04-01127,62820000,150000
R04-01128,124860000,300000
R04-01129,66690000,300000
R04-01130,750000,0
R04-01131,42550000,150000
R04-01132,11490000,40000
R04-01133,55670000,150000
R04-01134,126870000,300000
R04-01135,1960000,0
R04-01136,83290000,300000
R04-01137,35940000,150000
R04-01138,73520000,300000
R04-01139,44180000,150000
R04-01140,38020000,150000
R04-01141,35360000,150000
R04-01142,67980000,300000
R04-01143,5090000,20000
R04-01144,33780000,150000
R04-01145,32700000,60000
R04-01146,110560000,300000
R04-01147,2830000,0
R04-01148,15000000,40000
R04-01149,135610000,600000
R04-01150,93760000,300000
R04-01151,43270000,150000
R04-01152,31660000,60000
R04-01153,5800000,20000
R04-01154,45030000,150000
R04-01155,190000,0
R04-01156,4010000,0
R04-01157,5930000,20000
R04-01158,43450000,150000
R04-01159,23830000,60000
R04-01160,83470000,300000
R04-01161,58990000,150000
R04-01162,77400000,300000
R04-01163,32490000,60000
R04-01164,52000000,150000
R04-01165,31950000,60000
R04-01166,85770000,300000
R04-01167,57990000,150000
R04-01168,15100000,40000
R04-01169,33880000,150000
R04-01170,63440000,150000
R04-01171,56530000,150000
R04-01172,71000000,300000
R04-01173,61370000,150000
R04-01174,63060000,150000
R04-01175,13540000,40000
R04-01176,90340000,300000
R04-01177,33480000,150000
R04-01178,62530000,150000
R04-01179,31910000,60000
R04-01180,6160000,20000
R04-01181,780000,0
R04-01182,63600000,150000
R04-01183,55400000,150000
R04-01184,44630000,150000
R04-01185,42070000,150000
R04-01186,25150000,60000
R04-01187,87090000,300000
R04-01188,211370000,1000000
R04-01189,31600000,60000
R04-01190,54470000,150000
R04-01191,46740000,150000
R04-01192,33630000,150000
R04-01193,58480000,150000
R04-01194,77440000,300000
R04-01195,25790000,60000
R04-01196,44860000,150000
R04-01197,73780000,300000
R04-01198,25400000,60000
R04-01199,74660000,300000
R04-01200,22140000,60000
R04-01201,430000,0
R04-01202,57030000,150000
R04-01203,24600000,60000
R04-01204,14550000,40000
R04-01205,7770000,20000
R04-01206,19170000,40000
R04-01207,125670000,300000
R04-01208,67710000,300000
R04-01209,2580000,0
R04-01210,21080000,60000
R04-01211,1460000,0
R04-01212,22310000,60000
R04-01213,94060000,300000
R04-01214,102800000,300000
R04-01215,10510000,40000
R04-01216,52690000,150000
R04-01217,32700000,60000
R04-01218,2470000,0
R04-01219,11550000,40000
R04-01220,3670000,0
R04-01221,1730000,0
R04-01222,81800000,300000
R04-01223,31560000,60000
R04-01224,78350000,300000
R04-01225,25090000,60000
R04-01226,94520000,300000
R04-01227,22870000,60000
R04-01228,770000,0
R04-01229,2600000,0
R04-01230,44370000,150000
R04-01231,12030000,40000
R04-01232,83640000,300000
R04-01233,8430000,20000
R04-01234,32920000,60000
R04-01235,41290000,150000
R04-01236,53130000,150000
R04-01237,3980000,0
R04-01238,51550000,150000
R04-01239,52680000,150000
R04-01240,1270000,0
R04-01241,74510000,300000
R04-01242,20870000,60000
R04-01243,73540000,300000
R04-01244,5300000,20000
R04-01245,63740000,150000
R04-01246,87530000,300000
R04-01247,41970000,150000
R04-01248,12340000,40000
R04-01249,4760000,0
R04-01250,11720000,40000
R04-01251,73930000,300000
R04-01252,65060000,150000
R04-01253,103120000,300000
R04-01254,20970000,60000
R04-01255,31670000,60000
R04-01256,4930000,0
R04-01257,40910000,150000
R04-01258,72640000,300000
R04-01259,26940000,60000
R04-01260,2990000,0
R04-01261,3340000,0
R04-01262,7620000,20000
R04-01263,21830000,60000
R04-01264,1780000,0
R04-01265,35420000,150000
R04-01266,2860000,0
R04-01267,17540000,40000
R04-01268,26310000,60000
R04-01269,55570000,150000
R04-01270,12980000,40000
R04-01271,81780000,300000
R04-01272,36830000,150000
R04-01273,7560000,20000
R04-01274,118520000,300000
R04-01275,45510000,150000
R04-01276,56310000,150000
R04-01277,22660000,60000
R04-01278,950000,0
R04-01279,27690000,60000
R04-01280,22910000,60000
R04-01281,91900000,300000
R04-01282,63400000,150000
R04-01283,54550000,150000
R04-01284,3070000,0
R04-01285,2380000,0
R04-01286,38100000,150000
R04-01287,73220000,300000
R04-01288,13060000,40000
R04-01289,35500000,150000
R04-01290,84290000,300000
R04-01291,21610000,60000
R04-01292,45690000,150000
R04-01293,1650000,0
R04-01294,21430000,60000
R04-01295,4100000,0
R04-01296,22750000,60000
R04-01297,103980000,300000
R04-01298,136810000,600000
R04-01299,94580000,300000
R04-01300,26800000,60000
R04-01301,1330000,0
R04-01302,2010000,0
R04-01303,127840000,300000
R04-01304,36440000,150000
R04-01305,24550000,60000
R04-01306,21070000,60000
R04-01307,1670000,0
R04-01308,72050000,300000
R04-01309,60780000,150000
R04-01310,52300000,150000
R04-01311,61750000,150000
R04-01312,51700000,150000
R04-01313,5110000,20000
R04-01314,25960000,60000
R04-01315,4240000,0
R04-01316,83940000,300000
R04-01317,14880000,40000
R04-01318,58430000,150000
R04-01319,34240000,150000
R04-01320,101490000,300000
R04-01321,76400000,300000
R04-01322,34450000,150000
R04-01323,6300000,20000
R04-01324,16640000,40000
R04-01325,7240000,20000
R04-01326,1050000,0
R04-01327,24060000,60000
R04-01328,900000,0
R04-01329,41340000,150000
R04-01330,14280000,40000
R04-01331,92840000,300000
R04-01332,62990000,150000
R04-01333,72030000,300000
R04-01334,36960000,150000
R04-01335,1820000,0
R04-01336,76360000,300000
R04-01337,61440000,150000
R04-01338,95050000,300000
R04-01339,22400000,60000
R04-01340,35970000,150000
R04-01341,86860000,300000
R04-01342,52140000,150000
R04-01343,1030000,0
R04-01344,6560000,20000
R04-01345,4580000,0
R04-01346,91120000,300000
R04-01347,22520000,60000
R04-01348,43930000,150000
R04-01349,11770000,40000
R04-01350,53960000,150000
R04-01351,6190000,20000
R04-01352,14440000,40000
R04-01353,10450000,40000
R04-01354,2720000,0
R04-01355,21180000,60000
R04-01356,71890000,300000
R04-01357,32940000,60000
R04-01358,113310000,300000
R04-01359,81950000,300000
R04-01360,81940000,300000
R04-01361,66130000,150000
R04-01362,32850000,60000
R04-01363,75560000,300000
R04-01364,106570000,300000
R04-01365,69110000,300000
R04-01366,74420000,300000
R04-01367,32670000,60000
R04-01368,92180000,300000
R04-01369,190000,0
R04-01370,18080000,40000
R04-01371,54730000,150000
R04-01372,22260000,60000
R04-01373,22910000,60000
R04-01374,54670000,150000
R04-01375,57800000,150000
R04-01376,7440000,20000
R04-01377,82350000,300000
R04-01378,82470000,300000
R04-01379,22640000,60000
R04-01380,5520000,20000
R04-01381,11670000,40000
R04-01382,3370000,0
R04-01383,64280000,150000
R04-01384,32370000,60000
R04-01385,40550000,150000
R04-01386,50210000,150000
R04-01387,42570000,150000
R04-01388,65120000,150000
R04-01389,55410000,150000
R04-01390,35140000,150000
R04-01391,104440000,300000
R04-01392,46530000,150000
R04-01393,40820000,150000
R04-01394,55410000,150000
R04-01395,22230000,60000
R04-01396,33300000,60000
R04-01397,111580000,300000
R04-01398,23880000,60000
R04-01399,83500000,300000
R04-01400,28780000,60000
R04-01401,46780000,150000
R04-01402,52350000,150000
R04-01403,34490000,150000
R04-01404,41880000,150000
R04-01405,26860000,60000
R04-01406,61790000,150000
R04-01407,71730000,300000
R04-01408,24950000,60000
R04-01409,4380000,0
R04-01410,34610000,150000
R04-01411,54030000,150000
R04-01412,11820000,40000
R04-01413,39090000,150000
R04-01414,34750000,150000
R04-01415,31630000,60000
R04-01416,153980000,600000
R04-01417,12800000,40000
R04-01418,78730000,300000
R04-01419,15420000,40000
R04-01420,75380000,300000
R04-01421,2510000,0
R04-01422,37600000,150000
R04-01423,14880000,40000
R04-01424,83900000,300000
R04-01425,71080000,300000
R04-01426,74640000,300000
R04-01427,64710000,150000
R04-01428,2110000,0
R04-01429,71770000,300000
R04-01430,44550000,150000
R04-01431,7480000,20000
R04-01432,26720000,60000
R04-01433,88240000,300000
R04-01434,22860000,60000
R04-01435,51840000,150000
R04-01436,52470000,150000
R04-01437,51380000,150000
R04-01438,115710000,300000
R04-01439,43660000,150000
R04-01440,76090000,300000
R04-01441,2120000,0
R04-01442,14030000,40000
R04-01443,12390000,40000
R04-01444,65370000,150000
R04-01445,8900000,20000
R04-01446,31580000,60000
R04-01447,33480000,150000
R04-01448,64440000,150000
R04-01449,75250000,300000
R04-01450,71030000,300000
R04-01451,22100000,60000
R04-01452,42200000,150000
R04-01453,61180000,150000
R04-01454,31400000,60000
R04-01455,14950000,40000
R04-01456,30380000,60000
R04-01457,16730000,40000
R04-01458,31930000,60000
R04-01459,42450000,150000
R04-01460,41170000,150000
R04-01461,21510000,60000
R04-01462,24150000,60000
R04-01463,91670000,300000
R04-01464,126550000,300000
R04-01465,6230000,20000
R04-01466,73430000,300000
R04-01467,23220000,60000
R04-01468,54920000,150000
R04-01469,14990000,40000
R04-01470,21420000,60000
R04-01471,63430000,150000
R04-01472,57840000,150000
R04-01473,66970000,300000
R04-01474,94340000,300000
R04-01475,15410000,40000
R04-01476,31870000,60000
R04-01477,22380000,60000
R04-01478,57070000,150000
R04-01479,55610000,150000
R04-01480,83400000,300000
R04-01481,71680000,300000
R04-01482,3550000,0
R04-01483,20390000,60000
R04-01484,113100000,300000
R04-01485,12050000,40000
R04-01486,15660000,40000
R04-01487,84990000,300000
R04-01488,75590000,300000
R04-01489,12710000,40000
R04-01490,5370000,20000
R04-01491,52810000,150000
R04-01492,42460000,150000
R04-01493,7440000,20000
R04-01494,35960000,150000
R04-01495,4540000,0
R04-01496,32360000,60000
R04-01497,33040000,60000
R04-01498,82860000,300000
R04-01499,12720000,40000
R04-01500,22380000,60000
R04-01501,21460000,60000
R04-01502,12660000,40000
R04-01503,1030000,0
R04-01504,28880000,60000
R04-01505,5720000,20000
R04-01506,72760000,300000
R04-01507,6700000,20000
R04-01508,17110000,40000
R04-01509,75350000,300000
R04-01510,59360000,150000
R04-01511,23950000,60000
R04-01512,114080000,300000
R04-01513,71890000,300000
R04-01514,152040000,600000
R04-01515,44520000,150000
R04-01516,6170000,20000
R04-01517,16630000,40000
R04-01518,97530000,300000
R04-01519,21370000,60000
R04-01520,32560000,60000
R04-01521,37520000,150000
R04-01522,32060000,60000
R04-01523,116450000,300000
R04-01524,65130000,150000
R04-01525,1710000,0
R04-01526,52330000,150000
R04-01527,27420000,60000
R04-01528,61850000,150000
R04-01529,69520000,300000
R04-01530,54440000,150000
R04-01531,47890000,150000
R04-01532,4770000,0
R04-01533,91310000,300000
R04-01534,33950000,150000
R04-01535,77160000,300000
R04-01536,4050000,0
R04-01537,23600000,60000
R04-01538,2960000,0
R04-01539,60480000,150000
R04-01540,31470000,60000
R04-01541,21800000,60000
R04-01542,14430000,40000
R04-01543,72990000,300000
R04-01544,3880000,0
R04-01545,24830000,60000
R04-01546,91170000,300000
R04-01547,23310000,60000
R04-01548,30610000,60000
R04-01549,39590000,150000
R04-01550,99560000,300000
R04-01551,65550000,150000
R04-01552,84560000,300000
R04-01553,23020000,60000
R04-01554,133760000,600000
R04-01555,61500000,150000
R04-01556,54490000,150000
R04-01557,106800000,300000
R04-01558,14780000,40000
R04-01559,56340000,150000
R04-01560,7820000,20000
R04-01561,1100000,0
R04-01562,9830000,20000
R04-01563,13230000,40000
R04-01564,4260000,0
R04-01565,54230000,150000
R04-01566,61270000,150000
R04-01567,25010000,60000
R04-01568,68370000,300000
R04-01569,86510000,300000
R04-01570,72660000,300000
R04-01571,54090000,150000
R04-01572,116420000,300000
R04-01573,64680000,150000
R04-01574,32700000,60000
R04-01575,41470000,150000
R04-01576,145150000,600000
R04-01577,5070000,20000
R04-01578,72440000,300000
R04-01579,51370000,150000
R04-01580,39290000,150000
R04-01581,92180000,300000
R04-01582,12290000,40000
R04-01583,58010000,150000
R04-01584,114080000,300000
R04-01585,56590000,150000
R04-01586,57500000,150000
R04-01587,72270000,300000
R04-01588,54870000,150000
R04-01589,32870000,60000
R04-01590,92450000,300000
R04-01591,7290000,20000
R04-01592,53550000,150000
R04-01593,24330000,60000
R04-01594,95570000,300000
R04-01595,23790000,60000
R04-01596,66420000,150000
R04-01597,132140000,300000
R04-01598,65080000,150000
R04-01599,370000,0
R04-01600,45390000,150000
R04-01601,22380000,60000
R04-01602,15990000,40000
R04-01603,14940000,40000
R04-01604,11730000,40000
R04-01605,94670000,300000
R04-01606,29030000,60000
R04-01607,95030000,300000
R04-01608,121830000,300000
R04-01609,21810000,60000
R04-01610,74410000,300000
R04-01611,3910000,0
R04-01612,41440000,150000
R04-01613,37700000,150000
R04-01614,55970000,150000
R04-01615,30340000,60000
R04-01616,1880000,0
R04-01617,3040000,0
R04-01618,34580000,150000
R04-01619,21890000,60000
R04-01620,79180000,300000
R04-01621,76670000,300000
R04-01622,50310000,150000
R04-01623,31500000,60000
R04-01624,45840000,150000
R04-01625,5750000,20000
R04-01626,45620000,150000
R04-01627,31400000,60000
R04-01628,14560000,40000
R04-01629,15150000,40000
R04-01630,26170000,60000
R04-01631,33830000,150000
R04-01632,26300000,60000
R04-01633,93100000,300000
R04-01634,6520000,20000
R04-01635,70670000,300000
R04-01636,54240000,150000
R04-01637,42910000,150000
R04-01638,22550000,60000
R04-01639,114420000,300000
R04-01640,81170000,300000
R04-01641,46820000,150000
R04-01642,25440000,60000
R04-01643,30760000,60000
R04-01644,64380000,150000
R04-01645,56120000,150000
R04-01646,55190000,150000
R04-01647,45780000,150000
R04-01648,58220000,150000
R04-01649,22000000,60000
R04-01650,32030000,60000
R04-01651,63530000,150000
R04-01652,12110000,40000
R04-01653,25370000,60000
R04-01654,14020000,40000
R04-01655,67740000,300000
R04-01656,53860000,150000
R04-01657,15940000,40000
R04-01658,53430000,150000
R04-01659,66250000,150000
R04-01660,46130000,150000
R04-01661,32370000,60000
R04-01662,63200000,150000
R04-01663,62550000,150000
R04-01664,114170000,300000
R04-01665,45370000,150000
R04-01666,32480000,60000
R04-01667,8580000,20000
R04-01668,61890000,150000
R04-01669,32260000,60000
R04-01670,35820000,150000
R04-01671,73380000,300000
R04-01672,32620000,60000
R04-01673,102980000,300000
R04-01674,32920000,60000
R04-01675,159120000,600000
R04-01676,1430000,0
R04-01677,12370000,40000
R04-01678,74480000,300000
R04-01679,63580000,150000
R04-01680,22750000,60000
R04-01681,37410000,150000
R04-01682,34040000,150000
R04-01683,44570000,150000
R04-01684,68390000,300000
R04-01685,60670000,150000
R04-01686,26760000,60000
R04-01687,34810000,150000
R04-01688,16260000,40000
R04-01689,33300000,60000
R04-01690,71400000,300000
R04-01691,1490000,0
R04-01692,33580000,150000
R04-01693,52940000,150000
R04-01694,27370000,60000
R04-01695,34130000,150000
R04-01696,23320000,60000
R04-01697,105100000,300000
R04-01698,21960000,60000
R04-01699,44970000,150000
R04-01700,22410000,60000
R04-01701,36530000,150000
R04-01702,87000000,300000
R04-01703,24740000,60000
R04-01704,10640000,40000
R04-01705,68760000,300000
R04-01706,13900000,40000
R04-01707,41720000,150000
R04-01708,22860000,60000
R04-01709,25670000,60000
R04-01710,27020000,60000
R04-01711,95880000,300000
R04-01712,46200000,150000
R04-01713,44020000,150000
R04-01714,32750000,60000
R04-01715,72790000,300000
R04-01716,143690000,600000
R04-01717,61390000,150000
R04-01718,67080000,300000
R04-01719,37280000,150000
R04-01720,48860000,150000
R04-01721,37240000,150000
R04-01722,55930000,150000
R04-01723,106090000,300000
R04-01724,34470000,150000
R04-01725,65700000,150000
R04-01726,52230000,150000
R04-01727,35270000,150000
R04-01728,32610000,60000
R04-01729,74490000,300000
R04-01730,72510000,300000
R04-01731,94460000,300000
R04-01732,54220000,150000
R04-01733,120850000,300000
R04-01734,36720000,150000
R04-01735,23110000,60000
R04-01736,75190000,300000
R04-01737,31540000,60000
R04-01738,30330000,60000
R04-01739,28950000,60000
R04-01740,44390000,150000
R04-01741,93030000,300000
R04-01742,9270000,20000
R04-01743,92630000,300000
R04-01744,97610000,300000
R04-01745,64780000,150000
R04-01746,103300000,300000
R04-01747,97930000,300000
R04-01748,44990000,150000
R04-01749,8980000,20000
R04-01750,25530000,60000
R04-01751,11230000,40000
R04-01752,51220000,150000
R04-01753,1140000,0
R04-01754,64400000,150000
R04-01755,33480000,150000
R04-01756,101390000,300000
R04-01757,34950000,150000
R04-01758,51580000,150000
R04-01759,83620000,300000
R04-01760,51230000,150000
R04-01761,63000000,150000
R04-01762,64990000,150000
R04-01763,39370000,150000
R04-01764,24570000,60000
R04-01765,32550000,60000
R04-01766,156310000,600000
R04-01767,31690000,60000
R04-01768,44100000,150000
R04-01769,1890000,0
R04-01770,93510000,300000
R04-01771,63610000,150000
R04-01772,41920000,150000
R04-01773,18350000,40000
R04-01774,80940000,300000
R04-01775,14800000,40000
R04-01776,53850000,150000
R04-01777,32550000,60000
R04-01778,31420000,60000
R04-01779,114150000,300000
R04-01780,93670000,300000
R04-01781,32780000,60000
R04-01782,53180000,150000
R04-01783,76010000,300000
R04-01784,14320000,40000
R04-01785,84480000,300000
R04-01786,11770000,40000
R04-01787,78740000,300000
R04-01788,16130000,40000
R04-01789,93150000,300000
R04-01790,16790000,40000
R04-01791,36520000,150000
R04-01792,42520000,150000
R04-01793,51860000,150000
R04-01794,58410000,150000
R04-01795,76970000,300000
R04-01796,790000,0
R04-01797,36000000,150000
R04-01798,41650000,150000
R04-01799,101600000,300000
R04-01800,63470000,150000
R04-01801,61330000,150000
R04-01802,52190000,150000
R04-01803,58190000,150000
R04-01804,34770000,150000
R04-01805,121490000,300000
R04-01806,24050000,60000
R04-01807,32980000,60000
R04-01808,25640000,60000
R04-01809,26990000,60000
R04-01810,30620000,60000
R04-01811,5650000,20000
R04-01812,92870000,300000
R04-01813,45710000,150000
R04-01814,112880000,300000
R04-01815,13620000,40000
R04-01816,12280000,40000
R04-01817,145780000,600000
R04-01818,51260000,150000
R04-01819,23420000,60000
R04-01820,117450000,300000
R04-01821,15880000,40000
R04-01822,64160000,150000
R04-01823,31620000,60000
R04-01824,92040000,300000
R04-01825,26360000,60000
R04-01826,51700000,150000
R04-01827,81510000,300000
R04-01828,14100000,40000
R04-01829,14880000,40000
R04-01830,28990000,60000
R04-01831,13990000,40000
R04-01832,12210000,40000
R04-01833,12610000,40000
R04-01834,27080000,60000
R04-01835,226420000,1000000
R04-01836,112640000,300000
R04-01837,72290000,300000
R04-01838,22400000,60000
R04-01839,33760000,150000
R04-01840,14530000,40000
R04-01841,3360000,0
R04-01842,41950000,150000
R04-01843,13370000,40000
R04-01844,74980000,300000
R04-01845,750000,0
R04-01846,15160000,40000
R04-01847,58850000,150000
R04-01848,14390000,40000
R04-01849,67410000,300000
R04-01850,81220000,300000
R04-01851,54840000,150000
R04-01852,12900000,40000
R04-01853,29380000,60000
R04-01854,40600000,150000
R04-01855,25090000,60000
R04-01856,34220000,150000
R04-01857,126280000,300000
R04-01858,83600000,300000
R04-01859,142280000,600000
R04-01860,21700000,60000
R04-01861,65840000,150000
R04-01862,44090000,150000
R04-01863,43240000,150000
R04-01864,10220000,40000
R04-01865,52610000,150000
R04-01866,36980000,150000
R04-01867,54880000,150000
R04-01868,41970000,150000
R04-01869,32260000,60000
R04-01870,1170000,0
R04-01871,42520000,150000
R04-01872,61680000,150000
R04-01873,35090000,150000
R04-01874,62520000,150000
R04-01875,6200000,20000
R04-01876,3920000,0
R04-01877,23540000,60000
R04-01878,83260000,300000
R04-01879,62350000,150000
R04-01880,27850000,60000
R04-01881,3850000,0
R04-01882,48700000,150000
R04-01883,4070000,0
R04-01884,28010000,60000
R04-01885,51230000,150000
R04-01886,113850000,300000
R04-01887,88080000,300000
R04-01888,68030000,300000
R04-01889,1640000,0
R04-01890,2880000,0
R04-01891,125750000,300000
R04-01892,3680000,0
R04-01893,112990000,300000
R04-01894,54520000,150000
R04-01895,55930000,150000
R04-01896,31270000,60000
R04-01897,21170000,60000
R04-01898,25650000,60000
R04-01899,41520000,150000
R04-01900,63080000,150000
R04-01901,11960000,40000
R04-01902,43220000,150000
R04-01903,9200000,20000
R04-01904,23740000,60000
R04-01905,4380000,0
R04-01906,61730000,150000
R04-01907,4490000,0
R04-01908,32850000,60000
R04-01909,32800000,60000
R04-01910,36290000,150000
R04-01911,24370000,60000
R04-01912,83890000,300000
R04-01913,32690000,60000
R04-01914,115230000,300000
R04-01915,3990000,0
R04-01916,52310000,150000
R04-01917,3650000,0
R04-01918,42370000,150000
R04-01919,42630000,150000
R04-01920,31940000,60000
R04-01921,101260000,300000
R04-01922,27730000,60000
R04-01923,23740000,60000
R04-01924,8260000,20000
R04-01925,3270000,0
R04-01926,15420000,40000
R04-01927,65900000,150000
R04-01928,22950000,60000
R04-01929,66930000,300000
R04-01930,13130000,40000
R04-01931,71440000,300000
R04-01932,59180000,150000
R04-01933,15790000,40000
R04-01934,35540000,150000
R04-01935,4050000,0
R04-01936,1880000,0
R04-01937,61230000,150000
R04-01938,21460000,60000
R04-01939,2710000,0
R04-01940,93120000,300000
R04-01941,21830000,60000
R04-01942,134520000,600000
R04-01943,22500000,60000
R04-01944,15130000,40000
R04-01945,136000000,600000
R04-01946,52500000,150000
R04-01947,61870000,150000
R04-01948,23350000,60000
R04-01949,82510000,300000
R04-01950,92520000,300000
R04-01951,66030000,150000
R04-01952,21590000,60000
R04-01953,155310000,600000
R04-01954,1860000,0
R04-01955,50970000,150000
R04-01956,23320000,60000
R04-01957,82480000,300000
R04-01958,80380000,300000
R04-01959,38890000,150000
R04-01960,41870000,150000
R04-01961,34740000,150000
R04-01962,4370000,0
R04-01963,13490000,40000
R04-01964,54380000,150000
R04-01965,18610000,40000
R04-01966,43700000,150000
R04-01967,74030000,300000
R04-01968,134540000,600000
R04-01969,62910000,150000
R04-01970,13510000,40000
R04-01971,62410000,150000
R04-01972,76840000,300000
R04-01973,1390000,0
R04-01974,30950000,60000
R04-01975,2040000,0
R04-01976,86080000,300000
R04-01977,64860000,150000
R04-01978,44940000,150000
R04-01979,42540000,150000
R04-01980,8800000,20000
R04-01981,7400000,20000
R04-01982,41230000,150000
R04-01983,14790000,40000
R04-01984,82100000,300000
R04-01985,101920000,300000
R04-01986,31370000,60000
R04-01987,14030000,40000
R04-01988,36820000,150000
R04-01989,122940000,300000
R04-01990,93340000,300000
R04-01991,2390000,0
R04-01992,71280000,300000
R04-01993,14340000,40000
R04-01994,11760000,40000
R04-01995,113310000,300000
R04-01996,45590000,150000
R04-01997,78600000,300000
R04-01998,157440000,600000
R04-01999,67780000,300000
R04-02000,5560000,20000
R04-02001,35450000,150000
R04-02002,8600000,20000
R04-02003,134550000,600000
R04-02004,15800000,40000
R04-02005,55840000,150000
R04-02006,31270000,60000
R04-02007,31630000,60000
R04-02008,37480000,150000
R04-02009,25530000,60000
R04-02010,21840000,60000
R04-02011,27150000,60000
R04-02012,44550000,150000
R04-02013,3940000,0
R04-02014,75830000,300000
R04-02015,25080000,60000
R04-02016,21520000,60000
R04-02017,42360000,150000
R04-02018,25070000,60000
R04-02019,135730000,600000
R04-02020,51660000,150000
R04-02021,110890000,300000
R04-02022,34910000,150000
R04-02023,3340000,0
R04-02024,35970000,150000
R04-02025,82670000,300000
R04-02026,3330000,0
R04-02027,26740000,60000
R04-02028,2440000,0
R04-02029,74720000,300000
R04-02030,33400000,150000
R04-02031,13120000,40000
R04-02032,96090000,300000
R04-02033,5430000,20000
R04-02034,5040000,20000
R04-02035,15030000,40000
R04-02036,2040000,0
R04-02037,1990000,0
R04-02038,27180000,60000
R04-02039,42520000,150000
R04-02040,5630000,20000
R04-02041,48780000,150000
R04-02042,25420000,60000
R04-02043,52210000,150000
R04-02044,2150000,0
R04-02045,22120000,60000
R04-02046,31880000,60000
R04-02047,122050000,300000
R04-02048,39420000,150000
R04-02049,67350000,300000
R04-02050,23720000,60000
R04-02051,1420000,0
R04-02052,43230000,150000
R04-02053,52380000,150000
R04-02054,17210000,40000
R04-02055,111660000,300000
R04-02056,7980000,20000
R04-02057,63010000,150000
R04-02058,23340000,60000
R04-02059,85020000,300000
R04-02060,62130000,150000
R04-02061,2130000,0
R04-02062,11530000,40000
R04-02063,17820000,40000
R04-02064,53210000,150000
R04-02065,96380000,300000
R04-02066,63270000,150000
R04-02067,81790000,300000
R04-02068,112260000,300000
R04-02069,52830000,150000
R04-02070,10660000,40000
R04-02071,145310000,600000
R04-02072,66130000,150000
R04-02073,71390000,300000
R04-02074,48080000,150000
R04-02075,50840000,150000
R04-02076,137160000,600000
R04-02077,45620000,150000
R04-02078,57350000,150000
R04-02079,13700000,40000
R04-02080,61860000,150000
R04-02081,151280000,600000
R04-02082,8810000,20000
R04-02083,15670000,40000
R04-02084,51300000,150000
R04-02085,128180000,300000
R04-02086,6690000,20000
R04-02087,52340000,150000
R04-02088,66880000,300000
R04-02089,76640000,300000
R04-02090,52220000,150000
R04-02091,33340000,150000
R04-02092,49530000,150000
R04-02093,7270000,20000
R04-02094,71220000,300000
R04-02095,62180000,150000
R04-02096,2130000,0
R04-02097,36410000,150000
R04-02098,21410000,60000
R04-02099,11120000,40000
R04-02100,28640000,60000
R04-02101,111490000,300000
R04-02102,42910000,150000
R04-02103,12790000,40000
R04-02104,670000,0
R04-02105,16980000,40000
R04-02106,106120000,300000
R04-02107,51800000,150000
R04-02108,5240000,20000
R04-02109,45800000,150000
R04-02110,15330000,40000
R04-02111,16510000,40000
R04-02112,34600000,150000
R04-02113,43810000,150000
R04-02114,25210000,60000
R04-02115,32540000,60000
R04-02116,67310000,300000
R04-02117,3210000,0
R04-02118,1960000,0
R04-02119,2740000,0
R04-02120,111560000,300000
R04-02121,35700000,150000
R04-02122,23780000,60000
R04-02123,74950000,300000
R04-02124,87020000,300000
R04-02125,22770000,60000
R04-02126,15380000,40000
R04-02127,25130000,60000
R04-02128,46890000,150000
R04-02129,51670000,150000
R04-02130,31350000,60000
R04-02131,33830000,150000
R04-02132,22020000,60000
R04-02133,5050000,20000
R04-02134,33730000,150000
R04-02135,3160000,0
R04-02136,69210000,300000
R04-02137,12690000,40000
R04-02138,21530000,60000
R04-02139,7120000,20000
R04-02140,21980000,60000
R04-02141,4520000,0
R04-02142,46470000,150000
R04-02143,68150000,300000
R04-02144,64920000,150000
R04-02145,6750000,20000
R04-02146,87880000,300000
R04-02147,33440000,150000
R04-02148,30950000,60000
R04-02149,96660000,300000
R04-02150,62830000,150000
R04-02151,3520000,0
R04-02152,6560000,20000
R04-02153,93740000,300000
R04-02154,61850000,150000
R04-02155,18570000,40000
R04-02156,14900000,40000
R04-02157,52380000,150000
R04-02158,22570000,60000
R04-02159,26190000,60000
R04-02160,177710000,600000
R04-02161,11510000,40000
R04-02162,55590000,150000
R04-02163,46360000,150000
R04-02164,18270000,40000
R04-02165,28390000,60000
R04-02166,14660000,40000
R04-02167,66120000,150000
R04-02168,12790000,40000
R04-02169,2320000,0
R04-02170,13740000,40000
R04-02171,28100000,60000
R04-02172,86200000,300000
R04-02173,23050000,60000
R04-02174,95600000,300000
R04-02175,24170000,60000
R04-02176,15060000,40000
R04-02177,13810000,40000
R04-02178,64760000,150000
R04-02179,104990000,300000
R04-02180,45250000,150000
R04-02181,80840000,300000
R04-02182,25730000,60000
R04-02183,35300000,150000
R04-02184,77010000,300000
R04-02185,24850000,60000
R04-02186,1810000,0
R04-02187,24180000,60000
R04-02188,65580000,150000
R04-02189,8270000,20000
R04-02190,72110000,300000
R04-02191,27100000,60000
R04-02192,7840000,20000
R04-02193,3980000,0
R04-02194,3420000,0
R04-02195,37710000,150000
R04-02196,15560000,40000
R04-02197,11990000,40000
R04-02198,11430000,40000
R04-02199,115280000,300000
R04-02200,42330000,150000
R04-02201,47600000,150000
R04-02202,67650000,300000
R04-02203,88960000,300000
R04-02204,74900000,300000
R04-02205,72960000,300000
R04-02206,41170000,150000
R04-02207,17540000,40000
R04-02208,26300000,60000
R04-02209,7740000,20000
R04-02210,32170000,60000
R04-02211,90770000,300000
R04-02212,235540000,1000000
R04-02213,52280000,150000
R04-02214,31570000,60000
R04-02215,10360000,40000
R04-02216,41020000,150000
R04-02217,87410000,300000
R04-02218,2080000,0
R04-02219,67980000,300000
R04-02220,13510000,40000
R04-02221,52950000,150000
R04-02222,1950000,0
R04-02223,2880000,0
R04-02224,1560000,0
R04-02225,2360000,0
R04-02226,74000000,300000
R04-02227,1780000,0
R04-02228,24160000,60000
R04-02229,55250000,150000
R04-02230,35050000,150000
R04-02231,1590000,0
R04-02232,32150000,60000
R04-02233,36060000,150000
R04-02234,18340000,40000
R04-02235,92020000,300000
R04-02236,34130000,150000
R04-02237,42640000,150000
R04-02238,80350000,300000
R04-02239,92570000,300000
R04-02240,14570000,40000
R04-02241,33620000,150000
R04-02242,76910000,300000
R04-02243,36380000,150000
R04-02244,24150000,60000
R04-02245,55070000,150000
R04-02246,76170000,300000
R04-02247,38380000,150000
R04-02248,12080000,40000
R04-02249,24520000,60000
R04-02250,83330000,300000
R04-02251,24330000,60000
R04-02252,25820000,60000
R04-02253,92000000,300000
R04-02254,51240000,150000
R04-02255,4680000,0
R04-02256,14490000,40000
R04-02257,81790000,300000
R04-02258,41830000,150000
R04-02259,22700000,60000
R04-02260,47970000,150000
R04-02261,151310000,600000
R04-02262,63220000,150000
R04-02263,35520000,150000
R04-02264,1060000,0
R04-02265,52950000,150000
R04-02266,26060000,60000
R04-02267,29300000,60000
R04-02268,54230000,150000
R04-02269,57250000,150000
R04-02270,34670000,150000
R04-02271,52500000,150000
R04-02272,22160000,60000
R04-02273,15050000,40000
R04-02274,700000,0
R04-02275,41710000,150000
R04-02276,40960000,150000
R04-02277,21270000,60000
R04-02278,43560000,150000
R04-02279,25660000,60000
R04-02280,26690000,60000
R04-02281,10400000,40000
R04-02282,74080000,300000
R04-02283,52430000,150000
R04-02284,11360000,40000
R04-02285,73570000,300000
R04-02286,63500000,150000
R04-02287,1610000,0
R04-02288,22470000,60000
R04-02289,76720000,300000
R04-02290,14080000,40000
R04-02291,101890000,300000
R04-02292,28180000,60000
R04-02293,42200000,150000
R04-02294,12980000,40000
R04-02295,143250000,600000
R04-02296,290000,0
R04-02297,32120000,60000
R04-02298,32190000,60000
R04-02299,23530000,60000
R04-02300,82210000,300000
R04-02301,12330000,40000
R04-02302,84510000,300000
R04-02303,27550000,60000
R04-02304,30760000,60000
R04-02305,52110000,150000
R04-02306,47480000,150000
R04-02307,16600000,40000
R04-02308,32820000,60000
R04-02309,91040000,300000
R04-02310,65430000,150000
R04-02311,114080000,300000
R04-02312,22590000,60000
R04-02313,24520000,60000
R04-02314,18290000,40000
R04-02315,63940000,150000
R04-02316,13120000,40000
R04-02317,106820000,300000
R04-02318,43250000,150000
R04-02319,51350000,150000
R04-02320,25700000,60000
R04-02321,84460000,300000
R04-02322,32660000,60000
R04-02323,57710000,150000
R04-02324,108820000,300000
R04-02325,2250000,0
R04-02326,75760000,300000
R04-02327,33070000,60000
R04-02328,75100000,300000
R04-02329,68250000,300000
R04-02330,6100000,20000
R04-02331,33350000,150000
R04-02332,2800000,0
R04-02333,61740000,150000
R04-02334,55430000,150000
R04-02335,61320000,150000
R04-02336,16230000,40000
R04-02337,5820000,20000
R04-02338,11260000,40000
R04-02339,51530000,150000
R04-02340,81530000,300000
R04-02341,3730000,0
R04-02342,2330000,0
R04-02343,16220000,40000
R04-02344,38010000,150000
R04-02345,21250000,60000
R04-02346,37870000,150000
R04-02347,45130000,150000
R04-02348,46220000,150000
R04-02349,25170000,60000
R04-02350,11760000,40000
R04-02351,52630000,150000
R04-02352,121460000,300000
R04-02353,42300000,150000
R04-02354,3330000,0
R04-02355,33480000,150000
R04-02356,11900000,40000
R04-02357,32810000,60000
R04-02358,25790000,60000
R04-02359,3730000,0
R04-02360,4860000,0
R04-02361,63350000,150000
R04-02362,27580000,60000
R04-02363,30400000,60000
R04-02364,93860000,300000
R04-02365,77390000,300000
R04-02366,24110000,60000
R04-02367,33060000,60000
R04-02368,112170000,300000
R04-02369,3400000,0
R04-02370,12730000,40000
R04-02371,27270000,60000
R04-02372,18650000,40000
R04-02373,44020000,150000
R04-02374,61510000,150000
R04-02375,5150000,20000
R04-02376,34930000,150000
R04-02377,17330000,40000
R04-02378,82080000,300000
R04-02379,60590000,150000
R04-02380,128490000,300000
R04-02381,6490000,20000
R04-02382,71600000,300000
R04-02383,86780000,300000
R04-02384,82520000,300000
R04-02385,2650000,0
R04-02386,72030000,300000
R04-02387,70930000,300000
R04-02388,76100000,300000
R04-02389,33770000,150000
R04-02390,12780000,40000
R04-02391,86570000,300000
R04-02392,22010000,60000
R04-02393,5140000,20000
R04-02394,41370000,150000
R04-02395,142590000,600000
R04-02396,225390000,1000000
R04-02397,51910000,150000
R04-02398,22990000,60000
R04-02399,33820000,150000
R04-02400,74350000,300000
R04-02401,31350000,60000
R04-02402,42480000,150000
R04-02403,124730000,300000
R04-02404,22540000,60000
R04-02405,45580000,150000
R04-02406,81260000,300000
R04-02407,151150000,600000
R04-02408,2510000,0
R04-02409,61490000,150000
R04-02410,34980000,150000
R04-02411,72750000,300000
R04-02412,25550000,60000
R04-02413,11150000,40000
R04-02414,93000000,300000
R04-02415,42450000,150000
R04-02416,20730000,60000
R04-02417,20180000,60000
R04-02418,45410000,150000
R04-02419,14500000,40000
R04-02420,23060000,60000
R04-02421,36750000,150000
R04-02422,63240000,150000
R04-02423,64200000,150000
R04-02424,28320000,60000
R04-02425,144940000,600000
R04-02426,73710000,300000
R04-02427,37200000,150000
R04-02428,44010000,150000
R04-02429,54140000,150000
R04-02430,33580000,150000
R04-02431,41020000,150000
R04-02432,104710000,300000
R04-02433,84930000,300000
R04-02434,23130000,60000
R04-02435,101250000,300000
R04-02436,61510000,150000
R04-02437,23940000,60000
R04-02438,13510000,40000
R04-02439,2430000,0
R04-02440,12070000,40000
R04-02441,23700000,60000
R04-02442,84220000,300000
R04-02443,35400000,150000
R04-02444,92260000,300000
R04-02445,111680000,300000
R04-02446,45850000,150000
R04-02447,62130000,150000
R04-02448,131040000,300000
R04-02449,35170000,150000
R04-02450,26040000,60000
R04-02451,22830000,60000
R04-02452,71330000,300000
R04-02453,6080000,20000
R04-02454,27870000,60000
R04-02455,15150000,40000
R04-02456,24720000,60000
R04-02457,17450000,40000
R04-02458,35310000,150000
R04-02459,49290000,150000
R04-02460,81820000,300000
R04-02461,76560000,300000
R04-02462,18620000,40000
R04-02463,102320000,300000
R04-02464,32240000,60000
R04-02465,54380000,150000
R04-02466,3110000,0
R04-02467,19660000,40000
R04-02468,60660000,150000
R04-02469,52400000,150000
R04-02470,33180000,60000
R04-02471,102380000,300000
R04-02472,2310000,0
R04-02473,7340000,20000
R04-02474,33560000,150000
R04-02475,5190000,20000
R04-02476,33160000,60000
R04-02477,34580000,150000
R04-02478,30920000,60000
R04-02479,5350000,20000
R04-02480,4000000,0
R04-02481,28750000,60000
R04-02482,86260000,300000
R04-02483,52300000,150000
R04-02484,33380000,150000
R04-02485,72340000,300000
R04-02486,35400000,150000
R04-02487,17040000,40000
R04-02488,69420000,300000
R04-02489,31150000,60000
R04-02490,61930000,150000
R04-02491,2720000,0
R04-02492,64610000,150000
R04-02493,102940000,300000
R04-02494,34970000,150000
R04-02495,73100000,300000
R04-02496,83660000,300000
R04-02497,2920000,0
R04-02498,51250000,150000
R04-02499,13560000,40000
R04-02500,65860000,150000
R04-02501,72930000,300000
R04-02502,57640000,150000
R04-02503,13930000,40000
R04-02504,132750000,300000
R04-02505,67070000,300000
R04-02506,3720000,0
R04-02507,95810000,300000
R04-02508,2090000,0
R04-02509,33870000,150000
R04-02510,44350000,150000
R04-02511,3420000,0
R04-02512,15330000,40000
R04-02513,55050000,150000
R04-02514,153210000,600000
R04-02515,27520000,60000
R04-02516,100630000,300000
R04-02517,2990000,0
R04-02518,95030000,300000
R04-02519,55130000,150000
R04-02520,43650000,150000
R04-02521,45160000,150000
R04-02522,95730000,300000
R04-02523,44360000,150000
R04-02524,2730000,0
R04-02525,72180000,300000
R04-02526,41760000,150000
R04-02527,1920000,0
R04-02528,40630000,150000
R04-02529,42800000,150000
R04-02530,42290000,150000
R04-02531,34470000,150000
R04-02532,3930000,0
R04-02533,112250000,300000
R04-02534,54950000,150000
R04-02535,2930000,0
R04-02536,23460000,60000
R04-02537,48940000,150000
R04-02538,65020000,150000
R04-02539,24530000,60000
R04-02540,14880000,40000
R04-02541,53170000,150000
R04-02542,63710000,150000
R04-02543,21390000,60000
R04-02544,2670000,0
R04-02545,2880000,0
R04-02546,56680000,150000
R04-02547,94390000,300000
R04-02548,103380000,300000
R04-02549,13530000,40000
R04-02550,46650000,150000
R04-02551,20660000,60000
R04-02552,32070000,60000
R04-02553,37590000,150000
R04-02554,35200000,150000
R04-02555,13220000,40000
R04-02556,38340000,150000
R04-02557,61500000,150000
R04-02558,3340000,0
R04-02559,51960000,150000
R04-02560,67610000,300000
R04-02561,52440000,150000
R04-02562,33280000,60000
R04-02563,49750000,150000
R04-02564,91200000,300000
R04-02565,71760000,300000
R04-02566,71130000,300000
R04-02567,92700000,300000
R04-02568,60820000,150000
R04-02569,11900000,40000
R04-02570,72290000,300000
R04-02571,44450000,150000
R04-02572,2250000,0
R04-02573,83330000,300000
R04-02574,2200000,0
R04-02575,4210000,0
R04-02576,49180000,150000
R04-02577,40720000,150000
R04-02578,118550000,300000
R04-02579,65380000,150000
R04-02580,3480000,0
R04-02581,88390000,300000
R04-02582,11320000,40000
R04-02583,53400000,150000
R04-02584,64970000,150000
R04-02585,72470000,300000
R04-02586,7760000,20000
R04-02587,95990000,300000
R04-02588,53360000,150000
R04-02589,17070000,40000
R04-02590,24090000,60000
R04-02591,36320000,150000
R04-02592,23520000,60000
R04-02593,48430000,150000
R04-02594,81940000,300000
R04-02595,16120000,40000
R04-02596,32710000,60000
R04-02597,11110000,40000
R04-02598,32470000,60000
R04-02599,104360000,300000
R04-02600,104030000,300000
R04-02601,45490000,150000
R04-02602,100990000,300000
R04-02603,76460000,300000
R04-02604,21880000,60000
R04-02605,66670000,300000
R04-02606,55800000,150000
R04-02607,21380000,60000
R04-02608,23160000,60000
R04-02609,14200000,40000
R04-02610,16340000,40000
R04-02611,23000000,60000
R04-02612,32510000,60000
R04-02613,14800000,40000
R04-02614,19150000,40000
R04-02615,66000000,150000
R04-02616,5990000,20000
R04-02617,35390000,150000
R04-02618,2110000,0
R04-02619,26700000,60000
R04-02620,23000000,60000
R04-02621,87090000,300000
R04-02622,6620000,20000
R04-02623,62740000,150000
R04-02624,65310000,150000
R04-02625,71480000,300000
R04-02626,21780000,60000
R04-02627,20860000,60000
R04-02628,31710000,60000
R04-02629,63890000,150000
R04-02630,3400000,0
R04-02631,43400000,150000
R04-02632,37010000,150000
R04-02633,231660000,1000000
R04-02634,13710000,40000
R04-02635,103390000,300000
R04-02636,66510000,150000
R04-02637,41860000,150000
R04-02638,17340000,40000
R04-02639,66470000,150000
R04-02640,4190000,0
R04-02641,81770000,300000
R04-02642,64700000,150000
R04-02643,3040000,0
R04-02644,61500000,150000
R04-02645,71170000,300000
R04-02646,13720000,40000
R04-02647,26350000,60000
R04-02648,104100000,300000
R04-02649,45270000,150000
R04-02650,52110000,150000
R04-02651,50340000,150000
R04-02652,11880000,40000
R04-02653,41990000,150000
R04-02654,38880000,150000
R04-02655,117060000,300000
R04-02656,22580000,60000
R04-02657,43330000,150000
R04-02658,62180000,150000
R04-02659,93680000,300000
R04-02660,97300000,300000
R04-02661,6900000,20000
R04-02662,64740000,150000
R04-02663,3760000,0
R04-02664,54100000,150000
R04-02665,41550000,150000
R04-02666,41950000,150000
R04-02667,86070000,300000
R04-02668,43070000,150000
R04-02669,28320000,60000
R04-02670,57480000,150000
R04-02671,72060000,300000
R04-02672,34040000,150000
R04-02673,51950000,150000
R04-02674,12780000,40000
R04-02675,15680000,40000
R04-02676,58130000,150000
R04-02677,73810000,300000
R04-02678,11480000,40000
R04-02679,31660000,60000
R04-02680,65640000,150000
R04-02681,61930000,150000
R04-02682,83000000,300000
R04-02683,4570000,0
R04-02684,45060000,150000
R04-02685,41190000,150000
R04-02686,26330000,60000
R04-02687,36410000,150000
R04-02688,43130000,150000
R04-02689,67330000,300000
R04-02690,36200000,150000
R04-02691,23150000,60000
R04-02692,103220000,300000
R04-02693,82300000,300000
R04-02694,126410000,300000
R04-02695,83330000,300000
R04-02696,22990000,60000
R04-02697,3450000,0
R04-02698,27110000,60000
R04-02699,78440000,300000
R04-02700,4060000,0
R04-02701,43200000,150000
R04-02702,84440000,300000
R04-02703,15270000,40000
R04-02704,1310000,0
R04-02705,105460000,300000
R04-02706,31680000,60000
R04-02707,10570000,40000
R04-02708,136050000,600000
R04-02709,82290000,300000
R04-02710,3100000,0
R04-02711,8450000,20000
R04-02712,32510000,60000
R04-02713,15400000,40000
R04-02714,54160000,150000
R04-02715,32850000,60000
R04-02716,54330000,150000
R04-02717,21590000,60000
R04-02718,112810000,300000
R04-02719,35310000,150000
R04-02720,32880000,60000
R04-02721,63170000,150000
R04-02722,101800000,300000
R04-02723,27920000,60000
R04-02724,52360000,150000
R04-02725,21730000,60000
R04-02726,43620000,150000
R04-02727,2120000,0
R04-02728,92420000,300000
R04-02729,23600000,60000
R04-02730,2340000,0
R04-02731,5040000,20000
R04-02732,7370000,20000
R04-02733,44410000,150000
R04-02734,45810000,150000
R04-02735,14950000,40000
R04-02736,99000000,300000
R04-02737,720000,0
R04-02738,190000,0
R04-02739,31390000,60000
R04-02740,3060000,0
R04-02741,65260000,150000
R04-02742,95650000,300000
R04-02743,40490000,150000
R04-02744,54910000,150000
R04-02745,105050000,300000
R04-02746,25790000,60000
R04-02747,400000,0
R04-02748,98110000,300000
R04-02749,18140000,40000
R04-02750,2610000,0
R04-02751,980000,0
R04-02752,43380000,150000
R04-02753,37750000,150000
R04-02754,3350000,0
R04-02755,44860000,150000
R04-02756,21720000,60000
R04-02757,50560000,150000
R04-02758,94070000,300000
R04-02759,105290000,300000
R04-02760,52700000,150000
R04-02761,23300000,60000
R04-02762,21050000,60000
R04-02763,52810000,150000
R04-02764,151980000,600000
R04-02765,41820000,150000
R04-02766,22890000,60000
R04-02767,61130000,150000
R04-02768,63240000,150000
R04-02769,11860000,40000
R04-02770,61890000,150000
R04-02771,22200000,60000
R04-02772,16680000,40000
R04-02773,34730000,150000
R04-02774,5960000,20000
R04-02775,102010000,300000
R04-02776,70730000,300000
R04-02777,22200000,60000
R04-02778,10910000,40000
R04-02779,56430000,150000
R04-02780,31040000,60000
R04-02781,2870000,0
R04-02782,59540000,150000
R04-02783,96470000,300000
R04-02784,52420000,150000
R04-02785,43490000,150000
R04-02786,104230000,300000
R04-02787,76060000,300000
R04-02788,75180000,300000
R04-02789,125570000,300000
R04-02790,61690000,150000
R04-02791,32160000,60000
R04-02792,72620000,300000
R04-02793,153140000,600000
R04-02794,25210000,60000
R04-02795,53370000,150000
R04-02796,31270000,60000
R04-02797,71090000,300000
R04-02798,3030000,0
R04-02799,16190000,40000
R04-02800,23800000,60000
R04-02801,76010000,300000
R04-02802,45320000,150000
R04-02803,76190000,300000
R04-02804,11630000,40000
R04-02805,37040000,150000
R04-02806,61470000,150000
R04-02807,5660000,20000
R04-02808,17250000,40000
R04-02809,2440000,0
R04-02810,93700000,300000
R04-02811,2190000,0
R04-02812,112880000,300000
R04-02813,2080000,0
R04-02814,46460000,150000
R04-02815,13240000,40000
R04-02816,80800000,300000
R04-02817,106480000,300000
R04-02818,93890000,300000
R04-02819,52260000,150000
R04-02820,135890000,600000
R04-02821,91060000,300000
R04-02822,66980000,300000
R04-02823,113880000,300000
R04-02824,47470000,150000
R04-02825,122200000,300000
R04-02826,33350000,150000
R04-02827,64920000,150000
R04-02828,13460000,40000
R04-02829,22500000,60000
R04-02830,24400000,60000
R04-02831,920000,0
R04-02832,33240000,60000
R04-02833,113750000,300000
R04-02834,35890000,150000
R04-02835,12720000,40000
R04-02836,82130000,300000
R04-02837,61610000,150000
R04-02838,37940000,150000
R04-02839,21960000,60000
R04-02840,1570000,0
R04-02841,32110000,60000
R04-02842,32010000,60000
R04-02843,42710000,150000
R04-02844,81550000,300000
R04-02845,31210000,60000
R04-02846,112450000,300000
R04-02847,32580000,60000
R04-02848,25600000,60000
R04-02849,3440000,0
R04-02850,3710000,0
R04-02851,152660000,600000
R04-02852,77000000,300000
R04-02853,4710000,0
R04-02854,64160000,150000
R04-02855,5090000,20000
R04-02856,35290000,150000
R04-02857,74800000,300000
R04-02858,47630000,150000
R04-02859,39570000,150000
R04-02860,41580000,150000
R04-02861,14380000,40000
R04-02862,56990000,150000
R04-02863,66480000,150000
R04-02864,5200000,20000
R04-02865,58590000,150000
R04-02866,52180000,150000
R04-02867,82680000,300000
R04-02868,30990000,60000
R04-02869,45180000,150000
R04-02870,37260000,150000
R04-02871,2220000,0
R04-02872,36920000,150000
R04-02873,32470000,60000
R04-02874,36760000,150000
R04-02875,88920000,300000
R04-02876,44680000,150000
R04-02877,81130000,300000
R04-02878,1230000,0
R04-02879,12990000,40000
R04-02880,46320000,150000
R04-02881,6820000,20000
R04-02882,47820000,150000
R04-02883,113390000,300000
R04-02884,34620000,150000
R04-02885,45050000,150000
R04-02886,27190000,60000
R04-02887,11660000,40000
R04-02888,38150000,150000
R04-02889,58720000,150000
R04-02890,26870000,60000
R04-02891,36000000,150000
R04-02892,36590000,150000
R04-02893,31100000,60000
R04-02894,11060000,40000
R04-02895,45170000,150000
R04-02896,24320000,60000
R04-02897,45750000,150000
R04-02898,33280000,60000
R04-02899,11660000,40000
R04-02900,64570000,150000
R04-02901,14600000,40000
R04-02902,23750000,60000
R04-02903,33720000,150000
R04-02904,84340000,300000
R04-02905,5540000,20000
R04-02906,21940000,60000
R04-02907,61660000,150000
R04-02908,61080000,150000
R04-02909,74030000,300000
R04-02910,4810000,0
R04-02911,65990000,150000
R04-02912,27720000,60000
R04-02913,80730000,300000
R04-02914,55000000,150000
R04-02915,16860000,40000
R04-02916,12820000,40000
R04-02917,64100000,150000
R04-02918,66510000,150000
R04-02919,35290000,150000
R04-02920,26410000,60000
R04-02921,25700000,60000
R04-02922,31880000,60000
R04-02923,133580000,600000
R04-02924,16120000,40000
R04-02925,2340000,0
R04-02926,102900000,300000
R04-02927,33840000,150000
R04-02928,3760000,0
R04-02929,1800000,0
R04-02930,1600000,0
R04-02931,29670000,60000
R04-02932,54540000,150000
R04-02933,21990000,60000
R04-02934,47190000,150000
R04-02935,80630000,300000
R04-02936,122310000,300000
R04-02937,3520000,0
R04-02938,23330000,60000
R04-02939,4210000,0
R04-02940,52300000,150000
R04-02941,5730000,20000
R04-02942,32970000,60000
R04-02943,34980000,150000
R04-02944,124160000,300000
R04-02945,69180000,300000
R04-02946,7190000,20000
R04-02947,125820000,300000
R04-02948,11610000,40000
R04-02949,4920000,0
R04-02950,116090000,300000
R04-02951,16810000,40000
R04-02952,4300000,0
R04-02953,54490000,150000
R04-02954,11350000,40000
R04-02955,22010000,60000
R04-02956,3120000,0
R04-02957,95050000,300000
R04-02958,61340000,150000
R04-02959,33230000,60000
R04-02960,35220000,150000
R04-02961,102360000,300000
R04-02962,7040000,20000
R04-02963,24440000,60000
R04-02964,57690000,150000
R04-02965,16520000,40000
R04-02966,24580000,60000
R04-02967,116920000,300000
R04-02968,34190000,150000
R04-02969,54980000,150000
R04-02970,92340000,300000
R04-02971,41750000,150000
R04-02972,42880000,150000
R04-02973,34570000,150000
R04-02974,122840000,300000
R04-02975,62860000,150000
R04-02976,4170000,0
R04-02977,35850000,150000
R04-02978,32500000,60000
R04-02979,82320000,300000
R04-02980,42180000,150000
R04-02981,4530000,0
R04-02982,68830000,300000
R04-02983,72250000,300000
R04-02984,24890000,60000
R04-02985,56270000,150000
R04-02986,42430000,150000
R04-02987,31620000,60000
R04-02988,102780000,300000
R04-02989,104130000,300000
R04-02990,33190000,60000
R04-02991,62670000,150000
R04-02992,6410000,20000
R04-02993,57260000,150000
R04-02994,60990000,150000
R04-02995,32180000,60000
R04-02996,61530000,150000
R04-02997,4380000,0
R04-02998,34140000,150000
R04-02999,25110000,60000
R04-03000,89050000,300000
R04-03001,24410000,60000
R04-03002,22080000,60000
R04-03003,3860000,0
R04-03004,21540000,60000
R04-03005,75980000,300000
R04-03006,43200000,150000
R04-03007,43100000,150000
R04-03008,31880000,60000
R04-03009,61560000,150000
R04-03010,14680000,40000
R04-03011,96980000,300000
R04-03012,5060000,20000
R04-03013,10430000,40000
R04-03014,22090000,60000
R04-03015,34600000,150000
R04-03016,153710000,600000
R04-03017,20870000,60000
R04-03018,35490000,150000
R04-03019,63670000,150000
R04-03020,22390000,60000
R04-03021,2520000,0
R04-03022,12600000,40000
R04-03023,21670000,60000
R04-03024,34500000,150000
R04-03025,33930000,150000
R04-03026,41180000,150000
R04-03027,13670000,40000
R04-03028,27510000,60000
R04-03029,83100000,300000
R04-03030,7900000,20000
R04-03031,45760000,150000
R04-03032,113150000,300000
R04-03033,3840000,0
R04-03034,12420000,40000
R04-03035,71520000,300000
R04-03036,64980000,150000
R04-03037,21650000,60000
R04-03038,97030000,300000
R04-03039,21210000,60000
R04-03040,44440000,150000
R04-03041,33080000,60000
R04-03042,127580000,300000
R04-03043,4570000,0
R04-03044,44520000,150000
R04-03045,42210000,150000
R04-03046,41770000,150000
R04-03047,83410000,300000
R04-03048,73670000,300000
R04-03049,52920000,150000
R04-03050,34420000,150000
R04-03051,171370000,600000
R04-03052,2380000,0
R04-03053,13730000,40000
R04-03054,23310000,60000
R04-03055,26770000,60000
R04-03056,16360000,40000
R04-03057,13690000,40000
R04-03058,87720000,300000
R04-03059,71570000,300000
R04-03060,21100000,60000
R04-03061,24660000,60000
R04-03062,95270000,300000
R04-03063,85010000,300000
R04-03064,44870000,150000
R04-03065,5840000,20000
R04-03066,14620000,40000
R04-03067,13090000,40000
R04-03068,61380000,150000
R04-03069,3790000,0
R04-03070,63520000,150000
R04-03071,31200000,60000
R04-03072,25380000,60000
R04-03073,12230000,40000
R04-03074,4430000,0
R04-03075,62150000,150000
R04-03076,87100000,300000
R04-03077,81950000,300000
R04-03078,12460000,40000
R04-03079,81870000,300000
R04-03080,82160000,300000
R04-03081,5600000,20000
R04-03082,16120000,40000
R04-03083,141150000,600000
R04-03084,75040000,300000
R04-03085,14480000,40000
R04-03086,32300000,60000
R04-03087,46640000,150000
R04-03088,41970000,150000
R04-03089,73450000,300000
R04-03090,31170000,60000
R04-03091,65070000,150000
R04-03092,25950000,60000
R04-03093,83910000,300000
R04-03094,63100000,150000
R04-03095,15490000,40000
R04-03096,44510000,150000
R04-03097,93940000,300000
R04-03098,56670000,150000
R04-03099,53180000,150000
R04-03100,124000000,300000
R04-03101,72220000,300000
R04-03102,98020000,300000
R04-03103,172940000,600000
R04-03104,14560000,40000
R04-03105,64510000,150000
R04-03106,11290000,40000
R04-03107,20610000,60000
R04-03108,43510000,150000
R04-03109,135790000,600000
R04-03110,2540000,0
R04-03111,36870000,150000
R04-03112,24090000,60000
R04-03113,93670000,300000
R04-03114,20740000,60000
R04-03115,53830000,150000
R04-03116,85300000,300000
R04-03117,41570000,150000
R04-03118,23460000,60000
R04-03119,70660000,300000
R04-03120,124410000,300000
R04-03121,103810000,300000
R04-03122,12970000,40000
R04-03123,8050000,20000
R04-03124,36180000,150000
R04-03125,114330000,300000
R04-03126,6160000,20000
R04-03127,63440000,150000
R04-03128,64670000,150000
R04-03129,74570000,300000
R04-03130,23870000,60000
R04-03131,63850000,150000
R04-03132,4550000,0
R04-03133,2730000,0
R04-03134,50500000,150000
R04-03135,85180000,300000
R04-03136,14720000,40000
R04-03137,105120000,300000
R04-03138,83870000,300000
R04-03139,41780000,150000
R04-03140,95030000,300000
R04-03141,43240000,150000
R04-03142,92590000,300000
R04-03143,31490000,60000
R04-03144,25680000,60000
R04-03145,22360000,60000
R04-03146,3100000,0
R04-03147,54910000,150000
R04-03148,12960000,40000
R04-03149,15860000,40000
R04-03150,62550000,150000
R04-03151,42950000,150000
R04-03152,52660000,150000
R04-03153,25650000,60000
R04-03154,2280000,0
R04-03155,2050000,0
R04-03156,55170000,150000
R04-03157,21880000,60000
R04-03158,52260000,150000
R04-03159,32070000,60000
R04-03160,81640000,300000
R04-03161,20780000,60000
R04-03162,21140000,60000
R04-03163,2180000,0
R04-03164,16670000,40000
R04-03165,56870000,150000
R04-03166,5740000,20000
R04-03167,990000,0
R04-03168,106440000,300000
R04-03169,224890000,1000000
R04-03170,136300000,600000
R04-03171,81440000,300000
R04-03172,74940000,300000
R04-03173,68250000,300000
R04-03174,118770000,300000
R04-03175,8560000,20000
R04-03176,22670000,60000
R04-03177,16150000,40000
R04-03178,28680000,60000
R04-03179,61720000,150000
R04-03180,67910000,300000
R04-03181,25910000,60000
R04-03182,20350000,60000
R04-03183,32720000,60000
R04-03184,1990000,0
R04-03185,63950000,150000
R04-03186,34080000,150000
R04-03187,41960000,150000
R04-03188,13000000,40000
R04-03189,81030000,300000
R04-03190,23360000,60000
R04-03191,12680000,40000
R04-03192,32190000,60000
R04-03193,4030000,0
R04-03194,55130000,150000
R04-03195,12020000,40000
R04-03196,33610000,150000
R04-03197,52220000,150000
R04-03198,134370000,600000
R04-03199,112280000,300000
R04-03200,75200000,300000
R04-03201,23710000,60000
R04-03202,67350000,300000
R04-03203,42010000,150000
R04-03204,40750000,150000
R04-03205,74380000,300000
R04-03206,31820000,60000
R04-03207,23030000,60000
R04-03208,36200000,150000
R04-03209,61180000,150000
R04-03210,88060000,300000
R04-03211,87090000,300000
R04-03212,112490000,300000
R04-03213,82510000,300000
R04-03214,38070000,150000
R04-03215,105580000,300000
R04-03216,63950000,150000
R04-03217,81780000,300000
R04-03218,42670000,150000
R04-03219,33330000,60000
R04-03220,67290000,300000
R04-03221,1910000,0
R04-03222,27470000,60000
R04-03223,13360000,40000
R04-03224,11520000,40000
R04-03225,22850000,60000
R04-03226,33240000,60000
R04-03227,94790000,300000
R04-03228,13730000,40000
R04-03229,33250000,60000
R04-03230,141590000,600000
R04-03231,104490000,300000
R04-03232,10800000,40000
R04-03233,146470000,600000
R04-03234,63750000,150000
R04-03235,2990000,0
R04-03236,55600000,150000
R04-03237,34580000,150000
R04-03238,1800000,0
R04-03239,37970000,150000
R04-03240,4690000,0
R04-03241,37320000,150000
R04-03242,51290000,150000
R04-03243,36380000,150000
R04-03244,112190000,300000
R04-03245,56390000,150000
R04-03246,6420000,20000
R04-03247,25280000,60000
R04-03248,2120000,0
R04-03249,81240000,300000
R04-03250,32400000,60000
R04-03251,131730000,300000
R04-03252,42710000,150000
R04-03253,14780000,40000
R04-03254,7290000,20000
R04-03255,19250000,40000
R04-03256,41930000,150000
R04-03257,31470000,60000
R04-03258,22120000,60000
R04-03259,32080000,60000
R04-03260,5390000,20000
R04-03261,6660000,20000
R04-03262,13300000,40000
R04-03263,43330000,150000
R04-03264,12470000,40000
R04-03265,13010000,40000
R04-03266,77460000,300000
R04-03267,92490000,300000
R04-03268,28050000,60000
R04-03269,13080000,40000
R04-03270,62090000,150000
R04-03271,93130000,300000
R04-03272,12180000,40000
R04-03273,3360000,0
R04-03274,5210000,20000
R04-03275,8270000,20000
R04-03276,21370000,60000
R04-03277,12660000,40000
R04-03278,2060000,0
R04-03279,43730000,150000
R04-03280,12470000,40000
R04-03281,80910000,300000
R04-03282,52220000,150000
R04-03283,87050000,300000
R04-03284,41230000,150000
R04-03285,44650000,150000
R04-03286,2260000,0
R04-03287,32630000,60000
R04-03288,75080000,300000
R04-03289,13280000,40000
R04-03290,93860000,300000
R04-03291,11080000,40000
R04-03292,77000000,300000
R04-03293,6400000,20000
R04-03294,65810000,150000
R04-03295,12830000,40000
R04-03296,64870000,150000
R04-03297,13000000,40000
R04-03298,8290000,20000
R04-03299,52800000,150000
R04-03300,1870000,0
R04-03301,4580000,0
R04-03302,32760000,60000
R04-03303,101790000,300000
R04-03304,34170000,150000
R04-03305,65950000,150000
R04-03306,85180000,300000
R04-03307,6820000,20000
R04-03308,1710000,0
R04-03309,20550000,60000
R04-03310,33330000,60000
R04-03311,52530000,150000
R04-03312,124940000,300000
R04-03313,82760000,300000
R04-03314,22610000,60000
R04-03315,4960000,0
R04-03316,31840000,60000
R04-03317,101460000,300000
R04-03318,12310000,40000
R04-03319,22780000,60000
R04-03320,32490000,60000
R04-03321,22060000,60000
R04-03322,23090000,60000
R04-03323,53140000,150000
R04-03324,7530000,20000
R04-03325,61740000,150000
R04-03326,54100000,150000
R04-03327,71720000,300000
R04-03328,1480000,0
R04-03329,15680000,40000
R04-03330,25850000,60000
R04-03331,13950000,40000
R04-03332,33560000,150000
R04-03333,74920000,300000
R04-03334,21550000,60000
R04-03335,99010000,300000
R04-03336,58150000,150000
R04-03337,67970000,300000
R04-03338,96110000,300000
R04-03339,42430000,150000
R04-03340,23380000,60000
R04-03341,95830000,300000
R04-03342,4700000,0
R04-03343,157260000,600000
R04-03344,2460000,0
R04-03345,3590000,0
R04-03346,4290000,0
R04-03347,34700000,150000
R04-03348,31050000,60000
R04-03349,22670000,60000
R04-03350,98310000,300000
R04-03351,75170000,300000
R04-03352,17400000,40000
R04-03353,16130000,40000
R04-03354,52760000,150000
R04-03355,72560000,300000
R04-03356,21830000,60000
R04-03357,27280000,60000
R04-03358,15490000,40000
R04-03359,63660000,150000
R04-03360,81480000,300000
R04-03361,52970000,150000
R04-03362,16900000,40000
R04-03363,44030000,150000
R04-03364,83670000,300000
R04-03365,46820000,150000
R04-03366,63600000,150000
R04-03367,14190000,40000
R04-03368,44860000,150000
R04-03369,1060000,0
R04-03370,70650000,300000
R04-03371,5970000,20000
R04-03372,26000000,60000
R04-03373,43060000,150000
R04-03374,7020000,20000
R04-03375,3610000,0
R04-03376,71030000,300000
R04-03377,25800000,60000
R04-03378,92460000,300000
R04-03379,95300000,300000
R04-03380,51010000,150000
R04-03381,6550000,20000
R04-03382,124000000,300000
R04-03383,62150000,150000
R04-03384,15930000,40000
R04-03385,22010000,60000
R04-03386,74640000,300000
R04-03387,30990000,60000
R04-03388,12010000,40000
R04-03389,21870000,60000
R04-03390,92060000,300000
R04-03391,96620000,300000
R04-03392,32750000,60000
R04-03393,72250000,300000
R04-03394,66270000,150000
R04-03395,15120000,40000
R04-03396,82230000,300000
R04-03397,49250000,150000
R04-03398,12610000,40000
R04-03399,72540000,300000
R04-03400,51810000,150000
R04-03401,22670000,60000
R04-03402,22850000,60000
R04-03403,74140000,300000
R04-03404,52400000,150000
R04-03405,34720000,150000
R04-03406,62710000,150000
R04-03407,54050000,150000
R04-03408,42650000,150000
R04-03409,31670000,60000
R04-03410,4150000,0
R04-03411,9690000,20000
R04-03412,13590000,40000
R04-03413,14200000,40000
R04-03414,33100000,60000
R04-03415,1970000,0
R04-03416,3660000,0
R04-03417,43950000,150000
R04-03418,22310000,60000
R04-03419,58790000,150000
R04-03420,89000000,300000
R04-03421,56430000,150000
R04-03422,37800000,150000
R04-03423,14800000,40000
R04-03424,11230000,40000
R04-03425,13680000,40000
R04-03426,22730000,60000
R04-03427,73950000,300000
R04-03428,72990000,300000
R04-03429,43790000,150000
R04-03430,23870000,60000
R04-03431,68310000,300000
R04-03432,33930000,150000
R04-03433,93750000,300000
R04-03434,34470000,150000
R04-03435,115820000,300000
R04-03436,94210000,300000
R04-03437,77260000,300000
R04-03438,33830000,150000
R04-03439,23480000,60000
R04-03440,82000000,300000
R04-03441,3530000,0
R04-03442,62440000,150000
R04-03443,22810000,60000
R04-03444,51490000,150000
R04-03445,57310000,150000
R04-03446,22420000,60000
R04-03447,91090000,300000
R04-03448,122710000,300000
R04-03449,12090000,40000
R04-03450,26190000,60000
R04-03451,42560000,150000
R04-03452,25730000,60000
R04-03453,47480000,150000
R04-03454,12910000,40000
R04-03455,53200000,150000
R04-03456,71570000,300000
R04-03457,18020000,40000
R04-03458,16020000,40000
R04-03459,31010000,60000
R04-03460,3260000,0
R04-03461,73780000,300000
R04-03462,45060000,150000
R04-03463,26220000,60000
R04-03464,52170000,150000
R04-03465,7680000,20000
R04-03466,22230000,60000
R04-03467,5310000,20000
R04-03468,33700000,150000
R04-03469,10770000,40000
R04-03470,56060000,150000
R04-03471,113280000,300000
R04-03472,11020000,40000
R04-03473,81930000,300000
R04-03474,2710000,0
R04-03475,3150000,0
R04-03476,32780000,60000
R04-03477,24430000,60000
R04-03478,65520000,150000
R04-03479,32960000,60000
R04-03480,50830000,150000
R04-03481,44720000,150000
R04-03482,141940000,600000
R04-03483,28160000,60000
R04-03484,85950000,300000
R04-03485,71520000,300000
R04-03486,36410000,150000
R04-03487,61500000,150000
R04-03488,24220000,60000
R04-03489,3850000,0
R04-03490,90680000,300000
R04-03491,12530000,40000
R04-03492,44370000,150000
R04-03493,81680000,300000
R04-03494,121010000,300000
R04-03495,20700000,60000
R04-03496,76190000,300000
R04-03497,41010000,150000
R04-03498,50980000,150000
R04-03499,45990000,150000
R04-03500,45550000,150000
R04-03501,137520000,600000
R04-03502,11950000,40000
R04-03503,42690000,150000
R04-03504,12810000,40000
R04-03505,111800000,300000
R04-03506,73610000,300000
R04-03507,5960000,20000
R04-03508,6530000,20000
R04-03509,47600000,150000
R04-03510,25430000,60000
R04-03511,25750000,60000
R04-03512,64730000,150000
R04-03513,56240000,150000
R04-03514,66300000,150000
R04-03515,43930000,150000
R04-03516,32590000,60000
R04-03517,44770000,150000
R04-03518,22270000,60000
R04-03519,31930000,60000
R04-03520,13770000,40000
R04-03521,11510000,40000
R04-03522,4540000,0
R04-03523,5080000,20000
R04-03524,35030000,150000
R04-03525,92510000,300000
R04-03526,55710000,150000
R04-03527,47070000,150000
R04-03528,21420000,60000
R04-03529,25140000,60000
R04-03530,23800000,60000
R04-03531,22730000,60000
R04-03532,61320000,150000
R04-03533,35400000,150000
R04-03534,56340000,150000
R04-03535,21380000,60000
R04-03536,75660000,300000
R04-03537,1360000,0
R04-03538,57360000,150000
R04-03539,52700000,150000
R04-03540,72330000,300000
R04-03541,64170000,150000
R04-03542,24270000,60000
R04-03543,33710000,150000
R04-03544,50650000,150000
R04-03545,41990000,150000
R04-03546,4820000,0
R04-03547,122430000,300000
R04-03548,45890000,150000
R04-03549,93140000,300000
R04-03550,101190000,300000
R04-03551,12220000,40000
R04-03552,105870000,300000
R04-03553,15410000,40000
R04-03554,90270000,300000
R04-03555,34880000,150000
R04-03556,62280000,150000
R04-03557,126430000,300000
R04-03558,1710000,0
R04-03559,61550000,150000
R04-03560,62820000,150000
R04-03561,22110000,60000
R04-03562,54620000,150000
R04-03563,17640000,40000
R04-03564,92930000,300000
R04-03565,43100000,150000
R04-03566,80950000,300000
R04-03567,13090000,40000
R04-03568,133230000,300000
R04-03569,84610000,300000
R04-03570,33440000,150000
R04-03571,43970000,150000
R04-03572,50890000,150000
R04-03573,63300000,150000
R04-03574,5270000,20000
R04-03575,14100000,40000
R04-03576,51380000,150000
R04-03577,3230000,0
R04-03578,11370000,40000
R04-03579,14170000,40000
R04-03580,54640000,150000
R04-03581,9260000,20000
R04-03582,31650000,60000
R04-03583,82420000,300000
R04-03584,10700000,40000
R04-03585,63680000,150000
R04-03586,35150000,150000
R04-03587,104060000,300000
R04-03588,17110000,40000
R04-03589,223270000,1000000
R04-03590,64880000,150000
R04-03591,34760000,150000
R04-03592,54410000,150000
R04-03593,31440000,60000
R04-03594,115710000,300000
R04-03595,42980000,150000
R04-03596,61710000,150000
R04-03597,56000000,150000
R04-03598,33380000,150000
R04-03599,97530000,300000
R04-03600,25970000,60000
R04-03601,12410000,40000
R04-03602,36130000,150000
R04-03603,43980000,150000
R04-03604,32640000,60000
R04-03605,56100000,150000
R04-03606,62990000,150000
R04-03607,74480000,300000
R04-03608,120300000,300000
R04-03609,15010000,40000
R04-03610,23900000,60000
R04-03611,75470000,300000
R04-03612,119020000,300000
R04-03613,67840000,300000
R04-03614,71230000,300000
R04-03615,32560000,60000
R04-03616,103010000,300000
R04-03617,111030000,300000
R04-03618,42720000,150000
R04-03619,41350000,150000
R04-03620,14440000,40000
R04-03621,25490000,60000
R04-03622,5550000,20000
R04-03623,65200000,150000
R04-03624,22520000,60000
R04-03625,12240000,40000
R04-03626,46570000,150000
R04-03627,15520000,40000
R04-03628,62040000,150000
R04-03629,93460000,300000
R04-03630,22770000,60000
R04-03631,31840000,60000
R04-03632,53100000,150000
R04-03633,133530000,600000
R04-03634,25720000,60000
R04-03635,22490000,60000
R04-03636,63880000,150000
R04-03637,125730000,300000
R04-03638,83160000,300000
R04-03639,32530000,60000
R04-03640,83650000,300000
R04-03641,42050000,150000
R04-03642,86810000,300000
R04-03643,2800000,0
R04-03644,28900000,60000
R04-03645,61860000,150000
R04-03646,62400000,150000
R04-03647,33650000,150000
R04-03648,20800000,60000
R04-03649,5040000,20000
R04-03650,61850000,150000
R04-03651,26500000,60000
R04-03652,52110000,150000
R04-03653,4400000,0
R04-03654,14720000,40000
R04-03655,22160000,60000
R04-03656,31490000,60000
R04-03657,55430000,150000
R04-03658,36150000,150000
R04-03659,21590000,60000
R04-03660,104390000,300000
R04-03661,100970000,300000
R04-03662,56410000,150000
R04-03663,7620000,20000
R04-03664,12860000,40000
R04-03665,12050000,40000
R04-03666,23220000,60000
R04-03667,124910000,300000
R04-03668,6200000,20000
R04-03669,34520000,150000
R04-03670,52730000,150000
R04-03671,81350000,300000
R04-03672,55940000,150000
R04-03673,73170000,300000
R04-03674,90480000,300000
R04-03675,72850000,300000
R04-03676,3470000,0
R04-03677,2340000,0
R04-03678,7070000,20000
R04-03679,12540000,40000
R04-03680,8220000,20000
R04-03681,5680000,20000
R04-03682,52100000,150000
R04-03683,24800000,60000
R04-03684,430000,0
R04-03685,115350000,300000
R04-03686,11930000,40000
R04-03687,36240000,150000
R04-03688,56110000,150000
R04-03689,75860000,300000
R04-03690,41510000,150000
R04-03691,3400000,0
R04-03692,36110000,150000
R04-03693,87970000,300000
R04-03694,12830000,40000
R04-03695,13100000,40000
R04-03696,77160000,300000
R04-03697,41210000,150000
R04-03698,21760000,60000
R04-03699,4500000,0
R04-03700,53790000,150000
R04-03701,53950000,150000
R04-03702,46260000,150000
R04-03703,4100000,0
R04-03704,72750000,300000
R04-03705,134550000,600000
R04-03706,51970000,150000
R04-03707,102640000,300000
R04-03708,95680000,300000
R04-03709,34240000,150000
R04-03710,47790000,150000
R04-03711,53480000,150000
R04-03712,64530000,150000
R04-03713,23240000,60000
R04-03714,24780000,60000
R04-03715,42940000,150000
R04-03716,3910000,0
R04-03717,83330000,300000
R04-03718,14460000,40000
R04-03719,91870000,300000
R04-03720,21410000,60000
R04-03721,47160000,150000
R04-03722,48350000,150000
R04-03723,93680000,300000
R04-03724,94450000,300000
R04-03725,95240000,300000
R04-03726,35680000,150000
R04-03727,6380000,20000
R04-03728,72130000,300000
R04-03729,43880000,150000
R04-03730,91250000,300000
R04-03731,41960000,150000
R04-03732,33560000,150000
R04-03733,22670000,60000
R04-03734,13720000,40000
R04-03735,52060000,150000
R04-03736,6890000,20000
R04-03737,24530000,60000
R04-03738,46920000,150000
R04-03739,63770000,150000
R04-03740,47870000,150000
R04-03741,143560000,600000
R04-03742,32130000,60000
R04-03743,154980000,600000
R04-03744,63550000,150000
R04-03745,11960000,40000
R04-03746,12110000,40000
R04-03747,2230000,0
R04-03748,1620000,0
R04-03749,27400000,60000
R04-03750,2540000,0
R04-03751,53010000,150000
R04-03752,4560000,0
R04-03753,24490000,60000
R04-03754,2440000,0
R04-03755,4680000,0
R04-03756,37320000,150000
R04-03757,32720000,60000
R04-03758,10680000,40000
R04-03759,93900000,300000
R04-03760,14090000,40000
R04-03761,31950000,60000
R04-03762,113310000,300000
R04-03763,55570000,150000
R04-03764,44960000,150000
R04-03765,71910000,300000
R04-03766,51930000,150000
R04-03767,57540000,150000
R04-03768,100550000,300000
R04-03769,34590000,150000
R04-03770,57980000,150000
R04-03771,112510000,300000
R04-03772,18110000,40000
R04-03773,62670000,150000
R04-03774,51030000,150000
R04-03775,13390000,40000
R04-03776,32620000,60000
R04-03777,62110000,150000
R04-03778,44540000,150000
R04-03779,1540000,0
R04-03780,22620000,60000
R04-03781,82180000,300000
R04-03782,34580000,150000
R04-03783,75430000,300000
R04-03784,42900000,150000
R04-03785,36640000,150000
R04-03786,64370000,150000
R04-03787,33590000,150000
R04-03788,15830000,40000
R04-03789,46140000,150000
R04-03790,1750000,0
R04-03791,31580000,60000
R04-03792,37940000,150000
R04-03793,32480000,60000
R04-03794,42850000,150000
R04-03795,31200000,60000
R04-03796,91410000,300000
R04-03797,30600000,60000
R04-03798,15740000,40000
R04-03799,102160000,300000
R04-03800,71230000,300000
R04-03801,13670000,40000
R04-03802,4310000,0
R04-03803,12030000,40000
R04-03804,67000000,300000
R04-03805,3720000,0
R04-03806,104810000,300000
R04-03807,4760000,0
R04-03808,41880000,150000
R04-03809,42170000,150000
R04-03810,45370000,150000
R04-03811,64150000,150000
R04-03812,25370000,60000
R04-03813,23150000,60000
R04-03814,36640000,150000
R04-03815,3030000,0
R04-03816,14320000,40000
R04-03817,11990000,40000
R04-03818,75520000,300000
R04-03819,3450000,0
R04-03820,27170000,60000
R04-03821,33580000,150000
R04-03822,64050000,150000
R04-03823,63530000,150000
R04-03824,23460000,60000
R04-03825,12790000,40000
R04-03826,82810000,300000
R04-03827,42760000,150000
R04-03828,66960000,300000
R04-03829,4130000,0
R04-03830,5820000,20000
R04-03831,7470000,20000
R04-03832,16200000,40000
R04-03833,55640000,150000
R04-03834,152690000,600000
R04-03835,16680000,40000
R04-03836,37400000,150000
R04-03837,3200000,0
R04-03838,114170000,300000
R04-03839,64790000,150000
R04-03840,122480000,300000
R04-03841,30380000,60000
R04-03842,22970000,60000
R04-03843,15250000,40000
R04-03844,7120000,20000
R04-03845,8250000,20000
R04-03846,45280000,150000
R04-03847,41710000,150000
R04-03848,65470000,150000
R04-03849,73360000,300000
R04-03850,40870000,150000
R04-03851,52700000,150000
R04-03852,35350000,150000
R04-03853,6770000,20000
R04-03854,23260000,60000
R04-03855,61990000,150000
R04-03856,600000,0
R04-03857,15680000,40000
R04-03858,20890000,60000
R04-03859,24560000,60000
R04-03860,61790000,150000
R04-03861,36590000,150000
R04-03862,27590000,60000
R04-03863,71090000,300000
R04-03864,7460000,20000
R04-03865,81850000,300000
R04-03866,74570000,300000
R04-03867,121960000,300000
R04-03868,4510000,0
R04-03869,56540000,150000
R04-03870,12890000,40000
R04-03871,6450000,20000
R04-03872,84870000,300000
R04-03873,72660000,300000
R04-03874,44820000,150000
R04-03875,4190000,0
R04-03876,34590000,150000
R04-03877,107170000,300000
R04-03878,35110000,150000
R04-03879,51620000,150000
R04-03880,46490000,150000
R04-03881,77960000,300000
R04-03882,66070000,150000
R04-03883,4940000,0
R04-03884,23470000,60000
R04-03885,92990000,300000
R04-03886,26560000,60000
R04-03887,31640000,60000
R04-03888,33050000,60000
R04-03889,63370000,150000
R04-03890,102040000,300000
R04-03891,143020000,600000
R04-03892,17550000,40000
R04-03893,22070000,60000
R04-03894,64690000,150000
R04-03895,35360000,150000
R04-03896,690000,0
R04-03897,2100000,0
R04-03898,4250000,0
R04-03899,6290000,20000
R04-03900,36090000,150000
R04-03901,31010000,60000
R04-03902,4040000,0
R04-03903,83510000,300000
R04-03904,4870000,0
R04-03905,16620000,40000
R04-03906,95380000,300000
R04-03907,91820000,300000
R04-03908,73090000,300000
R04-03909,47680000,150000
R04-03910,3650000,0
R04-03911,13920000,40000
R04-03912,25250000,60000
R04-03913,112510000,300000
R04-03914,104360000,300000
R04-03915,12140000,40000
R04-03916,62250000,150000
R04-03917,101810000,300000
R04-03918,28860000,60000
R04-03919,32740000,60000
R04-03920,61020000,150000
R04-03921,56980000,150000
R04-03922,83550000,300000
R04-03923,65400000,150000
R04-03924,94930000,300000
R04-03925,94300000,300000
R04-03926,11520000,40000
R04-03927,126570000,300000
R04-03928,74770000,300000
R04-03929,22860000,60000
R04-03930,1640000,0
R04-03931,4290000,0
R04-03932,132830000,300000
R04-03933,21530000,60000
R04-03934,12060000,40000
R04-03935,31680000,60000
R04-03936,5140000,20000
R04-03937,101950000,300000
R04-03938,94400000,300000
R04-03939,108510000,300000
R04-03940,11730000,40000
R04-03941,34370000,150000
R04-03942,12080000,40000
R04-03943,36410000,150000
R04-03944,46410000,150000
R04-03945,44470000,150000
R04-03946,42360000,150000
R04-03947,23650000,60000
R04-03948,61570000,150000
R04-03949,41230000,150000
R04-03950,72280000,300000
R04-03951,109530000,300000
R04-03952,63490000,150000
R04-03953,7100000,20000
R04-03954,23850000,60000
R04-03955,127530000,300000
R04-03956,53230000,150000
R04-03957,72660000,300000
R04-03958,122270000,300000
R04-03959,104290000,300000
R04-03960,36270000,150000
R04-03961,22580000,60000
R04-03962,24950000,60000
R04-03963,4000000,0
R04-03964,32130000,60000
R04-03965,25730000,60000
R04-03966,178430000,600000
R04-03967,13430000,40000
R04-03968,1820000,0
R04-03969,13900000,40000
R04-03970,33730000,150000
R04-03971,22580000,60000
R04-03972,35000000,150000
R04-03973,91890000,300000
R04-03974,123130000,300000
R04-03975,46040000,150000
R04-03976,23410000,60000
R04-03977,24320000,60000
R04-03978,42410000,150000
R04-03979,34360000,150000
R04-03980,32880000,60000
R04-03981,43450000,150000
R04-03982,71390000,300000
R04-03983,12380000,40000
R04-03984,22450000,60000
R04-03985,72750000,300000
R04-03986,12980000,40000
R04-03987,43200000,150000
R04-03988,3810000,0
R04-03989,8430000,20000
R04-03990,46940000,150000
R04-03991,45610000,150000
R04-03992,48850000,150000
R04-03993,14940000,40000
R04-03994,52600000,150000
R04-03995,41970000,150000
R04-03996,81620000,300000
R04-03997,26040000,60000
R04-03998,37240000,150000
R04-03999,21740000,60000
R04-04000,45890000,150000
R04-04001,57110000,150000
R04-04002,83470000,300000
R04-04003,106490000,300000
R04-04004,11930000,40000
R04-04005,10470000,40000
R04-04006,22420000,60000
R04-04007,62070000,150000
R04-04008,41470000,150000
R04-04009,63110000,150000
R04-04010,89800000,300000
R04-04011,35890000,150000
R04-04012,81760000,300000
R04-04013,26090000,60000
R04-04014,32030000,60000
R04-04015,36390000,150000
R04-04016,36060000,150000
R04-04017,132650000,300000
R04-04018,91520000,300000
R04-04019,53400000,150000
R04-04020,3550000,0
R04-04021,54480000,150000
R04-04022,16270000,40000
R04-04023,101930000,300000
R04-04024,24360000,60000
R04-04025,52800000,150000
R04-04026,21400000,60000
R04-04027,22850000,60000
R04-04028,53590000,150000
R04-04029,33580000,150000
R04-04030,31930000,60000
R04-04031,154330000,600000
R04-04032,33320000,60000
R04-04033,32060000,60000
R04-04034,21720000,60000
R04-04035,390000,0
R04-04036,101350000,300000
R04-04037,2340000,0
R04-04038,52580000,150000
R04-04039,31320000,60000
R04-04040,6070000,20000
R04-04041,23260000,60000
R04-04042,21100000,60000
R04-04043,21330000,60000
R04-04044,83460000,300000
R04-04045,42850000,150000
R04-04046,37610000,150000
R04-04047,86060000,300000
R04-04048,52020000,150000
R04-04049,145750000,600000
R04-04050,85040000,300000
R04-04051,72450000,300000
R04-04052,12080000,40000
R04-04053,33860000,150000
R04-04054,26260000,60000
R04-04055,80840000,300000
R04-04056,53580000,150000
R04-04057,36580000,150000
R04-04058,71740000,300000
R04-04059,50970000,150000
R04-04060,63540000,150000
R04-04061,45410000,150000
R04-04062,25140000,60000
R04-04063,52410000,150000
R04-04064,91820000,300000
R04-04065,39970000,150000
R04-04066,35280000,150000
R04-04067,41300000,150000
R04-04068,32430000,60000
R04-04069,51720000,150000
R04-04070,31440000,60000
R04-04071,36850000,150000
R04-04072,93220000,300000
R04-04073,35540000,150000
R04-04074,80760000,300000
R04-04075,12890000,40000
R04-04076,23220000,60000
R04-04077,21950000,60000
R04-04078,22740000,60000
R04-04079,26140000,60000
R04-04080,174450000,600000
R04-04081,76440000,300000
R04-04082,104560000,300000
R04-04083,96390000,300000
R04-04084,17690000,40000
R04-04085,1510000,0
R04-04086,22760000,60000
R04-04087,9510000,20000
R04-04088,93760000,300000
R04-04089,7930000,20000
R04-04090,24740000,60000
R04-04091,66350000,150000
R04-04092,66800000,300000
R04-04093,73860000,300000
R04-04094,21520000,60000
R04-04095,14190000,40000
R04-04096,47230000,150000
R04-04097,15640000,40000
R04-04098,72420000,300000
R04-04099,32420000,60000
R04-04100,51890000,150000
R04-04101,15180000,40000
R04-04102,24580000,60000
R04-04103,32640000,60000
R04-04104,91390000,300000
R04-04105,58950000,150000
R04-04106,36800000,150000
R04-04107,25070000,60000
R04-04108,1810000,0
R04-04109,93400000,300000
R04-04110,65270000,150000
R04-04111,52000000,150000
R04-04112,63580000,150000
R04-04113,43300000,150000
R04-04114,81260000,300000
R04-04115,55820000,150000
R04-04116,82470000,300000
R04-04117,82960000,300000
R04-04118,7070000,20000
R04-04119,127530000,300000
R04-04120,66610000,150000
R04-04121,17040000,40000
R04-04122,1830000,0
R04-04123,63160000,150000
R04-04124,45650000,150000
R04-04125,24520000,60000
R04-04126,56210000,150000
R04-04127,13060000,40000
R04-04128,32090000,60000
R04-04129,60780000,150000
R04-04130,35590000,150000
R04-04131,47050000,150000
R04-04132,24900000,60000
R04-04133,36240000,150000
R04-04134,102250000,300000
R04-04135,12140000,40000
R04-04136,20920000,60000
R04-04137,42250000,150000
R04-04138,65360000,150000
R04-04139,33700000,150000
R04-04140,47890000,150000
R04-04141,21730000,60000
R04-04142,81410000,300000
R04-04143,22890000,60000
R04-04144,105790000,300000
R04-04145,21340000,60000
R04-04146,61460000,150000
R04-04147,96020000,300000
R04-04148,12370000,40000
R04-04149,67670000,300000
R04-04150,54000000,150000
R04-04151,12460000,40000
R04-04152,24320000,60000
R04-04153,64950000,150000
R04-04154,84650000,300000
R04-04155,27510000,60000
R04-04156,31680000,60000
R04-04157,11790000,40000
R04-04158,53180000,150000
R04-04159,33900000,150000
R04-04160,3200000,0
R04-04161,12960000,40000
R04-04162,41440000,150000
R04-04163,13150000,40000
R04-04164,11940000,40000
R04-04165,21460000,60000
R04-04166,31870000,60000
R04-04167,81280000,300000
R04-04168,4930000,0
R04-04169,78480000,300000
R04-04170,33460000,150000
R04-04171,106330000,300000
R04-04172,31770000,60000
R04-04173,4330000,0
R04-04174,52330000,150000
R04-04175,13810000,40000
R04-04176,32950000,60000
R04-04177,62250000,150000
R04-04178,26590000,60000
R04-04179,35940000,150000
R04-04180,20600000,60000
R04-04181,36870000,150000
R04-04182,75440000,300000
R04-04183,21150000,60000
R04-04184,62250000,150000
R04-04185,52070000,150000
R04-04186,55640000,150000
R04-04187,81020000,300000
R04-04188,66760000,300000
R04-04189,71470000,300000
R04-04190,11780000,40000
R04-04191,36420000,150000
R04-04192,39470000,150000
R04-04193,51920000,150000
R04-04194,54050000,150000
R04-04195,71560000,300000
R04-04196,32210000,60000
R04-04197,10920000,40000
R04-04198,7130000,20000
R04-04199,24800000,60000
R04-04200,35640000,150000
R04-04201,32320000,60000
R04-04202,53950000,150000
R04-04203,26740000,60000
R04-04204,116890000,300000
R04-04205,26200000,60000
R04-04206,37110000,150000
R04-04207,1800000,0
R04-04208,132740000,300000
R04-04209,7890000,20000
R04-04210,56450000,150000
R04-04211,44620000,150000
R04-04212,13960000,40000
R04-04213,53690000,150000
R04-04214,22890000,60000
R04-04215,52370000,150000
R04-04216,91740000,300000
R04-04217,22350000,60000
R04-04218,113880000,300000
R04-04219,26790000,60000
R04-04220,36120000,150000
R04-04221,54870000,150000
R04-04222,92110000,300000
R04-04223,86420000,300000
R04-04224,22560000,60000
R04-04225,3030000,0
R04-04226,6550000,20000
R04-04227,11770000,40000
R04-04228,14350000,40000
R04-04229,155910000,600000
R04-04230,25500000,60000
R04-04231,41410000,150000
R04-04232,64430000,150000
R04-04233,52840000,150000
R04-04234,81130000,300000
R04-04235,26130000,60000
R04-04236,60260000,150000
R04-04237,10530000,40000
R04-04238,123460000,300000
R04-04239,76470000,300000
R04-04240,5780000,20000
R04-04241,37490000,150000
R04-04242,11940000,40000
R04-04243,14260000,40000
R04-04244,83080000,300000
R04-04245,44600000,150000
R04-04246,3070000,0
R04-04247,87510000,300000
R04-04248,32700000,60000
R04-04249,14810000,40000
R04-04250,50950000,150000
R04-04251,25900000,60000
R04-04252,66370000,150000
R04-04253,80960000,300000
R04-04254,42820000,150000
R04-04255,23310000,60000
R04-04256,71890000,300000
R04-04257,25240000,60000
R04-04258,114020000,300000
R04-04259,17290000,40000
R04-04260,42390000,150000
R04-04261,4350000,0
R04-04262,66990000,300000
R04-04263,11420000,40000
R04-04264,43960000,150000
R04-04265,62660000,150000
R04-04266,57510000,150000
R04-04267,79130000,300000
R04-04268,64200000,150000
R04-04269,630000,0
R04-04270,34890000,150000
R04-04271,43370000,150000
R04-04272,12810000,40000
R04-04273,1760000,0
R04-04274,46930000,150000
R04-04275,3050000,0
R04-04276,22600000,60000
R04-04277,22730000,60000
R04-04278,4950000,0
R04-04279,142350000,600000
R04-04280,13010000,40000
R04-04281,70980000,300000
R04-04282,71090000,300000
R04-04283,48550000,150000
R04-04284,67990000,300000
R04-04285,6470000,20000
R04-04286,138170000,600000
R04-04287,57680000,150000
R04-04288,3110000,0
R04-04289,16510000,40000
R04-04290,73760000,300000
R04-04291,65910000,150000
R04-04292,16440000,40000
R04-04293,24350000,60000
R04-04294,113980000,300000
R04-04295,82650000,300000
R04-04296,14010000,40000
R04-04297,10610000,40000
R04-04298,3550000,0
R04-04299,12190000,40000
R04-04300,21680000,60000
R04-04301,55280000,150000
R04-04302,37140000,150000
R04-04303,48640000,150000
R04-04304,46680000,150000
R04-04305,24080000,60000
R04-04306,33800000,150000
R04-04307,77820000,300000
R04-04308,46140000,150000
R04-04309,20880000,60000
R04-04310,37430000,150000
R04-04311,45710000,150000
R04-04312,83950000,300000
R04-04313,10860000,40000
R04-04314,35650000,150000
R04-04315,25420000,60000
R04-04316,14220000,40000
R04-04317,65450000,150000
R04-04318,31000000,60000
R04-04319,55740000,150000
R04-04320,17530000,40000
R04-04321,44410000,150000
R04-04322,34160000,150000
R04-04323,4900000,0
R04-04324,23040000,60000
R04-04325,40800000,150000
R04-04326,44530000,150000
R04-04327,26740000,60000
R04-04328,141580000,600000
R04-04329,940000,0
R04-04330,33470000,150000
R04-04331,57800000,150000
R04-04332,86770000,300000
R04-04333,32230000,60000
R04-04334,4950000,0
R04-04335,54580000,150000
R04-04336,34010000,150000
R04-04337,37110000,150000
R04-04338,46760000,150000
R04-04339,97750000,300000
R04-04340,12440000,40000
R04-04341,70930000,300000
R04-04342,15860000,40000
R04-04343,24290000,60000
R04-04344,55700000,150000
R04-04345,55250000,150000
R04-04346,16480000,40000
R04-04347,14300000,40000
R04-04348,57550000,150000
R04-04349,23150000,60000
R04-04350,54860000,150000
R04-04351,31790000,60000
R04-04352,61960000,150000
R04-04353,170000,0
R04-04354,35370000,150000
R04-04355,41620000,150000
R04-04356,64780000,150000
R04-04357,15850000,40000
R04-04358,63980000,150000
R04-04359,12350000,40000
R04-04360,5310000,20000
R04-04361,71940000,300000
R04-04362,31930000,60000
R04-04363,52350000,150000
R04-04364,93890000,300000
R04-04365,53680000,150000
R04-04366,2980000,0
R04-04367,3090000,0
R04-04368,7620000,20000
R04-04369,62100000,150000
R04-04370,5680000,20000
R04-04371,37910000,150000
R04-04372,5160000,20000
R04-04373,145210000,600000
R04-04374,33200000,60000
R04-04375,24300000,60000
R04-04376,62540000,150000
R04-04377,92430000,300000
R04-04378,35130000,150000
R04-04379,92100000,300000
R04-04380,24430000,60000
R04-04381,34390000,150000
R04-04382,65690000,150000
R04-04383,5000000,20000
R04-04384,25080000,60000
R04-04385,146840000,600000
R04-04386,31290000,60000
R04-04387,103820000,300000
R04-04388,105120000,300000
R04-04389,10160000,40000
R04-04390,73670000,300000
R04-04391,34410000,150000
R04-04392,41370000,150000
R04-04393,84040000,300000
R04-04394,124510000,300000
R04-04395,13840000,40000
R04-04396,48780000,150000
R04-04397,27840000,60000
R04-04398,62520000,150000
R04-04399,3610000,0
R04-04400,4060000,0
R04-04401,1600000,0
R04-04402,63770000,150000
R04-04403,112590000,300000
R04-04404,32270000,60000
R04-04405,13790000,40000
R04-04406,132050000,300000
R04-04407,61980000,150000
R04-04408,5000000,20000
R04-04409,3090000,0
R04-04410,81580000,300000
R04-04411,33090000,60000
R04-04412,56360000,150000
R04-04413,98180000,300000
R04-04414,34590000,150000
R04-04415,72880000,300000
R04-04416,30920000,60000
R04-04417,530000,0
R04-04418,42610000,150000
R04-04419,34590000,150000
R04-04420,34030000,150000
R04-04421,5340000,20000
R04-04422,9210000,20000
R04-04423,53140000,150000
R04-04424,64900000,150000
R04-04425,30730000,60000
R04-04426,32580000,60000
R04-04427,700000,0
R04-04428,123220000,300000
R04-04429,5730000,20000
R04-04430,36430000,150000
R04-04431,11790000,40000
R04-04432,52930000,150000
R04-04433,33190000,60000
R04-04434,21360000,60000
R04-04435,37140000,150000
R04-04436,53290000,150000
R04-04437,27670000,60000
R04-04438,2590000,0
R04-04439,98310000,300000
R04-04440,105760000,300000
R04-04441,34680000,150000
R04-04442,22000000,60000
R04-04443,75590000,300000
R04-04444,15860000,40000
R04-04445,42660000,150000
R04-04446,86630000,300000
R04-04447,32690000,60000
R04-04448,1700000,0
R04-04449,40550000,150000
R04-04450,75940000,300000
R04-04451,22260000,60000
R04-04452,174400000,600000
R04-04453,58750000,150000
R04-04454,221400000,1000000
R04-04455,34190000,150000
R04-04456,13810000,40000
R04-04457,46560000,150000
R04-04458,25760000,60000
R04-04459,55510000,150000
R04-04460,103730000,300000
R04-04461,3100000,0
R04-04462,5150000,20000
R04-04463,24040000,60000
R04-04464,12430000,40000
R04-04465,15970000,40000
R04-04466,2200000,0
R04-04467,32450000,60000
R04-04468,92650000,300000
R04-04469,94810000,300000
R04-04470,43690000,150000
R04-04471,57670000,150000
R04-04472,35400000,150000
R04-04473,106230000,300000
R04-04474,76630000,300000
R04-04475,76840000,300000
R04-04476,12640000,40000
R04-04477,53500000,150000
R04-04478,51260000,150000
R04-04479,45170000,150000
R04-04480,41540000,150000
R04-04481,7640000,20000
R04-04482,32910000,60000
R04-04483,83400000,300000
R04-04484,17960000,40000
R04-04485,54650000,150000
R04-04486,34440000,150000
R04-04487,13810000,40000
R04-04488,11620000,40000
R04-04489,42320000,150000
R04-04490,51440000,150000
R04-04491,94120000,300000
R04-04492,33110000,60000
R04-04493,8760000,20000
R04-04494,28600000,60000
R04-04495,71880000,300000
R04-04496,2600000,0
R04-04497,2270000,0
R04-04498,24450000,60000
R04-04499,11480000,40000
R04-04500,23500000,60000
R04-04501,106180000,300000
R04-04502,95740000,300000
R04-04503,34810000,150000
R04-04504,12470000,40000
R04-04505,22470000,60000
R04-04506,34890000,150000
R04-04507,74600000,300000
R04-04508,60330000,150000
R04-04509,66680000,300000
R04-04510,41990000,150000
R04-04511,47000000,150000
R04-04512,47260000,150000
R04-04513,32140000,60000
R04-04514,1310000,0
R04-04515,32400000,60000
R04-04516,35460000,150000
R04-04517,112710000,300000
R04-04518,36360000,150000
R04-04519,72200000,300000
R04-04520,40310000,150000
R04-04521,42350000,150000
R04-04522,13230000,40000
R04-04523,43870000,150000
R04-04524,36490000,150000
R04-04525,51300000,150000
R04-04526,5840000,20000
R04-04527,141550000,600000
R04-04528,62440000,150000
R04-04529,31950000,60000
R04-04530,43450000,150000
R04-04531,34340000,150000
R04-04532,40980000,150000
R04-04533,109000000,300000
R04-04534,64090000,150000
R04-04535,94270000,300000
R04-04536,64330000,150000
R04-04537,72830000,300000
R04-04538,22440000,60000
R04-04539,43730000,150000
R04-04540,90850000,300000
R04-04541,43700000,150000
R04-04542,55630000,150000
R04-04543,65900000,150000
R04-04544,15090000,40000
R04-04545,6120000,20000
R04-04546,11370000,40000
R04-04547,33000000,60000
R04-04548,44660000,150000
R04-04549,62080000,150000
R04-04550,36380000,150000
R04-04551,63160000,150000
R04-04552,34620000,150000
R04-04553,32010000,60000
R04-04554,22950000,60000
R04-04555,57540000,150000
R04-04556,51690000,150000
R04-04557,61960000,150000
R04-04558,11920000,40000
R04-04559,61830000,150000
R04-04560,36170000,150000
R04-04561,116000000,300000
R04-04562,97770000,300000
R04-04563,4140000,0
R04-04564,22930000,60000
R04-04565,76080000,300000
R04-04566,32770000,60000
R04-04567,14890000,40000
R04-04568,83060000,300000
R04-04569,52020000,150000
R04-04570,7330000,20000
R04-04571,52240000,150000
R04-04572,13570000,40000
R04-04573,34470000,150000
R04-04574,100720000,300000
R04-04575,34820000,150000
R04-04576,4780000,0
R04-04577,66610000,150000
R04-04578,24730000,60000
R04-04579,62020000,150000
R04-04580,68920000,300000
R04-04581,61130000,150000
R04-04582,100830000,300000
R04-04583,1740000,0
R04-04584,72120000,300000
R04-04585,35480000,150000
R04-04586,84320000,300000
R04-04587,36380000,150000
R04-04588,105030000,300000
R04-04589,11910000,40000
R04-04590,12660000,40000
R04-04591,83090000,300000
R04-04592,12470000,40000
R04-04593,12580000,40000
R04-04594,83040000,300000
R04-04595,56660000,150000
R04-04596,52630000,150000
R04-04597,45610000,150000
R04-04598,2340000,0
R04-04599,12410000,40000
R04-04600,45770000,150000
R04-04601,1920000,0
R04-04602,12340000,40000
R04-04603,35580000,150000
R04-04604,4460000,0
R04-04605,7520000,20000
R04-04606,95760000,300000
R04-04607,3330000,0
R04-04608,26600000,60000
R04-04609,72240000,300000
R04-04610,34290000,150000
R04-04611,20530000,60000
R04-04612,63000000,150000
R04-04613,35850000,150000
R04-04614,9270000,20000
R04-04615,33660000,150000
R04-04616,74070000,300000
R04-04617,72100000,300000
R04-04618,32590000,60000
R04-04619,41940000,150000
R04-04620,5580000,20000
R04-04621,7420000,20000
R04-04622,41130000,150000
R04-04623,33850000,150000
R04-04624,26620000,60000
R04-04625,60880000,150000
R04-04626,24300000,60000
R04-04627,46560000,150000
R04-04628,22500000,60000
R04-04629,101880000,300000
R04-04630,42730000,150000
R04-04631,24320000,60000
R04-04632,62170000,150000
R04-04633,65440000,150000
R04-04634,74240000,300000
R04-04635,66450000,150000
R04-04636,45060000,150000
R04-04637,45430000,150000
R04-04638,12340000,40000
R04-04639,25150000,60000
R04-04640,11290000,40000
R04-04641,57720000,150000
R04-04642,42130000,150000
R04-04643,2540000,0
R04-04644,62520000,150000
R04-04645,45370000,150000
R04-04646,130890000,300000
R04-04647,27590000,60000
R04-04648,92760000,300000
R04-04649,34910000,150000
R04-04650,26890000,60000
R04-04651,11950000,40000
R04-04652,31540000,60000
R04-04653,20720000,60000
R04-04654,43470000,150000
R04-04655,23220000,60000
R04-04656,12080000,40000
R04-04657,3080000,0
R04-04658,4250000,0
R04-04659,45930000,150000
R04-04660,74750000,300000
R04-04661,55230000,150000
R04-04662,1020000,0
R04-04663,48570000,150000
R04-04664,22270000,60000
R04-04665,63740000,150000
R04-04666,27980000,60000
R04-04667,18190000,40000
R04-04668,14060000,40000
R04-04669,12520000,40000
R04-04670,23370000,60000
R04-04671,4220000,0
R04-04672,53120000,150000
R04-04673,6530000,20000
R04-04674,88680000,300000
R04-04675,22740000,60000
R04-04676,38400000,150000
R04-04677,22750000,60000
R04-04678,53350000,150000
R04-04679,26320000,60000
R04-04680,57480000,150000
R04-04681,94250000,300000
R04-04682,47490000,150000
R04-04683,1880000,0
R04-04684,58720000,150000
R04-04685,81220000,300000
R04-04686,63170000,150000
R04-04687,131600000,300000
R04-04688,56430000,150000
R04-04689,1050000,0
R04-04690,32520000,60000
R04-04691,34470000,150000
R04-04692,14860000,40000
R04-04693,111250000,300000
R04-04694,83330000,300000
R04-04695,13620000,40000
R04-04696,64570000,150000
R04-04697,1570000,0
R04-04698,11870000,40000
R04-04699,45420000,150000
R04-04700,31740000,60000
R04-04701,52600000,150000
R04-04702,82970000,300000
R04-04703,3290000,0
R04-04704,7050000,20000
R04-04705,32080000,60000
R04-04706,95680000,300000
R04-04707,10820000,40000
R04-04708,2800000,0
R04-04709,30810000,60000
R04-04710,43090000,150000
R04-04711,58010000,150000
R04-04712,57330000,150000
R04-04713,61230000,150000
R04-04714,54510000,150000
R04-04715,56620000,150000
R04-04716,12380000,40000
R04-04717,37520000,150000
R04-04718,32040000,60000
R04-04719,40710000,150000
R04-04720,22610000,60000
R04-04721,11640000,40000
R04-04722,32200000,60000
R04-04723,12760000,40000
R04-04724,122120000,300000
R04-04725,24520000,60000
R04-04726,13870000,40000
R04-04727,113080000,300000
R04-04728,61080000,150000
R04-04729,31680000,60000
R04-04730,2510000,0
R04-04731,51210000,150000
R04-04732,24780000,60000
R04-04733,7390000,20000
R04-04734,133090000,300000
R04-04735,12020000,40000
R04-04736,67820000,300000
R04-04737,6160000,20000
R04-04738,75200000,300000
R04-04739,68000000,300000
R04-04740,27270000,60000
R04-04741,34980000,150000
R04-04742,21070000,60000
R04-04743,35160000,150000
R04-04744,1870000,0
R04-04745,22120000,60000
R04-04746,23020000,60000
R04-04747,34540000,150000
R04-04748,7520000,20000
R04-04749,10860000,40000
R04-04750,85810000,300000
R04-04751,52010000,150000
R04-04752,3930000,0
R04-04753,22240000,60000
R04-04754,9540000,20000
R04-04755,51090000,150000
R04-04756,107330000,300000
R04-04757,47940000,150000
R04-04758,64320000,150000
R04-04759,5520000,20000
R04-04760,10710000,40000
R04-04761,33840000,150000
R04-04762,3750000,0
R04-04763,84350000,300000
R04-04764,63150000,150000
R04-04765,23770000,60000
R04-04766,31220000,60000
R04-04767,32600000,60000
R04-04768,5380000,20000
R04-04769,35530000,150000
R04-04770,106620000,300000
R04-04771,56530000,150000
R04-04772,73320000,300000
R04-04773,46050000,150000
R04-04774,13890000,40000
R04-04775,94980000,300000
R04-04776,1380000,0
R04-04777,55140000,150000
R04-04778,34730000,150000
R04-04779,22930000,60000
R04-04780,172630000,600000
R04-04781,45180000,150000
R04-04782,63140000,150000
R04-04783,51820000,150000
R04-04784,87550000,300000
R04-04785,9130000,20000
R04-04786,3210000,0
R04-04787,1510000,0
R04-04788,86090000,300000
R04-04789,85400000,300000
R04-04790,73400000,300000
R04-04791,31820000,60000
R04-04792,93750000,300000
R04-04793,25560000,60000
R04-04794,29220000,60000
R04-04795,25550000,60000
R04-04796,21960000,60000
R04-04797,63280000,150000
R04-04798,85670000,300000
R04-04799,2410000,0
R04-04800,11110000,40000
R04-04801,42410000,150000
R04-04802,57410000,150000
R04-04803,14430000,40000
R04-04804,41780000,150000
R04-04805,43800000,150000
R04-04806,51630000,150000
R04-04807,36190000,150000
R04-04808,83850000,300000
R04-04809,21890000,60000
R04-04810,2450000,0
R04-04811,14620000,40000
R04-04812,1110000,0
R04-04813,4410000,0
R04-04814,62040000,150000
R04-04815,21190000,60000
R04-04816,34500000,150000
R04-04817,121290000,300000
R04-04818,76820000,300000
R04-04819,62550000,150000
R04-04820,62300000,150000
R04-04821,64270000,150000
R04-04822,122640000,300000
R04-04823,31800000,60000
R04-04824,23900000,60000
R04-04825,13580000,40000
R04-04826,23120000,60000
R04-04827,44870000,150000
R04-04828,61610000,150000
R04-04829,28400000,60000
R04-04830,2820000,0
R04-04831,45760000,150000
R04-04832,43260000,150000
R04-04833,52200000,150000
R04-04834,73310000,300000
R04-04835,56150000,150000
R04-04836,2510000,0
R04-04837,92480000,300000
R04-04838,105930000,300000
R04-04839,135280000,600000
R04-04840,91370000,300000
R04-04841,63940000,150000
R04-04842,41320000,150000
R04-04843,28240000,60000
R04-04844,55190000,150000
R04-04845,57470000,150000
R04-04846,97380000,300000
R04-04847,116500000,300000
R04-04848,102150000,300000
R04-04849,12560000,40000
R04-04850,12340000,40000
R04-04851,45700000,150000
R04-04852,33390000,150000
R04-04853,63760000,150000
R04-04854,25440000,60000
R04-04855,33530000,150000
R04-04856,54970000,150000
R04-04857,33290000,60000
R04-04858,22670000,60000
R04-04859,42480000,150000
R04-04860,53870000,150000
R04-04861,64020000,150000
R04-04862,74970000,300000
R04-04863,1880000,0
R04-04864,63170000,150000
R04-04865,21880000,60000
R04-04866,25290000,60000
R04-04867,20620000,60000
R04-04868,104030000,300000
R04-04869,64970000,150000
R04-04870,35210000,150000
R04-04871,97920000,300000
R04-04872,32820000,60000
R04-04873,21820000,60000
R04-04874,92920000,300000
R04-04875,5930000,20000
R04-04876,102680000,300000
R04-04877,12260000,40000
R04-04878,23200000,60000
R04-04879,25740000,60000
R04-04880,16070000,40000
R04-04881,110910000,300000
R04-04882,41480000,150000
R04-04883,25390000,60000
R04-04884,6210000,20000
R04-04885,71250000,300000
R04-04886,54570000,150000
R04-04887,33370000,150000
R04-04888,4120000,0
R04-04889,74390000,300000
R04-04890,63810000,150000
R04-04891,32500000,60000
R04-04892,83390000,300000
R04-04893,82240000,300000
R04-04894,38650000,150000
R04-04895,47210000,150000
R04-04896,15930000,40000
R04-04897,114990000,300000
R04-04898,76350000,300000
R04-04899,6400000,20000
R04-04900,46150000,150000
R04-04901,22570000,60000
R04-04902,1270000,0
R04-04903,22640000,60000
R04-04904,79460000,300000
R04-04905,67990000,300000
R04-04906,47250000,150000
R04-04907,6740000,20000
R04-04908,62200000,150000
R04-04909,123640000,300000
R04-04910,67570000,300000
R04-04911,55940000,150000
R04-04912,71800000,300000
R04-04913,32570000,60000
R04-04914,14180000,40000
R04-04915,27850000,60000
R04-04916,1460000,0
R04-04917,54150000,150000
R04-04918,4960000,0
R04-04919,31570000,60000
R04-04920,88230000,300000
R04-04921,71920000,300000
R04-04922,12980000,40000
R04-04923,98060000,300000
R04-04924,35910000,150000
R04-04925,31980000,60000
R04-04926,30780000,60000
R04-04927,33740000,150000
R04-04928,3700000,0
R04-04929,20600000,60000
R04-04930,29080000,60000
R04-04931,3950000,0
R04-04932,5820000,20000
R04-04933,85030000,300000
R04-04934,101640000,300000
R04-04935,21590000,60000
R04-04936,32840000,60000
R04-04937,65880000,150000
R04-04938,12900000,40000
R04-04939,32460000,60000
R04-04940,12210000,40000
R04-04941,8890000,20000
R04-04942,77770000,300000
R04-04943,50910000,150000
R04-04944,131790000,300000
R04-04945,28170000,60000
R04-04946,22710000,60000
R04-04947,35070000,150000
R04-04948,88410000,300000
R04-04949,52140000,150000
R04-04950,47660000,150000
R04-04951,41070000,150000
R04-04952,2060000,0
R04-04953,15180000,40000
R04-04954,61430000,150000
R04-04955,26100000,60000
R04-04956,68560000,300000
R04-04957,3310000,0
R04-04958,15460000,40000
R04-04959,127300000,300000
R04-04960,52190000,150000
R04-04961,132400000,300000
R04-04962,25130000,60000
R04-04963,53700000,150000
