고객ID,타사이전금액,혜택금액
R09-00000,69100000,300000
R09-00001,17750000,40000
R09-00002,8610000,20000
R09-00003,63710000,150000
R09-00004,47150000,150000
R09-00005,42890000,150000
R09-00006,43160000,150000
R09-00007,44340000,150000
R09-00008,75640000,300000
R09-00009,73860000,300000
R09-00010,350000,0
R09-00011,41690000,150000
R09-00012,43150000,150000
R09-00013,2930000,0
R09-00014,710000,0
R09-00015,61330000,150000
R09-00016,23490000,60000
R09-00017,11760000,40000
R09-00018,30500000,60000
R09-00019,62320000,150000
R09-00020,79310000,300000
R09-00021,33310000,60000
R09-00022,16510000,40000
R09-00023,62230000,150000
R09-00024,22730000,60000
R09-00025,5260000,20000
R09-00026,5990000,20000
R09-00027,63490000,150000
R09-00028,11760000,40000
R09-00029,22010000,60000
R09-00030,68000000,300000
R09-00031,115330000,300000
R09-00032,72870000,300000
R09-00033,12970000,40000
R09-00034,45400000,150000
R09-00035,34390000,150000
R09-00036,114360000,300000
R09-00037,104720000,300000
R09-00038,12710000,40000
R09-00039,76730000,300000
R09-00040,82490000,300000
R09-00041,52120000,150000
R09-00042,50720000,150000
R09-00043,35860000,150000
R09-00044,53320000,150000
R09-00045,134730000,600000
R09-00046,61640000,150000
R09-00047,5450000,20000
R09-00048,4650000,0
R09-00049,43300000,150000
R09-00050,75930000,300000
R09-00051,82230000,300000
R09-00052,31760000,60000
R09-00053,64670000,150000
R09-00054,116810000,300000
R09-00055,58830000,150000
R09-00056,97880000,300000
R09-00057,112470000,300000
R09-00058,22470000,60000
R09-00059,22620000,60000
R09-00060,5820000,20000
R09-00061,32140000,60000
R09-00062,61840000,150000
R09-00063,56440000,150000
R09-00064,23950000,60000
R09-00065,54140000,150000
R09-00066,17040000,40000
R09-00067,50960000,150000
R09-00068,44350000,150000
R09-00069,21170000,60000
R09-00070,51860000,150000
R09-00071,88200000,300000
R09-00072,61900000,150000
R09-00073,24180000,60000
R09-00074,12970000,40000
R09-00075,222290000,1000000
R09-00076,1570000,0
R09-00077,70260000,300000
R09-00078,32840000,60000
R09-00079,10370000,40000
R09-00080,171370000,600000
R09-00081,11550000,40000
R09-00082,111680000,300000
R09-00083,34990000,150000
R09-00084,2810000,0
R09-00085,5420000,20000
R09-00086,25680000,60000
R09-00087,32920000,60000
R09-00088,84070000,300000
R09-00089,76050000,300000
R09-00090,20950000,60000
R09-00091,12830000,40000
R09-00092,92040000,300000
R09-00093,11500000,40000
R09-00094,4340000,0
R09-00095,52040000,150000
R09-00096,41870000,150000
R09-00097,226210000,1000000
R09-00098,114040000,300000
R09-00099,62420000,150000
R09-00100,23270000,60000
R09-00101,91480000,300000
R09-00102,47410000,150000
R09-00103,2480000,0
R09-00104,3730000,0
R09-00105,37890000,150000
R09-00106,53740000,150000
R09-00107,6730000,20000
R09-00108,32220000,60000
R09-00109,16980000,40000
R09-00110,43500000,150000
R09-00111,81580000,300000
R09-00112,49730000,150000
R09-00113,31320000,60000
R09-00114,41960000,150000
R09-00115,32670000,60000
R09-00116,6540000,20000
R09-00117,9370000,20000
R09-00118,36450000,150000
R09-00119,82410000,300000
R09-00120,63980000,150000
R09-00121,6160000,20000
R09-00122,15140000,40000
R09-00123,37010000,150000
R09-00124,1150000,0
R09-00125,82000000,300000
R09-00126,44660000,150000
R09-00127,13020000,40000
R09-00128,14150000,40000
R09-00129,81610000,300000
R09-00130,51140000,150000
R09-00131,102630000,300000
R09-00132,64270000,150000
R09-00133,62410000,150000
R09-00134,34000000,150000
R09-00135,320000,0
R09-00136,24100000,60000
R09-00137,25050000,60000
R09-00138,21220000,60000
R09-00139,42730000,150000
R09-00140,2450000,0
R09-00141,104930000,300000
R09-00142,87470000,300000
R09-00143,82860000,300000
R09-00144,41730000,150000
R09-00145,35010000,150000
R09-00146,53300000,150000
R09-00147,37140000,150000
R09-00148,82530000,300000
R09-00149,68240000,300000
R09-00150,26980000,60000
R09-00151,61800000,150000
R09-00152,53260000,150000
R09-00153,105320000,300000
R09-00154,51760000,150000
R09-00155,32610000,60000
R09-00156,83210000,300000
R09-00157,19120000,40000
R09-00158,30840000,60000
R09-00159,50450000,150000
R09-00160,49300000,150000
R09-00161,102560000,300000
R09-00162,110740000,300000
R09-00163,3630000,0
R09-00164,81170000,300000
R09-00165,22570000,60000
R09-00166,14250000,40000
R09-00167,34850000,150000
R09-00168,1110000,0
R09-00169,82620000,300000
R09-00170,2530000,0
R09-00171,4140000,0
R09-00172,53320000,150000
R09-00173,136750000,600000
R09-00174,72290000,300000
R09-00175,6230000,20000
R09-00176,53100000,150000
R09-00177,84120000,300000
R09-00178,1880000,0
R09-00179,65740000,150000
R09-00180,45030000,150000
R09-00181,92920000,300000
R09-00182,76480000,300000
R09-00183,106410000,300000
R09-00184,103240000,300000
R09-00185,15670000,40000
R09-00186,71630000,300000
R09-00187,83220000,300000
R09-00188,16200000,40000
R09-00189,24140000,60000
R09-00190,62880000,150000
R09-00191,147570000,600000
R09-00192,70900000,300000
R09-00193,25410000,60000
R09-00194,33410000,150000
R09-00195,71980000,300000
R09-00196,25190000,60000
R09-00197,53220000,150000
R09-00198,25220000,60000
R09-00199,53580000,150000
R09-00200,13770000,40000
R09-00201,52530000,150000
R09-00202,54780000,150000
R09-00203,13540000,40000
R09-00204,34120000,150000
R09-00205,95470000,300000
R09-00206,90720000,300000
R09-00207,32780000,60000
R09-00208,1970000,0
R09-00209,22350000,60000
R09-00210,87330000,300000
R09-00211,58310000,150000
R09-00212,62300000,150000
R09-00213,13570000,40000
R09-00214,56410000,150000
R09-00215,47030000,150000
R09-00216,46280000,150000
R09-00217,25700000,60000
R09-00218,22470000,60000
R09-00219,34410000,150000
R09-00220,13380000,40000
R09-00221,67370000,300000
R09-00222,7870000,20000
R09-00223,25900000,60000
R09-00224,54000000,150000
R09-00225,4260000,0
R09-00226,3580000,0
R09-00227,81040000,300000
R09-00228,43180000,150000
R09-00229,112620000,300000
R09-00230,90800000,300000
R09-00231,26710000,60000
R09-00232,34850000,150000
R09-00233,24920000,60000
R09-00234,46880000,150000
R09-00235,23640000,60000
R09-00236,51930000,150000
R09-00237,24580000,60000
R09-00238,25090000,60000
R09-00239,43350000,150000
R09-00240,141500000,600000
R09-00241,12930000,40000
R09-00242,21560000,60000
R09-00243,21580000,60000
R09-00244,12110000,40000
R09-00245,3940000,0
R09-00246,42190000,150000
R09-00247,67410000,300000
R09-00248,74640000,300000
R09-00249,83480000,300000
R09-00250,22650000,60000
R09-00251,46770000,150000
R09-00252,41910000,150000
R09-00253,43710000,150000
R09-00254,94710000,300000
R09-00255,43690000,150000
R09-00256,1870000,0
R09-00257,72670000,300000
R09-00258,74460000,300000
R09-00259,2030000,0
R09-00260,13280000,40000
R09-00261,89120000,300000
R09-00262,11150000,40000
R09-00263,21550000,60000
R09-00264,82210000,300000
R09-00265,2900000,0
R09-00266,2170000,0
R09-00267,88500000,300000
R09-00268,21680000,60000
R09-00269,54740000,150000
R09-00270,11280000,40000
R09-00271,13680000,40000
R09-00272,64620000,150000
R09-00273,62440000,150000
R09-00274,14320000,40000
R09-00275,45640000,150000
R09-00276,45200000,150000
R09-00277,62750000,150000
R09-00278,102390000,300000
R09-00279,6150000,20000
R09-00280,28740000,60000
R09-00281,14410000,40000
R09-00282,107340000,300000
R09-00283,42640000,150000
R09-00284,74990000,300000
R09-00285,122340000,300000
R09-00286,52730000,150000
R09-00287,3230000,0
R09-00288,72150000,300000
R09-00289,82490000,300000
R09-00290,102040000,300000
R09-00291,56280000,150000
R09-00292,44970000,150000
R09-00293,33290000,60000
R09-00294,42160000,150000
R09-00295,53420000,150000
R09-00296,83500000,300000
R09-00297,4900000,0
R09-00298,124330000,300000
R09-00299,26410000,60000
R09-00300,83030000,300000
R09-00301,42760000,150000
R09-00302,36270000,150000
R09-00303,11760000,40000
R09-00304,24280000,60000
R09-00305,7760000,20000
R09-00306,11490000,40000
R09-00307,2720000,0
R09-00308,73440000,300000
R09-00309,20380000,60000
R09-00310,85940000,300000
R09-00311,3280000,0
R09-00312,11080000,40000
R09-00313,35910000,150000
R09-00314,3300000,0
R09-00315,33610000,150000
R09-00316,26840000,60000
R09-00317,3780000,0
R09-00318,42240000,150000
R09-00319,32000000,60000
R09-00320,43990000,150000
R09-00321,3790000,0
R09-00322,95050000,300000
R09-00323,12920000,40000
R09-00324,41560000,150000
R09-00325,27410000,60000
R09-00326,25890000,60000
R09-00327,117340000,300000
R09-00328,14580000,40000
R09-00329,2000000,0
R09-00330,14990000,40000
R09-00331,8790000,20000
R09-00332,64030000,150000
R09-00333,56330000,150000
R09-00334,7080000,20000
R09-00335,44570000,150000
R09-00336,34680000,150000
R09-00337,76140000,300000
R09-00338,32000000,60000
R09-00339,54350000,150000
R09-00340,25690000,60000
R09-00341,44050000,150000
R09-00342,22900000,60000
R09-00343,16890000,40000
R09-00344,92470000,300000
R09-00345,33300000,60000
R09-00346,3760000,0
R09-00347,23780000,60000
R09-00348,4290000,0
R09-00349,5670000,20000
R09-00350,83110000,300000
R09-00351,83270000,300000
R09-00352,56300000,150000
R09-00353,85630000,300000
R09-00354,1890000,0
R09-00355,51740000,150000
R09-00356,32060000,60000
R09-00357,22610000,60000
R09-00358,152950000,600000
R09-00359,34760000,150000
R09-00360,47220000,150000
R09-00361,73810000,300000
R09-00362,44080000,150000
R09-00363,42690000,150000
R09-00364,58730000,150000
R09-00365,103870000,300000
R09-00366,580000,0
R09-00367,55720000,150000
R09-00368,40710000,150000
R09-00369,32920000,60000
R09-00370,3570000,0
R09-00371,2340000,0
R09-00372,15150000,40000
R09-00373,82700000,300000
R09-00374,23650000,60000
R09-00375,57030000,150000
R09-00376,33410000,150000
R09-00377,95220000,300000
R09-00378,44860000,150000
R09-00379,21750000,60000
R09-00380,1900000,0
R09-00381,47380000,150000
R09-00382,72330000,300000
R09-00383,35350000,150000
R09-00384,75050000,300000
R09-00385,83710000,300000
R09-00386,52280000,150000
R09-00387,5820000,20000
R09-00388,125020000,300000
R09-00389,43350000,150000
R09-00390,10530000,40000
R09-00391,69460000,300000
R09-00392,17180000,40000
R09-00393,65330000,150000
R09-00394,21870000,60000
R09-00395,52740000,150000
R09-00396,61080000,150000
R09-00397,6440000,20000
R09-00398,36530000,150000
R09-00399,10730000,40000
R09-00400,61790000,150000
R09-00401,2820000,0
R09-00402,50950000,150000
R09-00403,40280000,150000
R09-00404,31520000,60000
R09-00405,103950000,300000
R09-00406,30200000,60000
R09-00407,1700000,0
R09-00408,131430000,300000
R09-00409,41450000,150000
R09-00410,65340000,150000
R09-00411,45640000,150000
R09-00412,2010000,0
R09-00413,57670000,150000
R09-00414,84930000,300000
R09-00415,35340000,150000
R09-00416,14320000,40000
R09-00417,72820000,300000
R09-00418,101770000,300000
R09-00419,13670000,40000
R09-00420,45460000,150000
R09-00421,64320000,150000
R09-00422,60300000,150000
R09-00423,36410000,150000
R09-00424,81160000,300000
R09-00425,6310000,20000
R09-00426,34110000,150000
R09-00427,3360000,0
R09-00428,100400000,300000
R09-00429,64590000,150000
R09-00430,12480000,40000
R09-00431,62320000,150000
R09-00432,16230000,40000
R09-00433,65240000,150000
R09-00434,46150000,150000
R09-00435,31970000,60000
R09-00436,103990000,300000
R09-00437,65950000,150000
R09-00438,44070000,150000
R09-00439,61990000,150000
R09-00440,2390000,0
R09-00441,59060000,150000
R09-00442,65690000,150000
R09-00443,83760000,300000
R09-00444,17770000,40000
R09-00445,62410000,150000
R09-00446,23160000,60000
R09-00447,37750000,150000
R09-00448,83030000,300000
R09-00449,111860000,300000
R09-00450,64790000,150000
R09-00451,41540000,150000
R09-00452,2480000,0
R09-00453,26650000,60000
R09-00454,4900000,0
R09-00455,131810000,300000
R09-00456,41270000,150000
R09-00457,61260000,150000
R09-00458,62280000,150000
R09-00459,2330000,0
R09-00460,85620000,300000
R09-00461,22950000,60000
R09-00462,53380000,150000
R09-00463,92390000,300000
R09-00464,53840000,150000
R09-00465,122450000,300000
R09-00466,3190000,0
R09-00467,23660000,60000
R09-00468,34340000,150000
R09-00469,52790000,150000
R09-00470,21380000,60000
R09-00471,65270000,150000
R09-00472,86490000,300000
R09-00473,81080000,300000
R09-00474,34880000,150000
R09-00475,52570000,150000
R09-00476,28250000,60000
R09-00477,2480000,0
R09-00478,4910000,0
R09-00479,69440000,300000
R09-00480,51860000,150000
R09-00481,24020000,60000
R09-00482,18170000,40000
R09-00483,35450000,150000
R09-00484,88950000,300000
R09-00485,6860000,20000
R09-00486,25810000,60000
R09-00487,43690000,150000
R09-00488,7110000,20000
R09-00489,82310000,300000
R09-00490,52810000,150000
R09-00491,98150000,300000
R09-00492,38360000,150000
R09-00493,34710000,150000
R09-00494,41800000,150000
R09-00495,85640000,300000
R09-00496,97470000,300000
R09-00497,152770000,600000
R09-00498,12070000,40000
R09-00499,24700000,60000
R09-00500,102020000,300000
R09-00501,51190000,150000
R09-00502,55750000,150000
R09-00503,23240000,60000
R09-00504,42280000,150000
R09-00505,113250000,300000
R09-00506,118410000,300000
R09-00507,64430000,150000
R09-00508,52490000,150000
R09-00509,2460000,0
R09-00510,131160000,300000
R09-00511,16860000,40000
R09-00512,135510000,600000
R09-00513,15400000,40000
R09-00514,32420000,60000
R09-00515,63610000,150000
R09-00516,3380000,0
R09-00517,40990000,150000
R09-00518,50910000,150000
R09-00519,20580000,60000
R09-00520,68180000,300000
R09-00521,71640000,300000
R09-00522,16230000,40000
R09-00523,54820000,150000
R09-00524,12880000,40000
R09-00525,54760000,150000
R09-00526,65340000,150000
R09-00527,11980000,40000
R09-00528,62840000,150000
R09-00529,33600000,150000
R09-00530,73200000,300000
R09-00531,25190000,60000
R09-00532,106210000,300000
R09-00533,20830000,60000
R09-00534,23570000,60000
R09-00535,23160000,60000
R09-00536,19390000,40000
R09-00537,85970000,300000
R09-00538,92230000,300000
R09-00539,47760000,150000
R09-00540,18050000,40000
R09-00541,95530000,300000
R09-00542,83530000,300000
R09-00543,72100000,300000
R09-00544,74220000,300000
R09-00545,63550000,150000
R09-00546,2000000,0
R09-00547,14380000,40000
R09-00548,14060000,40000
R09-00549,2830000,0
R09-00550,15620000,40000
R09-00551,51260000,150000
R09-00552,41280000,150000
R09-00553,71780000,300000
R09-00554,64030000,150000
R09-00555,13550000,40000
R09-00556,88000000,300000
R09-00557,2260000,0
R09-00558,2130000,0
R09-00559,43710000,150000
R09-00560,67210000,300000
R09-00561,58040000,150000
R09-00562,44570000,150000
R09-00563,91590000,300000
R09-00564,25660000,60000
R09-00565,66060000,150000
R09-00566,23670000,60000
R09-00567,91280000,300000
R09-00568,22260000,60000
R09-00569,78350000,300000
R09-00570,74920000,300000
R09-00571,4590000,0
R09-00572,43880000,150000
R09-00573,37770000,150000
R09-00574,47770000,150000
R09-00575,59250000,150000
R09-00576,65430000,150000
R09-00577,20890000,60000
R09-00578,5980000,20000
R09-00579,27730000,60000
R09-00580,41320000,150000
R09-00581,92760000,300000
R09-00582,3440000,0
R09-00583,14610000,40000
R09-00584,76670000,300000
R09-00585,12080000,40000
R09-00586,46920000,150000
R09-00587,33370000,150000
R09-00588,52550000,150000
R09-00589,6080000,20000
R09-00590,3710000,0
R09-00591,53270000,150000
R09-00592,52420000,150000
R09-00593,23750000,60000
R09-00594,3490000,0
R09-00595,61820000,150000
R09-00596,71150000,300000
R09-00597,75460000,300000
R09-00598,87630000,300000
R09-00599,22710000,60000
R09-00600,84310000,300000
R09-00601,68050000,300000
R09-00602,16390000,40000
R09-00603,82940000,300000
R09-00604,45750000,150000
R09-00605,22500000,60000
R09-00606,51810000,150000
R09-00607,82180000,300000
R09-00608,15350000,40000
R09-00609,53300000,150000
R09-00610,42070000,150000
R09-00611,93070000,300000
R09-00612,26250000,60000
R09-00613,7530000,20000
R09-00614,86180000,300000
R09-00615,25240000,60000
R09-00616,15150000,40000
R09-00617,32080000,60000
R09-00618,72600000,300000
R09-00619,14450000,40000
R09-00620,6030000,20000
R09-00621,2430000,0
R09-00622,40850000,150000
R09-00623,40970000,150000
R09-00624,42450000,150000
R09-00625,16250000,40000
R09-00626,42940000,150000
R09-00627,57080000,150000
R09-00628,11690000,40000
R09-00629,88920000,300000
R09-00630,83810000,300000
R09-00631,114810000,300000
R09-00632,131430000,300000
R09-00633,35760000,150000
R09-00634,5530000,20000
R09-00635,11370000,40000
R09-00636,4170000,0
R09-00637,21740000,60000
R09-00638,6460000,20000
R09-00639,8450000,20000
R09-00640,34480000,150000
R09-00641,25540000,60000
R09-00642,21020000,60000
R09-00643,33200000,60000
R09-00644,3070000,0
R09-00645,82300000,300000
R09-00646,3580000,0
R09-00647,101670000,300000
R09-00648,7810000,20000
R09-00649,1700000,0
R09-00650,45280000,150000
R09-00651,32340000,60000
R09-00652,71310000,300000
R09-00653,70700000,300000
R09-00654,32400000,60000
R09-00655,65360000,150000
R09-00656,33100000,60000
R09-00657,13240000,40000
R09-00658,65740000,150000
R09-00659,97280000,300000
R09-00660,43090000,150000
R09-00661,92210000,300000
R09-00662,53390000,150000
R09-00663,102930000,300000
R09-00664,21600000,60000
R09-00665,2220000,0
R09-00666,53040000,150000
R09-00667,15670000,40000
R09-00668,2470000,0
R09-00669,57460000,150000
R09-00670,94130000,300000
R09-00671,51750000,150000
R09-00672,28710000,60000
R09-00673,61430000,150000
R09-00674,41960000,150000
R09-00675,54160000,150000
R09-00676,82960000,300000
R09-00677,42970000,150000
R09-00678,61490000,150000
R09-00679,42580000,150000
R09-00680,27730000,60000
R09-00681,61700000,150000
R09-00682,1450000,0
R09-00683,27040000,60000
R09-00684,71770000,300000
R09-00685,28180000,60000
R09-00686,42650000,150000
R09-00687,21890000,60000
R09-00688,73810000,300000
R09-00689,12010000,40000
R09-00690,2930000,0
R09-00691,21510000,60000
R09-00692,31260000,60000
R09-00693,23940000,60000
R09-00694,44640000,150000
R09-00695,16700000,40000
R09-00696,41970000,150000
R09-00697,141480000,600000
R09-00698,55670000,150000
R09-00699,91990000,300000
R09-00700,78480000,300000
R09-00701,41420000,150000
R09-00702,35770000,150000
R09-00703,93400000,300000
R09-00704,58150000,150000
R09-00705,63760000,150000
R09-00706,122650000,300000
R09-00707,27680000,60000
R09-00708,66350000,150000
R09-00709,46260000,150000
R09-00710,62150000,150000
R09-00711,63200000,150000
R09-00712,62350000,150000
R09-00713,2270000,0
R09-00714,13320000,40000
R09-00715,7460000,20000
R09-00716,45240000,150000
R09-00717,113950000,300000
R09-00718,11090000,40000
R09-00719,11840000,40000
R09-00720,61350000,150000
R09-00721,25890000,60000
R09-00722,13750000,40000
R09-00723,30730000,60000
R09-00724,113070000,300000
R09-00725,25800000,60000
R09-00726,9180000,20000
R09-00727,103800000,300000
R09-00728,26460000,60000
R09-00729,42910000,150000
R09-00730,5790000,20000
R09-00731,4320000,0
R09-00732,45030000,150000
R09-00733,126920000,300000
R09-00734,12320000,40000
R09-00735,33590000,150000
R09-00736,44140000,150000
R09-00737,45930000,150000
R09-00738,74410000,300000
R09-00739,48470000,150000
R09-00740,5620000,20000
R09-00741,91750000,300000
R09-00742,96380000,300000
R09-00743,39450000,150000
R09-00744,14900000,40000
R09-00745,71580000,300000
R09-00746,6820000,20000
R09-00747,93800000,300000
R09-00748,45190000,150000
R09-00749,14450000,40000
R09-00750,102090000,300000
R09-00751,15930000,40000
R09-00752,6830000,20000
R09-00753,31900000,60000
R09-00754,290000,0
R09-00755,1040000,0
R09-00756,140630000,600000
R09-00757,52920000,150000
R09-00758,58020000,150000
R09-00759,12320000,40000
R09-00760,2200000,0
R09-00761,72910000,300000
R09-00762,34370000,150000
R09-00763,103180000,300000
R09-00764,33960000,150000
R09-00765,40690000,150000
R09-00766,24540000,60000
R09-00767,52490000,150000
R09-00768,74040000,300000
R09-00769,103930000,300000
R09-00770,73220000,300000
R09-00771,34540000,150000
R09-00772,7780000,20000
R09-00773,64570000,150000
R09-00774,64860000,150000
R09-00775,117950000,300000
R09-00776,97920000,300000
R09-00777,5910000,20000
R09-00778,25340000,60000
R09-00779,151450000,600000
R09-00780,72410000,300000
R09-00781,20460000,60000
R09-00782,76010000,300000
R09-00783,36140000,150000
R09-00784,60320000,150000
R09-00785,66290000,150000
R09-00786,44330000,150000
R09-00787,26250000,60000
R09-00788,52500000,150000
R09-00789,42530000,150000
R09-00790,87610000,300000
R09-00791,103230000,300000
R09-00792,64360000,150000
R09-00793,54220000,150000
R09-00794,30340000,60000
R09-00795,35810000,150000
R09-00796,32780000,60000
R09-00797,54770000,150000
R09-00798,51200000,150000
R09-00799,24530000,60000
R09-00800,12910000,40000
R09-00801,25820000,60000
R09-00802,12600000,40000
R09-00803,22030000,60000
R09-00804,60710000,150000
R09-00805,3390000,0
R09-00806,1690000,0
R09-00807,63710000,150000
R09-00808,92200000,300000
R09-00809,2120000,0
R09-00810,32610000,60000
R09-00811,24520000,60000
R09-00812,88110000,300000
R09-00813,95410000,300000
R09-00814,22620000,60000
R09-00815,30910000,60000
R09-00816,155060000,600000
R09-00817,4480000,0
R09-00818,55320000,150000
R09-00819,21160000,60000
R09-00820,14010000,40000
R09-00821,42560000,150000
R09-00822,41800000,150000
R09-00823,15140000,40000
R09-00824,4020000,0
R09-00825,149600000,600000
R09-00826,15920000,40000
R09-00827,700000,0
R09-00828,4130000,0
R09-00829,113530000,300000
R09-00830,82620000,300000
R09-00831,52710000,150000
R09-00832,66100000,150000
R09-00833,126570000,300000
R09-00834,30820000,60000
R09-00835,67830000,300000
R09-00836,43010000,150000
R09-00837,85050000,300000
R09-00838,126060000,300000
R09-00839,3830000,0
R09-00840,46730000,150000
R09-00841,43440000,150000
R09-00842,65240000,150000
R09-00843,84660000,300000
R09-00844,17390000,40000
R09-00845,39550000,150000
R09-00846,83770000,300000
R09-00847,16250000,40000
R09-00848,63120000,150000
R09-00849,44640000,150000
R09-00850,22990000,60000
R09-00851,3860000,0
R09-00852,66270000,150000
R09-00853,32730000,60000
R09-00854,115690000,300000
R09-00855,16460000,40000
R09-00856,66660000,150000
R09-00857,107540000,300000
R09-00858,50060000,150000
R09-00859,15610000,40000
R09-00860,1520000,0
R09-00861,2730000,0
R09-00862,2580000,0
R09-00863,92370000,300000
R09-00864,53070000,150000
R09-00865,233480000,1000000
R09-00866,4420000,0
R09-00867,6730000,20000
R09-00868,60990000,150000
R09-00869,74630000,300000
R09-00870,71620000,300000
R09-00871,52860000,150000
R09-00872,113200000,300000
R09-00873,92490000,300000
R09-00874,32280000,60000
R09-00875,92290000,300000
R09-00876,32300000,60000
R09-00877,7040000,20000
R09-00878,72430000,300000
R09-00879,1860000,0
R09-00880,67090000,300000
R09-00881,23550000,60000
R09-00882,110010000,300000
R09-00883,56390000,150000
R09-00884,43860000,150000
R09-00885,13310000,40000
R09-00886,33440000,150000
R09-00887,92400000,300000
R09-00888,31430000,60000
R09-00889,46340000,150000
R09-00890,23990000,60000
R09-00891,63390000,150000
R09-00892,113960000,300000
R09-00893,33390000,150000
R09-00894,62980000,150000
R09-00895,50970000,150000
R09-00896,32060000,60000
R09-00897,3190000,0
R09-00898,21400000,60000
R09-00899,22250000,60000
R09-00900,93780000,300000
R09-00901,32110000,60000
R09-00902,2840000,0
R09-00903,25370000,60000
R09-00904,67710000,300000
R09-00905,3320000,0
R09-00906,59130000,150000
R09-00907,52950000,150000
R09-00908,44660000,150000
R09-00909,13110000,40000
R09-00910,19070000,40000
R09-00911,85230000,300000
R09-00912,3650000,0
R09-00913,32510000,60000
R09-00914,53580000,150000
R09-00915,26330000,60000
R09-00916,25490000,60000
R09-00917,81930000,300000
R09-00918,83200000,300000
R09-00919,36030000,150000
R09-00920,61140000,150000
R09-00921,96570000,300000
R09-00922,15360000,40000
R09-00923,56290000,150000
R09-00924,43290000,150000
R09-00925,14590000,40000
R09-00926,42770000,150000
R09-00927,83320000,300000
R09-00928,1610000,0
R09-00929,26050000,60000
R09-00930,22040000,60000
R09-00931,72380000,300000
R09-00932,2050000,0
R09-00933,8130000,20000
R09-00934,35530000,150000
R09-00935,106170000,300000
R09-00936,34390000,150000
R09-00937,10740000,40000
R09-00938,4750000,0
R09-00939,96860000,300000
R09-00940,12320000,40000
R09-00941,27720000,60000
R09-00942,65180000,150000
R09-00943,7570000,20000
R09-00944,31940000,60000
R09-00945,28180000,60000
R09-00946,22770000,60000
R09-00947,17600000,40000
R09-00948,92100000,300000
R09-00949,64550000,150000
R09-00950,22340000,60000
R09-00951,76260000,300000
R09-00952,50640000,150000
R09-00953,35660000,150000
R09-00954,35110000,150000
R09-00955,6130000,20000
R09-00956,5200000,20000
R09-00957,22570000,60000
R09-00958,31190000,60000
R09-00959,55460000,150000
R09-00960,33010000,60000
R09-00961,2910000,0
R09-00962,101940000,300000
R09-00963,4070000,0
R09-00964,41700000,150000
R09-00965,107090000,300000
R09-00966,22490000,60000
R09-00967,64180000,150000
R09-00968,2500000,0
R09-00969,22830000,60000
R09-00970,61110000,150000
R09-00971,35510000,150000
R09-00972,65140000,150000
R09-00973,27580000,60000
R09-00974,31740000,60000
R09-00975,16160000,40000
R09-00976,26960000,60000
R09-00977,3420000,0
R09-00978,42660000,150000
R09-00979,5370000,20000
R09-00980,40590000,150000
R09-00981,76210000,300000
R09-00982,86440000,300000
R09-00983,33280000,60000
R09-00984,23820000,60000
R09-00985,52750000,150000
R09-00986,35300000,150000
R09-00987,7170000,20000
R09-00988,2940000,0
R09-00989,31060000,60000
R09-00990,34620000,150000
R09-00991,96630000,300000
R09-00992,63980000,150000
R09-00993,1870000,0
R09-00994,14810000,40000
R09-00995,62910000,150000
R09-00996,36430000,150000
R09-00997,21100000,60000
R09-00998,66830000,300000
R09-00999,73960000,300000
R09-01000,12770000,40000
R09-01001,31150000,60000
R09-01002,13500000,40000
R09-01003,1190000,0
R09-01004,3300000,0
R09-01005,24420000,60000
R09-01006,22250000,60000
R09-01007,61290000,150000
R09-01008,11480000,40000
R09-01009,26140000,60000
R09-01010,42150000,150000
R09-01011,103120000,300000
R09-01012,22520000,60000
R09-01013,62880000,150000
R09-01014,38360000,150000
R09-01015,92130000,300000
R09-01016,73810000,300000
R09-01017,87470000,300000
R09-01018,830000,0
R09-01019,43830000,150000
R09-01020,41940000,150000
R09-01021,44160000,150000
R09-01022,7980000,20000
R09-01023,46970000,150000
R09-01024,13080000,40000
R09-01025,47770000,150000
R09-01026,65180000,150000
R09-01027,55800000,150000
R09-01028,12940000,40000
R09-01029,36130000,150000
R09-01030,34100000,150000
R09-01031,28060000,60000
R09-01032,21450000,60000
R09-01033,21410000,60000
R09-01034,116800000,300000
R09-01035,72980000,300000
R09-01036,157580000,600000
R09-01037,30790000,60000
R09-01038,113900000,300000
R09-01039,31980000,60000
R09-01040,63920000,150000
R09-01041,23000000,60000
R09-01042,36120000,150000
R09-01043,23740000,60000
R09-01044,22750000,60000
R09-01045,52860000,150000
R09-01046,32310000,60000
R09-01047,16510000,40000
R09-01048,76930000,300000
R09-01049,62040000,150000
R09-01050,112570000,300000
R09-01051,6970000,20000
R09-01052,980000,0
R09-01053,85250000,300000
R09-01054,60520000,150000
R09-01055,980000,0
R09-01056,16820000,40000
R09-01057,16320000,40000
R09-01058,33470000,150000
R09-01059,41080000,150000
R09-01060,41120000,150000
R09-01061,55320000,150000
R09-01062,3550000,0
R09-01063,46530000,150000
R09-01064,32980000,60000
R09-01065,11560000,40000
R09-01066,65180000,150000
R09-01067,41320000,150000
R09-01068,93360000,300000
R09-01069,21450000,60000
R09-01070,31690000,60000
R09-01071,61570000,150000
R09-01072,67020000,300000
R09-01073,910000,0
R09-01074,32880000,60000
R09-01075,2280000,0
R09-01076,58330000,150000
R09-01077,12040000,40000
R09-01078,55320000,150000
R09-01079,5250000,20000
R09-01080,5310000,20000
R09-01081,16160000,40000
R09-01082,57320000,150000
R09-01083,5040000,20000
R09-01084,123870000,300000
R09-01085,143980000,600000
R09-01086,25790000,60000
R09-01087,33680000,150000
R09-01088,25590000,60000
R09-01089,93060000,300000
R09-01090,93580000,300000
R09-01091,84180000,300000
R09-01092,3430000,0
R09-01093,45270000,150000
R09-01094,57060000,150000
R09-01095,147690000,600000
R09-01096,104760000,300000
R09-01097,80520000,300000
R09-01098,7960000,20000
R09-01099,73300000,300000
R09-01100,61510000,150000
R09-01101,92190000,300000
R09-01102,12670000,40000
R09-01103,42960000,150000
R09-01104,81290000,300000
R09-01105,51130000,150000
R09-01106,44920000,150000
R09-01107,32410000,60000
R09-01108,12720000,40000
R09-01109,37590000,150000
R09-01110,21880000,60000
R09-01111,43590000,150000
R09-01112,58180000,150000
R09-01113,15750000,40000
R09-01114,64310000,150000
R09-01115,32970000,60000
R09-01116,56500000,150000
R09-01117,39810000,150000
R09-01118,61880000,150000
R09-01119,92870000,300000
R09-01120,24370000,60000
R09-01121,61420000,150000
R09-01122,82840000,300000
R09-01123,44130000,150000
R09-01124,44610000,150000
R09-01125,51640000,150000
R09-01126,53010000,150000
R09-01127,26560000,60000
R09-01128,112300000,300000
R09-01129,28170000,60000
R09-01130,25230000,60000
R09-01131,154650000,600000
R09-01132,74210000,300000
R09-01133,74330000,300000
R09-01134,42960000,150000
R09-01135,12200000,40000
R09-01136,40560000,150000
R09-01137,54090000,150000
R09-01138,71250000,300000
R09-01139,5520000,20000
R09-01140,76510000,300000
R09-01141,15790000,40000
R09-01142,82440000,300000
R09-01143,22210000,60000
R09-01144,61340000,150000
R09-01145,22110000,60000
R09-01146,26590000,60000
R09-01147,52930000,150000
R09-01148,106040000,300000
R09-01149,23170000,60000
R09-01150,23340000,60000
R09-01151,50710000,150000
R09-01152,40530000,150000
R09-01153,24460000,60000
R09-01154,27080000,60000
R09-01155,21860000,60000
R09-01156,43900000,150000
R09-01157,26040000,60000
R09-01158,23060000,60000
R09-01159,48310000,150000
R09-01160,93470000,300000
R09-01161,82490000,300000
R09-01162,34040000,150000
R09-01163,61000000,150000
R09-01164,73380000,300000
R09-01165,35850000,150000
R09-01166,92990000,300000
R09-01167,65220000,150000
R09-01168,66280000,150000
R09-01169,2950000,0
R09-01170,73630000,300000
R09-01171,63930000,150000
R09-01172,5540000,20000
R09-01173,38620000,150000
R09-01174,12160000,40000
R09-01175,128070000,300000
R09-01176,86720000,300000
R09-01177,42200000,150000
R09-01178,30650000,60000
R09-01179,33610000,150000
R09-01180,31060000,60000
R09-01181,25920000,60000
R09-01182,12490000,40000
R09-01183,114020000,300000
R09-01184,93060000,300000
R09-01185,30280000,60000
R09-01186,3510000,0
R09-01187,86660000,300000
R09-01188,16390000,40000
R09-01189,3380000,0
R09-01190,13820000,40000
R09-01191,42420000,150000
R09-01192,33840000,150000
R09-01193,45740000,150000
R09-01194,122130000,300000
R09-01195,83630000,300000
R09-01196,23750000,60000
R09-01197,22920000,60000
R09-01198,23530000,60000
R09-01199,27410000,60000
R09-01200,62020000,150000
R09-01201,32720000,60000
R09-01202,2390000,0
R09-01203,20850000,60000
R09-01204,23860000,60000
R09-01205,4900000,0
R09-01206,34400000,150000
R09-01207,18710000,40000
R09-01208,8040000,20000
R09-01209,111030000,300000
R09-01210,62370000,150000
R09-01211,27270000,60000
R09-01212,16920000,40000
R09-01213,42620000,150000
R09-01214,10960000,40000
R09-01215,61560000,150000
R09-01216,12960000,40000
R09-01217,2150000,0
R09-01218,21470000,60000
R09-01219,33770000,150000
R09-01220,21730000,60000
R09-01221,45350000,150000
R09-01222,74400000,300000
R09-01223,33070000,60000
R09-01224,1180000,0
R09-01225,94790000,300000
R09-01226,79620000,300000
R09-01227,4510000,0
R09-01228,29100000,60000
R09-01229,105220000,300000
R09-01230,64210000,150000
R09-01231,52300000,150000
R09-01232,21990000,60000
R09-01233,72610000,300000
R09-01234,33720000,150000
R09-01235,87160000,300000
R09-01236,11350000,40000
R09-01237,3520000,0
R09-01238,31400000,60000
R09-01239,32480000,60000
R09-01240,111010000,300000
R09-01241,5380000,20000
R09-01242,91990000,300000
R09-01243,21700000,60000
R09-01244,93170000,300000
R09-01245,71900000,300000
R09-01246,5650000,20000
R09-01247,6300000,20000
R09-01248,45510000,150000
R09-01249,85550000,300000
R09-01250,15910000,40000
R09-01251,33550000,150000
R09-01252,81730000,300000
R09-01253,34630000,150000
R09-01254,51150000,150000
R09-01255,6780000,20000
R09-01256,24340000,60000
R09-01257,27810000,60000
R09-01258,57060000,150000
R09-01259,62630000,150000
R09-01260,3410000,0
R09-01261,87630000,300000
R09-01262,13260000,40000
R09-01263,22910000,60000
R09-01264,75260000,300000
R09-01265,32680000,60000
R09-01266,43940000,150000
R09-01267,23170000,60000
R09-01268,23340000,60000
R09-01269,52250000,150000
R09-01270,33820000,150000
R09-01271,14170000,40000
R09-01272,54910000,150000
R09-01273,45050000,150000
R09-01274,26200000,60000
R09-01275,15790000,40000
R09-01276,2900000,0
R09-01277,93990000,300000
R09-01278,20790000,60000
R09-01279,78790000,300000
R09-01280,60320000,150000
R09-01281,35220000,150000
R09-01282,21580000,60000
R09-01283,43120000,150000
R09-01284,34720000,150000
R09-01285,63570000,150000
R09-01286,54020000,150000
R09-01287,20870000,60000
R09-01288,32070000,60000
R09-01289,3690000,0
R09-01290,77350000,300000
R09-01291,2710000,0
R09-01292,145410000,600000
R09-01293,35570000,150000
R09-01294,172680000,600000
R09-01295,43680000,150000
R09-01296,22820000,60000
R09-01297,4580000,0
R09-01298,8260000,20000
R09-01299,3800000,0
R09-01300,1730000,0
R09-01301,70870000,300000
R09-01302,12790000,40000
R09-01303,23680000,60000
R09-01304,112320000,300000
R09-01305,26660000,60000
R09-01306,63720000,150000
R09-01307,81260000,300000
R09-01308,74210000,300000
R09-01309,12230000,40000
R09-01310,18250000,40000
R09-01311,15540000,40000
R09-01312,42700000,150000
R09-01313,45980000,150000
R09-01314,63390000,150000
R09-01315,72210000,300000
R09-01316,62370000,150000
R09-01317,94060000,300000
R09-01318,33600000,150000
R09-01319,63110000,150000
R09-01320,110760000,300000
R09-01321,33800000,150000
R09-01322,1450000,0
R09-01323,22200000,60000
R09-01324,12770000,40000
R09-01325,2710000,0
R09-01326,85400000,300000
R09-01327,5100000,20000
R09-01328,2750000,0
R09-01329,41490000,150000
R09-01330,32410000,60000
R09-01331,6430000,20000
R09-01332,86480000,300000
R09-01333,32120000,60000
R09-01334,12830000,40000
R09-01335,25780000,60000
R09-01336,51020000,150000
R09-01337,35260000,150000
R09-01338,82820000,300000
R09-01339,11450000,40000
R09-01340,82850000,300000
R09-01341,24070000,60000
R09-01342,91010000,300000
R09-01343,64600000,150000
R09-01344,13550000,40000
R09-01345,37590000,150000
R09-01346,63430000,150000
R09-01347,32130000,60000
R09-01348,11850000,40000
R09-01349,3470000,0
R09-01350,1940000,0
R09-01351,24890000,60000
R09-01352,36450000,150000
R09-01353,111640000,300000
R09-01354,10980000,40000
R09-01355,31920000,60000
R09-01356,56350000,150000
R09-01357,53540000,150000
R09-01358,14350000,40000
R09-01359,36920000,150000
R09-01360,37270000,150000
R09-01361,55670000,150000
R09-01362,36070000,150000
R09-01363,110440000,300000
R09-01364,12410000,40000
R09-01365,23990000,60000
R09-01366,84110000,300000
R09-01367,81380000,300000
R09-01368,63770000,150000
R09-01369,25760000,60000
R09-01370,10250000,40000
R09-01371,15880000,40000
R09-01372,39510000,150000
R09-01373,52680000,150000
R09-01374,14900000,40000
R09-01375,21510000,60000
R09-01376,40900000,150000
R09-01377,46490000,150000
R09-01378,65020000,150000
R09-01379,61350000,150000
R09-01380,60440000,150000
R09-01381,43190000,150000
R09-01382,72360000,300000
R09-01383,3240000,0
R09-01384,31930000,60000
R09-01385,33440000,150000
R09-01386,2380000,0
R09-01387,3320000,0
R09-01388,63270000,150000
R09-01389,32720000,60000
R09-01390,52180000,150000
R09-01391,73930000,300000
R09-01392,124310000,300000
R09-01393,155450000,600000
R09-01394,84820000,300000
R09-01395,31720000,60000
R09-01396,25850000,60000
R09-01397,54200000,150000
R09-01398,31890000,60000
R09-01399,58840000,150000
R09-01400,83860000,300000
R09-01401,53850000,150000
R09-01402,75380000,300000
R09-01403,41620000,150000
R09-01404,50600000,150000
R09-01405,24350000,60000
R09-01406,35450000,150000
R09-01407,25490000,60000
R09-01408,4720000,0
R09-01409,1030000,0
R09-01410,14120000,40000
R09-01411,2460000,0
R09-01412,106310000,300000
R09-01413,5300000,20000
R09-01414,35510000,150000
R09-01415,103350000,300000
R09-01416,77840000,300000
R09-01417,5740000,20000
R09-01418,41370000,150000
R09-01419,51930000,150000
R09-01420,44480000,150000
R09-01421,3060000,0
R09-01422,44560000,150000
R09-01423,22060000,60000
R09-01424,24830000,60000
R09-01425,44240000,150000
R09-01426,48230000,150000
R09-01427,41890000,150000
R09-01428,32990000,60000
R09-01429,65230000,150000
R09-01430,7850000,20000
R09-01431,37780000,150000
R09-01432,55460000,150000
R09-01433,53510000,150000
R09-01434,21980000,60000
R09-01435,43670000,150000
R09-01436,43050000,150000
R09-01437,65540000,150000
R09-01438,36050000,150000
R09-01439,47270000,150000
R09-01440,44040000,150000
R09-01441,2960000,0
R09-01442,63750000,150000
R09-01443,62510000,150000
R09-01444,41790000,150000
R09-01445,36410000,150000
R09-01446,11330000,40000
R09-01447,22830000,60000
R09-01448,22110000,60000
R09-01449,23170000,60000
R09-01450,14330000,40000
R09-01451,45970000,150000
R09-01452,61930000,150000
R09-01453,24110000,60000
R09-01454,84320000,300000
R09-01455,35340000,150000
R09-01456,104470000,300000
R09-01457,33660000,150000
R09-01458,81640000,300000
R09-01459,136640000,600000
R09-01460,44980000,150000
R09-01461,33560000,150000
R09-01462,116300000,300000
R09-01463,55200000,150000
R09-01464,45220000,150000
R09-01465,45350000,150000
R09-01466,11670000,40000
R09-01467,34600000,150000
R09-01468,75040000,300000
R09-01469,3200000,0
R09-01470,15290000,40000
R09-01471,23220000,60000
R09-01472,73640000,300000
R09-01473,54050000,150000
R09-01474,44690000,150000
R09-01475,82040000,300000
R09-01476,1700000,0
R09-01477,77170000,300000
R09-01478,11820000,40000
R09-01479,56150000,150000
R09-01480,34080000,150000
R09-01481,62940000,150000
R09-01482,92380000,300000
R09-01483,13420000,40000
R09-01484,82330000,300000
R09-01485,1700000,0
R09-01486,6950000,20000
R09-01487,73940000,300000
R09-01488,82580000,300000
R09-01489,25240000,60000
R09-01490,61810000,150000
R09-01491,34090000,150000
R09-01492,63900000,150000
R09-01493,12180000,40000
R09-01494,18240000,40000
R09-01495,72910000,300000
R09-01496,13400000,40000
R09-01497,66830000,300000
R09-01498,70360000,300000
R09-01499,31770000,60000
R09-01500,24300000,60000
R09-01501,22680000,60000
R09-01502,14660000,40000
R09-01503,23670000,60000
R09-01504,38710000,150000
R09-01505,7310000,20000
R09-01506,64570000,150000
R09-01507,95510000,300000
R09-01508,31910000,60000
R09-01509,38650000,150000
R09-01510,3720000,0
R09-01511,16120000,40000
R09-01512,47160000,150000
R09-01513,47090000,150000
R09-01514,32410000,60000
R09-01515,60690000,150000
R09-01516,57430000,150000
R09-01517,1960000,0
R09-01518,71750000,300000
R09-01519,43030000,150000
R09-01520,92260000,300000
R09-01521,11930000,40000
R09-01522,32840000,60000
R09-01523,45860000,150000
R09-01524,33290000,60000
R09-01525,86580000,300000
R09-01526,22310000,60000
R09-01527,117570000,300000
R09-01528,31750000,60000
R09-01529,132310000,300000
R09-01530,45010000,150000
R09-01531,30650000,60000
R09-01532,24600000,60000
R09-01533,14330000,40000
R09-01534,13860000,40000
R09-01535,75370000,300000
R09-01536,94740000,300000
R09-01537,95550000,300000
R09-01538,13650000,40000
R09-01539,8050000,20000
R09-01540,15900000,40000
R09-01541,61890000,150000
R09-01542,64360000,150000
R09-01543,76890000,300000
R09-01544,2920000,0
R09-01545,24980000,60000
R09-01546,71950000,300000
R09-01547,14270000,40000
R09-01548,53710000,150000
R09-01549,94320000,300000
R09-01550,63770000,150000
R09-01551,14880000,40000
R09-01552,46840000,150000
R09-01553,23820000,60000
R09-01554,24260000,60000
R09-01555,43610000,150000
R09-01556,1130000,0
R09-01557,40940000,150000
R09-01558,11220000,40000
R09-01559,31930000,60000
R09-01560,11600000,40000
R09-01561,51960000,150000
R09-01562,560000,0
R09-01563,23280000,60000
R09-01564,62290000,150000
R09-01565,94730000,300000
R09-01566,6910000,20000
R09-01567,4070000,0
R09-01568,44630000,150000
R09-01569,92060000,300000
R09-01570,24530000,60000
R09-01571,63200000,150000
R09-01572,94380000,300000
R09-01573,52440000,150000
R09-01574,82630000,300000
R09-01575,65850000,150000
R09-01576,31260000,60000
R09-01577,42160000,150000
R09-01578,25070000,60000
R09-01579,33210000,60000
R09-01580,127550000,300000
R09-01581,75200000,300000
R09-01582,22490000,60000
R09-01583,7400000,20000
R09-01584,24030000,60000
R09-01585,81630000,300000
R09-01586,16360000,40000
R09-01587,92910000,300000
R09-01588,75100000,300000
R09-01589,59280000,150000
R09-01590,33790000,150000
R09-01591,55450000,150000
R09-01592,11840000,40000
R09-01593,55190000,150000
R09-01594,15140000,40000
R09-01595,5900000,20000
R09-01596,25390000,60000
R09-01597,15210000,40000
R09-01598,71840000,300000
R09-01599,58440000,150000
R09-01600,44560000,150000
R09-01601,172230000,600000
R09-01602,32120000,60000
R09-01603,101470000,300000
R09-01604,52300000,150000
R09-01605,24740000,60000
R09-01606,38250000,150000
R09-01607,17640000,40000
R09-01608,112240000,300000
R09-01609,7040000,20000
R09-01610,42710000,150000
R09-01611,52830000,150000
R09-01612,35460000,150000
R09-01613,56940000,150000
R09-01614,31600000,60000
R09-01615,25310000,60000
R09-01616,20900000,60000
R09-01617,1900000,0
R09-01618,35330000,150000
R09-01619,23240000,60000
R09-01620,15510000,40000
R09-01621,91580000,300000
R09-01622,61580000,150000
R09-01623,11730000,40000
R09-01624,62560000,150000
R09-01625,22650000,60000
R09-01626,27380000,60000
R09-01627,40410000,150000
R09-01628,61830000,150000
R09-01629,5090000,20000
R09-01630,15640000,40000
R09-01631,115120000,300000
R09-01632,24420000,60000
R09-01633,5680000,20000
R09-01634,66660000,150000
R09-01635,45790000,150000
R09-01636,72890000,300000
R09-01637,24230000,60000
R09-01638,32690000,60000
R09-01639,84940000,300000
R09-01640,57040000,150000
R09-01641,53900000,150000
R09-01642,46510000,150000
R09-01643,52030000,150000
R09-01644,14210000,40000
R09-01645,4350000,0
R09-01646,14750000,40000
R09-01647,42410000,150000
R09-01648,142130000,600000
R09-01649,101160000,300000
R09-01650,36160000,150000
R09-01651,113320000,300000
R09-01652,94060000,300000
R09-01653,83020000,300000
R09-01654,71380000,300000
R09-01655,13100000,40000
R09-01656,33200000,60000
R09-01657,72390000,300000
R09-01658,24710000,60000
R09-01659,94680000,300000
R09-01660,42720000,150000
R09-01661,32110000,60000
R09-01662,146540000,600000
R09-01663,35120000,150000
R09-01664,136380000,600000
R09-01665,12440000,40000
R09-01666,23810000,60000
R09-01667,2640000,0
R09-01668,32140000,60000
R09-01669,1520000,0
R09-01670,62620000,150000
R09-01671,73540000,300000
R09-01672,13030000,40000
R09-01673,11120000,40000
R09-01674,23860000,60000
R09-01675,52150000,150000
R09-01676,13240000,40000
R09-01677,46950000,150000
R09-01678,6380000,20000
R09-01679,74760000,300000
R09-01680,42010000,150000
R09-01681,44270000,150000
R09-01682,33550000,150000
R09-01683,5480000,20000
R09-01684,53460000,150000
R09-01685,88180000,300000
R09-01686,14540000,40000
R09-01687,11040000,40000
R09-01688,6420000,20000
R09-01689,48030000,150000
R09-01690,95430000,300000
R09-01691,13700000,40000
R09-01692,16480000,40000
R09-01693,44150000,150000
R09-01694,75040000,300000
R09-01695,31610000,60000
R09-01696,37160000,150000
R09-01697,14460000,40000
R09-01698,72000000,300000
R09-01699,11200000,40000
R09-01700,72250000,300000
R09-01701,5430000,20000
R09-01702,32150000,60000
R09-01703,121940000,300000
R09-01704,1510000,0
R09-01705,10550000,40000
R09-01706,26340000,60000
R09-01707,21830000,60000
R09-01708,11570000,40000
R09-01709,94190000,300000
R09-01710,10870000,40000
R09-01711,32010000,60000
R09-01712,6140000,20000
R09-01713,64040000,150000
R09-01714,65890000,150000
R09-01715,41170000,150000
R09-01716,121200000,300000
R09-01717,6430000,20000
R09-01718,14470000,40000
R09-01719,21920000,60000
R09-01720,14520000,40000
R09-01721,48260000,150000
R09-01722,22220000,60000
R09-01723,102980000,300000
R09-01724,50390000,150000
R09-01725,105690000,300000
R09-01726,82310000,300000
R09-01727,2670000,0
R09-01728,33900000,150000
R09-01729,41210000,150000
R09-01730,74180000,300000
R09-01731,78920000,300000
R09-01732,73860000,300000
R09-01733,21760000,60000
R09-01734,1330000,0
R09-01735,53620000,150000
R09-01736,66250000,150000
R09-01737,31140000,60000
R09-01738,35270000,150000
R09-01739,23220000,60000
R09-01740,20420000,60000
R09-01741,12660000,40000
R09-01742,104630000,300000
R09-01743,56990000,150000
R09-01744,25390000,60000
R09-01745,16070000,40000
R09-01746,54310000,150000
R09-01747,44180000,150000
R09-01748,23290000,60000
R09-01749,12350000,40000
R09-01750,52400000,150000
R09-01751,76420000,300000
R09-01752,92360000,300000
R09-01753,23000000,60000
R09-01754,104200000,300000
R09-01755,72580000,300000
R09-01756,41820000,150000
R09-01757,71280000,300000
R09-01758,43610000,150000
R09-01759,94360000,300000
R09-01760,10320000,40000
R09-01761,22920000,60000
R09-01762,46990000,150000
R09-01763,80670000,300000
R09-01764,44490000,150000
R09-01765,34510000,150000
R09-01766,1970000,0
R09-01767,23750000,60000
R09-01768,34440000,150000
R09-01769,24250000,60000
R09-01770,3240000,0
R09-01771,4560000,0
R09-01772,38780000,150000
R09-01773,52540000,150000
R09-01774,40240000,150000
R09-01775,110540000,300000
R09-01776,12870000,40000
R09-01777,36950000,150000
R09-01778,4650000,0
R09-01779,56270000,150000
R09-01780,10370000,40000
R09-01781,13400000,40000
R09-01782,18410000,40000
R09-01783,84770000,300000
R09-01784,2190000,0
R09-01785,43150000,150000
R09-01786,4010000,0
R09-01787,21510000,60000
R09-01788,24710000,60000
R09-01789,63370000,150000
R09-01790,24870000,60000
R09-01791,35580000,150000
R09-01792,13790000,40000
R09-01793,36330000,150000
R09-01794,52030000,150000
R09-01795,12840000,40000
R09-01796,57590000,150000
R09-01797,26380000,60000
R09-01798,95520000,300000
R09-01799,61200000,150000
R09-01800,145770000,600000
R09-01801,22150000,60000
R09-01802,34780000,150000
R09-01803,7980000,20000
R09-01804,27320000,60000
R09-01805,21310000,60000
R09-01806,71650000,300000
R09-01807,24350000,60000
R09-01808,4680000,0
R09-01809,103370000,300000
R09-01810,95660000,300000
R09-01811,23740000,60000
R09-01812,73380000,300000
R09-01813,690000,0
R09-01814,57420000,150000
R09-01815,41850000,150000
R09-01816,15270000,40000
R09-01817,83600000,300000
R09-01818,24550000,60000
R09-01819,3060000,0
R09-01820,45410000,150000
R09-01821,113290000,300000
R09-01822,72130000,300000
R09-01823,53110000,150000
R09-01824,40400000,150000
R09-01825,72360000,300000
R09-01826,24940000,60000
R09-01827,22530000,60000
R09-01828,33150000,60000
R09-01829,26560000,60000
R09-01830,55100000,150000
R09-01831,75920000,300000
R09-01832,21930000,60000
R09-01833,44350000,150000
R09-01834,2640000,0
R09-01835,64750000,150000
R09-01836,133720000,600000
R09-01837,84210000,300000
R09-01838,24400000,60000
R09-01839,12130000,40000
R09-01840,152560000,600000
R09-01841,22560000,60000
R09-01842,43690000,150000
R09-01843,13170000,40000
R09-01844,222180000,1000000
R09-01845,3450000,0
R09-01846,95850000,300000
R09-01847,1840000,0
R09-01848,22220000,60000
R09-01849,42780000,150000
R09-01850,32130000,60000
R09-01851,31140000,60000
R09-01852,13340000,40000
R09-01853,19540000,40000
R09-01854,67960000,300000
R09-01855,14080000,40000
R09-01856,3730000,0
R09-01857,103250000,300000
R09-01858,6680000,20000
R09-01859,36770000,150000
R09-01860,17350000,40000
R09-01861,96080000,300000
R09-01862,62590000,150000
R09-01863,3240000,0
R09-01864,43270000,150000
R09-01865,80280000,300000
R09-01866,3960000,0
R09-01867,32520000,60000
R09-01868,13710000,40000
R09-01869,31240000,60000
R09-01870,6850000,20000
R09-01871,65740000,150000
R09-01872,67300000,300000
R09-01873,33190000,60000
R09-01874,133920000,600000
R09-01875,26640000,60000
R09-01876,63380000,150000
R09-01877,23010000,60000
R09-01878,94290000,300000
R09-01879,7530000,20000
R09-01880,92150000,300000
R09-01881,13240000,40000
R09-01882,32850000,60000
R09-01883,3360000,0
R09-01884,92310000,300000
R09-01885,42370000,150000
R09-01886,7520000,20000
R09-01887,1860000,0
R09-01888,34420000,150000
R09-01889,94100000,300000
R09-01890,2770000,0
R09-01891,86420000,300000
R09-01892,23310000,60000
R09-01893,15010000,40000
R09-01894,12200000,40000
R09-01895,51540000,150000
R09-01896,31100000,60000
R09-01897,112380000,300000
R09-01898,14930000,40000
R09-01899,22830000,60000
R09-01900,6300000,20000
R09-01901,2480000,0
R09-01902,36590000,150000
R09-01903,37240000,150000
R09-01904,53200000,150000
R09-01905,83750000,300000
R09-01906,72470000,300000
R09-01907,45870000,150000
R09-01908,61970000,150000
R09-01909,16760000,40000
R09-01910,76250000,300000
R09-01911,34790000,150000
R09-01912,44330000,150000
R09-01913,11170000,40000
R09-01914,42630000,150000
R09-01915,122720000,300000
R09-01916,44560000,150000
R09-01917,31040000,60000
R09-01918,26480000,60000
R09-01919,5830000,20000
R09-01920,4480000,0
R09-01921,23750000,60000
R09-01922,45060000,150000
R09-01923,92470000,300000
R09-01924,52730000,150000
R09-01925,36060000,150000
R09-01926,48960000,150000
R09-01927,22960000,60000
R09-01928,142750000,600000
R09-01929,31830000,60000
R09-01930,45660000,150000
R09-01931,22280000,60000
R09-01932,24390000,60000
R09-01933,37290000,150000
R09-01934,125130000,300000
R09-01935,1450000,0
R09-01936,1620000,0
R09-01937,19230000,40000
R09-01938,24070000,60000
R09-01939,104150000,300000
R09-01940,96910000,300000
R09-01941,82630000,300000
R09-01942,53780000,150000
R09-01943,3180000,0
R09-01944,28790000,60000
R09-01945,22420000,60000
R09-01946,52160000,150000
R09-01947,41410000,150000
R09-01948,31610000,60000
R09-01949,22450000,60000
R09-01950,28820000,60000
R09-01951,10600000,40000
R09-01952,34040000,150000
R09-01953,11260000,40000
R09-01954,52550000,150000
R09-01955,63610000,150000
R09-01956,13510000,40000
R09-01957,61520000,150000
R09-01958,34890000,150000
R09-01959,43670000,150000
R09-01960,41150000,150000
R09-01961,73370000,300000
R09-01962,43920000,150000
R09-01963,34480000,150000
R09-01964,62230000,150000
R09-01965,42940000,150000
R09-01966,63660000,150000
R09-01967,34840000,150000
R09-01968,1110000,0
R09-01969,58430000,150000
R09-01970,73470000,300000
R09-01971,44420000,150000
R09-01972,146780000,600000
R09-01973,20870000,60000
R09-01974,11930000,40000
R09-01975,44920000,150000
R09-01976,18200000,40000
R09-01977,35110000,150000
R09-01978,4610000,0
R09-01979,36470000,150000
R09-01980,48770000,150000
R09-01981,20430000,60000
R09-01982,15580000,40000
R09-01983,1890000,0
R09-01984,50800000,150000
R09-01985,95320000,300000
R09-01986,73830000,300000
R09-01987,51920000,150000
R09-01988,56180000,150000
R09-01989,95190000,300000
R09-01990,2750000,0
R09-01991,145040000,600000
R09-01992,75020000,300000
R09-01993,63210000,150000
R09-01994,34960000,150000
R09-01995,35240000,150000
R09-01996,31340000,60000
R09-01997,38280000,150000
R09-01998,42970000,150000
R09-01999,75370000,300000
R09-02000,1800000,0
R09-02001,84520000,300000
R09-02002,43110000,150000
R09-02003,60850000,150000
R09-02004,12040000,40000
R09-02005,24530000,60000
R09-02006,35650000,150000
R09-02007,54300000,150000
R09-02008,1970000,0
R09-02009,21820000,60000
R09-02010,24830000,60000
R09-02011,44300000,150000
R09-02012,132660000,300000
R09-02013,25840000,60000
R09-02014,1240000,0
R09-02015,37820000,150000
R09-02016,22960000,60000
R09-02017,53610000,150000
R09-02018,1940000,0
R09-02019,13050000,40000
R09-02020,106270000,300000
R09-02021,31830000,60000
R09-02022,13270000,40000
R09-02023,34050000,150000
R09-02024,31810000,60000
R09-02025,52050000,150000
R09-02026,8690000,20000
R09-02027,29510000,60000
R09-02028,61030000,150000
R09-02029,1690000,0
R09-02030,33670000,150000
R09-02031,26350000,60000
R09-02032,63870000,150000
R09-02033,63440000,150000
R09-02034,43150000,150000
R09-02035,22560000,60000
R09-02036,82840000,300000
R09-02037,15270000,40000
R09-02038,29100000,60000
R09-02039,45540000,150000
R09-02040,42020000,150000
R09-02041,22380000,60000
R09-02042,45160000,150000
R09-02043,33200000,60000
R09-02044,52850000,150000
R09-02045,42710000,150000
R09-02046,41240000,150000
R09-02047,24150000,60000
R09-02048,35710000,150000
R09-02049,78090000,300000
R09-02050,73100000,300000
R09-02051,31550000,60000
R09-02052,87460000,300000
R09-02053,71530000,300000
R09-02054,51570000,150000
R09-02055,104100000,300000
R09-02056,11910000,40000
R09-02057,102100000,300000
R09-02058,58070000,150000
R09-02059,12310000,40000
R09-02060,76560000,300000
R09-02061,35230000,150000
R09-02062,21490000,60000
R09-02063,77270000,300000
R09-02064,52090000,150000
R09-02065,12830000,40000
R09-02066,4620000,0
R09-02067,36770000,150000
R09-02068,44110000,150000
R09-02069,31980000,60000
R09-02070,3600000,0
R09-02071,2670000,0
R09-02072,36100000,150000
R09-02073,142380000,600000
R09-02074,114950000,300000
R09-02075,136120000,600000
R09-02076,1520000,0
R09-02077,50880000,150000
R09-02078,22600000,60000
R09-02079,45560000,150000
R09-02080,122550000,300000
R09-02081,22470000,60000
R09-02082,52690000,150000
R09-02083,101710000,300000
R09-02084,70190000,300000
R09-02085,3600000,0
R09-02086,33460000,150000
R09-02087,63750000,150000
R09-02088,40370000,150000
R09-02089,37350000,150000
R09-02090,43280000,150000
R09-02091,104350000,300000
R09-02092,91700000,300000
R09-02093,53460000,150000
R09-02094,33150000,60000
R09-02095,37240000,150000
R09-02096,91160000,300000
R09-02097,56300000,150000
R09-02098,24910000,60000
R09-02099,61220000,150000
R09-02100,45570000,150000
R09-02101,12610000,40000
R09-02102,23390000,60000
R09-02103,4330000,0
R09-02104,93140000,300000
R09-02105,21370000,60000
R09-02106,63190000,150000
R09-02107,33060000,60000
R09-02108,64500000,150000
R09-02109,52180000,150000
R09-02110,35190000,150000
R09-02111,42640000,150000
R09-02112,2810000,0
R09-02113,62550000,150000
R09-02114,122970000,300000
R09-02115,84920000,300000
R09-02116,62440000,150000
R09-02117,91560000,300000
R09-02118,101930000,300000
R09-02119,3240000,0
R09-02120,46400000,150000
R09-02121,11750000,40000
R09-02122,32240000,60000
R09-02123,65160000,150000
R09-02124,54170000,150000
R09-02125,100880000,300000
R09-02126,64920000,150000
R09-02127,42870000,150000
R09-02128,14530000,40000
R09-02129,23800000,60000
R09-02130,56350000,150000
R09-02131,27690000,60000
R09-02132,77260000,300000
R09-02133,1030000,0
R09-02134,56770000,150000
R09-02135,62660000,150000
R09-02136,62320000,150000
R09-02137,24200000,60000
R09-02138,43010000,150000
R09-02139,107900000,300000
R09-02140,13570000,40000
R09-02141,53900000,150000
R09-02142,22110000,60000
R09-02143,30950000,60000
R09-02144,2350000,0
R09-02145,31910000,60000
R09-02146,25420000,60000
R09-02147,45860000,150000
R09-02148,62220000,150000
R09-02149,21400000,60000
R09-02150,43690000,150000
R09-02151,115790000,300000
R09-02152,11620000,40000
R09-02153,91430000,300000
R09-02154,7960000,20000
R09-02155,2240000,0
R09-02156,870000,0
R09-02157,103090000,300000
R09-02158,24890000,60000
R09-02159,5010000,20000
R09-02160,37520000,150000
R09-02161,40700000,150000
R09-02162,108290000,300000
R09-02163,53210000,150000
R09-02164,61980000,150000
R09-02165,3410000,0
R09-02166,73980000,300000
R09-02167,32880000,60000
R09-02168,61110000,150000
R09-02169,24510000,60000
R09-02170,4980000,0
R09-02171,91500000,300000
R09-02172,44320000,150000
R09-02173,22940000,60000
R09-02174,61190000,150000
R09-02175,83550000,300000
R09-02176,1330000,0
R09-02177,60750000,150000
R09-02178,8920000,20000
R09-02179,48230000,150000
R09-02180,62630000,150000
R09-02181,13360000,40000
R09-02182,50700000,150000
R09-02183,13050000,40000
R09-02184,13160000,40000
R09-02185,16530000,40000
R09-02186,45650000,150000
R09-02187,41420000,150000
R09-02188,102020000,300000
R09-02189,77260000,300000
R09-02190,45580000,150000
R09-02191,31920000,60000
R09-02192,44170000,150000
R09-02193,31990000,60000
R09-02194,42400000,150000
R09-02195,36000000,150000
R09-02196,12520000,40000
R09-02197,21540000,60000
R09-02198,62720000,150000
R09-02199,24320000,60000
R09-02200,72260000,300000
R09-02201,63640000,150000
R09-02202,105060000,300000
R09-02203,5240000,20000
R09-02204,23750000,60000
R09-02205,66080000,150000
R09-02206,11750000,40000
R09-02207,66490000,150000
R09-02208,54880000,150000
R09-02209,44670000,150000
R09-02210,42190000,150000
R09-02211,32410000,60000
R09-02212,12400000,40000
R09-02213,39200000,150000
R09-02214,15660000,40000
R09-02215,2200000,0
R09-02216,62240000,150000
R09-02217,42580000,150000
R09-02218,32380000,60000
R09-02219,67290000,300000
R09-02220,43030000,150000
R09-02221,41150000,150000
R09-02222,82000000,300000
R09-02223,43840000,150000
R09-02224,6310000,20000
R09-02225,101460000,300000
R09-02226,46400000,150000
R09-02227,91980000,300000
R09-02228,23670000,60000
R09-02229,23040000,60000
R09-02230,107020000,300000
R09-02231,84520000,300000
R09-02232,2540000,0
R09-02233,52480000,150000
R09-02234,62460000,150000
R09-02235,65550000,150000
R09-02236,3340000,0
R09-02237,7390000,20000
R09-02238,1460000,0
R09-02239,36470000,150000
R09-02240,15550000,40000
R09-02241,53220000,150000
R09-02242,16550000,40000
R09-02243,67190000,300000
R09-02244,105180000,300000
R09-02245,58210000,150000
R09-02246,26950000,60000
R09-02247,13350000,40000
R09-02248,14840000,40000
R09-02249,41640000,150000
R09-02250,23080000,60000
R09-02251,32310000,60000
R09-02252,23140000,60000
R09-02253,51230000,150000
R09-02254,35090000,150000
R09-02255,22970000,60000
R09-02256,82760000,300000
R09-02257,70810000,300000
R09-02258,92510000,300000
R09-02259,65990000,150000
R09-02260,11050000,40000
R09-02261,23840000,60000
R09-02262,2430000,0
R09-02263,28360000,60000
R09-02264,27330000,60000
R09-02265,13390000,40000
R09-02266,43650000,150000
R09-02267,14730000,40000
R09-02268,48240000,150000
R09-02269,21090000,60000
R09-02270,35800000,150000
R09-02271,31900000,60000
R09-02272,95330000,300000
R09-02273,87010000,300000
R09-02274,14950000,40000
R09-02275,52260000,150000
R09-02276,41060000,150000
R09-02277,77090000,300000
R09-02278,58050000,150000
R09-02279,33720000,150000
R09-02280,32260000,60000
R09-02281,4340000,0
R09-02282,103900000,300000
R09-02283,63270000,150000
R09-02284,12440000,40000
R09-02285,83340000,300000
R09-02286,14180000,40000
R09-02287,108570000,300000
R09-02288,83560000,300000
R09-02289,30760000,60000
R09-02290,44440000,150000
R09-02291,12390000,40000
R09-02292,66000000,150000
R09-02293,11490000,40000
R09-02294,24240000,60000
R09-02295,23030000,60000
R09-02296,76400000,300000
R09-02297,86370000,300000
R09-02298,41000000,150000
R09-02299,35100000,150000
R09-02300,41560000,150000
R09-02301,51980000,150000
R09-02302,62730000,150000
R09-02303,24310000,60000
R09-02304,81390000,300000
R09-02305,1810000,0
R09-02306,3860000,0
R09-02307,74820000,300000
R09-02308,36650000,150000
R09-02309,5560000,20000
R09-02310,102890000,300000
R09-02311,117050000,300000
R09-02312,42160000,150000
R09-02313,156300000,600000
R09-02314,72340000,300000
R09-02315,26600000,60000
R09-02316,94930000,300000
R09-02317,28510000,60000
R09-02318,5590000,20000
R09-02319,72090000,300000
R09-02320,5810000,20000
R09-02321,4330000,0
R09-02322,41730000,150000
R09-02323,101810000,300000
R09-02324,12110000,40000
R09-02325,132470000,300000
R09-02326,91120000,300000
R09-02327,20730000,60000
R09-02328,31250000,60000
R09-02329,63090000,150000
R09-02330,42110000,150000
R09-02331,23990000,60000
R09-02332,41820000,150000
R09-02333,23080000,60000
R09-02334,31460000,60000
R09-02335,104260000,300000
R09-02336,69030000,300000
R09-02337,59030000,150000
R09-02338,12710000,40000
R09-02339,33790000,150000
R09-02340,43510000,150000
R09-02341,25520000,60000
R09-02342,16740000,40000
R09-02343,22300000,60000
R09-02344,72550000,300000
R09-02345,91240000,300000
R09-02346,63090000,150000
R09-02347,21480000,60000
R09-02348,22900000,60000
R09-02349,76080000,300000
R09-02350,60420000,150000
R09-02351,53690000,150000
R09-02352,48780000,150000
R09-02353,2140000,0
R09-02354,57370000,150000
R09-02355,35270000,150000
R09-02356,20910000,60000
R09-02357,30540000,60000
R09-02358,71920000,300000
R09-02359,10910000,40000
R09-02360,34140000,150000
R09-02361,42510000,150000
R09-02362,34640000,150000
R09-02363,74430000,300000
R09-02364,13020000,40000
R09-02365,33050000,60000
R09-02366,34870000,150000
R09-02367,2850000,0
R09-02368,3910000,0
R09-02369,71760000,300000
R09-02370,82180000,300000
R09-02371,73170000,300000
R09-02372,16190000,40000
R09-02373,45040000,150000
R09-02374,2030000,0
R09-02375,41970000,150000
R09-02376,15020000,40000
R09-02377,2640000,0
R09-02378,42140000,150000
R09-02379,102650000,300000
R09-02380,2350000,0
R09-02381,71980000,300000
R09-02382,87520000,300000
R09-02383,6070000,20000
R09-02384,62790000,150000
R09-02385,73170000,300000
R09-02386,4790000,0
R09-02387,33500000,150000
R09-02388,8030000,20000
R09-02389,37060000,150000
R09-02390,2210000,0
R09-02391,80470000,300000
R09-02392,1670000,0
R09-02393,7450000,20000
R09-02394,33040000,60000
R09-02395,5950000,20000
R09-02396,60210000,150000
R09-02397,1950000,0
R09-02398,93020000,300000
R09-02399,41850000,150000
R09-02400,41210000,150000
R09-02401,53290000,150000
R09-02402,83390000,300000
R09-02403,5510000,20000
R09-02404,78690000,300000
R09-02405,70990000,300000
R09-02406,34600000,150000
R09-02407,31310000,60000
R09-02408,85030000,300000
R09-02409,45650000,150000
R09-02410,1640000,0
R09-02411,4790000,0
R09-02412,42270000,150000
R09-02413,33180000,60000
R09-02414,2440000,0
R09-02415,11480000,40000
R09-02416,61630000,150000
R09-02417,67140000,300000
R09-02418,105620000,300000
R09-02419,9030000,20000
R09-02420,75980000,300000
R09-02421,26420000,60000
R09-02422,57900000,150000
R09-02423,72260000,300000
R09-02424,20480000,60000
R09-02425,24020000,60000
R09-02426,12750000,40000
R09-02427,42440000,150000
R09-02428,62740000,150000
R09-02429,35750000,150000
R09-02430,20990000,60000
R09-02431,3650000,0
R09-02432,35510000,150000
R09-02433,96780000,300000
R09-02434,61710000,150000
R09-02435,15740000,40000
R09-02436,74950000,300000
R09-02437,25950000,60000
R09-02438,21360000,60000
R09-02439,1660000,0
R09-02440,105690000,300000
R09-02441,81310000,300000
R09-02442,82300000,300000
R09-02443,18860000,40000
R09-02444,11020000,40000
R09-02445,40860000,150000
R09-02446,101300000,300000
R09-02447,63340000,150000
R09-02448,1430000,0
R09-02449,77730000,300000
R09-02450,64430000,150000
R09-02451,34090000,150000
R09-02452,37900000,150000
R09-02453,63380000,150000
R09-02454,82280000,300000
R09-02455,53020000,150000
R09-02456,87800000,300000
R09-02457,81520000,300000
R09-02458,66310000,150000
R09-02459,2740000,0
R09-02460,45890000,150000
R09-02461,52360000,150000
R09-02462,3780000,0
R09-02463,34160000,150000
R09-02464,71630000,300000
R09-02465,18710000,40000
R09-02466,42980000,150000
R09-02467,106270000,300000
R09-02468,79050000,300000
R09-02469,44370000,150000
R09-02470,42620000,150000
R09-02471,23720000,60000
R09-02472,62270000,150000
R09-02473,71900000,300000
R09-02474,46010000,150000
R09-02475,46840000,150000
R09-02476,51900000,150000
R09-02477,92080000,300000
R09-02478,25290000,60000
R09-02479,105870000,300000
R09-02480,8630000,20000
R09-02481,25950000,60000
R09-02482,34760000,150000
R09-02483,96060000,300000
R09-02484,97760000,300000
R09-02485,4110000,0
R09-02486,28340000,60000
R09-02487,88410000,300000
R09-02488,43960000,150000
R09-02489,96100000,300000
R09-02490,43220000,150000
R09-02491,54920000,150000
R09-02492,16780000,40000
R09-02493,104710000,300000
R09-02494,92930000,300000
R09-02495,4620000,0
R09-02496,51730000,150000
R09-02497,15600000,40000
R09-02498,12140000,40000
R09-02499,91560000,300000
R09-02500,113920000,300000
R09-02501,62440000,150000
R09-02502,21560000,60000
R09-02503,44400000,150000
R09-02504,65710000,150000
R09-02505,55810000,150000
R09-02506,14100000,40000
R09-02507,43910000,150000
R09-02508,6540000,20000
R09-02509,25780000,60000
R09-02510,96030000,300000
R09-02511,92810000,300000
R09-02512,84090000,300000
R09-02513,45070000,150000
R09-02514,81970000,300000
R09-02515,98330000,300000
R09-02516,62540000,150000
R09-02517,25580000,60000
R09-02518,20820000,60000
R09-02519,74920000,300000
R09-02520,20800000,60000
R09-02521,62200000,150000
R09-02522,3940000,0
R09-02523,64020000,150000
R09-02524,121340000,300000
R09-02525,115440000,300000
R09-02526,53940000,150000
R09-02527,25280000,60000
R09-02528,15780000,40000
R09-02529,70690000,300000
R09-02530,41760000,150000
R09-02531,95080000,300000
R09-02532,101840000,300000
R09-02533,900000,0
R09-02534,72130000,300000
R09-02535,22040000,60000
R09-02536,71540000,300000
R09-02537,31970000,60000
R09-02538,66920000,300000
R09-02539,81580000,300000
R09-02540,24340000,60000
R09-02541,61390000,150000
R09-02542,112960000,300000
R09-02543,36350000,150000
R09-02544,114160000,300000
R09-02545,32070000,60000
R09-02546,28340000,60000
R09-02547,33040000,60000
R09-02548,33830000,150000
R09-02549,36540000,150000
R09-02550,24540000,60000
R09-02551,87400000,300000
R09-02552,115660000,300000
R09-02553,38060000,150000
R09-02554,51950000,150000
R09-02555,31750000,60000
R09-02556,35290000,150000
R09-02557,52380000,150000
R09-02558,57660000,150000
R09-02559,13800000,40000
R09-02560,62380000,150000
R09-02561,15720000,40000
R09-02562,45710000,150000
R09-02563,570000,0
R09-02564,81890000,300000
R09-02565,36020000,150000
R09-02566,82460000,300000
R09-02567,5360000,20000
R09-02568,45860000,150000
R09-02569,112530000,300000
R09-02570,5670000,20000
R09-02571,66970000,300000
R09-02572,62270000,150000
R09-02573,38480000,150000
R09-02574,62620000,150000
R09-02575,11370000,40000
R09-02576,93160000,300000
R09-02577,1340000,0
R09-02578,33540000,150000
R09-02579,15650000,40000
R09-02580,54440000,150000
R09-02581,12020000,40000
R09-02582,101960000,300000
R09-02583,34240000,150000
R09-02584,22990000,60000
R09-02585,55470000,150000
R09-02586,6770000,20000
R09-02587,22380000,60000
R09-02588,115680000,300000
R09-02589,7180000,20000
R09-02590,35060000,150000
R09-02591,92310000,300000
R09-02592,14890000,40000
R09-02593,33390000,150000
R09-02594,95540000,300000
R09-02595,67240000,300000
R09-02596,1510000,0
R09-02597,34710000,150000
R09-02598,67010000,300000
R09-02599,63440000,150000
R09-02600,22040000,60000
R09-02601,24050000,60000
R09-02602,13880000,40000
R09-02603,152970000,600000
R09-02604,54800000,150000
R09-02605,12250000,40000
R09-02606,7160000,20000
R09-02607,12260000,40000
R09-02608,66170000,150000
R09-02609,20650000,60000
R09-02610,3910000,0
R09-02611,41640000,150000
R09-02612,41130000,150000
R09-02613,43170000,150000
R09-02614,144100000,600000
R09-02615,112960000,300000
R09-02616,23130000,60000
R09-02617,14300000,40000
R09-02618,173620000,600000
R09-02619,93320000,300000
R09-02620,33010000,60000
R09-02621,11020000,40000
R09-02622,35650000,150000
R09-02623,16500000,40000
R09-02624,67350000,300000
R09-02625,54610000,150000
R09-02626,53980000,150000
R09-02627,65650000,150000
R09-02628,12840000,40000
R09-02629,61710000,150000
R09-02630,50250000,150000
R09-02631,1240000,0
R09-02632,33910000,150000
R09-02633,84320000,300000
R09-02634,42710000,150000
R09-02635,77840000,300000
R09-02636,24640000,60000
R09-02637,22670000,60000
R09-02638,14760000,40000
R09-02639,60780000,150000
R09-02640,51790000,150000
R09-02641,86780000,300000
R09-02642,1270000,0
R09-02643,114360000,300000
R09-02644,44630000,150000
R09-02645,23950000,60000
R09-02646,3860000,0
R09-02647,1410000,0
R09-02648,3190000,0
R09-02649,45000000,150000
R09-02650,93250000,300000
R09-02651,34510000,150000
R09-02652,39190000,150000
R09-02653,3530000,0
R09-02654,13280000,40000
R09-02655,3650000,0
R09-02656,82440000,300000
R09-02657,14380000,40000
R09-02658,23480000,60000
R09-02659,55300000,150000
R09-02660,103490000,300000
R09-02661,42420000,150000
R09-02662,106880000,300000
R09-02663,47980000,150000
R09-02664,112370000,300000
R09-02665,66740000,300000
R09-02666,33920000,150000
R09-02667,32550000,60000
R09-02668,2270000,0
R09-02669,62540000,150000
R09-02670,15530000,40000
R09-02671,11350000,40000
R09-02672,102220000,300000
R09-02673,56100000,150000
R09-02674,42510000,150000
R09-02675,2180000,0
R09-02676,6190000,20000
R09-02677,42040000,150000
R09-02678,11830000,40000
R09-02679,45630000,150000
R09-02680,12650000,40000
R09-02681,14880000,40000
R09-02682,81360000,300000
R09-02683,900000,0
R09-02684,50250000,150000
R09-02685,3420000,0
R09-02686,97730000,300000
R09-02687,27650000,60000
R09-02688,18410000,40000
R09-02689,35050000,150000
R09-02690,84950000,300000
R09-02691,55120000,150000
R09-02692,84610000,300000
R09-02693,74120000,300000
R09-02694,26240000,60000
R09-02695,69210000,300000
R09-02696,25480000,60000
R09-02697,94430000,300000
R09-02698,26000000,60000
R09-02699,65910000,150000
R09-02700,87250000,300000
R09-02701,5680000,20000
R09-02702,63110000,150000
R09-02703,64900000,150000
R09-02704,75530000,300000
R09-02705,46610000,150000
R09-02706,34250000,150000
R09-02707,720000,0
R09-02708,74290000,300000
R09-02709,3290000,0
R09-02710,41710000,150000
R09-02711,83940000,300000
R09-02712,11470000,40000
R09-02713,82220000,300000
R09-02714,11350000,40000
R09-02715,120790000,300000
R09-02716,32680000,60000
R09-02717,54660000,150000
R09-02718,35240000,150000
R09-02719,24970000,60000
R09-02720,66910000,300000
R09-02721,62160000,150000
R09-02722,115550000,300000
R09-02723,31160000,60000
R09-02724,55840000,150000
R09-02725,44250000,150000
R09-02726,44590000,150000
R09-02727,15910000,40000
R09-02728,52290000,150000
R09-02729,15870000,40000
R09-02730,33250000,60000
R09-02731,15030000,40000
R09-02732,5310000,20000
R09-02733,47790000,150000
R09-02734,142310000,600000
R09-02735,97000000,300000
R09-02736,4540000,0
R09-02737,25810000,60000
R09-02738,102210000,300000
R09-02739,72270000,300000
R09-02740,40890000,150000
R09-02741,35200000,150000
R09-02742,44480000,150000
R09-02743,32360000,60000
R09-02744,71910000,300000
R09-02745,21380000,60000
R09-02746,21100000,60000
R09-02747,11130000,40000
R09-02748,68760000,300000
R09-02749,45020000,150000
R09-02750,66650000,150000
R09-02751,34250000,150000
R09-02752,22380000,60000
R09-02753,34160000,150000
R09-02754,21810000,60000
R09-02755,4700000,0
R09-02756,16910000,40000
R09-02757,4480000,0
R09-02758,83200000,300000
R09-02759,21950000,60000
R09-02760,36840000,150000
R09-02761,6040000,20000
R09-02762,7330000,20000
R09-02763,24030000,60000
R09-02764,84230000,300000
R09-02765,94690000,300000
R09-02766,13400000,40000
R09-02767,22870000,60000
R09-02768,1280000,0
R09-02769,16190000,40000
R09-02770,52120000,150000
R09-02771,36690000,150000
R09-02772,74820000,300000
R09-02773,33020000,60000
R09-02774,84210000,300000
R09-02775,144560000,600000
R09-02776,64630000,150000
R09-02777,55770000,150000
R09-02778,12060000,40000
R09-02779,63160000,150000
R09-02780,64880000,150000
R09-02781,62020000,150000
R09-02782,35080000,150000
R09-02783,22120000,60000
R09-02784,30510000,60000
R09-02785,22500000,60000
R09-02786,44740000,150000
R09-02787,13360000,40000
R09-02788,125920000,300000
R09-02789,23010000,60000
R09-02790,84270000,300000
R09-02791,60550000,150000
R09-02792,75060000,300000
R09-02793,3620000,0
R09-02794,21660000,60000
R09-02795,3150000,0
R09-02796,46220000,150000
R09-02797,53540000,150000
R09-02798,11810000,40000
R09-02799,95710000,300000
R09-02800,103470000,300000
R09-02801,65150000,150000
R09-02802,10210000,40000
R09-02803,82450000,300000
R09-02804,5500000,20000
R09-02805,45290000,150000
R09-02806,72800000,300000
R09-02807,2290000,0
R09-02808,35490000,150000
R09-02809,6630000,20000
R09-02810,5700000,20000
R09-02811,46250000,150000
R09-02812,1900000,0
R09-02813,141290000,600000
R09-02814,3520000,0
R09-02815,26350000,60000
R09-02816,11600000,40000
R09-02817,42270000,150000
R09-02818,54740000,150000
R09-02819,100680000,300000
R09-02820,44090000,150000
R09-02821,42230000,150000
R09-02822,4010000,0
R09-02823,2150000,0
R09-02824,121860000,300000
R09-02825,54280000,150000
R09-02826,94950000,300000
R09-02827,2480000,0
R09-02828,92300000,300000
R09-02829,98830000,300000
R09-02830,2160000,0
R09-02831,6560000,20000
R09-02832,3450000,0
R09-02833,26920000,60000
R09-02834,2500000,0
R09-02835,74240000,300000
R09-02836,34940000,150000
R09-02837,143370000,600000
R09-02838,34690000,150000
R09-02839,73940000,300000
R09-02840,72570000,300000
R09-02841,82530000,300000
R09-02842,53710000,150000
R09-02843,32220000,60000
R09-02844,1650000,0
R09-02845,17330000,40000
R09-02846,82850000,300000
R09-02847,128190000,300000
R09-02848,40390000,150000
R09-02849,14540000,40000
R09-02850,13360000,40000
R09-02851,81760000,300000
R09-02852,132480000,300000
R09-02853,85040000,300000
R09-02854,2320000,0
R09-02855,84320000,300000
R09-02856,32510000,60000
R09-02857,15660000,40000
R09-02858,43210000,150000
R09-02859,44710000,150000
R09-02860,23440000,60000
R09-02861,33390000,150000
R09-02862,54100000,150000
R09-02863,24100000,60000
R09-02864,2410000,0
R09-02865,42950000,150000
R09-02866,3040000,0
R09-02867,94340000,300000
R09-02868,57220000,150000
R09-02869,44950000,150000
R09-02870,73250000,300000
R09-02871,23280000,60000
R09-02872,96060000,300000
R09-02873,22440000,60000
R09-02874,103120000,300000
R09-02875,7080000,20000
R09-02876,134470000,600000
R09-02877,91330000,300000
R09-02878,84880000,300000
R09-02879,94850000,300000
R09-02880,123160000,300000
R09-02881,63220000,150000
R09-02882,134180000,600000
R09-02883,55920000,150000
R09-02884,6330000,20000
R09-02885,83870000,300000
R09-02886,123190000,300000
R09-02887,92210000,300000
R09-02888,44480000,150000
R09-02889,18420000,40000
R09-02890,62420000,150000
R09-02891,50910000,150000
R09-02892,41450000,150000
R09-02893,73970000,300000
R09-02894,11060000,40000
R09-02895,63780000,150000
R09-02896,4520000,0
R09-02897,57240000,150000
R09-02898,93350000,300000
R09-02899,33180000,60000
R09-02900,72530000,300000
R09-02901,93270000,300000
R09-02902,3070000,0
R09-02903,11900000,40000
R09-02904,84090000,300000
R09-02905,24090000,60000
R09-02906,90930000,300000
R09-02907,34720000,150000
R09-02908,24980000,60000
R09-02909,11960000,40000
R09-02910,13740000,40000
R09-02911,84440000,300000
R09-02912,28020000,60000
R09-02913,21770000,60000
R09-02914,33220000,60000
R09-02915,4300000,0
R09-02916,14790000,40000
R09-02917,26090000,60000
R09-02918,17350000,40000
R09-02919,36520000,150000
R09-02920,4910000,0
R09-02921,53070000,150000
R09-02922,43620000,150000
R09-02923,85020000,300000
R09-02924,111370000,300000
R09-02925,71940000,300000
R09-02926,83540000,300000
R09-02927,11570000,40000
R09-02928,77730000,300000
R09-02929,4010000,0
R09-02930,56040000,150000
R09-02931,108780000,300000
R09-02932,102130000,300000
R09-02933,41360000,150000
R09-02934,35770000,150000
R09-02935,87590000,300000
R09-02936,68180000,300000
R09-02937,21970000,60000
R09-02938,1990000,0
R09-02939,90990000,300000
R09-02940,67030000,300000
R09-02941,91340000,300000
R09-02942,11710000,40000
R09-02943,68800000,300000
R09-02944,31810000,60000
R09-02945,40640000,150000
R09-02946,10300000,40000
R09-02947,45740000,150000
R09-02948,103910000,300000
R09-02949,7090000,20000
R09-02950,36550000,150000
R09-02951,93600000,300000
R09-02952,32430000,60000
R09-02953,68590000,300000
R09-02954,3190000,0
R09-02955,7020000,20000
R09-02956,62420000,150000
R09-02957,44600000,150000
R09-02958,3270000,0
R09-02959,21810000,60000
R09-02960,43600000,150000
R09-02961,42540000,150000
R09-02962,3360000,0
R09-02963,2450000,0
R09-02964,55340000,150000
R09-02965,37830000,150000
R09-02966,8780000,20000
R09-02967,41800000,150000
R09-02968,18440000,40000
R09-02969,27150000,60000
R09-02970,8270000,20000
R09-02971,31470000,60000
R09-02972,82100000,300000
R09-02973,64780000,150000
R09-02974,1870000,0
R09-02975,7980000,20000
R09-02976,22550000,60000
R09-02977,40820000,150000
R09-02978,112340000,300000
R09-02979,4570000,0
R09-02980,3010000,0
R09-02981,53770000,150000
R09-02982,36820000,150000
R09-02983,53950000,150000
R09-02984,16000000,40000
R09-02985,2970000,0
R09-02986,2270000,0
R09-02987,41270000,150000
R09-02988,63330000,150000
R09-02989,77520000,300000
R09-02990,3680000,0
R09-02991,75790000,300000
R09-02992,12040000,40000
R09-02993,64480000,150000
R09-02994,10560000,40000
R09-02995,66380000,150000
R09-02996,28230000,60000
R09-02997,19030000,40000
R09-02998,106270000,300000
R09-02999,1570000,0
R09-03000,13630000,40000
R09-03001,3940000,0
R09-03002,146700000,600000
R09-03003,22630000,60000
R09-03004,55410000,150000
R09-03005,34150000,150000
R09-03006,134920000,600000
R09-03007,31530000,60000
R09-03008,103150000,300000
R09-03009,15130000,40000
R09-03010,81980000,300000
R09-03011,54670000,150000
R09-03012,75990000,300000
R09-03013,53670000,150000
R09-03014,31900000,60000
R09-03015,3300000,0
R09-03016,91740000,300000
R09-03017,40810000,150000
R09-03018,52070000,150000
R09-03019,23690000,60000
R09-03020,114360000,300000
R09-03021,43220000,150000
R09-03022,18270000,40000
R09-03023,51960000,150000
R09-03024,24140000,60000
R09-03025,52220000,150000
R09-03026,32740000,60000
R09-03027,43240000,150000
R09-03028,7930000,20000
R09-03029,72960000,300000
R09-03030,3840000,0
R09-03031,61560000,150000
R09-03032,63450000,150000
R09-03033,52330000,150000
R09-03034,4520000,0
R09-03035,15760000,40000
R09-03036,35840000,150000
R09-03037,26000000,60000
R09-03038,131140000,300000
R09-03039,94500000,300000
R09-03040,30790000,60000
R09-03041,54320000,150000
R09-03042,70790000,300000
R09-03043,51990000,150000
R09-03044,6820000,20000
R09-03045,81160000,300000
R09-03046,24340000,60000
R09-03047,17400000,40000
R09-03048,92760000,300000
R09-03049,4100000,0
R09-03050,64350000,150000
R09-03051,103930000,300000
R09-03052,10450000,40000
R09-03053,12610000,40000
R09-03054,17590000,40000
R09-03055,21740000,60000
R09-03056,22240000,60000
R09-03057,12640000,40000
R09-03058,2830000,0
R09-03059,43540000,150000
R09-03060,22700000,60000
R09-03061,24320000,60000
R09-03062,132200000,300000
R09-03063,12970000,40000
R09-03064,3180000,0
R09-03065,57210000,150000
R09-03066,15960000,40000
R09-03067,55360000,150000
R09-03068,37430000,150000
R09-03069,26990000,60000
R09-03070,5460000,20000
R09-03071,118510000,300000
R09-03072,62000000,150000
R09-03073,13140000,40000
R09-03074,30760000,60000
R09-03075,32880000,60000
R09-03076,42720000,150000
R09-03077,78080000,300000
R09-03078,91200000,300000
R09-03079,9090000,20000
R09-03080,6010000,20000
R09-03081,61460000,150000
R09-03082,73010000,300000
R09-03083,16270000,40000
R09-03084,6930000,20000
R09-03085,61840000,150000
R09-03086,134050000,600000
R09-03087,12110000,40000
R09-03088,18160000,40000
R09-03089,43910000,150000
R09-03090,84420000,300000
R09-03091,144850000,600000
R09-03092,56640000,150000
R09-03093,2570000,0
R09-03094,14280000,40000
R09-03095,93790000,300000
R09-03096,11800000,40000
R09-03097,45070000,150000
R09-03098,7430000,20000
R09-03099,43950000,150000
R09-03100,83680000,300000
R09-03101,63610000,150000
R09-03102,2040000,0
R09-03103,51830000,150000
R09-03104,65070000,150000
R09-03105,65140000,150000
R09-03106,32400000,60000
R09-03107,54450000,150000
R09-03108,13140000,40000
R09-03109,91220000,300000
R09-03110,113240000,300000
R09-03111,80350000,300000
R09-03112,95610000,300000
R09-03113,22380000,60000
R09-03114,13600000,40000
R09-03115,33170000,60000
R09-03116,81690000,300000
R09-03117,14480000,40000
R09-03118,62980000,150000
R09-03119,106220000,300000
R09-03120,10820000,40000
R09-03121,81680000,300000
R09-03122,3950000,0
R09-03123,79570000,300000
R09-03124,13960000,40000
R09-03125,88420000,300000
R09-03126,12940000,40000
R09-03127,25020000,60000
R09-03128,850000,0
R09-03129,47510000,150000
R09-03130,32210000,60000
R09-03131,61230000,150000
R09-03132,24740000,60000
R09-03133,14480000,40000
R09-03134,12520000,40000
R09-03135,13450000,40000
R09-03136,23540000,60000
R09-03137,5300000,20000
R09-03138,82750000,300000
R09-03139,71590000,300000
R09-03140,24280000,60000
R09-03141,31330000,60000
R09-03142,38410000,150000
R09-03143,27970000,60000
R09-03144,96010000,300000
R09-03145,32860000,60000
R09-03146,34420000,150000
R09-03147,47270000,150000
R09-03148,62640000,150000
R09-03149,100990000,300000
R09-03150,62800000,150000
R09-03151,12130000,40000
R09-03152,3850000,0
R09-03153,46390000,150000
R09-03154,100760000,300000
R09-03155,55540000,150000
R09-03156,67630000,300000
R09-03157,34330000,150000
R09-03158,92640000,300000
R09-03159,142110000,600000
R09-03160,103880000,300000
R09-03161,35630000,150000
R09-03162,88070000,300000
R09-03163,760000,0
R09-03164,36250000,150000
R09-03165,25610000,60000
R09-03166,4290000,0
R09-03167,74270000,300000
R09-03168,51550000,150000
R09-03169,15290000,40000
R09-03170,54850000,150000
R09-03171,57100000,150000
R09-03172,5590000,20000
R09-03173,3640000,0
R09-03174,10510000,40000
R09-03175,10590000,40000
R09-03176,92990000,300000
R09-03177,99570000,300000
R09-03178,15340000,40000
R09-03179,18480000,40000
R09-03180,32640000,60000
R09-03181,32960000,60000
R09-03182,35420000,150000
R09-03183,26300000,60000
R09-03184,65160000,150000
R09-03185,62230000,150000
R09-03186,92410000,300000
R09-03187,13710000,40000
R09-03188,124010000,300000
R09-03189,740000,0
R09-03190,2110000,0
R09-03191,32060000,60000
R09-03192,25860000,60000
R09-03193,81070000,300000
R09-03194,33170000,60000
R09-03195,68580000,300000
R09-03196,18400000,40000
R09-03197,3700000,0
R09-03198,48640000,150000
R09-03199,80190000,300000
R09-03200,6230000,20000
R09-03201,33160000,60000
R09-03202,51810000,150000
R09-03203,20750000,60000
R09-03204,4410000,0
R09-03205,2000000,0
R09-03206,14050000,40000
R09-03207,17160000,40000
R09-03208,33500000,150000
R09-03209,40500000,150000
R09-03210,93580000,300000
R09-03211,42210000,150000
R09-03212,42740000,150000
R09-03213,25620000,60000
R09-03214,57820000,150000
R09-03215,41130000,150000
R09-03216,42350000,150000
R09-03217,25040000,60000
R09-03218,74000000,300000
R09-03219,21950000,60000
R09-03220,26730000,60000
R09-03221,7520000,20000
R09-03222,46360000,150000
R09-03223,53620000,150000
R09-03224,36460000,150000
R09-03225,87060000,300000
R09-03226,75090000,300000
R09-03227,106590000,300000
R09-03228,21930000,60000
R09-03229,76570000,300000
R09-03230,8100000,20000
R09-03231,53610000,150000
R09-03232,14440000,40000
R09-03233,11540000,40000
R09-03234,57610000,150000
R09-03235,13860000,40000
R09-03236,13830000,40000
R09-03237,50820000,150000
R09-03238,43820000,150000
R09-03239,82990000,300000
R09-03240,22160000,60000
R09-03241,28600000,60000
R09-03242,35680000,150000
R09-03243,11800000,40000
R09-03244,98090000,300000
R09-03245,112100000,300000
R09-03246,24750000,60000
R09-03247,27850000,60000
R09-03248,12050000,40000
R09-03249,103250000,300000
R09-03250,51830000,150000
R09-03251,14080000,40000
R09-03252,2350000,0
R09-03253,101770000,300000
R09-03254,34780000,150000
R09-03255,54410000,150000
R09-03256,1490000,0
R09-03257,50450000,150000
R09-03258,143880000,600000
R09-03259,24600000,60000
R09-03260,17810000,40000
R09-03261,66560000,150000
R09-03262,45310000,150000
R09-03263,32820000,60000
R09-03264,83810000,300000
R09-03265,15200000,40000
R09-03266,8980000,20000
R09-03267,81370000,300000
R09-03268,14630000,40000
R09-03269,92930000,300000
R09-03270,154430000,600000
R09-03271,14290000,40000
R09-03272,31880000,60000
R09-03273,53120000,150000
R09-03274,4200000,0
R09-03275,25870000,60000
R09-03276,63670000,150000
R09-03277,40960000,150000
R09-03278,41950000,150000
R09-03279,74690000,300000
R09-03280,83060000,300000
R09-03281,52140000,150000
R09-03282,21990000,60000
R09-03283,52510000,150000
R09-03284,1690000,0
R09-03285,45480000,150000
R09-03286,73110000,300000
R09-03287,32500000,60000
R09-03288,93500000,300000
R09-03289,43620000,150000
R09-03290,23260000,60000
R09-03291,26320000,60000
R09-03292,2830000,0
R09-03293,12670000,40000
R09-03294,21740000,60000
R09-03295,31050000,60000
R09-03296,171840000,600000
R09-03297,6090000,20000
R09-03298,55510000,150000
R09-03299,73960000,300000
R09-03300,54320000,150000
R09-03301,11610000,40000
R09-03302,62000000,150000
R09-03303,92480000,300000
R09-03304,83710000,300000
R09-03305,92450000,300000
R09-03306,63720000,150000
R09-03307,48410000,150000
R09-03308,82390000,300000
R09-03309,57610000,150000
R09-03310,25380000,60000
R09-03311,24900000,60000
R09-03312,151860000,600000
R09-03313,36500000,150000
R09-03314,2030000,0
R09-03315,14490000,40000
R09-03316,41600000,150000
R09-03317,98120000,300000
R09-03318,84350000,300000
R09-03319,53890000,150000
R09-03320,72890000,300000
R09-03321,41170000,150000
R09-03322,14120000,40000
R09-03323,34840000,150000
R09-03324,12020000,40000
R09-03325,14070000,40000
R09-03326,17870000,40000
R09-03327,72440000,300000
R09-03328,62720000,150000
R09-03329,72380000,300000
R09-03330,111640000,300000
R09-03331,41220000,150000
R09-03332,2620000,0
R09-03333,70310000,300000
R09-03334,2710000,0
R09-03335,36740000,150000
R09-03336,4190000,0
R09-03337,30700000,60000
R09-03338,81980000,300000
R09-03339,24620000,60000
R09-03340,25240000,60000
R09-03341,102910000,300000
R09-03342,42000000,150000
R09-03343,13320000,40000
R09-03344,22950000,60000
R09-03345,52060000,150000
R09-03346,65670000,150000
R09-03347,25850000,60000
R09-03348,13750000,40000
R09-03349,103130000,300000
R09-03350,131830000,300000
R09-03351,93580000,300000
R09-03352,68870000,300000
R09-03353,43380000,150000
R09-03354,45460000,150000
R09-03355,80770000,300000
R09-03356,41830000,150000
R09-03357,22860000,60000
R09-03358,12630000,40000
R09-03359,83240000,300000
R09-03360,63660000,150000
R09-03361,13040000,40000
R09-03362,62670000,150000
R09-03363,65970000,150000
R09-03364,21230000,60000
R09-03365,66200000,150000
R09-03366,1240000,0
R09-03367,52950000,150000
R09-03368,13170000,40000
R09-03369,64690000,150000
R09-03370,640000,0
R09-03371,34710000,150000
R09-03372,2200000,0
R09-03373,23540000,60000
R09-03374,23800000,60000
R09-03375,65470000,150000
R09-03376,33610000,150000
R09-03377,53000000,150000
R09-03378,37470000,150000
R09-03379,12490000,40000
R09-03380,63100000,150000
R09-03381,53350000,150000
R09-03382,5570000,20000
R09-03383,13610000,40000
R09-03384,45780000,150000
R09-03385,45770000,150000
R09-03386,75170000,300000
R09-03387,14250000,40000
R09-03388,102880000,300000
R09-03389,57760000,150000
R09-03390,77100000,300000
R09-03391,35740000,150000
R09-03392,49680000,150000
R09-03393,53980000,150000
R09-03394,64810000,150000
R09-03395,11640000,40000
R09-03396,15150000,40000
R09-03397,13380000,40000
R09-03398,25640000,60000
R09-03399,63800000,150000
R09-03400,45960000,150000
R09-03401,25630000,60000
R09-03402,4980000,0
R09-03403,85820000,300000
R09-03404,30890000,60000
R09-03405,3120000,0
R09-03406,35620000,150000
R09-03407,73640000,300000
R09-03408,35140000,150000
R09-03409,11940000,40000
R09-03410,64010000,150000
R09-03411,73550000,300000
R09-03412,51870000,150000
R09-03413,41660000,150000
R09-03414,31850000,60000
R09-03415,129370000,300000
R09-03416,22350000,60000
R09-03417,27780000,60000
R09-03418,42170000,150000
R09-03419,106860000,300000
R09-03420,30740000,60000
R09-03421,70010000,300000
R09-03422,75010000,300000
R09-03423,92580000,300000
R09-03424,22050000,60000
R09-03425,6950000,20000
R09-03426,80350000,300000
R09-03427,22050000,60000
R09-03428,41710000,150000
R09-03429,106540000,300000
R09-03430,12970000,40000
R09-03431,43410000,150000
R09-03432,37030000,150000
R09-03433,84110000,300000
R09-03434,3590000,0
R09-03435,5950000,20000
R09-03436,76520000,300000
R09-03437,11360000,40000
R09-03438,41950000,150000
R09-03439,57390000,150000
R09-03440,24620000,60000
R09-03441,72330000,300000
R09-03442,138480000,600000
R09-03443,47820000,150000
R09-03444,22370000,60000
R09-03445,50650000,150000
R09-03446,63620000,150000
R09-03447,9010000,20000
R09-03448,32690000,60000
R09-03449,42430000,150000
R09-03450,36250000,150000
R09-03451,52910000,150000
R09-03452,11210000,40000
R09-03453,15950000,40000
R09-03454,53390000,150000
R09-03455,10270000,40000
R09-03456,56790000,150000
R09-03457,2760000,0
R09-03458,63550000,150000
R09-03459,87950000,300000
R09-03460,4230000,0
R09-03461,75100000,300000
R09-03462,218040000,1000000
R09-03463,66430000,150000
R09-03464,13690000,40000
R09-03465,78620000,300000
R09-03466,114180000,300000
R09-03467,42190000,150000
R09-03468,22890000,60000
R09-03469,32950000,60000
R09-03470,64480000,150000
R09-03471,61730000,150000
R09-03472,22150000,60000
R09-03473,6650000,20000
R09-03474,26570000,60000
R09-03475,42450000,150000
R09-03476,24160000,60000
R09-03477,67500000,300000
R09-03478,132770000,300000
R09-03479,22690000,60000
R09-03480,31010000,60000
R09-03481,23120000,60000
R09-03482,74780000,300000
R09-03483,62000000,150000
R09-03484,5230000,20000
R09-03485,92300000,300000
R09-03486,221480000,1000000
R09-03487,50700000,150000
R09-03488,84580000,300000
R09-03489,31970000,60000
R09-03490,4150000,0
R09-03491,41570000,150000
R09-03492,21030000,60000
R09-03493,27310000,60000
R09-03494,26570000,60000
R09-03495,13390000,40000
R09-03496,7440000,20000
R09-03497,16590000,40000
R09-03498,22220000,60000
R09-03499,10280000,40000
R09-03500,15290000,40000
R09-03501,132760000,300000
R09-03502,3960000,0
R09-03503,14150000,40000
R09-03504,1860000,0
R09-03505,21980000,60000
R09-03506,38620000,150000
R09-03507,13740000,40000
R09-03508,13410000,40000
R09-03509,91480000,300000
R09-03510,13790000,40000
R09-03511,87090000,300000
R09-03512,136870000,600000
R09-03513,25220000,60000
R09-03514,5620000,20000
R09-03515,8530000,20000
R09-03516,22950000,60000
R09-03517,24730000,60000
R09-03518,51690000,150000
R09-03519,7870000,20000
R09-03520,91670000,300000
R09-03521,113220000,300000
R09-03522,93420000,300000
R09-03523,83050000,300000
R09-03524,24780000,60000
R09-03525,71930000,300000
R09-03526,227560000,1000000
R09-03527,21490000,60000
R09-03528,81720000,300000
R09-03529,91790000,300000
R09-03530,65000000,150000
R09-03531,2070000,0
R09-03532,83420000,300000
R09-03533,62790000,150000
R09-03534,24960000,60000
R09-03535,61850000,150000
R09-03536,23090000,60000
R09-03537,54800000,150000
R09-03538,47610000,150000
R09-03539,53520000,150000
R09-03540,13050000,40000
R09-03541,52900000,150000
R09-03542,16950000,40000
R09-03543,660000,0
R09-03544,26990000,60000
R09-03545,41640000,150000
R09-03546,24680000,60000
R09-03547,44470000,150000
R09-03548,44220000,150000
R09-03549,63550000,150000
R09-03550,49100000,150000
R09-03551,4330000,0
R09-03552,22310000,60000
R09-03553,41610000,150000
R09-03554,61640000,150000
R09-03555,31830000,60000
R09-03556,2340000,0
R09-03557,11810000,40000
R09-03558,31460000,60000
R09-03559,52680000,150000
R09-03560,48080000,150000
R09-03561,30980000,60000
R09-03562,41060000,150000
R09-03563,102550000,300000
R09-03564,91980000,300000
R09-03565,7100000,20000
R09-03566,3140000,0
R09-03567,17220000,40000
R09-03568,5360000,20000
R09-03569,62370000,150000
R09-03570,27350000,60000
R09-03571,88110000,300000
R09-03572,52910000,150000
R09-03573,42790000,150000
R09-03574,73420000,300000
R09-03575,78850000,300000
R09-03576,66590000,150000
R09-03577,104110000,300000
R09-03578,66300000,150000
R09-03579,59280000,150000
R09-03580,42910000,150000
R09-03581,114240000,300000
R09-03582,65890000,150000
R09-03583,22190000,60000
R09-03584,42800000,150000
R09-03585,94040000,300000
R09-03586,48560000,150000
R09-03587,22730000,60000
R09-03588,42170000,150000
R09-03589,83840000,300000
R09-03590,34000000,150000
R09-03591,62410000,150000
R09-03592,30910000,60000
R09-03593,44100000,150000
R09-03594,22440000,60000
R09-03595,12490000,40000
R09-03596,1380000,0
R09-03597,15810000,40000
R09-03598,43670000,150000
R09-03599,42230000,150000
R09-03600,54430000,150000
R09-03601,36050000,150000
R09-03602,31870000,60000
R09-03603,42520000,150000
R09-03604,44230000,150000
R09-03605,31510000,60000
R09-03606,22730000,60000
R09-03607,41870000,150000
R09-03608,37520000,150000
R09-03609,33370000,150000
R09-03610,131490000,300000
R09-03611,61890000,150000
R09-03612,32750000,60000
R09-03613,72790000,300000
R09-03614,113120000,300000
R09-03615,74570000,300000
R09-03616,8220000,20000
R09-03617,88320000,300000
R09-03618,14620000,40000
R09-03619,4290000,0
R09-03620,41580000,150000
R09-03621,40750000,150000
R09-03622,6000000,20000
R09-03623,27450000,60000
R09-03624,31040000,60000
R09-03625,87070000,300000
R09-03626,75260000,300000
R09-03627,67310000,300000
R09-03628,67340000,300000
R09-03629,31720000,60000
R09-03630,33680000,150000
R09-03631,23400000,60000
R09-03632,1510000,0
R09-03633,8320000,20000
R09-03634,47620000,150000
R09-03635,62670000,150000
R09-03636,46730000,150000
R09-03637,5340000,20000
R09-03638,27230000,60000
R09-03639,25040000,60000
R09-03640,53410000,150000
R09-03641,17270000,40000
R09-03642,65300000,150000
R09-03643,52130000,150000
R09-03644,45970000,150000
R09-03645,5390000,20000
R09-03646,8000000,20000
R09-03647,23330000,60000
R09-03648,71470000,300000
R09-03649,85420000,300000
R09-03650,93550000,300000
R09-03651,54910000,150000
R09-03652,3770000,0
R09-03653,172130000,600000
R09-03654,28430000,60000
R09-03655,34470000,150000
R09-03656,154940000,600000
R09-03657,12440000,40000
R09-03658,52210000,150000
R09-03659,46560000,150000
R09-03660,72580000,300000
R09-03661,61290000,150000
R09-03662,10720000,40000
R09-03663,30930000,60000
R09-03664,83470000,300000
R09-03665,68440000,300000
R09-03666,94200000,300000
R09-03667,113120000,300000
R09-03668,25710000,60000
R09-03669,33010000,60000
R09-03670,13560000,40000
R09-03671,25840000,60000
R09-03672,23190000,60000
R09-03673,96150000,300000
R09-03674,22390000,60000
R09-03675,27960000,60000
R09-03676,53990000,150000
R09-03677,62060000,150000
R09-03678,73850000,300000
R09-03679,56490000,150000
R09-03680,12260000,40000
R09-03681,46960000,150000
R09-03682,95150000,300000
R09-03683,17740000,40000
R09-03684,32150000,60000
R09-03685,68290000,300000
R09-03686,52010000,150000
R09-03687,25100000,60000
R09-03688,43240000,150000
R09-03689,49680000,150000
R09-03690,14530000,40000
R09-03691,6060000,20000
R09-03692,3730000,0
R09-03693,64430000,150000
R09-03694,66900000,300000
R09-03695,13190000,40000
R09-03696,3750000,0
R09-03697,83000000,300000
R09-03698,2250000,0
R09-03699,6210000,20000
R09-03700,15930000,40000
R09-03701,45370000,150000
R09-03702,32930000,60000
R09-03703,5630000,20000
R09-03704,48180000,150000
R09-03705,68290000,300000
R09-03706,13560000,40000
R09-03707,41250000,150000
R09-03708,172540000,600000
R09-03709,34870000,150000
R09-03710,32990000,60000
R09-03711,6430000,20000
R09-03712,93110000,300000
R09-03713,13100000,40000
R09-03714,33470000,150000
R09-03715,7260000,20000
R09-03716,54890000,150000
R09-03717,14550000,40000
R09-03718,63540000,150000
R09-03719,33740000,150000
R09-03720,15230000,40000
R09-03721,105890000,300000
R09-03722,12790000,40000
R09-03723,23500000,60000
R09-03724,3160000,0
R09-03725,34190000,150000
R09-03726,85890000,300000
R09-03727,11400000,40000
R09-03728,47970000,150000
R09-03729,35740000,150000
R09-03730,72300000,300000
R09-03731,28510000,60000
R09-03732,50850000,150000
R09-03733,47580000,150000
R09-03734,12910000,40000
R09-03735,24550000,60000
R09-03736,62070000,150000
R09-03737,93600000,300000
R09-03738,53070000,150000
R09-03739,15730000,40000
R09-03740,107740000,300000
R09-03741,12120000,40000
R09-03742,34520000,150000
R09-03743,8470000,20000
R09-03744,22810000,60000
R09-03745,97020000,300000
R09-03746,21720000,60000
R09-03747,12720000,40000
R09-03748,4360000,0
R09-03749,60050000,150000
R09-03750,103630000,300000
R09-03751,3540000,0
R09-03752,28780000,60000
R09-03753,42330000,150000
R09-03754,72930000,300000
R09-03755,43500000,150000
R09-03756,25090000,60000
R09-03757,24950000,60000
R09-03758,51640000,150000
R09-03759,71550000,300000
R09-03760,82460000,300000
R09-03761,80840000,300000
R09-03762,32440000,60000
R09-03763,24600000,60000
R09-03764,3730000,0
R09-03765,48440000,150000
R09-03766,95790000,300000
R09-03767,51930000,150000
R09-03768,66490000,150000
R09-03769,5520000,20000
R09-03770,60960000,150000
R09-03771,115000000,300000
R09-03772,51790000,150000
R09-03773,530000,0
R09-03774,21700000,60000
R09-03775,13340000,40000
R09-03776,4550000,0
R09-03777,132060000,300000
R09-03778,3150000,0
R09-03779,13240000,40000
R09-03780,23290000,60000
R09-03781,42030000,150000
R09-03782,62540000,150000
R09-03783,25350000,60000
R09-03784,54990000,150000
R09-03785,68790000,300000
R09-03786,14750000,40000
R09-03787,32180000,60000
R09-03788,64520000,150000
R09-03789,2030000,0
R09-03790,15130000,40000
R09-03791,72550000,300000
R09-03792,46750000,150000
R09-03793,15840000,40000
R09-03794,12930000,40000
R09-03795,81360000,300000
R09-03796,31680000,60000
R09-03797,22790000,60000
R09-03798,60700000,150000
R09-03799,32540000,60000
R09-03800,112280000,300000
R09-03801,4260000,0
R09-03802,93160000,300000
R09-03803,52910000,150000
R09-03804,73040000,300000
R09-03805,83280000,300000
R09-03806,132930000,300000
R09-03807,54590000,150000
R09-03808,101980000,300000
R09-03809,52900000,150000
R09-03810,50410000,150000
R09-03811,77920000,300000
R09-03812,13400000,40000
R09-03813,3150000,0
R09-03814,30970000,60000
R09-03815,22940000,60000
R09-03816,25170000,60000
R09-03817,84280000,300000
R09-03818,5970000,20000
R09-03819,56050000,150000
R09-03820,21170000,60000
R09-03821,112700000,300000
R09-03822,21680000,60000
R09-03823,46200000,150000
R09-03824,51290000,150000
R09-03825,12330000,40000
R09-03826,31510000,60000
R09-03827,4330000,0
R09-03828,61340000,150000
R09-03829,43460000,150000
R09-03830,43590000,150000
R09-03831,51850000,150000
R09-03832,5110000,20000
R09-03833,43270000,150000
R09-03834,2520000,0
R09-03835,43870000,150000
R09-03836,96700000,300000
R09-03837,73160000,300000
R09-03838,58710000,150000
R09-03839,52710000,150000
R09-03840,21670000,60000
R09-03841,2220000,0
R09-03842,35040000,150000
R09-03843,62550000,150000
R09-03844,134980000,600000
R09-03845,42180000,150000
R09-03846,2140000,0
R09-03847,12180000,40000
R09-03848,11930000,40000
R09-03849,55080000,150000
R09-03850,11830000,40000
R09-03851,86550000,300000
R09-03852,11600000,40000
R09-03853,15850000,40000
R09-03854,147700000,600000
R09-03855,43940000,150000
R09-03856,25040000,60000
R09-03857,33340000,150000
R09-03858,103700000,300000
R09-03859,1310000,0
R09-03860,105570000,300000
R09-03861,66710000,300000
R09-03862,108360000,300000
R09-03863,23350000,60000
R09-03864,75900000,300000
R09-03865,6170000,20000
R09-03866,16840000,40000
R09-03867,1050000,0
R09-03868,27600000,60000
R09-03869,2300000,0
R09-03870,85830000,300000
R09-03871,83160000,300000
R09-03872,85290000,300000
R09-03873,61990000,150000
R09-03874,72280000,300000
R09-03875,106330000,300000
R09-03876,3720000,0
R09-03877,103030000,300000
R09-03878,61070000,150000
R09-03879,86680000,300000
R09-03880,102300000,300000
R09-03881,13830000,40000
R09-03882,32130000,60000
R09-03883,2640000,0
R09-03884,42850000,150000
R09-03885,3010000,0
R09-03886,81690000,300000
R09-03887,21140000,60000
R09-03888,62380000,150000
R09-03889,87350000,300000
R09-03890,21460000,60000
R09-03891,14110000,40000
R09-03892,85170000,300000
R09-03893,155200000,600000
R09-03894,4220000,0
R09-03895,10940000,40000
R09-03896,44110000,150000
R09-03897,6410000,20000
R09-03898,62700000,150000
R09-03899,85310000,300000
R09-03900,121460000,300000
R09-03901,122050000,300000
R09-03902,14470000,40000
R09-03903,1010000,0
R09-03904,65570000,150000
R09-03905,13190000,40000
R09-03906,16930000,40000
R09-03907,14410000,40000
R09-03908,31330000,60000
R09-03909,34680000,150000
R09-03910,2780000,0
R09-03911,61430000,150000
R09-03912,22340000,60000
R09-03913,70590000,300000
R09-03914,1440000,0
R09-03915,63290000,150000
R09-03916,62320000,150000
R09-03917,71750000,300000
R09-03918,56640000,150000
R09-03919,26050000,60000
R09-03920,32050000,60000
R09-03921,21350000,60000
R09-03922,73070000,300000
R09-03923,34460000,150000
R09-03924,81820000,300000
R09-03925,81900000,300000
R09-03926,86570000,300000
R09-03927,35490000,150000
R09-03928,21580000,60000
R09-03929,1480000,0
R09-03930,96400000,300000
R09-03931,94050000,300000
R09-03932,71050000,300000
R09-03933,52370000,150000
R09-03934,35170000,150000
R09-03935,21380000,60000
R09-03936,54980000,150000
R09-03937,105050000,300000
R09-03938,75170000,300000
R09-03939,21210000,60000
R09-03940,7910000,20000
R09-03941,34990000,150000
R09-03942,67310000,300000
R09-03943,21230000,60000
R09-03944,13900000,40000
R09-03945,44040000,150000
R09-03946,2000000,0
R09-03947,33620000,150000
R09-03948,62000000,150000
R09-03949,95140000,300000
R09-03950,21700000,60000
R09-03951,114430000,300000
R09-03952,130860000,300000
R09-03953,18810000,40000
R09-03954,2630000,0
R09-03955,82140000,300000
R09-03956,42800000,150000
R09-03957,83800000,300000
R09-03958,24060000,60000
R09-03959,10490000,40000
R09-03960,10410000,40000
R09-03961,5070000,20000
R09-03962,93470000,300000
R09-03963,44460000,150000
R09-03964,44730000,150000
R09-03965,38300000,150000
R09-03966,24450000,60000
R09-03967,82740000,300000
R09-03968,53510000,150000
R09-03969,91370000,300000
R09-03970,46360000,150000
R09-03971,119060000,300000
R09-03972,25960000,60000
R09-03973,13120000,40000
R09-03974,30750000,60000
R09-03975,73080000,300000
R09-03976,64630000,150000
R09-03977,92590000,300000
R09-03978,57990000,150000
R09-03979,34760000,150000
R09-03980,42030000,150000
R09-03981,151940000,600000
R09-03982,75110000,300000
R09-03983,35220000,150000
R09-03984,44350000,150000
R09-03985,3570000,0
R09-03986,37130000,150000
R09-03987,52210000,150000
R09-03988,20970000,60000
R09-03989,66000000,150000
R09-03990,63630000,150000
R09-03991,92650000,300000
R09-03992,24480000,60000
R09-03993,14200000,40000
R09-03994,21770000,60000
R09-03995,57340000,150000
R09-03996,4380000,0
R09-03997,22140000,60000
R09-03998,43440000,150000
R09-03999,23050000,60000
R09-04000,1750000,0
R09-04001,62820000,150000
R09-04002,66680000,300000
R09-04003,1990000,0
R09-04004,37650000,150000
R09-04005,43850000,150000
R09-04006,13450000,40000
R09-04007,56180000,150000
R09-04008,2900000,0
R09-04009,63290000,150000
R09-04010,12380000,40000
R09-04011,41830000,150000
R09-04012,1120000,0
R09-04013,1660000,0
R09-04014,21850000,60000
R09-04015,32760000,60000
R09-04016,102280000,300000
R09-04017,4040000,0
R09-04018,23430000,60000
R09-04019,33760000,150000
R09-04020,91790000,300000
R09-04021,16060000,40000
R09-04022,106010000,300000
R09-04023,32060000,60000
R09-04024,12860000,40000
R09-04025,46330000,150000
R09-04026,43560000,150000
R09-04027,76690000,300000
R09-04028,47300000,150000
R09-04029,22290000,60000
R09-04030,42330000,150000
R09-04031,35580000,150000
R09-04032,41250000,150000
R09-04033,54690000,150000
R09-04034,5280000,20000
R09-04035,82300000,300000
R09-04036,43400000,150000
R09-04037,16020000,40000
R09-04038,97800000,300000
R09-04039,72630000,300000
R09-04040,40370000,150000
R09-04041,12700000,40000
R09-04042,22140000,60000
R09-04043,56870000,150000
R09-04044,35790000,150000
R09-04045,22310000,60000
R09-04046,228510000,1000000
R09-04047,41510000,150000
R09-04048,61990000,150000
R09-04049,45040000,150000
R09-04050,710000,0
R09-04051,4960000,0
R09-04052,73810000,300000
R09-04053,26280000,60000
R09-04054,33510000,150000
R09-04055,610000,0
R09-04056,24740000,60000
R09-04057,113530000,300000
R09-04058,42790000,150000
R09-04059,1620000,0
R09-04060,91640000,300000
R09-04061,31660000,60000
R09-04062,3170000,0
R09-04063,43050000,150000
R09-04064,128210000,300000
R09-04065,62280000,150000
R09-04066,33990000,150000
R09-04067,103120000,300000
R09-04068,55700000,150000
R09-04069,32770000,60000
R09-04070,17950000,40000
R09-04071,22040000,60000
R09-04072,53920000,150000
R09-04073,62780000,150000
R09-04074,37270000,150000
R09-04075,42600000,150000
R09-04076,3410000,0
R09-04077,72360000,300000
R09-04078,23870000,60000
R09-04079,2030000,0
R09-04080,57920000,150000
R09-04081,34080000,150000
R09-04082,18220000,40000
R09-04083,40500000,150000
R09-04084,23650000,60000
R09-04085,26090000,60000
R09-04086,103780000,300000
R09-04087,84230000,300000
R09-04088,12820000,40000
R09-04089,84350000,300000
R09-04090,88350000,300000
R09-04091,105060000,300000
R09-04092,17170000,40000
R09-04093,41060000,150000
R09-04094,51350000,150000
R09-04095,96750000,300000
R09-04096,13460000,40000
R09-04097,52800000,150000
R09-04098,93910000,300000
R09-04099,23570000,60000
R09-04100,1470000,0
R09-04101,90830000,300000
R09-04102,64300000,150000
R09-04103,17900000,40000
R09-04104,4120000,0
R09-04105,61900000,150000
R09-04106,10810000,40000
R09-04107,145520000,600000
R09-04108,57040000,150000
R09-04109,63940000,150000
R09-04110,34830000,150000
R09-04111,1470000,0
R09-04112,13810000,40000
R09-04113,81980000,300000
R09-04114,52000000,150000
R09-04115,25530000,60000
R09-04116,27670000,60000
R09-04117,91500000,300000
R09-04118,51680000,150000
R09-04119,22870000,60000
R09-04120,76310000,300000
R09-04121,52420000,150000
R09-04122,1060000,0
R09-04123,96890000,300000
R09-04124,97460000,300000
R09-04125,34400000,150000
R09-04126,62590000,150000
R09-04127,25690000,60000
R09-04128,1960000,0
R09-04129,44070000,150000
R09-04130,32220000,60000
R09-04131,102760000,300000
R09-04132,4320000,0
R09-04133,55420000,150000
R09-04134,44480000,150000
R09-04135,44320000,150000
R09-04136,81950000,300000
R09-04137,6910000,20000
R09-04138,43870000,150000
R09-04139,13050000,40000
R09-04140,56760000,150000
R09-04141,47800000,150000
R09-04142,24770000,60000
R09-04143,20450000,60000
R09-04144,30960000,60000
R09-04145,102300000,300000
R09-04146,5750000,20000
R09-04147,32730000,60000
R09-04148,44850000,150000
R09-04149,17240000,40000
R09-04150,42390000,150000
R09-04151,52440000,150000
R09-04152,124880000,300000
R09-04153,7180000,20000
R09-04154,130130000,300000
R09-04155,84600000,300000
R09-04156,72610000,300000
R09-04157,56100000,150000
R09-04158,50790000,150000
R09-04159,22710000,60000
R09-04160,88790000,300000
R09-04161,34290000,150000
R09-04162,46790000,150000
R09-04163,1960000,0
R09-04164,85410000,300000
R09-04165,52780000,150000
R09-04166,115590000,300000
R09-04167,35030000,150000
R09-04168,41810000,150000
R09-04169,1740000,0
R09-04170,45690000,150000
R09-04171,1930000,0
R09-04172,7020000,20000
R09-04173,96330000,300000
R09-04174,37650000,150000
R09-04175,81690000,300000
R09-04176,2330000,0
R09-04177,42890000,150000
R09-04178,21480000,60000
R09-04179,2820000,0
R09-04180,62030000,150000
R09-04181,113640000,300000
R09-04182,34140000,150000
R09-04183,75450000,300000
R09-04184,36040000,150000
R09-04185,53360000,150000
R09-04186,73530000,300000
R09-04187,23330000,60000
R09-04188,60520000,150000
R09-04189,85150000,300000
R09-04190,82280000,300000
R09-04191,34750000,150000
R09-04192,32210000,60000
R09-04193,67010000,300000
R09-04194,1690000,0
R09-04195,11410000,40000
R09-04196,5430000,20000
R09-04197,14070000,40000
R09-04198,70770000,300000
R09-04199,12140000,40000
R09-04200,17440000,40000
R09-04201,26110000,60000
R09-04202,84090000,300000
R09-04203,29180000,60000
R09-04204,82170000,300000
R09-04205,108580000,300000
R09-04206,4790000,0
R09-04207,25820000,60000
R09-04208,23580000,60000
R09-04209,18030000,40000
R09-04210,46750000,150000
R09-04211,15570000,40000
R09-04212,112100000,300000
R09-04213,11780000,40000
R09-04214,6830000,20000
R09-04215,30980000,60000
R09-04216,66320000,150000
R09-04217,84480000,300000
R09-04218,77700000,300000
R09-04219,32100000,60000
R09-04220,71770000,300000
R09-04221,30950000,60000
R09-04222,2950000,0
R09-04223,41230000,150000
R09-04224,36440000,150000
R09-04225,16710000,40000
R09-04226,64840000,150000
R09-04227,31040000,60000
R09-04228,40670000,150000
R09-04229,15370000,40000
R09-04230,30910000,60000
R09-04231,28780000,60000
R09-04232,11880000,40000
R09-04233,41570000,150000
R09-04234,26290000,60000
R09-04235,13040000,40000
R09-04236,11170000,40000
R09-04237,44540000,150000
R09-04238,153680000,600000
R09-04239,133820000,600000
R09-04240,97490000,300000
R09-04241,85650000,300000
R09-04242,44080000,150000
R09-04243,61620000,150000
R09-04244,92060000,300000
R09-04245,25560000,60000
R09-04246,55680000,150000
R09-04247,37080000,150000
R09-04248,3960000,0
R09-04249,4200000,0
R09-04250,134620000,600000
R09-04251,148350000,600000
R09-04252,34650000,150000
R09-04253,12490000,40000
R09-04254,36760000,150000
R09-04255,1590000,0
R09-04256,34350000,150000
R09-04257,24320000,60000
R09-04258,8400000,20000
R09-04259,45350000,150000
R09-04260,23840000,60000
R09-04261,24830000,60000
R09-04262,3920000,0
R09-04263,14200000,40000
R09-04264,16730000,40000
R09-04265,6460000,20000
R09-04266,93430000,300000
R09-04267,28700000,60000
R09-04268,62560000,150000
R09-04269,36630000,150000
R09-04270,140880000,600000
R09-04271,60180000,150000
R09-04272,72360000,300000
R09-04273,46280000,150000
R09-04274,22370000,60000
R09-04275,47880000,150000
R09-04276,3770000,0
R09-04277,25610000,60000
R09-04278,47600000,150000
R09-04279,2190000,0
R09-04280,34880000,150000
R09-04281,41530000,150000
R09-04282,35670000,150000
R09-04283,42140000,150000
R09-04284,71080000,300000
R09-04285,13680000,40000
R09-04286,32920000,60000
R09-04287,36370000,150000
R09-04288,3220000,0
R09-04289,43060000,150000
R09-04290,2320000,0
R09-04291,65550000,150000
R09-04292,64050000,150000
R09-04293,10660000,40000
R09-04294,76150000,300000
R09-04295,13860000,40000
R09-04296,63410000,150000
R09-04297,1150000,0
R09-04298,76680000,300000
R09-04299,75930000,300000
R09-04300,74710000,300000
R09-04301,43580000,150000
R09-04302,5460000,20000
R09-04303,31220000,60000
R09-04304,6000000,20000
R09-04305,150490000,600000
R09-04306,3860000,0
R09-04307,62380000,150000
R09-04308,84230000,300000
R09-04309,92520000,300000
R09-04310,42590000,150000
R09-04311,6220000,20000
R09-04312,111520000,300000
R09-04313,45470000,150000
R09-04314,7570000,20000
R09-04315,3210000,0
R09-04316,97610000,300000
R09-04317,71990000,300000
R09-04318,37620000,150000
R09-04319,12510000,40000
R09-04320,44570000,150000
R09-04321,7010000,20000
R09-04322,92040000,300000
R09-04323,22160000,60000
R09-04324,62630000,150000
R09-04325,3870000,0
R09-04326,82660000,300000
R09-04327,5560000,20000
R09-04328,17010000,40000
R09-04329,34550000,150000
R09-04330,25060000,60000
R09-04331,53350000,150000
R09-04332,14010000,40000
R09-04333,98560000,300000
R09-04334,11160000,40000
R09-04335,11820000,40000
R09-04336,72750000,300000
R09-04337,23830000,60000
R09-04338,23250000,60000
R09-04339,58700000,150000
R09-04340,73240000,300000
R09-04341,34700000,150000
R09-04342,15160000,40000
R09-04343,42690000,150000
R09-04344,126740000,300000
R09-04345,23350000,60000
R09-04346,91760000,300000
R09-04347,32620000,60000
R09-04348,23940000,60000
R09-04349,37990000,150000
R09-04350,55840000,150000
R09-04351,106500000,300000
R09-04352,15380000,40000
R09-04353,14340000,40000
R09-04354,4550000,0
R09-04355,62670000,150000
R09-04356,12990000,40000
R09-04357,4120000,0
R09-04358,55760000,150000
R09-04359,65210000,150000
R09-04360,3290000,0
R09-04361,21890000,60000
R09-04362,44770000,150000
R09-04363,96590000,300000
R09-04364,87880000,300000
R09-04365,48100000,150000
R09-04366,61990000,150000
R09-04367,35980000,150000
R09-04368,48670000,150000
R09-04369,25580000,60000
R09-04370,62100000,150000
R09-04371,2490000,0
R09-04372,62110000,150000
R09-04373,3570000,0
R09-04374,124990000,300000
R09-04375,111910000,300000
R09-04376,21380000,60000
R09-04377,23850000,60000
R09-04378,133420000,600000
R09-04379,72570000,300000
R09-04380,23810000,60000
R09-04381,25280000,60000
R09-04382,32960000,60000
R09-04383,3310000,0
R09-04384,30700000,60000
R09-04385,12540000,40000
R09-04386,83120000,300000
R09-04387,47910000,150000
R09-04388,76080000,300000
R09-04389,1880000,0
R09-04390,53770000,150000
R09-04391,52380000,150000
R09-04392,45660000,150000
R09-04393,34570000,150000
R09-04394,68400000,300000
R09-04395,41850000,150000
R09-04396,62660000,150000
R09-04397,20960000,60000
R09-04398,53940000,150000
R09-04399,133400000,600000
R09-04400,2620000,0
R09-04401,2370000,0
R09-04402,42320000,150000
R09-04403,1290000,0
R09-04404,17040000,40000
R09-04405,7090000,20000
R09-04406,17380000,40000
R09-04407,91230000,300000
R09-04408,41100000,150000
R09-04409,27030000,60000
R09-04410,34440000,150000
R09-04411,2440000,0
R09-04412,93430000,300000
R09-04413,93270000,300000
R09-04414,2260000,0
R09-04415,32650000,60000
R09-04416,84540000,300000
R09-04417,41290000,150000
R09-04418,61450000,150000
R09-04419,22890000,60000
R09-04420,64230000,150000
R09-04421,21990000,60000
R09-04422,41710000,150000
R09-04423,25950000,60000
R09-04424,13710000,40000
R09-04425,104290000,300000
R09-04426,73870000,300000
R09-04427,22660000,60000
R09-04428,27930000,60000
R09-04429,62400000,150000
R09-04430,37930000,150000
R09-04431,84450000,300000
R09-04432,32210000,60000
R09-04433,51950000,150000
R09-04434,48130000,150000
R09-04435,32720000,60000
R09-04436,13500000,40000
R09-04437,15400000,40000
R09-04438,1280000,0
R09-04439,103030000,300000
R09-04440,33090000,60000
R09-04441,74390000,300000
R09-04442,21620000,60000
R09-04443,115560000,300000
R09-04444,72690000,300000
R09-04445,12000000,40000
R09-04446,61530000,150000
R09-04447,26020000,60000
R09-04448,41580000,150000
R09-04449,12350000,40000
R09-04450,126290000,300000
R09-04451,35610000,150000
R09-04452,52720000,150000
R09-04453,3060000,0
R09-04454,58040000,150000
R09-04455,1640000,0
R09-04456,42780000,150000
R09-04457,83130000,300000
R09-04458,35710000,150000
R09-04459,1210000,0
R09-04460,35160000,150000
R09-04461,53000000,150000
R09-04462,16150000,40000
R09-04463,74280000,300000
R09-04464,34310000,150000
R09-04465,90880000,300000
R09-04466,84860000,300000
R09-04467,22070000,60000
R09-04468,7830000,20000
R09-04469,2200000,0
R09-04470,62910000,150000
R09-04471,63070000,150000
R09-04472,92100000,300000
R09-04473,55280000,150000
R09-04474,24890000,60000
R09-04475,22530000,60000
R09-04476,60410000,150000
R09-04477,74810000,300000
R09-04478,52650000,150000
R09-04479,71500000,300000
R09-04480,31820000,60000
R09-04481,44490000,150000
R09-04482,55040000,150000
R09-04483,43330000,150000
R09-04484,5890000,20000
R09-04485,83960000,300000
R09-04486,26920000,60000
R09-04487,62800000,150000
R09-04488,23740000,60000
R09-04489,24580000,60000
R09-04490,24150000,60000
R09-04491,44380000,150000
R09-04492,22840000,60000
R09-04493,106400000,300000
R09-04494,33660000,150000
R09-04495,21840000,60000
R09-04496,12210000,40000
R09-04497,46660000,150000
R09-04498,37540000,150000
R09-04499,23210000,60000
R09-04500,84760000,300000
R09-04501,14290000,40000
R09-04502,78180000,300000
R09-04503,103160000,300000
R09-04504,1160000,0
R09-04505,21430000,60000
R09-04506,12100000,40000
R09-04507,17180000,40000
R09-04508,154500000,600000
R09-04509,26620000,60000
R09-04510,41550000,150000
R09-04511,7740000,20000
R09-04512,24380000,60000
R09-04513,21680000,60000
R09-04514,75300000,300000
R09-04515,45330000,150000
R09-04516,3890000,0
R09-04517,61900000,150000
R09-04518,42820000,150000
R09-04519,112090000,300000
R09-04520,36550000,150000
R09-04521,43920000,150000
R09-04522,26570000,60000
R09-04523,110350000,300000
R09-04524,71090000,300000
R09-04525,31700000,60000
R09-04526,21900000,60000
R09-04527,14780000,40000
R09-04528,118010000,300000
R09-04529,11310000,40000
R09-04530,41180000,150000
R09-04531,14390000,40000
R09-04532,55390000,150000
R09-04533,5630000,20000
R09-04534,14610000,40000
R09-04535,5480000,20000
R09-04536,2140000,0
R09-04537,31760000,60000
R09-04538,63540000,150000
R09-04539,95210000,300000
R09-04540,211340000,1000000
R09-04541,27120000,60000
R09-04542,113700000,300000
R09-04543,14900000,40000
R09-04544,46300000,150000
R09-04545,10330000,40000
R09-04546,111250000,300000
R09-04547,11220000,40000
R09-04548,27270000,60000
R09-04549,47690000,150000
R09-04550,13410000,40000
R09-04551,85200000,300000
R09-04552,1940000,0
R09-04553,33080000,60000
R09-04554,39630000,150000
R09-04555,43720000,150000
R09-04556,14960000,40000
R09-04557,41870000,150000
R09-04558,4780000,0
R09-04559,5030000,20000
R09-04560,2280000,0
R09-04561,7380000,20000
R09-04562,72740000,300000
R09-04563,83070000,300000
R09-04564,74090000,300000
R09-04565,15590000,40000
R09-04566,25760000,60000
R09-04567,31450000,60000
R09-04568,25520000,60000
R09-04569,62190000,150000
R09-04570,83570000,300000
R09-04571,34330000,150000
R09-04572,56620000,150000
R09-04573,6020000,20000
R09-04574,91610000,300000
R09-04575,24760000,60000
R09-04576,13750000,40000
R09-04577,23180000,60000
R09-04578,221760000,1000000
R09-04579,84000000,300000
R09-04580,23010000,60000
R09-04581,11580000,40000
R09-04582,82290000,300000
R09-04583,92690000,300000
R09-04584,16080000,40000
R09-04585,89610000,300000
R09-04586,2260000,0
R09-04587,63440000,150000
R09-04588,52300000,150000
R09-04589,12650000,40000
R09-04590,1090000,0
R09-04591,15110000,40000
R09-04592,26720000,60000
R09-04593,33920000,150000
R09-04594,52920000,150000
R09-04595,92440000,300000
R09-04596,24770000,60000
R09-04597,67620000,300000
R09-04598,16020000,40000
R09-04599,56870000,150000
R09-04600,40550000,150000
R09-04601,66930000,300000
R09-04602,51350000,150000
R09-04603,24940000,60000
R09-04604,116540000,300000
R09-04605,36030000,150000
R09-04606,2590000,0
R09-04607,145710000,600000
R09-04608,6630000,20000
R09-04609,55140000,150000
R09-04610,102180000,300000
R09-04611,36450000,150000
R09-04612,14160000,40000
R09-04613,67980000,300000
R09-04614,34110000,150000
R09-04615,34650000,150000
R09-04616,92860000,300000
R09-04617,35490000,150000
R09-04618,30910000,60000
R09-04619,62350000,150000
R09-04620,23880000,60000
R09-04621,36170000,150000
R09-04622,54680000,150000
R09-04623,3390000,0
R09-04624,45810000,150000
R09-04625,40500000,150000
R09-04626,61670000,150000
R09-04627,92440000,300000
R09-04628,24110000,60000
R09-04629,42960000,150000
R09-04630,5830000,20000
R09-04631,61650000,150000
R09-04632,34160000,150000
R09-04633,81830000,300000
R09-04634,42550000,150000
R09-04635,1860000,0
R09-04636,3030000,0
R09-04637,45880000,150000
R09-04638,23230000,60000
R09-04639,32890000,60000
R09-04640,42380000,150000
R09-04641,51720000,150000
R09-04642,75270000,300000
R09-04643,24400000,60000
R09-04644,14450000,40000
R09-04645,33640000,150000
R09-04646,51180000,150000
R09-04647,25920000,60000
R09-04648,32080000,60000
R09-04649,24030000,60000
R09-04650,81760000,300000
R09-04651,8030000,20000
R09-04652,4720000,0
R09-04653,32890000,60000
R09-04654,83000000,300000
R09-04655,77880000,300000
R09-04656,65570000,150000
R09-04657,33630000,150000
R09-04658,18470000,40000
R09-04659,25820000,60000
R09-04660,14010000,40000
R09-04661,22470000,60000
R09-04662,62300000,150000
R09-04663,12520000,40000
R09-04664,43890000,150000
R09-04665,36450000,150000
R09-04666,880000,0
R09-04667,101140000,300000
R09-04668,52200000,150000
R09-04669,22320000,60000
R09-04670,65570000,150000
R09-04671,2390000,0
R09-04672,42650000,150000
R09-04673,83420000,300000
R09-04674,13940000,40000
R09-04675,3450000,0
R09-04676,13620000,40000
R09-04677,74420000,300000
R09-04678,110280000,300000
R09-04679,17580000,40000
R09-04680,94210000,300000
R09-04681,13940000,40000
R09-04682,35740000,150000
R09-04683,22060000,60000
R09-04684,65480000,150000
R09-04685,68420000,300000
R09-04686,28180000,60000
R09-04687,38240000,150000
R09-04688,57210000,150000
R09-04689,4310000,0
R09-04690,1410000,0
R09-04691,33260000,60000
R09-04692,72350000,300000
R09-04693,56590000,150000
R09-04694,84330000,300000
R09-04695,41570000,150000
R09-04696,3010000,0
R09-04697,15480000,40000
R09-04698,82110000,300000
R09-04699,2200000,0
R09-04700,66200000,150000
R09-04701,63770000,150000
R09-04702,3030000,0
R09-04703,33250000,60000
R09-04704,95390000,300000
R09-04705,81180000,300000
R09-04706,92020000,300000
R09-04707,23500000,60000
R09-04708,17390000,40000
R09-04709,61360000,150000
R09-04710,46800000,150000
R09-04711,41580000,150000
R09-04712,21530000,60000
R09-04713,36400000,150000
R09-04714,20870000,60000
R09-04715,17810000,40000
R09-04716,24480000,60000
R09-04717,62010000,150000
R09-04718,70630000,300000
R09-04719,41850000,150000
R09-04720,52390000,150000
R09-04721,26850000,60000
R09-04722,66550000,150000
R09-04723,68200000,300000
R09-04724,13400000,40000
R09-04725,75100000,300000
R09-04726,103050000,300000
R09-04727,31400000,60000
R09-04728,3130000,0
R09-04729,55420000,150000
R09-04730,86910000,300000
R09-04731,73860000,300000
R09-04732,61940000,150000
R09-04733,102020000,300000
R09-04734,92650000,300000
R09-04735,12050000,40000
R09-04736,26040000,60000
R09-04737,22500000,60000
R09-04738,2090000,0
R09-04739,3990000,0
R09-04740,22320000,60000
R09-04741,43630000,150000
R09-04742,1740000,0
R09-04743,31270000,60000
R09-04744,5040000,20000
R09-04745,12400000,40000
R09-04746,11960000,40000
R09-04747,48010000,150000
R09-04748,13680000,40000
R09-04749,82850000,300000
R09-04750,13130000,40000
R09-04751,24790000,60000
R09-04752,71360000,300000
R09-04753,15160000,40000
R09-04754,82170000,300000
R09-04755,63270000,150000
R09-04756,48540000,150000
R09-04757,53770000,150000
R09-04758,41540000,150000
R09-04759,40840000,150000
R09-04760,2510000,0
R09-04761,7690000,20000
R09-04762,41500000,150000
R09-04763,12110000,40000
R09-04764,38920000,150000
R09-04765,54030000,150000
R09-04766,56300000,150000
R09-04767,14880000,40000
R09-04768,13740000,40000
R09-04769,31440000,60000
R09-04770,690000,0
R09-04771,14630000,40000
R09-04772,71440000,300000
R09-04773,21530000,60000
R09-04774,1430000,0
R09-04775,13690000,40000
R09-04776,11480000,40000
R09-04777,25320000,60000
R09-04778,65370000,150000
R09-04779,131770000,300000
R09-04780,88440000,300000
R09-04781,112330000,300000
R09-04782,27870000,60000
R09-04783,87870000,300000
R09-04784,57230000,150000
R09-04785,22450000,60000
R09-04786,24790000,60000
R09-04787,49320000,150000
R09-04788,24350000,60000
R09-04789,47780000,150000
R09-04790,34690000,150000
R09-04791,64970000,150000
R09-04792,32780000,60000
R09-04793,85130000,300000
R09-04794,72330000,300000
R09-04795,960000,0
R09-04796,43460000,150000
R09-04797,7560000,20000
R09-04798,14390000,40000
R09-04799,44040000,150000
R09-04800,21460000,60000
R09-04801,91980000,300000
R09-04802,25050000,60000
R09-04803,51760000,150000
R09-04804,14730000,40000
R09-04805,54420000,150000
R09-04806,2620000,0
R09-04807,31860000,60000
R09-04808,72230000,300000
R09-04809,92380000,300000
R09-04810,25740000,60000
R09-04811,34980000,150000
R09-04812,36650000,150000
R09-04813,2050000,0
R09-04814,82670000,300000
R09-04815,46250000,150000
R09-04816,91160000,300000
R09-04817,104660000,300000
R09-04818,20260000,60000
R09-04819,5250000,20000
R09-04820,1890000,0
R09-04821,31280000,60000
R09-04822,2610000,0
R09-04823,1990000,0
R09-04824,13680000,40000
R09-04825,24110000,60000
R09-04826,32610000,60000
R09-04827,4630000,0
