고객ID,타사이전금액,혜택금액
R13-00000,82820000,300000
R13-00001,1710000,0
R13-00002,12350000,40000
R13-00003,62970000,150000
R13-00004,41360000,150000
R13-00005,51400000,150000
R13-00006,7030000,20000
R13-00007,53870000,150000
R13-00008,30540000,60000
R13-00009,37670000,150000
R13-00010,92320000,300000
R13-00011,42820000,150000
R13-00012,34390000,150000
R13-00013,33280000,60000
R13-00014,51540000,150000
R13-00015,11030000,40000
R13-00016,16580000,40000
R13-00017,12450000,40000
R13-00018,114980000,300000
R13-00019,33550000,150000
R13-00020,62330000,150000
R13-00021,74650000,300000
R13-00022,21730000,60000
R13-00023,5020000,20000
R13-00024,74570000,300000
R13-00025,35040000,150000
R13-00026,5420000,20000
R13-00027,23940000,60000
R13-00028,5420000,20000
R13-00029,2670000,0
R13-00030,6190000,20000
R13-00031,83120000,300000
R13-00032,1500000,0
R13-00033,15810000,40000
R13-00034,103130000,300000
R13-00035,34100000,150000
R13-00036,43980000,150000
R13-00037,114240000,300000
R13-00038,90860000,300000
R13-00039,121360000,300000
R13-00040,21590000,60000
R13-00041,37030000,150000
R13-00042,68010000,300000
R13-00043,6180000,20000
R13-00044,22210000,60000
R13-00045,41260000,150000
R13-00046,23840000,60000
R13-00047,14530000,40000
R13-00048,52000000,150000
R13-00049,66030000,150000
R13-00050,27140000,60000
R13-00051,112360000,300000
R13-00052,67180000,300000
R13-00053,6550000,20000
R13-00054,74240000,300000
R13-00055,3840000,0
R13-00056,670000,0
R13-00057,1770000,0
R13-00058,73490000,300000
R13-00059,23490000,60000
R13-00060,83250000,300000
R13-00061,84800000,300000
R13-00062,32010000,60000
R13-00063,26680000,60000
R13-00064,26620000,60000
R13-00065,64260000,150000
R13-00066,83630000,300000
R13-00067,35010000,150000
R13-00068,1390000,0
R13-00069,520000,0
R13-00070,54460000,150000
R13-00071,11880000,40000
R13-00072,52800000,150000
R13-00073,11310000,40000
R13-00074,104440000,300000
R13-00075,34940000,150000
R13-00076,22300000,60000
R13-00077,40510000,150000
R13-00078,4180000,0
R13-00079,64720000,150000
R13-00080,22960000,60000
R13-00081,26410000,60000
R13-00082,23060000,60000
R13-00083,52480000,150000
R13-00084,82800000,300000
R13-00085,13050000,40000
R13-00086,4820000,0
R13-00087,35030000,150000
R13-00088,32780000,60000
R13-00089,46190000,150000
R13-00090,5520000,20000
R13-00091,20770000,60000
R13-00092,56470000,150000
R13-00093,82230000,300000
R13-00094,12830000,40000
R13-00095,61740000,150000
R13-00096,8660000,20000
R13-00097,74270000,300000
R13-00098,74650000,300000
R13-00099,23220000,60000
R13-00100,3210000,0
R13-00101,26610000,60000
R13-00102,84250000,300000
R13-00103,71260000,300000
R13-00104,6680000,20000
R13-00105,34140000,150000
R13-00106,53330000,150000
R13-00107,44390000,150000
R13-00108,13280000,40000
R13-00109,14470000,40000
R13-00110,19500000,40000
R13-00111,13430000,40000
R13-00112,62190000,150000
R13-00113,6540000,20000
R13-00114,3490000,0
R13-00115,22640000,60000
R13-00116,133470000,600000
R13-00117,44600000,150000
R13-00118,34040000,150000
R13-00119,21960000,60000
R13-00120,55410000,150000
R13-00121,32380000,60000
R13-00122,21990000,60000
R13-00123,69320000,300000
R13-00124,45800000,150000
R13-00125,43290000,150000
R13-00126,6850000,20000
R13-00127,3530000,0
R13-00128,74260000,300000
R13-00129,3140000,0
R13-00130,156660000,600000
R13-00131,81950000,300000
R13-00132,101500000,300000
R13-00133,3840000,0
R13-00134,63550000,150000
R13-00135,14270000,40000
R13-00136,45270000,150000
R13-00137,43730000,150000
R13-00138,54250000,150000
R13-00139,35850000,150000
R13-00140,66280000,150000
R13-00141,33830000,150000
R13-00142,12300000,40000
R13-00143,75540000,300000
R13-00144,13340000,40000
R13-00145,31400000,60000
R13-00146,22120000,60000
R13-00147,65830000,150000
R13-00148,1490000,0
R13-00149,64410000,150000
R13-00150,45160000,150000
R13-00151,43410000,150000
R13-00152,74950000,300000
R13-00153,43510000,150000
R13-00154,1590000,0
R13-00155,21760000,60000
R13-00156,32090000,60000
R13-00157,5210000,20000
R13-00158,50630000,150000
R13-00159,3690000,0
R13-00160,22640000,60000
R13-00161,17650000,40000
R13-00162,133230000,300000
R13-00163,30780000,60000
R13-00164,13300000,40000
R13-00165,21370000,60000
R13-00166,32750000,60000
R13-00167,21640000,60000
R13-00168,112720000,300000
R13-00169,23180000,60000
R13-00170,890000,0
R13-00171,120820000,300000
R13-00172,94430000,300000
R13-00173,64120000,150000
R13-00174,126460000,300000
R13-00175,4010000,0
R13-00176,45910000,150000
R13-00177,1960000,0
R13-00178,35170000,150000
R13-00179,35230000,150000
R13-00180,2070000,0
R13-00181,14450000,40000
R13-00182,4500000,0
R13-00183,56220000,150000
R13-00184,73200000,300000
R13-00185,103230000,300000
R13-00186,3840000,0
R13-00187,7850000,20000
R13-00188,103110000,300000
R13-00189,112720000,300000
R13-00190,44150000,150000
R13-00191,42370000,150000
R13-00192,71520000,300000
R13-00193,71850000,300000
R13-00194,4900000,0
R13-00195,55050000,150000
R13-00196,12060000,40000
R13-00197,3700000,0
R13-00198,32890000,60000
R13-00199,41390000,150000
R13-00200,37220000,150000
R13-00201,32680000,60000
R13-00202,43360000,150000
R13-00203,62090000,150000
R13-00204,72090000,300000
R13-00205,64030000,150000
R13-00206,74910000,300000
R13-00207,92930000,300000
R13-00208,88000000,300000
R13-00209,5640000,20000
R13-00210,82720000,300000
R13-00211,42060000,150000
R13-00212,64660000,150000
R13-00213,112020000,300000
R13-00214,80760000,300000
R13-00215,2570000,0
R13-00216,53570000,150000
R13-00217,1200000,0
R13-00218,5980000,20000
R13-00219,3910000,0
R13-00220,5890000,20000
R13-00221,24590000,60000
R13-00222,81600000,300000
R13-00223,97490000,300000
R13-00224,8180000,20000
R13-00225,7710000,20000
R13-00226,61910000,150000
R13-00227,41110000,150000
R13-00228,2600000,0
R13-00229,22580000,60000
R13-00230,113340000,300000
R13-00231,25100000,60000
R13-00232,64280000,150000
R13-00233,18310000,40000
R13-00234,65710000,150000
R13-00235,42270000,150000
R13-00236,61690000,150000
R13-00237,20750000,60000
R13-00238,32650000,60000
R13-00239,64150000,150000
R13-00240,21880000,60000
R13-00241,44370000,150000
R13-00242,83690000,300000
R13-00243,2600000,0
R13-00244,3300000,0
R13-00245,100940000,300000
R13-00246,94170000,300000
R13-00247,67970000,300000
R13-00248,80500000,300000
R13-00249,48220000,150000
R13-00250,82870000,300000
R13-00251,145360000,600000
R13-00252,22830000,60000
R13-00253,32250000,60000
R13-00254,13060000,40000
R13-00255,53690000,150000
R13-00256,71300000,300000
R13-00257,52010000,150000
R13-00258,42380000,150000
R13-00259,42310000,150000
R13-00260,60830000,150000
R13-00261,3090000,0
R13-00262,67800000,300000
R13-00263,38470000,150000
R13-00264,2300000,0
R13-00265,56320000,150000
R13-00266,16060000,40000
R13-00267,93870000,300000
R13-00268,45610000,150000
R13-00269,48120000,150000
R13-00270,12040000,40000
R13-00271,54510000,150000
R13-00272,13780000,40000
R13-00273,5640000,20000
R13-00274,2310000,0
R13-00275,6900000,20000
R13-00276,26880000,60000
R13-00277,45160000,150000
R13-00278,64030000,150000
R13-00279,43950000,150000
R13-00280,50530000,150000
R13-00281,56530000,150000
R13-00282,12720000,40000
R13-00283,66000000,150000
R13-00284,3670000,0
R13-00285,72670000,300000
R13-00286,7440000,20000
R13-00287,43740000,150000
R13-00288,125700000,300000
R13-00289,76420000,300000
R13-00290,75630000,300000
R13-00291,64840000,150000
R13-00292,62990000,150000
R13-00293,14000000,40000
R13-00294,12090000,40000
R13-00295,46040000,150000
R13-00296,43470000,150000
R13-00297,66110000,150000
R13-00298,96420000,300000
R13-00299,25630000,60000
R13-00300,47230000,150000
R13-00301,3220000,0
R13-00302,13630000,40000
R13-00303,22170000,60000
R13-00304,24560000,60000
R13-00305,11200000,40000
R13-00306,22060000,60000
R13-00307,32360000,60000
R13-00308,67770000,300000
R13-00309,51230000,150000
R13-00310,13000000,40000
R13-00311,120280000,300000
R13-00312,91060000,300000
R13-00313,57140000,150000
R13-00314,63590000,150000
R13-00315,33380000,150000
R13-00316,30520000,60000
R13-00317,56200000,150000
R13-00318,25890000,60000
R13-00319,92750000,300000
R13-00320,10520000,40000
R13-00321,15800000,40000
R13-00322,13440000,40000
R13-00323,57190000,150000
R13-00324,57250000,150000
R13-00325,7860000,20000
R13-00326,42010000,150000
R13-00327,51630000,150000
R13-00328,36020000,150000
R13-00329,22520000,60000
R13-00330,36140000,150000
R13-00331,31340000,60000
R13-00332,73160000,300000
R13-00333,4860000,0
R13-00334,57930000,150000
R13-00335,64520000,150000
R13-00336,7810000,20000
R13-00337,1480000,0
R13-00338,43440000,150000
R13-00339,22980000,60000
R13-00340,1850000,0
R13-00341,33650000,150000
R13-00342,126320000,300000
R13-00343,2970000,0
R13-00344,83660000,300000
R13-00345,65900000,150000
R13-00346,75280000,300000
R13-00347,23330000,60000
R13-00348,42910000,150000
R13-00349,25840000,60000
R13-00350,61380000,150000
R13-00351,32490000,60000
R13-00352,34120000,150000
R13-00353,67780000,300000
R13-00354,21840000,60000
R13-00355,107800000,300000
R13-00356,3820000,0
R13-00357,51980000,150000
R13-00358,86240000,300000
R13-00359,71750000,300000
R13-00360,24590000,60000
R13-00361,51400000,150000
R13-00362,133200000,300000
R13-00363,105190000,300000
R13-00364,87050000,300000
R13-00365,64110000,150000
R13-00366,47020000,150000
R13-00367,13960000,40000
R13-00368,96110000,300000
R13-00369,55920000,150000
R13-00370,54660000,150000
R13-00371,34910000,150000
R13-00372,83100000,300000
R13-00373,24730000,60000
R13-00374,38950000,150000
R13-00375,38890000,150000
R13-00376,53840000,150000
R13-00377,102820000,300000
R13-00378,14240000,40000
R13-00379,101560000,300000
R13-00380,63440000,150000
R13-00381,47720000,150000
R13-00382,45690000,150000
R13-00383,121410000,300000
R13-00384,31220000,60000
R13-00385,55700000,150000
R13-00386,46470000,150000
R13-00387,35320000,150000
R13-00388,51870000,150000
R13-00389,74290000,300000
R13-00390,93720000,300000
R13-00391,25400000,60000
R13-00392,74670000,300000
R13-00393,90930000,300000
R13-00394,54270000,150000
R13-00395,6050000,20000
R13-00396,35630000,150000
R13-00397,81270000,300000
R13-00398,65620000,150000
R13-00399,37430000,150000
R13-00400,44990000,150000
R13-00401,81260000,300000
R13-00402,8550000,20000
R13-00403,55590000,150000
R13-00404,24430000,60000
R13-00405,36180000,150000
R13-00406,33710000,150000
R13-00407,870000,0
R13-00408,14760000,40000
R13-00409,45710000,150000
R13-00410,13470000,40000
R13-00411,23180000,60000
R13-00412,82840000,300000
R13-00413,25210000,60000
R13-00414,21050000,60000
R13-00415,7190000,20000
R13-00416,83510000,300000
R13-00417,1640000,0
R13-00418,78040000,300000
R13-00419,41930000,150000
R13-00420,72870000,300000
R13-00421,44310000,150000
R13-00422,42430000,150000
R13-00423,94200000,300000
R13-00424,81010000,300000
R13-00425,91950000,300000
R13-00426,29580000,60000
R13-00427,71010000,300000
R13-00428,45480000,150000
R13-00429,43400000,150000
R13-00430,10770000,40000
R13-00431,24500000,60000
R13-00432,44870000,150000
R13-00433,34600000,150000
R13-00434,45620000,150000
R13-00435,73060000,300000
R13-00436,85900000,300000
R13-00437,830000,0
R13-00438,14200000,40000
R13-00439,52160000,150000
R13-00440,44660000,150000
R13-00441,11210000,40000
R13-00442,5990000,20000
R13-00443,51780000,150000
R13-00444,4920000,0
R13-00445,67510000,300000
R13-00446,111750000,300000
R13-00447,3710000,0
R13-00448,95240000,300000
R13-00449,22480000,60000
R13-00450,62140000,150000
R13-00451,154770000,600000
R13-00452,105100000,300000
R13-00453,81850000,300000
R13-00454,22050000,60000
R13-00455,5020000,20000
R13-00456,54220000,150000
R13-00457,26240000,60000
R13-00458,2800000,0
R13-00459,1940000,0
R13-00460,71260000,300000
R13-00461,30740000,60000
R13-00462,4430000,0
R13-00463,147150000,600000
R13-00464,127170000,300000
R13-00465,88410000,300000
R13-00466,17180000,40000
R13-00467,65420000,150000
R13-00468,83670000,300000
R13-00469,23380000,60000
R13-00470,81240000,300000
R13-00471,142250000,600000
R13-00472,141460000,600000
R13-00473,2330000,0
R13-00474,112570000,300000
R13-00475,37020000,150000
R13-00476,53900000,150000
R13-00477,41470000,150000
R13-00478,72510000,300000
R13-00479,32580000,60000
R13-00480,63100000,150000
R13-00481,14110000,40000
R13-00482,65580000,150000
R13-00483,31860000,60000
R13-00484,57630000,150000
R13-00485,74730000,300000
R13-00486,134470000,600000
R13-00487,22350000,60000
R13-00488,31570000,60000
R13-00489,66130000,150000
R13-00490,42620000,150000
R13-00491,31740000,60000
R13-00492,16630000,40000
R13-00493,23430000,60000
R13-00494,42500000,150000
R13-00495,65670000,150000
R13-00496,76250000,300000
R13-00497,3760000,0
R13-00498,74930000,300000
R13-00499,48370000,150000
R13-00500,3680000,0
R13-00501,62130000,150000
R13-00502,63560000,150000
R13-00503,15010000,40000
R13-00504,126780000,300000
R13-00505,41690000,150000
R13-00506,143130000,600000
R13-00507,33440000,150000
R13-00508,3100000,0
R13-00509,15940000,40000
R13-00510,21670000,60000
R13-00511,32620000,60000
R13-00512,71810000,300000
R13-00513,11800000,40000
R13-00514,52200000,150000
R13-00515,24300000,60000
R13-00516,37370000,150000
R13-00517,71880000,300000
R13-00518,3580000,0
R13-00519,60140000,150000
R13-00520,33170000,60000
R13-00521,126120000,300000
R13-00522,13360000,40000
R13-00523,41330000,150000
R13-00524,81230000,300000
R13-00525,42850000,150000
R13-00526,65500000,150000
R13-00527,67800000,300000
R13-00528,77560000,300000
R13-00529,5640000,20000
R13-00530,22550000,60000
R13-00531,42420000,150000
R13-00532,67040000,300000
R13-00533,26200000,60000
R13-00534,3110000,0
R13-00535,5770000,20000
R13-00536,5620000,20000
R13-00537,72680000,300000
R13-00538,13430000,40000
R13-00539,63880000,150000
R13-00540,76510000,300000
R13-00541,52370000,150000
R13-00542,41700000,150000
R13-00543,93180000,300000
R13-00544,73260000,300000
R13-00545,71930000,300000
R13-00546,18960000,40000
R13-00547,38380000,150000
R13-00548,33750000,150000
R13-00549,52790000,150000
R13-00550,61900000,150000
R13-00551,21450000,60000
R13-00552,82180000,300000
R13-00553,21840000,60000
R13-00554,22910000,60000
R13-00555,4310000,0
R13-00556,83740000,300000
R13-00557,21310000,60000
R13-00558,20550000,60000
R13-00559,65030000,150000
R13-00560,51090000,150000
R13-00561,58220000,150000
R13-00562,72530000,300000
R13-00563,40820000,150000
R13-00564,1700000,0
R13-00565,40500000,150000
R13-00566,11900000,40000
R13-00567,11890000,40000
R13-00568,3400000,0
R13-00569,33240000,60000
R13-00570,2120000,0
R13-00571,73330000,300000
R13-00572,32150000,60000
R13-00573,12690000,40000
R13-00574,8790000,20000
R13-00575,3240000,0
R13-00576,15830000,40000
R13-00577,23460000,60000
R13-00578,13970000,40000
R13-00579,84670000,300000
R13-00580,26070000,60000
R13-00581,6660000,20000
R13-00582,36010000,150000
R13-00583,41060000,150000
R13-00584,23530000,60000
R13-00585,24500000,60000
R13-00586,5570000,20000
R13-00587,58090000,150000
R13-00588,21890000,60000
R13-00589,53680000,150000
R13-00590,53260000,150000
R13-00591,2420000,0
R13-00592,95850000,300000
R13-00593,51370000,150000
R13-00594,78590000,300000
R13-00595,73080000,300000
R13-00596,82590000,300000
R13-00597,21480000,60000
R13-00598,4950000,0
R13-00599,43430000,150000
R13-00600,154080000,600000
R13-00601,61320000,150000
R13-00602,43200000,150000
R13-00603,4060000,0
R13-00604,46330000,150000
R13-00605,65090000,150000
R13-00606,43170000,150000
R13-00607,51980000,150000
R13-00608,131850000,300000
R13-00609,82320000,300000
R13-00610,16580000,40000
R13-00611,41730000,150000
R13-00612,55890000,150000
R13-00613,78670000,300000
R13-00614,46010000,150000
R13-00615,11890000,40000
R13-00616,5980000,20000
R13-00617,1870000,0
R13-00618,67540000,300000
R13-00619,25840000,60000
R13-00620,2820000,0
R13-00621,31830000,60000
R13-00622,94820000,300000
R13-00623,13070000,40000
R13-00624,150620000,600000
R13-00625,42310000,150000
R13-00626,24630000,60000
R13-00627,173780000,600000
R13-00628,32380000,60000
R13-00629,25220000,60000
R13-00630,65120000,150000
R13-00631,103290000,300000
R13-00632,174140000,600000
R13-00633,82530000,300000
R13-00634,23360000,60000
R13-00635,47910000,150000
R13-00636,15400000,40000
R13-00637,80790000,300000
R13-00638,36590000,150000
R13-00639,64450000,150000
R13-00640,34330000,150000
R13-00641,4510000,0
R13-00642,21680000,60000
R13-00643,21190000,60000
R13-00644,34690000,150000
R13-00645,23390000,60000
R13-00646,36930000,150000
R13-00647,75460000,300000
R13-00648,40870000,150000
R13-00649,23840000,60000
R13-00650,13120000,40000
R13-00651,23320000,60000
R13-00652,51870000,150000
R13-00653,71870000,300000
R13-00654,53790000,150000
R13-00655,48400000,150000
R13-00656,29280000,60000
R13-00657,126700000,300000
R13-00658,33020000,60000
R13-00659,50240000,150000
R13-00660,11790000,40000
R13-00661,60600000,150000
R13-00662,32000000,60000
R13-00663,2410000,0
R13-00664,7170000,20000
R13-00665,7850000,20000
R13-00666,50230000,150000
R13-00667,62160000,150000
R13-00668,44030000,150000
R13-00669,71510000,300000
R13-00670,65260000,150000
R13-00671,65080000,150000
R13-00672,30710000,60000
R13-00673,27720000,60000
R13-00674,41460000,150000
R13-00675,62270000,150000
R13-00676,43140000,150000
R13-00677,21590000,60000
R13-00678,44840000,150000
R13-00679,21590000,60000
R13-00680,133030000,300000
R13-00681,21060000,60000
R13-00682,84270000,300000
R13-00683,21470000,60000
R13-00684,52840000,150000
R13-00685,56890000,150000
R13-00686,93320000,300000
R13-00687,73930000,300000
R13-00688,5350000,20000
R13-00689,15630000,40000
R13-00690,57440000,150000
R13-00691,134080000,600000
R13-00692,96220000,300000
R13-00693,60910000,150000
R13-00694,5010000,20000
R13-00695,67530000,300000
R13-00696,33550000,150000
R13-00697,1070000,0
R13-00698,13220000,40000
R13-00699,12400000,40000
R13-00700,36200000,150000
R13-00701,27770000,60000
R13-00702,10450000,40000
R13-00703,84560000,300000
R13-00704,34760000,150000
R13-00705,42520000,150000
R13-00706,25680000,60000
R13-00707,50430000,150000
R13-00708,72420000,300000
R13-00709,25090000,60000
R13-00710,37820000,150000
R13-00711,540000,0
R13-00712,84890000,300000
R13-00713,31500000,60000
R13-00714,23030000,60000
R13-00715,75610000,300000
R13-00716,1910000,0
R13-00717,12080000,40000
R13-00718,141460000,600000
R13-00719,42450000,150000
R13-00720,34190000,150000
R13-00721,4440000,0
R13-00722,142740000,600000
R13-00723,53260000,150000
R13-00724,3810000,0
R13-00725,10880000,40000
R13-00726,40880000,150000
R13-00727,53350000,150000
R13-00728,5170000,20000
R13-00729,94460000,300000
R13-00730,2930000,0
R13-00731,36130000,150000
R13-00732,74840000,300000
R13-00733,11950000,40000
R13-00734,24280000,60000
R13-00735,64280000,150000
R13-00736,32090000,60000
R13-00737,32540000,60000
R13-00738,70280000,300000
R13-00739,27980000,60000
R13-00740,85540000,300000
R13-00741,61660000,150000
R13-00742,23300000,60000
R13-00743,54600000,150000
R13-00744,3290000,0
R13-00745,11100000,40000
R13-00746,91410000,300000
R13-00747,77750000,300000
R13-00748,125210000,300000
R13-00749,46750000,150000
R13-00750,31460000,60000
R13-00751,61950000,150000
R13-00752,96460000,300000
R13-00753,61170000,150000
R13-00754,2270000,0
R13-00755,1640000,0
R13-00756,4500000,0
R13-00757,102770000,300000
R13-00758,75100000,300000
R13-00759,5500000,20000
R13-00760,62930000,150000
R13-00761,7530000,20000
R13-00762,13180000,40000
R13-00763,62130000,150000
R13-00764,35350000,150000
R13-00765,3910000,0
R13-00766,75320000,300000
R13-00767,11090000,40000
R13-00768,65370000,150000
R13-00769,11250000,40000
R13-00770,38430000,150000
R13-00771,23850000,60000
R13-00772,32670000,60000
R13-00773,42420000,150000
R13-00774,6310000,20000
R13-00775,96190000,300000
R13-00776,4750000,0
R13-00777,105700000,300000
R13-00778,53660000,150000
R13-00779,90200000,300000
R13-00780,14440000,40000
R13-00781,31360000,60000
R13-00782,72640000,300000
R13-00783,17220000,40000
R13-00784,9330000,20000
R13-00785,1520000,0
R13-00786,52180000,150000
R13-00787,42530000,150000
R13-00788,80640000,300000
R13-00789,13410000,40000
R13-00790,2330000,0
R13-00791,83940000,300000
R13-00792,63340000,150000
R13-00793,6500000,20000
R13-00794,12380000,40000
R13-00795,93920000,300000
R13-00796,6480000,20000
R13-00797,71520000,300000
R13-00798,4760000,0
R13-00799,41610000,150000
R13-00800,40310000,150000
R13-00801,92870000,300000
R13-00802,33770000,150000
R13-00803,91390000,300000
R13-00804,67020000,300000
R13-00805,1870000,0
R13-00806,54080000,150000
R13-00807,61260000,150000
R13-00808,34730000,150000
R13-00809,3950000,0
R13-00810,6070000,20000
R13-00811,41770000,150000
R13-00812,13940000,40000
R13-00813,42530000,150000
R13-00814,8670000,20000
R13-00815,51720000,150000
R13-00816,1610000,0
R13-00817,26230000,60000
R13-00818,74150000,300000
R13-00819,74350000,300000
R13-00820,2640000,0
R13-00821,44290000,150000
R13-00822,39210000,150000
R13-00823,23570000,60000
R13-00824,56880000,150000
R13-00825,2540000,0
R13-00826,9140000,20000
R13-00827,41360000,150000
R13-00828,51030000,150000
R13-00829,52840000,150000
R13-00830,95550000,300000
R13-00831,55570000,150000
R13-00832,23970000,60000
R13-00833,84150000,300000
R13-00834,51800000,150000
R13-00835,42190000,150000
R13-00836,96990000,300000
R13-00837,45970000,150000
R13-00838,7730000,20000
R13-00839,114470000,300000
R13-00840,15260000,40000
R13-00841,68930000,300000
R13-00842,21110000,60000
R13-00843,57290000,150000
R13-00844,81640000,300000
R13-00845,13910000,40000
R13-00846,6960000,20000
R13-00847,27530000,60000
R13-00848,47050000,150000
R13-00849,71020000,300000
R13-00850,5590000,20000
R13-00851,53650000,150000
R13-00852,21770000,60000
R13-00853,6830000,20000
R13-00854,51010000,150000
R13-00855,11040000,40000
R13-00856,42010000,150000
R13-00857,27750000,60000
R13-00858,5580000,20000
R13-00859,24310000,60000
R13-00860,21630000,60000
R13-00861,71120000,300000
R13-00862,65520000,150000
R13-00863,13460000,40000
R13-00864,43380000,150000
R13-00865,4330000,0
R13-00866,132080000,300000
R13-00867,61810000,150000
R13-00868,45300000,150000
R13-00869,1970000,0
R13-00870,48320000,150000
R13-00871,90780000,300000
R13-00872,27260000,60000
R13-00873,6090000,20000
R13-00874,62170000,150000
R13-00875,37970000,150000
R13-00876,1890000,0
R13-00877,61150000,150000
R13-00878,61280000,150000
R13-00879,84580000,300000
R13-00880,68000000,300000
R13-00881,33640000,150000
R13-00882,10940000,40000
R13-00883,5980000,20000
R13-00884,24000000,60000
R13-00885,24940000,60000
R13-00886,16240000,40000
R13-00887,72160000,300000
R13-00888,46070000,150000
R13-00889,39650000,150000
R13-00890,49200000,150000
R13-00891,75890000,300000
R13-00892,71010000,300000
R13-00893,14940000,40000
R13-00894,102570000,300000
R13-00895,50730000,150000
R13-00896,33000000,60000
R13-00897,21690000,60000
R13-00898,5300000,20000
R13-00899,28510000,60000
R13-00900,90360000,300000
R13-00901,12000000,40000
R13-00902,73080000,300000
R13-00903,22720000,60000
R13-00904,26430000,60000
R13-00905,90610000,300000
R13-00906,17980000,40000
R13-00907,66620000,150000
R13-00908,12110000,40000
R13-00909,45480000,150000
R13-00910,91980000,300000
R13-00911,106760000,300000
R13-00912,4010000,0
R13-00913,13170000,40000
R13-00914,11430000,40000
R13-00915,153990000,600000
R13-00916,14030000,40000
R13-00917,21890000,60000
R13-00918,54560000,150000
R13-00919,35340000,150000
R13-00920,35560000,150000
R13-00921,4540000,0
R13-00922,103590000,300000
R13-00923,62540000,150000
R13-00924,83970000,300000
R13-00925,26020000,60000
R13-00926,37410000,150000
R13-00927,24960000,60000
R13-00928,103390000,300000
R13-00929,75330000,300000
R13-00930,31770000,60000
R13-00931,101480000,300000
R13-00932,22030000,60000
R13-00933,151970000,600000
R13-00934,54310000,150000
R13-00935,45020000,150000
R13-00936,15530000,40000
R13-00937,23050000,60000
R13-00938,14440000,40000
R13-00939,55900000,150000
R13-00940,4290000,0
R13-00941,32490000,60000
R13-00942,96170000,300000
R13-00943,122370000,300000
R13-00944,61660000,150000
R13-00945,45060000,150000
R13-00946,42670000,150000
R13-00947,55210000,150000
R13-00948,5300000,20000
R13-00949,60850000,150000
R13-00950,86190000,300000
R13-00951,104780000,300000
R13-00952,102750000,300000
R13-00953,35690000,150000
R13-00954,43450000,150000
R13-00955,63630000,150000
R13-00956,15910000,40000
R13-00957,63280000,150000
R13-00958,15240000,40000
R13-00959,32060000,60000
R13-00960,110510000,300000
R13-00961,52680000,150000
R13-00962,24190000,60000
R13-00963,23520000,60000
R13-00964,14610000,40000
R13-00965,15850000,40000
R13-00966,56190000,150000
R13-00967,157090000,600000
R13-00968,13110000,40000
R13-00969,63900000,150000
R13-00970,1960000,0
R13-00971,33990000,150000
R13-00972,32000000,60000
R13-00973,44180000,150000
R13-00974,12710000,40000
R13-00975,32800000,60000
R13-00976,51550000,150000
R13-00977,33860000,150000
R13-00978,61290000,150000
R13-00979,63540000,150000
R13-00980,3200000,0
R13-00981,15680000,40000
R13-00982,222260000,1000000
R13-00983,22840000,60000
R13-00984,11870000,40000
R13-00985,45050000,150000
R13-00986,74290000,300000
R13-00987,105810000,300000
R13-00988,13220000,40000
R13-00989,27540000,60000
R13-00990,54630000,150000
R13-00991,990000,0
R13-00992,64700000,150000
R13-00993,55000000,150000
R13-00994,52580000,150000
R13-00995,85870000,300000
R13-00996,790000,0
R13-00997,21350000,60000
R13-00998,3780000,0
R13-00999,112950000,300000
R13-01000,4620000,0
R13-01001,45490000,150000
R13-01002,12490000,40000
R13-01003,14080000,40000
R13-01004,112180000,300000
R13-01005,44420000,150000
R13-01006,34160000,150000
R13-01007,41810000,150000
R13-01008,126090000,300000
R13-01009,86400000,300000
R13-01010,70600000,300000
R13-01011,1020000,0
R13-01012,74100000,300000
R13-01013,72110000,300000
R13-01014,71960000,300000
R13-01015,2660000,0
R13-01016,91350000,300000
R13-01017,8800000,20000
R13-01018,32930000,60000
R13-01019,70680000,300000
R13-01020,35070000,150000
R13-01021,84990000,300000
R13-01022,43670000,150000
R13-01023,43320000,150000
R13-01024,41570000,150000
R13-01025,65600000,150000
R13-01026,23220000,60000
R13-01027,142300000,600000
R13-01028,25010000,60000
R13-01029,67310000,300000
R13-01030,45670000,150000
R13-01031,23430000,60000
R13-01032,94620000,300000
R13-01033,70820000,300000
R13-01034,82230000,300000
R13-01035,60290000,150000
R13-01036,61320000,150000
R13-01037,95510000,300000
R13-01038,23750000,60000
R13-01039,12110000,40000
R13-01040,68320000,300000
R13-01041,54070000,150000
R13-01042,67360000,300000
R13-01043,65450000,150000
R13-01044,54700000,150000
R13-01045,11570000,40000
R13-01046,6400000,20000
R13-01047,72830000,300000
R13-01048,92160000,300000
R13-01049,53250000,150000
R13-01050,75630000,300000
R13-01051,2360000,0
R13-01052,1490000,0
R13-01053,39160000,150000
R13-01054,4710000,0
R13-01055,45500000,150000
R13-01056,53040000,150000
R13-01057,46260000,150000
R13-01058,52780000,150000
R13-01059,6900000,20000
R13-01060,21780000,60000
R13-01061,3340000,0
R13-01062,43500000,150000
R13-01063,23280000,60000
R13-01064,41600000,150000
R13-01065,61730000,150000
R13-01066,52630000,150000
R13-01067,5840000,20000
R13-01068,51600000,150000
R13-01069,23270000,60000
R13-01070,92400000,300000
R13-01071,66750000,300000
R13-01072,2950000,0
R13-01073,6520000,20000
R13-01074,82060000,300000
R13-01075,65900000,150000
R13-01076,52790000,150000
R13-01077,47570000,150000
R13-01078,83350000,300000
R13-01079,47310000,150000
R13-01080,104300000,300000
R13-01081,55030000,150000
R13-01082,34060000,150000
R13-01083,17180000,40000
R13-01084,3160000,0
R13-01085,1260000,0
R13-01086,22960000,60000
R13-01087,43250000,150000
R13-01088,64960000,150000
R13-01089,54460000,150000
R13-01090,1100000,0
R13-01091,42320000,150000
R13-01092,13490000,40000
R13-01093,24760000,60000
R13-01094,7490000,20000
R13-01095,71820000,300000
R13-01096,5830000,20000
R13-01097,5060000,20000
R13-01098,77650000,300000
R13-01099,63360000,150000
R13-01100,61970000,150000
R13-01101,21460000,60000
R13-01102,3990000,0
R13-01103,62780000,150000
R13-01104,2490000,0
R13-01105,32360000,60000
R13-01106,101080000,300000
R13-01107,1940000,0
R13-01108,49700000,150000
R13-01109,34320000,150000
R13-01110,32370000,60000
R13-01111,54800000,150000
R13-01112,45310000,150000
R13-01113,92180000,300000
R13-01114,24410000,60000
R13-01115,76240000,300000
R13-01116,53110000,150000
R13-01117,61350000,150000
R13-01118,25400000,60000
R13-01119,4410000,0
R13-01120,13230000,40000
R13-01121,46270000,150000
R13-01122,96120000,300000
R13-01123,42390000,150000
R13-01124,93660000,300000
R13-01125,5550000,20000
R13-01126,37290000,150000
R13-01127,31230000,60000
R13-01128,58950000,150000
R13-01129,91840000,300000
R13-01130,36730000,150000
R13-01131,103230000,300000
R13-01132,32140000,60000
R13-01133,44200000,150000
R13-01134,7730000,20000
R13-01135,33300000,60000
R13-01136,3890000,0
R13-01137,111790000,300000
R13-01138,31470000,60000
R13-01139,56830000,150000
R13-01140,101130000,300000
R13-01141,40650000,150000
R13-01142,54490000,150000
R13-01143,73030000,300000
R13-01144,81570000,300000
R13-01145,11230000,40000
R13-01146,32790000,60000
R13-01147,25280000,60000
R13-01148,39530000,150000
R13-01149,7340000,20000
R13-01150,45790000,150000
R13-01151,22030000,60000
R13-01152,2450000,0
R13-01153,35310000,150000
R13-01154,51660000,150000
R13-01155,4250000,0
R13-01156,46820000,150000
R13-01157,40430000,150000
R13-01158,4540000,0
R13-01159,4390000,0
R13-01160,11070000,40000
R13-01161,46550000,150000
R13-01162,1090000,0
R13-01163,41520000,150000
R13-01164,73900000,300000
R13-01165,75630000,300000
R13-01166,63960000,150000
R13-01167,12210000,40000
R13-01168,35190000,150000
R13-01169,17810000,40000
R13-01170,16550000,40000
R13-01171,95960000,300000
R13-01172,80620000,300000
R13-01173,1320000,0
R13-01174,20470000,60000
R13-01175,52910000,150000
R13-01176,22740000,60000
R13-01177,53410000,150000
R13-01178,30440000,60000
R13-01179,62970000,150000
R13-01180,43650000,150000
R13-01181,42940000,150000
R13-01182,33070000,60000
R13-01183,41440000,150000
R13-01184,12800000,40000
R13-01185,15680000,40000
R13-01186,5530000,20000
R13-01187,78030000,300000
R13-01188,1520000,0
R13-01189,33060000,60000
R13-01190,5930000,20000
R13-01191,144660000,600000
R13-01192,41110000,150000
R13-01193,94000000,300000
R13-01194,68040000,300000
R13-01195,56160000,150000
R13-01196,88000000,300000
R13-01197,64140000,150000
R13-01198,62270000,150000
R13-01199,82880000,300000
R13-01200,32120000,60000
R13-01201,47110000,150000
R13-01202,41240000,150000
R13-01203,4790000,0
R13-01204,4610000,0
R13-01205,54500000,150000
R13-01206,85090000,300000
R13-01207,52350000,150000
R13-01208,58540000,150000
R13-01209,25490000,60000
R13-01210,82460000,300000
R13-01211,14530000,40000
R13-01212,26230000,60000
R13-01213,32530000,60000
R13-01214,62740000,150000
R13-01215,63270000,150000
R13-01216,1560000,0
R13-01217,34290000,150000
R13-01218,2340000,0
R13-01219,3050000,0
R13-01220,81970000,300000
R13-01221,68690000,300000
R13-01222,33540000,150000
R13-01223,23150000,60000
R13-01224,51690000,150000
R13-01225,21880000,60000
R13-01226,81070000,300000
R13-01227,2810000,0
R13-01228,12330000,40000
R13-01229,74780000,300000
R13-01230,1790000,0
R13-01231,33700000,150000
R13-01232,131460000,300000
R13-01233,43340000,150000
R13-01234,33480000,150000
R13-01235,34400000,150000
R13-01236,134270000,600000
R13-01237,23640000,60000
R13-01238,54630000,150000
R13-01239,66520000,150000
R13-01240,33600000,150000
R13-01241,66640000,150000
R13-01242,53320000,150000
R13-01243,36700000,150000
R13-01244,66230000,150000
R13-01245,65170000,150000
R13-01246,22430000,60000
R13-01247,38770000,150000
R13-01248,93920000,300000
R13-01249,3110000,0
R13-01250,13160000,40000
R13-01251,52250000,150000
R13-01252,3170000,0
R13-01253,1610000,0
R13-01254,26370000,60000
R13-01255,53170000,150000
R13-01256,12820000,40000
R13-01257,45600000,150000
R13-01258,1730000,0
R13-01259,26740000,60000
R13-01260,75280000,300000
R13-01261,72110000,300000
R13-01262,65740000,150000
R13-01263,62360000,150000
R13-01264,13950000,40000
R13-01265,26150000,60000
R13-01266,32130000,60000
R13-01267,41740000,150000
R13-01268,59200000,150000
R13-01269,21660000,60000
R13-01270,68260000,300000
R13-01271,51370000,150000
R13-01272,105100000,300000
R13-01273,5390000,20000
R13-01274,33350000,150000
R13-01275,64190000,150000
R13-01276,34820000,150000
R13-01277,57320000,150000
R13-01278,82030000,300000
R13-01279,61910000,150000
R13-01280,3630000,0
R13-01281,32390000,60000
R13-01282,86440000,300000
R13-01283,31880000,60000
R13-01284,32320000,60000
R13-01285,102520000,300000
R13-01286,300000,0
R13-01287,22090000,60000
R13-01288,42210000,150000
R13-01289,57060000,150000
R13-01290,111770000,300000
R13-01291,3040000,0
R13-01292,83620000,300000
R13-01293,43130000,150000
R13-01294,27780000,60000
R13-01295,45360000,150000
R13-01296,88340000,300000
R13-01297,4840000,0
R13-01298,1000000,0
R13-01299,102430000,300000
R13-01300,25300000,60000
R13-01301,17890000,40000
R13-01302,11580000,40000
R13-01303,62330000,150000
R13-01304,32440000,60000
R13-01305,18460000,40000
R13-01306,46470000,150000
R13-01307,6080000,20000
R13-01308,120670000,300000
R13-01309,28570000,60000
R13-01310,63620000,150000
R13-01311,21660000,60000
R13-01312,61860000,150000
R13-01313,124580000,300000
R13-01314,13100000,40000
R13-01315,42300000,150000
R13-01316,57740000,150000
R13-01317,42310000,150000
R13-01318,32720000,60000
R13-01319,21550000,60000
R13-01320,33150000,60000
R13-01321,21730000,60000
R13-01322,23000000,60000
R13-01323,83090000,300000
R13-01324,22590000,60000
R13-01325,32100000,60000
R13-01326,11680000,40000
R13-01327,12250000,40000
R13-01328,212630000,1000000
R13-01329,36610000,150000
R13-01330,12530000,40000
R13-01331,13140000,40000
R13-01332,44550000,150000
R13-01333,44450000,150000
R13-01334,62870000,150000
R13-01335,74680000,300000
R13-01336,64110000,150000
R13-01337,23460000,60000
R13-01338,71240000,300000
R13-01339,62320000,150000
R13-01340,11000000,40000
R13-01341,32570000,60000
R13-01342,14480000,40000
R13-01343,54060000,150000
R13-01344,13300000,40000
R13-01345,12270000,40000
R13-01346,34600000,150000
R13-01347,10960000,40000
R13-01348,41150000,150000
R13-01349,66150000,150000
R13-01350,53750000,150000
R13-01351,37810000,150000
R13-01352,52080000,150000
R13-01353,21320000,60000
R13-01354,33170000,60000
R13-01355,13610000,40000
R13-01356,31910000,60000
R13-01357,48040000,150000
R13-01358,72970000,300000
R13-01359,24020000,60000
R13-01360,117160000,300000
R13-01361,151630000,600000
R13-01362,42130000,150000
R13-01363,12270000,40000
R13-01364,32760000,60000
R13-01365,75780000,300000
R13-01366,93530000,300000
R13-01367,24360000,60000
R13-01368,92690000,300000
R13-01369,5480000,20000
R13-01370,48420000,150000
R13-01371,47360000,150000
R13-01372,92710000,300000
R13-01373,75490000,300000
R13-01374,42660000,150000
R13-01375,5010000,20000
R13-01376,25260000,60000
R13-01377,43080000,150000
R13-01378,111240000,300000
R13-01379,81300000,300000
R13-01380,83620000,300000
R13-01381,73490000,300000
R13-01382,14000000,40000
R13-01383,33840000,150000
R13-01384,4530000,0
R13-01385,41740000,150000
R13-01386,22970000,60000
R13-01387,113290000,300000
R13-01388,8430000,20000
R13-01389,52050000,150000
R13-01390,53550000,150000
R13-01391,52660000,150000
R13-01392,102200000,300000
R13-01393,12690000,40000
R13-01394,7020000,20000
R13-01395,22750000,60000
R13-01396,32260000,60000
R13-01397,75220000,300000
R13-01398,141770000,600000
R13-01399,36990000,150000
R13-01400,31490000,60000
R13-01401,54380000,150000
R13-01402,15550000,40000
R13-01403,94700000,300000
R13-01404,1580000,0
R13-01405,84080000,300000
R13-01406,34170000,150000
R13-01407,132820000,300000
R13-01408,22080000,60000
R13-01409,78070000,300000
R13-01410,118200000,300000
R13-01411,2440000,0
R13-01412,21640000,60000
R13-01413,106880000,300000
R13-01414,20890000,60000
R13-01415,30990000,60000
R13-01416,77400000,300000
R13-01417,45970000,150000
R13-01418,55520000,150000
R13-01419,14490000,40000
R13-01420,31790000,60000
R13-01421,2300000,0
R13-01422,66990000,300000
R13-01423,24660000,60000
R13-01424,106500000,300000
R13-01425,42690000,150000
R13-01426,42640000,150000
R13-01427,10350000,40000
R13-01428,81670000,300000
R13-01429,151390000,600000
R13-01430,63000000,150000
R13-01431,1230000,0
R13-01432,47070000,150000
R13-01433,2270000,0
R13-01434,35900000,150000
R13-01435,13090000,40000
R13-01436,46950000,150000
R13-01437,23480000,60000
R13-01438,111180000,300000
R13-01439,34780000,150000
R13-01440,35470000,150000
R13-01441,104240000,300000
R13-01442,37830000,150000
R13-01443,46790000,150000
R13-01444,63650000,150000
R13-01445,81060000,300000
R13-01446,2870000,0
R13-01447,53520000,150000
R13-01448,13210000,40000
R13-01449,62150000,150000
R13-01450,34200000,150000
R13-01451,25480000,60000
R13-01452,1290000,0
R13-01453,14180000,40000
R13-01454,5870000,20000
R13-01455,42200000,150000
R13-01456,32340000,60000
R13-01457,64200000,150000
R13-01458,43370000,150000
R13-01459,31760000,60000
R13-01460,3170000,0
R13-01461,85180000,300000
R13-01462,113890000,300000
R13-01463,3740000,0
R13-01464,21220000,60000
R13-01465,330000,0
R13-01466,31810000,60000
R13-01467,42540000,150000
R13-01468,15420000,40000
R13-01469,15050000,40000
R13-01470,3730000,0
R13-01471,14740000,40000
R13-01472,91900000,300000
R13-01473,32460000,60000
R13-01474,72820000,300000
R13-01475,72720000,300000
R13-01476,213110000,1000000
R13-01477,70170000,300000
R13-01478,20300000,60000
R13-01479,49240000,150000
R13-01480,20640000,60000
R13-01481,3660000,0
R13-01482,33660000,150000
R13-01483,87500000,300000
R13-01484,5750000,20000
R13-01485,21510000,60000
R13-01486,42390000,150000
R13-01487,24480000,60000
R13-01488,76000000,300000
R13-01489,15180000,40000
R13-01490,63320000,150000
R13-01491,82500000,300000
R13-01492,1450000,0
R13-01493,74810000,300000
R13-01494,21800000,60000
R13-01495,23630000,60000
R13-01496,20490000,60000
R13-01497,64820000,150000
R13-01498,86910000,300000
R13-01499,72230000,300000
R13-01500,27560000,60000
R13-01501,14440000,40000
R13-01502,21120000,60000
R13-01503,42480000,150000
R13-01504,25200000,60000
R13-01505,172340000,600000
R13-01506,86740000,300000
R13-01507,93160000,300000
R13-01508,46860000,150000
R13-01509,114110000,300000
R13-01510,24870000,60000
R13-01511,83790000,300000
R13-01512,111730000,300000
R13-01513,2910000,0
R13-01514,73070000,300000
R13-01515,21860000,60000
R13-01516,55700000,150000
R13-01517,62290000,150000
R13-01518,15050000,40000
R13-01519,90140000,300000
R13-01520,44020000,150000
R13-01521,74080000,300000
R13-01522,900000,0
R13-01523,82840000,300000
R13-01524,17270000,40000
R13-01525,25540000,60000
R13-01526,16800000,40000
R13-01527,15160000,40000
R13-01528,118940000,300000
R13-01529,40750000,150000
R13-01530,43210000,150000
R13-01531,25960000,60000
R13-01532,22610000,60000
R13-01533,89610000,300000
R13-01534,4830000,0
R13-01535,104730000,300000
R13-01536,85050000,300000
R13-01537,14430000,40000
R13-01538,42920000,150000
R13-01539,17610000,40000
R13-01540,34190000,150000
R13-01541,26480000,60000
R13-01542,121890000,300000
R13-01543,7650000,20000
R13-01544,41190000,150000
R13-01545,8640000,20000
R13-01546,17370000,40000
R13-01547,15380000,40000
R13-01548,65850000,150000
R13-01549,104140000,300000
R13-01550,1890000,0
R13-01551,54080000,150000
R13-01552,41360000,150000
R13-01553,77410000,300000
R13-01554,3470000,0
R13-01555,61820000,150000
R13-01556,44100000,150000
R13-01557,32400000,60000
R13-01558,5810000,20000
R13-01559,430000,0
R13-01560,17230000,40000
R13-01561,1470000,0
R13-01562,1100000,0
R13-01563,24890000,60000
R13-01564,62070000,150000
R13-01565,80500000,300000
R13-01566,25500000,60000
R13-01567,2500000,0
R13-01568,12290000,40000
R13-01569,4690000,0
R13-01570,42810000,150000
R13-01571,46100000,150000
R13-01572,11760000,40000
R13-01573,4830000,0
R13-01574,42680000,150000
R13-01575,84250000,300000
R13-01576,13030000,40000
R13-01577,26750000,60000
R13-01578,62670000,150000
R13-01579,4110000,0
R13-01580,11630000,40000
R13-01581,2000000,0
R13-01582,57150000,150000
R13-01583,12020000,40000
R13-01584,85050000,300000
R13-01585,104510000,300000
R13-01586,77960000,300000
R13-01587,830000,0
R13-01588,30910000,60000
R13-01589,15040000,40000
R13-01590,31670000,60000
R13-01591,22200000,60000
R13-01592,112770000,300000
R13-01593,105170000,300000
R13-01594,21110000,60000
R13-01595,52000000,150000
R13-01596,55420000,150000
R13-01597,43920000,150000
R13-01598,71650000,300000
R13-01599,102000000,300000
R13-01600,36320000,150000
R13-01601,15420000,40000
R13-01602,5520000,20000
R13-01603,34210000,150000
R13-01604,45520000,150000
R13-01605,4570000,0
R13-01606,64090000,150000
R13-01607,77020000,300000
R13-01608,4290000,0
R13-01609,32490000,60000
R13-01610,5840000,20000
R13-01611,65530000,150000
R13-01612,11850000,40000
R13-01613,47320000,150000
R13-01614,25130000,60000
R13-01615,72870000,300000
R13-01616,43430000,150000
R13-01617,73640000,300000
R13-01618,22170000,60000
R13-01619,44730000,150000
R13-01620,3060000,0
R13-01621,122720000,300000
R13-01622,2000000,0
R13-01623,43190000,150000
R13-01624,21240000,60000
R13-01625,11810000,40000
R13-01626,33670000,150000
R13-01627,11960000,40000
R13-01628,57380000,150000
R13-01629,63030000,150000
R13-01630,2280000,0
R13-01631,75210000,300000
R13-01632,61170000,150000
R13-01633,1130000,0
R13-01634,97730000,300000
R13-01635,137280000,600000
R13-01636,100880000,300000
R13-01637,4710000,0
R13-01638,76940000,300000
R13-01639,43480000,150000
R13-01640,63670000,150000
R13-01641,24550000,60000
R13-01642,62020000,150000
R13-01643,24540000,60000
R13-01644,7210000,20000
R13-01645,62240000,150000
R13-01646,43750000,150000
R13-01647,47980000,150000
R13-01648,12350000,40000
R13-01649,122300000,300000
R13-01650,99410000,300000
R13-01651,31780000,60000
R13-01652,7500000,20000
R13-01653,5140000,20000
R13-01654,32840000,60000
R13-01655,11280000,40000
R13-01656,75750000,300000
R13-01657,51830000,150000
R13-01658,40920000,150000
R13-01659,2440000,0
R13-01660,17530000,40000
R13-01661,23510000,60000
R13-01662,61340000,150000
R13-01663,86300000,300000
R13-01664,18700000,40000
R13-01665,92810000,300000
R13-01666,66260000,150000
R13-01667,92930000,300000
R13-01668,3530000,0
R13-01669,95890000,300000
R13-01670,22850000,60000
R13-01671,35980000,150000
R13-01672,13690000,40000
R13-01673,5570000,20000
R13-01674,117800000,300000
R13-01675,1310000,0
R13-01676,14400000,40000
R13-01677,22280000,60000
R13-01678,74210000,300000
R13-01679,82880000,300000
R13-01680,2120000,0
R13-01681,42170000,150000
R13-01682,4530000,0
R13-01683,1730000,0
R13-01684,43090000,150000
R13-01685,82480000,300000
R13-01686,43220000,150000
R13-01687,32070000,60000
R13-01688,60880000,150000
R13-01689,39340000,150000
R13-01690,62320000,150000
R13-01691,77420000,300000
R13-01692,60990000,150000
R13-01693,42580000,150000
R13-01694,15370000,40000
R13-01695,66190000,150000
R13-01696,12830000,40000
R13-01697,19320000,40000
R13-01698,33560000,150000
R13-01699,53750000,150000
R13-01700,54670000,150000
R13-01701,2200000,0
R13-01702,73770000,300000
R13-01703,71230000,300000
R13-01704,45690000,150000
R13-01705,64220000,150000
R13-01706,63430000,150000
R13-01707,74590000,300000
R13-01708,3910000,0
R13-01709,4150000,0
R13-01710,42470000,150000
R13-01711,2740000,0
R13-01712,36070000,150000
R13-01713,55980000,150000
R13-01714,51950000,150000
R13-01715,16150000,40000
R13-01716,66860000,300000
R13-01717,25530000,60000
R13-01718,63470000,150000
R13-01719,23830000,60000
R13-01720,2390000,0
R13-01721,72220000,300000
R13-01722,105740000,300000
R13-01723,26460000,60000
R13-01724,20590000,60000
R13-01725,45370000,150000
R13-01726,73710000,300000
R13-01727,26900000,60000
R13-01728,93050000,300000
R13-01729,71800000,300000
R13-01730,26610000,60000
R13-01731,126180000,300000
R13-01732,62630000,150000
R13-01733,78030000,300000
R13-01734,112500000,300000
R13-01735,26250000,60000
R13-01736,62240000,150000
R13-01737,42830000,150000
R13-01738,23450000,60000
R13-01739,76260000,300000
R13-01740,80630000,300000
R13-01741,13820000,40000
R13-01742,1160000,0
R13-01743,43640000,150000
R13-01744,82180000,300000
R13-01745,82770000,300000
R13-01746,88240000,300000
R13-01747,83080000,300000
R13-01748,4430000,0
R13-01749,32280000,60000
R13-01750,5850000,20000
R13-01751,14830000,40000
R13-01752,8970000,20000
R13-01753,75460000,300000
R13-01754,34830000,150000
R13-01755,136460000,600000
R13-01756,33510000,150000
R13-01757,21280000,60000
R13-01758,33050000,60000
R13-01759,90900000,300000
R13-01760,8660000,20000
R13-01761,51700000,150000
R13-01762,23180000,60000
R13-01763,21490000,60000
R13-01764,83510000,300000
R13-01765,17980000,40000
R13-01766,76750000,300000
R13-01767,113470000,300000
R13-01768,32150000,60000
R13-01769,38730000,150000
R13-01770,4830000,0
R13-01771,38090000,150000
R13-01772,23150000,60000
R13-01773,12020000,40000
R13-01774,120850000,300000
R13-01775,95290000,300000
R13-01776,26530000,60000
R13-01777,95800000,300000
R13-01778,55300000,150000
R13-01779,3960000,0
R13-01780,21790000,60000
R13-01781,42680000,150000
R13-01782,10650000,40000
R13-01783,3800000,0
R13-01784,2400000,0
R13-01785,42490000,150000
R13-01786,21250000,60000
R13-01787,22890000,60000
R13-01788,72460000,300000
R13-01789,52200000,150000
R13-01790,15610000,40000
R13-01791,55470000,150000
R13-01792,105810000,300000
R13-01793,33150000,60000
R13-01794,34760000,150000
R13-01795,45230000,150000
R13-01796,5170000,20000
R13-01797,23340000,60000
R13-01798,42440000,150000
R13-01799,35060000,150000
R13-01800,77750000,300000
R13-01801,97720000,300000
R13-01802,82620000,300000
R13-01803,20970000,60000
R13-01804,25770000,60000
R13-01805,27700000,60000
R13-01806,24460000,60000
R13-01807,7230000,20000
R13-01808,63740000,150000
R13-01809,2990000,0
R13-01810,57330000,150000
R13-01811,21980000,60000
R13-01812,16070000,40000
R13-01813,54530000,150000
R13-01814,42630000,150000
R13-01815,44470000,150000
R13-01816,75730000,300000
R13-01817,32400000,60000
R13-01818,63990000,150000
R13-01819,30870000,60000
R13-01820,14920000,40000
R13-01821,20820000,60000
R13-01822,37170000,150000
R13-01823,82750000,300000
R13-01824,14360000,40000
R13-01825,25790000,60000
R13-01826,79550000,300000
R13-01827,64650000,150000
R13-01828,25610000,60000
R13-01829,4100000,0
R13-01830,14940000,40000
R13-01831,36060000,150000
R13-01832,79070000,300000
R13-01833,5090000,20000
R13-01834,95080000,300000
R13-01835,270000,0
R13-01836,134000000,600000
R13-01837,4020000,0
R13-01838,23590000,60000
R13-01839,6040000,20000
R13-01840,222570000,1000000
R13-01841,82400000,300000
R13-01842,2130000,0
R13-01843,83160000,300000
R13-01844,66980000,300000
R13-01845,72320000,300000
R13-01846,31580000,60000
R13-01847,46680000,150000
R13-01848,2480000,0
R13-01849,115080000,300000
R13-01850,3590000,0
R13-01851,142560000,600000
R13-01852,8250000,20000
R13-01853,73500000,300000
R13-01854,21400000,60000
R13-01855,33150000,60000
R13-01856,32100000,60000
R13-01857,85690000,300000
R13-01858,56370000,150000
R13-01859,22240000,60000
R13-01860,24870000,60000
R13-01861,44060000,150000
R13-01862,65420000,150000
R13-01863,82750000,300000
R13-01864,83460000,300000
R13-01865,153420000,600000
R13-01866,75390000,300000
R13-01867,95590000,300000
R13-01868,26180000,60000
R13-01869,6650000,20000
R13-01870,41190000,150000
R13-01871,32040000,60000
R13-01872,223500000,1000000
R13-01873,124010000,300000
R13-01874,35120000,150000
R13-01875,33340000,150000
R13-01876,11270000,40000
R13-01877,71360000,300000
R13-01878,5330000,20000
R13-01879,52860000,150000
R13-01880,720000,0
R13-01881,93890000,300000
R13-01882,41000000,150000
R13-01883,25060000,60000
R13-01884,33830000,150000
R13-01885,71610000,300000
R13-01886,27400000,60000
R13-01887,42550000,150000
R13-01888,66710000,300000
R13-01889,2740000,0
R13-01890,26930000,60000
R13-01891,80860000,300000
R13-01892,6630000,20000
R13-01893,81670000,300000
R13-01894,14890000,40000
R13-01895,7050000,20000
R13-01896,1420000,0
R13-01897,54030000,150000
R13-01898,77780000,300000
R13-01899,53430000,150000
R13-01900,71200000,300000
R13-01901,33170000,60000
R13-01902,11450000,40000
R13-01903,128760000,300000
R13-01904,62080000,150000
R13-01905,33610000,150000
R13-01906,1430000,0
R13-01907,101540000,300000
R13-01908,72970000,300000
R13-01909,32160000,60000
R13-01910,34520000,150000
R13-01911,43120000,150000
R13-01912,116170000,300000
R13-01913,26020000,60000
R13-01914,7110000,20000
R13-01915,3970000,0
R13-01916,4810000,0
R13-01917,52070000,150000
R13-01918,61650000,150000
R13-01919,99080000,300000
R13-01920,96970000,300000
R13-01921,42480000,150000
R13-01922,11790000,40000
R13-01923,35510000,150000
R13-01924,21970000,60000
R13-01925,25770000,60000
R13-01926,71390000,300000
R13-01927,65190000,150000
R13-01928,82620000,300000
R13-01929,62710000,150000
R13-01930,22290000,60000
R13-01931,2980000,0
R13-01932,25940000,60000
R13-01933,91900000,300000
R13-01934,45240000,150000
R13-01935,23920000,60000
R13-01936,14000000,40000
R13-01937,122900000,300000
R13-01938,23850000,60000
R13-01939,72790000,300000
R13-01940,6890000,20000
R13-01941,30950000,60000
R13-01942,24350000,60000
R13-01943,21310000,60000
R13-01944,43700000,150000
R13-01945,27260000,60000
R13-01946,3370000,0
R13-01947,52920000,150000
R13-01948,44150000,150000
R13-01949,86610000,300000
R13-01950,61430000,150000
R13-01951,30810000,60000
R13-01952,104340000,300000
R13-01953,39350000,150000
R13-01954,52300000,150000
R13-01955,82860000,300000
R13-01956,37370000,150000
R13-01957,122190000,300000
R13-01958,58470000,150000
R13-01959,31740000,60000
R13-01960,73630000,300000
R13-01961,73660000,300000
R13-01962,21480000,60000
R13-01963,41640000,150000
R13-01964,21450000,60000
R13-01965,32160000,60000
R13-01966,94880000,300000
R13-01967,15020000,40000
R13-01968,86650000,300000
R13-01969,3880000,0
R13-01970,46320000,150000
R13-01971,22880000,60000
R13-01972,2200000,0
R13-01973,151390000,600000
R13-01974,38070000,150000
R13-01975,34670000,150000
R13-01976,11320000,40000
R13-01977,34370000,150000
R13-01978,13510000,40000
R13-01979,81520000,300000
R13-01980,57980000,150000
R13-01981,2300000,0
R13-01982,101990000,300000
R13-01983,21970000,60000
R13-01984,2400000,0
R13-01985,25830000,60000
R13-01986,93630000,300000
R13-01987,83870000,300000
R13-01988,34120000,150000
R13-01989,16250000,40000
R13-01990,2820000,0
R13-01991,23160000,60000
R13-01992,37380000,150000
R13-01993,20530000,60000
R13-01994,55830000,150000
R13-01995,47050000,150000
R13-01996,71690000,300000
R13-01997,15440000,40000
R13-01998,135030000,600000
R13-01999,152750000,600000
R13-02000,16650000,40000
R13-02001,63630000,150000
R13-02002,62700000,150000
R13-02003,2080000,0
R13-02004,11340000,40000
R13-02005,93600000,300000
R13-02006,53300000,150000
R13-02007,81560000,300000
R13-02008,40930000,150000
R13-02009,8310000,20000
R13-02010,80360000,300000
R13-02011,70720000,300000
R13-02012,4720000,0
R13-02013,65620000,150000
R13-02014,3760000,0
R13-02015,61620000,150000
R13-02016,4940000,0
R13-02017,123400000,300000
R13-02018,12490000,40000
R13-02019,20280000,60000
R13-02020,154490000,600000
R13-02021,43560000,150000
R13-02022,55500000,150000
R13-02023,26690000,60000
R13-02024,6570000,20000
R13-02025,63860000,150000
R13-02026,47970000,150000
R13-02027,47350000,150000
R13-02028,7970000,20000
R13-02029,97940000,300000
R13-02030,12030000,40000
R13-02031,12130000,40000
R13-02032,22700000,60000
R13-02033,3370000,0
R13-02034,13340000,40000
R13-02035,48880000,150000
R13-02036,44700000,150000
R13-02037,150970000,600000
R13-02038,33950000,150000
R13-02039,230000,0
R13-02040,3800000,0
R13-02041,56930000,150000
R13-02042,4460000,0
R13-02043,32680000,60000
R13-02044,3010000,0
R13-02045,72990000,300000
R13-02046,34900000,150000
R13-02047,111490000,300000
R13-02048,16980000,40000
R13-02049,2910000,0
R13-02050,91320000,300000
R13-02051,64580000,150000
R13-02052,95350000,300000
R13-02053,87130000,300000
R13-02054,42820000,150000
R13-02055,3950000,0
R13-02056,13410000,40000
R13-02057,93090000,300000
R13-02058,93140000,300000
R13-02059,155970000,600000
R13-02060,73730000,300000
R13-02061,33500000,150000
R13-02062,34340000,150000
R13-02063,15540000,40000
R13-02064,72200000,300000
R13-02065,106640000,300000
R13-02066,27680000,60000
R13-02067,26230000,60000
R13-02068,21860000,60000
R13-02069,3070000,0
R13-02070,74240000,300000
R13-02071,7560000,20000
R13-02072,113300000,300000
R13-02073,11900000,40000
R13-02074,53450000,150000
R13-02075,73260000,300000
R13-02076,31560000,60000
R13-02077,22800000,60000
R13-02078,81920000,300000
R13-02079,5850000,20000
R13-02080,43270000,150000
R13-02081,17710000,40000
R13-02082,72200000,300000
R13-02083,33850000,150000
R13-02084,14780000,40000
R13-02085,7080000,20000
R13-02086,3320000,0
R13-02087,1460000,0
R13-02088,37490000,150000
R13-02089,46060000,150000
R13-02090,61060000,150000
R13-02091,32250000,60000
R13-02092,44300000,150000
R13-02093,10840000,40000
R13-02094,42160000,150000
R13-02095,21200000,60000
R13-02096,62700000,150000
R13-02097,42840000,150000
R13-02098,980000,0
R13-02099,2160000,0
R13-02100,61230000,150000
R13-02101,75120000,300000
R13-02102,85220000,300000
R13-02103,71270000,300000
R13-02104,43040000,150000
R13-02105,122480000,300000
R13-02106,21690000,60000
R13-02107,34440000,150000
R13-02108,34540000,150000
R13-02109,21440000,60000
R13-02110,63210000,150000
R13-02111,87610000,300000
R13-02112,84680000,300000
R13-02113,8470000,20000
R13-02114,13150000,40000
R13-02115,56710000,150000
R13-02116,15390000,40000
R13-02117,21680000,60000
R13-02118,53640000,150000
R13-02119,123440000,300000
R13-02120,42170000,150000
R13-02121,30810000,60000
R13-02122,61860000,150000
R13-02123,32600000,60000
R13-02124,70940000,300000
R13-02125,104680000,300000
R13-02126,20590000,60000
R13-02127,117000000,300000
R13-02128,3320000,0
R13-02129,13060000,40000
R13-02130,18450000,40000
R13-02131,5210000,20000
R13-02132,103890000,300000
R13-02133,102950000,300000
R13-02134,52810000,150000
R13-02135,55530000,150000
R13-02136,13700000,40000
R13-02137,46040000,150000
R13-02138,53480000,150000
R13-02139,67140000,300000
R13-02140,3040000,0
R13-02141,3650000,0
R13-02142,78570000,300000
R13-02143,51490000,150000
R13-02144,42470000,150000
R13-02145,33120000,60000
R13-02146,3790000,0
R13-02147,45870000,150000
R13-02148,12330000,40000
R13-02149,11790000,40000
R13-02150,23420000,60000
R13-02151,62600000,150000
R13-02152,144460000,600000
R13-02153,26600000,60000
R13-02154,65390000,150000
R13-02155,28950000,60000
R13-02156,31490000,60000
R13-02157,35210000,150000
R13-02158,51820000,150000
R13-02159,81890000,300000
R13-02160,64550000,150000
R13-02161,31290000,60000
R13-02162,130990000,300000
R13-02163,6250000,20000
R13-02164,22290000,60000
R13-02165,105220000,300000
R13-02166,61660000,150000
R13-02167,42100000,150000
R13-02168,72100000,300000
R13-02169,2170000,0
R13-02170,3790000,0
R13-02171,24400000,60000
R13-02172,57180000,150000
R13-02173,6510000,20000
R13-02174,66140000,150000
R13-02175,43390000,150000
R13-02176,1950000,0
R13-02177,35520000,150000
R13-02178,62890000,150000
R13-02179,16260000,40000
R13-02180,68420000,300000
R13-02181,4610000,0
R13-02182,44330000,150000
R13-02183,11670000,40000
R13-02184,20270000,60000
R13-02185,22240000,60000
R13-02186,12860000,40000
R13-02187,70970000,300000
R13-02188,106150000,300000
R13-02189,32550000,60000
R13-02190,42060000,150000
R13-02191,6540000,20000
R13-02192,38880000,150000
R13-02193,114290000,300000
R13-02194,4190000,0
R13-02195,84590000,300000
R13-02196,12590000,40000
R13-02197,2480000,0
R13-02198,930000,0
R13-02199,45500000,150000
R13-02200,2640000,0
R13-02201,31120000,60000
R13-02202,1790000,0
R13-02203,6920000,20000
R13-02204,32690000,60000
R13-02205,54560000,150000
R13-02206,27110000,60000
R13-02207,85820000,300000
R13-02208,55780000,150000
R13-02209,84700000,300000
R13-02210,22570000,60000
R13-02211,35690000,150000
R13-02212,21080000,60000
R13-02213,47430000,150000
R13-02214,76340000,300000
R13-02215,71010000,300000
R13-02216,86490000,300000
R13-02217,34850000,150000
R13-02218,23260000,60000
R13-02219,37940000,150000
R13-02220,41160000,150000
R13-02221,53000000,150000
R13-02222,1560000,0
R13-02223,28420000,60000
R13-02224,14490000,40000
R13-02225,82130000,300000
R13-02226,3910000,0
R13-02227,31900000,60000
R13-02228,63220000,150000
R13-02229,42080000,150000
R13-02230,45050000,150000
R13-02231,41920000,150000
R13-02232,68640000,300000
R13-02233,69080000,300000
R13-02234,43220000,150000
R13-02235,63720000,150000
R13-02236,1920000,0
R13-02237,52560000,150000
R13-02238,11720000,40000
R13-02239,9580000,20000
R13-02240,23550000,60000
R13-02241,32760000,60000
R13-02242,74680000,300000
R13-02243,5220000,20000
R13-02244,21380000,60000
R13-02245,70880000,300000
R13-02246,33170000,60000
R13-02247,43620000,150000
R13-02248,87110000,300000
R13-02249,93270000,300000
R13-02250,53090000,150000
R13-02251,25820000,60000
R13-02252,82310000,300000
R13-02253,86820000,300000
R13-02254,1400000,0
R13-02255,3090000,0
R13-02256,2330000,0
R13-02257,28050000,60000
R13-02258,21770000,60000
R13-02259,33060000,60000
R13-02260,4820000,0
R13-02261,11370000,40000
R13-02262,10830000,40000
R13-02263,65430000,150000
R13-02264,43840000,150000
R13-02265,74030000,300000
R13-02266,23430000,60000
R13-02267,54020000,150000
R13-02268,66240000,150000
R13-02269,34980000,150000
R13-02270,43140000,150000
R13-02271,51920000,150000
R13-02272,7270000,20000
R13-02273,22700000,60000
R13-02274,41750000,150000
R13-02275,1800000,0
R13-02276,113160000,300000
R13-02277,120300000,300000
R13-02278,113600000,300000
R13-02279,12810000,40000
R13-02280,73260000,300000
R13-02281,76520000,300000
R13-02282,32980000,60000
R13-02283,7470000,20000
R13-02284,34460000,150000
R13-02285,23570000,60000
R13-02286,59650000,150000
R13-02287,13310000,40000
R13-02288,41290000,150000
R13-02289,47180000,150000
R13-02290,81730000,300000
R13-02291,112000000,300000
R13-02292,82390000,300000
R13-02293,43640000,150000
R13-02294,44120000,150000
R13-02295,72260000,300000
R13-02296,84370000,300000
R13-02297,50240000,150000
R13-02298,34920000,150000
R13-02299,42800000,150000
R13-02300,24070000,60000
R13-02301,57340000,150000
R13-02302,121600000,300000
R13-02303,104000000,300000
R13-02304,43450000,150000
R13-02305,52240000,150000
R13-02306,23500000,60000
R13-02307,91030000,300000
R13-02308,53460000,150000
R13-02309,1340000,0
R13-02310,13820000,40000
R13-02311,16430000,40000
R13-02312,43240000,150000
R13-02313,22440000,60000
R13-02314,92070000,300000
R13-02315,32150000,60000
R13-02316,4310000,0
R13-02317,58440000,150000
R13-02318,96240000,300000
R13-02319,21310000,60000
R13-02320,18150000,40000
R13-02321,75610000,300000
R13-02322,15790000,40000
R13-02323,41770000,150000
R13-02324,25050000,60000
R13-02325,42570000,150000
R13-02326,31440000,60000
R13-02327,94710000,300000
R13-02328,6700000,20000
R13-02329,35810000,150000
R13-02330,44480000,150000
R13-02331,40360000,150000
R13-02332,33850000,150000
R13-02333,140890000,600000
R13-02334,68900000,300000
R13-02335,11560000,40000
R13-02336,11990000,40000
R13-02337,4550000,0
R13-02338,32830000,60000
R13-02339,46130000,150000
R13-02340,22700000,60000
R13-02341,75160000,300000
R13-02342,33020000,60000
R13-02343,22590000,60000
R13-02344,6020000,20000
R13-02345,61590000,150000
R13-02346,53010000,150000
R13-02347,42000000,150000
R13-02348,24030000,60000
R13-02349,36980000,150000
R13-02350,49270000,150000
R13-02351,37900000,150000
R13-02352,4240000,0
R13-02353,13050000,40000
R13-02354,6080000,20000
R13-02355,11150000,40000
R13-02356,3850000,0
R13-02357,71550000,300000
R13-02358,44190000,150000
R13-02359,4350000,0
R13-02360,15890000,40000
R13-02361,2510000,0
R13-02362,30430000,60000
R13-02363,111770000,300000
R13-02364,12180000,40000
R13-02365,2840000,0
R13-02366,52410000,150000
R13-02367,95660000,300000
R13-02368,27350000,60000
R13-02369,25340000,60000
R13-02370,14020000,40000
R13-02371,22660000,60000
R13-02372,4440000,0
R13-02373,42430000,150000
R13-02374,24180000,60000
R13-02375,57040000,150000
R13-02376,25110000,60000
R13-02377,3330000,0
R13-02378,68050000,300000
R13-02379,136880000,600000
R13-02380,23440000,60000
R13-02381,57280000,150000
R13-02382,2570000,0
R13-02383,12790000,40000
R13-02384,102810000,300000
R13-02385,25570000,60000
R13-02386,33480000,150000
R13-02387,33320000,60000
R13-02388,53170000,150000
R13-02389,41560000,150000
R13-02390,97370000,300000
R13-02391,1500000,0
R13-02392,22060000,60000
R13-02393,55420000,150000
R13-02394,42410000,150000
R13-02395,131670000,300000
R13-02396,125110000,300000
R13-02397,44040000,150000
R13-02398,46220000,150000
R13-02399,76210000,300000
R13-02400,48470000,150000
R13-02401,21880000,60000
R13-02402,83560000,300000
R13-02403,60620000,150000
R13-02404,2740000,0
R13-02405,93840000,300000
R13-02406,34970000,150000
R13-02407,46790000,150000
R13-02408,2770000,0
R13-02409,112440000,300000
R13-02410,64360000,150000
R13-02411,73080000,300000
R13-02412,11690000,40000
R13-02413,55890000,150000
R13-02414,13530000,40000
R13-02415,121300000,300000
R13-02416,64490000,150000
R13-02417,33220000,60000
R13-02418,141270000,600000
R13-02419,230000,0
R13-02420,76880000,300000
R13-02421,53230000,150000
R13-02422,470000,0
R13-02423,4290000,0
R13-02424,7730000,20000
R13-02425,31450000,60000
R13-02426,143910000,600000
R13-02427,42620000,150000
R13-02428,14000000,40000
R13-02429,51250000,150000
R13-02430,72930000,300000
R13-02431,62200000,150000
R13-02432,112880000,300000
R13-02433,67150000,300000
R13-02434,96210000,300000
R13-02435,25380000,60000
R13-02436,16880000,40000
R13-02437,25330000,60000
R13-02438,73590000,300000
R13-02439,46260000,150000
R13-02440,44800000,150000
R13-02441,47220000,150000
R13-02442,11430000,40000
R13-02443,2210000,0
R13-02444,22940000,60000
R13-02445,41170000,150000
R13-02446,3130000,0
R13-02447,38310000,150000
R13-02448,101590000,300000
R13-02449,24040000,60000
R13-02450,4900000,0
R13-02451,5130000,20000
R13-02452,26990000,60000
R13-02453,62310000,150000
R13-02454,1860000,0
R13-02455,62390000,150000
R13-02456,73050000,300000
R13-02457,27520000,60000
R13-02458,25340000,60000
R13-02459,1660000,0
R13-02460,75850000,300000
R13-02461,2260000,0
R13-02462,93350000,300000
R13-02463,15810000,40000
R13-02464,15110000,40000
R13-02465,76850000,300000
R13-02466,1270000,0
R13-02467,14170000,40000
R13-02468,31880000,60000
R13-02469,31710000,60000
R13-02470,27550000,60000
R13-02471,23080000,60000
R13-02472,42820000,150000
R13-02473,32460000,60000
R13-02474,51920000,150000
R13-02475,20800000,60000
R13-02476,74820000,300000
R13-02477,51720000,150000
R13-02478,48130000,150000
R13-02479,73000000,300000
R13-02480,32150000,60000
R13-02481,5350000,20000
R13-02482,26900000,60000
R13-02483,43910000,150000
R13-02484,56330000,150000
R13-02485,34020000,150000
R13-02486,24590000,60000
R13-02487,173790000,600000
R13-02488,42430000,150000
R13-02489,90640000,300000
R13-02490,43690000,150000
R13-02491,33190000,60000
R13-02492,48810000,150000
R13-02493,76040000,300000
R13-02494,93530000,300000
R13-02495,5180000,20000
R13-02496,3750000,0
R13-02497,21580000,60000
R13-02498,41740000,150000
R13-02499,46340000,150000
R13-02500,85550000,300000
R13-02501,71150000,300000
R13-02502,143160000,600000
R13-02503,111130000,300000
R13-02504,5310000,20000
R13-02505,84150000,300000
R13-02506,53120000,150000
R13-02507,42400000,150000
R13-02508,57080000,150000
R13-02509,23320000,60000
R13-02510,66330000,150000
R13-02511,22170000,60000
R13-02512,28280000,60000
R13-02513,30750000,60000
R13-02514,92120000,300000
R13-02515,9090000,20000
R13-02516,5390000,20000
R13-02517,43520000,150000
R13-02518,52120000,150000
R13-02519,156820000,600000
R13-02520,64050000,150000
R13-02521,86630000,300000
R13-02522,34180000,150000
R13-02523,31930000,60000
R13-02524,32770000,60000
R13-02525,46660000,150000
R13-02526,87250000,300000
R13-02527,33710000,150000
R13-02528,25610000,60000
R13-02529,78210000,300000
R13-02530,52110000,150000
R13-02531,73170000,300000
R13-02532,28120000,60000
R13-02533,13040000,40000
R13-02534,6260000,20000
R13-02535,75180000,300000
R13-02536,73910000,300000
R13-02537,81930000,300000
R13-02538,12690000,40000
R13-02539,60710000,150000
R13-02540,13240000,40000
R13-02541,2550000,0
R13-02542,113070000,300000
R13-02543,85880000,300000
R13-02544,8170000,20000
R13-02545,3990000,0
R13-02546,6570000,20000
R13-02547,56250000,150000
R13-02548,25790000,60000
R13-02549,72850000,300000
R13-02550,48740000,150000
R13-02551,45180000,150000
R13-02552,73740000,300000
R13-02553,41980000,150000
R13-02554,74260000,300000
R13-02555,51870000,150000
R13-02556,51780000,150000
R13-02557,47830000,150000
R13-02558,530000,0
R13-02559,63630000,150000
R13-02560,144570000,600000
R13-02561,53490000,150000
R13-02562,13410000,40000
R13-02563,11150000,40000
R13-02564,2150000,0
R13-02565,34340000,150000
R13-02566,57330000,150000
R13-02567,12440000,40000
R13-02568,71870000,300000
R13-02569,27120000,60000
R13-02570,82020000,300000
R13-02571,42000000,150000
R13-02572,45120000,150000
R13-02573,51600000,150000
R13-02574,34740000,150000
R13-02575,44330000,150000
R13-02576,25730000,60000
R13-02577,42820000,150000
R13-02578,6650000,20000
R13-02579,24490000,60000
R13-02580,93390000,300000
R13-02581,54130000,150000
R13-02582,71930000,300000
R13-02583,24740000,60000
R13-02584,57780000,150000
R13-02585,55770000,150000
R13-02586,55210000,150000
R13-02587,700000,0
R13-02588,18730000,40000
R13-02589,11980000,40000
R13-02590,91540000,300000
R13-02591,7300000,20000
R13-02592,53540000,150000
R13-02593,3790000,0
R13-02594,60900000,150000
R13-02595,72040000,300000
R13-02596,4180000,0
R13-02597,152100000,600000
R13-02598,83750000,300000
R13-02599,32010000,60000
R13-02600,72250000,300000
R13-02601,3130000,0
R13-02602,21720000,60000
R13-02603,6310000,20000
R13-02604,33320000,60000
R13-02605,96190000,300000
R13-02606,62810000,150000
R13-02607,12850000,40000
R13-02608,2160000,0
R13-02609,60690000,150000
R13-02610,34530000,150000
R13-02611,41740000,150000
R13-02612,2800000,0
R13-02613,84130000,300000
R13-02614,14230000,40000
R13-02615,21940000,60000
R13-02616,16370000,40000
R13-02617,44500000,150000
R13-02618,24900000,60000
R13-02619,44430000,150000
R13-02620,113750000,300000
R13-02621,24990000,60000
R13-02622,30850000,60000
R13-02623,42670000,150000
R13-02624,36890000,150000
R13-02625,33620000,150000
R13-02626,56600000,150000
R13-02627,73160000,300000
R13-02628,36760000,150000
R13-02629,26010000,60000
R13-02630,33600000,150000
R13-02631,54820000,150000
R13-02632,5250000,20000
R13-02633,12240000,40000
R13-02634,52920000,150000
R13-02635,43440000,150000
R13-02636,66390000,150000
R13-02637,43280000,150000
R13-02638,115350000,300000
R13-02639,38550000,150000
R13-02640,57940000,150000
R13-02641,70570000,300000
R13-02642,35180000,150000
R13-02643,3730000,0
R13-02644,54050000,150000
R13-02645,6740000,20000
R13-02646,42510000,150000
R13-02647,33680000,150000
R13-02648,32910000,60000
R13-02649,107840000,300000
R13-02650,34650000,150000
R13-02651,222410000,1000000
R13-02652,64180000,150000
R13-02653,53520000,150000
R13-02654,85750000,300000
R13-02655,60700000,150000
R13-02656,25880000,60000
R13-02657,1570000,0
R13-02658,35680000,150000
R13-02659,42860000,150000
R13-02660,4790000,0
R13-02661,51910000,150000
R13-02662,102760000,300000
R13-02663,54490000,150000
R13-02664,87890000,300000
R13-02665,102300000,300000
R13-02666,11870000,40000
R13-02667,10970000,40000
R13-02668,51880000,150000
R13-02669,12900000,40000
R13-02670,36720000,150000
R13-02671,42250000,150000
R13-02672,75610000,300000
R13-02673,55190000,150000
R13-02674,43510000,150000
R13-02675,37320000,150000
R13-02676,5260000,20000
R13-02677,4170000,0
R13-02678,26040000,60000
R13-02679,13670000,40000
R13-02680,42910000,150000
R13-02681,20840000,60000
R13-02682,53860000,150000
R13-02683,73720000,300000
R13-02684,31150000,60000
R13-02685,21320000,60000
R13-02686,124250000,300000
R13-02687,21630000,60000
R13-02688,12600000,40000
R13-02689,15970000,40000
R13-02690,73580000,300000
R13-02691,120700000,300000
R13-02692,2770000,0
R13-02693,61520000,150000
R13-02694,2860000,0
R13-02695,34190000,150000
R13-02696,5890000,20000
R13-02697,64760000,150000
R13-02698,75370000,300000
R13-02699,21680000,60000
R13-02700,22290000,60000
R13-02701,35830000,150000
R13-02702,86440000,300000
R13-02703,9110000,20000
R13-02704,75410000,300000
R13-02705,76280000,300000
R13-02706,44030000,150000
R13-02707,31570000,60000
R13-02708,14360000,40000
R13-02709,13040000,40000
R13-02710,24540000,60000
R13-02711,75180000,300000
R13-02712,3160000,0
R13-02713,34360000,150000
R13-02714,84600000,300000
R13-02715,102140000,300000
R13-02716,62140000,150000
R13-02717,41510000,150000
R13-02718,12040000,40000
R13-02719,44900000,150000
R13-02720,2800000,0
R13-02721,12190000,40000
R13-02722,35380000,150000
R13-02723,12990000,40000
R13-02724,42550000,150000
R13-02725,15880000,40000
R13-02726,25450000,60000
R13-02727,4000000,0
R13-02728,46930000,150000
R13-02729,41750000,150000
R13-02730,72880000,300000
R13-02731,92880000,300000
R13-02732,46430000,150000
R13-02733,57510000,150000
R13-02734,71630000,300000
R13-02735,33000000,60000
R13-02736,720000,0
R13-02737,1770000,0
R13-02738,61810000,150000
R13-02739,92390000,300000
R13-02740,8830000,20000
R13-02741,21760000,60000
R13-02742,52210000,150000
R13-02743,14430000,40000
R13-02744,51280000,150000
R13-02745,82090000,300000
R13-02746,26560000,60000
R13-02747,32520000,60000
R13-02748,35990000,150000
R13-02749,45270000,150000
R13-02750,68940000,300000
R13-02751,5230000,20000
R13-02752,26800000,60000
R13-02753,23330000,60000
R13-02754,100700000,300000
R13-02755,93790000,300000
R13-02756,14470000,40000
R13-02757,31800000,60000
R13-02758,14220000,40000
R13-02759,34430000,150000
R13-02760,42340000,150000
R13-02761,24820000,60000
R13-02762,4510000,0
R13-02763,6290000,20000
R13-02764,25230000,60000
R13-02765,91510000,300000
R13-02766,83600000,300000
R13-02767,54950000,150000
R13-02768,61770000,150000
R13-02769,7150000,20000
R13-02770,1850000,0
R13-02771,34520000,150000
R13-02772,65820000,150000
R13-02773,12300000,40000
R13-02774,73340000,300000
R13-02775,21150000,60000
R13-02776,71990000,300000
R13-02777,73380000,300000
R13-02778,98750000,300000
R13-02779,33440000,150000
R13-02780,24580000,60000
R13-02781,137070000,600000
R13-02782,3640000,0
R13-02783,63920000,150000
R13-02784,23350000,60000
R13-02785,31550000,60000
R13-02786,12360000,40000
R13-02787,6370000,20000
R13-02788,91940000,300000
R13-02789,26310000,60000
R13-02790,97640000,300000
R13-02791,64020000,150000
R13-02792,57770000,150000
R13-02793,12010000,40000
R13-02794,65670000,150000
R13-02795,21180000,60000
R13-02796,33050000,60000
R13-02797,6210000,20000
R13-02798,21950000,60000
R13-02799,15250000,40000
R13-02800,61360000,150000
R13-02801,44910000,150000
R13-02802,72710000,300000
R13-02803,12940000,40000
R13-02804,34340000,150000
R13-02805,33390000,150000
R13-02806,75190000,300000
R13-02807,73950000,300000
R13-02808,44370000,150000
R13-02809,40970000,150000
R13-02810,53690000,150000
R13-02811,23350000,60000
R13-02812,6430000,20000
R13-02813,54500000,150000
R13-02814,23080000,60000
R13-02815,20970000,60000
R13-02816,3940000,0
R13-02817,73170000,300000
R13-02818,72560000,300000
R13-02819,20120000,60000
R13-02820,85850000,300000
R13-02821,36420000,150000
R13-02822,74370000,300000
R13-02823,23870000,60000
R13-02824,53280000,150000
R13-02825,73490000,300000
R13-02826,12810000,40000
R13-02827,3510000,0
R13-02828,22580000,60000
R13-02829,123330000,300000
R13-02830,90820000,300000
R13-02831,56910000,150000
R13-02832,4070000,0
R13-02833,57120000,150000
R13-02834,25730000,60000
R13-02835,2360000,0
R13-02836,54390000,150000
R13-02837,34160000,150000
R13-02838,25160000,60000
R13-02839,32580000,60000
R13-02840,76800000,300000
R13-02841,102140000,300000
R13-02842,83690000,300000
R13-02843,21970000,60000
R13-02844,64090000,150000
R13-02845,53910000,150000
R13-02846,35510000,150000
R13-02847,3670000,0
R13-02848,36090000,150000
R13-02849,10800000,40000
R13-02850,71460000,300000
R13-02851,61430000,150000
R13-02852,13080000,40000
R13-02853,113710000,300000
R13-02854,57030000,150000
R13-02855,24420000,60000
R13-02856,16470000,40000
R13-02857,62910000,150000
R13-02858,93570000,300000
R13-02859,63880000,150000
R13-02860,4970000,0
R13-02861,54810000,150000
R13-02862,11110000,40000
R13-02863,12430000,40000
R13-02864,23730000,60000
R13-02865,3500000,0
R13-02866,96420000,300000
R13-02867,64940000,150000
R13-02868,3030000,0
R13-02869,23450000,60000
R13-02870,36160000,150000
R13-02871,61750000,150000
R13-02872,72070000,300000
R13-02873,45770000,150000
R13-02874,81850000,300000
R13-02875,130720000,300000
R13-02876,23610000,60000
R13-02877,21060000,60000
R13-02878,43310000,150000
R13-02879,63980000,150000
R13-02880,2710000,0
R13-02881,82880000,300000
R13-02882,62410000,150000
R13-02883,16360000,40000
R13-02884,70720000,300000
R13-02885,24510000,60000
R13-02886,14310000,40000
R13-02887,22520000,60000
R13-02888,15200000,40000
R13-02889,15550000,40000
R13-02890,17220000,40000
R13-02891,21780000,60000
R13-02892,21980000,60000
R13-02893,51900000,150000
R13-02894,28480000,60000
R13-02895,78090000,300000
R13-02896,38450000,150000
R13-02897,55550000,150000
R13-02898,47660000,150000
R13-02899,134920000,600000
R13-02900,44440000,150000
R13-02901,42410000,150000
R13-02902,22950000,60000
R13-02903,23800000,60000
R13-02904,23770000,60000
R13-02905,23190000,60000
R13-02906,14370000,40000
R13-02907,171760000,600000
R13-02908,112030000,300000
R13-02909,63920000,150000
R13-02910,2290000,0
R13-02911,23740000,60000
R13-02912,1250000,0
R13-02913,25750000,60000
R13-02914,75270000,300000
R13-02915,35030000,150000
R13-02916,26680000,60000
R13-02917,33230000,60000
R13-02918,41650000,150000
R13-02919,69360000,300000
R13-02920,36150000,150000
R13-02921,2230000,0
R13-02922,111360000,300000
R13-02923,41470000,150000
R13-02924,44790000,150000
R13-02925,44000000,150000
R13-02926,15690000,40000
R13-02927,4150000,0
R13-02928,67530000,300000
R13-02929,6110000,20000
R13-02930,77660000,300000
R13-02931,11400000,40000
R13-02932,143080000,600000
R13-02933,41830000,150000
R13-02934,69170000,300000
R13-02935,24310000,60000
R13-02936,41040000,150000
R13-02937,47090000,150000
R13-02938,75140000,300000
R13-02939,39860000,150000
R13-02940,32700000,60000
R13-02941,121000000,300000
R13-02942,32320000,60000
R13-02943,3420000,0
R13-02944,59280000,150000
R13-02945,57200000,150000
R13-02946,38150000,150000
R13-02947,106480000,300000
R13-02948,13010000,40000
R13-02949,13410000,40000
R13-02950,68510000,300000
R13-02951,33190000,60000
R13-02952,86490000,300000
R13-02953,63900000,150000
R13-02954,46020000,150000
R13-02955,43990000,150000
R13-02956,6820000,20000
R13-02957,25740000,60000
R13-02958,14160000,40000
R13-02959,71790000,300000
R13-02960,53200000,150000
R13-02961,42220000,150000
R13-02962,23440000,60000
R13-02963,3410000,0
R13-02964,26710000,60000
R13-02965,16110000,40000
R13-02966,25770000,60000
R13-02967,54000000,150000
R13-02968,45830000,150000
R13-02969,145120000,600000
R13-02970,126770000,300000
R13-02971,1650000,0
R13-02972,112220000,300000
R13-02973,114560000,300000
R13-02974,51990000,150000
R13-02975,86060000,300000
R13-02976,143670000,600000
R13-02977,22440000,60000
R13-02978,88520000,300000
R13-02979,37370000,150000
R13-02980,10900000,40000
R13-02981,56860000,150000
R13-02982,7100000,20000
R13-02983,41350000,150000
R13-02984,32440000,60000
R13-02985,52930000,150000
R13-02986,32650000,60000
R13-02987,55970000,150000
R13-02988,51900000,150000
R13-02989,131320000,300000
R13-02990,6700000,20000
R13-02991,1940000,0
R13-02992,94690000,300000
R13-02993,22160000,60000
R13-02994,23060000,60000
R13-02995,46910000,150000
R13-02996,4870000,0
R13-02997,16570000,40000
R13-02998,3000000,0
R13-02999,22250000,60000
R13-03000,8880000,20000
R13-03001,31870000,60000
R13-03002,36130000,150000
R13-03003,24240000,60000
R13-03004,33140000,60000
R13-03005,22170000,60000
R13-03006,41810000,150000
R13-03007,24070000,60000
R13-03008,23990000,60000
R13-03009,64230000,150000
R13-03010,62470000,150000
R13-03011,55310000,150000
R13-03012,24620000,60000
R13-03013,26550000,60000
R13-03014,5120000,20000
R13-03015,84940000,300000
R13-03016,112630000,300000
R13-03017,103720000,300000
R13-03018,24340000,60000
R13-03019,4900000,0
R13-03020,32390000,60000
R13-03021,32790000,60000
R13-03022,12480000,40000
R13-03023,17460000,40000
R13-03024,35310000,150000
R13-03025,3240000,0
R13-03026,14930000,40000
R13-03027,7100000,20000
R13-03028,114080000,300000
R13-03029,57840000,150000
R13-03030,41750000,150000
R13-03031,59080000,150000
R13-03032,62300000,150000
R13-03033,55740000,150000
R13-03034,127810000,300000
R13-03035,11560000,40000
R13-03036,27080000,60000
R13-03037,16240000,40000
R13-03038,22610000,60000
R13-03039,4090000,0
R13-03040,1370000,0
R13-03041,720000,0
R13-03042,112100000,300000
R13-03043,62650000,150000
R13-03044,86700000,300000
R13-03045,65430000,150000
R13-03046,41060000,150000
R13-03047,20560000,60000
R13-03048,81190000,300000
R13-03049,23780000,60000
R13-03050,73940000,300000
R13-03051,3980000,0
R13-03052,5150000,20000
R13-03053,6580000,20000
R13-03054,32740000,60000
R13-03055,76990000,300000
R13-03056,13490000,40000
R13-03057,94590000,300000
R13-03058,131370000,300000
R13-03059,45290000,150000
R13-03060,33290000,60000
R13-03061,71280000,300000
R13-03062,105010000,300000
R13-03063,4910000,0
R13-03064,8460000,20000
R13-03065,101950000,300000
R13-03066,250000,0
R13-03067,112070000,300000
R13-03068,133400000,600000
R13-03069,22960000,60000
R13-03070,35280000,150000
R13-03071,32880000,60000
R13-03072,4820000,0
R13-03073,75020000,300000
R13-03074,41290000,150000
R13-03075,73450000,300000
R13-03076,64700000,150000
R13-03077,1820000,0
R13-03078,5900000,20000
R13-03079,56130000,150000
R13-03080,3780000,0
R13-03081,15100000,40000
R13-03082,45560000,150000
R13-03083,44970000,150000
R13-03084,64930000,150000
R13-03085,1290000,0
R13-03086,76110000,300000
R13-03087,21240000,60000
R13-03088,62350000,150000
R13-03089,33530000,150000
R13-03090,30810000,60000
R13-03091,410000,0
R13-03092,53920000,150000
R13-03093,52400000,150000
R13-03094,21850000,60000
R13-03095,65510000,150000
R13-03096,75600000,300000
R13-03097,25720000,60000
R13-03098,280000,0
R13-03099,5180000,20000
R13-03100,6180000,20000
R13-03101,44200000,150000
R13-03102,12960000,40000
R13-03103,51170000,150000
R13-03104,133900000,600000
R13-03105,36690000,150000
R13-03106,64520000,150000
R13-03107,4390000,0
R13-03108,27260000,60000
R13-03109,46150000,150000
R13-03110,25990000,60000
R13-03111,46650000,150000
R13-03112,31300000,60000
R13-03113,63710000,150000
R13-03114,22120000,60000
R13-03115,32230000,60000
R13-03116,12530000,40000
R13-03117,14240000,40000
R13-03118,15320000,40000
R13-03119,33040000,60000
R13-03120,70840000,300000
R13-03121,12680000,40000
R13-03122,63950000,150000
R13-03123,5910000,20000
R13-03124,32000000,60000
R13-03125,22040000,60000
R13-03126,33930000,150000
R13-03127,87780000,300000
R13-03128,87040000,300000
R13-03129,61410000,150000
R13-03130,58760000,150000
R13-03131,86850000,300000
R13-03132,87290000,300000
R13-03133,132740000,300000
R13-03134,38590000,150000
R13-03135,17800000,40000
R13-03136,38050000,150000
R13-03137,62000000,150000
R13-03138,63750000,150000
R13-03139,790000,0
R13-03140,8340000,20000
R13-03141,31790000,60000
R13-03142,23500000,60000
R13-03143,21650000,60000
R13-03144,81960000,300000
R13-03145,83630000,300000
R13-03146,71580000,300000
R13-03147,8420000,20000
R13-03148,32130000,60000
R13-03149,30660000,60000
R13-03150,30610000,60000
R13-03151,121800000,300000
R13-03152,55260000,150000
R13-03153,13870000,40000
R13-03154,113510000,300000
R13-03155,41850000,150000
R13-03156,58110000,150000
R13-03157,82770000,300000
R13-03158,41820000,150000
R13-03159,72860000,300000
R13-03160,40460000,150000
R13-03161,71960000,300000
R13-03162,38950000,150000
R13-03163,71840000,300000
R13-03164,31330000,60000
R13-03165,31560000,60000
R13-03166,2390000,0
R13-03167,23380000,60000
R13-03168,114060000,300000
R13-03169,31890000,60000
R13-03170,50990000,150000
R13-03171,172800000,600000
R13-03172,10870000,40000
R13-03173,11450000,40000
R13-03174,71090000,300000
R13-03175,65670000,150000
R13-03176,24840000,60000
R13-03177,91300000,300000
R13-03178,37330000,150000
R13-03179,74330000,300000
R13-03180,6460000,20000
R13-03181,26540000,60000
R13-03182,42180000,150000
R13-03183,87290000,300000
R13-03184,91610000,300000
R13-03185,102790000,300000
R13-03186,22030000,60000
R13-03187,6170000,20000
R13-03188,31930000,60000
R13-03189,17140000,40000
R13-03190,47210000,150000
R13-03191,3260000,0
R13-03192,54640000,150000
R13-03193,54700000,150000
R13-03194,24100000,60000
R13-03195,9620000,20000
R13-03196,139710000,600000
R13-03197,4100000,0
R13-03198,23890000,60000
R13-03199,52680000,150000
R13-03200,17180000,40000
R13-03201,3060000,0
R13-03202,46240000,150000
R13-03203,29220000,60000
R13-03204,29180000,60000
R13-03205,24230000,60000
R13-03206,67480000,300000
R13-03207,44210000,150000
R13-03208,37590000,150000
R13-03209,31230000,60000
R13-03210,24810000,60000
R13-03211,2690000,0
R13-03212,113940000,300000
R13-03213,63680000,150000
R13-03214,135340000,600000
R13-03215,22380000,60000
R13-03216,66940000,300000
R13-03217,47410000,150000
R13-03218,27440000,60000
R13-03219,45470000,150000
R13-03220,22090000,60000
R13-03221,65750000,150000
R13-03222,58460000,150000
R13-03223,53270000,150000
R13-03224,15290000,40000
R13-03225,47640000,150000
R13-03226,91430000,300000
R13-03227,12650000,40000
R13-03228,127790000,300000
R13-03229,27000000,60000
R13-03230,35500000,150000
R13-03231,76870000,300000
R13-03232,6190000,20000
R13-03233,34760000,150000
R13-03234,7720000,20000
R13-03235,102260000,300000
R13-03236,12030000,40000
R13-03237,38780000,150000
R13-03238,23210000,60000
R13-03239,72890000,300000
R13-03240,32270000,60000
R13-03241,139480000,600000
R13-03242,3630000,0
R13-03243,52940000,150000
R13-03244,24470000,60000
R13-03245,12710000,40000
R13-03246,36890000,150000
R13-03247,43190000,150000
R13-03248,76360000,300000
R13-03249,27000000,60000
R13-03250,33090000,60000
R13-03251,26250000,60000
R13-03252,41910000,150000
R13-03253,15750000,40000
R13-03254,62240000,150000
R13-03255,43420000,150000
R13-03256,73530000,300000
R13-03257,31560000,60000
R13-03258,14500000,40000
R13-03259,45210000,150000
R13-03260,62920000,150000
R13-03261,25660000,60000
R13-03262,32750000,60000
R13-03263,3310000,0
R13-03264,55190000,150000
R13-03265,43600000,150000
R13-03266,71420000,300000
R13-03267,86790000,300000
R13-03268,6300000,20000
R13-03269,63880000,150000
R13-03270,41190000,150000
R13-03271,3480000,0
R13-03272,44130000,150000
R13-03273,64510000,150000
R13-03274,53070000,150000
R13-03275,6890000,20000
R13-03276,33990000,150000
R13-03277,53660000,150000
R13-03278,16330000,40000
R13-03279,32510000,60000
R13-03280,114080000,300000
R13-03281,44440000,150000
R13-03282,14160000,40000
R13-03283,5800000,20000
R13-03284,3870000,0
R13-03285,42330000,150000
R13-03286,8640000,20000
R13-03287,111980000,300000
R13-03288,1590000,0
R13-03289,62790000,150000
R13-03290,23290000,60000
R13-03291,62820000,150000
R13-03292,11550000,40000
R13-03293,25050000,60000
R13-03294,13620000,40000
R13-03295,25870000,60000
R13-03296,36260000,150000
R13-03297,11110000,40000
R13-03298,57850000,150000
R13-03299,2110000,0
R13-03300,102460000,300000
R13-03301,85890000,300000
R13-03302,41620000,150000
R13-03303,43930000,150000
R13-03304,47700000,150000
R13-03305,68030000,300000
R13-03306,41750000,150000
R13-03307,112960000,300000
R13-03308,53870000,150000
R13-03309,77150000,300000
R13-03310,39440000,150000
R13-03311,48610000,150000
R13-03312,63640000,150000
R13-03313,81380000,300000
R13-03314,54160000,150000
R13-03315,12530000,40000
R13-03316,46100000,150000
R13-03317,2380000,0
R13-03318,33420000,150000
R13-03319,92370000,300000
R13-03320,13930000,40000
R13-03321,10750000,40000
R13-03322,54760000,150000
R13-03323,2190000,0
R13-03324,1400000,0
R13-03325,75600000,300000
R13-03326,43150000,150000
R13-03327,74480000,300000
R13-03328,22890000,60000
R13-03329,21910000,60000
R13-03330,33430000,150000
R13-03331,43880000,150000
R13-03332,41000000,150000
R13-03333,23050000,60000
R13-03334,24100000,60000
R13-03335,34390000,150000
R13-03336,158100000,600000
R13-03337,11550000,40000
R13-03338,10960000,40000
R13-03339,11180000,40000
R13-03340,81670000,300000
R13-03341,74560000,300000
R13-03342,24690000,60000
R13-03343,51090000,150000
R13-03344,46270000,150000
R13-03345,35840000,150000
R13-03346,52510000,150000
R13-03347,41360000,150000
R13-03348,23520000,60000
R13-03349,74050000,300000
R13-03350,830000,0
R13-03351,34270000,150000
R13-03352,44540000,150000
R13-03353,53180000,150000
R13-03354,53400000,150000
R13-03355,5480000,20000
R13-03356,7760000,20000
R13-03357,5690000,20000
R13-03358,47490000,150000
R13-03359,37670000,150000
R13-03360,43490000,150000
R13-03361,75610000,300000
R13-03362,104190000,300000
R13-03363,66060000,150000
R13-03364,1460000,0
R13-03365,26310000,60000
R13-03366,88330000,300000
R13-03367,22340000,60000
R13-03368,33130000,60000
R13-03369,14980000,40000
R13-03370,65630000,150000
R13-03371,73010000,300000
R13-03372,104690000,300000
R13-03373,3240000,0
R13-03374,90680000,300000
R13-03375,3340000,0
R13-03376,77730000,300000
R13-03377,153000000,600000
R13-03378,24860000,60000
R13-03379,68400000,300000
R13-03380,223020000,1000000
R13-03381,33550000,150000
R13-03382,61120000,150000
R13-03383,41540000,150000
R13-03384,111770000,300000
R13-03385,23500000,60000
R13-03386,66410000,150000
R13-03387,25300000,60000
R13-03388,37090000,150000
R13-03389,51440000,150000
R13-03390,23800000,60000
R13-03391,103770000,300000
R13-03392,1140000,0
R13-03393,23310000,60000
R13-03394,71420000,300000
R13-03395,94660000,300000
R13-03396,6940000,20000
R13-03397,28190000,60000
R13-03398,134020000,600000
R13-03399,82390000,300000
R13-03400,46870000,150000
R13-03401,42880000,150000
R13-03402,41860000,150000
R13-03403,75460000,300000
R13-03404,42240000,150000
R13-03405,76660000,300000
R13-03406,4380000,0
R13-03407,94800000,300000
R13-03408,102390000,300000
R13-03409,76350000,300000
R13-03410,61010000,150000
R13-03411,24190000,60000
R13-03412,27110000,60000
R13-03413,1990000,0
R13-03414,83000000,300000
R13-03415,42730000,150000
R13-03416,112930000,300000
R13-03417,84890000,300000
R13-03418,90770000,300000
R13-03419,34790000,150000
R13-03420,44870000,150000
R13-03421,2690000,0
R13-03422,130250000,300000
R13-03423,9420000,20000
R13-03424,62810000,150000
R13-03425,22720000,60000
R13-03426,32970000,60000
R13-03427,21760000,60000
R13-03428,5600000,20000
R13-03429,20770000,60000
R13-03430,61790000,150000
R13-03431,22780000,60000
R13-03432,65280000,150000
R13-03433,83650000,300000
R13-03434,44750000,150000
R13-03435,42690000,150000
R13-03436,6550000,20000
R13-03437,131640000,300000
R13-03438,52810000,150000
R13-03439,22920000,60000
R13-03440,23210000,60000
R13-03441,13990000,40000
R13-03442,56630000,150000
R13-03443,44790000,150000
R13-03444,24970000,60000
R13-03445,34270000,150000
R13-03446,61270000,150000
R13-03447,4150000,0
R13-03448,62250000,150000
R13-03449,44760000,150000
R13-03450,98370000,300000
R13-03451,61410000,150000
R13-03452,132550000,300000
R13-03453,54050000,150000
R13-03454,13260000,40000
R13-03455,142140000,600000
R13-03456,80910000,300000
R13-03457,6320000,20000
R13-03458,28720000,60000
R13-03459,3290000,0
R13-03460,16520000,40000
R13-03461,65820000,150000
R13-03462,61720000,150000
R13-03463,6940000,20000
R13-03464,105590000,300000
R13-03465,76450000,300000
R13-03466,65470000,150000
R13-03467,64020000,150000
R13-03468,13060000,40000
R13-03469,24200000,60000
R13-03470,172470000,600000
R13-03471,38210000,150000
R13-03472,56310000,150000
R13-03473,146100000,600000
R13-03474,2060000,0
R13-03475,3270000,0
R13-03476,48850000,150000
R13-03477,43530000,150000
R13-03478,65010000,150000
R13-03479,113940000,300000
R13-03480,33920000,150000
R13-03481,3890000,0
R13-03482,74000000,300000
R13-03483,93860000,300000
R13-03484,56390000,150000
R13-03485,140930000,600000
R13-03486,82250000,300000
R13-03487,13140000,40000
R13-03488,18650000,40000
R13-03489,174470000,600000
R13-03490,52500000,150000
R13-03491,81260000,300000
R13-03492,3500000,0
R13-03493,34340000,150000
R13-03494,13130000,40000
R13-03495,136700000,600000
R13-03496,2110000,0
R13-03497,92350000,300000
R13-03498,32660000,60000
R13-03499,32930000,60000
R13-03500,31070000,60000
R13-03501,55830000,150000
R13-03502,44370000,150000
R13-03503,42780000,150000
R13-03504,94940000,300000
R13-03505,57380000,150000
R13-03506,51050000,150000
R13-03507,51240000,150000
R13-03508,3030000,0
R13-03509,103040000,300000
R13-03510,2050000,0
R13-03511,23260000,60000
R13-03512,61470000,150000
R13-03513,66120000,150000
R13-03514,58730000,150000
R13-03515,62730000,150000
R13-03516,43690000,150000
R13-03517,2310000,0
R13-03518,4600000,0
R13-03519,6250000,20000
R13-03520,90880000,300000
R13-03521,2330000,0
R13-03522,43190000,150000
R13-03523,123100000,300000
R13-03524,30290000,60000
R13-03525,101810000,300000
R13-03526,53810000,150000
R13-03527,2950000,0
R13-03528,62330000,150000
R13-03529,37490000,150000
R13-03530,23570000,60000
R13-03531,33830000,150000
R13-03532,8670000,20000
R13-03533,151660000,600000
R13-03534,2490000,0
R13-03535,15830000,40000
R13-03536,54220000,150000
R13-03537,104030000,300000
R13-03538,56050000,150000
R13-03539,35480000,150000
R13-03540,35820000,150000
R13-03541,117870000,300000
R13-03542,51900000,150000
R13-03543,45010000,150000
R13-03544,20980000,60000
R13-03545,8990000,20000
R13-03546,94970000,300000
R13-03547,73330000,300000
R13-03548,34550000,150000
R13-03549,22170000,60000
R13-03550,24790000,60000
R13-03551,2820000,0
R13-03552,7140000,20000
R13-03553,70880000,300000
R13-03554,13920000,40000
R13-03555,31450000,60000
R13-03556,107410000,300000
R13-03557,73040000,300000
R13-03558,73810000,300000
R13-03559,22220000,60000
R13-03560,44510000,150000
R13-03561,74840000,300000
R13-03562,45630000,150000
R13-03563,50390000,150000
R13-03564,31870000,60000
R13-03565,73310000,300000
R13-03566,14840000,40000
R13-03567,73620000,300000
R13-03568,105910000,300000
R13-03569,93800000,300000
R13-03570,68140000,300000
R13-03571,15310000,40000
R13-03572,125730000,300000
R13-03573,57830000,150000
R13-03574,46630000,150000
R13-03575,55040000,150000
R13-03576,111410000,300000
R13-03577,51410000,150000
R13-03578,15180000,40000
R13-03579,2540000,0
R13-03580,34190000,150000
R13-03581,45530000,150000
R13-03582,23470000,60000
R13-03583,70970000,300000
R13-03584,6220000,20000
R13-03585,62940000,150000
R13-03586,61490000,150000
R13-03587,54500000,150000
R13-03588,120640000,300000
R13-03589,11940000,40000
R13-03590,64250000,150000
R13-03591,82060000,300000
R13-03592,31660000,60000
R13-03593,34110000,150000
R13-03594,63890000,150000
R13-03595,17230000,40000
R13-03596,9510000,20000
R13-03597,11420000,40000
R13-03598,67040000,300000
R13-03599,3240000,0
R13-03600,7130000,20000
R13-03601,71880000,300000
R13-03602,94600000,300000
R13-03603,72060000,300000
R13-03604,16740000,40000
R13-03605,52040000,150000
R13-03606,23880000,60000
R13-03607,22910000,60000
R13-03608,96630000,300000
R13-03609,82700000,300000
R13-03610,113680000,300000
R13-03611,12390000,40000
R13-03612,86250000,300000
R13-03613,47150000,150000
R13-03614,90290000,300000
R13-03615,61500000,150000
R13-03616,4190000,0
R13-03617,16200000,40000
R13-03618,81390000,300000
R13-03619,53350000,150000
R13-03620,14570000,40000
R13-03621,63420000,150000
R13-03622,85110000,300000
R13-03623,64700000,150000
R13-03624,42700000,150000
R13-03625,62940000,150000
R13-03626,21920000,60000
R13-03627,14700000,40000
R13-03628,5090000,20000
R13-03629,66700000,300000
R13-03630,26820000,60000
R13-03631,4630000,0
R13-03632,62600000,150000
R13-03633,21610000,60000
R13-03634,60450000,150000
R13-03635,97000000,300000
R13-03636,52250000,150000
R13-03637,4330000,0
R13-03638,4210000,0
R13-03639,93680000,300000
R13-03640,74690000,300000
R13-03641,12640000,40000
R13-03642,33450000,150000
R13-03643,1090000,0
R13-03644,31740000,60000
R13-03645,85580000,300000
R13-03646,11870000,40000
R13-03647,35880000,150000
R13-03648,22840000,60000
R13-03649,72350000,300000
R13-03650,121500000,300000
R13-03651,16450000,40000
R13-03652,120960000,300000
R13-03653,23420000,60000
R13-03654,840000,0
R13-03655,32380000,60000
R13-03656,2210000,0
R13-03657,24250000,60000
R13-03658,84840000,300000
R13-03659,14600000,40000
R13-03660,40510000,150000
R13-03661,3070000,0
R13-03662,82460000,300000
R13-03663,22830000,60000
R13-03664,63170000,150000
R13-03665,62660000,150000
R13-03666,34850000,150000
R13-03667,82330000,300000
R13-03668,23560000,60000
R13-03669,22700000,60000
R13-03670,4300000,0
R13-03671,42030000,150000
R13-03672,57570000,150000
R13-03673,42830000,150000
R13-03674,32670000,60000
R13-03675,610000,0
R13-03676,1830000,0
R13-03677,52000000,150000
R13-03678,45770000,150000
R13-03679,65510000,150000
R13-03680,42570000,150000
R13-03681,75000000,300000
R13-03682,25540000,60000
R13-03683,30950000,60000
R13-03684,31000000,60000
R13-03685,12200000,40000
R13-03686,92910000,300000
R13-03687,23890000,60000
R13-03688,21760000,60000
R13-03689,21490000,60000
R13-03690,94870000,300000
R13-03691,3270000,0
R13-03692,12110000,40000
R13-03693,2320000,0
R13-03694,52330000,150000
R13-03695,7430000,20000
R13-03696,104400000,300000
R13-03697,82650000,300000
R13-03698,74460000,300000
R13-03699,11850000,40000
R13-03700,31230000,60000
R13-03701,7340000,20000
R13-03702,64550000,150000
R13-03703,24960000,60000
R13-03704,21840000,60000
R13-03705,70670000,300000
R13-03706,61890000,150000
R13-03707,33410000,150000
R13-03708,31880000,60000
R13-03709,66920000,300000
R13-03710,71950000,300000
R13-03711,5970000,20000
R13-03712,11640000,40000
R13-03713,89510000,300000
R13-03714,44940000,150000
R13-03715,30620000,60000
R13-03716,70410000,300000
R13-03717,67180000,300000
R13-03718,62330000,150000
R13-03719,56530000,150000
R13-03720,151990000,600000
R13-03721,25990000,60000
R13-03722,12690000,40000
R13-03723,44370000,150000
R13-03724,37660000,150000
R13-03725,22230000,60000
R13-03726,42340000,150000
R13-03727,22690000,60000
R13-03728,43870000,150000
R13-03729,21620000,60000
R13-03730,22770000,60000
R13-03731,69060000,300000
R13-03732,45260000,150000
R13-03733,15410000,40000
R13-03734,71200000,300000
R13-03735,72520000,300000
R13-03736,95780000,300000
R13-03737,22630000,60000
R13-03738,35030000,150000
R13-03739,56470000,150000
R13-03740,111640000,300000
R13-03741,62000000,150000
R13-03742,63030000,150000
R13-03743,134510000,600000
R13-03744,5660000,20000
R13-03745,54950000,150000
R13-03746,4200000,0
R13-03747,82390000,300000
R13-03748,24960000,60000
R13-03749,88870000,300000
R13-03750,13240000,40000
R13-03751,83560000,300000
R13-03752,3970000,0
R13-03753,3490000,0
R13-03754,32250000,60000
R13-03755,41880000,150000
R13-03756,131240000,300000
R13-03757,60840000,150000
R13-03758,76600000,300000
R13-03759,22030000,60000
R13-03760,5820000,20000
R13-03761,62480000,150000
R13-03762,92560000,300000
R13-03763,650000,0
R13-03764,36520000,150000
R13-03765,111870000,300000
R13-03766,61900000,150000
R13-03767,5440000,20000
R13-03768,73340000,300000
R13-03769,51910000,150000
R13-03770,23420000,60000
R13-03771,84020000,300000
R13-03772,35260000,150000
R13-03773,21330000,60000
R13-03774,54100000,150000
R13-03775,21990000,60000
R13-03776,21470000,60000
R13-03777,54740000,150000
R13-03778,91770000,300000
R13-03779,147070000,600000
R13-03780,7530000,20000
R13-03781,143830000,600000
R13-03782,59410000,150000
R13-03783,82990000,300000
R13-03784,21250000,60000
R13-03785,65080000,150000
R13-03786,31570000,60000
R13-03787,15910000,40000
R13-03788,146380000,600000
R13-03789,95010000,300000
R13-03790,67140000,300000
R13-03791,65070000,150000
R13-03792,64720000,150000
R13-03793,29090000,60000
R13-03794,53440000,150000
R13-03795,22750000,60000
R13-03796,11160000,40000
R13-03797,26600000,60000
R13-03798,136830000,600000
R13-03799,82840000,300000
R13-03800,101760000,300000
R13-03801,1640000,0
R13-03802,35770000,150000
R13-03803,11930000,40000
R13-03804,3230000,0
R13-03805,66400000,150000
R13-03806,41650000,150000
R13-03807,65970000,150000
R13-03808,26970000,60000
R13-03809,13770000,40000
R13-03810,2070000,0
R13-03811,45070000,150000
R13-03812,38090000,150000
R13-03813,15680000,40000
R13-03814,21600000,60000
R13-03815,84520000,300000
R13-03816,27070000,60000
R13-03817,3680000,0
R13-03818,13720000,40000
R13-03819,13560000,40000
R13-03820,82360000,300000
R13-03821,12850000,40000
R13-03822,71620000,300000
R13-03823,92620000,300000
R13-03824,71650000,300000
R13-03825,124290000,300000
R13-03826,24270000,60000
R13-03827,17090000,40000
R13-03828,3290000,0
R13-03829,22160000,60000
R13-03830,64990000,150000
R13-03831,63880000,150000
R13-03832,44830000,150000
R13-03833,24310000,60000
R13-03834,44890000,150000
R13-03835,22020000,60000
R13-03836,64320000,150000
R13-03837,98240000,300000
R13-03838,23750000,60000
R13-03839,43910000,150000
R13-03840,72220000,300000
R13-03841,25650000,60000
R13-03842,1900000,0
R13-03843,73350000,300000
R13-03844,61690000,150000
R13-03845,91810000,300000
R13-03846,4850000,0
R13-03847,54890000,150000
R13-03848,62350000,150000
R13-03849,52050000,150000
R13-03850,73390000,300000
R13-03851,151500000,600000
R13-03852,31550000,60000
R13-03853,64790000,150000
R13-03854,33310000,60000
R13-03855,55990000,150000
R13-03856,42820000,150000
R13-03857,74470000,300000
R13-03858,1670000,0
R13-03859,67030000,300000
R13-03860,71450000,300000
R13-03861,73210000,300000
R13-03862,22510000,60000
R13-03863,63020000,150000
R13-03864,20740000,60000
R13-03865,23630000,60000
R13-03866,88290000,300000
R13-03867,3450000,0
R13-03868,38330000,150000
R13-03869,22280000,60000
R13-03870,75110000,300000
R13-03871,55230000,150000
R13-03872,86080000,300000
R13-03873,6540000,20000
R13-03874,21880000,60000
R13-03875,43980000,150000
R13-03876,55690000,150000
R13-03877,33880000,150000
R13-03878,23170000,60000
R13-03879,53930000,150000
R13-03880,23540000,60000
R13-03881,5100000,20000
R13-03882,43150000,150000
R13-03883,24480000,60000
R13-03884,116980000,300000
R13-03885,62620000,150000
R13-03886,24030000,60000
R13-03887,16590000,40000
R13-03888,50080000,150000
R13-03889,96610000,300000
R13-03890,5400000,20000
R13-03891,65040000,150000
R13-03892,61060000,150000
R13-03893,61910000,150000
R13-03894,74130000,300000
R13-03895,52310000,150000
R13-03896,92020000,300000
R13-03897,62810000,150000
R13-03898,2820000,0
R13-03899,6860000,20000
R13-03900,102380000,300000
R13-03901,18070000,40000
R13-03902,13870000,40000
R13-03903,88490000,300000
R13-03904,1740000,0
R13-03905,66070000,150000
R13-03906,34070000,150000
R13-03907,41210000,150000
R13-03908,26700000,60000
R13-03909,6940000,20000
R13-03910,44490000,150000
R13-03911,102110000,300000
R13-03912,7970000,20000
R13-03913,24040000,60000
R13-03914,84300000,300000
R13-03915,43770000,150000
R13-03916,16090000,40000
R13-03917,36260000,150000
R13-03918,124130000,300000
R13-03919,43800000,150000
R13-03920,3590000,0
R13-03921,35250000,150000
R13-03922,94590000,300000
R13-03923,81640000,300000
R13-03924,104920000,300000
R13-03925,24640000,60000
R13-03926,65170000,150000
R13-03927,121290000,300000
R13-03928,17490000,40000
R13-03929,33140000,60000
R13-03930,115880000,300000
R13-03931,53380000,150000
R13-03932,53870000,150000
R13-03933,22310000,60000
R13-03934,55400000,150000
R13-03935,14500000,40000
R13-03936,37350000,150000
R13-03937,41290000,150000
R13-03938,54620000,150000
R13-03939,81670000,300000
R13-03940,72000000,300000
R13-03941,25390000,60000
R13-03942,127490000,300000
R13-03943,5090000,20000
R13-03944,21920000,60000
R13-03945,16610000,40000
R13-03946,48350000,150000
R13-03947,12380000,40000
R13-03948,112740000,300000
R13-03949,7020000,20000
R13-03950,38640000,150000
R13-03951,1330000,0
R13-03952,73600000,300000
R13-03953,32400000,60000
R13-03954,65060000,150000
R13-03955,75250000,300000
R13-03956,72560000,300000
R13-03957,42470000,150000
R13-03958,12340000,40000
R13-03959,45920000,150000
R13-03960,52490000,150000
R13-03961,75980000,300000
R13-03962,23120000,60000
R13-03963,41420000,150000
R13-03964,4900000,0
R13-03965,45270000,150000
R13-03966,34830000,150000
R13-03967,117840000,300000
R13-03968,78540000,300000
R13-03969,22790000,60000
R13-03970,31300000,60000
R13-03971,58820000,150000
R13-03972,4820000,0
R13-03973,155550000,600000
R13-03974,41820000,150000
R13-03975,40440000,150000
R13-03976,400000,0
R13-03977,14230000,40000
R13-03978,73080000,300000
R13-03979,31460000,60000
R13-03980,93810000,300000
R13-03981,75320000,300000
R13-03982,43050000,150000
R13-03983,71720000,300000
R13-03984,11050000,40000
R13-03985,65040000,150000
R13-03986,65170000,150000
R13-03987,3040000,0
R13-03988,3470000,0
R13-03989,11220000,40000
R13-03990,33370000,150000
R13-03991,42170000,150000
R13-03992,32400000,60000
R13-03993,81450000,300000
R13-03994,31220000,60000
R13-03995,15060000,40000
R13-03996,32350000,60000
R13-03997,2370000,0
R13-03998,820000,0
R13-03999,54190000,150000
R13-04000,41370000,150000
R13-04001,21890000,60000
R13-04002,4170000,0
R13-04003,14570000,40000
R13-04004,32590000,60000
R13-04005,56670000,150000
R13-04006,22200000,60000
R13-04007,33610000,150000
R13-04008,23420000,60000
R13-04009,68650000,300000
R13-04010,82280000,300000
R13-04011,17950000,40000
R13-04012,2800000,0
R13-04013,52700000,150000
R13-04014,5720000,20000
R13-04015,14610000,40000
R13-04016,34730000,150000
R13-04017,4530000,0
R13-04018,10800000,40000
R13-04019,4410000,0
R13-04020,4360000,0
R13-04021,60970000,150000
R13-04022,36040000,150000
R13-04023,41700000,150000
R13-04024,22340000,60000
R13-04025,32310000,60000
R13-04026,96920000,300000
R13-04027,26900000,60000
R13-04028,41920000,150000
R13-04029,3020000,0
R13-04030,12000000,40000
R13-04031,64640000,150000
R13-04032,103300000,300000
R13-04033,56870000,150000
R13-04034,24760000,60000
R13-04035,37720000,150000
R13-04036,23140000,60000
R13-04037,8590000,20000
R13-04038,32140000,60000
R13-04039,24050000,60000
R13-04040,83640000,300000
R13-04041,4240000,0
R13-04042,21380000,60000
R13-04043,41200000,150000
R13-04044,28690000,60000
R13-04045,66450000,150000
R13-04046,33570000,150000
R13-04047,9640000,20000
R13-04048,110950000,300000
R13-04049,82750000,300000
R13-04050,14300000,40000
R13-04051,38100000,150000
R13-04052,17050000,40000
R13-04053,32810000,60000
R13-04054,4390000,0
R13-04055,106010000,300000
R13-04056,51200000,150000
R13-04057,104880000,300000
R13-04058,31310000,60000
R13-04059,120380000,300000
R13-04060,63720000,150000
R13-04061,2530000,0
R13-04062,3290000,0
R13-04063,45750000,150000
R13-04064,4520000,0
R13-04065,13340000,40000
R13-04066,6710000,20000
R13-04067,44650000,150000
R13-04068,33740000,150000
R13-04069,53340000,150000
R13-04070,88300000,300000
R13-04071,22400000,60000
R13-04072,5730000,20000
R13-04073,4300000,0
R13-04074,11660000,40000
R13-04075,1080000,0
R13-04076,48440000,150000
R13-04077,680000,0
R13-04078,75160000,300000
R13-04079,82490000,300000
R13-04080,40870000,150000
R13-04081,4210000,0
R13-04082,44300000,150000
R13-04083,6030000,20000
R13-04084,32170000,60000
R13-04085,106230000,300000
R13-04086,32190000,60000
R13-04087,35090000,150000
R13-04088,71700000,300000
R13-04089,26840000,60000
R13-04090,82430000,300000
R13-04091,12780000,40000
R13-04092,84250000,300000
R13-04093,2870000,0
R13-04094,53700000,150000
R13-04095,73110000,300000
R13-04096,57110000,150000
R13-04097,41510000,150000
R13-04098,18530000,40000
R13-04099,5200000,20000
R13-04100,93460000,300000
R13-04101,74400000,300000
R13-04102,94050000,300000
R13-04103,15040000,40000
R13-04104,15510000,40000
R13-04105,97950000,300000
R13-04106,115320000,300000
R13-04107,14370000,40000
R13-04108,21610000,60000
R13-04109,15060000,40000
R13-04110,43150000,150000
R13-04111,940000,0
R13-04112,32190000,60000
R13-04113,4240000,0
R13-04114,33210000,60000
R13-04115,43730000,150000
R13-04116,20380000,60000
R13-04117,25560000,60000
R13-04118,14840000,40000
R13-04119,7810000,20000
R13-04120,30630000,60000
R13-04121,2550000,0
R13-04122,71530000,300000
R13-04123,81310000,300000
R13-04124,65520000,150000
R13-04125,51660000,150000
R13-04126,3300000,0
R13-04127,31930000,60000
R13-04128,31130000,60000
R13-04129,1320000,0
R13-04130,53280000,150000
R13-04131,57740000,150000
R13-04132,42260000,150000
R13-04133,74410000,300000
R13-04134,83250000,300000
R13-04135,32950000,60000
R13-04136,25960000,60000
R13-04137,2940000,0
R13-04138,11780000,40000
R13-04139,127240000,300000
R13-04140,55520000,150000
R13-04141,6040000,20000
R13-04142,29370000,60000
R13-04143,35610000,150000
R13-04144,71850000,300000
R13-04145,93240000,300000
R13-04146,2450000,0
R13-04147,68190000,300000
R13-04148,23960000,60000
R13-04149,16260000,40000
R13-04150,53260000,150000
R13-04151,3340000,0
R13-04152,91140000,300000
R13-04153,36630000,150000
R13-04154,33040000,60000
R13-04155,83330000,300000
R13-04156,34050000,150000
R13-04157,26260000,60000
R13-04158,105190000,300000
R13-04159,54160000,150000
R13-04160,56100000,150000
R13-04161,95110000,300000
R13-04162,44160000,150000
R13-04163,78440000,300000
R13-04164,31790000,60000
R13-04165,5070000,20000
R13-04166,75100000,300000
R13-04167,44390000,150000
R13-04168,14740000,40000
R13-04169,123520000,300000
R13-04170,33860000,150000
R13-04171,53700000,150000
R13-04172,34960000,150000
R13-04173,25490000,60000
R13-04174,1110000,0
R13-04175,43280000,150000
R13-04176,102150000,300000
R13-04177,2430000,0
R13-04178,34960000,150000
R13-04179,110000,0
R13-04180,82310000,300000
R13-04181,77120000,300000
R13-04182,11950000,40000
R13-04183,6130000,20000
R13-04184,8010000,20000
R13-04185,75160000,300000
R13-04186,75760000,300000
R13-04187,92210000,300000
R13-04188,36360000,150000
R13-04189,14900000,40000
R13-04190,82310000,300000
R13-04191,4780000,0
R13-04192,81790000,300000
R13-04193,2550000,0
R13-04194,55310000,150000
R13-04195,53380000,150000
R13-04196,94140000,300000
R13-04197,11820000,40000
R13-04198,14840000,40000
R13-04199,4770000,0
R13-04200,80090000,300000
R13-04201,66090000,150000
R13-04202,5840000,20000
R13-04203,123760000,300000
R13-04204,24430000,60000
R13-04205,33910000,150000
R13-04206,17020000,40000
R13-04207,33110000,60000
R13-04208,132320000,300000
R13-04209,51420000,150000
R13-04210,23380000,60000
R13-04211,22350000,60000
R13-04212,45980000,150000
R13-04213,32710000,60000
R13-04214,18150000,40000
R13-04215,10480000,40000
R13-04216,75510000,300000
R13-04217,7170000,20000
R13-04218,13210000,40000
R13-04219,27940000,60000
R13-04220,22520000,60000
R13-04221,62940000,150000
R13-04222,107080000,300000
R13-04223,53540000,150000
R13-04224,4760000,0
R13-04225,70890000,300000
R13-04226,6410000,20000
R13-04227,43740000,150000
R13-04228,65440000,150000
R13-04229,62180000,150000
R13-04230,82880000,300000
R13-04231,115750000,300000
R13-04232,91260000,300000
R13-04233,53210000,150000
R13-04234,1390000,0
R13-04235,42830000,150000
R13-04236,2690000,0
R13-04237,140780000,600000
R13-04238,33180000,60000
R13-04239,35720000,150000
R13-04240,42520000,150000
R13-04241,2200000,0
R13-04242,44690000,150000
R13-04243,13650000,40000
R13-04244,6170000,20000
R13-04245,4740000,0
R13-04246,52160000,150000
R13-04247,105320000,300000
R13-04248,112200000,300000
R13-04249,103180000,300000
R13-04250,45850000,150000
R13-04251,13080000,40000
R13-04252,13470000,40000
R13-04253,2310000,0
R13-04254,35730000,150000
R13-04255,90810000,300000
R13-04256,64050000,150000
R13-04257,1830000,0
R13-04258,47640000,150000
R13-04259,4680000,0
R13-04260,14300000,40000
R13-04261,320000,0
R13-04262,1440000,0
R13-04263,33240000,60000
R13-04264,7060000,20000
R13-04265,10290000,40000
R13-04266,87070000,300000
R13-04267,24310000,60000
R13-04268,61740000,150000
R13-04269,57650000,150000
R13-04270,45920000,150000
R13-04271,51930000,150000
R13-04272,122740000,300000
R13-04273,8560000,20000
R13-04274,53590000,150000
R13-04275,24800000,60000
R13-04276,75990000,300000
R13-04277,92790000,300000
R13-04278,24840000,60000
R13-04279,28990000,60000
R13-04280,44320000,150000
R13-04281,24960000,60000
R13-04282,63510000,150000
R13-04283,85270000,300000
R13-04284,2860000,0
R13-04285,44950000,150000
R13-04286,26130000,60000
R13-04287,34180000,150000
R13-04288,70940000,300000
R13-04289,82050000,300000
R13-04290,6060000,20000
R13-04291,103460000,300000
R13-04292,25960000,60000
R13-04293,40250000,150000
R13-04294,30540000,60000
R13-04295,46270000,150000
R13-04296,95630000,300000
R13-04297,26970000,60000
R13-04298,21600000,60000
R13-04299,24420000,60000
R13-04300,11380000,40000
R13-04301,37630000,150000
R13-04302,12240000,40000
R13-04303,102330000,300000
R13-04304,33640000,150000
R13-04305,71940000,300000
R13-04306,14800000,40000
R13-04307,2020000,0
R13-04308,31200000,60000
R13-04309,72560000,300000
R13-04310,21400000,60000
R13-04311,2830000,0
R13-04312,126740000,300000
R13-04313,22260000,60000
R13-04314,31990000,60000
R13-04315,70100000,300000
R13-04316,4440000,0
R13-04317,57440000,150000
R13-04318,53320000,150000
R13-04319,98810000,300000
R13-04320,71940000,300000
R13-04321,15900000,40000
R13-04322,40570000,150000
R13-04323,21180000,60000
R13-04324,45140000,150000
R13-04325,62110000,150000
R13-04326,25420000,60000
R13-04327,63530000,150000
R13-04328,43600000,150000
R13-04329,46620000,150000
R13-04330,119270000,300000
R13-04331,1230000,0
R13-04332,35010000,150000
R13-04333,12670000,40000
R13-04334,91050000,300000
R13-04335,7240000,20000
R13-04336,86160000,300000
R13-04337,42660000,150000
R13-04338,83510000,300000
R13-04339,173700000,600000
R13-04340,97980000,300000
R13-04341,64610000,150000
R13-04342,9700000,20000
R13-04343,4220000,0
R13-04344,37590000,150000
R13-04345,96450000,300000
R13-04346,31850000,60000
R13-04347,42840000,150000
R13-04348,14610000,40000
R13-04349,15390000,40000
R13-04350,35900000,150000
R13-04351,143400000,600000
R13-04352,34920000,150000
R13-04353,105020000,300000
R13-04354,32250000,60000
R13-04355,44240000,150000
R13-04356,15360000,40000
R13-04357,6390000,20000
R13-04358,60360000,150000
R13-04359,74120000,300000
R13-04360,54110000,150000
R13-04361,13260000,40000
R13-04362,1210000,0
R13-04363,39380000,150000
R13-04364,43020000,150000
R13-04365,5220000,20000
R13-04366,77700000,300000
R13-04367,42550000,150000
R13-04368,3220000,0
R13-04369,45710000,150000
R13-04370,45460000,150000
R13-04371,68780000,300000
R13-04372,51900000,150000
R13-04373,100150000,300000
R13-04374,12480000,40000
R13-04375,62630000,150000
R13-04376,61390000,150000
R13-04377,34610000,150000
R13-04378,81270000,300000
R13-04379,96510000,300000
R13-04380,92110000,300000
R13-04381,6610000,20000
R13-04382,28760000,60000
R13-04383,22050000,60000
R13-04384,31920000,60000
R13-04385,43550000,150000
R13-04386,2670000,0
R13-04387,61540000,150000
R13-04388,31790000,60000
R13-04389,6920000,20000
R13-04390,54460000,150000
R13-04391,34520000,150000
R13-04392,4320000,0
R13-04393,53150000,150000
R13-04394,82480000,300000
R13-04395,112930000,300000
R13-04396,14140000,40000
R13-04397,72810000,300000
R13-04398,32380000,60000
R13-04399,41910000,150000
R13-04400,31850000,60000
R13-04401,62020000,150000
R13-04402,56440000,150000
R13-04403,24310000,60000
R13-04404,3800000,0
R13-04405,104080000,300000
R13-04406,63890000,150000
R13-04407,58980000,150000
R13-04408,77920000,300000
R13-04409,17660000,40000
R13-04410,30480000,60000
R13-04411,65610000,150000
R13-04412,26800000,60000
R13-04413,23770000,60000
R13-04414,20580000,60000
R13-04415,92690000,300000
R13-04416,65840000,150000
R13-04417,16940000,40000
R13-04418,142030000,600000
R13-04419,2240000,0
R13-04420,4130000,0
R13-04421,38090000,150000
R13-04422,34760000,150000
R13-04423,17260000,40000
R13-04424,4660000,0
R13-04425,33100000,60000
R13-04426,23490000,60000
R13-04427,66800000,300000
R13-04428,72950000,300000
R13-04429,17130000,40000
R13-04430,22470000,60000
R13-04431,102180000,300000
R13-04432,23610000,60000
R13-04433,83840000,300000
R13-04434,44610000,150000
R13-04435,65080000,150000
R13-04436,32920000,60000
R13-04437,71140000,300000
R13-04438,35530000,150000
R13-04439,65590000,150000
R13-04440,66070000,150000
R13-04441,34780000,150000
R13-04442,16850000,40000
R13-04443,15460000,40000
R13-04444,53490000,150000
R13-04445,65230000,150000
R13-04446,42590000,150000
R13-04447,12080000,40000
R13-04448,82030000,300000
R13-04449,7500000,20000
R13-04450,6710000,20000
R13-04451,32140000,60000
R13-04452,22010000,60000
R13-04453,27750000,60000
R13-04454,32690000,60000
R13-04455,51120000,150000
R13-04456,32750000,60000
R13-04457,68140000,300000
R13-04458,42720000,150000
R13-04459,10910000,40000
R13-04460,26780000,60000
R13-04461,54230000,150000
R13-04462,2720000,0
R13-04463,93960000,300000
R13-04464,52290000,150000
R13-04465,103150000,300000
R13-04466,42750000,150000
R13-04467,20750000,60000
R13-04468,21080000,60000
R13-04469,5820000,20000
R13-04470,2440000,0
R13-04471,44840000,150000
R13-04472,14720000,40000
R13-04473,7330000,20000
R13-04474,85940000,300000
R13-04475,15110000,40000
R13-04476,23270000,60000
R13-04477,77640000,300000
R13-04478,63420000,150000
R13-04479,2480000,0
R13-04480,92480000,300000
R13-04481,107200000,300000
R13-04482,95270000,300000
R13-04483,53350000,150000
R13-04484,75530000,300000
R13-04485,25970000,60000
R13-04486,33830000,150000
R13-04487,43330000,150000
R13-04488,54510000,150000
R13-04489,20730000,60000
R13-04490,33030000,60000
R13-04491,38660000,150000
R13-04492,63360000,150000
R13-04493,45680000,150000
R13-04494,4080000,0
R13-04495,62260000,150000
R13-04496,91460000,300000
R13-04497,64110000,150000
R13-04498,2070000,0
R13-04499,2540000,0
R13-04500,17330000,40000
R13-04501,31700000,60000
R13-04502,75190000,300000
R13-04503,24160000,60000
R13-04504,4900000,0
R13-04505,58220000,150000
R13-04506,24040000,60000
R13-04507,390000,0
R13-04508,24910000,60000
R13-04509,72910000,300000
R13-04510,26010000,60000
R13-04511,91070000,300000
R13-04512,13610000,40000
R13-04513,31970000,60000
R13-04514,1180000,0
R13-04515,37430000,150000
R13-04516,61640000,150000
R13-04517,65930000,150000
R13-04518,2290000,0
R13-04519,39400000,150000
R13-04520,31040000,60000
R13-04521,21490000,60000
R13-04522,126760000,300000
R13-04523,16410000,40000
R13-04524,42110000,150000
R13-04525,26070000,60000
R13-04526,44460000,150000
R13-04527,133460000,600000
R13-04528,26650000,60000
R13-04529,11210000,40000
R13-04530,26770000,60000
R13-04531,25280000,60000
R13-04532,15530000,40000
R13-04533,5220000,20000
R13-04534,2100000,0
R13-04535,530000,0
R13-04536,51240000,150000
R13-04537,56600000,150000
R13-04538,23170000,60000
R13-04539,52090000,150000
R13-04540,33340000,150000
R13-04541,33510000,150000
R13-04542,82650000,300000
R13-04543,43050000,150000
R13-04544,1870000,0
R13-04545,50880000,150000
R13-04546,26750000,60000
R13-04547,43480000,150000
R13-04548,101600000,300000
R13-04549,34870000,150000
R13-04550,6010000,20000
R13-04551,46110000,150000
R13-04552,12440000,40000
R13-04553,24350000,60000
R13-04554,32590000,60000
R13-04555,2680000,0
R13-04556,36020000,150000
R13-04557,54260000,150000
R13-04558,66180000,150000
R13-04559,233810000,1000000
R13-04560,3340000,0
R13-04561,34620000,150000
R13-04562,23450000,60000
R13-04563,3550000,0
R13-04564,3140000,0
R13-04565,24420000,60000
R13-04566,15250000,40000
R13-04567,25050000,60000
R13-04568,48040000,150000
R13-04569,43470000,150000
R13-04570,4750000,0
R13-04571,33220000,60000
R13-04572,63900000,150000
R13-04573,22670000,60000
R13-04574,32280000,60000
R13-04575,5370000,20000
R13-04576,15650000,40000
R13-04577,35900000,150000
R13-04578,54790000,150000
R13-04579,43590000,150000
R13-04580,102600000,300000
R13-04581,134920000,600000
R13-04582,14460000,40000
R13-04583,44140000,150000
R13-04584,55120000,150000
R13-04585,1460000,0
R13-04586,60490000,150000
R13-04587,53310000,150000
R13-04588,22170000,60000
R13-04589,112500000,300000
R13-04590,85210000,300000
R13-04591,55650000,150000
R13-04592,63150000,150000
R13-04593,86220000,300000
R13-04594,78930000,300000
R13-04595,8230000,20000
R13-04596,75360000,300000
R13-04597,41560000,150000
R13-04598,98100000,300000
R13-04599,44140000,150000
R13-04600,138920000,600000
R13-04601,34520000,150000
R13-04602,3090000,0
R13-04603,2930000,0
R13-04604,33340000,150000
R13-04605,31740000,60000
R13-04606,5490000,20000
R13-04607,44250000,150000
R13-04608,13900000,40000
R13-04609,12790000,40000
R13-04610,54700000,150000
R13-04611,213060000,1000000
R13-04612,43610000,150000
R13-04613,4920000,0
R13-04614,23630000,60000
R13-04615,1180000,0
R13-04616,1650000,0
R13-04617,5450000,20000
R13-04618,56900000,150000
R13-04619,24050000,60000
R13-04620,37510000,150000
R13-04621,150710000,600000
R13-04622,21890000,60000
R13-04623,74810000,300000
R13-04624,34550000,150000
R13-04625,2630000,0
R13-04626,103430000,300000
R13-04627,63750000,150000
R13-04628,16890000,40000
R13-04629,13670000,40000
R13-04630,21470000,60000
R13-04631,5890000,20000
R13-04632,151760000,600000
R13-04633,22050000,60000
R13-04634,31950000,60000
R13-04635,22900000,60000
R13-04636,1230000,0
R13-04637,94280000,300000
R13-04638,63480000,150000
R13-04639,12190000,40000
R13-04640,24250000,60000
R13-04641,135240000,600000
R13-04642,64100000,150000
R13-04643,122910000,300000
R13-04644,100530000,300000
R13-04645,72480000,300000
R13-04646,63480000,150000
R13-04647,3360000,0
R13-04648,83860000,300000
R13-04649,15470000,40000
R13-04650,33390000,150000
R13-04651,31410000,60000
R13-04652,21230000,60000
R13-04653,53280000,150000
R13-04654,65170000,150000
R13-04655,25810000,60000
R13-04656,36330000,150000
R13-04657,34740000,150000
R13-04658,31320000,60000
R13-04659,17200000,40000
R13-04660,31850000,60000
R13-04661,3570000,0
R13-04662,2160000,0
R13-04663,64800000,150000
R13-04664,4250000,0
R13-04665,82430000,300000
R13-04666,52540000,150000
R13-04667,53370000,150000
R13-04668,37370000,150000
R13-04669,54640000,150000
R13-04670,88420000,300000
R13-04671,33350000,150000
R13-04672,82350000,300000
R13-04673,37800000,150000
R13-04674,20690000,60000
R13-04675,31970000,60000
R13-04676,12220000,40000
R13-04677,83930000,300000
R13-04678,12550000,40000
R13-04679,32150000,60000
R13-04680,27100000,60000
R13-04681,53390000,150000
R13-04682,33810000,150000
R13-04683,95240000,300000
R13-04684,61680000,150000
R13-04685,22250000,60000
R13-04686,75860000,300000
R13-04687,3750000,0
R13-04688,63790000,150000
R13-04689,2930000,0
R13-04690,31220000,60000
R13-04691,15100000,40000
R13-04692,12840000,40000
R13-04693,142430000,600000
R13-04694,124580000,300000
R13-04695,82570000,300000
R13-04696,55980000,150000
R13-04697,11450000,40000
R13-04698,50640000,150000
R13-04699,47150000,150000
R13-04700,53140000,150000
R13-04701,28080000,60000
R13-04702,96650000,300000
R13-04703,92060000,300000
R13-04704,86740000,300000
R13-04705,31730000,60000
R13-04706,126110000,300000
R13-04707,94510000,300000
R13-04708,31830000,60000
R13-04709,80830000,300000
R13-04710,74370000,300000
R13-04711,3410000,0
R13-04712,33050000,60000
R13-04713,62480000,150000
R13-04714,7360000,20000
R13-04715,104740000,300000
R13-04716,33790000,150000
R13-04717,43100000,150000
R13-04718,61350000,150000
R13-04719,2490000,0
R13-04720,42600000,150000
R13-04721,83700000,300000
R13-04722,56010000,150000
R13-04723,81920000,300000
R13-04724,9440000,20000
R13-04725,3240000,0
R13-04726,56180000,150000
R13-04727,5220000,20000
R13-04728,44700000,150000
R13-04729,2120000,0
R13-04730,31250000,60000
R13-04731,71060000,300000
R13-04732,50920000,150000
R13-04733,23680000,60000
R13-04734,97370000,300000
R13-04735,33810000,150000
R13-04736,64920000,150000
R13-04737,54570000,150000
R13-04738,2640000,0
R13-04739,5080000,20000
R13-04740,1080000,0
R13-04741,10950000,40000
R13-04742,14540000,40000
R13-04743,45000000,150000
R13-04744,3620000,0
R13-04745,24660000,60000
R13-04746,1780000,0
R13-04747,33130000,60000
R13-04748,3910000,0
R13-04749,40950000,150000
R13-04750,45530000,150000
R13-04751,102230000,300000
R13-04752,73090000,300000
R13-04753,85890000,300000
R13-04754,1170000,0
R13-04755,4050000,0
R13-04756,33050000,60000
R13-04757,65310000,150000
R13-04758,1930000,0
R13-04759,5040000,20000
R13-04760,62130000,150000
R13-04761,93280000,300000
R13-04762,2740000,0
R13-04763,26680000,60000
R13-04764,52700000,150000
R13-04765,92660000,300000
R13-04766,94580000,300000
R13-04767,22800000,60000
R13-04768,42090000,150000
R13-04769,23010000,60000
R13-04770,12580000,40000
R13-04771,106020000,300000
R13-04772,26360000,60000
R13-04773,35250000,150000
R13-04774,39730000,150000
R13-04775,21190000,60000
R13-04776,21340000,60000
R13-04777,77270000,300000
R13-04778,12710000,40000
R13-04779,62930000,150000
R13-04780,93200000,300000
R13-04781,16640000,40000
R13-04782,41390000,150000
R13-04783,34230000,150000
R13-04784,53200000,150000
R13-04785,11030000,40000
R13-04786,92100000,300000
R13-04787,69260000,300000
R13-04788,32080000,60000
R13-04789,112960000,300000
R13-04790,77420000,300000
R13-04791,45960000,150000
R13-04792,63250000,150000
R13-04793,105060000,300000
R13-04794,15620000,40000
R13-04795,58200000,150000
