고객ID,타사이전금액,혜택금액
R11-00000,33310000,60000
R11-00001,53840000,150000
R11-00002,14710000,40000
R11-00003,26390000,60000
R11-00004,77720000,300000
R11-00005,37820000,150000
R11-00006,33780000,150000
R11-00007,32310000,60000
R11-00008,124070000,300000
R11-00009,54940000,150000
R11-00010,36320000,150000
R11-00011,67420000,300000
R11-00012,222250000,1000000
R11-00013,121890000,300000
R11-00014,113900000,300000
R11-00015,20460000,60000
R11-00016,6150000,20000
R11-00017,45230000,150000
R11-00018,13360000,40000
R11-00019,63040000,150000
R11-00020,54200000,150000
R11-00021,2110000,0
R11-00022,24900000,60000
R11-00023,23140000,60000
R11-00024,75240000,300000
R11-00025,22230000,60000
R11-00026,95180000,300000
R11-00027,83150000,300000
R11-00028,64490000,150000
R11-00029,52770000,150000
R11-00030,63500000,150000
R11-00031,46440000,150000
R11-00032,82940000,300000
R11-00033,54140000,150000
R11-00034,48280000,150000
R11-00035,83440000,300000
R11-00036,32260000,60000
R11-00037,2980000,0
R11-00038,74600000,300000
R11-00039,34290000,150000
R11-00040,4690000,0
R11-00041,76560000,300000
R11-00042,98720000,300000
R11-00043,74030000,300000
R11-00044,55580000,150000
R11-00045,4430000,0
R11-00046,19120000,40000
R11-00047,105340000,300000
R11-00048,12580000,40000
R11-00049,42310000,150000
R11-00050,28270000,60000
R11-00051,55350000,150000
R11-00052,68650000,300000
R11-00053,64410000,150000
R11-00054,85200000,300000
R11-00055,56690000,150000
R11-00056,58810000,150000
R11-00057,26370000,60000
R11-00058,81210000,300000
R11-00059,41700000,150000
R11-00060,44140000,150000
R11-00061,42220000,150000
R11-00062,54000000,150000
R11-00063,20970000,60000
R11-00064,125930000,300000
R11-00065,71640000,300000
R11-00066,60750000,150000
R11-00067,22690000,60000
R11-00068,19190000,40000
R11-00069,26740000,60000
R11-00070,66930000,300000
R11-00071,45570000,150000
R11-00072,62070000,150000
R11-00073,24600000,60000
R11-00074,21060000,60000
R11-00075,51450000,150000
R11-00076,26150000,60000
R11-00077,85340000,300000
R11-00078,2870000,0
R11-00079,52480000,150000
R11-00080,70870000,300000
R11-00081,2590000,0
R11-00082,31970000,60000
R11-00083,1610000,0
R11-00084,2500000,0
R11-00085,43380000,150000
R11-00086,32390000,60000
R11-00087,28810000,60000
R11-00088,62460000,150000
R11-00089,59810000,150000
R11-00090,4570000,0
R11-00091,6730000,20000
R11-00092,2610000,0
R11-00093,70570000,300000
R11-00094,5710000,20000
R11-00095,3600000,0
R11-00096,32180000,60000
R11-00097,51680000,150000
R11-00098,51250000,150000
R11-00099,7130000,20000
R11-00100,20920000,60000
R11-00101,24450000,60000
R11-00102,61650000,150000
R11-00103,53040000,150000
R11-00104,44370000,150000
R11-00105,22200000,60000
R11-00106,62300000,150000
R11-00107,22450000,60000
R11-00108,44510000,150000
R11-00109,116930000,300000
R11-00110,110800000,300000
R11-00111,12410000,40000
R11-00112,52630000,150000
R11-00113,72050000,300000
R11-00114,65610000,150000
R11-00115,13810000,40000
R11-00116,91890000,300000
R11-00117,17970000,40000
R11-00118,54160000,150000
R11-00119,62110000,150000
R11-00120,6380000,20000
R11-00121,73350000,300000
R11-00122,32840000,60000
R11-00123,46950000,150000
R11-00124,2660000,0
R11-00125,71080000,300000
R11-00126,7150000,20000
R11-00127,13480000,40000
R11-00128,1700000,0
R11-00129,11480000,40000
R11-00130,32180000,60000
R11-00131,92840000,300000
R11-00132,18400000,40000
R11-00133,23990000,60000
R11-00134,85340000,300000
R11-00135,1660000,0
R11-00136,51530000,150000
R11-00137,82490000,300000
R11-00138,46160000,150000
R11-00139,70990000,300000
R11-00140,1010000,0
R11-00141,10700000,40000
R11-00142,36320000,150000
R11-00143,82660000,300000
R11-00144,43990000,150000
R11-00145,61720000,150000
R11-00146,102980000,300000
R11-00147,40750000,150000
R11-00148,13860000,40000
R11-00149,21100000,60000
R11-00150,56910000,150000
R11-00151,45780000,150000
R11-00152,28700000,60000
R11-00153,11920000,40000
R11-00154,45400000,150000
R11-00155,3330000,0
R11-00156,21800000,60000
R11-00157,4300000,0
R11-00158,2480000,0
R11-00159,31170000,60000
R11-00160,21590000,60000
R11-00161,81580000,300000
R11-00162,68920000,300000
R11-00163,24360000,60000
R11-00164,6490000,20000
R11-00165,16170000,40000
R11-00166,78060000,300000
R11-00167,53300000,150000
R11-00168,73850000,300000
R11-00169,91890000,300000
R11-00170,800000,0
R11-00171,65430000,150000
R11-00172,62820000,150000
R11-00173,53050000,150000
R11-00174,64810000,150000
R11-00175,1730000,0
R11-00176,72480000,300000
R11-00177,12970000,40000
R11-00178,31730000,60000
R11-00179,84330000,300000
R11-00180,25270000,60000
R11-00181,42480000,150000
R11-00182,177110000,600000
R11-00183,3420000,0
R11-00184,32270000,60000
R11-00185,105060000,300000
R11-00186,82870000,300000
R11-00187,23350000,60000
R11-00188,97390000,300000
R11-00189,45430000,150000
R11-00190,35230000,150000
R11-00191,34040000,150000
R11-00192,15730000,40000
R11-00193,31530000,60000
R11-00194,125830000,300000
R11-00195,142270000,600000
R11-00196,3650000,0
R11-00197,112150000,300000
R11-00198,73100000,300000
R11-00199,56270000,150000
R11-00200,970000,0
R11-00201,21820000,60000
R11-00202,2400000,0
R11-00203,13720000,40000
R11-00204,55890000,150000
R11-00205,1770000,0
R11-00206,22480000,60000
R11-00207,53560000,150000
R11-00208,5570000,20000
R11-00209,600000,0
R11-00210,83390000,300000
R11-00211,21080000,60000
R11-00212,57770000,150000
R11-00213,18000000,40000
R11-00214,21280000,60000
R11-00215,27220000,60000
R11-00216,60740000,150000
R11-00217,20870000,60000
R11-00218,55610000,150000
R11-00219,24080000,60000
R11-00220,26040000,60000
R11-00221,21310000,60000
R11-00222,41770000,150000
R11-00223,4080000,0
R11-00224,14280000,40000
R11-00225,42430000,150000
R11-00226,72280000,300000
R11-00227,26590000,60000
R11-00228,72220000,300000
R11-00229,53830000,150000
R11-00230,2320000,0
R11-00231,77200000,300000
R11-00232,136040000,600000
R11-00233,44950000,150000
R11-00234,1920000,0
R11-00235,6500000,20000
R11-00236,73880000,300000
R11-00237,102330000,300000
R11-00238,2390000,0
R11-00239,60840000,150000
R11-00240,85240000,300000
R11-00241,38100000,150000
R11-00242,12750000,40000
R11-00243,81570000,300000
R11-00244,35920000,150000
R11-00245,3510000,0
R11-00246,85930000,300000
R11-00247,71210000,300000
R11-00248,32070000,60000
R11-00249,55190000,150000
R11-00250,22320000,60000
R11-00251,11580000,40000
R11-00252,2220000,0
R11-00253,53780000,150000
R11-00254,2920000,0
R11-00255,2190000,0
R11-00256,54590000,150000
R11-00257,123030000,300000
R11-00258,31940000,60000
R11-00259,66100000,150000
R11-00260,1310000,0
R11-00261,54440000,150000
R11-00262,43550000,150000
R11-00263,23130000,60000
R11-00264,84100000,300000
R11-00265,101940000,300000
R11-00266,31530000,60000
R11-00267,63990000,150000
R11-00268,42400000,150000
R11-00269,87070000,300000
R11-00270,51970000,150000
R11-00271,52400000,150000
R11-00272,2820000,0
R11-00273,35200000,150000
R11-00274,2420000,0
R11-00275,103070000,300000
R11-00276,80180000,300000
R11-00277,32430000,60000
R11-00278,52090000,150000
R11-00279,4180000,0
R11-00280,21080000,60000
R11-00281,27810000,60000
R11-00282,64550000,150000
R11-00283,72450000,300000
R11-00284,22640000,60000
R11-00285,15300000,40000
R11-00286,138500000,600000
R11-00287,44440000,150000
R11-00288,17910000,40000
R11-00289,62190000,150000
R11-00290,32200000,60000
R11-00291,91900000,300000
R11-00292,2310000,0
R11-00293,11920000,40000
R11-00294,12290000,40000
R11-00295,17230000,40000
R11-00296,2970000,0
R11-00297,15720000,40000
R11-00298,67340000,300000
R11-00299,65620000,150000
R11-00300,71680000,300000
R11-00301,42070000,150000
R11-00302,5900000,20000
R11-00303,72130000,300000
R11-00304,72590000,300000
R11-00305,6860000,20000
R11-00306,3870000,0
R11-00307,12140000,40000
R11-00308,41890000,150000
R11-00309,65170000,150000
R11-00310,55170000,150000
R11-00311,41810000,150000
R11-00312,11420000,40000
R11-00313,96550000,300000
R11-00314,61710000,150000
R11-00315,4940000,0
R11-00316,6970000,20000
R11-00317,75950000,300000
R11-00318,12440000,40000
R11-00319,6950000,20000
R11-00320,18810000,40000
R11-00321,87940000,300000
R11-00322,37310000,150000
R11-00323,14090000,40000
R11-00324,65030000,150000
R11-00325,64880000,150000
R11-00326,41090000,150000
R11-00327,67530000,300000
R11-00328,62120000,150000
R11-00329,82360000,300000
R11-00330,23270000,60000
R11-00331,33410000,150000
R11-00332,31100000,60000
R11-00333,24330000,60000
R11-00334,34530000,150000
R11-00335,122660000,300000
R11-00336,44010000,150000
R11-00337,24600000,60000
R11-00338,31810000,60000
R11-00339,37500000,150000
R11-00340,66910000,300000
R11-00341,44610000,150000
R11-00342,25820000,60000
R11-00343,96900000,300000
R11-00344,13210000,40000
R11-00345,23680000,60000
R11-00346,126840000,300000
R11-00347,44870000,150000
R11-00348,65440000,150000
R11-00349,40620000,150000
R11-00350,27270000,60000
R11-00351,13420000,40000
R11-00352,23420000,60000
R11-00353,82710000,300000
R11-00354,57890000,150000
R11-00355,46980000,150000
R11-00356,71430000,300000
R11-00357,63900000,150000
R11-00358,106970000,300000
R11-00359,63100000,150000
R11-00360,30630000,60000
R11-00361,24010000,60000
R11-00362,108490000,300000
R11-00363,33260000,60000
R11-00364,2190000,0
R11-00365,4340000,0
R11-00366,86290000,300000
R11-00367,23320000,60000
R11-00368,61970000,150000
R11-00369,25480000,60000
R11-00370,51480000,150000
R11-00371,101810000,300000
R11-00372,5940000,20000
R11-00373,15400000,40000
R11-00374,71540000,300000
R11-00375,42560000,150000
R11-00376,32710000,60000
R11-00377,31110000,60000
R11-00378,22990000,60000
R11-00379,113280000,300000
R11-00380,46310000,150000
R11-00381,39090000,150000
R11-00382,35040000,150000
R11-00383,103890000,300000
R11-00384,53670000,150000
R11-00385,106940000,300000
R11-00386,3410000,0
R11-00387,42470000,150000
R11-00388,47960000,150000
R11-00389,76590000,300000
R11-00390,11850000,40000
R11-00391,20740000,60000
R11-00392,86130000,300000
R11-00393,15960000,40000
R11-00394,71530000,300000
R11-00395,3910000,0
R11-00396,32670000,60000
R11-00397,35300000,150000
R11-00398,49330000,150000
R11-00399,20990000,60000
R11-00400,23360000,60000
R11-00401,91360000,300000
R11-00402,43320000,150000
R11-00403,47110000,150000
R11-00404,33000000,60000
R11-00405,66440000,150000
R11-00406,54140000,150000
R11-00407,1590000,0
R11-00408,12410000,40000
R11-00409,53320000,150000
R11-00410,71050000,300000
R11-00411,14230000,40000
R11-00412,85410000,300000
R11-00413,46810000,150000
R11-00414,71680000,300000
R11-00415,41090000,150000
R11-00416,13490000,40000
R11-00417,41910000,150000
R11-00418,14340000,40000
R11-00419,87200000,300000
R11-00420,5500000,20000
R11-00421,24530000,60000
R11-00422,4320000,0
R11-00423,41570000,150000
R11-00424,83880000,300000
R11-00425,7770000,20000
R11-00426,51870000,150000
R11-00427,65820000,150000
R11-00428,66320000,150000
R11-00429,4200000,0
R11-00430,106340000,300000
R11-00431,59510000,150000
R11-00432,73520000,300000
R11-00433,102310000,300000
R11-00434,10450000,40000
R11-00435,33080000,60000
R11-00436,60810000,150000
R11-00437,14820000,40000
R11-00438,23760000,60000
R11-00439,5050000,20000
R11-00440,34100000,150000
R11-00441,21850000,60000
R11-00442,14390000,40000
R11-00443,22530000,60000
R11-00444,14220000,40000
R11-00445,92430000,300000
R11-00446,1430000,0
R11-00447,15320000,40000
R11-00448,2480000,0
R11-00449,25410000,60000
R11-00450,23360000,60000
R11-00451,73560000,300000
R11-00452,25800000,60000
R11-00453,47040000,150000
R11-00454,74860000,300000
R11-00455,84240000,300000
R11-00456,11460000,40000
R11-00457,20420000,60000
R11-00458,3580000,0
R11-00459,23860000,60000
R11-00460,24350000,60000
R11-00461,94930000,300000
R11-00462,86540000,300000
R11-00463,6600000,20000
R11-00464,7810000,20000
R11-00465,122710000,300000
R11-00466,8630000,20000
R11-00467,57210000,150000
R11-00468,18570000,40000
R11-00469,52690000,150000
R11-00470,33580000,150000
R11-00471,53050000,150000
R11-00472,52910000,150000
R11-00473,110530000,300000
R11-00474,2890000,0
R11-00475,64180000,150000
R11-00476,6610000,20000
R11-00477,107020000,300000
R11-00478,33580000,150000
R11-00479,42560000,150000
R11-00480,114600000,300000
R11-00481,80180000,300000
R11-00482,4810000,0
R11-00483,114040000,300000
R11-00484,13280000,40000
R11-00485,9020000,20000
R11-00486,17630000,40000
R11-00487,41430000,150000
R11-00488,102190000,300000
R11-00489,32350000,60000
R11-00490,51310000,150000
R11-00491,21200000,60000
R11-00492,81740000,300000
R11-00493,32110000,60000
R11-00494,33850000,150000
R11-00495,67430000,300000
R11-00496,95340000,300000
R11-00497,26440000,60000
R11-00498,23060000,60000
R11-00499,42020000,150000
R11-00500,67840000,300000
R11-00501,88280000,300000
R11-00502,24910000,60000
R11-00503,11090000,40000
R11-00504,68370000,300000
R11-00505,60670000,150000
R11-00506,13240000,40000
R11-00507,55610000,150000
R11-00508,8100000,20000
R11-00509,1780000,0
R11-00510,5870000,20000
R11-00511,1170000,0
R11-00512,63720000,150000
R11-00513,1890000,0
R11-00514,114580000,300000
R11-00515,64250000,150000
R11-00516,21930000,60000
R11-00517,13740000,40000
R11-00518,71620000,300000
R11-00519,23670000,60000
R11-00520,121550000,300000
R11-00521,43330000,150000
R11-00522,17470000,40000
R11-00523,2310000,0
R11-00524,42860000,150000
R11-00525,24080000,60000
R11-00526,92000000,300000
R11-00527,93220000,300000
R11-00528,11960000,40000
R11-00529,91650000,300000
R11-00530,22250000,60000
R11-00531,66560000,150000
R11-00532,92500000,300000
R11-00533,102530000,300000
R11-00534,1680000,0
R11-00535,3880000,0
R11-00536,15110000,40000
R11-00537,23130000,60000
R11-00538,24120000,60000
R11-00539,13940000,40000
R11-00540,63140000,150000
R11-00541,78660000,300000
R11-00542,2860000,0
R11-00543,81400000,300000
R11-00544,2600000,0
R11-00545,23600000,60000
R11-00546,113700000,300000
R11-00547,7300000,20000
R11-00548,52180000,150000
R11-00549,92910000,300000
R11-00550,2230000,0
R11-00551,42700000,150000
R11-00552,12670000,40000
R11-00553,3480000,0
R11-00554,81780000,300000
R11-00555,43320000,150000
R11-00556,74350000,300000
R11-00557,42460000,150000
R11-00558,45120000,150000
R11-00559,73850000,300000
R11-00560,8420000,20000
R11-00561,12050000,40000
R11-00562,73280000,300000
R11-00563,75160000,300000
R11-00564,4540000,0
R11-00565,2160000,0
R11-00566,77880000,300000
R11-00567,22620000,60000
R11-00568,15310000,40000
R11-00569,42210000,150000
R11-00570,66770000,300000
R11-00571,3990000,0
R11-00572,101260000,300000
R11-00573,56550000,150000
R11-00574,64320000,150000
R11-00575,16980000,40000
R11-00576,34240000,150000
R11-00577,20910000,60000
R11-00578,52420000,150000
R11-00579,94840000,300000
R11-00580,43600000,150000
R11-00581,11050000,40000
R11-00582,2350000,0
R11-00583,1800000,0
R11-00584,60760000,150000
R11-00585,47810000,150000
R11-00586,5160000,20000
R11-00587,42190000,150000
R11-00588,73620000,300000
R11-00589,64120000,150000
R11-00590,7470000,20000
R11-00591,2710000,0
R11-00592,12860000,40000
R11-00593,8600000,20000
R11-00594,12290000,40000
R11-00595,52190000,150000
R11-00596,31700000,60000
R11-00597,137940000,600000
R11-00598,36830000,150000
R11-00599,33620000,150000
R11-00600,25350000,60000
R11-00601,43870000,150000
R11-00602,76530000,300000
R11-00603,7180000,20000
R11-00604,22620000,60000
R11-00605,14450000,40000
R11-00606,77960000,300000
R11-00607,44660000,150000
R11-00608,21580000,60000
R11-00609,12010000,40000
R11-00610,21660000,60000
R11-00611,61320000,150000
R11-00612,2040000,0
R11-00613,76380000,300000
R11-00614,87260000,300000
R11-00615,102180000,300000
R11-00616,65970000,150000
R11-00617,47040000,150000
R11-00618,124540000,300000
R11-00619,36050000,150000
R11-00620,33600000,150000
R11-00621,45060000,150000
R11-00622,65180000,150000
R11-00623,2260000,0
R11-00624,5690000,20000
R11-00625,52310000,150000
R11-00626,13950000,40000
R11-00627,82570000,300000
R11-00628,32380000,60000
R11-00629,5290000,20000
R11-00630,37400000,150000
R11-00631,1750000,0
R11-00632,94630000,300000
R11-00633,32100000,60000
R11-00634,43440000,150000
R11-00635,55260000,150000
R11-00636,15210000,40000
R11-00637,2540000,0
R11-00638,128620000,300000
R11-00639,101900000,300000
R11-00640,115400000,300000
R11-00641,57970000,150000
R11-00642,53240000,150000
R11-00643,122670000,300000
R11-00644,104560000,300000
R11-00645,32670000,60000
R11-00646,3210000,0
R11-00647,21600000,60000
R11-00648,97300000,300000
R11-00649,70610000,300000
R11-00650,101940000,300000
R11-00651,94780000,300000
R11-00652,65270000,150000
R11-00653,42080000,150000
R11-00654,1630000,0
R11-00655,4270000,0
R11-00656,5690000,20000
R11-00657,77140000,300000
R11-00658,74540000,300000
R11-00659,28820000,60000
R11-00660,4930000,0
R11-00661,72110000,300000
R11-00662,14400000,40000
R11-00663,55380000,150000
R11-00664,90690000,300000
R11-00665,61170000,150000
R11-00666,2770000,0
R11-00667,91870000,300000
R11-00668,32270000,60000
R11-00669,21140000,60000
R11-00670,1740000,0
R11-00671,15850000,40000
R11-00672,54400000,150000
R11-00673,11810000,40000
R11-00674,32890000,60000
R11-00675,58780000,150000
R11-00676,12880000,40000
R11-00677,46350000,150000
R11-00678,24600000,60000
R11-00679,12130000,40000
R11-00680,101860000,300000
R11-00681,25570000,60000
R11-00682,33260000,60000
R11-00683,51890000,150000
R11-00684,36920000,150000
R11-00685,21540000,60000
R11-00686,81310000,300000
R11-00687,26750000,60000
R11-00688,77640000,300000
R11-00689,2700000,0
R11-00690,4960000,0
R11-00691,94080000,300000
R11-00692,26990000,60000
R11-00693,6160000,20000
R11-00694,86260000,300000
R11-00695,56280000,150000
R11-00696,47510000,150000
R11-00697,78560000,300000
R11-00698,51350000,150000
R11-00699,10900000,40000
R11-00700,61680000,150000
R11-00701,41690000,150000
R11-00702,25050000,60000
R11-00703,114330000,300000
R11-00704,34260000,150000
R11-00705,1170000,0
R11-00706,25510000,60000
R11-00707,31260000,60000
R11-00708,69140000,300000
R11-00709,33980000,150000
R11-00710,13960000,40000
R11-00711,4960000,0
R11-00712,101590000,300000
R11-00713,15650000,40000
R11-00714,1900000,0
R11-00715,38260000,150000
R11-00716,32000000,60000
R11-00717,55140000,150000
R11-00718,32060000,60000
R11-00719,36920000,150000
R11-00720,3200000,0
R11-00721,1230000,0
R11-00722,26250000,60000
R11-00723,94780000,300000
R11-00724,14980000,40000
R11-00725,29300000,60000
R11-00726,136290000,600000
R11-00727,2560000,0
R11-00728,51220000,150000
R11-00729,53820000,150000
R11-00730,89190000,300000
R11-00731,32230000,60000
R11-00732,44010000,150000
R11-00733,540000,0
R11-00734,33360000,150000
R11-00735,35840000,150000
R11-00736,30760000,60000
R11-00737,95740000,300000
R11-00738,91210000,300000
R11-00739,73060000,300000
R11-00740,39450000,150000
R11-00741,20980000,60000
R11-00742,38310000,150000
R11-00743,52310000,150000
R11-00744,3400000,0
R11-00745,104630000,300000
R11-00746,155700000,600000
R11-00747,43410000,150000
R11-00748,31300000,60000
R11-00749,107600000,300000
R11-00750,23990000,60000
R11-00751,3830000,0
R11-00752,11110000,40000
R11-00753,25140000,60000
R11-00754,5200000,20000
R11-00755,40830000,150000
R11-00756,73570000,300000
R11-00757,33680000,150000
R11-00758,60430000,150000
R11-00759,5900000,20000
R11-00760,14860000,40000
R11-00761,7880000,20000
R11-00762,86500000,300000
R11-00763,7780000,20000
R11-00764,74360000,300000
R11-00765,11240000,40000
R11-00766,32660000,60000
R11-00767,70900000,300000
R11-00768,12300000,40000
R11-00769,52970000,150000
R11-00770,54270000,150000
R11-00771,44320000,150000
R11-00772,101550000,300000
R11-00773,53220000,150000
R11-00774,21740000,60000
R11-00775,39480000,150000
R11-00776,52500000,150000
R11-00777,64320000,150000
R11-00778,13970000,40000
R11-00779,74400000,300000
R11-00780,13590000,40000
R11-00781,62430000,150000
R11-00782,41410000,150000
R11-00783,5750000,20000
R11-00784,21540000,60000
R11-00785,64790000,150000
R11-00786,130910000,300000
R11-00787,8650000,20000
R11-00788,45530000,150000
R11-00789,14030000,40000
R11-00790,144630000,600000
R11-00791,31170000,60000
R11-00792,64660000,150000
R11-00793,2590000,0
R11-00794,88150000,300000
R11-00795,84100000,300000
R11-00796,31680000,60000
R11-00797,55710000,150000
R11-00798,75940000,300000
R11-00799,103270000,300000
R11-00800,33760000,150000
R11-00801,2710000,0
R11-00802,5720000,20000
R11-00803,124410000,300000
R11-00804,81200000,300000
R11-00805,13740000,40000
R11-00806,42360000,150000
R11-00807,71660000,300000
R11-00808,55140000,150000
R11-00809,13390000,40000
R11-00810,33340000,150000
R11-00811,65310000,150000
R11-00812,3380000,0
R11-00813,226130000,1000000
R11-00814,31240000,60000
R11-00815,64580000,150000
R11-00816,93650000,300000
R11-00817,32790000,60000
R11-00818,63760000,150000
R11-00819,4240000,0
R11-00820,51930000,150000
R11-00821,10440000,40000
R11-00822,61130000,150000
R11-00823,5660000,20000
R11-00824,4540000,0
R11-00825,11260000,40000
R11-00826,43700000,150000
R11-00827,23730000,60000
R11-00828,43630000,150000
R11-00829,103770000,300000
R11-00830,112490000,300000
R11-00831,17580000,40000
R11-00832,1860000,0
R11-00833,41960000,150000
R11-00834,42780000,150000
R11-00835,149710000,600000
R11-00836,24860000,60000
R11-00837,103400000,300000
R11-00838,25010000,60000
R11-00839,34250000,150000
R11-00840,67640000,300000
R11-00841,56410000,150000
R11-00842,22220000,60000
R11-00843,12910000,40000
R11-00844,97650000,300000
R11-00845,7570000,20000
R11-00846,34640000,150000
R11-00847,13030000,40000
R11-00848,61550000,150000
R11-00849,54380000,150000
R11-00850,3870000,0
R11-00851,37780000,150000
R11-00852,61950000,150000
R11-00853,42830000,150000
R11-00854,4360000,0
R11-00855,46130000,150000
R11-00856,3610000,0
R11-00857,25910000,60000
R11-00858,900000,0
R11-00859,4060000,0
R11-00860,106020000,300000
R11-00861,14740000,40000
R11-00862,92730000,300000
R11-00863,2260000,0
R11-00864,61470000,150000
R11-00865,25030000,60000
R11-00866,4290000,0
R11-00867,52570000,150000
R11-00868,35120000,150000
R11-00869,41990000,150000
R11-00870,25260000,60000
R11-00871,38090000,150000
R11-00872,24330000,60000
R11-00873,4830000,0
R11-00874,22210000,60000
R11-00875,63910000,150000
R11-00876,35220000,150000
R11-00877,11970000,40000
R11-00878,24620000,60000
R11-00879,68240000,300000
R11-00880,41200000,150000
R11-00881,15060000,40000
R11-00882,27770000,60000
R11-00883,22330000,60000
R11-00884,113800000,300000
R11-00885,26090000,60000
R11-00886,910000,0
R11-00887,24000000,60000
R11-00888,113980000,300000
R11-00889,42200000,150000
R11-00890,16560000,40000
R11-00891,83350000,300000
R11-00892,87320000,300000
R11-00893,30860000,60000
R11-00894,73130000,300000
R11-00895,13820000,40000
R11-00896,18230000,40000
R11-00897,96580000,300000
R11-00898,31740000,60000
R11-00899,106890000,300000
R11-00900,43480000,150000
R11-00901,35070000,150000
R11-00902,37620000,150000
R11-00903,71180000,300000
R11-00904,34500000,150000
R11-00905,58210000,150000
R11-00906,71820000,300000
R11-00907,51330000,150000
R11-00908,57500000,150000
R11-00909,11420000,40000
R11-00910,46730000,150000
R11-00911,4970000,0
R11-00912,25160000,60000
R11-00913,34770000,150000
R11-00914,92150000,300000
R11-00915,64770000,150000
R11-00916,79550000,300000
R11-00917,15450000,40000
R11-00918,24830000,60000
R11-00919,33560000,150000
R11-00920,18160000,40000
R11-00921,2490000,0
R11-00922,60920000,150000
R11-00923,11300000,40000
R11-00924,33990000,150000
R11-00925,16090000,40000
R11-00926,76820000,300000
R11-00927,35250000,150000
R11-00928,22360000,60000
R11-00929,43300000,150000
R11-00930,8910000,20000
R11-00931,96260000,300000
R11-00932,16560000,40000
R11-00933,100300000,300000
R11-00934,43640000,150000
R11-00935,77070000,300000
R11-00936,17150000,40000
R11-00937,11330000,40000
R11-00938,17590000,40000
R11-00939,27420000,60000
R11-00940,31350000,60000
R11-00941,84530000,300000
R11-00942,84240000,300000
R11-00943,17220000,40000
R11-00944,42760000,150000
R11-00945,6150000,20000
R11-00946,33210000,60000
R11-00947,3520000,0
R11-00948,24210000,60000
R11-00949,52550000,150000
R11-00950,57190000,150000
R11-00951,23870000,60000
R11-00952,36620000,150000
R11-00953,72930000,300000
R11-00954,55130000,150000
R11-00955,2450000,0
R11-00956,47550000,150000
R11-00957,13560000,40000
R11-00958,30870000,60000
R11-00959,10480000,40000
R11-00960,64330000,150000
R11-00961,22310000,60000
R11-00962,131930000,300000
R11-00963,61570000,150000
R11-00964,23180000,60000
R11-00965,36830000,150000
R11-00966,82850000,300000
R11-00967,23980000,60000
R11-00968,105980000,300000
R11-00969,46470000,150000
R11-00970,43320000,150000
R11-00971,3330000,0
R11-00972,47610000,150000
R11-00973,23540000,60000
R11-00974,41900000,150000
R11-00975,25780000,60000
R11-00976,76320000,300000
R11-00977,6180000,20000
R11-00978,2070000,0
R11-00979,51740000,150000
R11-00980,73910000,300000
R11-00981,36420000,150000
R11-00982,63770000,150000
R11-00983,22200000,60000
R11-00984,21330000,60000
R11-00985,24580000,60000
R11-00986,125540000,300000
R11-00987,33940000,150000
R11-00988,14450000,40000
R11-00989,2340000,0
R11-00990,73480000,300000
R11-00991,2310000,0
R11-00992,57090000,150000
R11-00993,4430000,0
R11-00994,27530000,60000
R11-00995,6230000,20000
R11-00996,25580000,60000
R11-00997,3110000,0
R11-00998,31920000,60000
R11-00999,13880000,40000
R11-01000,5270000,20000
R11-01001,17680000,40000
R11-01002,33060000,60000
R11-01003,22870000,60000
R11-01004,66760000,300000
R11-01005,33140000,60000
R11-01006,74730000,300000
R11-01007,22260000,60000
R11-01008,101580000,300000
R11-01009,15630000,40000
R11-01010,47230000,150000
R11-01011,32530000,60000
R11-01012,32440000,60000
R11-01013,12210000,40000
R11-01014,15880000,40000
R11-01015,14100000,40000
R11-01016,102760000,300000
R11-01017,31680000,60000
R11-01018,84450000,300000
R11-01019,67900000,300000
R11-01020,4480000,0
R11-01021,108180000,300000
R11-01022,14570000,40000
R11-01023,4180000,0
R11-01024,23860000,60000
R11-01025,44810000,150000
R11-01026,83570000,300000
R11-01027,43020000,150000
R11-01028,22010000,60000
R11-01029,85050000,300000
R11-01030,82050000,300000
R11-01031,14580000,40000
R11-01032,2530000,0
R11-01033,31260000,60000
R11-01034,118500000,300000
R11-01035,74820000,300000
R11-01036,31830000,60000
R11-01037,61580000,150000
R11-01038,44250000,150000
R11-01039,29200000,60000
R11-01040,71930000,300000
R11-01041,71410000,300000
R11-01042,84160000,300000
R11-01043,13160000,40000
R11-01044,3900000,0
R11-01045,13480000,40000
R11-01046,4590000,0
R11-01047,73900000,300000
R11-01048,65780000,150000
R11-01049,64530000,150000
R11-01050,54640000,150000
R11-01051,3170000,0
R11-01052,71510000,300000
R11-01053,24540000,60000
R11-01054,62220000,150000
R11-01055,33530000,150000
R11-01056,61490000,150000
R11-01057,75570000,300000
R11-01058,112100000,300000
R11-01059,1320000,0
R11-01060,62860000,150000
R11-01061,52870000,150000
R11-01062,53800000,150000
R11-01063,21080000,60000
R11-01064,16120000,40000
R11-01065,88340000,300000
R11-01066,13100000,40000
R11-01067,12850000,40000
R11-01068,45090000,150000
R11-01069,55470000,150000
R11-01070,53410000,150000
R11-01071,54620000,150000
R11-01072,82430000,300000
R11-01073,7550000,20000
R11-01074,3330000,0
R11-01075,78520000,300000
R11-01076,5350000,20000
R11-01077,4880000,0
R11-01078,92080000,300000
R11-01079,42170000,150000
R11-01080,42440000,150000
R11-01081,62590000,150000
R11-01082,73800000,300000
R11-01083,41850000,150000
R11-01084,68040000,300000
R11-01085,42350000,150000
R11-01086,3750000,0
R11-01087,21270000,60000
R11-01088,93630000,300000
R11-01089,15440000,40000
R11-01090,73730000,300000
R11-01091,53520000,150000
R11-01092,24630000,60000
R11-01093,105700000,300000
R11-01094,54310000,150000
R11-01095,24040000,60000
R11-01096,2700000,0
R11-01097,5380000,20000
R11-01098,35190000,150000
R11-01099,71570000,300000
R11-01100,32210000,60000
R11-01101,73770000,300000
R11-01102,5980000,20000
R11-01103,22440000,60000
R11-01104,136720000,600000
R11-01105,21680000,60000
R11-01106,33860000,150000
R11-01107,80930000,300000
R11-01108,73050000,300000
R11-01109,64540000,150000
R11-01110,51680000,150000
R11-01111,86380000,300000
R11-01112,7630000,20000
R11-01113,24590000,60000
R11-01114,31890000,60000
R11-01115,50190000,150000
R11-01116,22430000,60000
R11-01117,87180000,300000
R11-01118,23730000,60000
R11-01119,3500000,0
R11-01120,107870000,300000
R11-01121,4030000,0
R11-01122,85150000,300000
R11-01123,44930000,150000
R11-01124,33730000,150000
R11-01125,1760000,0
R11-01126,34170000,150000
R11-01127,51000000,150000
R11-01128,76340000,300000
R11-01129,81560000,300000
R11-01130,50930000,150000
R11-01131,41800000,150000
R11-01132,20460000,60000
R11-01133,32400000,60000
R11-01134,12770000,40000
R11-01135,14020000,40000
R11-01136,2440000,0
R11-01137,14440000,40000
R11-01138,33450000,150000
R11-01139,21000000,60000
R11-01140,82500000,300000
R11-01141,23300000,60000
R11-01142,5220000,20000
R11-01143,2960000,0
R11-01144,33600000,150000
R11-01145,41500000,150000
R11-01146,23580000,60000
R11-01147,34160000,150000
R11-01148,3540000,0
R11-01149,64380000,150000
R11-01150,17510000,40000
R11-01151,72270000,300000
R11-01152,21150000,60000
R11-01153,107690000,300000
R11-01154,2640000,0
R11-01155,4720000,0
R11-01156,33770000,150000
R11-01157,20750000,60000
R11-01158,11950000,40000
R11-01159,6600000,20000
R11-01160,133710000,600000
R11-01161,18080000,40000
R11-01162,21480000,60000
R11-01163,6620000,20000
R11-01164,33020000,60000
R11-01165,75690000,300000
R11-01166,42890000,150000
R11-01167,65480000,150000
R11-01168,121210000,300000
R11-01169,4360000,0
R11-01170,72720000,300000
R11-01171,60510000,150000
R11-01172,3320000,0
R11-01173,72250000,300000
R11-01174,42270000,150000
R11-01175,82100000,300000
R11-01176,31750000,60000
R11-01177,41080000,150000
R11-01178,23520000,60000
R11-01179,5050000,20000
R11-01180,82210000,300000
R11-01181,3150000,0
R11-01182,6720000,20000
R11-01183,107950000,300000
R11-01184,43850000,150000
R11-01185,72230000,300000
R11-01186,31180000,60000
R11-01187,51260000,150000
R11-01188,11600000,40000
R11-01189,22190000,60000
R11-01190,48680000,150000
R11-01191,6240000,20000
R11-01192,42120000,150000
R11-01193,6290000,20000
R11-01194,93790000,300000
R11-01195,22910000,60000
R11-01196,61910000,150000
R11-01197,11070000,40000
R11-01198,102200000,300000
R11-01199,24620000,60000
R11-01200,77270000,300000
R11-01201,83350000,300000
R11-01202,51860000,150000
R11-01203,31600000,60000
R11-01204,2740000,0
R11-01205,11570000,40000
R11-01206,33340000,150000
R11-01207,25110000,60000
R11-01208,21420000,60000
R11-01209,74730000,300000
R11-01210,42810000,150000
R11-01211,21640000,60000
R11-01212,1180000,0
R11-01213,490000,0
R11-01214,73870000,300000
R11-01215,12820000,40000
R11-01216,92410000,300000
R11-01217,890000,0
R11-01218,18000000,40000
R11-01219,81420000,300000
R11-01220,37070000,150000
R11-01221,10130000,40000
R11-01222,36380000,150000
R11-01223,146480000,600000
R11-01224,76310000,300000
R11-01225,24080000,60000
R11-01226,92900000,300000
R11-01227,1130000,0
R11-01228,310000,0
R11-01229,75460000,300000
R11-01230,15440000,40000
R11-01231,54080000,150000
R11-01232,104560000,300000
R11-01233,41690000,150000
R11-01234,82710000,300000
R11-01235,113610000,300000
R11-01236,25180000,60000
R11-01237,44410000,150000
R11-01238,20350000,60000
R11-01239,27780000,60000
R11-01240,73060000,300000
R11-01241,44040000,150000
R11-01242,66390000,150000
R11-01243,73830000,300000
R11-01244,57360000,150000
R11-01245,115720000,300000
R11-01246,71800000,300000
R11-01247,40780000,150000
R11-01248,116550000,300000
R11-01249,6070000,20000
R11-01250,24220000,60000
R11-01251,6030000,20000
R11-01252,13530000,40000
R11-01253,21730000,60000
R11-01254,81430000,300000
R11-01255,42430000,150000
R11-01256,28180000,60000
R11-01257,36680000,150000
R11-01258,92990000,300000
R11-01259,5260000,20000
R11-01260,81090000,300000
R11-01261,25520000,60000
R11-01262,112030000,300000
R11-01263,23410000,60000
R11-01264,31870000,60000
R11-01265,98310000,300000
R11-01266,2900000,0
R11-01267,11380000,40000
R11-01268,75530000,300000
R11-01269,34680000,150000
R11-01270,15070000,40000
R11-01271,92190000,300000
R11-01272,16330000,40000
R11-01273,27410000,60000
R11-01274,62120000,150000
R11-01275,11450000,40000
R11-01276,55310000,150000
R11-01277,82550000,300000
R11-01278,43750000,150000
R11-01279,77300000,300000
R11-01280,152380000,600000
R11-01281,44050000,150000
R11-01282,62150000,150000
R11-01283,52760000,150000
R11-01284,34750000,150000
R11-01285,14840000,40000
R11-01286,4630000,0
R11-01287,61540000,150000
R11-01288,93760000,300000
R11-01289,48050000,150000
R11-01290,29250000,60000
R11-01291,39710000,150000
R11-01292,50880000,150000
R11-01293,64450000,150000
R11-01294,78910000,300000
R11-01295,14170000,40000
R11-01296,43070000,150000
R11-01297,46240000,150000
R11-01298,92610000,300000
R11-01299,103790000,300000
R11-01300,1610000,0
R11-01301,5150000,20000
R11-01302,42470000,150000
R11-01303,28750000,60000
R11-01304,12230000,40000
R11-01305,84930000,300000
R11-01306,53400000,150000
R11-01307,38870000,150000
R11-01308,12720000,40000
R11-01309,85670000,300000
R11-01310,62610000,150000
R11-01311,60780000,150000
R11-01312,25330000,60000
R11-01313,14530000,40000
R11-01314,3410000,0
R11-01315,3910000,0
R11-01316,25170000,60000
R11-01317,144380000,600000
R11-01318,4680000,0
R11-01319,15950000,40000
R11-01320,62950000,150000
R11-01321,42790000,150000
R11-01322,54470000,150000
R11-01323,16270000,40000
R11-01324,36390000,150000
R11-01325,13220000,40000
R11-01326,22060000,60000
R11-01327,30560000,60000
R11-01328,24270000,60000
R11-01329,54590000,150000
R11-01330,25200000,60000
R11-01331,15470000,40000
R11-01332,81860000,300000
R11-01333,76510000,300000
R11-01334,42980000,150000
R11-01335,29000000,60000
R11-01336,21910000,60000
R11-01337,25000000,60000
R11-01338,42950000,150000
R11-01339,27120000,60000
R11-01340,143270000,600000
R11-01341,24140000,60000
R11-01342,53900000,150000
R11-01343,94420000,300000
R11-01344,95600000,300000
R11-01345,3280000,0
R11-01346,54790000,150000
R11-01347,10400000,40000
R11-01348,92990000,300000
R11-01349,71960000,300000
R11-01350,33960000,150000
R11-01351,75400000,300000
R11-01352,6980000,20000
R11-01353,95270000,300000
R11-01354,12540000,40000
R11-01355,67670000,300000
R11-01356,30550000,60000
R11-01357,32470000,60000
R11-01358,121510000,300000
R11-01359,34180000,150000
R11-01360,23220000,60000
R11-01361,46410000,150000
R11-01362,14210000,40000
R11-01363,2220000,0
R11-01364,53590000,150000
R11-01365,64850000,150000
R11-01366,122990000,300000
R11-01367,34190000,150000
R11-01368,43260000,150000
R11-01369,53350000,150000
R11-01370,83650000,300000
R11-01371,3960000,0
R11-01372,105400000,300000
R11-01373,12240000,40000
R11-01374,40400000,150000
R11-01375,4650000,0
R11-01376,34370000,150000
R11-01377,121220000,300000
R11-01378,57060000,150000
R11-01379,65580000,150000
R11-01380,12820000,40000
R11-01381,4460000,0
R11-01382,51960000,150000
R11-01383,63780000,150000
R11-01384,22970000,60000
R11-01385,41220000,150000
R11-01386,34040000,150000
R11-01387,33340000,150000
R11-01388,103870000,300000
R11-01389,22630000,60000
R11-01390,29140000,60000
R11-01391,76130000,300000
R11-01392,71710000,300000
R11-01393,63180000,150000
R11-01394,123770000,300000
R11-01395,146140000,600000
R11-01396,17470000,40000
R11-01397,280000,0
R11-01398,23350000,60000
R11-01399,1150000,0
R11-01400,67290000,300000
R11-01401,2820000,0
R11-01402,2880000,0
R11-01403,86190000,300000
R11-01404,44550000,150000
R11-01405,101180000,300000
R11-01406,92900000,300000
R11-01407,43220000,150000
R11-01408,2610000,0
R11-01409,35830000,150000
R11-01410,3520000,0
R11-01411,47650000,150000
R11-01412,3920000,0
R11-01413,32910000,60000
R11-01414,22490000,60000
R11-01415,53260000,150000
R11-01416,5000000,20000
R11-01417,31880000,60000
R11-01418,15870000,40000
R11-01419,80650000,300000
R11-01420,91390000,300000
R11-01421,5090000,20000
R11-01422,110880000,300000
R11-01423,71940000,300000
R11-01424,32780000,60000
R11-01425,26410000,60000
R11-01426,23710000,60000
R11-01427,1930000,0
R11-01428,91660000,300000
R11-01429,5830000,20000
R11-01430,2380000,0
R11-01431,62020000,150000
R11-01432,133940000,600000
R11-01433,46480000,150000
R11-01434,36130000,150000
R11-01435,53330000,150000
R11-01436,26040000,60000
R11-01437,85160000,300000
R11-01438,1810000,0
R11-01439,13920000,40000
R11-01440,7560000,20000
R11-01441,172410000,600000
R11-01442,55830000,150000
R11-01443,56660000,150000
R11-01444,13010000,40000
R11-01445,95080000,300000
R11-01446,31610000,60000
R11-01447,14200000,40000
R11-01448,1560000,0
R11-01449,11840000,40000
R11-01450,88880000,300000
R11-01451,31800000,60000
R11-01452,31400000,60000
R11-01453,63850000,150000
R11-01454,87390000,300000
R11-01455,16610000,40000
R11-01456,108520000,300000
R11-01457,32700000,60000
R11-01458,94770000,300000
R11-01459,3470000,0
R11-01460,42850000,150000
R11-01461,44700000,150000
R11-01462,117960000,300000
R11-01463,10400000,40000
R11-01464,46760000,150000
R11-01465,15990000,40000
R11-01466,55810000,150000
R11-01467,122640000,300000
R11-01468,16130000,40000
R11-01469,42690000,150000
R11-01470,44950000,150000
R11-01471,14350000,40000
R11-01472,63630000,150000
R11-01473,22740000,60000
R11-01474,25940000,60000
R11-01475,48450000,150000
R11-01476,82260000,300000
R11-01477,64180000,150000
R11-01478,41660000,150000
R11-01479,60520000,150000
R11-01480,42860000,150000
R11-01481,73200000,300000
R11-01482,67250000,300000
R11-01483,101620000,300000
R11-01484,67660000,300000
R11-01485,31790000,60000
R11-01486,44060000,150000
R11-01487,2540000,0
R11-01488,105400000,300000
R11-01489,16280000,40000
R11-01490,1120000,0
R11-01491,54320000,150000
R11-01492,3050000,0
R11-01493,83210000,300000
R11-01494,78410000,300000
R11-01495,4980000,0
R11-01496,11900000,40000
R11-01497,32170000,60000
R11-01498,42650000,150000
R11-01499,65320000,150000
R11-01500,22610000,60000
R11-01501,83880000,300000
R11-01502,71740000,300000
R11-01503,70760000,300000
R11-01504,95320000,300000
R11-01505,21990000,60000
R11-01506,33960000,150000
R11-01507,2060000,0
R11-01508,171880000,600000
R11-01509,45660000,150000
R11-01510,1610000,0
R11-01511,34800000,150000
R11-01512,83100000,300000
R11-01513,142280000,600000
R11-01514,73450000,300000
R11-01515,62670000,150000
R11-01516,40590000,150000
R11-01517,15270000,40000
R11-01518,24340000,60000
R11-01519,62470000,150000
R11-01520,1670000,0
R11-01521,42790000,150000
R11-01522,51570000,150000
R11-01523,24600000,60000
R11-01524,570000,0
R11-01525,32430000,60000
R11-01526,27730000,60000
R11-01527,94890000,300000
R11-01528,20470000,60000
R11-01529,16570000,40000
R11-01530,6840000,20000
R11-01531,74700000,300000
R11-01532,42990000,150000
R11-01533,26270000,60000
R11-01534,32820000,60000
R11-01535,23470000,60000
R11-01536,24920000,60000
R11-01537,43790000,150000
R11-01538,34590000,150000
R11-01539,56140000,150000
R11-01540,38390000,150000
R11-01541,31610000,60000
R11-01542,64480000,150000
R11-01543,2320000,0
R11-01544,29700000,60000
R11-01545,14240000,40000
R11-01546,95200000,300000
R11-01547,65330000,150000
R11-01548,53490000,150000
R11-01549,30520000,60000
R11-01550,25390000,60000
R11-01551,27340000,60000
R11-01552,41720000,150000
R11-01553,64690000,150000
R11-01554,34520000,150000
R11-01555,72430000,300000
R11-01556,5450000,20000
R11-01557,13370000,40000
R11-01558,61220000,150000
R11-01559,64920000,150000
R11-01560,91160000,300000
R11-01561,2410000,0
R11-01562,27550000,60000
R11-01563,11240000,40000
R11-01564,36420000,150000
R11-01565,45360000,150000
R11-01566,20500000,60000
R11-01567,22720000,60000
R11-01568,51380000,150000
R11-01569,145360000,600000
R11-01570,46500000,150000
R11-01571,4990000,0
R11-01572,36430000,150000
R11-01573,15510000,40000
R11-01574,3120000,0
R11-01575,24130000,60000
R11-01576,55480000,150000
R11-01577,103190000,300000
R11-01578,44000000,150000
R11-01579,2590000,0
R11-01580,84230000,300000
R11-01581,8140000,20000
R11-01582,102110000,300000
R11-01583,45810000,150000
R11-01584,72030000,300000
R11-01585,53070000,150000
R11-01586,60600000,150000
R11-01587,132360000,300000
R11-01588,22050000,60000
R11-01589,46360000,150000
R11-01590,34370000,150000
R11-01591,63230000,150000
R11-01592,61150000,150000
R11-01593,3620000,0
R11-01594,14380000,40000
R11-01595,23300000,60000
R11-01596,36630000,150000
R11-01597,68960000,300000
R11-01598,55390000,150000
R11-01599,24220000,60000
R11-01600,54550000,150000
R11-01601,22620000,60000
R11-01602,5980000,20000
R11-01603,66050000,150000
R11-01604,32730000,60000
R11-01605,6150000,20000
R11-01606,62020000,150000
R11-01607,36030000,150000
R11-01608,98540000,300000
R11-01609,72810000,300000
R11-01610,28900000,60000
R11-01611,48580000,150000
R11-01612,53620000,150000
R11-01613,57370000,150000
R11-01614,123150000,300000
R11-01615,21700000,60000
R11-01616,96510000,300000
R11-01617,92730000,300000
R11-01618,99300000,300000
R11-01619,52290000,150000
R11-01620,56980000,150000
R11-01621,24330000,60000
R11-01622,50320000,150000
R11-01623,17660000,40000
R11-01624,86310000,300000
R11-01625,26380000,60000
R11-01626,3520000,0
R11-01627,93140000,300000
R11-01628,98050000,300000
R11-01629,14950000,40000
R11-01630,17680000,40000
R11-01631,53820000,150000
R11-01632,7750000,20000
R11-01633,15000000,40000
R11-01634,93000000,300000
R11-01635,88460000,300000
R11-01636,87140000,300000
R11-01637,92390000,300000
R11-01638,47140000,150000
R11-01639,113100000,300000
R11-01640,77070000,300000
R11-01641,22970000,60000
R11-01642,83930000,300000
R11-01643,71060000,300000
R11-01644,114660000,300000
R11-01645,4950000,0
R11-01646,15740000,40000
R11-01647,31990000,60000
R11-01648,55700000,150000
R11-01649,92880000,300000
R11-01650,41310000,150000
R11-01651,1250000,0
R11-01652,88650000,300000
R11-01653,11850000,40000
R11-01654,33020000,60000
R11-01655,75000000,300000
R11-01656,121030000,300000
R11-01657,44300000,150000
R11-01658,41550000,150000
R11-01659,23240000,60000
R11-01660,92260000,300000
R11-01661,52860000,150000
R11-01662,24120000,60000
R11-01663,33650000,150000
R11-01664,11620000,40000
R11-01665,44490000,150000
R11-01666,1820000,0
R11-01667,12740000,40000
R11-01668,97980000,300000
R11-01669,84390000,300000
R11-01670,33970000,150000
R11-01671,38860000,150000
R11-01672,5180000,20000
R11-01673,73850000,300000
R11-01674,1580000,0
R11-01675,75500000,300000
R11-01676,152100000,600000
R11-01677,2730000,0
R11-01678,3270000,0
R11-01679,65590000,150000
R11-01680,32930000,60000
R11-01681,33060000,60000
R11-01682,27550000,60000
R11-01683,52970000,150000
R11-01684,53630000,150000
R11-01685,4740000,0
R11-01686,103320000,300000
R11-01687,32600000,60000
R11-01688,13290000,40000
R11-01689,13120000,40000
R11-01690,23100000,60000
R11-01691,7000000,20000
R11-01692,35130000,150000
R11-01693,5010000,20000
R11-01694,51450000,150000
R11-01695,19040000,40000
R11-01696,15910000,40000
R11-01697,37650000,150000
R11-01698,12960000,40000
R11-01699,17000000,40000
R11-01700,96670000,300000
R11-01701,33280000,60000
R11-01702,52860000,150000
R11-01703,71990000,300000
R11-01704,4720000,0
R11-01705,116090000,300000
R11-01706,37670000,150000
R11-01707,3370000,0
R11-01708,15980000,40000
R11-01709,5890000,20000
R11-01710,238320000,1000000
R11-01711,1790000,0
R11-01712,14300000,40000
R11-01713,11000000,40000
R11-01714,127900000,300000
R11-01715,136280000,600000
R11-01716,7790000,20000
R11-01717,112820000,300000
R11-01718,3050000,0
R11-01719,12700000,40000
R11-01720,83470000,300000
R11-01721,92180000,300000
R11-01722,45220000,150000
R11-01723,6720000,20000
R11-01724,42220000,150000
R11-01725,10130000,40000
R11-01726,18490000,40000
R11-01727,112340000,300000
R11-01728,7330000,20000
R11-01729,52850000,150000
R11-01730,24820000,60000
R11-01731,31650000,60000
R11-01732,27560000,60000
R11-01733,94190000,300000
R11-01734,31950000,60000
R11-01735,31340000,60000
R11-01736,62700000,150000
R11-01737,83320000,300000
R11-01738,48860000,150000
R11-01739,8110000,20000
R11-01740,12320000,40000
R11-01741,222400000,1000000
R11-01742,22170000,60000
R11-01743,93850000,300000
R11-01744,61680000,150000
R11-01745,84700000,300000
R11-01746,67620000,300000
R11-01747,71590000,300000
R11-01748,110550000,300000
R11-01749,47370000,150000
R11-01750,66790000,300000
R11-01751,60230000,150000
R11-01752,11440000,40000
R11-01753,24650000,60000
R11-01754,8570000,20000
R11-01755,75160000,300000
R11-01756,56440000,150000
R11-01757,75320000,300000
R11-01758,30830000,60000
R11-01759,38350000,150000
R11-01760,62580000,150000
R11-01761,1150000,0
R11-01762,12130000,40000
R11-01763,15160000,40000
R11-01764,15960000,40000
R11-01765,33550000,150000
R11-01766,81220000,300000
R11-01767,57370000,150000
R11-01768,35420000,150000
R11-01769,52630000,150000
R11-01770,14040000,40000
R11-01771,51490000,150000
R11-01772,42510000,150000
R11-01773,102260000,300000
R11-01774,77500000,300000
R11-01775,83010000,300000
R11-01776,66260000,150000
R11-01777,41880000,150000
R11-01778,141730000,600000
R11-01779,45530000,150000
R11-01780,90670000,300000
R11-01781,90720000,300000
R11-01782,2800000,0
R11-01783,27520000,60000
R11-01784,68100000,300000
R11-01785,51300000,150000
R11-01786,15690000,40000
R11-01787,37170000,150000
R11-01788,2320000,0
R11-01789,2570000,0
R11-01790,53890000,150000
R11-01791,93710000,300000
R11-01792,11560000,40000
R11-01793,73730000,300000
R11-01794,46830000,150000
R11-01795,47330000,150000
R11-01796,5090000,20000
R11-01797,12230000,40000
R11-01798,12000000,40000
R11-01799,83430000,300000
R11-01800,43480000,150000
R11-01801,3850000,0
R11-01802,125170000,300000
R11-01803,12360000,40000
R11-01804,11490000,40000
R11-01805,53880000,150000
R11-01806,31130000,60000
R11-01807,74130000,300000
R11-01808,78900000,300000
R11-01809,51580000,150000
R11-01810,41770000,150000
R11-01811,157800000,600000
R11-01812,125540000,300000
R11-01813,81640000,300000
R11-01814,73480000,300000
R11-01815,89110000,300000
R11-01816,74980000,300000
R11-01817,30110000,60000
R11-01818,41130000,150000
R11-01819,3860000,0
R11-01820,43880000,150000
R11-01821,66760000,300000
R11-01822,73120000,300000
R11-01823,20640000,60000
R11-01824,3960000,0
R11-01825,72290000,300000
R11-01826,24740000,60000
R11-01827,102000000,300000
R11-01828,15770000,40000
R11-01829,33650000,150000
R11-01830,12510000,40000
R11-01831,76580000,300000
R11-01832,17570000,40000
R11-01833,11980000,40000
R11-01834,34450000,150000
R11-01835,61370000,150000
R11-01836,53090000,150000
R11-01837,60310000,150000
R11-01838,64540000,150000
R11-01839,54150000,150000
R11-01840,28520000,60000
R11-01841,47120000,150000
R11-01842,92050000,300000
R11-01843,100460000,300000
R11-01844,54000000,150000
R11-01845,12230000,40000
R11-01846,122640000,300000
R11-01847,2030000,0
R11-01848,32840000,60000
R11-01849,28370000,60000
R11-01850,43380000,150000
R11-01851,53550000,150000
R11-01852,22660000,60000
R11-01853,1250000,0
R11-01854,74570000,300000
R11-01855,26120000,60000
R11-01856,32760000,60000
R11-01857,37850000,150000
R11-01858,16480000,40000
R11-01859,46420000,150000
R11-01860,50950000,150000
R11-01861,117940000,300000
R11-01862,4980000,0
R11-01863,112490000,300000
R11-01864,2810000,0
R11-01865,43420000,150000
R11-01866,34760000,150000
R11-01867,12360000,40000
R11-01868,45520000,150000
R11-01869,27250000,60000
R11-01870,41500000,150000
R11-01871,43890000,150000
R11-01872,24080000,60000
R11-01873,23710000,60000
R11-01874,76310000,300000
R11-01875,24400000,60000
R11-01876,34020000,150000
R11-01877,26210000,60000
R11-01878,11570000,40000
R11-01879,44980000,150000
R11-01880,32730000,60000
R11-01881,117450000,300000
R11-01882,4020000,0
R11-01883,34290000,150000
R11-01884,82620000,300000
R11-01885,82020000,300000
R11-01886,46440000,150000
R11-01887,101560000,300000
R11-01888,61480000,150000
R11-01889,140720000,600000
R11-01890,112880000,300000
R11-01891,60960000,150000
R11-01892,4360000,0
R11-01893,103480000,300000
R11-01894,15200000,40000
R11-01895,52510000,150000
R11-01896,3710000,0
R11-01897,32670000,60000
R11-01898,47180000,150000
R11-01899,23730000,60000
R11-01900,42620000,150000
R11-01901,64680000,150000
R11-01902,35370000,150000
R11-01903,61480000,150000
R11-01904,102710000,300000
R11-01905,61760000,150000
R11-01906,44640000,150000
R11-01907,4930000,0
R11-01908,132680000,300000
R11-01909,16590000,40000
R11-01910,72790000,300000
R11-01911,20560000,60000
R11-01912,23800000,60000
R11-01913,51600000,150000
R11-01914,23620000,60000
R11-01915,26230000,60000
R11-01916,72040000,300000
R11-01917,62780000,150000
R11-01918,24570000,60000
R11-01919,43860000,150000
R11-01920,27280000,60000
R11-01921,61200000,150000
R11-01922,25870000,60000
R11-01923,22980000,60000
R11-01924,92590000,300000
R11-01925,7390000,20000
R11-01926,105990000,300000
R11-01927,116010000,300000
R11-01928,4810000,0
R11-01929,4750000,0
R11-01930,53470000,150000
R11-01931,101830000,300000
R11-01932,39810000,150000
R11-01933,43360000,150000
R11-01934,113100000,300000
R11-01935,31940000,60000
R11-01936,21820000,60000
R11-01937,38870000,150000
R11-01938,113160000,300000
R11-01939,3820000,0
R11-01940,87750000,300000
R11-01941,32010000,60000
R11-01942,82830000,300000
R11-01943,77680000,300000
R11-01944,135510000,600000
R11-01945,8340000,20000
R11-01946,50570000,150000
R11-01947,42810000,150000
R11-01948,21540000,60000
R11-01949,1590000,0
R11-01950,77030000,300000
R11-01951,71970000,300000
R11-01952,47300000,150000
R11-01953,67210000,300000
R11-01954,4100000,0
R11-01955,45770000,150000
R11-01956,2050000,0
R11-01957,15050000,40000
R11-01958,58480000,150000
R11-01959,7770000,20000
R11-01960,104530000,300000
R11-01961,2900000,0
R11-01962,33100000,60000
R11-01963,8360000,20000
R11-01964,117220000,300000
R11-01965,71910000,300000
R11-01966,26510000,60000
R11-01967,23420000,60000
R11-01968,20500000,60000
R11-01969,47910000,150000
R11-01970,2640000,0
R11-01971,3240000,0
R11-01972,33460000,150000
R11-01973,104900000,300000
R11-01974,43990000,150000
R11-01975,23570000,60000
R11-01976,41140000,150000
R11-01977,56840000,150000
R11-01978,4100000,0
R11-01979,37610000,150000
R11-01980,36280000,150000
R11-01981,52890000,150000
R11-01982,76060000,300000
R11-01983,34720000,150000
R11-01984,5290000,20000
R11-01985,13870000,40000
R11-01986,1580000,0
R11-01987,43080000,150000
R11-01988,8140000,20000
R11-01989,93790000,300000
R11-01990,21840000,60000
R11-01991,53640000,150000
R11-01992,75050000,300000
R11-01993,6530000,20000
R11-01994,62740000,150000
R11-01995,56280000,150000
R11-01996,13560000,40000
R11-01997,2040000,0
R11-01998,30580000,60000
R11-01999,126630000,300000
R11-02000,1250000,0
R11-02001,8960000,20000
R11-02002,8020000,20000
R11-02003,60960000,150000
R11-02004,50330000,150000
R11-02005,5740000,20000
R11-02006,37960000,150000
R11-02007,45760000,150000
R11-02008,23940000,60000
R11-02009,2930000,0
R11-02010,21170000,60000
R11-02011,82280000,300000
R11-02012,23750000,60000
R11-02013,145660000,600000
R11-02014,12190000,40000
R11-02015,46240000,150000
R11-02016,28500000,60000
R11-02017,61960000,150000
R11-02018,4310000,0
R11-02019,880000,0
R11-02020,1490000,0
R11-02021,4090000,0
R11-02022,3780000,0
R11-02023,33310000,60000
R11-02024,28410000,60000
R11-02025,52110000,150000
R11-02026,31570000,60000
R11-02027,12200000,40000
R11-02028,2120000,0
R11-02029,45390000,150000
R11-02030,64480000,150000
R11-02031,23700000,60000
R11-02032,2510000,0
R11-02033,107310000,300000
R11-02034,42760000,150000
R11-02035,46510000,150000
R11-02036,33740000,150000
R11-02037,27500000,60000
R11-02038,81490000,300000
R11-02039,71030000,300000
R11-02040,4170000,0
R11-02041,22420000,60000
R11-02042,37220000,150000
R11-02043,50830000,150000
R11-02044,76370000,300000
R11-02045,43090000,150000
R11-02046,60270000,150000
R11-02047,37790000,150000
R11-02048,2560000,0
R11-02049,34410000,150000
R11-02050,50570000,150000
R11-02051,64720000,150000
R11-02052,5540000,20000
R11-02053,5500000,20000
R11-02054,112440000,300000
R11-02055,61910000,150000
R11-02056,1100000,0
R11-02057,21110000,60000
R11-02058,63700000,150000
R11-02059,21660000,60000
R11-02060,65410000,150000
R11-02061,91820000,300000
R11-02062,42480000,150000
R11-02063,36260000,150000
R11-02064,95780000,300000
R11-02065,14410000,40000
R11-02066,6750000,20000
R11-02067,11200000,40000
R11-02068,15440000,40000
R11-02069,72550000,300000
R11-02070,62600000,150000
R11-02071,33700000,150000
R11-02072,71420000,300000
R11-02073,94730000,300000
R11-02074,1190000,0
R11-02075,24940000,60000
R11-02076,31610000,60000
R11-02077,77370000,300000
R11-02078,27850000,60000
R11-02079,102570000,300000
R11-02080,46890000,150000
R11-02081,21960000,60000
R11-02082,24670000,60000
R11-02083,61200000,150000
R11-02084,22480000,60000
R11-02085,4440000,0
R11-02086,67310000,300000
R11-02087,44920000,150000
R11-02088,15140000,40000
R11-02089,33910000,150000
R11-02090,27540000,60000
R11-02091,61570000,150000
R11-02092,7620000,20000
R11-02093,22120000,60000
R11-02094,4760000,0
R11-02095,31650000,60000
R11-02096,13470000,40000
R11-02097,83410000,300000
R11-02098,2910000,0
R11-02099,3070000,0
R11-02100,13380000,40000
R11-02101,22380000,60000
R11-02102,2670000,0
R11-02103,63240000,150000
R11-02104,33520000,150000
R11-02105,53370000,150000
R11-02106,103220000,300000
R11-02107,53420000,150000
R11-02108,14070000,40000
R11-02109,14470000,40000
R11-02110,37030000,150000
R11-02111,15260000,40000
R11-02112,105890000,300000
R11-02113,12120000,40000
R11-02114,30570000,60000
R11-02115,38470000,150000
R11-02116,14110000,40000
R11-02117,57560000,150000
R11-02118,94250000,300000
R11-02119,21590000,60000
R11-02120,51540000,150000
R11-02121,107900000,300000
R11-02122,101260000,300000
R11-02123,16060000,40000
R11-02124,29010000,60000
R11-02125,34420000,150000
R11-02126,34680000,150000
R11-02127,64290000,150000
R11-02128,25050000,60000
R11-02129,47960000,150000
R11-02130,17250000,40000
R11-02131,3090000,0
R11-02132,73250000,300000
R11-02133,2030000,0
R11-02134,52660000,150000
R11-02135,27170000,60000
R11-02136,2810000,0
R11-02137,92700000,300000
R11-02138,62100000,150000
R11-02139,11220000,40000
R11-02140,12050000,40000
R11-02141,25640000,60000
R11-02142,55190000,150000
R11-02143,22860000,60000
R11-02144,1090000,0
R11-02145,3680000,0
R11-02146,13650000,40000
R11-02147,2780000,0
R11-02148,118050000,300000
R11-02149,13230000,40000
R11-02150,52930000,150000
R11-02151,2720000,0
R11-02152,22430000,60000
R11-02153,21420000,60000
R11-02154,72140000,300000
R11-02155,23760000,60000
R11-02156,43640000,150000
R11-02157,2020000,0
R11-02158,25190000,60000
R11-02159,52810000,150000
R11-02160,61980000,150000
R11-02161,4950000,0
R11-02162,38770000,150000
R11-02163,97170000,300000
R11-02164,73010000,300000
R11-02165,72700000,300000
R11-02166,64330000,150000
R11-02167,35700000,150000
R11-02168,7920000,20000
R11-02169,12780000,40000
R11-02170,52970000,150000
R11-02171,11550000,40000
R11-02172,2720000,0
R11-02173,72500000,300000
R11-02174,32440000,60000
R11-02175,8410000,20000
R11-02176,112510000,300000
R11-02177,38100000,150000
R11-02178,77080000,300000
R11-02179,740000,0
R11-02180,53740000,150000
R11-02181,31080000,60000
R11-02182,39830000,150000
R11-02183,22740000,60000
R11-02184,51850000,150000
R11-02185,23510000,60000
R11-02186,4990000,0
R11-02187,108240000,300000
R11-02188,77120000,300000
R11-02189,65450000,150000
R11-02190,3760000,0
R11-02191,50210000,150000
R11-02192,56250000,150000
R11-02193,22340000,60000
R11-02194,35100000,150000
R11-02195,51550000,150000
R11-02196,30500000,60000
R11-02197,11500000,40000
R11-02198,36110000,150000
R11-02199,25950000,60000
R11-02200,91360000,300000
R11-02201,14040000,40000
R11-02202,81540000,300000
R11-02203,61730000,150000
R11-02204,59300000,150000
R11-02205,14820000,40000
R11-02206,92470000,300000
R11-02207,51970000,150000
R11-02208,76190000,300000
R11-02209,2280000,0
R11-02210,53090000,150000
R11-02211,106040000,300000
R11-02212,56540000,150000
R11-02213,11810000,40000
R11-02214,12510000,40000
R11-02215,61960000,150000
R11-02216,92280000,300000
R11-02217,64760000,150000
R11-02218,12160000,40000
R11-02219,33360000,150000
R11-02220,34850000,150000
R11-02221,33250000,60000
R11-02222,23440000,60000
R11-02223,5400000,20000
R11-02224,121650000,300000
R11-02225,142300000,600000
R11-02226,43700000,150000
R11-02227,10520000,40000
R11-02228,23240000,60000
R11-02229,102630000,300000
R11-02230,33500000,150000
R11-02231,62450000,150000
R11-02232,21100000,60000
R11-02233,137120000,600000
R11-02234,2360000,0
R11-02235,96050000,300000
R11-02236,33000000,60000
R11-02237,75010000,300000
R11-02238,15010000,40000
R11-02239,71960000,300000
R11-02240,88540000,300000
R11-02241,22560000,60000
R11-02242,55230000,150000
R11-02243,27160000,60000
R11-02244,112120000,300000
R11-02245,42680000,150000
R11-02246,28520000,60000
R11-02247,11750000,40000
R11-02248,14240000,40000
R11-02249,22840000,60000
R11-02250,41560000,150000
R11-02251,24460000,60000
R11-02252,14340000,40000
R11-02253,63890000,150000
R11-02254,12490000,40000
R11-02255,8690000,20000
R11-02256,91050000,300000
R11-02257,32110000,60000
R11-02258,5360000,20000
R11-02259,31520000,60000
R11-02260,4940000,0
R11-02261,105830000,300000
R11-02262,31130000,60000
R11-02263,7900000,20000
R11-02264,3020000,0
R11-02265,14090000,40000
R11-02266,5670000,20000
R11-02267,4820000,0
R11-02268,23030000,60000
R11-02269,1520000,0
R11-02270,61810000,150000
R11-02271,31740000,60000
R11-02272,2050000,0
R11-02273,14570000,40000
R11-02274,6730000,20000
R11-02275,51430000,150000
R11-02276,16810000,40000
R11-02277,55640000,150000
R11-02278,69100000,300000
R11-02279,29370000,60000
R11-02280,93900000,300000
R11-02281,36180000,150000
R11-02282,14050000,40000
R11-02283,45180000,150000
R11-02284,34970000,150000
R11-02285,13740000,40000
R11-02286,68230000,300000
R11-02287,31050000,60000
R11-02288,151340000,600000
R11-02289,5980000,20000
R11-02290,7770000,20000
R11-02291,82920000,300000
R11-02292,50850000,150000
R11-02293,36640000,150000
R11-02294,93720000,300000
R11-02295,73000000,300000
R11-02296,36360000,150000
R11-02297,11830000,40000
R11-02298,51700000,150000
R11-02299,36860000,150000
R11-02300,61200000,150000
R11-02301,52640000,150000
R11-02302,5570000,20000
R11-02303,5030000,20000
R11-02304,42220000,150000
R11-02305,24240000,60000
R11-02306,42100000,150000
R11-02307,17870000,40000
R11-02308,71460000,300000
R11-02309,43640000,150000
R11-02310,115510000,300000
R11-02311,133720000,600000
R11-02312,31400000,60000
R11-02313,64100000,150000
R11-02314,20860000,60000
R11-02315,12570000,40000
R11-02316,50970000,150000
R11-02317,5580000,20000
R11-02318,20730000,60000
R11-02319,101530000,300000
R11-02320,45190000,150000
R11-02321,42510000,150000
R11-02322,24930000,60000
R11-02323,10910000,40000
R11-02324,5030000,20000
R11-02325,42600000,150000
R11-02326,6790000,20000
R11-02327,95630000,300000
R11-02328,77280000,300000
R11-02329,72870000,300000
R11-02330,92640000,300000
R11-02331,54510000,150000
R11-02332,61550000,150000
R11-02333,13050000,40000
R11-02334,71310000,300000
R11-02335,73700000,300000
R11-02336,53680000,150000
R11-02337,3970000,0
R11-02338,94820000,300000
R11-02339,2230000,0
R11-02340,2400000,0
R11-02341,22600000,60000
R11-02342,21520000,60000
R11-02343,33250000,60000
R11-02344,52070000,150000
R11-02345,115490000,300000
R11-02346,2150000,0
R11-02347,7330000,20000
R11-02348,83050000,300000
R11-02349,67170000,300000
R11-02350,28180000,60000
R11-02351,23560000,60000
R11-02352,22930000,60000
R11-02353,21130000,60000
R11-02354,3580000,0
R11-02355,66020000,150000
R11-02356,83830000,300000
R11-02357,77670000,300000
R11-02358,6600000,20000
R11-02359,62920000,150000
R11-02360,64250000,150000
R11-02361,94720000,300000
R11-02362,5940000,20000
R11-02363,63540000,150000
R11-02364,77060000,300000
R11-02365,15060000,40000
R11-02366,24170000,60000
R11-02367,24730000,60000
R11-02368,3710000,0
R11-02369,73460000,300000
R11-02370,96390000,300000
R11-02371,52580000,150000
R11-02372,4600000,0
R11-02373,86810000,300000
R11-02374,14600000,40000
R11-02375,2050000,0
R11-02376,77860000,300000
R11-02377,21250000,60000
R11-02378,50350000,150000
R11-02379,102530000,300000
R11-02380,2030000,0
R11-02381,22170000,60000
R11-02382,55810000,150000
R11-02383,4080000,0
R11-02384,21660000,60000
R11-02385,3180000,0
R11-02386,42740000,150000
R11-02387,84860000,300000
R11-02388,44430000,150000
R11-02389,83590000,300000
R11-02390,2700000,0
R11-02391,1970000,0
R11-02392,25550000,60000
R11-02393,14970000,40000
R11-02394,5910000,20000
R11-02395,33250000,60000
R11-02396,35550000,150000
R11-02397,61750000,150000
R11-02398,87300000,300000
R11-02399,84820000,300000
R11-02400,90670000,300000
R11-02401,51890000,150000
R11-02402,42160000,150000
R11-02403,54460000,150000
R11-02404,36490000,150000
R11-02405,71590000,300000
R11-02406,54640000,150000
R11-02407,30650000,60000
R11-02408,31980000,60000
R11-02409,21760000,60000
R11-02410,62190000,150000
R11-02411,51630000,150000
R11-02412,67250000,300000
R11-02413,3850000,0
R11-02414,92760000,300000
R11-02415,4480000,0
R11-02416,83830000,300000
R11-02417,18110000,40000
R11-02418,60800000,150000
R11-02419,22020000,60000
R11-02420,22920000,60000
R11-02421,74160000,300000
R11-02422,17420000,40000
R11-02423,63050000,150000
R11-02424,26140000,60000
R11-02425,84300000,300000
R11-02426,38290000,150000
R11-02427,4790000,0
R11-02428,56370000,150000
R11-02429,20360000,60000
R11-02430,84060000,300000
R11-02431,2260000,0
R11-02432,24130000,60000
R11-02433,2000000,0
R11-02434,32510000,60000
R11-02435,6570000,20000
R11-02436,129300000,300000
R11-02437,103460000,300000
R11-02438,24270000,60000
R11-02439,17150000,40000
R11-02440,87950000,300000
R11-02441,25770000,60000
R11-02442,74370000,300000
R11-02443,33730000,150000
R11-02444,12880000,40000
R11-02445,12790000,40000
R11-02446,44600000,150000
R11-02447,6580000,20000
R11-02448,11910000,40000
R11-02449,42190000,150000
R11-02450,26930000,60000
R11-02451,1160000,0
R11-02452,32690000,60000
R11-02453,4320000,0
R11-02454,60510000,150000
R11-02455,22350000,60000
R11-02456,157540000,600000
R11-02457,2000000,0
R11-02458,5010000,20000
R11-02459,32890000,60000
R11-02460,2860000,0
R11-02461,23810000,60000
R11-02462,21860000,60000
R11-02463,52090000,150000
R11-02464,84050000,300000
R11-02465,75480000,300000
R11-02466,51560000,150000
R11-02467,26400000,60000
R11-02468,28360000,60000
R11-02469,32630000,60000
R11-02470,34070000,150000
R11-02471,91780000,300000
R11-02472,61850000,150000
R11-02473,35030000,150000
R11-02474,40950000,150000
R11-02475,84030000,300000
R11-02476,72370000,300000
R11-02477,51740000,150000
R11-02478,51980000,150000
R11-02479,6700000,20000
R11-02480,42430000,150000
R11-02481,133490000,600000
R11-02482,13370000,40000
R11-02483,85990000,300000
R11-02484,41510000,150000
R11-02485,14350000,40000
R11-02486,23230000,60000
R11-02487,40660000,150000
R11-02488,4610000,0
R11-02489,55480000,150000
R11-02490,13140000,40000
R11-02491,6690000,20000
R11-02492,83450000,300000
R11-02493,97650000,300000
R11-02494,46070000,150000
R11-02495,3090000,0
R11-02496,31360000,60000
R11-02497,57360000,150000
R11-02498,117990000,300000
R11-02499,10840000,40000
R11-02500,3130000,0
R11-02501,23180000,60000
R11-02502,20040000,60000
R11-02503,73670000,300000
R11-02504,13290000,40000
R11-02505,81940000,300000
R11-02506,11980000,40000
R11-02507,111930000,300000
R11-02508,53800000,150000
R11-02509,90900000,300000
R11-02510,12120000,40000
R11-02511,58130000,150000
R11-02512,62690000,150000
R11-02513,81820000,300000
R11-02514,26060000,60000
R11-02515,63490000,150000
R11-02516,54470000,150000
R11-02517,72370000,300000
R11-02518,37730000,150000
R11-02519,53720000,150000
R11-02520,4640000,0
R11-02521,67630000,300000
R11-02522,52380000,150000
R11-02523,66040000,150000
R11-02524,24270000,60000
R11-02525,21150000,60000
R11-02526,320000,0
R11-02527,66740000,300000
R11-02528,53710000,150000
R11-02529,13910000,40000
R11-02530,16350000,40000
R11-02531,3100000,0
R11-02532,123360000,300000
R11-02533,35090000,150000
R11-02534,3250000,0
R11-02535,83420000,300000
R11-02536,12630000,40000
R11-02537,45340000,150000
R11-02538,80650000,300000
R11-02539,90940000,300000
R11-02540,21670000,60000
R11-02541,3540000,0
R11-02542,92770000,300000
R11-02543,61640000,150000
R11-02544,21250000,60000
R11-02545,23490000,60000
R11-02546,14640000,40000
R11-02547,94310000,300000
R11-02548,24500000,60000
R11-02549,91440000,300000
R11-02550,54660000,150000
R11-02551,34150000,150000
R11-02552,93830000,300000
R11-02553,47790000,150000
R11-02554,4160000,0
R11-02555,22250000,60000
R11-02556,32580000,60000
R11-02557,30720000,60000
R11-02558,1400000,0
R11-02559,22930000,60000
R11-02560,6300000,20000
R11-02561,63760000,150000
R11-02562,40770000,150000
R11-02563,17220000,40000
R11-02564,42080000,150000
R11-02565,14090000,40000
R11-02566,25440000,60000
R11-02567,57800000,150000
R11-02568,16280000,40000
R11-02569,78340000,300000
R11-02570,3960000,0
R11-02571,3420000,0
R11-02572,41290000,150000
R11-02573,71240000,300000
R11-02574,13520000,40000
R11-02575,24510000,60000
R11-02576,51740000,150000
R11-02577,3390000,0
R11-02578,71650000,300000
R11-02579,27090000,60000
R11-02580,43930000,150000
R11-02581,72640000,300000
R11-02582,56010000,150000
R11-02583,62800000,150000
R11-02584,65180000,150000
R11-02585,3040000,0
R11-02586,14270000,40000
R11-02587,71790000,300000
R11-02588,112870000,300000
R11-02589,174030000,600000
R11-02590,151240000,600000
R11-02591,31890000,60000
R11-02592,3430000,0
R11-02593,920000,0
R11-02594,1440000,0
R11-02595,14170000,40000
R11-02596,22550000,60000
R11-02597,7590000,20000
R11-02598,2140000,0
R11-02599,34940000,150000
R11-02600,54260000,150000
R11-02601,5650000,20000
R11-02602,36950000,150000
R11-02603,6300000,20000
R11-02604,75290000,300000
R11-02605,33580000,150000
R11-02606,31880000,60000
R11-02607,72660000,300000
R11-02608,77900000,300000
R11-02609,51280000,150000
R11-02610,21580000,60000
R11-02611,4080000,0
R11-02612,34710000,150000
R11-02613,77430000,300000
R11-02614,38440000,150000
R11-02615,33210000,60000
R11-02616,71970000,300000
R11-02617,52810000,150000
R11-02618,23030000,60000
R11-02619,74660000,300000
R11-02620,64600000,150000
R11-02621,122380000,300000
R11-02622,70910000,300000
R11-02623,1790000,0
R11-02624,34070000,150000
R11-02625,61330000,150000
R11-02626,84250000,300000
R11-02627,43420000,150000
R11-02628,31580000,60000
R11-02629,12760000,40000
R11-02630,83400000,300000
R11-02631,23750000,60000
R11-02632,64080000,150000
R11-02633,115300000,300000
R11-02634,56250000,150000
R11-02635,31050000,60000
R11-02636,36280000,150000
R11-02637,61250000,150000
R11-02638,42740000,150000
R11-02639,23510000,60000
R11-02640,49270000,150000
R11-02641,32910000,60000
R11-02642,3750000,0
R11-02643,1720000,0
R11-02644,55150000,150000
R11-02645,95330000,300000
R11-02646,20950000,60000
R11-02647,117480000,300000
R11-02648,4520000,0
R11-02649,11940000,40000
R11-02650,53840000,150000
R11-02651,3670000,0
R11-02652,13400000,40000
R11-02653,64320000,150000
R11-02654,42580000,150000
R11-02655,26720000,60000
R11-02656,12460000,40000
R11-02657,83610000,300000
R11-02658,53580000,150000
R11-02659,111350000,300000
R11-02660,32120000,60000
R11-02661,157780000,600000
R11-02662,62920000,150000
R11-02663,41900000,150000
R11-02664,34510000,150000
R11-02665,52700000,150000
R11-02666,14610000,40000
R11-02667,15940000,40000
R11-02668,10330000,40000
R11-02669,3670000,0
R11-02670,54070000,150000
R11-02671,67420000,300000
R11-02672,21760000,60000
R11-02673,64570000,150000
R11-02674,4370000,0
R11-02675,94090000,300000
R11-02676,82150000,300000
R11-02677,63230000,150000
R11-02678,25950000,60000
R11-02679,94040000,300000
R11-02680,27890000,60000
R11-02681,46050000,150000
R11-02682,75240000,300000
R11-02683,44860000,150000
R11-02684,22520000,60000
R11-02685,42260000,150000
R11-02686,5680000,20000
R11-02687,52940000,150000
R11-02688,3630000,0
R11-02689,104660000,300000
R11-02690,8270000,20000
R11-02691,123830000,300000
R11-02692,28540000,60000
R11-02693,17640000,40000
R11-02694,31850000,60000
R11-02695,94980000,300000
R11-02696,23130000,60000
R11-02697,115070000,300000
R11-02698,13220000,40000
R11-02699,53040000,150000
R11-02700,36530000,150000
R11-02701,7170000,20000
R11-02702,51880000,150000
R11-02703,33160000,60000
R11-02704,37370000,150000
R11-02705,36300000,150000
R11-02706,30690000,60000
R11-02707,81460000,300000
R11-02708,91240000,300000
R11-02709,22330000,60000
R11-02710,33470000,150000
R11-02711,1940000,0
R11-02712,73060000,300000
R11-02713,13170000,40000
R11-02714,76270000,300000
R11-02715,27780000,60000
R11-02716,83170000,300000
R11-02717,2150000,0
R11-02718,32040000,60000
R11-02719,61400000,150000
R11-02720,33140000,60000
R11-02721,22070000,60000
R11-02722,47640000,150000
R11-02723,152140000,600000
R11-02724,34430000,150000
R11-02725,74780000,300000
R11-02726,27310000,60000
R11-02727,43810000,150000
R11-02728,73690000,300000
R11-02729,2540000,0
R11-02730,61990000,150000
R11-02731,143160000,600000
R11-02732,15270000,40000
R11-02733,5510000,20000
R11-02734,26750000,60000
R11-02735,32660000,60000
R11-02736,153290000,600000
R11-02737,23720000,60000
R11-02738,48860000,150000
R11-02739,67580000,300000
R11-02740,1450000,0
R11-02741,2870000,0
R11-02742,133630000,600000
R11-02743,56430000,150000
R11-02744,24740000,60000
R11-02745,5160000,20000
R11-02746,25080000,60000
R11-02747,15400000,40000
R11-02748,51290000,150000
R11-02749,73170000,300000
R11-02750,38050000,150000
R11-02751,22930000,60000
R11-02752,92060000,300000
R11-02753,25470000,60000
R11-02754,62260000,150000
R11-02755,1640000,0
R11-02756,11330000,40000
R11-02757,75030000,300000
R11-02758,22800000,60000
R11-02759,75930000,300000
R11-02760,41820000,150000
R11-02761,2350000,0
R11-02762,14080000,40000
R11-02763,7370000,20000
R11-02764,22100000,60000
R11-02765,21030000,60000
R11-02766,22420000,60000
R11-02767,35270000,150000
R11-02768,93990000,300000
R11-02769,83670000,300000
R11-02770,22150000,60000
R11-02771,41010000,150000
R11-02772,72570000,300000
R11-02773,28630000,60000
R11-02774,3230000,0
R11-02775,6300000,20000
R11-02776,91110000,300000
R11-02777,12290000,40000
R11-02778,83560000,300000
R11-02779,1200000,0
R11-02780,14620000,40000
R11-02781,31400000,60000
R11-02782,31720000,60000
R11-02783,122210000,300000
R11-02784,11500000,40000
R11-02785,35610000,150000
R11-02786,73860000,300000
R11-02787,17630000,40000
R11-02788,10660000,40000
R11-02789,23390000,60000
R11-02790,53750000,150000
R11-02791,51860000,150000
R11-02792,75350000,300000
R11-02793,32310000,60000
R11-02794,62290000,150000
R11-02795,53630000,150000
R11-02796,52520000,150000
R11-02797,63000000,150000
R11-02798,25740000,60000
R11-02799,22010000,60000
R11-02800,23870000,60000
R11-02801,73470000,300000
R11-02802,44910000,150000
R11-02803,41400000,150000
R11-02804,47440000,150000
R11-02805,12090000,40000
R11-02806,11460000,40000
R11-02807,30560000,60000
R11-02808,70220000,300000
R11-02809,1640000,0
R11-02810,2740000,0
R11-02811,50890000,150000
R11-02812,21410000,60000
R11-02813,36320000,150000
R11-02814,53250000,150000
R11-02815,43440000,150000
R11-02816,12260000,40000
R11-02817,4970000,0
R11-02818,64010000,150000
R11-02819,47790000,150000
R11-02820,32770000,60000
R11-02821,44530000,150000
R11-02822,11940000,40000
R11-02823,151000000,600000
R11-02824,54160000,150000
R11-02825,51360000,150000
R11-02826,93680000,300000
R11-02827,21510000,60000
R11-02828,64180000,150000
R11-02829,60850000,150000
R11-02830,71440000,300000
R11-02831,7460000,20000
R11-02832,26470000,60000
R11-02833,37280000,150000
R11-02834,73760000,300000
R11-02835,11360000,40000
R11-02836,72860000,300000
R11-02837,36400000,150000
R11-02838,43630000,150000
R11-02839,33940000,150000
R11-02840,73680000,300000
R11-02841,36290000,150000
R11-02842,23800000,60000
R11-02843,33300000,60000
R11-02844,76760000,300000
R11-02845,67300000,300000
R11-02846,5270000,20000
R11-02847,1920000,0
R11-02848,55000000,150000
R11-02849,2050000,0
R11-02850,66200000,150000
R11-02851,19100000,40000
R11-02852,21670000,60000
R11-02853,38290000,150000
R11-02854,1510000,0
R11-02855,13090000,40000
R11-02856,24390000,60000
R11-02857,780000,0
R11-02858,74170000,300000
R11-02859,11980000,40000
R11-02860,103210000,300000
R11-02861,92100000,300000
R11-02862,52800000,150000
R11-02863,53390000,150000
R11-02864,3910000,0
R11-02865,35510000,150000
R11-02866,71680000,300000
R11-02867,22590000,60000
R11-02868,72060000,300000
R11-02869,25380000,60000
R11-02870,38870000,150000
R11-02871,31150000,60000
R11-02872,66020000,150000
R11-02873,94130000,300000
R11-02874,157120000,600000
R11-02875,42640000,150000
R11-02876,12330000,40000
R11-02877,54230000,150000
R11-02878,37890000,150000
R11-02879,47420000,150000
R11-02880,72410000,300000
R11-02881,58790000,150000
R11-02882,50940000,150000
R11-02883,18460000,40000
R11-02884,4830000,0
R11-02885,24450000,60000
R11-02886,6230000,20000
R11-02887,41390000,150000
R11-02888,75160000,300000
R11-02889,55280000,150000
R11-02890,6500000,20000
R11-02891,71810000,300000
R11-02892,69690000,300000
R11-02893,94900000,300000
R11-02894,71060000,300000
R11-02895,120550000,300000
R11-02896,37110000,150000
R11-02897,23610000,60000
R11-02898,95390000,300000
R11-02899,31020000,60000
R11-02900,53350000,150000
R11-02901,3880000,0
R11-02902,21950000,60000
R11-02903,90140000,300000
R11-02904,23980000,60000
R11-02905,7140000,20000
R11-02906,33090000,60000
R11-02907,44890000,150000
R11-02908,30650000,60000
R11-02909,53850000,150000
R11-02910,23030000,60000
R11-02911,125750000,300000
R11-02912,85630000,300000
R11-02913,4760000,0
R11-02914,12240000,40000
R11-02915,72460000,300000
R11-02916,37000000,150000
R11-02917,1910000,0
R11-02918,14880000,40000
R11-02919,22160000,60000
R11-02920,35070000,150000
R11-02921,31950000,60000
R11-02922,61180000,150000
R11-02923,46910000,150000
R11-02924,76200000,300000
R11-02925,4060000,0
R11-02926,13850000,40000
R11-02927,42910000,150000
R11-02928,31670000,60000
R11-02929,39680000,150000
R11-02930,51700000,150000
R11-02931,17960000,40000
R11-02932,11740000,40000
R11-02933,98350000,300000
R11-02934,53020000,150000
R11-02935,3960000,0
R11-02936,115510000,300000
R11-02937,4770000,0
R11-02938,100840000,300000
R11-02939,32410000,60000
R11-02940,52340000,150000
R11-02941,74700000,300000
R11-02942,92990000,300000
R11-02943,76180000,300000
R11-02944,91620000,300000
R11-02945,22290000,60000
R11-02946,25940000,60000
R11-02947,23130000,60000
R11-02948,12850000,40000
R11-02949,24860000,60000
R11-02950,75850000,300000
R11-02951,73600000,300000
R11-02952,24800000,60000
R11-02953,94330000,300000
R11-02954,1420000,0
R11-02955,3540000,0
R11-02956,47540000,150000
R11-02957,77450000,300000
R11-02958,46290000,150000
R11-02959,7470000,20000
R11-02960,3080000,0
R11-02961,2040000,0
R11-02962,2350000,0
R11-02963,21690000,60000
R11-02964,35880000,150000
R11-02965,24980000,60000
R11-02966,18880000,40000
R11-02967,45960000,150000
R11-02968,13240000,40000
R11-02969,81110000,300000
R11-02970,107490000,300000
R11-02971,102750000,300000
R11-02972,2870000,0
R11-02973,12720000,40000
R11-02974,111890000,300000
R11-02975,54400000,150000
R11-02976,34980000,150000
R11-02977,30920000,60000
R11-02978,92810000,300000
R11-02979,57410000,150000
R11-02980,32130000,60000
R11-02981,52890000,150000
R11-02982,15900000,40000
R11-02983,84890000,300000
R11-02984,120540000,300000
R11-02985,74600000,300000
R11-02986,34650000,150000
R11-02987,2040000,0
R11-02988,87200000,300000
R11-02989,62040000,150000
R11-02990,54180000,150000
R11-02991,35010000,150000
R11-02992,54700000,150000
R11-02993,1680000,0
R11-02994,2080000,0
R11-02995,17770000,40000
R11-02996,22320000,60000
R11-02997,97110000,300000
R11-02998,17490000,40000
R11-02999,176260000,600000
R11-03000,55620000,150000
R11-03001,108610000,300000
R11-03002,15060000,40000
R11-03003,37400000,150000
R11-03004,3360000,0
R11-03005,1470000,0
R11-03006,63830000,150000
R11-03007,2690000,0
R11-03008,31900000,60000
R11-03009,23920000,60000
R11-03010,51660000,150000
R11-03011,22350000,60000
R11-03012,125600000,300000
R11-03013,18770000,40000
R11-03014,27060000,60000
R11-03015,61650000,150000
R11-03016,75020000,300000
R11-03017,54090000,150000
R11-03018,12580000,40000
R11-03019,91940000,300000
R11-03020,6800000,20000
R11-03021,112040000,300000
R11-03022,38270000,150000
R11-03023,67530000,300000
R11-03024,40490000,150000
R11-03025,74870000,300000
R11-03026,51310000,150000
R11-03027,6170000,20000
R11-03028,26040000,60000
R11-03029,8600000,20000
R11-03030,10630000,40000
R11-03031,13770000,40000
R11-03032,27150000,60000
R11-03033,74970000,300000
R11-03034,24630000,60000
R11-03035,44840000,150000
R11-03036,58640000,150000
R11-03037,51690000,150000
R11-03038,21270000,60000
R11-03039,4650000,0
R11-03040,71260000,300000
R11-03041,32430000,60000
R11-03042,6430000,20000
R11-03043,62320000,150000
R11-03044,81170000,300000
R11-03045,60960000,150000
R11-03046,76720000,300000
R11-03047,12000000,40000
R11-03048,7730000,20000
R11-03049,6890000,20000
R11-03050,73260000,300000
R11-03051,36610000,150000
R11-03052,118590000,300000
R11-03053,54300000,150000
R11-03054,95380000,300000
R11-03055,31320000,60000
R11-03056,33440000,150000
R11-03057,4760000,0
R11-03058,51380000,150000
R11-03059,72230000,300000
R11-03060,1450000,0
R11-03061,4110000,0
R11-03062,7270000,20000
R11-03063,21910000,60000
R11-03064,11860000,40000
R11-03065,101140000,300000
R11-03066,101800000,300000
R11-03067,63270000,150000
R11-03068,88330000,300000
R11-03069,92110000,300000
R11-03070,24430000,60000
R11-03071,20710000,60000
R11-03072,34580000,150000
R11-03073,143790000,600000
R11-03074,74110000,300000
R11-03075,74400000,300000
R11-03076,43200000,150000
R11-03077,3320000,0
R11-03078,1430000,0
R11-03079,1870000,0
R11-03080,14950000,40000
R11-03081,53660000,150000
R11-03082,53390000,150000
R11-03083,2110000,0
R11-03084,113540000,300000
R11-03085,21780000,60000
R11-03086,103350000,300000
R11-03087,36550000,150000
R11-03088,42580000,150000
R11-03089,63220000,150000
R11-03090,7110000,20000
R11-03091,50860000,150000
R11-03092,1870000,0
R11-03093,7290000,20000
R11-03094,2530000,0
R11-03095,62660000,150000
R11-03096,9040000,20000
R11-03097,32410000,60000
R11-03098,46480000,150000
R11-03099,4300000,0
R11-03100,12010000,40000
R11-03101,73830000,300000
R11-03102,41710000,150000
R11-03103,5210000,20000
R11-03104,36990000,150000
R11-03105,131880000,300000
R11-03106,54250000,150000
R11-03107,25170000,60000
R11-03108,24760000,60000
R11-03109,10810000,40000
R11-03110,51500000,150000
R11-03111,14300000,40000
R11-03112,16170000,40000
R11-03113,90710000,300000
R11-03114,63750000,150000
R11-03115,2880000,0
R11-03116,11780000,40000
R11-03117,3190000,0
R11-03118,20790000,60000
R11-03119,50970000,150000
R11-03120,26660000,60000
R11-03121,23480000,60000
R11-03122,22160000,60000
R11-03123,62210000,150000
R11-03124,25820000,60000
R11-03125,73590000,300000
R11-03126,3010000,0
R11-03127,48730000,150000
R11-03128,62710000,150000
R11-03129,65770000,150000
R11-03130,41390000,150000
R11-03131,13220000,40000
R11-03132,6150000,20000
R11-03133,11880000,40000
R11-03134,112100000,300000
R11-03135,24960000,60000
R11-03136,104540000,300000
R11-03137,2780000,0
R11-03138,86510000,300000
R11-03139,7230000,20000
R11-03140,5880000,20000
R11-03141,91400000,300000
R11-03142,6110000,20000
R11-03143,84730000,300000
R11-03144,5000000,20000
R11-03145,52700000,150000
R11-03146,116750000,300000
R11-03147,15290000,40000
R11-03148,21850000,60000
R11-03149,37380000,150000
R11-03150,68110000,300000
R11-03151,4170000,0
R11-03152,35100000,150000
R11-03153,15490000,40000
R11-03154,6620000,20000
R11-03155,34070000,150000
R11-03156,81390000,300000
R11-03157,5250000,20000
R11-03158,8910000,20000
R11-03159,14330000,40000
R11-03160,33920000,150000
R11-03161,42070000,150000
R11-03162,33090000,60000
R11-03163,52470000,150000
R11-03164,81650000,300000
R11-03165,34920000,150000
R11-03166,15130000,40000
R11-03167,6780000,20000
R11-03168,102140000,300000
R11-03169,61330000,150000
R11-03170,32880000,60000
R11-03171,1680000,0
R11-03172,105280000,300000
R11-03173,26530000,60000
R11-03174,53380000,150000
R11-03175,39080000,150000
R11-03176,143810000,600000
R11-03177,4160000,0
R11-03178,101250000,300000
R11-03179,1570000,0
R11-03180,53430000,150000
R11-03181,12200000,40000
R11-03182,12980000,40000
R11-03183,43940000,150000
R11-03184,33560000,150000
R11-03185,5580000,20000
R11-03186,45130000,150000
R11-03187,107580000,300000
R11-03188,89120000,300000
R11-03189,55190000,150000
R11-03190,31420000,60000
R11-03191,14270000,40000
R11-03192,107140000,300000
R11-03193,12090000,40000
R11-03194,3000000,0
R11-03195,64020000,150000
R11-03196,24590000,60000
R11-03197,123430000,300000
R11-03198,41830000,150000
R11-03199,34030000,150000
R11-03200,32000000,60000
R11-03201,33670000,150000
R11-03202,41110000,150000
R11-03203,126950000,300000
R11-03204,31540000,60000
R11-03205,67070000,300000
R11-03206,76450000,300000
R11-03207,11910000,40000
R11-03208,13200000,40000
R11-03209,23620000,60000
R11-03210,84870000,300000
R11-03211,92830000,300000
R11-03212,22390000,60000
R11-03213,54160000,150000
R11-03214,43300000,150000
R11-03215,3700000,0
R11-03216,3480000,0
R11-03217,105860000,300000
R11-03218,34850000,150000
R11-03219,15310000,40000
R11-03220,118730000,300000
R11-03221,25720000,60000
R11-03222,44700000,150000
R11-03223,111240000,300000
R11-03224,55590000,150000
R11-03225,14300000,40000
R11-03226,56560000,150000
R11-03227,15120000,40000
R11-03228,42030000,150000
R11-03229,24000000,60000
R11-03230,61790000,150000
R11-03231,102080000,300000
R11-03232,115240000,300000
R11-03233,73280000,300000
R11-03234,54960000,150000
R11-03235,82740000,300000
R11-03236,33200000,60000
R11-03237,6140000,20000
R11-03238,71010000,300000
R11-03239,24570000,60000
R11-03240,25610000,60000
R11-03241,1110000,0
R11-03242,23600000,60000
R11-03243,2760000,0
R11-03244,83880000,300000
R11-03245,24300000,60000
R11-03246,76950000,300000
R11-03247,43720000,150000
R11-03248,34380000,150000
R11-03249,112440000,300000
R11-03250,88820000,300000
R11-03251,24290000,60000
R11-03252,47360000,150000
R11-03253,104030000,300000
R11-03254,2590000,0
R11-03255,11680000,40000
R11-03256,63950000,150000
R11-03257,15700000,40000
R11-03258,2790000,0
R11-03259,1460000,0
R11-03260,2800000,0
R11-03261,27840000,60000
R11-03262,112520000,300000
R11-03263,76090000,300000
R11-03264,2450000,0
R11-03265,95310000,300000
R11-03266,63890000,150000
R11-03267,83360000,300000
R11-03268,84620000,300000
R11-03269,31360000,60000
R11-03270,33650000,150000
R11-03271,111240000,300000
R11-03272,66000000,150000
R11-03273,17030000,40000
R11-03274,113580000,300000
R11-03275,2760000,0
R11-03276,101640000,300000
R11-03277,63950000,150000
R11-03278,13200000,40000
R11-03279,6540000,20000
R11-03280,14560000,40000
R11-03281,52740000,150000
R11-03282,72510000,300000
R11-03283,23130000,60000
R11-03284,12540000,40000
R11-03285,17880000,40000
R11-03286,35840000,150000
R11-03287,930000,0
R11-03288,20840000,60000
R11-03289,2050000,0
R11-03290,46980000,150000
R11-03291,81730000,300000
R11-03292,45450000,150000
R11-03293,65860000,150000
R11-03294,92090000,300000
R11-03295,76080000,300000
R11-03296,43510000,150000
R11-03297,83150000,300000
R11-03298,47630000,150000
R11-03299,64570000,150000
R11-03300,31740000,60000
R11-03301,6040000,20000
R11-03302,5280000,20000
R11-03303,74860000,300000
R11-03304,82470000,300000
R11-03305,14320000,40000
R11-03306,27370000,60000
R11-03307,33950000,150000
R11-03308,62140000,150000
R11-03309,53240000,150000
R11-03310,35500000,150000
R11-03311,23880000,60000
R11-03312,32670000,60000
R11-03313,68930000,300000
R11-03314,108510000,300000
R11-03315,75680000,300000
R11-03316,61930000,150000
R11-03317,33340000,150000
R11-03318,52850000,150000
R11-03319,3530000,0
R11-03320,3570000,0
R11-03321,83970000,300000
R11-03322,112690000,300000
R11-03323,75600000,300000
R11-03324,52740000,150000
R11-03325,72750000,300000
R11-03326,25880000,60000
R11-03327,55850000,150000
R11-03328,56090000,150000
R11-03329,22840000,60000
R11-03330,113050000,300000
R11-03331,32270000,60000
R11-03332,51030000,150000
R11-03333,6680000,20000
R11-03334,55910000,150000
R11-03335,93320000,300000
R11-03336,103730000,300000
R11-03337,91050000,300000
R11-03338,3750000,0
R11-03339,112450000,300000
R11-03340,51530000,150000
R11-03341,11380000,40000
R11-03342,53720000,150000
R11-03343,34600000,150000
R11-03344,54180000,150000
R11-03345,60780000,150000
R11-03346,72720000,300000
R11-03347,16840000,40000
R11-03348,21540000,60000
R11-03349,72330000,300000
R11-03350,72600000,300000
R11-03351,43670000,150000
R11-03352,67090000,300000
R11-03353,74370000,300000
R11-03354,24190000,60000
R11-03355,43970000,150000
R11-03356,74470000,300000
R11-03357,75680000,300000
R11-03358,64700000,150000
R11-03359,20990000,60000
R11-03360,16380000,40000
R11-03361,30990000,60000
R11-03362,52310000,150000
R11-03363,82210000,300000
R11-03364,26510000,60000
R11-03365,68260000,300000
R11-03366,42670000,150000
R11-03367,30510000,60000
R11-03368,152800000,600000
R11-03369,5110000,20000
R11-03370,41770000,150000
R11-03371,62090000,150000
R11-03372,67330000,300000
R11-03373,3590000,0
R11-03374,102900000,300000
R11-03375,86000000,300000
R11-03376,46060000,150000
R11-03377,22680000,60000
R11-03378,31110000,60000
R11-03379,48330000,150000
R11-03380,104110000,300000
R11-03381,83350000,300000
R11-03382,93340000,300000
R11-03383,41670000,150000
R11-03384,77140000,300000
R11-03385,55670000,150000
R11-03386,1900000,0
R11-03387,44340000,150000
R11-03388,52380000,150000
R11-03389,133160000,300000
R11-03390,81830000,300000
R11-03391,67050000,300000
R11-03392,53180000,150000
R11-03393,24610000,60000
R11-03394,4990000,0
R11-03395,980000,0
R11-03396,42230000,150000
R11-03397,36850000,150000
R11-03398,34090000,150000
R11-03399,82560000,300000
R11-03400,36460000,150000
R11-03401,5640000,20000
R11-03402,23810000,60000
R11-03403,87750000,300000
R11-03404,43630000,150000
R11-03405,12440000,40000
R11-03406,125890000,300000
R11-03407,14420000,40000
R11-03408,33470000,150000
R11-03409,56060000,150000
R11-03410,64320000,150000
R11-03411,1100000,0
R11-03412,61520000,150000
R11-03413,51640000,150000
R11-03414,174840000,600000
R11-03415,40940000,150000
R11-03416,98500000,300000
R11-03417,83130000,300000
R11-03418,32950000,60000
R11-03419,122020000,300000
R11-03420,42090000,150000
R11-03421,23890000,60000
R11-03422,25160000,60000
R11-03423,36160000,150000
R11-03424,31370000,60000
R11-03425,11370000,40000
R11-03426,33930000,150000
R11-03427,2580000,0
R11-03428,11010000,40000
R11-03429,94420000,300000
R11-03430,6340000,20000
R11-03431,65120000,150000
R11-03432,14780000,40000
R11-03433,79750000,300000
R11-03434,13880000,40000
R11-03435,2320000,0
R11-03436,6070000,20000
R11-03437,17090000,40000
R11-03438,91160000,300000
R11-03439,34290000,150000
R11-03440,32660000,60000
R11-03441,33150000,60000
R11-03442,85980000,300000
R11-03443,86240000,300000
R11-03444,62630000,150000
R11-03445,25260000,60000
R11-03446,46120000,150000
R11-03447,50490000,150000
R11-03448,92270000,300000
R11-03449,53440000,150000
R11-03450,11910000,40000
R11-03451,42450000,150000
R11-03452,3210000,0
R11-03453,24070000,60000
R11-03454,55820000,150000
R11-03455,27330000,60000
R11-03456,34910000,150000
R11-03457,22190000,60000
R11-03458,54220000,150000
R11-03459,103770000,300000
R11-03460,7210000,20000
R11-03461,42050000,150000
R11-03462,25300000,60000
R11-03463,102030000,300000
R11-03464,60800000,150000
R11-03465,64760000,150000
R11-03466,151820000,600000
R11-03467,46850000,150000
R11-03468,58490000,150000
R11-03469,21720000,60000
R11-03470,6310000,20000
R11-03471,6110000,20000
R11-03472,45150000,150000
R11-03473,11710000,40000
R11-03474,45530000,150000
R11-03475,81180000,300000
R11-03476,3810000,0
R11-03477,2160000,0
R11-03478,3660000,0
R11-03479,75830000,300000
R11-03480,20870000,60000
R11-03481,93640000,300000
R11-03482,51540000,150000
R11-03483,8330000,20000
R11-03484,26810000,60000
R11-03485,54530000,150000
R11-03486,31610000,60000
R11-03487,62460000,150000
R11-03488,22990000,60000
R11-03489,37480000,150000
R11-03490,72850000,300000
R11-03491,52350000,150000
R11-03492,13280000,40000
R11-03493,21470000,60000
R11-03494,15660000,40000
R11-03495,62060000,150000
R11-03496,13150000,40000
R11-03497,42260000,150000
R11-03498,11100000,40000
R11-03499,35010000,150000
R11-03500,3420000,0
R11-03501,53990000,150000
R11-03502,1340000,0
R11-03503,52520000,150000
R11-03504,67280000,300000
R11-03505,1840000,0
R11-03506,6510000,20000
R11-03507,58690000,150000
R11-03508,41620000,150000
R11-03509,51210000,150000
R11-03510,41740000,150000
R11-03511,217780000,1000000
R11-03512,5880000,20000
R11-03513,340000,0
R11-03514,18590000,40000
R11-03515,21540000,60000
R11-03516,52990000,150000
R11-03517,61320000,150000
R11-03518,30970000,60000
R11-03519,72300000,300000
R11-03520,5610000,20000
R11-03521,17590000,40000
R11-03522,1030000,0
R11-03523,63490000,150000
R11-03524,37020000,150000
R11-03525,52030000,150000
R11-03526,2110000,0
R11-03527,54270000,150000
R11-03528,45390000,150000
R11-03529,26700000,60000
R11-03530,62860000,150000
R11-03531,32910000,60000
R11-03532,52700000,150000
R11-03533,2050000,0
R11-03534,61830000,150000
R11-03535,11320000,40000
R11-03536,5670000,20000
R11-03537,13700000,40000
R11-03538,43570000,150000
R11-03539,36040000,150000
R11-03540,42290000,150000
R11-03541,97650000,300000
R11-03542,73860000,300000
R11-03543,22050000,60000
R11-03544,22450000,60000
R11-03545,42730000,150000
R11-03546,30670000,60000
R11-03547,80860000,300000
R11-03548,3660000,0
R11-03549,72360000,300000
R11-03550,22340000,60000
R11-03551,55390000,150000
R11-03552,5200000,20000
R11-03553,31110000,60000
R11-03554,91620000,300000
R11-03555,1880000,0
R11-03556,21990000,60000
R11-03557,23530000,60000
R11-03558,76970000,300000
R11-03559,2020000,0
R11-03560,55160000,150000
R11-03561,55130000,150000
R11-03562,69290000,300000
R11-03563,3000000,0
R11-03564,30830000,60000
R11-03565,45050000,150000
R11-03566,132230000,300000
R11-03567,42870000,150000
R11-03568,43240000,150000
R11-03569,6780000,20000
R11-03570,94520000,300000
R11-03571,37100000,150000
R11-03572,106300000,300000
R11-03573,6940000,20000
R11-03574,5030000,20000
R11-03575,98170000,300000
R11-03576,131880000,300000
R11-03577,52750000,150000
R11-03578,1930000,0
R11-03579,4420000,0
R11-03580,71320000,300000
R11-03581,18150000,40000
R11-03582,51840000,150000
R11-03583,18150000,40000
R11-03584,5830000,20000
R11-03585,25050000,60000
R11-03586,35210000,150000
R11-03587,6110000,20000
R11-03588,24390000,60000
R11-03589,33130000,60000
R11-03590,14240000,40000
R11-03591,32530000,60000
R11-03592,2260000,0
R11-03593,123680000,300000
R11-03594,26780000,60000
R11-03595,58610000,150000
R11-03596,23120000,60000
R11-03597,53910000,150000
R11-03598,67630000,300000
R11-03599,2190000,0
R11-03600,12000000,40000
R11-03601,52280000,150000
R11-03602,93590000,300000
R11-03603,26300000,60000
R11-03604,6030000,20000
R11-03605,54330000,150000
R11-03606,52030000,150000
R11-03607,41070000,150000
R11-03608,132460000,300000
R11-03609,37120000,150000
R11-03610,10810000,40000
R11-03611,91430000,300000
R11-03612,31290000,60000
R11-03613,71610000,300000
R11-03614,34740000,150000
R11-03615,93680000,300000
R11-03616,5680000,20000
R11-03617,35440000,150000
R11-03618,42960000,150000
R11-03619,122520000,300000
R11-03620,6770000,20000
R11-03621,23390000,60000
R11-03622,15210000,40000
R11-03623,108520000,300000
R11-03624,2440000,0
R11-03625,54740000,150000
R11-03626,990000,0
R11-03627,52400000,150000
R11-03628,103100000,300000
R11-03629,72480000,300000
R11-03630,61730000,150000
R11-03631,51740000,150000
R11-03632,91360000,300000
R11-03633,30150000,60000
R11-03634,50690000,150000
R11-03635,16780000,40000
R11-03636,15810000,40000
R11-03637,72560000,300000
R11-03638,82800000,300000
R11-03639,65400000,150000
R11-03640,33080000,60000
R11-03641,5250000,20000
R11-03642,55190000,150000
R11-03643,53510000,150000
R11-03644,31240000,60000
R11-03645,12140000,40000
R11-03646,56700000,150000
R11-03647,1620000,0
R11-03648,34240000,150000
R11-03649,21620000,60000
R11-03650,41150000,150000
R11-03651,44070000,150000
R11-03652,4110000,0
R11-03653,158970000,600000
R11-03654,95890000,300000
R11-03655,51440000,150000
R11-03656,32820000,60000
R11-03657,65280000,150000
R11-03658,73110000,300000
R11-03659,53150000,150000
R11-03660,14600000,40000
R11-03661,83040000,300000
R11-03662,1080000,0
R11-03663,51360000,150000
R11-03664,26490000,60000
R11-03665,137050000,600000
R11-03666,13070000,40000
R11-03667,27670000,60000
R11-03668,50780000,150000
R11-03669,5100000,20000
R11-03670,37840000,150000
R11-03671,121700000,300000
R11-03672,7750000,20000
R11-03673,26880000,60000
R11-03674,35190000,150000
R11-03675,16740000,40000
R11-03676,45470000,150000
R11-03677,49380000,150000
R11-03678,25830000,60000
R11-03679,4660000,0
R11-03680,41250000,150000
R11-03681,1490000,0
R11-03682,91640000,300000
R11-03683,24020000,60000
R11-03684,45760000,150000
R11-03685,22890000,60000
R11-03686,12870000,40000
R11-03687,24900000,60000
R11-03688,20820000,60000
R11-03689,52250000,150000
R11-03690,151040000,600000
R11-03691,85690000,300000
R11-03692,25160000,60000
R11-03693,1980000,0
R11-03694,35980000,150000
R11-03695,45020000,150000
R11-03696,92390000,300000
R11-03697,11350000,40000
R11-03698,32220000,60000
R11-03699,41920000,150000
R11-03700,22430000,60000
R11-03701,34950000,150000
R11-03702,16250000,40000
R11-03703,27740000,60000
R11-03704,2850000,0
R11-03705,72390000,300000
R11-03706,52810000,150000
R11-03707,23840000,60000
R11-03708,61600000,150000
R11-03709,16220000,40000
R11-03710,4710000,0
R11-03711,131530000,300000
R11-03712,36050000,150000
R11-03713,13950000,40000
R11-03714,51980000,150000
R11-03715,3900000,0
R11-03716,81610000,300000
R11-03717,46110000,150000
R11-03718,2980000,0
R11-03719,44370000,150000
R11-03720,45510000,150000
R11-03721,15850000,40000
R11-03722,3410000,0
R11-03723,66260000,150000
R11-03724,212410000,1000000
R11-03725,12100000,40000
R11-03726,4560000,0
R11-03727,45000000,150000
R11-03728,73230000,300000
R11-03729,35430000,150000
R11-03730,74300000,300000
R11-03731,1560000,0
R11-03732,154720000,600000
R11-03733,24040000,60000
R11-03734,91560000,300000
R11-03735,22000000,60000
R11-03736,37220000,150000
R11-03737,47630000,150000
R11-03738,115780000,300000
R11-03739,23100000,60000
R11-03740,103140000,300000
R11-03741,74430000,300000
R11-03742,7500000,20000
R11-03743,37040000,150000
R11-03744,28030000,60000
R11-03745,102050000,300000
R11-03746,11900000,40000
R11-03747,113520000,300000
R11-03748,21830000,60000
R11-03749,28130000,60000
R11-03750,106230000,300000
R11-03751,21100000,60000
R11-03752,33010000,60000
R11-03753,33640000,150000
R11-03754,34260000,150000
R11-03755,24610000,60000
R11-03756,26370000,60000
R11-03757,2930000,0
R11-03758,24270000,60000
R11-03759,71180000,300000
R11-03760,2980000,0
R11-03761,33170000,60000
R11-03762,77450000,300000
R11-03763,11290000,40000
R11-03764,121690000,300000
R11-03765,64250000,150000
R11-03766,3400000,0
R11-03767,5860000,20000
R11-03768,38260000,150000
R11-03769,101150000,300000
R11-03770,52700000,150000
R11-03771,152290000,600000
R11-03772,750000,0
R11-03773,142560000,600000
R11-03774,93830000,300000
R11-03775,3600000,0
R11-03776,23220000,60000
R11-03777,66390000,150000
R11-03778,28060000,60000
R11-03779,4650000,0
R11-03780,85580000,300000
R11-03781,670000,0
R11-03782,92940000,300000
R11-03783,7720000,20000
R11-03784,30250000,60000
R11-03785,113290000,300000
R11-03786,24270000,60000
R11-03787,152630000,600000
R11-03788,6950000,20000
R11-03789,104060000,300000
R11-03790,12020000,40000
R11-03791,13780000,40000
R11-03792,1640000,0
R11-03793,38640000,150000
R11-03794,42590000,150000
R11-03795,44500000,150000
R11-03796,14790000,40000
R11-03797,2320000,0
R11-03798,1480000,0
R11-03799,22000000,60000
R11-03800,83090000,300000
R11-03801,58830000,150000
R11-03802,86250000,300000
R11-03803,3220000,0
R11-03804,144910000,600000
R11-03805,123030000,300000
R11-03806,91510000,300000
R11-03807,4040000,0
R11-03808,21710000,60000
R11-03809,3850000,0
R11-03810,109000000,300000
R11-03811,2810000,0
R11-03812,53460000,150000
R11-03813,47230000,150000
R11-03814,45340000,150000
R11-03815,104880000,300000
R11-03816,4840000,0
R11-03817,35990000,150000
R11-03818,31840000,60000
R11-03819,122160000,300000
R11-03820,65750000,150000
R11-03821,96410000,300000
R11-03822,64810000,150000
R11-03823,20910000,60000
R11-03824,57790000,150000
R11-03825,64440000,150000
R11-03826,107440000,300000
R11-03827,18830000,40000
R11-03828,18460000,40000
R11-03829,72000000,300000
R11-03830,54240000,150000
R11-03831,14500000,40000
R11-03832,3010000,0
R11-03833,11530000,40000
R11-03834,66630000,150000
R11-03835,88130000,300000
R11-03836,105300000,300000
R11-03837,4560000,0
R11-03838,123810000,300000
R11-03839,12850000,40000
R11-03840,72250000,300000
R11-03841,35640000,150000
R11-03842,77530000,300000
R11-03843,18370000,40000
R11-03844,104720000,300000
R11-03845,30420000,60000
R11-03846,123830000,300000
R11-03847,32840000,60000
R11-03848,41720000,150000
R11-03849,66980000,300000
R11-03850,45120000,150000
R11-03851,1960000,0
R11-03852,3430000,0
R11-03853,31260000,60000
R11-03854,4550000,0
R11-03855,40570000,150000
R11-03856,4210000,0
R11-03857,24760000,60000
R11-03858,14380000,40000
R11-03859,12200000,40000
R11-03860,12010000,40000
R11-03861,101430000,300000
R11-03862,16310000,40000
R11-03863,55900000,150000
R11-03864,31680000,60000
R11-03865,53400000,150000
R11-03866,43850000,150000
R11-03867,23170000,60000
R11-03868,3310000,0
R11-03869,11700000,40000
R11-03870,77320000,300000
R11-03871,3880000,0
R11-03872,2090000,0
R11-03873,48400000,150000
R11-03874,105390000,300000
R11-03875,2660000,0
R11-03876,44080000,150000
R11-03877,3160000,0
R11-03878,4340000,0
R11-03879,47650000,150000
R11-03880,51060000,150000
R11-03881,22090000,60000
R11-03882,11100000,40000
R11-03883,93770000,300000
R11-03884,20680000,60000
R11-03885,94120000,300000
R11-03886,41180000,150000
R11-03887,22640000,60000
R11-03888,42950000,150000
R11-03889,2610000,0
R11-03890,72920000,300000
R11-03891,108690000,300000
R11-03892,33280000,60000
R11-03893,44180000,150000
R11-03894,26670000,60000
R11-03895,15090000,40000
R11-03896,41860000,150000
R11-03897,5210000,20000
R11-03898,113400000,300000
R11-03899,15510000,40000
R11-03900,84850000,300000
R11-03901,93270000,300000
R11-03902,3210000,0
R11-03903,12480000,40000
R11-03904,2440000,0
R11-03905,44900000,150000
R11-03906,50240000,150000
R11-03907,25780000,60000
R11-03908,83910000,300000
R11-03909,64700000,150000
R11-03910,77810000,300000
R11-03911,111630000,300000
R11-03912,91960000,300000
R11-03913,20880000,60000
R11-03914,91030000,300000
R11-03915,124880000,300000
R11-03916,113340000,300000
R11-03917,44560000,150000
R11-03918,23890000,60000
R11-03919,14080000,40000
R11-03920,41730000,150000
R11-03921,92470000,300000
R11-03922,66190000,150000
R11-03923,82290000,300000
R11-03924,40830000,150000
R11-03925,53180000,150000
R11-03926,64060000,150000
R11-03927,4520000,0
R11-03928,22700000,60000
R11-03929,31430000,60000
R11-03930,53140000,150000
R11-03931,24340000,60000
R11-03932,52010000,150000
R11-03933,10800000,40000
R11-03934,104920000,300000
R11-03935,4810000,0
R11-03936,3500000,0
R11-03937,21330000,60000
R11-03938,114760000,300000
R11-03939,30140000,60000
R11-03940,41220000,150000
R11-03941,85170000,300000
R11-03942,77560000,300000
R11-03943,100720000,300000
R11-03944,22960000,60000
R11-03945,74790000,300000
R11-03946,32400000,60000
R11-03947,5880000,20000
R11-03948,5730000,20000
R11-03949,42850000,150000
R11-03950,43500000,150000
R11-03951,530000,0
R11-03952,114420000,300000
R11-03953,1020000,0
R11-03954,32230000,60000
R11-03955,23250000,60000
R11-03956,32240000,60000
R11-03957,72070000,300000
R11-03958,32270000,60000
R11-03959,2970000,0
R11-03960,34360000,150000
R11-03961,4900000,0
R11-03962,44890000,150000
R11-03963,146520000,600000
R11-03964,36070000,150000
R11-03965,33220000,60000
R11-03966,25830000,60000
R11-03967,86210000,300000
R11-03968,11750000,40000
R11-03969,57670000,150000
R11-03970,27130000,60000
R11-03971,54420000,150000
R11-03972,41790000,150000
R11-03973,93320000,300000
R11-03974,5880000,20000
R11-03975,31220000,60000
R11-03976,1310000,0
R11-03977,79170000,300000
R11-03978,14510000,40000
R11-03979,1960000,0
R11-03980,2090000,0
R11-03981,74850000,300000
R11-03982,55960000,150000
R11-03983,64130000,150000
R11-03984,143730000,600000
R11-03985,2370000,0
R11-03986,82790000,300000
R11-03987,40360000,150000
R11-03988,78340000,300000
R11-03989,152840000,600000
R11-03990,5980000,20000
R11-03991,62910000,150000
R11-03992,82700000,300000
R11-03993,26980000,60000
R11-03994,144770000,600000
R11-03995,56430000,150000
R11-03996,5050000,20000
R11-03997,30600000,60000
R11-03998,66870000,300000
R11-03999,33020000,60000
R11-04000,45130000,150000
R11-04001,40940000,150000
R11-04002,32060000,60000
R11-04003,15540000,40000
R11-04004,112850000,300000
R11-04005,20720000,60000
R11-04006,43680000,150000
R11-04007,41630000,150000
R11-04008,96480000,300000
R11-04009,15880000,40000
R11-04010,44300000,150000
R11-04011,74090000,300000
R11-04012,84820000,300000
R11-04013,14200000,40000
R11-04014,4670000,0
R11-04015,42550000,150000
R11-04016,90720000,300000
R11-04017,94340000,300000
R11-04018,32950000,60000
R11-04019,22420000,60000
R11-04020,98220000,300000
R11-04021,44520000,150000
R11-04022,9290000,20000
R11-04023,52030000,150000
R11-04024,110870000,300000
R11-04025,103570000,300000
R11-04026,800000,0
R11-04027,24940000,60000
R11-04028,52890000,150000
R11-04029,25600000,60000
R11-04030,83460000,300000
R11-04031,112720000,300000
R11-04032,61760000,150000
R11-04033,16800000,40000
R11-04034,122100000,300000
R11-04035,43480000,150000
R11-04036,24140000,60000
R11-04037,64640000,150000
R11-04038,31740000,60000
R11-04039,83860000,300000
R11-04040,158440000,600000
R11-04041,51790000,150000
R11-04042,67200000,300000
R11-04043,2360000,0
R11-04044,39560000,150000
R11-04045,22490000,60000
R11-04046,2120000,0
R11-04047,86490000,300000
R11-04048,53100000,150000
R11-04049,14600000,40000
R11-04050,2920000,0
R11-04051,17440000,40000
R11-04052,80970000,300000
R11-04053,3330000,0
R11-04054,3700000,0
R11-04055,33480000,150000
R11-04056,77000000,300000
R11-04057,100740000,300000
R11-04058,1600000,0
R11-04059,64900000,150000
R11-04060,3580000,0
R11-04061,96760000,300000
R11-04062,87820000,300000
R11-04063,13710000,40000
R11-04064,66630000,150000
R11-04065,12210000,40000
R11-04066,26910000,60000
R11-04067,110410000,300000
R11-04068,118160000,300000
R11-04069,35480000,150000
R11-04070,84910000,300000
R11-04071,52420000,150000
R11-04072,5040000,20000
R11-04073,24800000,60000
R11-04074,2800000,0
R11-04075,13290000,40000
R11-04076,44460000,150000
R11-04077,54460000,150000
R11-04078,2010000,0
R11-04079,14670000,40000
R11-04080,77550000,300000
R11-04081,33500000,150000
R11-04082,3970000,0
R11-04083,17260000,40000
R11-04084,53170000,150000
R11-04085,82790000,300000
R11-04086,57530000,150000
R11-04087,3400000,0
R11-04088,22890000,60000
R11-04089,22220000,60000
R11-04090,60910000,150000
R11-04091,11380000,40000
R11-04092,1010000,0
R11-04093,650000,0
R11-04094,51550000,150000
R11-04095,62900000,150000
R11-04096,21900000,60000
R11-04097,51290000,150000
R11-04098,34660000,150000
R11-04099,5410000,20000
R11-04100,82920000,300000
R11-04101,14180000,40000
R11-04102,21960000,60000
R11-04103,91230000,300000
R11-04104,33200000,60000
R11-04105,90720000,300000
R11-04106,26090000,60000
R11-04107,60730000,150000
R11-04108,52580000,150000
R11-04109,71850000,300000
R11-04110,12390000,40000
R11-04111,12080000,40000
R11-04112,26250000,60000
R11-04113,12780000,40000
R11-04114,5630000,20000
R11-04115,26550000,60000
R11-04116,64480000,150000
R11-04117,86020000,300000
R11-04118,32730000,60000
R11-04119,132620000,300000
R11-04120,6440000,20000
R11-04121,64770000,150000
R11-04122,56340000,150000
R11-04123,54890000,150000
R11-04124,94830000,300000
R11-04125,28040000,60000
R11-04126,24510000,60000
R11-04127,42350000,150000
R11-04128,73320000,300000
R11-04129,15550000,40000
R11-04130,38440000,150000
R11-04131,43940000,150000
R11-04132,72060000,300000
R11-04133,122520000,300000
R11-04134,39080000,150000
R11-04135,81550000,300000
R11-04136,24380000,60000
R11-04137,3020000,0
R11-04138,23280000,60000
R11-04139,40950000,150000
R11-04140,52840000,150000
R11-04141,43340000,150000
R11-04142,46310000,150000
R11-04143,3040000,0
R11-04144,82200000,300000
R11-04145,62080000,150000
R11-04146,26940000,60000
R11-04147,27750000,60000
R11-04148,82850000,300000
R11-04149,71130000,300000
R11-04150,94230000,300000
R11-04151,21370000,60000
R11-04152,78110000,300000
R11-04153,25720000,60000
R11-04154,24610000,60000
R11-04155,18910000,40000
R11-04156,13900000,40000
R11-04157,1680000,0
R11-04158,30790000,60000
R11-04159,32370000,60000
R11-04160,12980000,40000
R11-04161,3950000,0
R11-04162,101960000,300000
R11-04163,45350000,150000
R11-04164,22370000,60000
R11-04165,94040000,300000
R11-04166,64130000,150000
R11-04167,53560000,150000
R11-04168,1460000,0
R11-04169,67280000,300000
R11-04170,22400000,60000
R11-04171,124910000,300000
R11-04172,92390000,300000
R11-04173,32710000,60000
R11-04174,81230000,300000
R11-04175,8720000,20000
R11-04176,82570000,300000
R11-04177,7140000,20000
R11-04178,28030000,60000
R11-04179,58510000,150000
R11-04180,20890000,60000
R11-04181,56470000,150000
R11-04182,22860000,60000
R11-04183,71080000,300000
R11-04184,2470000,0
R11-04185,116540000,300000
R11-04186,24290000,60000
R11-04187,24370000,60000
R11-04188,35530000,150000
R11-04189,20890000,60000
R11-04190,6480000,20000
R11-04191,21930000,60000
R11-04192,3160000,0
R11-04193,16910000,40000
R11-04194,61710000,150000
R11-04195,62330000,150000
R11-04196,45920000,150000
R11-04197,41220000,150000
R11-04198,3670000,0
R11-04199,12250000,40000
R11-04200,23930000,60000
R11-04201,21450000,60000
R11-04202,54680000,150000
R11-04203,46050000,150000
R11-04204,94580000,300000
R11-04205,95080000,300000
R11-04206,73150000,300000
R11-04207,62660000,150000
R11-04208,86040000,300000
R11-04209,56380000,150000
R11-04210,25870000,60000
R11-04211,67440000,300000
R11-04212,6730000,20000
R11-04213,52800000,150000
R11-04214,7100000,20000
R11-04215,72010000,300000
R11-04216,2630000,0
R11-04217,73090000,300000
R11-04218,12270000,40000
R11-04219,14320000,40000
R11-04220,43340000,150000
R11-04221,102880000,300000
R11-04222,12400000,40000
R11-04223,75870000,300000
R11-04224,5760000,20000
R11-04225,82800000,300000
R11-04226,2980000,0
R11-04227,77480000,300000
R11-04228,23100000,60000
R11-04229,61900000,150000
R11-04230,25600000,60000
R11-04231,2250000,0
R11-04232,51190000,150000
R11-04233,2510000,0
R11-04234,22170000,60000
R11-04235,95670000,300000
R11-04236,22370000,60000
R11-04237,2130000,0
R11-04238,155180000,600000
R11-04239,3890000,0
R11-04240,72310000,300000
R11-04241,1510000,0
R11-04242,53820000,150000
R11-04243,640000,0
R11-04244,12430000,40000
R11-04245,27430000,60000
R11-04246,13170000,40000
R11-04247,34630000,150000
R11-04248,66670000,300000
R11-04249,12070000,40000
R11-04250,45650000,150000
R11-04251,68300000,300000
R11-04252,67870000,300000
R11-04253,18380000,40000
R11-04254,4780000,0
R11-04255,31560000,60000
R11-04256,103610000,300000
R11-04257,21270000,60000
R11-04258,4810000,0
R11-04259,65680000,150000
R11-04260,7210000,20000
R11-04261,6790000,20000
R11-04262,83750000,300000
R11-04263,2650000,0
R11-04264,5050000,20000
R11-04265,21950000,60000
R11-04266,65260000,150000
R11-04267,28110000,60000
R11-04268,57770000,150000
R11-04269,43110000,150000
R11-04270,64190000,150000
R11-04271,1930000,0
R11-04272,4160000,0
R11-04273,43920000,150000
R11-04274,7020000,20000
R11-04275,112080000,300000
R11-04276,98150000,300000
R11-04277,3500000,0
R11-04278,101360000,300000
R11-04279,44900000,150000
R11-04280,42380000,150000
R11-04281,13460000,40000
R11-04282,57600000,150000
R11-04283,147730000,600000
R11-04284,2070000,0
R11-04285,57250000,150000
R11-04286,55160000,150000
R11-04287,32920000,60000
R11-04288,81010000,300000
R11-04289,21330000,60000
R11-04290,31920000,60000
R11-04291,53210000,150000
R11-04292,51560000,150000
R11-04293,5550000,20000
R11-04294,3580000,0
R11-04295,40850000,150000
R11-04296,43750000,150000
R11-04297,77980000,300000
R11-04298,65220000,150000
R11-04299,64710000,150000
R11-04300,43840000,150000
R11-04301,35620000,150000
R11-04302,43830000,150000
R11-04303,16310000,40000
R11-04304,64330000,150000
R11-04305,31250000,60000
R11-04306,56740000,150000
R11-04307,5920000,20000
R11-04308,2210000,0
R11-04309,2430000,0
R11-04310,63510000,150000
R11-04311,67730000,300000
R11-04312,32410000,60000
R11-04313,104410000,300000
R11-04314,78330000,300000
R11-04315,23160000,60000
R11-04316,63990000,150000
R11-04317,42970000,150000
R11-04318,6400000,20000
R11-04319,83100000,300000
R11-04320,7100000,20000
R11-04321,55760000,150000
R11-04322,34240000,150000
R11-04323,2030000,0
R11-04324,23610000,60000
R11-04325,43210000,150000
R11-04326,12560000,40000
R11-04327,10150000,40000
R11-04328,22020000,60000
R11-04329,33760000,150000
R11-04330,44630000,150000
R11-04331,85580000,300000
R11-04332,38220000,150000
R11-04333,8310000,20000
R11-04334,31560000,60000
R11-04335,3010000,0
R11-04336,35640000,150000
R11-04337,23260000,60000
R11-04338,3660000,0
R11-04339,44310000,150000
R11-04340,12900000,40000
R11-04341,12690000,40000
R11-04342,43040000,150000
R11-04343,103860000,300000
R11-04344,32610000,60000
R11-04345,47100000,150000
R11-04346,83020000,300000
R11-04347,4880000,0
R11-04348,43620000,150000
R11-04349,23820000,60000
R11-04350,3460000,0
R11-04351,70150000,300000
R11-04352,61450000,150000
R11-04353,75330000,300000
R11-04354,14820000,40000
R11-04355,29780000,60000
R11-04356,25100000,60000
R11-04357,72090000,300000
R11-04358,13410000,40000
R11-04359,13190000,40000
R11-04360,7510000,20000
R11-04361,10830000,40000
R11-04362,12120000,40000
R11-04363,43360000,150000
R11-04364,23520000,60000
R11-04365,82590000,300000
R11-04366,142370000,600000
R11-04367,66060000,150000
R11-04368,78310000,300000
R11-04369,13380000,40000
R11-04370,92110000,300000
R11-04371,82420000,300000
R11-04372,36780000,150000
R11-04373,69120000,300000
R11-04374,44240000,150000
R11-04375,84230000,300000
R11-04376,860000,0
R11-04377,83220000,300000
R11-04378,3000000,0
R11-04379,23240000,60000
R11-04380,66250000,150000
R11-04381,13290000,40000
R11-04382,57210000,150000
R11-04383,24000000,60000
R11-04384,6540000,20000
R11-04385,3810000,0
R11-04386,62900000,150000
R11-04387,20560000,60000
R11-04388,71800000,300000
R11-04389,123950000,300000
R11-04390,90790000,300000
R11-04391,24550000,60000
R11-04392,13090000,40000
R11-04393,42230000,150000
R11-04394,58110000,150000
R11-04395,145480000,600000
R11-04396,53000000,150000
R11-04397,2510000,0
R11-04398,20880000,60000
R11-04399,2600000,0
R11-04400,15060000,40000
R11-04401,52970000,150000
R11-04402,73170000,300000
R11-04403,33010000,60000
R11-04404,72680000,300000
R11-04405,92650000,300000
R11-04406,153730000,600000
R11-04407,54950000,150000
R11-04408,67600000,300000
R11-04409,51180000,150000
R11-04410,57780000,150000
R11-04411,104900000,300000
R11-04412,60810000,150000
R11-04413,42580000,150000
R11-04414,13270000,40000
R11-04415,2400000,0
R11-04416,42090000,150000
R11-04417,104030000,300000
R11-04418,6480000,20000
R11-04419,71390000,300000
R11-04420,24600000,60000
R11-04421,117900000,300000
R11-04422,25170000,60000
R11-04423,35590000,150000
R11-04424,28470000,60000
R11-04425,16200000,40000
R11-04426,74120000,300000
R11-04427,74840000,300000
R11-04428,51490000,150000
R11-04429,74400000,300000
R11-04430,1440000,0
R11-04431,54640000,150000
R11-04432,25180000,60000
R11-04433,20630000,60000
R11-04434,22530000,60000
R11-04435,12810000,40000
R11-04436,62040000,150000
R11-04437,12830000,40000
R11-04438,30760000,60000
R11-04439,14610000,40000
R11-04440,12800000,40000
R11-04441,72710000,300000
R11-04442,34760000,150000
R11-04443,124690000,300000
R11-04444,113340000,300000
R11-04445,31590000,60000
R11-04446,78650000,300000
R11-04447,4220000,0
R11-04448,71780000,300000
R11-04449,23620000,60000
R11-04450,85750000,300000
R11-04451,51000000,150000
R11-04452,126910000,300000
R11-04453,62300000,150000
R11-04454,60990000,150000
R11-04455,20670000,60000
R11-04456,24000000,60000
R11-04457,16680000,40000
R11-04458,140390000,600000
R11-04459,26620000,60000
R11-04460,125940000,300000
R11-04461,73180000,300000
R11-04462,1930000,0
R11-04463,23040000,60000
R11-04464,34060000,150000
R11-04465,4190000,0
R11-04466,81780000,300000
R11-04467,85070000,300000
R11-04468,21190000,60000
R11-04469,47780000,150000
R11-04470,61580000,150000
R11-04471,35880000,150000
R11-04472,710000,0
R11-04473,122390000,300000
R11-04474,64910000,150000
R11-04475,55050000,150000
R11-04476,12070000,40000
R11-04477,12800000,40000
R11-04478,72110000,300000
R11-04479,117480000,300000
R11-04480,23660000,60000
R11-04481,22460000,60000
R11-04482,101340000,300000
R11-04483,44890000,150000
R11-04484,12350000,40000
R11-04485,37330000,150000
R11-04486,74490000,300000
R11-04487,71000000,300000
R11-04488,21010000,60000
R11-04489,11170000,40000
R11-04490,101720000,300000
R11-04491,66620000,150000
R11-04492,1780000,0
R11-04493,62640000,150000
R11-04494,44580000,150000
R11-04495,47990000,150000
R11-04496,3060000,0
R11-04497,43510000,150000
R11-04498,80500000,300000
R11-04499,15810000,40000
R11-04500,16490000,40000
R11-04501,22640000,60000
R11-04502,75320000,300000
R11-04503,51110000,150000
R11-04504,55370000,150000
R11-04505,31660000,60000
R11-04506,3740000,0
R11-04507,73600000,300000
R11-04508,44220000,150000
R11-04509,27750000,60000
R11-04510,6370000,20000
R11-04511,24800000,60000
R11-04512,32130000,60000
R11-04513,21400000,60000
R11-04514,12150000,40000
R11-04515,4180000,0
R11-04516,75070000,300000
R11-04517,67420000,300000
R11-04518,4410000,0
R11-04519,6290000,20000
R11-04520,6570000,20000
R11-04521,26930000,60000
R11-04522,33080000,60000
R11-04523,23220000,60000
R11-04524,211360000,1000000
R11-04525,52210000,150000
R11-04526,35410000,150000
R11-04527,105660000,300000
R11-04528,52130000,150000
R11-04529,37640000,150000
R11-04530,47470000,150000
R11-04531,74460000,300000
R11-04532,22660000,60000
R11-04533,73140000,300000
R11-04534,56000000,150000
R11-04535,23560000,60000
R11-04536,31610000,60000
R11-04537,81290000,300000
R11-04538,35940000,150000
R11-04539,41640000,150000
R11-04540,41920000,150000
R11-04541,13520000,40000
R11-04542,34460000,150000
R11-04543,143730000,600000
R11-04544,29010000,60000
R11-04545,72720000,300000
R11-04546,63610000,150000
R11-04547,22620000,60000
R11-04548,31960000,60000
R11-04549,82170000,300000
R11-04550,100110000,300000
R11-04551,65280000,150000
R11-04552,22820000,60000
R11-04553,11820000,40000
R11-04554,17500000,40000
R11-04555,20370000,60000
R11-04556,51400000,150000
R11-04557,6370000,20000
R11-04558,112040000,300000
R11-04559,58730000,150000
R11-04560,2070000,0
R11-04561,12760000,40000
R11-04562,6520000,20000
R11-04563,71190000,300000
R11-04564,23370000,60000
R11-04565,225320000,1000000
R11-04566,34810000,150000
R11-04567,57620000,150000
R11-04568,32330000,60000
R11-04569,16110000,40000
R11-04570,32510000,60000
R11-04571,52240000,150000
R11-04572,3040000,0
R11-04573,13560000,40000
R11-04574,13860000,40000
R11-04575,130530000,300000
R11-04576,85170000,300000
R11-04577,81350000,300000
R11-04578,62820000,150000
R11-04579,22280000,60000
R11-04580,86580000,300000
R11-04581,2690000,0
R11-04582,105220000,300000
R11-04583,84420000,300000
R11-04584,92580000,300000
R11-04585,14380000,40000
R11-04586,60860000,150000
R11-04587,3390000,0
R11-04588,60380000,150000
R11-04589,13000000,40000
R11-04590,227220000,1000000
R11-04591,31110000,60000
R11-04592,74840000,300000
R11-04593,92990000,300000
R11-04594,5610000,20000
R11-04595,33980000,150000
R11-04596,95430000,300000
R11-04597,97110000,300000
R11-04598,64420000,150000
R11-04599,54300000,150000
R11-04600,3060000,0
R11-04601,62050000,150000
R11-04602,72230000,300000
R11-04603,31800000,60000
R11-04604,21550000,60000
R11-04605,72310000,300000
R11-04606,27400000,60000
R11-04607,35910000,150000
R11-04608,21820000,60000
R11-04609,83740000,300000
R11-04610,31900000,60000
R11-04611,33480000,150000
R11-04612,23520000,60000
R11-04613,36560000,150000
R11-04614,21780000,60000
R11-04615,33810000,150000
R11-04616,31540000,60000
R11-04617,92100000,300000
R11-04618,14160000,40000
R11-04619,63190000,150000
R11-04620,23110000,60000
R11-04621,143780000,600000
R11-04622,34190000,150000
R11-04623,124890000,300000
R11-04624,71310000,300000
R11-04625,35960000,150000
R11-04626,92280000,300000
R11-04627,43060000,150000
R11-04628,32140000,60000
R11-04629,75520000,300000
R11-04630,63480000,150000
R11-04631,94060000,300000
R11-04632,53100000,150000
R11-04633,75340000,300000
R11-04634,14500000,40000
R11-04635,58720000,150000
R11-04636,2220000,0
R11-04637,32590000,60000
R11-04638,2730000,0
R11-04639,51150000,150000
R11-04640,61600000,150000
R11-04641,6200000,20000
R11-04642,1680000,0
R11-04643,52360000,150000
R11-04644,84850000,300000
R11-04645,62640000,150000
R11-04646,2810000,0
R11-04647,4350000,0
R11-04648,43690000,150000
R11-04649,75240000,300000
R11-04650,62310000,150000
R11-04651,43010000,150000
R11-04652,53830000,150000
R11-04653,760000,0
R11-04654,7220000,20000
R11-04655,10610000,40000
R11-04656,71860000,300000
R11-04657,1480000,0
R11-04658,111720000,300000
R11-04659,11680000,40000
R11-04660,3180000,0
R11-04661,43640000,150000
R11-04662,54820000,150000
R11-04663,76280000,300000
R11-04664,2640000,0
R11-04665,24220000,60000
R11-04666,24050000,60000
R11-04667,34810000,150000
R11-04668,23680000,60000
R11-04669,8310000,20000
R11-04670,2520000,0
R11-04671,24960000,60000
R11-04672,24790000,60000
R11-04673,320000,0
R11-04674,12890000,40000
R11-04675,51990000,150000
R11-04676,71620000,300000
R11-04677,5240000,20000
R11-04678,12350000,40000
R11-04679,24560000,60000
R11-04680,63240000,150000
R11-04681,44980000,150000
R11-04682,84570000,300000
R11-04683,2790000,0
R11-04684,83600000,300000
R11-04685,87230000,300000
R11-04686,42980000,150000
R11-04687,45000000,150000
R11-04688,13790000,40000
R11-04689,128240000,300000
R11-04690,72580000,300000
R11-04691,126190000,300000
R11-04692,67520000,300000
R11-04693,33550000,150000
R11-04694,54740000,150000
R11-04695,44000000,150000
R11-04696,99320000,300000
R11-04697,60290000,150000
R11-04698,143830000,600000
R11-04699,41480000,150000
R11-04700,51630000,150000
R11-04701,91590000,300000
R11-04702,1240000,0
R11-04703,81900000,300000
R11-04704,82820000,300000
R11-04705,36570000,150000
R11-04706,14840000,40000
R11-04707,1610000,0
R11-04708,8230000,20000
R11-04709,46180000,150000
R11-04710,31690000,60000
R11-04711,790000,0
R11-04712,6230000,20000
R11-04713,3720000,0
R11-04714,28440000,60000
R11-04715,35280000,150000
R11-04716,23240000,60000
R11-04717,8360000,20000
R11-04718,33660000,150000
R11-04719,32830000,60000
R11-04720,72320000,300000
R11-04721,102990000,300000
R11-04722,34340000,150000
R11-04723,43930000,150000
R11-04724,34910000,150000
R11-04725,93760000,300000
R11-04726,84980000,300000
R11-04727,3040000,0
R11-04728,15670000,40000
R11-04729,42620000,150000
R11-04730,67030000,300000
R11-04731,48010000,150000
R11-04732,71330000,300000
R11-04733,27920000,60000
R11-04734,3740000,0
R11-04735,75450000,300000
R11-04736,5140000,20000
R11-04737,94740000,300000
R11-04738,23390000,60000
R11-04739,29580000,60000
R11-04740,22690000,60000
R11-04741,84540000,300000
R11-04742,54220000,150000
R11-04743,32470000,60000
R11-04744,94870000,300000
R11-04745,45980000,150000
R11-04746,170430000,600000
R11-04747,36470000,150000
R11-04748,33130000,60000
R11-04749,32350000,60000
R11-04750,5070000,20000
R11-04751,55790000,150000
R11-04752,51790000,150000
R11-04753,51560000,150000
R11-04754,3700000,0
R11-04755,43650000,150000
R11-04756,85830000,300000
R11-04757,54530000,150000
R11-04758,73350000,300000
R11-04759,32490000,60000
R11-04760,15800000,40000
R11-04761,91930000,300000
R11-04762,107810000,300000
R11-04763,22110000,60000
R11-04764,56000000,150000
R11-04765,14030000,40000
R11-04766,35720000,150000
R11-04767,33540000,150000
R11-04768,34460000,150000
R11-04769,95850000,300000
R11-04770,83580000,300000
R11-04771,138490000,600000
R11-04772,34650000,150000
R11-04773,1790000,0
R11-04774,35620000,150000
R11-04775,2740000,0
R11-04776,3980000,0
R11-04777,6690000,20000
R11-04778,11970000,40000
R11-04779,37520000,150000
R11-04780,42170000,150000
R11-04781,16910000,40000
R11-04782,6720000,20000
R11-04783,72040000,300000
R11-04784,64750000,150000
R11-04785,52330000,150000
R11-04786,21980000,60000
R11-04787,52070000,150000
R11-04788,970000,0
R11-04789,2790000,0
R11-04790,3060000,0
R11-04791,61490000,150000
R11-04792,86420000,300000
R11-04793,102560000,300000
R11-04794,70260000,300000
R11-04795,3260000,0
R11-04796,35690000,150000
R11-04797,32620000,60000
R11-04798,40930000,150000
R11-04799,53060000,150000
R11-04800,87160000,300000
R11-04801,124850000,300000
R11-04802,7020000,20000
R11-04803,34640000,150000
R11-04804,26630000,60000
R11-04805,38000000,150000
R11-04806,32130000,60000
R11-04807,29290000,60000
R11-04808,5670000,20000
R11-04809,23790000,60000
R11-04810,46590000,150000
R11-04811,13920000,40000
R11-04812,12800000,40000
R11-04813,35520000,150000
R11-04814,94600000,300000
R11-04815,3730000,0
R11-04816,32190000,60000
R11-04817,25460000,60000
R11-04818,33950000,150000
R11-04819,24230000,60000
R11-04820,46810000,150000
R11-04821,22160000,60000
R11-04822,51490000,150000
R11-04823,2720000,0
R11-04824,94450000,300000
R11-04825,114520000,300000
R11-04826,63460000,150000
R11-04827,51710000,150000
R11-04828,4240000,0
R11-04829,53410000,150000
R11-04830,33320000,60000
R11-04831,67710000,300000
R11-04832,115660000,300000
R11-04833,72360000,300000
R11-04834,46840000,150000
R11-04835,63680000,150000
R11-04836,13530000,40000
R11-04837,25650000,60000
R11-04838,97000000,300000
R11-04839,36370000,150000
R11-04840,44400000,150000
R11-04841,75940000,300000
R11-04842,2070000,0
R11-04843,150000,0
R11-04844,76210000,300000
R11-04845,33340000,150000
R11-04846,61680000,150000
R11-04847,113890000,300000
R11-04848,75680000,300000
R11-04849,6200000,20000
R11-04850,42260000,150000
R11-04851,1900000,0
R11-04852,53300000,150000
R11-04853,60500000,150000
R11-04854,91930000,300000
R11-04855,53580000,150000
R11-04856,32290000,60000
R11-04857,102670000,300000
R11-04858,63930000,150000
R11-04859,3270000,0
R11-04860,1390000,0
R11-04861,26840000,60000
R11-04862,23980000,60000
