고객ID,타사이전금액,혜택금액
R12-00000,25390000,60000
R12-00001,91870000,300000
R12-00002,35210000,150000
R12-00003,72010000,300000
R12-00004,1730000,0
R12-00005,61180000,150000
R12-00006,43280000,150000
R12-00007,4650000,0
R12-00008,12790000,40000
R12-00009,51020000,150000
R12-00010,25360000,60000
R12-00011,93280000,300000
R12-00012,53720000,150000
R12-00013,32100000,60000
R12-00014,11700000,40000
R12-00015,24470000,60000
R12-00016,5750000,20000
R12-00017,83190000,300000
R12-00018,83110000,300000
R12-00019,24910000,60000
R12-00020,47780000,150000
R12-00021,24610000,60000
R12-00022,31290000,60000
R12-00023,35540000,150000
R12-00024,1190000,0
R12-00025,42400000,150000
R12-00026,6740000,20000
R12-00027,44040000,150000
R12-00028,1930000,0
R12-00029,48080000,150000
R12-00030,115740000,300000
R12-00031,67470000,300000
R12-00032,42100000,150000
R12-00033,55810000,150000
R12-00034,82500000,300000
R12-00035,16240000,40000
R12-00036,54010000,150000
R12-00037,73450000,300000
R12-00038,42410000,150000
R12-00039,25650000,60000
R12-00040,73790000,300000
R12-00041,22620000,60000
R12-00042,154020000,600000
R12-00043,21580000,60000
R12-00044,11210000,40000
R12-00045,37220000,150000
R12-00046,65920000,150000
R12-00047,21280000,60000
R12-00048,62320000,150000
R12-00049,65400000,150000
R12-00050,8250000,20000
R12-00051,61740000,150000
R12-00052,33320000,60000
R12-00053,12090000,40000
R12-00054,22440000,60000
R12-00055,12920000,40000
R12-00056,78150000,300000
R12-00057,23000000,60000
R12-00058,17960000,40000
R12-00059,60970000,150000
R12-00060,35740000,150000
R12-00061,56880000,150000
R12-00062,78990000,300000
R12-00063,13340000,40000
R12-00064,75530000,300000
R12-00065,127630000,300000
R12-00066,34030000,150000
R12-00067,81160000,300000
R12-00068,3680000,0
R12-00069,31110000,60000
R12-00070,4180000,0
R12-00071,25520000,60000
R12-00072,123330000,300000
R12-00073,42210000,150000
R12-00074,13120000,40000
R12-00075,14680000,40000
R12-00076,5410000,20000
R12-00077,46830000,150000
R12-00078,53630000,150000
R12-00079,26760000,60000
R12-00080,101950000,300000
R12-00081,32730000,60000
R12-00082,85560000,300000
R12-00083,10690000,40000
R12-00084,55600000,150000
R12-00085,44120000,150000
R12-00086,41630000,150000
R12-00087,41570000,150000
R12-00088,110670000,300000
R12-00089,7700000,20000
R12-00090,7850000,20000
R12-00091,83470000,300000
R12-00092,95930000,300000
R12-00093,101500000,300000
R12-00094,45060000,150000
R12-00095,10980000,40000
R12-00096,32210000,60000
R12-00097,152580000,600000
R12-00098,90790000,300000
R12-00099,68400000,300000
R12-00100,14830000,40000
R12-00101,21270000,60000
R12-00102,23210000,60000
R12-00103,14580000,40000
R12-00104,51570000,150000
R12-00105,59380000,150000
R12-00106,5860000,20000
R12-00107,54190000,150000
R12-00108,28480000,60000
R12-00109,26950000,60000
R12-00110,23690000,60000
R12-00111,25280000,60000
R12-00112,64310000,150000
R12-00113,72880000,300000
R12-00114,121510000,300000
R12-00115,44000000,150000
R12-00116,86550000,300000
R12-00117,133350000,600000
R12-00118,66860000,300000
R12-00119,92920000,300000
R12-00120,22240000,60000
R12-00121,114400000,300000
R12-00122,12120000,40000
R12-00123,30680000,60000
R12-00124,70570000,300000
R12-00125,143820000,600000
R12-00126,3100000,0
R12-00127,84340000,300000
R12-00128,33830000,150000
R12-00129,54870000,150000
R12-00130,62910000,150000
R12-00131,112030000,300000
R12-00132,45700000,150000
R12-00133,44390000,150000
R12-00134,21250000,60000
R12-00135,38220000,150000
R12-00136,10840000,40000
R12-00137,47170000,150000
R12-00138,38700000,150000
R12-00139,65620000,150000
R12-00140,25210000,60000
R12-00141,2260000,0
R12-00142,42740000,150000
R12-00143,5120000,20000
R12-00144,25290000,60000
R12-00145,62960000,150000
R12-00146,21320000,60000
R12-00147,17400000,40000
R12-00148,75880000,300000
R12-00149,12620000,40000
R12-00150,104670000,300000
R12-00151,11230000,40000
R12-00152,146840000,600000
R12-00153,62670000,150000
R12-00154,54990000,150000
R12-00155,33140000,60000
R12-00156,33230000,60000
R12-00157,40440000,150000
R12-00158,46240000,150000
R12-00159,73210000,300000
R12-00160,42820000,150000
R12-00161,31450000,60000
R12-00162,35310000,150000
R12-00163,42450000,150000
R12-00164,12600000,40000
R12-00165,92510000,300000
R12-00166,42920000,150000
R12-00167,51490000,150000
R12-00168,61470000,150000
R12-00169,34920000,150000
R12-00170,105270000,300000
R12-00171,35270000,150000
R12-00172,12930000,40000
R12-00173,42740000,150000
R12-00174,43810000,150000
R12-00175,45370000,150000
R12-00176,136130000,600000
R12-00177,63620000,150000
R12-00178,5340000,20000
R12-00179,11400000,40000
R12-00180,24380000,60000
R12-00181,41150000,150000
R12-00182,15860000,40000
R12-00183,84960000,300000
R12-00184,27560000,60000
R12-00185,21310000,60000
R12-00186,25530000,60000
R12-00187,36960000,150000
R12-00188,51510000,150000
R12-00189,47220000,150000
R12-00190,73540000,300000
R12-00191,94440000,300000
R12-00192,39370000,150000
R12-00193,119220000,300000
R12-00194,64220000,150000
R12-00195,64190000,150000
R12-00196,3380000,0
R12-00197,84080000,300000
R12-00198,22490000,60000
R12-00199,34000000,150000
R12-00200,60340000,150000
R12-00201,17030000,40000
R12-00202,65390000,150000
R12-00203,72560000,300000
R12-00204,57120000,150000
R12-00205,2550000,0
R12-00206,71270000,300000
R12-00207,26370000,60000
R12-00208,22880000,60000
R12-00209,28110000,60000
R12-00210,53610000,150000
R12-00211,51210000,150000
R12-00212,28030000,60000
R12-00213,4380000,0
R12-00214,93040000,300000
R12-00215,43640000,150000
R12-00216,62060000,150000
R12-00217,23690000,60000
R12-00218,6720000,20000
R12-00219,51800000,150000
R12-00220,93430000,300000
R12-00221,26150000,60000
R12-00222,4470000,0
R12-00223,41780000,150000
R12-00224,52720000,150000
R12-00225,3590000,0
R12-00226,55910000,150000
R12-00227,82660000,300000
R12-00228,21970000,60000
R12-00229,12540000,40000
R12-00230,31310000,60000
R12-00231,63230000,150000
R12-00232,34310000,150000
R12-00233,103300000,300000
R12-00234,48100000,150000
R12-00235,14350000,40000
R12-00236,13450000,40000
R12-00237,42460000,150000
R12-00238,25760000,60000
R12-00239,91710000,300000
R12-00240,51640000,150000
R12-00241,12090000,40000
R12-00242,53410000,150000
R12-00243,102180000,300000
R12-00244,25750000,60000
R12-00245,22590000,60000
R12-00246,125780000,300000
R12-00247,2110000,0
R12-00248,38030000,150000
R12-00249,54910000,150000
R12-00250,132060000,300000
R12-00251,91880000,300000
R12-00252,66430000,150000
R12-00253,27200000,60000
R12-00254,11880000,40000
R12-00255,41040000,150000
R12-00256,58450000,150000
R12-00257,38190000,150000
R12-00258,223760000,1000000
R12-00259,64560000,150000
R12-00260,62600000,150000
R12-00261,87620000,300000
R12-00262,40700000,150000
R12-00263,4670000,0
R12-00264,63930000,150000
R12-00265,52030000,150000
R12-00266,115880000,300000
R12-00267,33040000,60000
R12-00268,126780000,300000
R12-00269,103440000,300000
R12-00270,72770000,300000
R12-00271,14130000,40000
R12-00272,3370000,0
R12-00273,127230000,300000
R12-00274,51760000,150000
R12-00275,106740000,300000
R12-00276,66850000,300000
R12-00277,38060000,150000
R12-00278,72680000,300000
R12-00279,73680000,300000
R12-00280,32990000,60000
R12-00281,226370000,1000000
R12-00282,35910000,150000
R12-00283,25460000,60000
R12-00284,114210000,300000
R12-00285,22620000,60000
R12-00286,14990000,40000
R12-00287,36230000,150000
R12-00288,5200000,20000
R12-00289,36900000,150000
R12-00290,1730000,0
R12-00291,152470000,600000
R12-00292,3020000,0
R12-00293,32840000,60000
R12-00294,23440000,60000
R12-00295,52420000,150000
R12-00296,15400000,40000
R12-00297,24710000,60000
R12-00298,4020000,0
R12-00299,46220000,150000
R12-00300,7170000,20000
R12-00301,53930000,150000
R12-00302,33720000,150000
R12-00303,67050000,300000
R12-00304,73050000,300000
R12-00305,41290000,150000
R12-00306,17390000,40000
R12-00307,102410000,300000
R12-00308,12710000,40000
R12-00309,32750000,60000
R12-00310,12450000,40000
R12-00311,75860000,300000
R12-00312,15860000,40000
R12-00313,4060000,0
R12-00314,7040000,20000
R12-00315,3830000,0
R12-00316,27520000,60000
R12-00317,93720000,300000
R12-00318,13280000,40000
R12-00319,61450000,150000
R12-00320,23400000,60000
R12-00321,7510000,20000
R12-00322,1920000,0
R12-00323,46940000,150000
R12-00324,36680000,150000
R12-00325,54180000,150000
R12-00326,21920000,60000
R12-00327,44360000,150000
R12-00328,66480000,150000
R12-00329,101610000,300000
R12-00330,91200000,300000
R12-00331,35190000,150000
R12-00332,11580000,40000
R12-00333,32070000,60000
R12-00334,121290000,300000
R12-00335,135780000,600000
R12-00336,5260000,20000
R12-00337,34380000,150000
R12-00338,114010000,300000
R12-00339,151410000,600000
R12-00340,33410000,150000
R12-00341,48590000,150000
R12-00342,43820000,150000
R12-00343,131720000,300000
R12-00344,40800000,150000
R12-00345,860000,0
R12-00346,22060000,60000
R12-00347,48180000,150000
R12-00348,55500000,150000
R12-00349,62920000,150000
R12-00350,53140000,150000
R12-00351,30670000,60000
R12-00352,92590000,300000
R12-00353,103850000,300000
R12-00354,32990000,60000
R12-00355,2400000,0
R12-00356,5440000,20000
R12-00357,1690000,0
R12-00358,32330000,60000
R12-00359,101600000,300000
R12-00360,41730000,150000
R12-00361,37260000,150000
R12-00362,23620000,60000
R12-00363,43160000,150000
R12-00364,21050000,60000
R12-00365,26660000,60000
R12-00366,42770000,150000
R12-00367,2020000,0
R12-00368,32430000,60000
R12-00369,7900000,20000
R12-00370,52990000,150000
R12-00371,34770000,150000
R12-00372,145310000,600000
R12-00373,22160000,60000
R12-00374,38250000,150000
R12-00375,34350000,150000
R12-00376,64660000,150000
R12-00377,23960000,60000
R12-00378,11540000,40000
R12-00379,16980000,40000
R12-00380,24510000,60000
R12-00381,64770000,150000
R12-00382,16090000,40000
R12-00383,58190000,150000
R12-00384,52510000,150000
R12-00385,45610000,150000
R12-00386,37040000,150000
R12-00387,620000,0
R12-00388,72330000,300000
R12-00389,52800000,150000
R12-00390,11520000,40000
R12-00391,26910000,60000
R12-00392,32950000,60000
R12-00393,107540000,300000
R12-00394,31440000,60000
R12-00395,69590000,300000
R12-00396,84130000,300000
R12-00397,58130000,150000
R12-00398,82150000,300000
R12-00399,11830000,40000
R12-00400,7420000,20000
R12-00401,21720000,60000
R12-00402,73830000,300000
R12-00403,63610000,150000
R12-00404,5840000,20000
R12-00405,103340000,300000
R12-00406,14500000,40000
R12-00407,18080000,40000
R12-00408,43510000,150000
R12-00409,77370000,300000
R12-00410,23310000,60000
R12-00411,72860000,300000
R12-00412,6230000,20000
R12-00413,41980000,150000
R12-00414,101850000,300000
R12-00415,23590000,60000
R12-00416,12010000,40000
R12-00417,46890000,150000
R12-00418,2410000,0
R12-00419,48980000,150000
R12-00420,47110000,150000
R12-00421,72820000,300000
R12-00422,41000000,150000
R12-00423,16860000,40000
R12-00424,27720000,60000
R12-00425,3800000,0
R12-00426,1250000,0
R12-00427,27300000,60000
R12-00428,91480000,300000
R12-00429,21350000,60000
R12-00430,13020000,40000
R12-00431,35080000,150000
R12-00432,34230000,150000
R12-00433,62440000,150000
R12-00434,55850000,150000
R12-00435,82980000,300000
R12-00436,87750000,300000
R12-00437,86820000,300000
R12-00438,31530000,60000
R12-00439,33660000,150000
R12-00440,53320000,150000
R12-00441,26300000,60000
R12-00442,2170000,0
R12-00443,95820000,300000
R12-00444,82780000,300000
R12-00445,44610000,150000
R12-00446,26890000,60000
R12-00447,86790000,300000
R12-00448,22460000,60000
R12-00449,57990000,150000
R12-00450,63330000,150000
R12-00451,38570000,150000
R12-00452,107550000,300000
R12-00453,5480000,20000
R12-00454,61560000,150000
R12-00455,3770000,0
R12-00456,16960000,40000
R12-00457,3760000,0
R12-00458,50480000,150000
R12-00459,2060000,0
R12-00460,96160000,300000
R12-00461,56390000,150000
R12-00462,23980000,60000
R12-00463,108390000,300000
R12-00464,66250000,150000
R12-00465,82680000,300000
R12-00466,41350000,150000
R12-00467,2480000,0
R12-00468,42250000,150000
R12-00469,24840000,60000
R12-00470,132410000,300000
R12-00471,36080000,150000
R12-00472,31940000,60000
R12-00473,23080000,60000
R12-00474,27410000,60000
R12-00475,82630000,300000
R12-00476,26300000,60000
R12-00477,23670000,60000
R12-00478,25510000,60000
R12-00479,26550000,60000
R12-00480,26630000,60000
R12-00481,41000000,150000
R12-00482,130000,0
R12-00483,41180000,150000
R12-00484,103900000,300000
R12-00485,73320000,300000
R12-00486,35940000,150000
R12-00487,25110000,60000
R12-00488,62370000,150000
R12-00489,46650000,150000
R12-00490,28380000,60000
R12-00491,26440000,60000
R12-00492,11470000,40000
R12-00493,53780000,150000
R12-00494,44040000,150000
R12-00495,65040000,150000
R12-00496,3080000,0
R12-00497,32720000,60000
R12-00498,125440000,300000
R12-00499,63550000,150000
R12-00500,97450000,300000
R12-00501,20930000,60000
R12-00502,24290000,60000
R12-00503,22200000,60000
R12-00504,42330000,150000
R12-00505,36340000,150000
R12-00506,3840000,0
R12-00507,147170000,600000
R12-00508,66010000,150000
R12-00509,3750000,0
R12-00510,142100000,600000
R12-00511,500000,0
R12-00512,82160000,300000
R12-00513,65340000,150000
R12-00514,14770000,40000
R12-00515,62630000,150000
R12-00516,5990000,20000
R12-00517,2880000,0
R12-00518,101800000,300000
R12-00519,31270000,60000
R12-00520,22250000,60000
R12-00521,12330000,40000
R12-00522,15160000,40000
R12-00523,32400000,60000
R12-00524,31720000,60000
R12-00525,1070000,0
R12-00526,3660000,0
R12-00527,51580000,150000
R12-00528,48020000,150000
R12-00529,88340000,300000
R12-00530,1210000,0
R12-00531,63560000,150000
R12-00532,14080000,40000
R12-00533,4000000,0
R12-00534,81530000,300000
R12-00535,62070000,150000
R12-00536,71150000,300000
R12-00537,2410000,0
R12-00538,33070000,60000
R12-00539,44010000,150000
R12-00540,750000,0
R12-00541,56540000,150000
R12-00542,62090000,150000
R12-00543,25250000,60000
R12-00544,74640000,300000
R12-00545,44140000,150000
R12-00546,84630000,300000
R12-00547,42750000,150000
R12-00548,13580000,40000
R12-00549,55680000,150000
R12-00550,72530000,300000
R12-00551,63330000,150000
R12-00552,67270000,300000
R12-00553,31090000,60000
R12-00554,11140000,40000
R12-00555,16140000,40000
R12-00556,47070000,150000
R12-00557,91000000,300000
R12-00558,24360000,60000
R12-00559,19800000,40000
R12-00560,87870000,300000
R12-00561,91140000,300000
R12-00562,22090000,60000
R12-00563,42010000,150000
R12-00564,83410000,300000
R12-00565,16290000,40000
R12-00566,15700000,40000
R12-00567,33170000,60000
R12-00568,76650000,300000
R12-00569,46050000,150000
R12-00570,11180000,40000
R12-00571,14060000,40000
R12-00572,34910000,150000
R12-00573,12220000,40000
R12-00574,18470000,40000
R12-00575,54190000,150000
R12-00576,95420000,300000
R12-00577,19050000,40000
R12-00578,105740000,300000
R12-00579,2480000,0
R12-00580,71890000,300000
R12-00581,5070000,20000
R12-00582,50660000,150000
R12-00583,37180000,150000
R12-00584,21550000,60000
R12-00585,3150000,0
R12-00586,47210000,150000
R12-00587,57580000,150000
R12-00588,21040000,60000
R12-00589,84120000,300000
R12-00590,62390000,150000
R12-00591,23020000,60000
R12-00592,93890000,300000
R12-00593,24650000,60000
R12-00594,7580000,20000
R12-00595,46620000,150000
R12-00596,25300000,60000
R12-00597,35120000,150000
R12-00598,42140000,150000
R12-00599,34850000,150000
R12-00600,42510000,150000
R12-00601,23810000,60000
R12-00602,74270000,300000
R12-00603,47720000,150000
R12-00604,4330000,0
R12-00605,55580000,150000
R12-00606,90720000,300000
R12-00607,1270000,0
R12-00608,44760000,150000
R12-00609,37080000,150000
R12-00610,85710000,300000
R12-00611,48830000,150000
R12-00612,92700000,300000
R12-00613,77740000,300000
R12-00614,26920000,60000
R12-00615,14580000,40000
R12-00616,102330000,300000
R12-00617,16600000,40000
R12-00618,33220000,60000
R12-00619,7190000,20000
R12-00620,2680000,0
R12-00621,30980000,60000
R12-00622,152570000,600000
R12-00623,23360000,60000
R12-00624,30520000,60000
R12-00625,34200000,150000
R12-00626,25710000,60000
R12-00627,3880000,0
R12-00628,54220000,150000
R12-00629,13580000,40000
R12-00630,43740000,150000
R12-00631,3390000,0
R12-00632,52580000,150000
R12-00633,111450000,300000
R12-00634,2020000,0
R12-00635,11870000,40000
R12-00636,56660000,150000
R12-00637,21310000,60000
R12-00638,113300000,300000
R12-00639,2160000,0
R12-00640,84440000,300000
R12-00641,37260000,150000
R12-00642,2550000,0
R12-00643,27080000,60000
R12-00644,76150000,300000
R12-00645,122290000,300000
R12-00646,830000,0
R12-00647,15210000,40000
R12-00648,7740000,20000
R12-00649,25550000,60000
R12-00650,32240000,60000
R12-00651,5430000,20000
R12-00652,77720000,300000
R12-00653,85440000,300000
R12-00654,43310000,150000
R12-00655,96550000,300000
R12-00656,41830000,150000
R12-00657,11920000,40000
R12-00658,39190000,150000
R12-00659,52920000,150000
R12-00660,41190000,150000
R12-00661,95400000,300000
R12-00662,72520000,300000
R12-00663,42510000,150000
R12-00664,34280000,150000
R12-00665,87840000,300000
R12-00666,200000,0
R12-00667,45150000,150000
R12-00668,1730000,0
R12-00669,20650000,60000
R12-00670,5420000,20000
R12-00671,16390000,40000
R12-00672,2780000,0
R12-00673,12630000,40000
R12-00674,22470000,60000
R12-00675,4100000,0
R12-00676,3090000,0
R12-00677,2460000,0
R12-00678,73540000,300000
R12-00679,60440000,150000
R12-00680,54310000,150000
R12-00681,28290000,60000
R12-00682,72580000,300000
R12-00683,1900000,0
R12-00684,86330000,300000
R12-00685,74080000,300000
R12-00686,32410000,60000
R12-00687,57250000,150000
R12-00688,27230000,60000
R12-00689,81630000,300000
R12-00690,72250000,300000
R12-00691,42460000,150000
R12-00692,3580000,0
R12-00693,22410000,60000
R12-00694,54080000,150000
R12-00695,24200000,60000
R12-00696,65860000,150000
R12-00697,106950000,300000
R12-00698,62440000,150000
R12-00699,11260000,40000
R12-00700,44760000,150000
R12-00701,31110000,60000
R12-00702,860000,0
R12-00703,25020000,60000
R12-00704,32230000,60000
R12-00705,1780000,0
R12-00706,102080000,300000
R12-00707,2390000,0
R12-00708,45630000,150000
R12-00709,23140000,60000
R12-00710,12170000,40000
R12-00711,95000000,300000
R12-00712,31520000,60000
R12-00713,36340000,150000
R12-00714,45870000,150000
R12-00715,62440000,150000
R12-00716,45640000,150000
R12-00717,8390000,20000
R12-00718,42770000,150000
R12-00719,78740000,300000
R12-00720,44810000,150000
R12-00721,26330000,60000
R12-00722,24320000,60000
R12-00723,90550000,300000
R12-00724,75060000,300000
R12-00725,53850000,150000
R12-00726,67370000,300000
R12-00727,141340000,600000
R12-00728,52470000,150000
R12-00729,22970000,60000
R12-00730,51530000,150000
R12-00731,55230000,150000
R12-00732,3540000,0
R12-00733,122100000,300000
R12-00734,54670000,150000
R12-00735,5180000,20000
R12-00736,44530000,150000
R12-00737,22660000,60000
R12-00738,62140000,150000
R12-00739,56870000,150000
R12-00740,23040000,60000
R12-00741,11730000,40000
R12-00742,18800000,40000
R12-00743,54150000,150000
R12-00744,36580000,150000
R12-00745,25130000,60000
R12-00746,65480000,150000
R12-00747,103090000,300000
R12-00748,40680000,150000
R12-00749,21690000,60000
R12-00750,47930000,150000
R12-00751,83180000,300000
R12-00752,37360000,150000
R12-00753,73780000,300000
R12-00754,25950000,60000
R12-00755,21990000,60000
R12-00756,33550000,150000
R12-00757,24860000,60000
R12-00758,150470000,600000
R12-00759,45290000,150000
R12-00760,45790000,150000
R12-00761,26850000,60000
R12-00762,23290000,60000
R12-00763,21580000,60000
R12-00764,67480000,300000
R12-00765,33000000,60000
R12-00766,38030000,150000
R12-00767,13750000,40000
R12-00768,24130000,60000
R12-00769,72890000,300000
R12-00770,41180000,150000
R12-00771,74470000,300000
R12-00772,5890000,20000
R12-00773,112280000,300000
R12-00774,28260000,60000
R12-00775,17050000,40000
R12-00776,6610000,20000
R12-00777,52500000,150000
R12-00778,42410000,150000
R12-00779,95560000,300000
R12-00780,22210000,60000
R12-00781,83980000,300000
R12-00782,2830000,0
R12-00783,7330000,20000
R12-00784,7160000,20000
R12-00785,14900000,40000
R12-00786,103150000,300000
R12-00787,43160000,150000
R12-00788,22410000,60000
R12-00789,24690000,60000
R12-00790,11130000,40000
R12-00791,23010000,60000
R12-00792,3150000,0
R12-00793,82890000,300000
R12-00794,16150000,40000
R12-00795,26220000,60000
R12-00796,34100000,150000
R12-00797,11670000,40000
R12-00798,34860000,150000
R12-00799,21120000,60000
R12-00800,23270000,60000
R12-00801,46830000,150000
R12-00802,31340000,60000
R12-00803,64440000,150000
R12-00804,21310000,60000
R12-00805,110470000,300000
R12-00806,71690000,300000
R12-00807,121370000,300000
R12-00808,20950000,60000
R12-00809,220000,0
R12-00810,31830000,60000
R12-00811,14810000,40000
R12-00812,32410000,60000
R12-00813,14810000,40000
R12-00814,15910000,40000
R12-00815,55400000,150000
R12-00816,32740000,60000
R12-00817,13090000,40000
R12-00818,11580000,40000
R12-00819,43600000,150000
R12-00820,290000,0
R12-00821,46240000,150000
R12-00822,20870000,60000
R12-00823,90910000,300000
R12-00824,26400000,60000
R12-00825,24250000,60000
R12-00826,25130000,60000
R12-00827,33320000,60000
R12-00828,35650000,150000
R12-00829,64630000,150000
R12-00830,2980000,0
R12-00831,13030000,40000
R12-00832,21910000,60000
R12-00833,62780000,150000
R12-00834,35420000,150000
R12-00835,212970000,1000000
R12-00836,51260000,150000
R12-00837,73090000,300000
R12-00838,43980000,150000
R12-00839,25310000,60000
R12-00840,31350000,60000
R12-00841,3220000,0
R12-00842,46920000,150000
R12-00843,32550000,60000
R12-00844,51610000,150000
R12-00845,41360000,150000
R12-00846,72140000,300000
R12-00847,32410000,60000
R12-00848,66980000,300000
R12-00849,57260000,150000
R12-00850,106890000,300000
R12-00851,102790000,300000
R12-00852,11560000,40000
R12-00853,87960000,300000
R12-00854,42260000,150000
R12-00855,14360000,40000
R12-00856,91130000,300000
R12-00857,3570000,0
R12-00858,30870000,60000
R12-00859,83680000,300000
R12-00860,23390000,60000
R12-00861,16180000,40000
R12-00862,33590000,150000
R12-00863,37610000,150000
R12-00864,4620000,0
R12-00865,11070000,40000
R12-00866,95000000,300000
R12-00867,92080000,300000
R12-00868,61670000,150000
R12-00869,27070000,60000
R12-00870,3390000,0
R12-00871,4190000,0
R12-00872,22190000,60000
R12-00873,30710000,60000
R12-00874,96120000,300000
R12-00875,4590000,0
R12-00876,119540000,300000
R12-00877,104370000,300000
R12-00878,41100000,150000
R12-00879,2510000,0
R12-00880,2170000,0
R12-00881,63660000,150000
R12-00882,48160000,150000
R12-00883,13130000,40000
R12-00884,5970000,20000
R12-00885,66580000,150000
R12-00886,84970000,300000
R12-00887,14810000,40000
R12-00888,74520000,300000
R12-00889,4490000,0
R12-00890,14610000,40000
R12-00891,1060000,0
R12-00892,21920000,60000
R12-00893,109360000,300000
R12-00894,82430000,300000
R12-00895,82900000,300000
R12-00896,990000,0
R12-00897,7800000,20000
R12-00898,72600000,300000
R12-00899,8630000,20000
R12-00900,17700000,40000
R12-00901,38610000,150000
R12-00902,97520000,300000
R12-00903,82480000,300000
R12-00904,35830000,150000
R12-00905,1870000,0
R12-00906,54240000,150000
R12-00907,12540000,40000
R12-00908,52210000,150000
R12-00909,13300000,40000
R12-00910,135710000,600000
R12-00911,76530000,300000
R12-00912,62370000,150000
R12-00913,56510000,150000
R12-00914,67370000,300000
R12-00915,1130000,0
R12-00916,22390000,60000
R12-00917,20930000,60000
R12-00918,24030000,60000
R12-00919,42820000,150000
R12-00920,21390000,60000
R12-00921,41420000,150000
R12-00922,13780000,40000
R12-00923,40700000,150000
R12-00924,44600000,150000
R12-00925,33980000,150000
R12-00926,145860000,600000
R12-00927,97660000,300000
R12-00928,15890000,40000
R12-00929,3210000,0
R12-00930,35310000,150000
R12-00931,22400000,60000
R12-00932,39250000,150000
R12-00933,81940000,300000
R12-00934,12770000,40000
R12-00935,22460000,60000
R12-00936,146250000,600000
R12-00937,16200000,40000
R12-00938,13490000,40000
R12-00939,132820000,300000
R12-00940,16320000,40000
R12-00941,34570000,150000
R12-00942,1400000,0
R12-00943,25220000,60000
R12-00944,61800000,150000
R12-00945,63680000,150000
R12-00946,53970000,150000
R12-00947,22130000,60000
R12-00948,24090000,60000
R12-00949,54210000,150000
R12-00950,23610000,60000
R12-00951,44350000,150000
R12-00952,54280000,150000
R12-00953,101910000,300000
R12-00954,133690000,600000
R12-00955,22510000,60000
R12-00956,132210000,300000
R12-00957,41170000,150000
R12-00958,2440000,0
R12-00959,81710000,300000
R12-00960,106970000,300000
R12-00961,46520000,150000
R12-00962,23210000,60000
R12-00963,32770000,60000
R12-00964,2060000,0
R12-00965,83210000,300000
R12-00966,40750000,150000
R12-00967,62900000,150000
R12-00968,24420000,60000
R12-00969,94940000,300000
R12-00970,2090000,0
R12-00971,94470000,300000
R12-00972,63310000,150000
R12-00973,3280000,0
R12-00974,43230000,150000
R12-00975,3220000,0
R12-00976,56900000,150000
R12-00977,59000000,150000
R12-00978,36490000,150000
R12-00979,28990000,60000
R12-00980,2050000,0
R12-00981,78070000,300000
R12-00982,51120000,150000
R12-00983,23820000,60000
R12-00984,34600000,150000
R12-00985,4850000,0
R12-00986,54780000,150000
R12-00987,5570000,20000
R12-00988,86600000,300000
R12-00989,22490000,60000
R12-00990,91360000,300000
R12-00991,105640000,300000
R12-00992,58570000,150000
R12-00993,31260000,60000
R12-00994,142640000,600000
R12-00995,12480000,40000
R12-00996,92660000,300000
R12-00997,3960000,0
R12-00998,122910000,300000
R12-00999,71700000,300000
R12-01000,84460000,300000
R12-01001,112540000,300000
R12-01002,4360000,0
R12-01003,33620000,150000
R12-01004,41230000,150000
R12-01005,33030000,60000
R12-01006,25940000,60000
R12-01007,4990000,0
R12-01008,11070000,40000
R12-01009,45240000,150000
R12-01010,42590000,150000
R12-01011,173060000,600000
R12-01012,53730000,150000
R12-01013,34220000,150000
R12-01014,12370000,40000
R12-01015,1790000,0
R12-01016,74690000,300000
R12-01017,12260000,40000
R12-01018,121740000,300000
R12-01019,14060000,40000
R12-01020,13740000,40000
R12-01021,54980000,150000
R12-01022,58940000,150000
R12-01023,11560000,40000
R12-01024,32090000,60000
R12-01025,55230000,150000
R12-01026,64880000,150000
R12-01027,34180000,150000
R12-01028,15010000,40000
R12-01029,42700000,150000
R12-01030,41050000,150000
R12-01031,22780000,60000
R12-01032,15080000,40000
R12-01033,32120000,60000
R12-01034,1830000,0
R12-01035,52840000,150000
R12-01036,54540000,150000
R12-01037,48160000,150000
R12-01038,42880000,150000
R12-01039,14960000,40000
R12-01040,76220000,300000
R12-01041,86680000,300000
R12-01042,113670000,300000
R12-01043,34950000,150000
R12-01044,25620000,60000
R12-01045,55850000,150000
R12-01046,17070000,40000
R12-01047,102120000,300000
R12-01048,63740000,150000
R12-01049,56120000,150000
R12-01050,66340000,150000
R12-01051,2730000,0
R12-01052,5830000,20000
R12-01053,53170000,150000
R12-01054,8270000,20000
R12-01055,23660000,60000
R12-01056,67110000,300000
R12-01057,2880000,0
R12-01058,22130000,60000
R12-01059,12480000,40000
R12-01060,133790000,600000
R12-01061,51890000,150000
R12-01062,890000,0
R12-01063,95880000,300000
R12-01064,8610000,20000
R12-01065,53930000,150000
R12-01066,12700000,40000
R12-01067,33200000,60000
R12-01068,72580000,300000
R12-01069,64840000,150000
R12-01070,62800000,150000
R12-01071,34330000,150000
R12-01072,132970000,300000
R12-01073,36250000,150000
R12-01074,13050000,40000
R12-01075,44580000,150000
R12-01076,62760000,150000
R12-01077,66440000,150000
R12-01078,12430000,40000
R12-01079,3860000,0
R12-01080,139070000,600000
R12-01081,85290000,300000
R12-01082,15260000,40000
R12-01083,32130000,60000
R12-01084,25140000,60000
R12-01085,34830000,150000
R12-01086,4070000,0
R12-01087,68360000,300000
R12-01088,63000000,150000
R12-01089,61990000,150000
R12-01090,2950000,0
R12-01091,2260000,0
R12-01092,96970000,300000
R12-01093,73100000,300000
R12-01094,83450000,300000
R12-01095,73340000,300000
R12-01096,94610000,300000
R12-01097,12150000,40000
R12-01098,21900000,60000
R12-01099,60730000,150000
R12-01100,13220000,40000
R12-01101,101720000,300000
R12-01102,1760000,0
R12-01103,83030000,300000
R12-01104,3580000,0
R12-01105,27830000,60000
R12-01106,12850000,40000
R12-01107,33080000,60000
R12-01108,16010000,40000
R12-01109,34880000,150000
R12-01110,61880000,150000
R12-01111,31390000,60000
R12-01112,4560000,0
R12-01113,53590000,150000
R12-01114,81570000,300000
R12-01115,75470000,300000
R12-01116,2250000,0
R12-01117,102180000,300000
R12-01118,52960000,150000
R12-01119,41450000,150000
R12-01120,1000000,0
R12-01121,53940000,150000
R12-01122,34260000,150000
R12-01123,101930000,300000
R12-01124,5340000,20000
R12-01125,57930000,150000
R12-01126,1050000,0
R12-01127,28600000,60000
R12-01128,56330000,150000
R12-01129,31960000,60000
R12-01130,33810000,150000
R12-01131,34740000,150000
R12-01132,23190000,60000
R12-01133,72730000,300000
R12-01134,33380000,150000
R12-01135,2220000,0
R12-01136,43970000,150000
R12-01137,5180000,20000
R12-01138,101520000,300000
R12-01139,86360000,300000
R12-01140,76080000,300000
R12-01141,173170000,600000
R12-01142,36220000,150000
R12-01143,42070000,150000
R12-01144,45230000,150000
R12-01145,4460000,0
R12-01146,14320000,40000
R12-01147,54850000,150000
R12-01148,13320000,40000
R12-01149,77190000,300000
R12-01150,21920000,60000
R12-01151,73870000,300000
R12-01152,83970000,300000
R12-01153,5730000,20000
R12-01154,14730000,40000
R12-01155,65380000,150000
R12-01156,50400000,150000
R12-01157,52560000,150000
R12-01158,13510000,40000
R12-01159,54680000,150000
R12-01160,44930000,150000
R12-01161,28140000,60000
R12-01162,35200000,150000
R12-01163,4820000,0
R12-01164,4650000,0
R12-01165,34570000,150000
R12-01166,153870000,600000
R12-01167,81360000,300000
R12-01168,31810000,60000
R12-01169,76770000,300000
R12-01170,42880000,150000
R12-01171,24300000,60000
R12-01172,64130000,150000
R12-01173,31840000,60000
R12-01174,7560000,20000
R12-01175,72800000,300000
R12-01176,62550000,150000
R12-01177,87530000,300000
R12-01178,54620000,150000
R12-01179,14860000,40000
R12-01180,1850000,0
R12-01181,42400000,150000
R12-01182,42600000,150000
R12-01183,14090000,40000
R12-01184,31910000,60000
R12-01185,153090000,600000
R12-01186,14720000,40000
R12-01187,16340000,40000
R12-01188,42570000,150000
R12-01189,13950000,40000
R12-01190,63150000,150000
R12-01191,75570000,300000
R12-01192,25170000,60000
R12-01193,6790000,20000
R12-01194,42060000,150000
R12-01195,28340000,60000
R12-01196,63130000,150000
R12-01197,18300000,40000
R12-01198,6600000,20000
R12-01199,3230000,0
R12-01200,42360000,150000
R12-01201,3620000,0
R12-01202,21490000,60000
R12-01203,61670000,150000
R12-01204,35840000,150000
R12-01205,73410000,300000
R12-01206,45920000,150000
R12-01207,61740000,150000
R12-01208,72130000,300000
R12-01209,11500000,40000
R12-01210,16760000,40000
R12-01211,31480000,60000
R12-01212,5010000,20000
R12-01213,10630000,40000
R12-01214,21110000,60000
R12-01215,33740000,150000
R12-01216,41860000,150000
R12-01217,73220000,300000
R12-01218,15560000,40000
R12-01219,126390000,300000
R12-01220,132090000,300000
R12-01221,45730000,150000
R12-01222,32270000,60000
R12-01223,23700000,60000
R12-01224,28140000,60000
R12-01225,31530000,60000
R12-01226,25680000,60000
R12-01227,21490000,60000
R12-01228,82770000,300000
R12-01229,42770000,150000
R12-01230,24030000,60000
R12-01231,12580000,40000
R12-01232,5460000,20000
R12-01233,81850000,300000
R12-01234,41390000,150000
R12-01235,41960000,150000
R12-01236,46160000,150000
R12-01237,14720000,40000
R12-01238,53860000,150000
R12-01239,74370000,300000
R12-01240,62210000,150000
R12-01241,68410000,300000
R12-01242,72510000,300000
R12-01243,41380000,150000
R12-01244,18130000,40000
R12-01245,12760000,40000
R12-01246,17810000,40000
R12-01247,52140000,150000
R12-01248,127090000,300000
R12-01249,23710000,60000
R12-01250,82000000,300000
R12-01251,13910000,40000
R12-01252,55830000,150000
R12-01253,97080000,300000
R12-01254,11700000,40000
R12-01255,2710000,0
R12-01256,1700000,0
R12-01257,24640000,60000
R12-01258,4660000,0
R12-01259,48760000,150000
R12-01260,135020000,600000
R12-01261,68320000,300000
R12-01262,48410000,150000
R12-01263,69490000,300000
R12-01264,27350000,60000
R12-01265,3160000,0
R12-01266,25140000,60000
R12-01267,12420000,40000
R12-01268,17540000,40000
R12-01269,31650000,60000
R12-01270,1210000,0
R12-01271,24040000,60000
R12-01272,21520000,60000
R12-01273,24420000,60000
R12-01274,31380000,60000
R12-01275,52300000,150000
R12-01276,28300000,60000
R12-01277,52560000,150000
R12-01278,32540000,60000
R12-01279,6750000,20000
R12-01280,12610000,40000
R12-01281,54120000,150000
R12-01282,54210000,150000
R12-01283,50790000,150000
R12-01284,15230000,40000
R12-01285,55130000,150000
R12-01286,41440000,150000
R12-01287,66090000,150000
R12-01288,35660000,150000
R12-01289,2410000,0
R12-01290,43140000,150000
R12-01291,22810000,60000
R12-01292,63860000,150000
R12-01293,97050000,300000
R12-01294,64370000,150000
R12-01295,27170000,60000
R12-01296,12210000,40000
R12-01297,130560000,300000
R12-01298,46120000,150000
R12-01299,2410000,0
R12-01300,21940000,60000
R12-01301,1890000,0
R12-01302,21690000,60000
R12-01303,32580000,60000
R12-01304,13780000,40000
R12-01305,77140000,300000
R12-01306,24580000,60000
R12-01307,1940000,0
R12-01308,93620000,300000
R12-01309,41460000,150000
R12-01310,25980000,60000
R12-01311,2980000,0
R12-01312,34370000,150000
R12-01313,56890000,150000
R12-01314,34410000,150000
R12-01315,25560000,60000
R12-01316,24940000,60000
R12-01317,12800000,40000
R12-01318,37460000,150000
R12-01319,78180000,300000
R12-01320,121600000,300000
R12-01321,93420000,300000
R12-01322,24130000,60000
R12-01323,21890000,60000
R12-01324,15140000,40000
R12-01325,33710000,150000
R12-01326,112650000,300000
R12-01327,24210000,60000
R12-01328,32600000,60000
R12-01329,19080000,40000
R12-01330,36590000,150000
R12-01331,57560000,150000
R12-01332,23680000,60000
R12-01333,15270000,40000
R12-01334,6290000,20000
R12-01335,8650000,20000
R12-01336,52550000,150000
R12-01337,27170000,60000
R12-01338,63640000,150000
R12-01339,52590000,150000
R12-01340,37670000,150000
R12-01341,73090000,300000
R12-01342,830000,0
R12-01343,3290000,0
R12-01344,46760000,150000
R12-01345,50680000,150000
R12-01346,78240000,300000
R12-01347,22340000,60000
R12-01348,10830000,40000
R12-01349,122110000,300000
R12-01350,103920000,300000
R12-01351,5070000,20000
R12-01352,63940000,150000
R12-01353,71850000,300000
R12-01354,83870000,300000
R12-01355,15940000,40000
R12-01356,46330000,150000
R12-01357,31290000,60000
R12-01358,21510000,60000
R12-01359,137640000,600000
R12-01360,43670000,150000
R12-01361,46390000,150000
R12-01362,4980000,0
R12-01363,25860000,60000
R12-01364,2720000,0
R12-01365,41050000,150000
R12-01366,83210000,300000
R12-01367,45060000,150000
R12-01368,23730000,60000
R12-01369,17980000,40000
R12-01370,3700000,0
R12-01371,43740000,150000
R12-01372,89030000,300000
R12-01373,45560000,150000
R12-01374,63920000,150000
R12-01375,5930000,20000
R12-01376,28530000,60000
R12-01377,82690000,300000
R12-01378,76230000,300000
R12-01379,101230000,300000
R12-01380,93140000,300000
R12-01381,1890000,0
R12-01382,3310000,0
R12-01383,12230000,40000
R12-01384,11580000,40000
R12-01385,6270000,20000
R12-01386,55430000,150000
R12-01387,75810000,300000
R12-01388,2590000,0
R12-01389,43470000,150000
R12-01390,62290000,150000
R12-01391,2440000,0
R12-01392,50850000,150000
R12-01393,27020000,60000
R12-01394,32310000,60000
R12-01395,5940000,20000
R12-01396,36090000,150000
R12-01397,60650000,150000
R12-01398,4640000,0
R12-01399,71530000,300000
R12-01400,49220000,150000
R12-01401,59410000,150000
R12-01402,93700000,300000
R12-01403,52260000,150000
R12-01404,32570000,60000
R12-01405,46340000,150000
R12-01406,43770000,150000
R12-01407,13180000,40000
R12-01408,50540000,150000
R12-01409,14300000,40000
R12-01410,30900000,60000
R12-01411,20330000,60000
R12-01412,23980000,60000
R12-01413,135490000,600000
R12-01414,92160000,300000
R12-01415,152290000,600000
R12-01416,82720000,300000
R12-01417,21380000,60000
R12-01418,15840000,40000
R12-01419,21300000,60000
R12-01420,44410000,150000
R12-01421,13030000,40000
R12-01422,86860000,300000
R12-01423,15830000,40000
R12-01424,21920000,60000
R12-01425,56580000,150000
R12-01426,114480000,300000
R12-01427,115450000,300000
R12-01428,55460000,150000
R12-01429,113760000,300000
R12-01430,34010000,150000
R12-01431,47350000,150000
R12-01432,124930000,300000
R12-01433,71520000,300000
R12-01434,16410000,40000
R12-01435,42000000,150000
R12-01436,87550000,300000
R12-01437,14250000,40000
R12-01438,5570000,20000
R12-01439,33960000,150000
R12-01440,85280000,300000
R12-01441,26260000,60000
R12-01442,62510000,150000
R12-01443,3090000,0
R12-01444,3490000,0
R12-01445,4430000,0
R12-01446,94490000,300000
R12-01447,11530000,40000
R12-01448,30970000,60000
R12-01449,22010000,60000
R12-01450,12890000,40000
R12-01451,95700000,300000
R12-01452,71110000,300000
R12-01453,54560000,150000
R12-01454,43040000,150000
R12-01455,2260000,0
R12-01456,32620000,60000
R12-01457,27340000,60000
R12-01458,75500000,300000
R12-01459,43970000,150000
R12-01460,52400000,150000
R12-01461,66350000,150000
R12-01462,22100000,60000
R12-01463,36330000,150000
R12-01464,21780000,60000
R12-01465,94110000,300000
R12-01466,1680000,0
R12-01467,8090000,20000
R12-01468,1500000,0
R12-01469,105860000,300000
R12-01470,44000000,150000
R12-01471,14890000,40000
R12-01472,31490000,60000
R12-01473,71670000,300000
R12-01474,21300000,60000
R12-01475,26210000,60000
R12-01476,83960000,300000
R12-01477,32510000,60000
R12-01478,27050000,60000
R12-01479,92150000,300000
R12-01480,32630000,60000
R12-01481,142790000,600000
R12-01482,34760000,150000
R12-01483,72560000,300000
R12-01484,22490000,60000
R12-01485,34120000,150000
R12-01486,134360000,600000
R12-01487,3680000,0
R12-01488,3790000,0
R12-01489,20140000,60000
R12-01490,18390000,40000
R12-01491,94670000,300000
R12-01492,112680000,300000
R12-01493,42510000,150000
R12-01494,25370000,60000
R12-01495,41940000,150000
R12-01496,14510000,40000
R12-01497,4870000,0
R12-01498,78760000,300000
R12-01499,90840000,300000
R12-01500,14570000,40000
R12-01501,4290000,0
R12-01502,44410000,150000
R12-01503,5140000,20000
R12-01504,26860000,60000
R12-01505,8060000,20000
R12-01506,23610000,60000
R12-01507,12260000,40000
R12-01508,21250000,60000
R12-01509,64640000,150000
R12-01510,87550000,300000
R12-01511,73920000,300000
R12-01512,61580000,150000
R12-01513,94250000,300000
R12-01514,16400000,40000
R12-01515,22020000,60000
R12-01516,2810000,0
R12-01517,92060000,300000
R12-01518,54850000,150000
R12-01519,43830000,150000
R12-01520,12020000,40000
R12-01521,34090000,150000
R12-01522,66310000,150000
R12-01523,61480000,150000
R12-01524,34870000,150000
R12-01525,81240000,300000
R12-01526,61280000,150000
R12-01527,44920000,150000
R12-01528,1210000,0
R12-01529,37260000,150000
R12-01530,21940000,60000
R12-01531,43430000,150000
R12-01532,23560000,60000
R12-01533,11520000,40000
R12-01534,93060000,300000
R12-01535,33910000,150000
R12-01536,11570000,40000
R12-01537,65670000,150000
R12-01538,80740000,300000
R12-01539,54310000,150000
R12-01540,77290000,300000
R12-01541,65600000,150000
R12-01542,5880000,20000
R12-01543,93680000,300000
R12-01544,62140000,150000
R12-01545,24900000,60000
R12-01546,102010000,300000
R12-01547,1380000,0
R12-01548,35300000,150000
R12-01549,52490000,150000
R12-01550,73860000,300000
R12-01551,77440000,300000
R12-01552,21640000,60000
R12-01553,63190000,150000
R12-01554,61990000,150000
R12-01555,6020000,20000
R12-01556,13510000,40000
R12-01557,5570000,20000
R12-01558,44110000,150000
R12-01559,31280000,60000
R12-01560,4300000,0
R12-01561,3140000,0
R12-01562,1250000,0
R12-01563,48320000,150000
R12-01564,95930000,300000
R12-01565,1910000,0
R12-01566,2240000,0
R12-01567,6090000,20000
R12-01568,3240000,0
R12-01569,12920000,40000
R12-01570,2490000,0
R12-01571,116240000,300000
R12-01572,44460000,150000
R12-01573,12780000,40000
R12-01574,45630000,150000
R12-01575,32340000,60000
R12-01576,92940000,300000
R12-01577,31430000,60000
R12-01578,51040000,150000
R12-01579,4410000,0
R12-01580,64040000,150000
R12-01581,81680000,300000
R12-01582,51950000,150000
R12-01583,36050000,150000
R12-01584,33220000,60000
R12-01585,66480000,150000
R12-01586,28760000,60000
R12-01587,115180000,300000
R12-01588,11990000,40000
R12-01589,5140000,20000
R12-01590,24150000,60000
R12-01591,23010000,60000
R12-01592,20570000,60000
R12-01593,21720000,60000
R12-01594,51850000,150000
R12-01595,45780000,150000
R12-01596,26970000,60000
R12-01597,13160000,40000
R12-01598,12800000,40000
R12-01599,148750000,600000
R12-01600,91830000,300000
R12-01601,24280000,60000
R12-01602,226160000,1000000
R12-01603,108110000,300000
R12-01604,31550000,60000
R12-01605,13020000,40000
R12-01606,86600000,300000
R12-01607,47370000,150000
R12-01608,35470000,150000
R12-01609,73650000,300000
R12-01610,22310000,60000
R12-01611,111870000,300000
R12-01612,2200000,0
R12-01613,22250000,60000
R12-01614,73600000,300000
R12-01615,22010000,60000
R12-01616,2020000,0
R12-01617,58150000,150000
R12-01618,99080000,300000
R12-01619,43740000,150000
R12-01620,14830000,40000
R12-01621,42180000,150000
R12-01622,60670000,150000
R12-01623,31430000,60000
R12-01624,14850000,40000
R12-01625,11270000,40000
R12-01626,133570000,600000
R12-01627,11860000,40000
R12-01628,43390000,150000
R12-01629,135650000,600000
R12-01630,43180000,150000
R12-01631,62590000,150000
R12-01632,33800000,150000
R12-01633,43620000,150000
R12-01634,34080000,150000
R12-01635,54220000,150000
R12-01636,85170000,300000
R12-01637,62520000,150000
R12-01638,42950000,150000
R12-01639,92290000,300000
R12-01640,8250000,20000
R12-01641,83370000,300000
R12-01642,36790000,150000
R12-01643,34480000,150000
R12-01644,100840000,300000
R12-01645,6630000,20000
R12-01646,37600000,150000
R12-01647,84900000,300000
R12-01648,61940000,150000
R12-01649,32690000,60000
R12-01650,62070000,150000
R12-01651,33120000,60000
R12-01652,74190000,300000
R12-01653,22180000,60000
R12-01654,26090000,60000
R12-01655,42140000,150000
R12-01656,131930000,300000
R12-01657,24950000,60000
R12-01658,42620000,150000
R12-01659,36110000,150000
R12-01660,64140000,150000
R12-01661,66650000,150000
R12-01662,32450000,60000
R12-01663,37220000,150000
R12-01664,27170000,60000
R12-01665,35780000,150000
R12-01666,72750000,300000
R12-01667,113480000,300000
R12-01668,33460000,150000
R12-01669,25080000,60000
R12-01670,37790000,150000
R12-01671,2800000,0
R12-01672,3100000,0
R12-01673,13740000,40000
R12-01674,22180000,60000
R12-01675,51260000,150000
R12-01676,690000,0
R12-01677,90870000,300000
R12-01678,4070000,0
R12-01679,56200000,150000
R12-01680,87010000,300000
R12-01681,2400000,0
R12-01682,43450000,150000
R12-01683,43350000,150000
R12-01684,54020000,150000
R12-01685,50630000,150000
R12-01686,3400000,0
R12-01687,2630000,0
R12-01688,4820000,0
R12-01689,72800000,300000
R12-01690,64420000,150000
R12-01691,44380000,150000
R12-01692,76590000,300000
R12-01693,144570000,600000
R12-01694,12030000,40000
R12-01695,45770000,150000
R12-01696,124910000,300000
R12-01697,71670000,300000
R12-01698,11640000,40000
R12-01699,61470000,150000
R12-01700,5960000,20000
R12-01701,26630000,60000
R12-01702,15490000,40000
R12-01703,54300000,150000
R12-01704,91640000,300000
R12-01705,62020000,150000
R12-01706,41940000,150000
R12-01707,116020000,300000
R12-01708,23010000,60000
R12-01709,123330000,300000
R12-01710,31860000,60000
R12-01711,82270000,300000
R12-01712,63130000,150000
R12-01713,23410000,60000
R12-01714,42460000,150000
R12-01715,22270000,60000
R12-01716,54620000,150000
R12-01717,71660000,300000
R12-01718,65590000,150000
R12-01719,41160000,150000
R12-01720,52010000,150000
R12-01721,21720000,60000
R12-01722,54420000,150000
R12-01723,95910000,300000
R12-01724,101060000,300000
R12-01725,42120000,150000
R12-01726,57160000,150000
R12-01727,25020000,60000
R12-01728,990000,0
R12-01729,93590000,300000
R12-01730,50320000,150000
R12-01731,33460000,150000
R12-01732,21180000,60000
R12-01733,6740000,20000
R12-01734,26690000,60000
R12-01735,73220000,300000
R12-01736,26380000,60000
R12-01737,25600000,60000
R12-01738,13790000,40000
R12-01739,114700000,300000
R12-01740,36530000,150000
R12-01741,14370000,40000
R12-01742,43220000,150000
R12-01743,54310000,150000
R12-01744,14180000,40000
R12-01745,25110000,60000
R12-01746,10800000,40000
R12-01747,102490000,300000
R12-01748,125720000,300000
R12-01749,36670000,150000
R12-01750,24830000,60000
R12-01751,12660000,40000
R12-01752,22650000,60000
R12-01753,4940000,0
R12-01754,24500000,60000
R12-01755,28380000,60000
R12-01756,95970000,300000
R12-01757,44650000,150000
R12-01758,17530000,40000
R12-01759,18500000,40000
R12-01760,11770000,40000
R12-01761,26020000,60000
R12-01762,24620000,60000
R12-01763,71860000,300000
R12-01764,21820000,60000
R12-01765,62420000,150000
R12-01766,91910000,300000
R12-01767,71920000,300000
R12-01768,45730000,150000
R12-01769,58290000,150000
R12-01770,73060000,300000
R12-01771,8870000,20000
R12-01772,63060000,150000
R12-01773,5700000,20000
R12-01774,95830000,300000
R12-01775,55000000,150000
R12-01776,93070000,300000
R12-01777,53570000,150000
R12-01778,72240000,300000
R12-01779,66370000,150000
R12-01780,23530000,60000
R12-01781,23720000,60000
R12-01782,133680000,600000
R12-01783,92620000,300000
R12-01784,43700000,150000
R12-01785,32780000,60000
R12-01786,53250000,150000
R12-01787,88590000,300000
R12-01788,116320000,300000
R12-01789,43020000,150000
R12-01790,34650000,150000
R12-01791,23410000,60000
R12-01792,33780000,150000
R12-01793,44090000,150000
R12-01794,82820000,300000
R12-01795,40550000,150000
R12-01796,25080000,60000
R12-01797,55470000,150000
R12-01798,51410000,150000
R12-01799,74040000,300000
R12-01800,141820000,600000
R12-01801,32210000,60000
R12-01802,47350000,150000
R12-01803,45600000,150000
R12-01804,24280000,60000
R12-01805,43490000,150000
R12-01806,43700000,150000
R12-01807,63340000,150000
R12-01808,43190000,150000
R12-01809,11520000,40000
R12-01810,34960000,150000
R12-01811,25170000,60000
R12-01812,33340000,150000
R12-01813,71700000,300000
R12-01814,32530000,60000
R12-01815,54680000,150000
R12-01816,25840000,60000
R12-01817,44420000,150000
R12-01818,24530000,60000
R12-01819,37920000,150000
R12-01820,27950000,60000
R12-01821,13180000,40000
R12-01822,55480000,150000
R12-01823,53860000,150000
R12-01824,78310000,300000
R12-01825,94420000,300000
R12-01826,13640000,40000
R12-01827,56610000,150000
R12-01828,54370000,150000
R12-01829,88390000,300000
R12-01830,12460000,40000
R12-01831,20550000,60000
R12-01832,42830000,150000
R12-01833,61140000,150000
R12-01834,24950000,60000
R12-01835,73430000,300000
R12-01836,83220000,300000
R12-01837,45880000,150000
R12-01838,62550000,150000
R12-01839,42880000,150000
R12-01840,87920000,300000
R12-01841,33770000,150000
R12-01842,12180000,40000
R12-01843,135020000,600000
R12-01844,70770000,300000
R12-01845,7170000,20000
R12-01846,19420000,40000
R12-01847,5110000,20000
R12-01848,24130000,60000
R12-01849,37010000,150000
R12-01850,121160000,300000
R12-01851,10600000,40000
R12-01852,93530000,300000
R12-01853,33920000,150000
R12-01854,96110000,300000
R12-01855,134490000,600000
R12-01856,5890000,20000
R12-01857,91840000,300000
R12-01858,24340000,60000
R12-01859,133600000,600000
R12-01860,30920000,60000
R12-01861,45130000,150000
R12-01862,3250000,0
R12-01863,45550000,150000
R12-01864,16580000,40000
R12-01865,33000000,60000
R12-01866,43240000,150000
R12-01867,28780000,60000
R12-01868,22920000,60000
R12-01869,34750000,150000
R12-01870,5520000,20000
R12-01871,73730000,300000
R12-01872,28160000,60000
R12-01873,73970000,300000
R12-01874,52820000,150000
R12-01875,13250000,40000
R12-01876,21640000,60000
R12-01877,103070000,300000
R12-01878,35910000,150000
R12-01879,26520000,60000
R12-01880,10840000,40000
R12-01881,3040000,0
R12-01882,5480000,20000
R12-01883,127020000,300000
R12-01884,33060000,60000
R12-01885,12650000,40000
R12-01886,43840000,150000
R12-01887,41030000,150000
R12-01888,33340000,150000
R12-01889,72070000,300000
R12-01890,80220000,300000
R12-01891,27100000,60000
R12-01892,14890000,40000
R12-01893,6560000,20000
R12-01894,41510000,150000
R12-01895,101770000,300000
R12-01896,14160000,40000
R12-01897,13380000,40000
R12-01898,3880000,0
R12-01899,4150000,0
R12-01900,65810000,150000
R12-01901,5770000,20000
R12-01902,72020000,300000
R12-01903,46560000,150000
R12-01904,36240000,150000
R12-01905,45350000,150000
R12-01906,31560000,60000
R12-01907,44350000,150000
R12-01908,14810000,40000
R12-01909,56380000,150000
R12-01910,62720000,150000
R12-01911,87570000,300000
R12-01912,53250000,150000
R12-01913,46850000,150000
R12-01914,2970000,0
R12-01915,45140000,150000
R12-01916,45960000,150000
R12-01917,34410000,150000
R12-01918,15160000,40000
R12-01919,62480000,150000
R12-01920,11630000,40000
R12-01921,14590000,40000
R12-01922,8000000,20000
R12-01923,35730000,150000
R12-01924,7630000,20000
R12-01925,2160000,0
R12-01926,91080000,300000
R12-01927,64840000,150000
R12-01928,370000,0
R12-01929,76640000,300000
R12-01930,24240000,60000
R12-01931,25510000,60000
R12-01932,48130000,150000
R12-01933,7290000,20000
R12-01934,27100000,60000
R12-01935,2020000,0
R12-01936,177530000,600000
R12-01937,63240000,150000
R12-01938,33990000,150000
R12-01939,43140000,150000
R12-01940,790000,0
R12-01941,5390000,20000
R12-01942,144060000,600000
R12-01943,11690000,40000
R12-01944,64420000,150000
R12-01945,3070000,0
R12-01946,112770000,300000
R12-01947,64300000,150000
R12-01948,14880000,40000
R12-01949,80950000,300000
R12-01950,44230000,150000
R12-01951,14860000,40000
R12-01952,34930000,150000
R12-01953,12180000,40000
R12-01954,12840000,40000
R12-01955,13180000,40000
R12-01956,22690000,60000
R12-01957,23920000,60000
R12-01958,42140000,150000
R12-01959,25100000,60000
R12-01960,26310000,60000
R12-01961,92740000,300000
R12-01962,24770000,60000
R12-01963,61610000,150000
R12-01964,42920000,150000
R12-01965,80740000,300000
R12-01966,82370000,300000
R12-01967,20890000,60000
R12-01968,115880000,300000
R12-01969,32250000,60000
R12-01970,17280000,40000
R12-01971,84700000,300000
R12-01972,4330000,0
R12-01973,72430000,300000
R12-01974,41170000,150000
R12-01975,1520000,0
R12-01976,43720000,150000
R12-01977,41540000,150000
R12-01978,4310000,0
R12-01979,71750000,300000
R12-01980,22520000,60000
R12-01981,1900000,0
R12-01982,3980000,0
R12-01983,63500000,150000
R12-01984,115580000,300000
R12-01985,63760000,150000
R12-01986,4150000,0
R12-01987,64210000,150000
R12-01988,45050000,150000
R12-01989,23150000,60000
R12-01990,22810000,60000
R12-01991,13670000,40000
R12-01992,4030000,0
R12-01993,102580000,300000
R12-01994,74970000,300000
R12-01995,12490000,40000
R12-01996,55550000,150000
R12-01997,52780000,150000
R12-01998,66350000,150000
R12-01999,88210000,300000
R12-02000,44100000,150000
R12-02001,14650000,40000
R12-02002,11950000,40000
R12-02003,73620000,300000
R12-02004,125060000,300000
R12-02005,75110000,300000
R12-02006,49580000,150000
R12-02007,44540000,150000
R12-02008,3190000,0
R12-02009,41680000,150000
R12-02010,57270000,150000
R12-02011,51190000,150000
R12-02012,4190000,0
R12-02013,85650000,300000
R12-02014,35260000,150000
R12-02015,1780000,0
R12-02016,71500000,300000
R12-02017,72470000,300000
R12-02018,56680000,150000
R12-02019,51380000,150000
R12-02020,85510000,300000
R12-02021,16170000,40000
R12-02022,17280000,40000
R12-02023,61630000,150000
R12-02024,96400000,300000
R12-02025,55700000,150000
R12-02026,25930000,60000
R12-02027,7090000,20000
R12-02028,45040000,150000
R12-02029,41310000,150000
R12-02030,56600000,150000
R12-02031,53340000,150000
R12-02032,41370000,150000
R12-02033,93070000,300000
R12-02034,25660000,60000
R12-02035,26970000,60000
R12-02036,85180000,300000
R12-02037,2280000,0
R12-02038,92910000,300000
R12-02039,81430000,300000
R12-02040,25710000,60000
R12-02041,32540000,60000
R12-02042,14130000,40000
R12-02043,13750000,40000
R12-02044,44090000,150000
R12-02045,34460000,150000
R12-02046,61050000,150000
R12-02047,6010000,20000
R12-02048,43000000,150000
R12-02049,57370000,150000
R12-02050,42970000,150000
R12-02051,45730000,150000
R12-02052,148240000,600000
R12-02053,64380000,150000
R12-02054,35650000,150000
R12-02055,44580000,150000
R12-02056,56610000,150000
R12-02057,35180000,150000
R12-02058,24320000,60000
R12-02059,124250000,300000
R12-02060,33690000,150000
R12-02061,2850000,0
R12-02062,41630000,150000
R12-02063,34990000,150000
R12-02064,20080000,60000
R12-02065,105820000,300000
R12-02066,17750000,40000
R12-02067,42810000,150000
R12-02068,6160000,20000
R12-02069,22050000,60000
R12-02070,1610000,0
R12-02071,122770000,300000
R12-02072,44000000,150000
R12-02073,14800000,40000
R12-02074,17020000,40000
R12-02075,23780000,60000
R12-02076,47300000,150000
R12-02077,43010000,150000
R12-02078,72500000,300000
R12-02079,43390000,150000
R12-02080,35870000,150000
R12-02081,74070000,300000
R12-02082,1120000,0
R12-02083,41180000,150000
R12-02084,26260000,60000
R12-02085,152850000,600000
R12-02086,11530000,40000
R12-02087,63930000,150000
R12-02088,43190000,150000
R12-02089,41710000,150000
R12-02090,54270000,150000
R12-02091,21810000,60000
R12-02092,5070000,20000
R12-02093,33930000,150000
R12-02094,44310000,150000
R12-02095,33040000,60000
R12-02096,70830000,300000
R12-02097,98630000,300000
R12-02098,51240000,150000
R12-02099,51840000,150000
R12-02100,14540000,40000
R12-02101,23260000,60000
R12-02102,35280000,150000
R12-02103,860000,0
R12-02104,65710000,150000
R12-02105,42540000,150000
R12-02106,40440000,150000
R12-02107,7300000,20000
R12-02108,38310000,150000
R12-02109,136970000,600000
R12-02110,4640000,0
R12-02111,37460000,150000
R12-02112,26220000,60000
R12-02113,3160000,0
R12-02114,134880000,600000
R12-02115,46220000,150000
R12-02116,61740000,150000
R12-02117,24880000,60000
R12-02118,43660000,150000
R12-02119,55120000,150000
R12-02120,12060000,40000
R12-02121,71700000,300000
R12-02122,122970000,300000
R12-02123,114930000,300000
R12-02124,13980000,40000
R12-02125,153700000,600000
R12-02126,14820000,40000
R12-02127,43890000,150000
R12-02128,125130000,300000
R12-02129,14590000,40000
R12-02130,12640000,40000
R12-02131,24410000,60000
R12-02132,2950000,0
R12-02133,97260000,300000
R12-02134,55060000,150000
R12-02135,42010000,150000
R12-02136,9620000,20000
R12-02137,33090000,60000
R12-02138,1800000,0
R12-02139,76960000,300000
R12-02140,4010000,0
R12-02141,65210000,150000
R12-02142,72840000,300000
R12-02143,38640000,150000
R12-02144,45380000,150000
R12-02145,650000,0
R12-02146,27400000,60000
R12-02147,33540000,150000
R12-02148,4780000,0
R12-02149,42500000,150000
R12-02150,24280000,60000
R12-02151,101270000,300000
R12-02152,52830000,150000
R12-02153,28520000,60000
R12-02154,23690000,60000
R12-02155,57980000,150000
R12-02156,4490000,0
R12-02157,46100000,150000
R12-02158,47140000,150000
R12-02159,21130000,60000
R12-02160,37400000,150000
R12-02161,44900000,150000
R12-02162,22710000,60000
R12-02163,72280000,300000
R12-02164,36680000,150000
R12-02165,16060000,40000
R12-02166,37810000,150000
R12-02167,3630000,0
R12-02168,22390000,60000
R12-02169,2650000,0
R12-02170,39000000,150000
R12-02171,81900000,300000
R12-02172,70700000,300000
R12-02173,76740000,300000
R12-02174,42510000,150000
R12-02175,40640000,150000
R12-02176,146760000,600000
R12-02177,73360000,300000
R12-02178,90530000,300000
R12-02179,87330000,300000
R12-02180,72170000,300000
R12-02181,53260000,150000
R12-02182,56560000,150000
R12-02183,16650000,40000
R12-02184,11070000,40000
R12-02185,5700000,20000
R12-02186,53030000,150000
R12-02187,41580000,150000
R12-02188,26410000,60000
R12-02189,18600000,40000
R12-02190,73330000,300000
R12-02191,23040000,60000
R12-02192,5170000,20000
R12-02193,23860000,60000
R12-02194,55920000,150000
R12-02195,24320000,60000
R12-02196,22280000,60000
R12-02197,34060000,150000
R12-02198,82670000,300000
R12-02199,13780000,40000
R12-02200,55910000,150000
R12-02201,26420000,60000
R12-02202,52520000,150000
R12-02203,65230000,150000
R12-02204,32950000,60000
R12-02205,22850000,60000
R12-02206,32600000,60000
R12-02207,27500000,60000
R12-02208,11380000,40000
R12-02209,32280000,60000
R12-02210,36950000,150000
R12-02211,4520000,0
R12-02212,2090000,0
R12-02213,80860000,300000
R12-02214,74960000,300000
R12-02215,43210000,150000
R12-02216,145880000,600000
R12-02217,32790000,60000
R12-02218,11830000,40000
R12-02219,5520000,20000
R12-02220,16000000,40000
R12-02221,64420000,150000
R12-02222,25770000,60000
R12-02223,43710000,150000
R12-02224,22800000,60000
R12-02225,30080000,60000
R12-02226,225830000,1000000
R12-02227,7930000,20000
R12-02228,44820000,150000
R12-02229,73310000,300000
R12-02230,83310000,300000
R12-02231,81900000,300000
R12-02232,46080000,150000
R12-02233,23900000,60000
R12-02234,44300000,150000
R12-02235,17310000,40000
R12-02236,62990000,150000
R12-02237,57290000,150000
R12-02238,63070000,150000
R12-02239,72170000,300000
R12-02240,42780000,150000
R12-02241,2010000,0
R12-02242,135160000,600000
R12-02243,24390000,60000
R12-02244,43010000,150000
R12-02245,22510000,60000
R12-02246,7170000,20000
R12-02247,20790000,60000
R12-02248,78230000,300000
R12-02249,49670000,150000
R12-02250,8370000,20000
R12-02251,13420000,40000
R12-02252,31970000,60000
R12-02253,46430000,150000
R12-02254,34610000,150000
R12-02255,11010000,40000
R12-02256,31950000,60000
R12-02257,51290000,150000
R12-02258,25250000,60000
R12-02259,34950000,150000
R12-02260,4050000,0
R12-02261,60950000,150000
R12-02262,114700000,300000
R12-02263,33070000,60000
R12-02264,55740000,150000
R12-02265,670000,0
R12-02266,42470000,150000
R12-02267,66760000,300000
R12-02268,51160000,150000
R12-02269,14800000,40000
R12-02270,5540000,20000
R12-02271,41530000,150000
R12-02272,13150000,40000
R12-02273,61510000,150000
R12-02274,22140000,60000
R12-02275,31730000,60000
R12-02276,33380000,150000
R12-02277,11380000,40000
R12-02278,71270000,300000
R12-02279,13090000,40000
R12-02280,98350000,300000
R12-02281,41400000,150000
R12-02282,46700000,150000
R12-02283,39540000,150000
R12-02284,44370000,150000
R12-02285,34900000,150000
R12-02286,111590000,300000
R12-02287,90950000,300000
R12-02288,42250000,150000
R12-02289,25790000,60000
R12-02290,1510000,0
R12-02291,44870000,150000
R12-02292,45670000,150000
R12-02293,62610000,150000
R12-02294,2660000,0
R12-02295,64180000,150000
R12-02296,27010000,60000
R12-02297,85620000,300000
R12-02298,3500000,0
R12-02299,70950000,300000
R12-02300,173350000,600000
R12-02301,22380000,60000
R12-02302,75640000,300000
R12-02303,10110000,40000
R12-02304,61300000,150000
R12-02305,52250000,150000
R12-02306,1910000,0
R12-02307,72880000,300000
R12-02308,6420000,20000
R12-02309,98220000,300000
R12-02310,4410000,0
R12-02311,147610000,600000
R12-02312,16480000,40000
R12-02313,83580000,300000
R12-02314,91830000,300000
R12-02315,101250000,300000
R12-02316,35860000,150000
R12-02317,11460000,40000
R12-02318,63110000,150000
R12-02319,109450000,300000
R12-02320,64820000,150000
R12-02321,25600000,60000
R12-02322,56310000,150000
R12-02323,42500000,150000
R12-02324,106390000,300000
R12-02325,63720000,150000
R12-02326,37690000,150000
R12-02327,142240000,600000
R12-02328,47380000,150000
R12-02329,32710000,60000
R12-02330,103420000,300000
R12-02331,85320000,300000
R12-02332,104830000,300000
R12-02333,22650000,60000
R12-02334,18350000,40000
R12-02335,17790000,40000
R12-02336,151910000,600000
R12-02337,32760000,60000
R12-02338,73290000,300000
R12-02339,35460000,150000
R12-02340,62770000,150000
R12-02341,12500000,40000
R12-02342,21800000,60000
R12-02343,61630000,150000
R12-02344,92610000,300000
R12-02345,62940000,150000
R12-02346,8700000,20000
R12-02347,43830000,150000
R12-02348,13770000,40000
R12-02349,22740000,60000
R12-02350,21620000,60000
R12-02351,10160000,40000
R12-02352,3560000,0
R12-02353,63450000,150000
R12-02354,25470000,60000
R12-02355,32530000,60000
R12-02356,104790000,300000
R12-02357,4560000,0
R12-02358,44510000,150000
R12-02359,14080000,40000
R12-02360,10920000,40000
R12-02361,91570000,300000
R12-02362,52240000,150000
R12-02363,1730000,0
R12-02364,13690000,40000
R12-02365,91250000,300000
R12-02366,85650000,300000
R12-02367,102150000,300000
R12-02368,18200000,40000
R12-02369,67810000,300000
R12-02370,69150000,300000
R12-02371,12490000,40000
R12-02372,4120000,0
R12-02373,66860000,300000
R12-02374,32110000,60000
R12-02375,31080000,60000
R12-02376,54750000,150000
R12-02377,33780000,150000
R12-02378,49580000,150000
R12-02379,62340000,150000
R12-02380,42110000,150000
R12-02381,21880000,60000
R12-02382,46940000,150000
R12-02383,143870000,600000
R12-02384,2100000,0
R12-02385,11900000,40000
R12-02386,42370000,150000
R12-02387,2840000,0
R12-02388,25720000,60000
R12-02389,2520000,0
R12-02390,23310000,60000
R12-02391,72470000,300000
R12-02392,64020000,150000
R12-02393,4230000,0
R12-02394,81190000,300000
R12-02395,41980000,150000
R12-02396,10850000,40000
R12-02397,6320000,20000
R12-02398,32530000,60000
R12-02399,12700000,40000
R12-02400,84180000,300000
R12-02401,26000000,60000
R12-02402,1300000,0
R12-02403,5280000,20000
R12-02404,85150000,300000
R12-02405,2860000,0
R12-02406,11290000,40000
R12-02407,2400000,0
R12-02408,93660000,300000
R12-02409,32320000,60000
R12-02410,14470000,40000
R12-02411,62440000,150000
R12-02412,111610000,300000
R12-02413,30870000,60000
R12-02414,61820000,150000
R12-02415,77040000,300000
R12-02416,144070000,600000
R12-02417,3890000,0
R12-02418,32700000,60000
R12-02419,810000,0
R12-02420,3400000,0
R12-02421,92670000,300000
R12-02422,55170000,150000
R12-02423,11050000,40000
R12-02424,3950000,0
R12-02425,75270000,300000
R12-02426,29520000,60000
R12-02427,54050000,150000
R12-02428,8620000,20000
R12-02429,4860000,0
R12-02430,13820000,40000
R12-02431,43460000,150000
R12-02432,100890000,300000
R12-02433,91940000,300000
R12-02434,103760000,300000
R12-02435,16570000,40000
R12-02436,39630000,150000
R12-02437,26130000,60000
R12-02438,54840000,150000
R12-02439,28930000,60000
R12-02440,61790000,150000
R12-02441,64890000,150000
R12-02442,32660000,60000
R12-02443,43480000,150000
R12-02444,11290000,40000
R12-02445,23990000,60000
R12-02446,11560000,40000
R12-02447,55840000,150000
R12-02448,14510000,40000
R12-02449,23240000,60000
R12-02450,33580000,150000
R12-02451,97830000,300000
R12-02452,100200000,300000
R12-02453,96400000,300000
R12-02454,12920000,40000
R12-02455,6170000,20000
R12-02456,94840000,300000
R12-02457,105050000,300000
R12-02458,14920000,40000
R12-02459,67780000,300000
R12-02460,53210000,150000
R12-02461,57160000,150000
R12-02462,17430000,40000
R12-02463,26010000,60000
R12-02464,12700000,40000
R12-02465,72170000,300000
R12-02466,74910000,300000
R12-02467,11380000,40000
R12-02468,115840000,300000
R12-02469,20880000,60000
R12-02470,21770000,60000
R12-02471,63810000,150000
R12-02472,5870000,20000
R12-02473,41370000,150000
R12-02474,22290000,60000
R12-02475,42950000,150000
R12-02476,11550000,40000
R12-02477,74150000,300000
R12-02478,104520000,300000
R12-02479,23460000,60000
R12-02480,20280000,60000
R12-02481,2180000,0
R12-02482,3440000,0
R12-02483,63410000,150000
R12-02484,16870000,40000
R12-02485,82930000,300000
R12-02486,20710000,60000
R12-02487,32930000,60000
R12-02488,53990000,150000
R12-02489,52520000,150000
R12-02490,14950000,40000
R12-02491,92900000,300000
R12-02492,17490000,40000
R12-02493,21930000,60000
R12-02494,64350000,150000
R12-02495,61630000,150000
R12-02496,6550000,20000
R12-02497,5520000,20000
R12-02498,15740000,40000
R12-02499,1090000,0
R12-02500,73090000,300000
R12-02501,97740000,300000
R12-02502,2250000,0
R12-02503,91380000,300000
R12-02504,14280000,40000
R12-02505,53390000,150000
R12-02506,52590000,150000
R12-02507,43510000,150000
R12-02508,45960000,150000
R12-02509,84840000,300000
R12-02510,54840000,150000
R12-02511,44020000,150000
R12-02512,11360000,40000
R12-02513,25080000,60000
R12-02514,2390000,0
R12-02515,26240000,60000
R12-02516,35010000,150000
R12-02517,95160000,300000
R12-02518,2750000,0
R12-02519,67020000,300000
R12-02520,45250000,150000
R12-02521,14000000,40000
R12-02522,15680000,40000
R12-02523,66290000,150000
R12-02524,13130000,40000
R12-02525,10820000,40000
R12-02526,63610000,150000
R12-02527,11460000,40000
R12-02528,81880000,300000
R12-02529,14800000,40000
R12-02530,16530000,40000
R12-02531,5840000,20000
R12-02532,36100000,150000
R12-02533,136070000,600000
R12-02534,16310000,40000
R12-02535,47420000,150000
R12-02536,8260000,20000
R12-02537,25960000,60000
R12-02538,130130000,300000
R12-02539,4650000,0
R12-02540,74280000,300000
R12-02541,42830000,150000
R12-02542,77740000,300000
R12-02543,34430000,150000
R12-02544,111740000,300000
R12-02545,91910000,300000
R12-02546,22410000,60000
R12-02547,72510000,300000
R12-02548,21900000,60000
R12-02549,54140000,150000
R12-02550,67830000,300000
R12-02551,79390000,300000
R12-02552,13500000,40000
R12-02553,2670000,0
R12-02554,125270000,300000
R12-02555,83330000,300000
R12-02556,62000000,150000
R12-02557,27880000,60000
R12-02558,61600000,150000
R12-02559,81970000,300000
R12-02560,33190000,60000
R12-02561,56850000,150000
R12-02562,3060000,0
R12-02563,72420000,300000
R12-02564,35680000,150000
R12-02565,1740000,0
R12-02566,93240000,300000
R12-02567,94330000,300000
R12-02568,3260000,0
R12-02569,74050000,300000
R12-02570,24480000,60000
R12-02571,23540000,60000
R12-02572,22310000,60000
R12-02573,32990000,60000
R12-02574,21120000,60000
R12-02575,23600000,60000
R12-02576,22820000,60000
R12-02577,51330000,150000
R12-02578,59420000,150000
R12-02579,44610000,150000
R12-02580,21220000,60000
R12-02581,63150000,150000
R12-02582,46350000,150000
R12-02583,52540000,150000
R12-02584,67150000,300000
R12-02585,21050000,60000
R12-02586,34280000,150000
R12-02587,23770000,60000
R12-02588,24620000,60000
R12-02589,41400000,150000
R12-02590,64800000,150000
R12-02591,21360000,60000
R12-02592,24530000,60000
R12-02593,62630000,150000
R12-02594,20990000,60000
R12-02595,58570000,150000
R12-02596,15630000,40000
R12-02597,24670000,60000
R12-02598,1740000,0
R12-02599,2760000,0
R12-02600,25660000,60000
R12-02601,39240000,150000
R12-02602,11500000,40000
R12-02603,32090000,60000
R12-02604,3770000,0
R12-02605,5130000,20000
R12-02606,113410000,300000
R12-02607,22490000,60000
R12-02608,14810000,40000
R12-02609,39290000,150000
R12-02610,40640000,150000
R12-02611,97020000,300000
R12-02612,92780000,300000
R12-02613,31970000,60000
R12-02614,4680000,0
R12-02615,93480000,300000
R12-02616,4700000,0
R12-02617,114410000,300000
R12-02618,2680000,0
R12-02619,25000000,60000
R12-02620,93080000,300000
R12-02621,52810000,150000
R12-02622,4870000,0
R12-02623,27530000,60000
R12-02624,24270000,60000
R12-02625,31300000,60000
R12-02626,44970000,150000
R12-02627,26870000,60000
R12-02628,58210000,150000
R12-02629,11240000,40000
R12-02630,22810000,60000
R12-02631,41510000,150000
R12-02632,4180000,0
R12-02633,80530000,300000
R12-02634,83870000,300000
R12-02635,56370000,150000
R12-02636,12240000,40000
R12-02637,41890000,150000
R12-02638,111900000,300000
R12-02639,41750000,150000
R12-02640,23220000,60000
R12-02641,7560000,20000
R12-02642,22140000,60000
R12-02643,6060000,20000
R12-02644,43400000,150000
R12-02645,37330000,150000
R12-02646,45720000,150000
R12-02647,51750000,150000
R12-02648,22250000,60000
R12-02649,71610000,300000
R12-02650,95200000,300000
R12-02651,1620000,0
R12-02652,88360000,300000
R12-02653,51690000,150000
R12-02654,233930000,1000000
R12-02655,4890000,0
R12-02656,60590000,150000
R12-02657,7030000,20000
R12-02658,61810000,150000
R12-02659,63310000,150000
R12-02660,73770000,300000
R12-02661,51230000,150000
R12-02662,106950000,300000
R12-02663,33110000,60000
R12-02664,22360000,60000
R12-02665,72510000,300000
R12-02666,63340000,150000
R12-02667,53240000,150000
R12-02668,13290000,40000
R12-02669,3870000,0
R12-02670,22720000,60000
R12-02671,2910000,0
R12-02672,22040000,60000
R12-02673,27040000,60000
R12-02674,42570000,150000
R12-02675,73750000,300000
R12-02676,26050000,60000
R12-02677,46110000,150000
R12-02678,30890000,60000
R12-02679,36130000,150000
R12-02680,23410000,60000
R12-02681,11730000,40000
R12-02682,37690000,150000
R12-02683,85770000,300000
R12-02684,153210000,600000
R12-02685,23920000,60000
R12-02686,41320000,150000
R12-02687,15880000,40000
R12-02688,45750000,150000
R12-02689,154410000,600000
R12-02690,62040000,150000
R12-02691,2380000,0
R12-02692,37610000,150000
R12-02693,74420000,300000
R12-02694,94350000,300000
R12-02695,31970000,60000
R12-02696,64990000,150000
R12-02697,40310000,150000
R12-02698,18630000,40000
R12-02699,43780000,150000
R12-02700,13320000,40000
R12-02701,26140000,60000
R12-02702,75800000,300000
R12-02703,102340000,300000
R12-02704,2870000,0
R12-02705,21940000,60000
R12-02706,23610000,60000
R12-02707,76380000,300000
R12-02708,9000000,20000
R12-02709,70540000,300000
R12-02710,83230000,300000
R12-02711,12900000,40000
R12-02712,3900000,0
R12-02713,73900000,300000
R12-02714,94560000,300000
R12-02715,63930000,150000
R12-02716,16820000,40000
R12-02717,65740000,150000
R12-02718,57110000,150000
R12-02719,97960000,300000
R12-02720,7100000,20000
R12-02721,61860000,150000
R12-02722,25050000,60000
R12-02723,21890000,60000
R12-02724,33010000,60000
R12-02725,9110000,20000
R12-02726,13260000,40000
R12-02727,57320000,150000
R12-02728,5460000,20000
R12-02729,22650000,60000
R12-02730,42910000,150000
R12-02731,43040000,150000
R12-02732,48800000,150000
R12-02733,20930000,60000
R12-02734,6000000,20000
R12-02735,42590000,150000
R12-02736,2120000,0
R12-02737,71540000,300000
R12-02738,43040000,150000
R12-02739,12810000,40000
R12-02740,19520000,40000
R12-02741,44650000,150000
R12-02742,20310000,60000
R12-02743,82540000,300000
R12-02744,11650000,40000
R12-02745,5230000,20000
R12-02746,51400000,150000
R12-02747,26760000,60000
R12-02748,41700000,150000
R12-02749,34350000,150000
R12-02750,54140000,150000
R12-02751,83100000,300000
R12-02752,3180000,0
R12-02753,60580000,150000
R12-02754,6850000,20000
R12-02755,41580000,150000
R12-02756,33640000,150000
R12-02757,16800000,40000
R12-02758,35070000,150000
R12-02759,2490000,0
R12-02760,45330000,150000
R12-02761,101930000,300000
R12-02762,21880000,60000
R12-02763,1330000,0
R12-02764,63300000,150000
R12-02765,47850000,150000
R12-02766,9570000,20000
R12-02767,34180000,150000
R12-02768,44260000,150000
R12-02769,23730000,60000
R12-02770,70850000,300000
R12-02771,95390000,300000
R12-02772,53290000,150000
R12-02773,25480000,60000
R12-02774,660000,0
R12-02775,72410000,300000
R12-02776,67000000,300000
R12-02777,25590000,60000
R12-02778,42090000,150000
R12-02779,18790000,40000
R12-02780,74050000,300000
R12-02781,103470000,300000
R12-02782,62800000,150000
R12-02783,64880000,150000
R12-02784,6910000,20000
R12-02785,74320000,300000
R12-02786,58440000,150000
R12-02787,38150000,150000
R12-02788,54300000,150000
R12-02789,54550000,150000
R12-02790,41980000,150000
R12-02791,81270000,300000
R12-02792,83180000,300000
R12-02793,84020000,300000
R12-02794,1910000,0
R12-02795,6310000,20000
R12-02796,83610000,300000
R12-02797,51290000,150000
R12-02798,1360000,0
R12-02799,47490000,150000
R12-02800,66460000,150000
R12-02801,103110000,300000
R12-02802,115670000,300000
R12-02803,3800000,0
R12-02804,154350000,600000
R12-02805,114010000,300000
R12-02806,18270000,40000
R12-02807,80630000,300000
R12-02808,121800000,300000
R12-02809,88100000,300000
R12-02810,2610000,0
R12-02811,34770000,150000
R12-02812,11010000,40000
R12-02813,54360000,150000
R12-02814,6550000,20000
R12-02815,52140000,150000
R12-02816,28850000,60000
R12-02817,14040000,40000
R12-02818,44190000,150000
R12-02819,61710000,150000
R12-02820,66080000,150000
R12-02821,36170000,150000
R12-02822,12240000,40000
R12-02823,54260000,150000
R12-02824,32280000,60000
R12-02825,55000000,150000
R12-02826,33460000,150000
R12-02827,95640000,300000
R12-02828,32790000,60000
R12-02829,62810000,150000
R12-02830,58490000,150000
R12-02831,12720000,40000
R12-02832,2700000,0
R12-02833,3110000,0
R12-02834,35590000,150000
R12-02835,43000000,150000
R12-02836,97660000,300000
R12-02837,31940000,60000
R12-02838,24270000,60000
R12-02839,7180000,20000
R12-02840,24880000,60000
R12-02841,73960000,300000
R12-02842,1510000,0
R12-02843,34150000,150000
R12-02844,47050000,150000
R12-02845,15630000,40000
R12-02846,83060000,300000
R12-02847,34680000,150000
R12-02848,1370000,0
R12-02849,16050000,40000
R12-02850,16410000,40000
R12-02851,24150000,60000
R12-02852,12520000,40000
R12-02853,29020000,60000
R12-02854,23350000,60000
R12-02855,41490000,150000
R12-02856,27220000,60000
R12-02857,52520000,150000
R12-02858,7390000,20000
R12-02859,13070000,40000
R12-02860,13010000,40000
R12-02861,52110000,150000
R12-02862,141920000,600000
R12-02863,35130000,150000
R12-02864,31190000,60000
R12-02865,93150000,300000
R12-02866,56280000,150000
R12-02867,56790000,150000
R12-02868,4990000,0
R12-02869,15530000,40000
R12-02870,38160000,150000
R12-02871,13370000,40000
R12-02872,7500000,20000
R12-02873,46500000,150000
R12-02874,28410000,60000
R12-02875,41140000,150000
R12-02876,42360000,150000
R12-02877,71390000,300000
R12-02878,55010000,150000
R12-02879,23160000,60000
R12-02880,73360000,300000
R12-02881,12930000,40000
R12-02882,68220000,300000
R12-02883,22240000,60000
R12-02884,8420000,20000
R12-02885,15610000,40000
R12-02886,24360000,60000
R12-02887,32060000,60000
R12-02888,33030000,60000
R12-02889,105730000,300000
R12-02890,3860000,0
R12-02891,32570000,60000
R12-02892,34760000,150000
R12-02893,122820000,300000
R12-02894,820000,0
R12-02895,52590000,150000
R12-02896,35190000,150000
R12-02897,15490000,40000
R12-02898,22540000,60000
R12-02899,12080000,40000
R12-02900,13780000,40000
R12-02901,143030000,600000
R12-02902,13040000,40000
R12-02903,85230000,300000
R12-02904,30770000,60000
R12-02905,44940000,150000
R12-02906,4420000,0
R12-02907,83130000,300000
R12-02908,63280000,150000
R12-02909,51770000,150000
R12-02910,21620000,60000
R12-02911,88190000,300000
R12-02912,34570000,150000
R12-02913,7470000,20000
R12-02914,42400000,150000
R12-02915,33240000,60000
R12-02916,23840000,60000
R12-02917,94710000,300000
R12-02918,12810000,40000
R12-02919,32240000,60000
R12-02920,94980000,300000
R12-02921,7050000,20000
R12-02922,42650000,150000
R12-02923,13150000,40000
R12-02924,6730000,20000
R12-02925,24460000,60000
R12-02926,155310000,600000
R12-02927,134310000,600000
R12-02928,54830000,150000
R12-02929,68950000,300000
R12-02930,65430000,150000
R12-02931,31000000,60000
R12-02932,30860000,60000
R12-02933,21760000,60000
R12-02934,63240000,150000
R12-02935,21010000,60000
R12-02936,101660000,300000
R12-02937,18540000,40000
R12-02938,13310000,40000
R12-02939,41080000,150000
R12-02940,23090000,60000
R12-02941,78920000,300000
R12-02942,13350000,40000
R12-02943,1710000,0
R12-02944,3780000,0
R12-02945,31780000,60000
R12-02946,33030000,60000
R12-02947,53340000,150000
R12-02948,44710000,150000
R12-02949,31930000,60000
R12-02950,64080000,150000
R12-02951,60930000,150000
R12-02952,43700000,150000
R12-02953,60720000,150000
R12-02954,33950000,150000
R12-02955,56380000,150000
R12-02956,27690000,60000
R12-02957,33040000,60000
R12-02958,34020000,150000
R12-02959,71800000,300000
R12-02960,22920000,60000
R12-02961,3580000,0
R12-02962,55660000,150000
R12-02963,21630000,60000
R12-02964,17560000,40000
R12-02965,21770000,60000
R12-02966,31270000,60000
R12-02967,51460000,150000
R12-02968,56140000,150000
R12-02969,132410000,300000
R12-02970,23670000,60000
R12-02971,32600000,60000
R12-02972,51330000,150000
R12-02973,52090000,150000
R12-02974,90910000,300000
R12-02975,72060000,300000
R12-02976,25660000,60000
R12-02977,96260000,300000
R12-02978,17450000,40000
R12-02979,103080000,300000
R12-02980,44660000,150000
R12-02981,31000000,60000
R12-02982,20450000,60000
R12-02983,42960000,150000
R12-02984,23910000,60000
R12-02985,105170000,300000
R12-02986,124380000,300000
R12-02987,91720000,300000
R12-02988,34610000,150000
R12-02989,85010000,300000
R12-02990,40440000,150000
R12-02991,5880000,20000
R12-02992,54400000,150000
R12-02993,32670000,60000
R12-02994,113980000,300000
R12-02995,50540000,150000
R12-02996,4880000,0
R12-02997,31690000,60000
R12-02998,33910000,150000
R12-02999,3490000,0
R12-03000,13330000,40000
R12-03001,13630000,40000
R12-03002,104500000,300000
R12-03003,104500000,300000
R12-03004,31930000,60000
R12-03005,15720000,40000
R12-03006,56780000,150000
R12-03007,32250000,60000
R12-03008,67430000,300000
R12-03009,47200000,150000
R12-03010,3680000,0
R12-03011,36830000,150000
R12-03012,62840000,150000
R12-03013,11250000,40000
R12-03014,81700000,300000
R12-03015,25610000,60000
R12-03016,14420000,40000
R12-03017,52550000,150000
R12-03018,83580000,300000
R12-03019,95330000,300000
R12-03020,4800000,0
R12-03021,91970000,300000
R12-03022,37180000,150000
R12-03023,40430000,150000
R12-03024,18290000,40000
R12-03025,13450000,40000
R12-03026,130260000,300000
R12-03027,34240000,150000
R12-03028,2710000,0
R12-03029,60940000,150000
R12-03030,1380000,0
R12-03031,113300000,300000
R12-03032,56680000,150000
R12-03033,4560000,0
R12-03034,33270000,60000
R12-03035,123160000,300000
R12-03036,31960000,60000
R12-03037,75170000,300000
R12-03038,41520000,150000
R12-03039,84360000,300000
R12-03040,27860000,60000
R12-03041,42940000,150000
R12-03042,32090000,60000
R12-03043,62300000,150000
R12-03044,87120000,300000
R12-03045,6340000,20000
R12-03046,42840000,150000
R12-03047,22060000,60000
R12-03048,63460000,150000
R12-03049,45620000,150000
R12-03050,12240000,40000
R12-03051,31650000,60000
R12-03052,212310000,1000000
R12-03053,41270000,150000
R12-03054,97550000,300000
R12-03055,110820000,300000
R12-03056,123950000,300000
R12-03057,35300000,150000
R12-03058,28810000,60000
R12-03059,1060000,0
R12-03060,97530000,300000
R12-03061,93880000,300000
R12-03062,25120000,60000
R12-03063,5930000,20000
R12-03064,2150000,0
R12-03065,52280000,150000
R12-03066,22000000,60000
R12-03067,3190000,0
R12-03068,1700000,0
R12-03069,77340000,300000
R12-03070,23630000,60000
R12-03071,41760000,150000
R12-03072,24010000,60000
R12-03073,3470000,0
R12-03074,76140000,300000
R12-03075,40500000,150000
R12-03076,21450000,60000
R12-03077,54180000,150000
R12-03078,34700000,150000
R12-03079,87250000,300000
R12-03080,15090000,40000
R12-03081,6260000,20000
R12-03082,11050000,40000
R12-03083,16460000,40000
R12-03084,14840000,40000
R12-03085,65670000,150000
R12-03086,12540000,40000
R12-03087,33920000,150000
R12-03088,4350000,0
R12-03089,86610000,300000
R12-03090,33090000,60000
R12-03091,51760000,150000
R12-03092,45770000,150000
R12-03093,82850000,300000
R12-03094,1060000,0
R12-03095,98410000,300000
R12-03096,4140000,0
R12-03097,37490000,150000
R12-03098,34960000,150000
R12-03099,53550000,150000
R12-03100,33340000,150000
R12-03101,13770000,40000
R12-03102,94970000,300000
R12-03103,55890000,150000
R12-03104,22060000,60000
R12-03105,83760000,300000
R12-03106,21820000,60000
R12-03107,20970000,60000
R12-03108,11340000,40000
R12-03109,101170000,300000
R12-03110,1080000,0
R12-03111,2470000,0
R12-03112,36990000,150000
R12-03113,23290000,60000
R12-03114,66270000,150000
R12-03115,73460000,300000
R12-03116,5190000,20000
R12-03117,103190000,300000
R12-03118,52700000,150000
R12-03119,93180000,300000
R12-03120,77360000,300000
R12-03121,8060000,20000
R12-03122,54680000,150000
R12-03123,2570000,0
R12-03124,22800000,60000
R12-03125,101600000,300000
R12-03126,1640000,0
R12-03127,61140000,150000
R12-03128,44640000,150000
R12-03129,37290000,150000
R12-03130,23440000,60000
R12-03131,1900000,0
R12-03132,23960000,60000
R12-03133,81650000,300000
R12-03134,4440000,0
R12-03135,12910000,40000
R12-03136,27090000,60000
R12-03137,60830000,150000
R12-03138,22250000,60000
R12-03139,76670000,300000
R12-03140,101080000,300000
R12-03141,4090000,0
R12-03142,58640000,150000
R12-03143,12250000,40000
R12-03144,23250000,60000
R12-03145,62790000,150000
R12-03146,75220000,300000
R12-03147,25590000,60000
R12-03148,24440000,60000
R12-03149,61810000,150000
R12-03150,42860000,150000
R12-03151,20890000,60000
R12-03152,41190000,150000
R12-03153,61620000,150000
R12-03154,11140000,40000
R12-03155,1960000,0
R12-03156,11320000,40000
R12-03157,22270000,60000
R12-03158,3230000,0
R12-03159,41660000,150000
R12-03160,3890000,0
R12-03161,3860000,0
R12-03162,72320000,300000
R12-03163,51730000,150000
R12-03164,38950000,150000
R12-03165,100570000,300000
R12-03166,73360000,300000
R12-03167,47740000,150000
R12-03168,132580000,300000
R12-03169,64650000,150000
R12-03170,108240000,300000
R12-03171,77800000,300000
R12-03172,100970000,300000
R12-03173,62250000,150000
R12-03174,20910000,60000
R12-03175,12780000,40000
R12-03176,14670000,40000
R12-03177,54540000,150000
R12-03178,52000000,150000
R12-03179,50690000,150000
R12-03180,3750000,0
R12-03181,51620000,150000
R12-03182,47810000,150000
R12-03183,38430000,150000
R12-03184,12350000,40000
R12-03185,41470000,150000
R12-03186,33770000,150000
R12-03187,6250000,20000
R12-03188,14920000,40000
R12-03189,61340000,150000
R12-03190,56960000,150000
R12-03191,102680000,300000
R12-03192,68040000,300000
R12-03193,86790000,300000
R12-03194,14820000,40000
R12-03195,46810000,150000
R12-03196,74310000,300000
R12-03197,14890000,40000
R12-03198,71560000,300000
R12-03199,1940000,0
R12-03200,21940000,60000
R12-03201,2590000,0
R12-03202,41730000,150000
R12-03203,26470000,60000
R12-03204,12070000,40000
R12-03205,70610000,300000
R12-03206,72620000,300000
R12-03207,41350000,150000
R12-03208,820000,0
R12-03209,33690000,150000
R12-03210,13500000,40000
R12-03211,60370000,150000
R12-03212,13190000,40000
R12-03213,57640000,150000
R12-03214,42500000,150000
R12-03215,35370000,150000
R12-03216,75420000,300000
R12-03217,5490000,20000
R12-03218,64570000,150000
R12-03219,33000000,60000
R12-03220,36980000,150000
R12-03221,42610000,150000
R12-03222,22110000,60000
R12-03223,35620000,150000
R12-03224,105150000,300000
R12-03225,6100000,20000
R12-03226,72220000,300000
R12-03227,5090000,20000
R12-03228,56020000,150000
R12-03229,32360000,60000
R12-03230,12670000,40000
R12-03231,32660000,60000
R12-03232,1420000,0
R12-03233,17540000,40000
R12-03234,64750000,150000
R12-03235,23370000,60000
R12-03236,14750000,40000
R12-03237,11910000,40000
R12-03238,24090000,60000
R12-03239,13640000,40000
R12-03240,25300000,60000
R12-03241,73860000,300000
R12-03242,68970000,300000
R12-03243,76630000,300000
R12-03244,34190000,150000
R12-03245,79560000,300000
R12-03246,16890000,40000
R12-03247,42590000,150000
R12-03248,61730000,150000
R12-03249,65670000,150000
R12-03250,48660000,150000
R12-03251,11880000,40000
R12-03252,2110000,0
R12-03253,45030000,150000
R12-03254,21000000,60000
R12-03255,34090000,150000
R12-03256,93230000,300000
R12-03257,63300000,150000
R12-03258,21360000,60000
R12-03259,41930000,150000
R12-03260,63130000,150000
R12-03261,2390000,0
R12-03262,44000000,150000
R12-03263,64690000,150000
R12-03264,16040000,40000
R12-03265,74510000,300000
R12-03266,21630000,60000
R12-03267,24210000,60000
R12-03268,71790000,300000
R12-03269,15920000,40000
R12-03270,31510000,60000
R12-03271,1300000,0
R12-03272,13420000,40000
R12-03273,42450000,150000
R12-03274,21980000,60000
R12-03275,21440000,60000
R12-03276,52790000,150000
R12-03277,16630000,40000
R12-03278,3320000,0
R12-03279,22500000,60000
R12-03280,32380000,60000
R12-03281,40480000,150000
R12-03282,40520000,150000
R12-03283,174730000,600000
R12-03284,31830000,60000
R12-03285,62400000,150000
R12-03286,11580000,40000
R12-03287,8340000,20000
R12-03288,13230000,40000
R12-03289,86080000,300000
R12-03290,114490000,300000
R12-03291,44840000,150000
R12-03292,5930000,20000
R12-03293,21940000,60000
R12-03294,45270000,150000
R12-03295,233440000,1000000
R12-03296,12650000,40000
R12-03297,31870000,60000
R12-03298,81510000,300000
R12-03299,75620000,300000
R12-03300,51830000,150000
R12-03301,38370000,150000
R12-03302,41220000,150000
R12-03303,47490000,150000
R12-03304,40450000,150000
R12-03305,98960000,300000
R12-03306,26940000,60000
R12-03307,53300000,150000
R12-03308,12570000,40000
R12-03309,6630000,20000
R12-03310,85340000,300000
R12-03311,172160000,600000
R12-03312,12800000,40000
R12-03313,82280000,300000
R12-03314,45150000,150000
R12-03315,46660000,150000
R12-03316,21310000,60000
R12-03317,23520000,60000
R12-03318,14850000,40000
R12-03319,21680000,60000
R12-03320,121470000,300000
R12-03321,32020000,60000
R12-03322,64530000,150000
R12-03323,72770000,300000
R12-03324,14450000,40000
R12-03325,92050000,300000
R12-03326,85720000,300000
R12-03327,39200000,150000
R12-03328,30640000,60000
R12-03329,8640000,20000
R12-03330,31940000,60000
R12-03331,13390000,40000
R12-03332,72220000,300000
R12-03333,43630000,150000
R12-03334,23640000,60000
R12-03335,37220000,150000
R12-03336,42570000,150000
R12-03337,52960000,150000
R12-03338,23640000,60000
R12-03339,22140000,60000
R12-03340,11440000,40000
R12-03341,50850000,150000
R12-03342,53180000,150000
R12-03343,14940000,40000
R12-03344,17600000,40000
R12-03345,46630000,150000
R12-03346,155420000,600000
R12-03347,101910000,300000
R12-03348,57340000,150000
R12-03349,65480000,150000
R12-03350,44090000,150000
R12-03351,61250000,150000
R12-03352,6680000,20000
R12-03353,54350000,150000
R12-03354,24700000,60000
R12-03355,52010000,150000
R12-03356,32360000,60000
R12-03357,45010000,150000
R12-03358,13830000,40000
R12-03359,24100000,60000
R12-03360,6550000,20000
R12-03361,7850000,20000
R12-03362,86130000,300000
R12-03363,22240000,60000
R12-03364,46140000,150000
R12-03365,74110000,300000
R12-03366,17970000,40000
R12-03367,4380000,0
R12-03368,20530000,60000
R12-03369,19500000,40000
R12-03370,2620000,0
R12-03371,31580000,60000
R12-03372,42830000,150000
R12-03373,58220000,150000
R12-03374,1680000,0
R12-03375,67400000,300000
R12-03376,36830000,150000
R12-03377,13160000,40000
R12-03378,5710000,20000
R12-03379,65500000,150000
R12-03380,55140000,150000
R12-03381,73940000,300000
R12-03382,5670000,20000
R12-03383,75520000,300000
R12-03384,4070000,0
R12-03385,54260000,150000
R12-03386,23790000,60000
R12-03387,41470000,150000
R12-03388,34940000,150000
R12-03389,32020000,60000
R12-03390,24550000,60000
R12-03391,67190000,300000
R12-03392,55710000,150000
R12-03393,32390000,60000
R12-03394,8880000,20000
R12-03395,21470000,60000
R12-03396,24730000,60000
R12-03397,40550000,150000
R12-03398,1520000,0
R12-03399,16950000,40000
R12-03400,81920000,300000
R12-03401,18540000,40000
R12-03402,61770000,150000
R12-03403,4010000,0
R12-03404,61770000,150000
R12-03405,22770000,60000
R12-03406,47300000,150000
R12-03407,43920000,150000
R12-03408,12590000,40000
R12-03409,11160000,40000
R12-03410,36210000,150000
R12-03411,3080000,0
R12-03412,34870000,150000
R12-03413,87160000,300000
R12-03414,22770000,60000
R12-03415,1540000,0
R12-03416,45900000,150000
R12-03417,45440000,150000
R12-03418,25460000,60000
R12-03419,63940000,150000
R12-03420,25900000,60000
R12-03421,35160000,150000
R12-03422,46970000,150000
R12-03423,41060000,150000
R12-03424,5140000,20000
R12-03425,6800000,20000
R12-03426,37210000,150000
R12-03427,21380000,60000
R12-03428,26800000,60000
R12-03429,52540000,150000
R12-03430,7450000,20000
R12-03431,72880000,300000
R12-03432,66730000,300000
R12-03433,76240000,300000
R12-03434,41910000,150000
R12-03435,36160000,150000
R12-03436,28240000,60000
R12-03437,33890000,150000
R12-03438,9030000,20000
R12-03439,53270000,150000
R12-03440,32780000,60000
R12-03441,71870000,300000
R12-03442,97890000,300000
R12-03443,91940000,300000
R12-03444,5280000,20000
R12-03445,31450000,60000
R12-03446,41250000,150000
R12-03447,2030000,0
R12-03448,74750000,300000
R12-03449,34450000,150000
R12-03450,91760000,300000
R12-03451,46720000,150000
R12-03452,51880000,150000
R12-03453,16680000,40000
R12-03454,1680000,0
R12-03455,42670000,150000
R12-03456,3310000,0
R12-03457,13950000,40000
R12-03458,54050000,150000
R12-03459,83220000,300000
R12-03460,54930000,150000
R12-03461,26700000,60000
R12-03462,97620000,300000
R12-03463,16780000,40000
R12-03464,76450000,300000
R12-03465,82950000,300000
R12-03466,25690000,60000
R12-03467,63420000,150000
R12-03468,23770000,60000
R12-03469,35270000,150000
R12-03470,95920000,300000
R12-03471,41500000,150000
R12-03472,53230000,150000
R12-03473,27650000,60000
R12-03474,22130000,60000
R12-03475,111690000,300000
R12-03476,36570000,150000
R12-03477,24380000,60000
R12-03478,15910000,40000
R12-03479,1690000,0
R12-03480,31860000,60000
R12-03481,72000000,300000
R12-03482,41780000,150000
R12-03483,22340000,60000
R12-03484,63070000,150000
R12-03485,11010000,40000
R12-03486,28600000,60000
R12-03487,46020000,150000
R12-03488,86250000,300000
R12-03489,23300000,60000
R12-03490,61850000,150000
R12-03491,34070000,150000
R12-03492,35970000,150000
R12-03493,104970000,300000
R12-03494,16370000,40000
R12-03495,44790000,150000
R12-03496,35910000,150000
R12-03497,63290000,150000
R12-03498,23150000,60000
R12-03499,71060000,300000
R12-03500,43280000,150000
R12-03501,45960000,150000
R12-03502,37490000,150000
R12-03503,2610000,0
R12-03504,32050000,60000
R12-03505,40670000,150000
R12-03506,79530000,300000
R12-03507,14230000,40000
R12-03508,17550000,40000
R12-03509,26780000,60000
R12-03510,4550000,0
R12-03511,4710000,0
R12-03512,90740000,300000
R12-03513,16690000,40000
R12-03514,115300000,300000
R12-03515,30720000,60000
R12-03516,25080000,60000
R12-03517,45030000,150000
R12-03518,43550000,150000
R12-03519,114020000,300000
R12-03520,52920000,150000
R12-03521,54620000,150000
R12-03522,32910000,60000
R12-03523,25900000,60000
R12-03524,44890000,150000
R12-03525,20940000,60000
R12-03526,43160000,150000
R12-03527,4180000,0
R12-03528,5720000,20000
R12-03529,2660000,0
R12-03530,30780000,60000
R12-03531,3520000,0
R12-03532,62350000,150000
R12-03533,56480000,150000
R12-03534,58030000,150000
R12-03535,73180000,300000
R12-03536,4750000,0
R12-03537,68360000,300000
R12-03538,20780000,60000
R12-03539,72760000,300000
R12-03540,23110000,60000
R12-03541,1040000,0
R12-03542,800000,0
R12-03543,92310000,300000
R12-03544,4230000,0
R12-03545,5270000,20000
R12-03546,12410000,40000
R12-03547,73420000,300000
R12-03548,134580000,600000
R12-03549,1490000,0
R12-03550,58240000,150000
R12-03551,57390000,150000
R12-03552,2190000,0
R12-03553,71950000,300000
R12-03554,47120000,150000
R12-03555,121910000,300000
R12-03556,46590000,150000
R12-03557,10830000,40000
R12-03558,144020000,600000
R12-03559,23960000,60000
R12-03560,35060000,150000
R12-03561,95480000,300000
R12-03562,43200000,150000
R12-03563,23540000,60000
R12-03564,87290000,300000
R12-03565,14540000,40000
R12-03566,21230000,60000
R12-03567,101750000,300000
R12-03568,62690000,150000
R12-03569,11740000,40000
R12-03570,31480000,60000
R12-03571,14140000,40000
R12-03572,44700000,150000
R12-03573,64020000,150000
R12-03574,81540000,300000
R12-03575,55600000,150000
R12-03576,65200000,150000
R12-03577,3130000,0
R12-03578,53260000,150000
R12-03579,5520000,20000
R12-03580,125760000,300000
R12-03581,76010000,300000
R12-03582,68490000,300000
R12-03583,63700000,150000
R12-03584,54580000,150000
R12-03585,26170000,60000
R12-03586,22030000,60000
R12-03587,84700000,300000
R12-03588,53970000,150000
R12-03589,35030000,150000
R12-03590,86210000,300000
R12-03591,25150000,60000
R12-03592,45350000,150000
R12-03593,2520000,0
R12-03594,3120000,0
R12-03595,43700000,150000
R12-03596,53330000,150000
R12-03597,14410000,40000
R12-03598,1050000,0
R12-03599,28040000,60000
R12-03600,34190000,150000
R12-03601,11420000,40000
R12-03602,36550000,150000
R12-03603,400000,0
R12-03604,84270000,300000
R12-03605,63570000,150000
R12-03606,84030000,300000
R12-03607,27240000,60000
R12-03608,22430000,60000
R12-03609,12130000,40000
R12-03610,70810000,300000
R12-03611,36270000,150000
R12-03612,73740000,300000
R12-03613,54960000,150000
R12-03614,114220000,300000
R12-03615,40790000,150000
R12-03616,8040000,20000
R12-03617,32860000,60000
R12-03618,7050000,20000
R12-03619,56230000,150000
R12-03620,23460000,60000
R12-03621,47610000,150000
R12-03622,71870000,300000
R12-03623,41710000,150000
R12-03624,23140000,60000
R12-03625,12800000,40000
R12-03626,63310000,150000
R12-03627,101620000,300000
R12-03628,38340000,150000
R12-03629,25540000,60000
R12-03630,45890000,150000
R12-03631,54220000,150000
R12-03632,21830000,60000
R12-03633,83180000,300000
R12-03634,54460000,150000
R12-03635,23060000,60000
R12-03636,66850000,300000
R12-03637,73030000,300000
R12-03638,34580000,150000
R12-03639,20790000,60000
R12-03640,63600000,150000
R12-03641,65170000,150000
R12-03642,7920000,20000
R12-03643,50940000,150000
R12-03644,93990000,300000
R12-03645,3630000,0
R12-03646,44630000,150000
R12-03647,23010000,60000
R12-03648,16290000,40000
R12-03649,72410000,300000
R12-03650,2300000,0
R12-03651,16920000,40000
R12-03652,64790000,150000
R12-03653,64980000,150000
R12-03654,37340000,150000
R12-03655,21350000,60000
R12-03656,56040000,150000
R12-03657,54850000,150000
R12-03658,94450000,300000
R12-03659,61570000,150000
R12-03660,2130000,0
R12-03661,51990000,150000
R12-03662,55720000,150000
R12-03663,62570000,150000
R12-03664,44660000,150000
R12-03665,730000,0
R12-03666,14320000,40000
R12-03667,53780000,150000
R12-03668,86660000,300000
R12-03669,11490000,40000
R12-03670,22290000,60000
R12-03671,117480000,300000
R12-03672,88200000,300000
R12-03673,25170000,60000
R12-03674,31560000,60000
R12-03675,43550000,150000
R12-03676,51740000,150000
R12-03677,44010000,150000
R12-03678,27570000,60000
R12-03679,11960000,40000
R12-03680,2310000,0
R12-03681,36810000,150000
R12-03682,72620000,300000
R12-03683,12550000,40000
R12-03684,65390000,150000
R12-03685,85910000,300000
R12-03686,2270000,0
R12-03687,62880000,150000
R12-03688,23010000,60000
R12-03689,91380000,300000
R12-03690,21170000,60000
R12-03691,71770000,300000
R12-03692,7590000,20000
R12-03693,44100000,150000
R12-03694,20320000,60000
R12-03695,5690000,20000
R12-03696,63530000,150000
R12-03697,67600000,300000
R12-03698,39000000,150000
R12-03699,4670000,0
R12-03700,3420000,0
R12-03701,22400000,60000
R12-03702,4250000,0
R12-03703,53880000,150000
R12-03704,41390000,150000
R12-03705,82300000,300000
R12-03706,55300000,150000
R12-03707,34200000,150000
R12-03708,74700000,300000
R12-03709,66740000,300000
R12-03710,63610000,150000
R12-03711,36850000,150000
R12-03712,52970000,150000
R12-03713,64000000,150000
R12-03714,112690000,300000
R12-03715,6380000,20000
R12-03716,111540000,300000
R12-03717,44280000,150000
R12-03718,64010000,150000
R12-03719,2080000,0
R12-03720,22500000,60000
R12-03721,85240000,300000
R12-03722,12880000,40000
R12-03723,103420000,300000
R12-03724,74260000,300000
R12-03725,71750000,300000
R12-03726,12160000,40000
R12-03727,53050000,150000
R12-03728,47270000,150000
R12-03729,12670000,40000
R12-03730,94210000,300000
R12-03731,123060000,300000
R12-03732,47540000,150000
R12-03733,91160000,300000
R12-03734,54460000,150000
R12-03735,42720000,150000
R12-03736,95400000,300000
R12-03737,101830000,300000
R12-03738,4480000,0
R12-03739,42550000,150000
R12-03740,45530000,150000
R12-03741,112230000,300000
R12-03742,24530000,60000
R12-03743,24640000,60000
R12-03744,28610000,60000
R12-03745,2350000,0
R12-03746,89080000,300000
R12-03747,4820000,0
R12-03748,15330000,40000
R12-03749,5790000,20000
R12-03750,176650000,600000
R12-03751,93010000,300000
R12-03752,82530000,300000
R12-03753,58130000,150000
R12-03754,38090000,150000
R12-03755,33930000,150000
R12-03756,21750000,60000
R12-03757,62650000,150000
R12-03758,13820000,40000
R12-03759,53730000,150000
R12-03760,32750000,60000
R12-03761,24620000,60000
R12-03762,44250000,150000
R12-03763,72620000,300000
R12-03764,40920000,150000
R12-03765,11360000,40000
R12-03766,102090000,300000
R12-03767,3110000,0
R12-03768,63470000,150000
R12-03769,63330000,150000
R12-03770,8450000,20000
R12-03771,41640000,150000
R12-03772,12640000,40000
R12-03773,25730000,60000
R12-03774,64930000,150000
R12-03775,56600000,150000
R12-03776,60780000,150000
R12-03777,12070000,40000
R12-03778,63840000,150000
R12-03779,42920000,150000
R12-03780,56130000,150000
R12-03781,104950000,300000
R12-03782,60930000,150000
R12-03783,12390000,40000
R12-03784,66910000,300000
R12-03785,14630000,40000
R12-03786,58330000,150000
R12-03787,22580000,60000
R12-03788,25750000,60000
R12-03789,25520000,60000
R12-03790,18830000,40000
R12-03791,27460000,60000
R12-03792,89190000,300000
R12-03793,66090000,150000
R12-03794,6550000,20000
R12-03795,10730000,40000
R12-03796,6690000,20000
R12-03797,76730000,300000
R12-03798,16590000,40000
R12-03799,77440000,300000
R12-03800,44420000,150000
R12-03801,86140000,300000
R12-03802,9660000,20000
R12-03803,66280000,150000
R12-03804,1200000,0
R12-03805,111190000,300000
R12-03806,94480000,300000
R12-03807,52770000,150000
R12-03808,28130000,60000
R12-03809,84890000,300000
R12-03810,24540000,60000
R12-03811,34350000,150000
R12-03812,45240000,150000
R12-03813,105360000,300000
R12-03814,30150000,60000
R12-03815,51490000,150000
R12-03816,49120000,150000
R12-03817,53530000,150000
R12-03818,29780000,60000
R12-03819,43920000,150000
R12-03820,44780000,150000
R12-03821,44860000,150000
R12-03822,12030000,40000
R12-03823,108170000,300000
R12-03824,43040000,150000
R12-03825,61430000,150000
R12-03826,43300000,150000
R12-03827,11880000,40000
R12-03828,4550000,0
R12-03829,33750000,150000
R12-03830,18410000,40000
R12-03831,21770000,60000
R12-03832,23160000,60000
R12-03833,67420000,300000
R12-03834,33190000,60000
R12-03835,95610000,300000
R12-03836,33920000,150000
R12-03837,72130000,300000
R12-03838,33410000,150000
R12-03839,42860000,150000
R12-03840,5160000,20000
R12-03841,8490000,20000
R12-03842,55430000,150000
R12-03843,73590000,300000
R12-03844,29220000,60000
R12-03845,19490000,40000
R12-03846,52890000,150000
R12-03847,32180000,60000
R12-03848,84240000,300000
R12-03849,1320000,0
R12-03850,15180000,40000
R12-03851,6660000,20000
R12-03852,7610000,20000
R12-03853,51540000,150000
R12-03854,23050000,60000
R12-03855,104780000,300000
R12-03856,2220000,0
R12-03857,22330000,60000
R12-03858,50840000,150000
R12-03859,126260000,300000
R12-03860,12330000,40000
R12-03861,31580000,60000
R12-03862,33250000,60000
R12-03863,6540000,20000
R12-03864,4620000,0
R12-03865,38150000,150000
R12-03866,81420000,300000
R12-03867,22610000,60000
R12-03868,5920000,20000
R12-03869,13590000,40000
R12-03870,13530000,40000
R12-03871,3450000,0
R12-03872,23310000,60000
R12-03873,22440000,60000
R12-03874,60980000,150000
R12-03875,2730000,0
R12-03876,77120000,300000
R12-03877,22470000,60000
R12-03878,1810000,0
R12-03879,71790000,300000
R12-03880,52910000,150000
R12-03881,8730000,20000
R12-03882,13930000,40000
R12-03883,74850000,300000
R12-03884,132920000,300000
R12-03885,6120000,20000
R12-03886,34160000,150000
R12-03887,33480000,150000
R12-03888,41850000,150000
R12-03889,26750000,60000
R12-03890,17990000,40000
R12-03891,31820000,60000
R12-03892,62740000,150000
R12-03893,33100000,60000
R12-03894,10690000,40000
R12-03895,26370000,60000
R12-03896,12260000,40000
R12-03897,40650000,150000
R12-03898,23460000,60000
R12-03899,111980000,300000
R12-03900,82730000,300000
R12-03901,43800000,150000
R12-03902,22410000,60000
R12-03903,1880000,0
R12-03904,46230000,150000
R12-03905,54930000,150000
R12-03906,16000000,40000
R12-03907,102560000,300000
R12-03908,23280000,60000
R12-03909,22600000,60000
R12-03910,11980000,40000
R12-03911,44060000,150000
R12-03912,49230000,150000
R12-03913,22340000,60000
R12-03914,156070000,600000
R12-03915,43510000,150000
R12-03916,62190000,150000
R12-03917,93170000,300000
R12-03918,25660000,60000
R12-03919,157310000,600000
R12-03920,36740000,150000
R12-03921,14890000,40000
R12-03922,16070000,40000
R12-03923,102120000,300000
R12-03924,59670000,150000
R12-03925,97340000,300000
R12-03926,43640000,150000
R12-03927,2370000,0
R12-03928,70800000,300000
R12-03929,12200000,40000
R12-03930,36000000,150000
R12-03931,61040000,150000
R12-03932,55840000,150000
R12-03933,23290000,60000
R12-03934,6260000,20000
R12-03935,10080000,40000
R12-03936,46770000,150000
R12-03937,46280000,150000
R12-03938,52340000,150000
R12-03939,48000000,150000
R12-03940,12580000,40000
R12-03941,22070000,60000
R12-03942,2240000,0
R12-03943,114690000,300000
R12-03944,73220000,300000
R12-03945,83980000,300000
R12-03946,1710000,0
R12-03947,53880000,150000
R12-03948,25300000,60000
R12-03949,40340000,150000
R12-03950,5940000,20000
R12-03951,52610000,150000
R12-03952,73380000,300000
R12-03953,224120000,1000000
R12-03954,108130000,300000
R12-03955,103830000,300000
R12-03956,103850000,300000
R12-03957,16600000,40000
R12-03958,56620000,150000
R12-03959,64170000,150000
R12-03960,42650000,150000
R12-03961,30270000,60000
R12-03962,3180000,0
R12-03963,27060000,60000
R12-03964,61950000,150000
R12-03965,27400000,60000
R12-03966,79460000,300000
R12-03967,41420000,150000
R12-03968,43770000,150000
R12-03969,82010000,300000
R12-03970,128260000,300000
R12-03971,22070000,60000
R12-03972,54560000,150000
R12-03973,69360000,300000
R12-03974,22510000,60000
R12-03975,4100000,0
R12-03976,4240000,0
R12-03977,93910000,300000
R12-03978,5670000,20000
R12-03979,6010000,20000
R12-03980,2980000,0
R12-03981,16860000,40000
R12-03982,74900000,300000
R12-03983,52770000,150000
R12-03984,780000,0
R12-03985,42870000,150000
R12-03986,46380000,150000
R12-03987,22820000,60000
R12-03988,38140000,150000
R12-03989,24010000,60000
R12-03990,90260000,300000
R12-03991,42030000,150000
R12-03992,55740000,150000
R12-03993,50650000,150000
R12-03994,22650000,60000
R12-03995,25090000,60000
R12-03996,4920000,0
R12-03997,93320000,300000
R12-03998,127730000,300000
R12-03999,42140000,150000
R12-04000,52190000,150000
R12-04001,32370000,60000
R12-04002,43640000,150000
R12-04003,1610000,0
R12-04004,3270000,0
R12-04005,2190000,0
R12-04006,52150000,150000
R12-04007,145560000,600000
R12-04008,32380000,60000
R12-04009,72310000,300000
R12-04010,7050000,20000
R12-04011,103450000,300000
R12-04012,43400000,150000
R12-04013,71820000,300000
R12-04014,34620000,150000
R12-04015,41460000,150000
R12-04016,34480000,150000
R12-04017,56120000,150000
R12-04018,3670000,0
R12-04019,62780000,150000
R12-04020,3260000,0
R12-04021,1350000,0
R12-04022,10240000,40000
R12-04023,46410000,150000
R12-04024,86580000,300000
R12-04025,6430000,20000
R12-04026,30640000,60000
R12-04027,155780000,600000
R12-04028,62050000,150000
R12-04029,45360000,150000
R12-04030,26520000,60000
R12-04031,89600000,300000
R12-04032,11470000,40000
R12-04033,24590000,60000
R12-04034,21980000,60000
R12-04035,42400000,150000
R12-04036,34770000,150000
R12-04037,104310000,300000
R12-04038,84260000,300000
R12-04039,54580000,150000
R12-04040,151150000,600000
R12-04041,92670000,300000
R12-04042,53820000,150000
R12-04043,17910000,40000
R12-04044,4040000,0
R12-04045,26240000,60000
R12-04046,22810000,60000
R12-04047,42520000,150000
R12-04048,84330000,300000
R12-04049,84480000,300000
R12-04050,62250000,150000
R12-04051,2730000,0
R12-04052,13890000,40000
R12-04053,54100000,150000
R12-04054,3570000,0
R12-04055,85290000,300000
R12-04056,48520000,150000
R12-04057,92120000,300000
R12-04058,42640000,150000
R12-04059,92230000,300000
R12-04060,41890000,150000
R12-04061,55010000,150000
R12-04062,72760000,300000
R12-04063,64180000,150000
R12-04064,14340000,40000
R12-04065,25280000,60000
R12-04066,64550000,150000
R12-04067,14140000,40000
R12-04068,103000000,300000
R12-04069,50630000,150000
R12-04070,2330000,0
R12-04071,92150000,300000
R12-04072,102060000,300000
R12-04073,56690000,150000
R12-04074,108280000,300000
R12-04075,12320000,40000
R12-04076,54480000,150000
R12-04077,31210000,60000
R12-04078,15180000,40000
R12-04079,15530000,40000
R12-04080,63790000,150000
R12-04081,2770000,0
R12-04082,25590000,60000
R12-04083,43430000,150000
R12-04084,36250000,150000
R12-04085,13570000,40000
R12-04086,39060000,150000
R12-04087,34940000,150000
R12-04088,64930000,150000
R12-04089,33570000,150000
R12-04090,3430000,0
R12-04091,85790000,300000
R12-04092,94660000,300000
R12-04093,6080000,20000
R12-04094,14430000,40000
R12-04095,74320000,300000
R12-04096,103880000,300000
R12-04097,35130000,150000
R12-04098,21030000,60000
R12-04099,30830000,60000
R12-04100,73150000,300000
R12-04101,31620000,60000
R12-04102,42150000,150000
R12-04103,27480000,60000
R12-04104,56320000,150000
R12-04105,21800000,60000
R12-04106,24330000,60000
R12-04107,62170000,150000
R12-04108,81230000,300000
R12-04109,25290000,60000
R12-04110,3560000,0
R12-04111,73240000,300000
R12-04112,33710000,150000
R12-04113,24540000,60000
R12-04114,70700000,300000
R12-04115,550000,0
R12-04116,2580000,0
R12-04117,32050000,60000
R12-04118,41870000,150000
R12-04119,4150000,0
R12-04120,46100000,150000
R12-04121,12000000,40000
R12-04122,46300000,150000
R12-04123,70940000,300000
R12-04124,25130000,60000
R12-04125,52660000,150000
R12-04126,73180000,300000
R12-04127,111220000,300000
R12-04128,3480000,0
R12-04129,74950000,300000
R12-04130,63900000,150000
R12-04131,32620000,60000
R12-04132,45960000,150000
R12-04133,43110000,150000
R12-04134,44040000,150000
R12-04135,42870000,150000
R12-04136,156840000,600000
R12-04137,32950000,60000
R12-04138,107510000,300000
R12-04139,34440000,150000
R12-04140,820000,0
R12-04141,95140000,300000
R12-04142,12730000,40000
R12-04143,50140000,150000
R12-04144,72560000,300000
R12-04145,24850000,60000
R12-04146,64250000,150000
R12-04147,1540000,0
R12-04148,81240000,300000
R12-04149,82570000,300000
R12-04150,40460000,150000
R12-04151,143610000,600000
R12-04152,110920000,300000
R12-04153,80670000,300000
R12-04154,14090000,40000
R12-04155,3580000,0
R12-04156,24670000,60000
R12-04157,33520000,150000
R12-04158,13550000,40000
R12-04159,26100000,60000
R12-04160,64500000,150000
R12-04161,41320000,150000
R12-04162,34970000,150000
R12-04163,102190000,300000
R12-04164,9000000,20000
R12-04165,3580000,0
R12-04166,28390000,60000
R12-04167,51770000,150000
R12-04168,6070000,20000
R12-04169,3450000,0
R12-04170,26540000,60000
R12-04171,13740000,40000
R12-04172,35460000,150000
R12-04173,13110000,40000
R12-04174,45010000,150000
R12-04175,43260000,150000
R12-04176,36230000,150000
R12-04177,87240000,300000
R12-04178,105220000,300000
R12-04179,12580000,40000
R12-04180,71730000,300000
R12-04181,21360000,60000
R12-04182,81800000,300000
R12-04183,1210000,0
R12-04184,132190000,300000
R12-04185,35380000,150000
R12-04186,2540000,0
R12-04187,62340000,150000
R12-04188,84630000,300000
R12-04189,51410000,150000
R12-04190,59050000,150000
R12-04191,157720000,600000
R12-04192,1860000,0
R12-04193,12510000,40000
R12-04194,47070000,150000
R12-04195,25860000,60000
R12-04196,92810000,300000
R12-04197,45080000,150000
R12-04198,1000000,0
R12-04199,118100000,300000
R12-04200,25920000,60000
R12-04201,36500000,150000
R12-04202,96110000,300000
R12-04203,72380000,300000
R12-04204,32250000,60000
R12-04205,105090000,300000
R12-04206,13060000,40000
R12-04207,47600000,150000
R12-04208,30510000,60000
R12-04209,20340000,60000
R12-04210,4240000,0
R12-04211,33050000,60000
R12-04212,32960000,60000
R12-04213,62880000,150000
R12-04214,14850000,40000
R12-04215,26220000,60000
R12-04216,54170000,150000
R12-04217,48310000,150000
R12-04218,36550000,150000
R12-04219,81000000,300000
R12-04220,73740000,300000
R12-04221,85760000,300000
R12-04222,1670000,0
R12-04223,102280000,300000
R12-04224,31940000,60000
R12-04225,102140000,300000
R12-04226,71650000,300000
R12-04227,25530000,60000
R12-04228,98470000,300000
R12-04229,118260000,300000
R12-04230,48150000,150000
R12-04231,85930000,300000
R12-04232,11570000,40000
R12-04233,28900000,60000
R12-04234,1500000,0
R12-04235,32400000,60000
R12-04236,7150000,20000
R12-04237,5000000,20000
R12-04238,101500000,300000
R12-04239,82010000,300000
R12-04240,102970000,300000
R12-04241,13030000,40000
R12-04242,2510000,0
R12-04243,44430000,150000
R12-04244,22480000,60000
R12-04245,37360000,150000
R12-04246,53330000,150000
R12-04247,3850000,0
R12-04248,24060000,60000
R12-04249,34020000,150000
R12-04250,61510000,150000
R12-04251,1620000,0
R12-04252,42640000,150000
R12-04253,18280000,40000
R12-04254,45300000,150000
R12-04255,24160000,60000
R12-04256,85380000,300000
R12-04257,114540000,300000
R12-04258,11760000,40000
R12-04259,76960000,300000
R12-04260,88120000,300000
R12-04261,112620000,300000
R12-04262,66400000,150000
R12-04263,7280000,20000
R12-04264,22920000,60000
R12-04265,77270000,300000
R12-04266,43300000,150000
R12-04267,94270000,300000
R12-04268,33890000,150000
R12-04269,73420000,300000
R12-04270,61710000,150000
R12-04271,12620000,40000
R12-04272,92950000,300000
R12-04273,102390000,300000
R12-04274,143880000,600000
R12-04275,42610000,150000
R12-04276,67150000,300000
R12-04277,2770000,0
R12-04278,33990000,150000
R12-04279,24770000,60000
R12-04280,52150000,150000
R12-04281,98470000,300000
R12-04282,79340000,300000
R12-04283,22190000,60000
R12-04284,141460000,600000
R12-04285,54430000,150000
R12-04286,27380000,60000
R12-04287,11260000,40000
R12-04288,17700000,40000
R12-04289,45560000,150000
R12-04290,45810000,150000
R12-04291,1560000,0
R12-04292,106490000,300000
R12-04293,44790000,150000
R12-04294,40870000,150000
R12-04295,24360000,60000
R12-04296,71850000,300000
R12-04297,54860000,150000
R12-04298,125130000,300000
R12-04299,83790000,300000
R12-04300,35290000,150000
R12-04301,1090000,0
R12-04302,37450000,150000
R12-04303,44080000,150000
R12-04304,2760000,0
R12-04305,42360000,150000
R12-04306,3400000,0
R12-04307,24090000,60000
R12-04308,112710000,300000
R12-04309,36150000,150000
R12-04310,65690000,150000
R12-04311,32040000,60000
R12-04312,26220000,60000
R12-04313,11780000,40000
R12-04314,23820000,60000
R12-04315,36700000,150000
R12-04316,2960000,0
R12-04317,62990000,150000
R12-04318,18300000,40000
R12-04319,125360000,300000
R12-04320,78910000,300000
R12-04321,62470000,150000
R12-04322,21420000,60000
R12-04323,21730000,60000
R12-04324,52260000,150000
R12-04325,31780000,60000
R12-04326,3560000,0
R12-04327,38680000,150000
R12-04328,1680000,0
R12-04329,14510000,40000
R12-04330,15870000,40000
R12-04331,13590000,40000
R12-04332,4800000,0
R12-04333,61240000,150000
R12-04334,56630000,150000
R12-04335,71560000,300000
R12-04336,15330000,40000
R12-04337,4190000,0
R12-04338,91440000,300000
R12-04339,63150000,150000
R12-04340,84030000,300000
R12-04341,114930000,300000
R12-04342,5380000,20000
R12-04343,40980000,150000
R12-04344,34080000,150000
R12-04345,7790000,20000
R12-04346,20930000,60000
R12-04347,21870000,60000
R12-04348,3910000,0
R12-04349,92310000,300000
R12-04350,24870000,60000
R12-04351,42490000,150000
R12-04352,770000,0
R12-04353,121170000,300000
R12-04354,44800000,150000
R12-04355,81150000,300000
R12-04356,22380000,60000
R12-04357,22760000,60000
R12-04358,119390000,300000
R12-04359,106830000,300000
R12-04360,48430000,150000
R12-04361,3720000,0
R12-04362,28360000,60000
R12-04363,2240000,0
R12-04364,32080000,60000
R12-04365,23560000,60000
R12-04366,21640000,60000
R12-04367,14390000,40000
R12-04368,76930000,300000
R12-04369,51670000,150000
R12-04370,24430000,60000
R12-04371,91280000,300000
R12-04372,12980000,40000
R12-04373,5980000,20000
R12-04374,56260000,150000
R12-04375,45240000,150000
R12-04376,36000000,150000
R12-04377,53710000,150000
R12-04378,60480000,150000
R12-04379,88770000,300000
R12-04380,1970000,0
R12-04381,126630000,300000
R12-04382,2490000,0
R12-04383,24840000,60000
R12-04384,132190000,300000
R12-04385,40520000,150000
R12-04386,53220000,150000
R12-04387,39200000,150000
R12-04388,94560000,300000
R12-04389,91650000,300000
R12-04390,40720000,150000
R12-04391,4870000,0
R12-04392,30430000,60000
R12-04393,33670000,150000
R12-04394,15260000,40000
R12-04395,116190000,300000
R12-04396,1770000,0
R12-04397,22150000,60000
R12-04398,27140000,60000
R12-04399,14210000,40000
R12-04400,121910000,300000
R12-04401,51580000,150000
R12-04402,106250000,300000
R12-04403,56120000,150000
R12-04404,11570000,40000
R12-04405,21740000,60000
R12-04406,2400000,0
R12-04407,63310000,150000
R12-04408,23920000,60000
R12-04409,25820000,60000
R12-04410,73500000,300000
R12-04411,26470000,60000
R12-04412,24480000,60000
R12-04413,85330000,300000
R12-04414,35560000,150000
R12-04415,35790000,150000
R12-04416,26480000,60000
R12-04417,11940000,40000
R12-04418,52470000,150000
R12-04419,90430000,300000
R12-04420,52210000,150000
R12-04421,22630000,60000
R12-04422,112950000,300000
R12-04423,23810000,60000
R12-04424,91130000,300000
R12-04425,83770000,300000
R12-04426,21770000,60000
R12-04427,40620000,150000
R12-04428,47460000,150000
R12-04429,55100000,150000
R12-04430,7250000,20000
R12-04431,72000000,300000
R12-04432,46200000,150000
R12-04433,3380000,0
R12-04434,17100000,40000
R12-04435,45260000,150000
R12-04436,43850000,150000
R12-04437,3720000,0
R12-04438,33310000,60000
R12-04439,27070000,60000
R12-04440,31920000,60000
R12-04441,82110000,300000
R12-04442,52880000,150000
R12-04443,32410000,60000
R12-04444,52140000,150000
R12-04445,42320000,150000
R12-04446,92730000,300000
R12-04447,23560000,60000
R12-04448,3480000,0
R12-04449,36820000,150000
R12-04450,740000,0
R12-04451,34300000,150000
R12-04452,42720000,150000
R12-04453,105220000,300000
R12-04454,145260000,600000
R12-04455,95410000,300000
R12-04456,100990000,300000
R12-04457,3960000,0
R12-04458,24980000,60000
R12-04459,46860000,150000
R12-04460,44640000,150000
R12-04461,32140000,60000
R12-04462,3370000,0
R12-04463,54960000,150000
R12-04464,112990000,300000
R12-04465,40920000,150000
R12-04466,31200000,60000
R12-04467,32370000,60000
R12-04468,11030000,40000
R12-04469,15320000,40000
R12-04470,38280000,150000
R12-04471,65780000,150000
R12-04472,91330000,300000
R12-04473,48160000,150000
R12-04474,21190000,60000
R12-04475,4020000,0
R12-04476,2610000,0
R12-04477,113510000,300000
R12-04478,36140000,150000
R12-04479,52540000,150000
R12-04480,17000000,40000
R12-04481,153940000,600000
R12-04482,94000000,300000
R12-04483,34570000,150000
R12-04484,72900000,300000
R12-04485,28730000,60000
R12-04486,63050000,150000
R12-04487,16100000,40000
R12-04488,23020000,60000
R12-04489,32140000,60000
R12-04490,51010000,150000
R12-04491,12440000,40000
R12-04492,22110000,60000
R12-04493,24120000,60000
R12-04494,26640000,60000
R12-04495,51550000,150000
R12-04496,26020000,60000
R12-04497,71450000,300000
R12-04498,41880000,150000
R12-04499,43570000,150000
R12-04500,14150000,40000
R12-04501,33170000,60000
R12-04502,42330000,150000
R12-04503,12970000,40000
R12-04504,61010000,150000
R12-04505,81190000,300000
R12-04506,70780000,300000
R12-04507,38700000,150000
R12-04508,45580000,150000
R12-04509,11380000,40000
R12-04510,31650000,60000
R12-04511,37210000,150000
R12-04512,85110000,300000
R12-04513,91240000,300000
R12-04514,31110000,60000
R12-04515,38900000,150000
R12-04516,31390000,60000
R12-04517,23060000,60000
R12-04518,27650000,60000
R12-04519,24970000,60000
R12-04520,24950000,60000
R12-04521,53260000,150000
R12-04522,77430000,300000
R12-04523,90730000,300000
R12-04524,81570000,300000
R12-04525,46820000,150000
R12-04526,137020000,600000
R12-04527,63480000,150000
R12-04528,25520000,60000
R12-04529,82150000,300000
R12-04530,11620000,40000
R12-04531,44040000,150000
R12-04532,61460000,150000
R12-04533,1860000,0
R12-04534,24270000,60000
R12-04535,37550000,150000
R12-04536,34230000,150000
R12-04537,15880000,40000
R12-04538,21360000,60000
R12-04539,24300000,60000
R12-04540,22880000,60000
R12-04541,33190000,60000
R12-04542,45340000,150000
R12-04543,27150000,60000
R12-04544,12480000,40000
R12-04545,18850000,40000
R12-04546,4480000,0
R12-04547,14190000,40000
R12-04548,23430000,60000
R12-04549,32060000,60000
R12-04550,23990000,60000
R12-04551,64070000,150000
R12-04552,33600000,150000
R12-04553,24980000,60000
R12-04554,23780000,60000
R12-04555,64010000,150000
R12-04556,41740000,150000
R12-04557,12670000,40000
R12-04558,54480000,150000
R12-04559,33580000,150000
R12-04560,61120000,150000
R12-04561,2370000,0
R12-04562,53990000,150000
R12-04563,76010000,300000
R12-04564,54780000,150000
R12-04565,3950000,0
R12-04566,36470000,150000
R12-04567,8540000,20000
R12-04568,13800000,40000
R12-04569,25070000,60000
R12-04570,32440000,60000
R12-04571,103860000,300000
R12-04572,6380000,20000
R12-04573,89200000,300000
R12-04574,34990000,150000
R12-04575,31290000,60000
R12-04576,5860000,20000
R12-04577,25740000,60000
R12-04578,1950000,0
R12-04579,22280000,60000
R12-04580,21810000,60000
R12-04581,24660000,60000
R12-04582,73410000,300000
R12-04583,125310000,300000
R12-04584,63720000,150000
R12-04585,25700000,60000
R12-04586,2890000,0
R12-04587,34220000,150000
R12-04588,46720000,150000
R12-04589,64250000,150000
R12-04590,144390000,600000
R12-04591,13180000,40000
R12-04592,43310000,150000
R12-04593,124350000,300000
R12-04594,57130000,150000
R12-04595,26680000,60000
R12-04596,97600000,300000
R12-04597,103010000,300000
R12-04598,2430000,0
R12-04599,28540000,60000
R12-04600,31900000,60000
R12-04601,70680000,300000
R12-04602,96780000,300000
R12-04603,22950000,60000
R12-04604,51830000,150000
R12-04605,4720000,0
R12-04606,112720000,300000
R12-04607,71910000,300000
R12-04608,72900000,300000
R12-04609,5780000,20000
R12-04610,4200000,0
R12-04611,21970000,60000
R12-04612,64080000,150000
R12-04613,49110000,150000
R12-04614,52240000,150000
R12-04615,73380000,300000
R12-04616,34840000,150000
R12-04617,22120000,60000
R12-04618,44290000,150000
R12-04619,101020000,300000
R12-04620,12350000,40000
R12-04621,1010000,0
R12-04622,150890000,600000
R12-04623,33400000,150000
R12-04624,5320000,20000
R12-04625,60640000,150000
R12-04626,85550000,300000
R12-04627,92320000,300000
R12-04628,26550000,60000
R12-04629,120500000,300000
R12-04630,92520000,300000
R12-04631,24120000,60000
R12-04632,21370000,60000
R12-04633,34140000,150000
R12-04634,16170000,40000
R12-04635,132170000,300000
R12-04636,61500000,150000
R12-04637,82270000,300000
R12-04638,135100000,600000
R12-04639,32150000,60000
R12-04640,51210000,150000
R12-04641,7750000,20000
R12-04642,85810000,300000
R12-04643,7710000,20000
R12-04644,43140000,150000
R12-04645,3480000,0
R12-04646,27860000,60000
R12-04647,76930000,300000
R12-04648,32340000,60000
R12-04649,85510000,300000
R12-04650,62760000,150000
R12-04651,5590000,20000
R12-04652,73410000,300000
R12-04653,2870000,0
R12-04654,101600000,300000
R12-04655,52040000,150000
R12-04656,68300000,300000
R12-04657,11980000,40000
R12-04658,95730000,300000
R12-04659,5440000,20000
R12-04660,64310000,150000
R12-04661,117970000,300000
R12-04662,106200000,300000
R12-04663,4760000,0
R12-04664,97340000,300000
R12-04665,114960000,300000
R12-04666,7950000,20000
R12-04667,12120000,40000
R12-04668,105960000,300000
R12-04669,32260000,60000
R12-04670,5770000,20000
R12-04671,84320000,300000
R12-04672,64180000,150000
R12-04673,1290000,0
R12-04674,31920000,60000
R12-04675,11130000,40000
R12-04676,7010000,20000
R12-04677,12820000,40000
R12-04678,2190000,0
R12-04679,15010000,40000
R12-04680,60830000,150000
R12-04681,25530000,60000
R12-04682,97590000,300000
R12-04683,4230000,0
R12-04684,96250000,300000
R12-04685,28360000,60000
R12-04686,4810000,0
R12-04687,5500000,20000
R12-04688,25110000,60000
R12-04689,28600000,60000
R12-04690,53220000,150000
R12-04691,56530000,150000
R12-04692,20930000,60000
R12-04693,6440000,20000
R12-04694,34350000,150000
R12-04695,37750000,150000
R12-04696,46620000,150000
R12-04697,62280000,150000
R12-04698,5170000,20000
R12-04699,59120000,150000
R12-04700,62690000,150000
R12-04701,21680000,60000
R12-04702,7900000,20000
R12-04703,7250000,20000
R12-04704,73260000,300000
R12-04705,99610000,300000
R12-04706,66400000,150000
R12-04707,27650000,60000
R12-04708,63210000,150000
R12-04709,33760000,150000
R12-04710,21110000,60000
R12-04711,12270000,40000
R12-04712,52300000,150000
R12-04713,11570000,40000
R12-04714,18690000,40000
R12-04715,35350000,150000
R12-04716,85120000,300000
R12-04717,73330000,300000
R12-04718,112790000,300000
R12-04719,6940000,20000
R12-04720,115210000,300000
R12-04721,157790000,600000
R12-04722,51320000,150000
R12-04723,53030000,150000
R12-04724,31270000,60000
R12-04725,85430000,300000
R12-04726,3790000,0
R12-04727,81750000,300000
R12-04728,104230000,300000
R12-04729,33520000,150000
R12-04730,4590000,0
R12-04731,4880000,0
R12-04732,27690000,60000
R12-04733,96220000,300000
R12-04734,13100000,40000
R12-04735,36140000,150000
R12-04736,14860000,40000
R12-04737,26710000,60000
R12-04738,84890000,300000
R12-04739,41560000,150000
R12-04740,16130000,40000
R12-04741,50760000,150000
R12-04742,13890000,40000
R12-04743,111060000,300000
R12-04744,16640000,40000
R12-04745,26070000,60000
R12-04746,33230000,60000
R12-04747,11000000,40000
R12-04748,33200000,60000
R12-04749,60540000,150000
R12-04750,7310000,20000
R12-04751,3930000,0
R12-04752,47880000,150000
R12-04753,63590000,150000
R12-04754,15290000,40000
R12-04755,98710000,300000
R12-04756,42830000,150000
R12-04757,95240000,300000
R12-04758,53430000,150000
R12-04759,31900000,60000
R12-04760,104170000,300000
R12-04761,2520000,0
R12-04762,62790000,150000
R12-04763,34800000,150000
R12-04764,11920000,40000
R12-04765,22960000,60000
R12-04766,62540000,150000
R12-04767,9220000,20000
R12-04768,95410000,300000
R12-04769,30570000,60000
R12-04770,75510000,300000
R12-04771,35820000,150000
R12-04772,45190000,150000
R12-04773,40920000,150000
R12-04774,64110000,150000
R12-04775,42760000,150000
R12-04776,33150000,60000
R12-04777,94340000,300000
R12-04778,7660000,20000
R12-04779,16530000,40000
R12-04780,40440000,150000
R12-04781,14540000,40000
R12-04782,3080000,0
R12-04783,85130000,300000
R12-04784,46350000,150000
R12-04785,4770000,0
R12-04786,22090000,60000
R12-04787,33800000,150000
R12-04788,80000,0
R12-04789,2630000,0
R12-04790,47460000,150000
R12-04791,33870000,150000
R12-04792,82340000,300000
R12-04793,500000,0
R12-04794,62660000,150000
R12-04795,11550000,40000
R12-04796,102700000,300000
R12-04797,95570000,300000
R12-04798,24840000,60000
R12-04799,94340000,300000
R12-04800,6610000,20000
R12-04801,54120000,150000
R12-04802,7330000,20000
R12-04803,17050000,40000
R12-04804,33450000,150000
R12-04805,27740000,60000
R12-04806,30420000,60000
R12-04807,21050000,60000
R12-04808,21410000,60000
R12-04809,6880000,20000
R12-04810,50700000,150000
R12-04811,26080000,60000
R12-04812,34810000,150000
R12-04813,67090000,300000
R12-04814,3840000,0
R12-04815,61070000,150000
R12-04816,22700000,60000
R12-04817,45050000,150000
R12-04818,740000,0
R12-04819,1880000,0
R12-04820,3580000,0
R12-04821,47490000,150000
R12-04822,43090000,150000
R12-04823,28020000,60000
R12-04824,2350000,0
R12-04825,54370000,150000
R12-04826,72700000,300000
R12-04827,104110000,300000
R12-04828,61800000,150000
