고객ID,타사이전금액,혜택금액
R03-00000,26830000,60000
R03-00001,35170000,150000
R03-00002,31390000,60000
R03-00003,94680000,300000
R03-00004,2460000,0
R03-00005,44430000,150000
R03-00006,51970000,150000
R03-00007,26680000,60000
R03-00008,98400000,300000
R03-00009,1440000,0
R03-00010,21150000,60000
R03-00011,73300000,300000
R03-00012,44310000,150000
R03-00013,3440000,0
R03-00014,1060000,0
R03-00015,15910000,40000
R03-00016,2080000,0
R03-00017,55250000,150000
R03-00018,81340000,300000
R03-00019,41910000,150000
R03-00020,26040000,60000
R03-00021,84140000,300000
R03-00022,45460000,150000
R03-00023,11860000,40000
R03-00024,156520000,600000
R03-00025,153590000,600000
R03-00026,38490000,150000
R03-00027,52250000,150000
R03-00028,12030000,40000
R03-00029,34150000,150000
R03-00030,60300000,150000
R03-00031,101730000,300000
R03-00032,30850000,60000
R03-00033,44230000,150000
R03-00034,62770000,150000
R03-00035,67320000,300000
R03-00036,54520000,150000
R03-00037,42250000,150000
R03-00038,35200000,150000
R03-00039,2210000,0
R03-00040,84730000,300000
R03-00041,142610000,600000
R03-00042,34540000,150000
R03-00043,4260000,0
R03-00044,21860000,60000
R03-00045,101590000,300000
R03-00046,5960000,20000
R03-00047,71240000,300000
R03-00048,48450000,150000
R03-00049,22120000,60000
R03-00050,90240000,300000
R03-00051,42540000,150000
R03-00052,7040000,20000
R03-00053,12680000,40000
R03-00054,83680000,300000
R03-00055,87560000,300000
R03-00056,93360000,300000
R03-00057,31920000,60000
R03-00058,75490000,300000
R03-00059,72120000,300000
R03-00060,35420000,150000
R03-00061,95610000,300000
R03-00062,112040000,300000
R03-00063,52070000,150000
R03-00064,64230000,150000
R03-00065,24410000,60000
R03-00066,72500000,300000
R03-00067,31300000,60000
R03-00068,73530000,300000
R03-00069,25690000,60000
R03-00070,73260000,300000
R03-00071,22980000,60000
R03-00072,3000000,0
R03-00073,34920000,150000
R03-00074,15950000,40000
R03-00075,224650000,1000000
R03-00076,51670000,150000
R03-00077,113710000,300000
R03-00078,65380000,150000
R03-00079,93210000,300000
R03-00080,121880000,300000
R03-00081,13340000,40000
R03-00082,85780000,300000
R03-00083,77210000,300000
R03-00084,112220000,300000
R03-00085,20670000,60000
R03-00086,38040000,150000
R03-00087,38030000,150000
R03-00088,62240000,150000
R03-00089,13640000,40000
R03-00090,3250000,0
R03-00091,12340000,40000
R03-00092,40450000,150000
R03-00093,82050000,300000
R03-00094,61990000,150000
R03-00095,94750000,300000
R03-00096,76370000,300000
R03-00097,118410000,300000
R03-00098,46230000,150000
R03-00099,23720000,60000
R03-00100,3150000,0
R03-00101,46580000,150000
R03-00102,88380000,300000
R03-00103,53490000,150000
R03-00104,7230000,20000
R03-00105,81810000,300000
R03-00106,37310000,150000
R03-00107,3330000,0
R03-00108,21190000,60000
R03-00109,3710000,0
R03-00110,25690000,60000
R03-00111,24900000,60000
R03-00112,36500000,150000
R03-00113,54380000,150000
R03-00114,1210000,0
R03-00115,26800000,60000
R03-00116,56560000,150000
R03-00117,43660000,150000
R03-00118,93780000,300000
R03-00119,72010000,300000
R03-00120,43380000,150000
R03-00121,16320000,40000
R03-00122,45140000,150000
R03-00123,44220000,150000
R03-00124,34260000,150000
R03-00125,114000000,300000
R03-00126,12690000,40000
R03-00127,24150000,60000
R03-00128,33800000,150000
R03-00129,35560000,150000
R03-00130,350000,0
R03-00131,41830000,150000
R03-00132,72040000,300000
R03-00133,132770000,300000
R03-00134,34970000,150000
R03-00135,84350000,300000
R03-00136,52270000,150000
R03-00137,750000,0
R03-00138,14930000,40000
R03-00139,26090000,60000
R03-00140,52930000,150000
R03-00141,62390000,150000
R03-00142,15480000,40000
R03-00143,2190000,0
R03-00144,1890000,0
R03-00145,82740000,300000
R03-00146,35040000,150000
R03-00147,12160000,40000
R03-00148,10210000,40000
R03-00149,62960000,150000
R03-00150,52530000,150000
R03-00151,10500000,40000
R03-00152,34000000,150000
R03-00153,6230000,20000
R03-00154,36920000,150000
R03-00155,14130000,40000
R03-00156,112230000,300000
R03-00157,51710000,150000
R03-00158,1990000,0
R03-00159,30340000,60000
R03-00160,88210000,300000
R03-00161,61980000,150000
R03-00162,54670000,150000
R03-00163,30090000,60000
R03-00164,13300000,40000
R03-00165,92750000,300000
R03-00166,56750000,150000
R03-00167,6200000,20000
R03-00168,95730000,300000
R03-00169,22000000,60000
R03-00170,24010000,60000
R03-00171,26140000,60000
R03-00172,1130000,0
R03-00173,16130000,40000
R03-00174,44710000,150000
R03-00175,76750000,300000
R03-00176,7210000,20000
R03-00177,85080000,300000
R03-00178,10820000,40000
R03-00179,33020000,60000
R03-00180,81210000,300000
R03-00181,47210000,150000
R03-00182,90460000,300000
R03-00183,53750000,150000
R03-00184,83250000,300000
R03-00185,41610000,150000
R03-00186,81710000,300000
R03-00187,12330000,40000
R03-00188,33230000,60000
R03-00189,73660000,300000
R03-00190,105150000,300000
R03-00191,77790000,300000
R03-00192,84910000,300000
R03-00193,22680000,60000
R03-00194,6030000,20000
R03-00195,17630000,40000
R03-00196,75130000,300000
R03-00197,19840000,40000
R03-00198,174870000,600000
R03-00199,12310000,40000
R03-00200,42130000,150000
R03-00201,14230000,40000
R03-00202,75580000,300000
R03-00203,111600000,300000
R03-00204,12190000,40000
R03-00205,23760000,60000
R03-00206,1220000,0
R03-00207,41940000,150000
R03-00208,97960000,300000
R03-00209,75390000,300000
R03-00210,8880000,20000
R03-00211,53490000,150000
R03-00212,56380000,150000
R03-00213,1760000,0
R03-00214,4210000,0
R03-00215,42670000,150000
R03-00216,38320000,150000
R03-00217,11470000,40000
R03-00218,6440000,20000
R03-00219,69350000,300000
R03-00220,6560000,20000
R03-00221,21610000,60000
R03-00222,51980000,150000
R03-00223,91760000,300000
R03-00224,1210000,0
R03-00225,21370000,60000
R03-00226,21360000,60000
R03-00227,33600000,150000
R03-00228,31630000,60000
R03-00229,64460000,150000
R03-00230,40300000,150000
R03-00231,52160000,150000
R03-00232,43270000,150000
R03-00233,13070000,40000
R03-00234,25440000,60000
R03-00235,51570000,150000
R03-00236,42430000,150000
R03-00237,33650000,150000
R03-00238,48690000,150000
R03-00239,22620000,60000
R03-00240,33880000,150000
R03-00241,73870000,300000
R03-00242,73070000,300000
R03-00243,102730000,300000
R03-00244,25470000,60000
R03-00245,720000,0
R03-00246,14140000,40000
R03-00247,134690000,600000
R03-00248,12630000,40000
R03-00249,33310000,60000
R03-00250,7200000,20000
R03-00251,32300000,60000
R03-00252,33270000,60000
R03-00253,3260000,0
R03-00254,62610000,150000
R03-00255,3950000,0
R03-00256,27470000,60000
R03-00257,92760000,300000
R03-00258,11730000,40000
R03-00259,70510000,300000
R03-00260,53640000,150000
R03-00261,35090000,150000
R03-00262,31500000,60000
R03-00263,62160000,150000
R03-00264,1910000,0
R03-00265,71080000,300000
R03-00266,71850000,300000
R03-00267,82420000,300000
R03-00268,93140000,300000
R03-00269,25280000,60000
R03-00270,4540000,0
R03-00271,15660000,40000
R03-00272,39040000,150000
R03-00273,105640000,300000
R03-00274,14040000,40000
R03-00275,76760000,300000
R03-00276,41320000,150000
R03-00277,1640000,0
R03-00278,155230000,600000
R03-00279,16380000,40000
R03-00280,35010000,150000
R03-00281,12080000,40000
R03-00282,93780000,300000
R03-00283,35550000,150000
R03-00284,33380000,150000
R03-00285,11040000,40000
R03-00286,27340000,60000
R03-00287,92460000,300000
R03-00288,51600000,150000
R03-00289,47540000,150000
R03-00290,57770000,150000
R03-00291,13370000,40000
R03-00292,52790000,150000
R03-00293,7040000,20000
R03-00294,41880000,150000
R03-00295,9410000,20000
R03-00296,4610000,0
R03-00297,16150000,40000
R03-00298,24770000,60000
R03-00299,58940000,150000
R03-00300,18080000,40000
R03-00301,6000000,20000
R03-00302,72810000,300000
R03-00303,72880000,300000
R03-00304,51850000,150000
R03-00305,5710000,20000
R03-00306,28310000,60000
R03-00307,112670000,300000
R03-00308,74300000,300000
R03-00309,5810000,20000
R03-00310,115340000,300000
R03-00311,4250000,0
R03-00312,63370000,150000
R03-00313,103210000,300000
R03-00314,73830000,300000
R03-00315,41590000,150000
R03-00316,62320000,150000
R03-00317,21340000,60000
R03-00318,35270000,150000
R03-00319,17820000,40000
R03-00320,88930000,300000
R03-00321,24310000,60000
R03-00322,3920000,0
R03-00323,72450000,300000
R03-00324,84750000,300000
R03-00325,31360000,60000
R03-00326,25910000,60000
R03-00327,24600000,60000
R03-00328,5990000,20000
R03-00329,21920000,60000
R03-00330,20720000,60000
R03-00331,38550000,150000
R03-00332,5520000,20000
R03-00333,63140000,150000
R03-00334,23550000,60000
R03-00335,94770000,300000
R03-00336,32190000,60000
R03-00337,55190000,150000
R03-00338,12920000,40000
R03-00339,93910000,300000
R03-00340,45070000,150000
R03-00341,14520000,40000
R03-00342,22760000,60000
R03-00343,16150000,40000
R03-00344,12540000,40000
R03-00345,85920000,300000
R03-00346,11590000,40000
R03-00347,2090000,0
R03-00348,23980000,60000
R03-00349,8270000,20000
R03-00350,60580000,150000
R03-00351,11850000,40000
R03-00352,32780000,60000
R03-00353,141560000,600000
R03-00354,53510000,150000
R03-00355,34940000,150000
R03-00356,36490000,150000
R03-00357,31110000,60000
R03-00358,42920000,150000
R03-00359,56190000,150000
R03-00360,85820000,300000
R03-00361,32810000,60000
R03-00362,13140000,40000
R03-00363,21140000,60000
R03-00364,66800000,300000
R03-00365,40330000,150000
R03-00366,11350000,40000
R03-00367,82440000,300000
R03-00368,14630000,40000
R03-00369,2890000,0
R03-00370,3470000,0
R03-00371,53440000,150000
R03-00372,2500000,0
R03-00373,33180000,60000
R03-00374,106910000,300000
R03-00375,52860000,150000
R03-00376,154490000,600000
R03-00377,17130000,40000
R03-00378,13610000,40000
R03-00379,60860000,150000
R03-00380,16040000,40000
R03-00381,94910000,300000
R03-00382,11470000,40000
R03-00383,51940000,150000
R03-00384,11850000,40000
R03-00385,52530000,150000
R03-00386,2250000,0
R03-00387,32240000,60000
R03-00388,32510000,60000
R03-00389,52800000,150000
R03-00390,47920000,150000
R03-00391,50960000,150000
R03-00392,22110000,60000
R03-00393,41310000,150000
R03-00394,86680000,300000
R03-00395,62690000,150000
R03-00396,66540000,150000
R03-00397,43800000,150000
R03-00398,22330000,60000
R03-00399,43850000,150000
R03-00400,31700000,60000
R03-00401,14120000,40000
R03-00402,104930000,300000
R03-00403,31670000,60000
R03-00404,49550000,150000
R03-00405,4520000,0
R03-00406,3790000,0
R03-00407,56080000,150000
R03-00408,63180000,150000
R03-00409,53540000,150000
R03-00410,50770000,150000
R03-00411,93700000,300000
R03-00412,35480000,150000
R03-00413,13810000,40000
R03-00414,13160000,40000
R03-00415,77170000,300000
R03-00416,28350000,60000
R03-00417,35860000,150000
R03-00418,35600000,150000
R03-00419,52170000,150000
R03-00420,95970000,300000
R03-00421,62100000,150000
R03-00422,13200000,40000
R03-00423,20540000,60000
R03-00424,53920000,150000
R03-00425,15060000,40000
R03-00426,40940000,150000
R03-00427,61790000,150000
R03-00428,76380000,300000
R03-00429,72810000,300000
R03-00430,35790000,150000
R03-00431,45820000,150000
R03-00432,63890000,150000
R03-00433,16210000,40000
R03-00434,44390000,150000
R03-00435,27070000,60000
R03-00436,41410000,150000
R03-00437,50570000,150000
R03-00438,17020000,40000
R03-00439,96330000,300000
R03-00440,108320000,300000
R03-00441,41070000,150000
R03-00442,3410000,0
R03-00443,117230000,300000
R03-00444,27470000,60000
R03-00445,21020000,60000
R03-00446,33010000,60000
R03-00447,72410000,300000
R03-00448,130400000,300000
R03-00449,62620000,150000
R03-00450,95720000,300000
R03-00451,7570000,20000
R03-00452,101640000,300000
R03-00453,61930000,150000
R03-00454,53630000,150000
R03-00455,24950000,60000
R03-00456,24980000,60000
R03-00457,11340000,40000
R03-00458,146320000,600000
R03-00459,32620000,60000
R03-00460,42280000,150000
R03-00461,11640000,40000
R03-00462,102460000,300000
R03-00463,26040000,60000
R03-00464,73130000,300000
R03-00465,64410000,150000
R03-00466,72800000,300000
R03-00467,104390000,300000
R03-00468,3820000,0
R03-00469,81230000,300000
R03-00470,2790000,0
R03-00471,144260000,600000
R03-00472,6700000,20000
R03-00473,33180000,60000
R03-00474,112140000,300000
R03-00475,13900000,40000
R03-00476,45240000,150000
R03-00477,56290000,150000
R03-00478,52360000,150000
R03-00479,46920000,150000
R03-00480,45110000,150000
R03-00481,50500000,150000
R03-00482,6070000,20000
R03-00483,26240000,60000
R03-00484,73430000,300000
R03-00485,4180000,0
R03-00486,16960000,40000
R03-00487,65900000,150000
R03-00488,14340000,40000
R03-00489,24610000,60000
R03-00490,42670000,150000
R03-00491,41070000,150000
R03-00492,15750000,40000
R03-00493,43030000,150000
R03-00494,24550000,60000
R03-00495,105080000,300000
R03-00496,45000000,150000
R03-00497,34700000,150000
R03-00498,2590000,0
R03-00499,66960000,300000
R03-00500,38360000,150000
R03-00501,102680000,300000
R03-00502,7880000,20000
R03-00503,18400000,40000
R03-00504,76230000,300000
R03-00505,5020000,20000
R03-00506,51570000,150000
R03-00507,81260000,300000
R03-00508,1280000,0
R03-00509,63250000,150000
R03-00510,74360000,300000
R03-00511,93270000,300000
R03-00512,105650000,300000
R03-00513,13970000,40000
R03-00514,11770000,40000
R03-00515,112190000,300000
R03-00516,24970000,60000
R03-00517,47940000,150000
R03-00518,72120000,300000
R03-00519,116580000,300000
R03-00520,43800000,150000
R03-00521,1640000,0
R03-00522,34920000,150000
R03-00523,62340000,150000
R03-00524,77040000,300000
R03-00525,134430000,600000
R03-00526,21390000,60000
R03-00527,32240000,60000
R03-00528,92520000,300000
R03-00529,11000000,40000
R03-00530,135970000,600000
R03-00531,94260000,300000
R03-00532,4140000,0
R03-00533,81320000,300000
R03-00534,123960000,300000
R03-00535,57610000,150000
R03-00536,27120000,60000
R03-00537,31990000,60000
R03-00538,3530000,0
R03-00539,7210000,20000
R03-00540,50640000,150000
R03-00541,14040000,40000
R03-00542,12340000,40000
R03-00543,174240000,600000
R03-00544,72480000,300000
R03-00545,41780000,150000
R03-00546,94380000,300000
R03-00547,5730000,20000
R03-00548,13490000,40000
R03-00549,38510000,150000
R03-00550,25350000,60000
R03-00551,86160000,300000
R03-00552,16520000,40000
R03-00553,3460000,0
R03-00554,12450000,40000
R03-00555,80830000,300000
R03-00556,30870000,60000
R03-00557,82740000,300000
R03-00558,27410000,60000
R03-00559,1920000,0
R03-00560,221310000,1000000
R03-00561,67320000,300000
R03-00562,23160000,60000
R03-00563,45220000,150000
R03-00564,52050000,150000
R03-00565,42290000,150000
R03-00566,4970000,0
R03-00567,92510000,300000
R03-00568,43260000,150000
R03-00569,42320000,150000
R03-00570,34060000,150000
R03-00571,221860000,1000000
R03-00572,26340000,60000
R03-00573,57040000,150000
R03-00574,89280000,300000
R03-00575,44250000,150000
R03-00576,91000000,300000
R03-00577,2700000,0
R03-00578,64640000,150000
R03-00579,82530000,300000
R03-00580,88260000,300000
R03-00581,16790000,40000
R03-00582,51980000,150000
R03-00583,84040000,300000
R03-00584,62030000,150000
R03-00585,86870000,300000
R03-00586,35310000,150000
R03-00587,22250000,60000
R03-00588,4130000,0
R03-00589,2650000,0
R03-00590,21790000,60000
R03-00591,3500000,0
R03-00592,33030000,60000
R03-00593,41950000,150000
R03-00594,52300000,150000
R03-00595,2650000,0
R03-00596,22240000,60000
R03-00597,31300000,60000
R03-00598,46770000,150000
R03-00599,28200000,60000
R03-00600,4960000,0
R03-00601,1150000,0
R03-00602,23180000,60000
R03-00603,54160000,150000
R03-00604,62870000,150000
R03-00605,38360000,150000
R03-00606,33560000,150000
R03-00607,1110000,0
R03-00608,7880000,20000
R03-00609,23990000,60000
R03-00610,28340000,60000
R03-00611,2140000,0
R03-00612,61670000,150000
R03-00613,123380000,300000
R03-00614,60680000,150000
R03-00615,24040000,60000
R03-00616,12880000,40000
R03-00617,2170000,0
R03-00618,7160000,20000
R03-00619,63970000,150000
R03-00620,32560000,60000
R03-00621,15110000,40000
R03-00622,12050000,40000
R03-00623,67900000,300000
R03-00624,4760000,0
R03-00625,33320000,60000
R03-00626,67050000,300000
R03-00627,43220000,150000
R03-00628,71500000,300000
R03-00629,3490000,0
R03-00630,72050000,300000
R03-00631,52180000,150000
R03-00632,58650000,150000
R03-00633,6730000,20000
R03-00634,32480000,60000
R03-00635,45110000,150000
R03-00636,37320000,150000
R03-00637,18590000,40000
R03-00638,6020000,20000
R03-00639,86710000,300000
R03-00640,41500000,150000
R03-00641,23590000,60000
R03-00642,99690000,300000
R03-00643,77280000,300000
R03-00644,122150000,300000
R03-00645,106360000,300000
R03-00646,36690000,150000
R03-00647,18740000,40000
R03-00648,12330000,40000
R03-00649,114040000,300000
R03-00650,42420000,150000
R03-00651,16530000,40000
R03-00652,82750000,300000
R03-00653,15260000,40000
R03-00654,24480000,60000
R03-00655,44300000,150000
R03-00656,22860000,60000
R03-00657,63980000,150000
R03-00658,4880000,0
R03-00659,1860000,0
R03-00660,154670000,600000
R03-00661,44030000,150000
R03-00662,85870000,300000
R03-00663,22290000,60000
R03-00664,32450000,60000
R03-00665,77450000,300000
R03-00666,64940000,150000
R03-00667,23670000,60000
R03-00668,64630000,150000
R03-00669,21240000,60000
R03-00670,58850000,150000
R03-00671,56310000,150000
R03-00672,10720000,40000
R03-00673,81180000,300000
R03-00674,66290000,150000
R03-00675,1120000,0
R03-00676,14200000,40000
R03-00677,58690000,150000
R03-00678,55620000,150000
R03-00679,14520000,40000
R03-00680,141660000,600000
R03-00681,22180000,60000
R03-00682,82760000,300000
R03-00683,84340000,300000
R03-00684,82910000,300000
R03-00685,64250000,150000
R03-00686,13040000,40000
R03-00687,1420000,0
R03-00688,24220000,60000
R03-00689,14240000,40000
R03-00690,13440000,40000
R03-00691,36250000,150000
R03-00692,13330000,40000
R03-00693,61720000,150000
R03-00694,3830000,0
R03-00695,66840000,300000
R03-00696,44130000,150000
R03-00697,45820000,150000
R03-00698,94190000,300000
R03-00699,83640000,300000
R03-00700,48910000,150000
R03-00701,13140000,40000
R03-00702,21990000,60000
R03-00703,109860000,300000
R03-00704,42720000,150000
R03-00705,23930000,60000
R03-00706,83990000,300000
R03-00707,52030000,150000
R03-00708,21970000,60000
R03-00709,75150000,300000
R03-00710,45280000,150000
R03-00711,95900000,300000
R03-00712,221710000,1000000
R03-00713,15950000,40000
R03-00714,153260000,600000
R03-00715,10650000,40000
R03-00716,24080000,60000
R03-00717,7380000,20000
R03-00718,1530000,0
R03-00719,94070000,300000
R03-00720,81980000,300000
R03-00721,61740000,150000
R03-00722,5110000,20000
R03-00723,11620000,40000
R03-00724,130780000,300000
R03-00725,22880000,60000
R03-00726,86750000,300000
R03-00727,27040000,60000
R03-00728,72770000,300000
R03-00729,1060000,0
R03-00730,34080000,150000
R03-00731,26040000,60000
R03-00732,44620000,150000
R03-00733,40950000,150000
R03-00734,4570000,0
R03-00735,25290000,60000
R03-00736,49360000,150000
R03-00737,100370000,300000
R03-00738,3670000,0
R03-00739,64230000,150000
R03-00740,44240000,150000
R03-00741,57110000,150000
R03-00742,118000000,300000
R03-00743,88210000,300000
R03-00744,35470000,150000
R03-00745,34570000,150000
R03-00746,115520000,300000
R03-00747,64090000,150000
R03-00748,14290000,40000
R03-00749,50920000,150000
R03-00750,42730000,150000
R03-00751,135010000,600000
R03-00752,32020000,60000
R03-00753,13230000,40000
R03-00754,11810000,40000
R03-00755,11700000,40000
R03-00756,34560000,150000
R03-00757,3380000,0
R03-00758,84090000,300000
R03-00759,63740000,150000
R03-00760,6750000,20000
R03-00761,71320000,300000
R03-00762,7720000,20000
R03-00763,45490000,150000
R03-00764,82440000,300000
R03-00765,61800000,150000
R03-00766,53130000,150000
R03-00767,65610000,150000
R03-00768,26650000,60000
R03-00769,111530000,300000
R03-00770,16810000,40000
R03-00771,61730000,150000
R03-00772,23390000,60000
R03-00773,4690000,0
R03-00774,53620000,150000
R03-00775,45920000,150000
R03-00776,33210000,60000
R03-00777,45460000,150000
R03-00778,22500000,60000
R03-00779,61600000,150000
R03-00780,40720000,150000
R03-00781,6490000,20000
R03-00782,11360000,40000
R03-00783,122650000,300000
R03-00784,75150000,300000
R03-00785,53890000,150000
R03-00786,62480000,150000
R03-00787,84450000,300000
R03-00788,95560000,300000
R03-00789,40960000,150000
R03-00790,25120000,60000
R03-00791,27130000,60000
R03-00792,31850000,60000
R03-00793,132400000,300000
R03-00794,46800000,150000
R03-00795,102990000,300000
R03-00796,2700000,0
R03-00797,93880000,300000
R03-00798,3980000,0
R03-00799,15160000,40000
R03-00800,33290000,60000
R03-00801,5820000,20000
R03-00802,23970000,60000
R03-00803,1820000,0
R03-00804,22700000,60000
R03-00805,14870000,40000
R03-00806,24310000,60000
R03-00807,64370000,150000
R03-00808,50960000,150000
R03-00809,41880000,150000
R03-00810,72670000,300000
R03-00811,13680000,40000
R03-00812,62210000,150000
R03-00813,4170000,0
R03-00814,33870000,150000
R03-00815,24660000,60000
R03-00816,53170000,150000
R03-00817,6060000,20000
R03-00818,80260000,300000
R03-00819,1290000,0
R03-00820,460000,0
R03-00821,67090000,300000
R03-00822,1410000,0
R03-00823,2230000,0
R03-00824,13800000,40000
R03-00825,23930000,60000
R03-00826,42550000,150000
R03-00827,91940000,300000
R03-00828,41450000,150000
R03-00829,12230000,40000
R03-00830,79370000,300000
R03-00831,4710000,0
R03-00832,3410000,0
R03-00833,4340000,0
R03-00834,63580000,150000
R03-00835,5110000,20000
R03-00836,13320000,40000
R03-00837,74810000,300000
R03-00838,3760000,0
R03-00839,1930000,0
R03-00840,1890000,0
R03-00841,91690000,300000
R03-00842,70760000,300000
R03-00843,13810000,40000
R03-00844,13090000,40000
R03-00845,15380000,40000
R03-00846,43650000,150000
R03-00847,77590000,300000
R03-00848,57090000,150000
R03-00849,31190000,60000
R03-00850,46820000,150000
R03-00851,27000000,60000
R03-00852,53380000,150000
R03-00853,28810000,60000
R03-00854,91360000,300000
R03-00855,11910000,40000
R03-00856,8990000,20000
R03-00857,17470000,40000
R03-00858,130950000,300000
R03-00859,142230000,600000
R03-00860,71780000,300000
R03-00861,41220000,150000
R03-00862,15500000,40000
R03-00863,86210000,300000
R03-00864,24980000,60000
R03-00865,70960000,300000
R03-00866,11190000,40000
R03-00867,2520000,0
R03-00868,21700000,60000
R03-00869,12200000,40000
R03-00870,2600000,0
R03-00871,46990000,150000
R03-00872,1460000,0
R03-00873,8600000,20000
R03-00874,103610000,300000
R03-00875,97100000,300000
R03-00876,2470000,0
R03-00877,75800000,300000
R03-00878,21320000,60000
R03-00879,60780000,150000
R03-00880,38260000,150000
R03-00881,13030000,40000
R03-00882,20750000,60000
R03-00883,12030000,40000
R03-00884,93410000,300000
R03-00885,38250000,150000
R03-00886,40830000,150000
R03-00887,10840000,40000
R03-00888,1150000,0
R03-00889,82260000,300000
R03-00890,72650000,300000
R03-00891,32120000,60000
R03-00892,54170000,150000
R03-00893,42660000,150000
R03-00894,39310000,150000
R03-00895,51730000,150000
R03-00896,8390000,20000
R03-00897,68130000,300000
R03-00898,32020000,60000
R03-00899,21170000,60000
R03-00900,21240000,60000
R03-00901,30150000,60000
R03-00902,104990000,300000
R03-00903,43040000,150000
R03-00904,12470000,40000
R03-00905,2140000,0
R03-00906,83710000,300000
R03-00907,11930000,40000
R03-00908,65340000,150000
R03-00909,68290000,300000
R03-00910,13450000,40000
R03-00911,3040000,0
R03-00912,98100000,300000
R03-00913,63310000,150000
R03-00914,21460000,60000
R03-00915,62730000,150000
R03-00916,60780000,150000
R03-00917,136460000,600000
R03-00918,25860000,60000
R03-00919,97410000,300000
R03-00920,133090000,300000
R03-00921,51590000,150000
R03-00922,85800000,300000
R03-00923,920000,0
R03-00924,94130000,300000
R03-00925,26160000,60000
R03-00926,9010000,20000
R03-00927,53760000,150000
R03-00928,23070000,60000
R03-00929,12200000,40000
R03-00930,37020000,150000
R03-00931,13060000,40000
R03-00932,42830000,150000
R03-00933,77860000,300000
R03-00934,77090000,300000
R03-00935,61550000,150000
R03-00936,72970000,300000
R03-00937,47930000,150000
R03-00938,2140000,0
R03-00939,24230000,60000
R03-00940,48620000,150000
R03-00941,23000000,60000
R03-00942,41280000,150000
R03-00943,53550000,150000
R03-00944,40140000,150000
R03-00945,74720000,300000
R03-00946,35000000,150000
R03-00947,33140000,60000
R03-00948,89490000,300000
R03-00949,86750000,300000
R03-00950,2060000,0
R03-00951,3840000,0
R03-00952,1190000,0
R03-00953,61950000,150000
R03-00954,1470000,0
R03-00955,54910000,150000
R03-00956,85270000,300000
R03-00957,33480000,150000
R03-00958,61410000,150000
R03-00959,42770000,150000
R03-00960,52880000,150000
R03-00961,61740000,150000
R03-00962,73210000,300000
R03-00963,62700000,150000
R03-00964,3070000,0
R03-00965,34520000,150000
R03-00966,44050000,150000
R03-00967,22780000,60000
R03-00968,84220000,300000
R03-00969,52300000,150000
R03-00970,33940000,150000
R03-00971,110480000,300000
R03-00972,63480000,150000
R03-00973,11790000,40000
R03-00974,26250000,60000
R03-00975,82600000,300000
R03-00976,16240000,40000
R03-00977,3590000,0
R03-00978,11110000,40000
R03-00979,32140000,60000
R03-00980,2320000,0
R03-00981,2970000,0
R03-00982,37230000,150000
R03-00983,29840000,60000
R03-00984,6700000,20000
R03-00985,51920000,150000
R03-00986,61300000,150000
R03-00987,75440000,300000
R03-00988,41820000,150000
R03-00989,153390000,600000
R03-00990,74700000,300000
R03-00991,54110000,150000
R03-00992,4610000,0
R03-00993,41440000,150000
R03-00994,74130000,300000
R03-00995,46850000,150000
R03-00996,7670000,20000
R03-00997,23980000,60000
R03-00998,3700000,0
R03-00999,14110000,40000
R03-01000,23450000,60000
R03-01001,26780000,60000
R03-01002,52540000,150000
R03-01003,12390000,40000
R03-01004,20910000,60000
R03-01005,95070000,300000
R03-01006,45250000,150000
R03-01007,3110000,0
R03-01008,3880000,0
R03-01009,104280000,300000
R03-01010,11330000,40000
R03-01011,12690000,40000
R03-01012,52130000,150000
R03-01013,4750000,0
R03-01014,31580000,60000
R03-01015,91700000,300000
R03-01016,31970000,60000
R03-01017,24930000,60000
R03-01018,94280000,300000
R03-01019,46330000,150000
R03-01020,124810000,300000
R03-01021,53420000,150000
R03-01022,80290000,300000
R03-01023,54610000,150000
R03-01024,53630000,150000
R03-01025,84830000,300000
R03-01026,55100000,150000
R03-01027,72110000,300000
R03-01028,11970000,40000
R03-01029,32350000,60000
R03-01030,45950000,150000
R03-01031,44010000,150000
R03-01032,21160000,60000
R03-01033,12950000,40000
R03-01034,17020000,40000
R03-01035,31720000,60000
R03-01036,28510000,60000
R03-01037,11540000,40000
R03-01038,14710000,40000
R03-01039,25620000,60000
R03-01040,42730000,150000
R03-01041,42610000,150000
R03-01042,72090000,300000
R03-01043,36980000,150000
R03-01044,24910000,60000
R03-01045,51180000,150000
R03-01046,113750000,300000
R03-01047,23450000,60000
R03-01048,24260000,60000
R03-01049,81850000,300000
R03-01050,7730000,20000
R03-01051,50920000,150000
R03-01052,28900000,60000
R03-01053,1000000,0
R03-01054,15180000,40000
R03-01055,16890000,40000
R03-01056,35780000,150000
R03-01057,31000000,60000
R03-01058,13030000,40000
R03-01059,5240000,20000
R03-01060,39490000,150000
R03-01061,77350000,300000
R03-01062,24550000,60000
R03-01063,1210000,0
R03-01064,35340000,150000
R03-01065,44770000,150000
R03-01066,64970000,150000
R03-01067,950000,0
R03-01068,60520000,150000
R03-01069,12010000,40000
R03-01070,21870000,60000
R03-01071,107360000,300000
R03-01072,64500000,150000
R03-01073,53820000,150000
R03-01074,23220000,60000
R03-01075,122420000,300000
R03-01076,42910000,150000
R03-01077,83360000,300000
R03-01078,37080000,150000
R03-01079,101780000,300000
R03-01080,1840000,0
R03-01081,55590000,150000
R03-01082,64950000,150000
R03-01083,45180000,150000
R03-01084,43840000,150000
R03-01085,58230000,150000
R03-01086,26030000,60000
R03-01087,510000,0
R03-01088,122110000,300000
R03-01089,1510000,0
R03-01090,36740000,150000
R03-01091,1860000,0
R03-01092,13600000,40000
R03-01093,34200000,150000
R03-01094,91980000,300000
R03-01095,123830000,300000
R03-01096,25310000,60000
R03-01097,25560000,60000
R03-01098,93070000,300000
R03-01099,174320000,600000
R03-01100,25020000,60000
R03-01101,73010000,300000
R03-01102,123300000,300000
R03-01103,12260000,40000
R03-01104,55440000,150000
R03-01105,103520000,300000
R03-01106,4260000,0
R03-01107,14210000,40000
R03-01108,33250000,60000
R03-01109,46320000,150000
R03-01110,64820000,150000
R03-01111,12080000,40000
R03-01112,22640000,60000
R03-01113,4140000,0
R03-01114,34210000,150000
R03-01115,65850000,150000
R03-01116,21350000,60000
R03-01117,41520000,150000
R03-01118,31340000,60000
R03-01119,45550000,150000
R03-01120,53140000,150000
R03-01121,2040000,0
R03-01122,23250000,60000
R03-01123,16930000,40000
R03-01124,37040000,150000
R03-01125,123150000,300000
R03-01126,141740000,600000
R03-01127,21520000,60000
R03-01128,35390000,150000
R03-01129,3310000,0
R03-01130,30940000,60000
R03-01131,45200000,150000
R03-01132,47530000,150000
R03-01133,16760000,40000
R03-01134,10970000,40000
R03-01135,84090000,300000
R03-01136,43470000,150000
R03-01137,31990000,60000
R03-01138,2900000,0
R03-01139,11530000,40000
R03-01140,76550000,300000
R03-01141,15620000,40000
R03-01142,11680000,40000
R03-01143,141760000,600000
R03-01144,48330000,150000
R03-01145,61940000,150000
R03-01146,62410000,150000
R03-01147,43030000,150000
R03-01148,13700000,40000
R03-01149,88400000,300000
R03-01150,1380000,0
R03-01151,22150000,60000
R03-01152,5980000,20000
R03-01153,51410000,150000
R03-01154,35310000,150000
R03-01155,4140000,0
R03-01156,63740000,150000
R03-01157,31800000,60000
R03-01158,31910000,60000
R03-01159,97250000,300000
R03-01160,13380000,40000
R03-01161,126710000,300000
R03-01162,25650000,60000
R03-01163,87400000,300000
R03-01164,4430000,0
R03-01165,53410000,150000
R03-01166,26230000,60000
R03-01167,82660000,300000
R03-01168,62460000,150000
R03-01169,7610000,20000
R03-01170,35500000,150000
R03-01171,92380000,300000
R03-01172,8210000,20000
R03-01173,51970000,150000
R03-01174,65060000,150000
R03-01175,42300000,150000
R03-01176,42050000,150000
R03-01177,80080000,300000
R03-01178,16800000,40000
R03-01179,13510000,40000
R03-01180,55990000,150000
R03-01181,84730000,300000
R03-01182,63200000,150000
R03-01183,86290000,300000
R03-01184,32290000,60000
R03-01185,45300000,150000
R03-01186,4130000,0
R03-01187,77120000,300000
R03-01188,84780000,300000
R03-01189,66780000,300000
R03-01190,15840000,40000
R03-01191,13090000,40000
R03-01192,125860000,300000
R03-01193,51060000,150000
R03-01194,87460000,300000
R03-01195,98090000,300000
R03-01196,51760000,150000
R03-01197,23700000,60000
R03-01198,48850000,150000
R03-01199,12180000,40000
R03-01200,24700000,60000
R03-01201,22550000,60000
R03-01202,43780000,150000
R03-01203,32210000,60000
R03-01204,4800000,0
R03-01205,102440000,300000
R03-01206,1980000,0
R03-01207,72320000,300000
R03-01208,36420000,150000
R03-01209,34000000,150000
R03-01210,34050000,150000
R03-01211,54490000,150000
R03-01212,5970000,20000
R03-01213,13860000,40000
R03-01214,92910000,300000
R03-01215,61100000,150000
R03-01216,64230000,150000
R03-01217,38920000,150000
R03-01218,11040000,40000
R03-01219,62680000,150000
R03-01220,3640000,0
R03-01221,62870000,150000
R03-01222,23230000,60000
R03-01223,65940000,150000
R03-01224,57060000,150000
R03-01225,52840000,150000
R03-01226,43800000,150000
R03-01227,17720000,40000
R03-01228,18180000,40000
R03-01229,151950000,600000
R03-01230,14110000,40000
R03-01231,41470000,150000
R03-01232,2510000,0
R03-01233,30370000,60000
R03-01234,62280000,150000
R03-01235,61980000,150000
R03-01236,36220000,150000
R03-01237,52510000,150000
R03-01238,92540000,300000
R03-01239,31540000,60000
R03-01240,25020000,60000
R03-01241,5580000,20000
R03-01242,31400000,60000
R03-01243,92010000,300000
R03-01244,43640000,150000
R03-01245,18540000,40000
R03-01246,43370000,150000
R03-01247,86160000,300000
R03-01248,26730000,60000
R03-01249,2020000,0
R03-01250,80760000,300000
R03-01251,21240000,60000
R03-01252,85750000,300000
R03-01253,24820000,60000
R03-01254,52750000,150000
R03-01255,61170000,150000
R03-01256,33340000,150000
R03-01257,12890000,40000
R03-01258,47200000,150000
R03-01259,155460000,600000
R03-01260,15360000,40000
R03-01261,218760000,1000000
R03-01262,26210000,60000
R03-01263,52610000,150000
R03-01264,33960000,150000
R03-01265,55530000,150000
R03-01266,30770000,60000
R03-01267,14360000,40000
R03-01268,72270000,300000
R03-01269,136600000,600000
R03-01270,570000,0
R03-01271,14310000,40000
R03-01272,55120000,150000
R03-01273,14940000,40000
R03-01274,61340000,150000
R03-01275,121900000,300000
R03-01276,51730000,150000
R03-01277,46290000,150000
R03-01278,14440000,40000
R03-01279,51520000,150000
R03-01280,53590000,150000
R03-01281,60200000,150000
R03-01282,52720000,150000
R03-01283,31400000,60000
R03-01284,51620000,150000
R03-01285,4550000,0
R03-01286,31870000,60000
R03-01287,42050000,150000
R03-01288,61930000,150000
R03-01289,142150000,600000
R03-01290,22760000,60000
R03-01291,33150000,60000
R03-01292,56230000,150000
R03-01293,13990000,40000
R03-01294,20880000,60000
R03-01295,950000,0
R03-01296,11150000,40000
R03-01297,25790000,60000
R03-01298,16570000,40000
R03-01299,52790000,150000
R03-01300,4020000,0
R03-01301,42110000,150000
R03-01302,2780000,0
R03-01303,1820000,0
R03-01304,60660000,150000
R03-01305,51830000,150000
R03-01306,112200000,300000
R03-01307,54280000,150000
R03-01308,72100000,300000
R03-01309,63470000,150000
R03-01310,34820000,150000
R03-01311,65710000,150000
R03-01312,7810000,20000
R03-01313,1920000,0
R03-01314,55270000,150000
R03-01315,104550000,300000
R03-01316,115870000,300000
R03-01317,55330000,150000
R03-01318,66930000,300000
R03-01319,61810000,150000
R03-01320,25690000,60000
R03-01321,74580000,300000
R03-01322,56500000,150000
R03-01323,6750000,20000
R03-01324,16460000,40000
R03-01325,44960000,150000
R03-01326,64590000,150000
R03-01327,21780000,60000
R03-01328,32820000,60000
R03-01329,84640000,300000
R03-01330,74390000,300000
R03-01331,51280000,150000
R03-01332,4610000,0
R03-01333,83190000,300000
R03-01334,21660000,60000
R03-01335,62030000,150000
R03-01336,66550000,150000
R03-01337,92160000,300000
R03-01338,27350000,60000
R03-01339,24890000,60000
R03-01340,58440000,150000
R03-01341,52030000,150000
R03-01342,101900000,300000
R03-01343,42520000,150000
R03-01344,51660000,150000
R03-01345,52800000,150000
R03-01346,63970000,150000
R03-01347,41730000,150000
R03-01348,2130000,0
R03-01349,13420000,40000
R03-01350,44040000,150000
R03-01351,111620000,300000
R03-01352,94090000,300000
R03-01353,132890000,300000
R03-01354,48870000,150000
R03-01355,93440000,300000
R03-01356,24470000,60000
R03-01357,88710000,300000
R03-01358,21910000,60000
R03-01359,23210000,60000
R03-01360,81900000,300000
R03-01361,930000,0
R03-01362,82540000,300000
R03-01363,73050000,300000
R03-01364,3660000,0
R03-01365,4290000,0
R03-01366,110450000,300000
R03-01367,28740000,60000
R03-01368,82920000,300000
R03-01369,15430000,40000
R03-01370,1550000,0
R03-01371,35300000,150000
R03-01372,62660000,150000
R03-01373,15370000,40000
R03-01374,11950000,40000
R03-01375,14390000,40000
R03-01376,45610000,150000
R03-01377,13330000,40000
R03-01378,21310000,60000
R03-01379,5050000,20000
R03-01380,12780000,40000
R03-01381,133230000,300000
R03-01382,76250000,300000
R03-01383,20150000,60000
R03-01384,75540000,300000
R03-01385,57590000,150000
R03-01386,12200000,40000
R03-01387,65690000,150000
R03-01388,11610000,40000
R03-01389,103480000,300000
R03-01390,25700000,60000
R03-01391,13250000,40000
R03-01392,88640000,300000
R03-01393,45140000,150000
R03-01394,11990000,40000
R03-01395,82430000,300000
R03-01396,73480000,300000
R03-01397,75450000,300000
R03-01398,102730000,300000
R03-01399,14200000,40000
R03-01400,102260000,300000
R03-01401,7150000,20000
R03-01402,54860000,150000
R03-01403,1910000,0
R03-01404,94630000,300000
R03-01405,63960000,150000
R03-01406,26850000,60000
R03-01407,123700000,300000
R03-01408,17070000,40000
R03-01409,97940000,300000
R03-01410,51830000,150000
R03-01411,25800000,60000
R03-01412,88900000,300000
R03-01413,32830000,60000
R03-01414,25380000,60000
R03-01415,80580000,300000
R03-01416,710000,0
R03-01417,54840000,150000
R03-01418,84330000,300000
R03-01419,5910000,20000
R03-01420,12120000,40000
R03-01421,55130000,150000
R03-01422,214360000,1000000
R03-01423,62100000,150000
R03-01424,61610000,150000
R03-01425,63500000,150000
R03-01426,41440000,150000
R03-01427,93050000,300000
R03-01428,65580000,150000
R03-01429,6270000,20000
R03-01430,11460000,40000
R03-01431,18720000,40000
R03-01432,9540000,20000
R03-01433,30580000,60000
R03-01434,33160000,60000
R03-01435,2230000,0
R03-01436,36210000,150000
R03-01437,17480000,40000
R03-01438,154500000,600000
R03-01439,30610000,60000
R03-01440,65350000,150000
R03-01441,74900000,300000
R03-01442,6430000,20000
R03-01443,11690000,40000
R03-01444,23190000,60000
R03-01445,11460000,40000
R03-01446,11860000,40000
R03-01447,106180000,300000
R03-01448,6120000,20000
R03-01449,45770000,150000
R03-01450,1410000,0
R03-01451,91900000,300000
R03-01452,53740000,150000
R03-01453,33010000,60000
R03-01454,94260000,300000
R03-01455,86150000,300000
R03-01456,1890000,0
R03-01457,2390000,0
R03-01458,53220000,150000
R03-01459,26450000,60000
R03-01460,2000000,0
R03-01461,15210000,40000
R03-01462,108230000,300000
R03-01463,74510000,300000
R03-01464,95390000,300000
R03-01465,22710000,60000
R03-01466,32470000,60000
R03-01467,1340000,0
R03-01468,61840000,150000
R03-01469,115640000,300000
R03-01470,36360000,150000
R03-01471,140490000,600000
R03-01472,43020000,150000
R03-01473,2930000,0
R03-01474,32400000,60000
R03-01475,50670000,150000
R03-01476,90690000,300000
R03-01477,11060000,40000
R03-01478,46140000,150000
R03-01479,35200000,150000
R03-01480,4230000,0
R03-01481,31110000,60000
R03-01482,25240000,60000
R03-01483,52940000,150000
R03-01484,27650000,60000
R03-01485,31740000,60000
R03-01486,13510000,40000
R03-01487,56290000,150000
R03-01488,61050000,150000
R03-01489,53690000,150000
R03-01490,64030000,150000
R03-01491,14070000,40000
R03-01492,38300000,150000
R03-01493,52180000,150000
R03-01494,26570000,60000
R03-01495,3130000,0
R03-01496,101660000,300000
R03-01497,91580000,300000
R03-01498,10620000,40000
R03-01499,40540000,150000
R03-01500,13030000,40000
R03-01501,43250000,150000
R03-01502,50550000,150000
R03-01503,44920000,150000
R03-01504,22970000,60000
R03-01505,66110000,150000
R03-01506,121470000,300000
R03-01507,7050000,20000
R03-01508,1720000,0
R03-01509,11180000,40000
R03-01510,33780000,150000
R03-01511,14420000,40000
R03-01512,52800000,150000
R03-01513,82040000,300000
R03-01514,1580000,0
R03-01515,22380000,60000
R03-01516,61890000,150000
R03-01517,30830000,60000
R03-01518,14690000,40000
R03-01519,98030000,300000
R03-01520,122560000,300000
R03-01521,31540000,60000
R03-01522,43460000,150000
R03-01523,4030000,0
R03-01524,95790000,300000
R03-01525,51810000,150000
R03-01526,1910000,0
R03-01527,52610000,150000
R03-01528,52710000,150000
R03-01529,42810000,150000
R03-01530,56240000,150000
R03-01531,19030000,40000
R03-01532,20980000,60000
R03-01533,63840000,150000
R03-01534,152440000,600000
R03-01535,115550000,300000
R03-01536,54780000,150000
R03-01537,2110000,0
R03-01538,32130000,60000
R03-01539,32230000,60000
R03-01540,83930000,300000
R03-01541,45640000,150000
R03-01542,83120000,300000
R03-01543,12390000,40000
R03-01544,78470000,300000
R03-01545,2230000,0
R03-01546,103750000,300000
R03-01547,65540000,150000
R03-01548,12490000,40000
R03-01549,7920000,20000
R03-01550,44820000,150000
R03-01551,51800000,150000
R03-01552,23770000,60000
R03-01553,67160000,300000
R03-01554,158530000,600000
R03-01555,34120000,150000
R03-01556,16240000,40000
R03-01557,4780000,0
R03-01558,137530000,600000
R03-01559,73430000,300000
R03-01560,1730000,0
R03-01561,40860000,150000
R03-01562,25810000,60000
R03-01563,16800000,40000
R03-01564,25810000,60000
R03-01565,81400000,300000
R03-01566,41440000,150000
R03-01567,75940000,300000
R03-01568,27700000,60000
R03-01569,7390000,20000
R03-01570,23600000,60000
R03-01571,108940000,300000
R03-01572,49500000,150000
R03-01573,47380000,150000
R03-01574,33390000,150000
R03-01575,57200000,150000
R03-01576,4590000,0
R03-01577,12470000,40000
R03-01578,16820000,40000
R03-01579,56610000,150000
R03-01580,102610000,300000
R03-01581,13900000,40000
R03-01582,42840000,150000
R03-01583,35850000,150000
R03-01584,142200000,600000
R03-01585,114400000,300000
R03-01586,34080000,150000
R03-01587,15210000,40000
R03-01588,23060000,60000
R03-01589,42080000,150000
R03-01590,12440000,40000
R03-01591,85310000,300000
R03-01592,16280000,40000
R03-01593,4580000,0
R03-01594,62950000,150000
R03-01595,83160000,300000
R03-01596,66830000,300000
R03-01597,22730000,60000
R03-01598,48260000,150000
R03-01599,41960000,150000
R03-01600,35490000,150000
R03-01601,54940000,150000
R03-01602,73510000,300000
R03-01603,52550000,150000
R03-01604,95690000,300000
R03-01605,36020000,150000
R03-01606,22430000,60000
R03-01607,73040000,300000
R03-01608,22790000,60000
R03-01609,1320000,0
R03-01610,15230000,40000
R03-01611,60410000,150000
R03-01612,34030000,150000
R03-01613,18520000,40000
R03-01614,134670000,600000
R03-01615,1000000,0
R03-01616,55690000,150000
R03-01617,14720000,40000
R03-01618,121250000,300000
R03-01619,77680000,300000
R03-01620,74930000,300000
R03-01621,43990000,150000
R03-01622,23330000,60000
R03-01623,32600000,60000
R03-01624,87180000,300000
R03-01625,6420000,20000
R03-01626,17460000,40000
R03-01627,24470000,60000
R03-01628,22110000,60000
R03-01629,54180000,150000
R03-01630,101620000,300000
R03-01631,173960000,600000
R03-01632,35970000,150000
R03-01633,12410000,40000
R03-01634,51970000,150000
R03-01635,22030000,60000
R03-01636,64730000,150000
R03-01637,15170000,40000
R03-01638,102990000,300000
R03-01639,23950000,60000
R03-01640,36640000,150000
R03-01641,72550000,300000
R03-01642,14320000,40000
R03-01643,45820000,150000
R03-01644,54880000,150000
R03-01645,44700000,150000
R03-01646,64880000,150000
R03-01647,28470000,60000
R03-01648,4260000,0
R03-01649,10420000,40000
R03-01650,27880000,60000
R03-01651,3190000,0
R03-01652,75410000,300000
R03-01653,24340000,60000
R03-01654,61630000,150000
R03-01655,3430000,0
R03-01656,1640000,0
R03-01657,17240000,40000
R03-01658,64480000,150000
R03-01659,34820000,150000
R03-01660,3300000,0
R03-01661,42280000,150000
R03-01662,31990000,60000
R03-01663,52060000,150000
R03-01664,52400000,150000
R03-01665,36950000,150000
R03-01666,25210000,60000
R03-01667,23080000,60000
R03-01668,38690000,150000
R03-01669,44350000,150000
R03-01670,19020000,40000
R03-01671,32410000,60000
R03-01672,33200000,60000
R03-01673,11900000,40000
R03-01674,23640000,60000
R03-01675,73340000,300000
R03-01676,26750000,60000
R03-01677,10990000,40000
R03-01678,5040000,20000
R03-01679,47450000,150000
R03-01680,1380000,0
R03-01681,44920000,150000
R03-01682,62210000,150000
R03-01683,15280000,40000
R03-01684,67080000,300000
R03-01685,13370000,40000
R03-01686,140840000,600000
R03-01687,41560000,150000
R03-01688,25620000,60000
R03-01689,107070000,300000
R03-01690,14010000,40000
R03-01691,66340000,150000
R03-01692,3420000,0
R03-01693,41430000,150000
R03-01694,14900000,40000
R03-01695,57660000,150000
R03-01696,4380000,0
R03-01697,132610000,300000
R03-01698,44020000,150000
R03-01699,4770000,0
R03-01700,44310000,150000
R03-01701,52500000,150000
R03-01702,42430000,150000
R03-01703,16160000,40000
R03-01704,68030000,300000
R03-01705,94200000,300000
R03-01706,25310000,60000
R03-01707,29230000,60000
R03-01708,27650000,60000
R03-01709,3720000,0
R03-01710,11230000,40000
R03-01711,45560000,150000
R03-01712,63150000,150000
R03-01713,104870000,300000
R03-01714,92340000,300000
R03-01715,65950000,150000
R03-01716,1240000,0
R03-01717,58260000,150000
R03-01718,85880000,300000
R03-01719,41830000,150000
R03-01720,43840000,150000
R03-01721,27770000,60000
R03-01722,12320000,40000
R03-01723,82000000,300000
R03-01724,55390000,150000
R03-01725,33940000,150000
R03-01726,43740000,150000
R03-01727,44980000,150000
R03-01728,67880000,300000
R03-01729,12480000,40000
R03-01730,32860000,60000
R03-01731,36710000,150000
R03-01732,82500000,300000
R03-01733,23420000,60000
R03-01734,87330000,300000
R03-01735,85770000,300000
R03-01736,6560000,20000
R03-01737,33150000,60000
R03-01738,143450000,600000
R03-01739,21420000,60000
R03-01740,23410000,60000
R03-01741,12590000,40000
R03-01742,44770000,150000
R03-01743,50810000,150000
R03-01744,4330000,0
R03-01745,45770000,150000
R03-01746,3800000,0
R03-01747,42490000,150000
R03-01748,64330000,150000
R03-01749,94900000,300000
R03-01750,23640000,60000
R03-01751,86750000,300000
R03-01752,65400000,150000
R03-01753,95170000,300000
R03-01754,46230000,150000
R03-01755,124610000,300000
R03-01756,12160000,40000
R03-01757,14280000,40000
R03-01758,81950000,300000
R03-01759,3300000,0
R03-01760,31170000,60000
R03-01761,15290000,40000
R03-01762,83340000,300000
R03-01763,56380000,150000
R03-01764,52900000,150000
R03-01765,102960000,300000
R03-01766,50870000,150000
R03-01767,35780000,150000
R03-01768,106980000,300000
R03-01769,17170000,40000
R03-01770,13160000,40000
R03-01771,18830000,40000
R03-01772,62590000,150000
R03-01773,44550000,150000
R03-01774,78100000,300000
R03-01775,105020000,300000
R03-01776,94590000,300000
R03-01777,92150000,300000
R03-01778,72350000,300000
R03-01779,64730000,150000
R03-01780,62690000,150000
R03-01781,71910000,300000
R03-01782,76160000,300000
R03-01783,63410000,150000
R03-01784,3900000,0
R03-01785,111510000,300000
R03-01786,43300000,150000
R03-01787,101630000,300000
R03-01788,3820000,0
R03-01789,76210000,300000
R03-01790,3230000,0
R03-01791,2870000,0
R03-01792,12690000,40000
R03-01793,35520000,150000
R03-01794,35960000,150000
R03-01795,6660000,20000
R03-01796,62740000,150000
R03-01797,62130000,150000
R03-01798,4270000,0
R03-01799,95570000,300000
R03-01800,147800000,600000
R03-01801,3180000,0
R03-01802,73700000,300000
R03-01803,32940000,60000
R03-01804,107740000,300000
R03-01805,41690000,150000
R03-01806,66570000,150000
R03-01807,81250000,300000
R03-01808,53720000,150000
R03-01809,34990000,150000
R03-01810,31900000,60000
R03-01811,2400000,0
R03-01812,12140000,40000
R03-01813,4360000,0
R03-01814,12800000,40000
R03-01815,72720000,300000
R03-01816,91550000,300000
R03-01817,49170000,150000
R03-01818,41690000,150000
R03-01819,22490000,60000
R03-01820,65930000,150000
R03-01821,2230000,0
R03-01822,24720000,60000
R03-01823,91040000,300000
R03-01824,73760000,300000
R03-01825,23130000,60000
R03-01826,38640000,150000
R03-01827,43890000,150000
R03-01828,12960000,40000
R03-01829,18680000,40000
R03-01830,50920000,150000
R03-01831,14270000,40000
R03-01832,17200000,40000
R03-01833,87330000,300000
R03-01834,58580000,150000
R03-01835,44260000,150000
R03-01836,34420000,150000
R03-01837,24880000,60000
R03-01838,1710000,0
R03-01839,5700000,20000
R03-01840,42430000,150000
R03-01841,41670000,150000
R03-01842,74740000,300000
R03-01843,65280000,150000
R03-01844,47750000,150000
R03-01845,18100000,40000
R03-01846,44450000,150000
R03-01847,73860000,300000
R03-01848,23830000,60000
R03-01849,11570000,40000
R03-01850,57510000,150000
R03-01851,84350000,300000
R03-01852,74890000,300000
R03-01853,33470000,150000
R03-01854,6340000,20000
R03-01855,3890000,0
R03-01856,25000000,60000
R03-01857,18900000,40000
R03-01858,116950000,300000
R03-01859,3690000,0
R03-01860,58240000,150000
R03-01861,35610000,150000
R03-01862,10720000,40000
R03-01863,2980000,0
R03-01864,17090000,40000
R03-01865,64650000,150000
R03-01866,53660000,150000
R03-01867,97250000,300000
R03-01868,81830000,300000
R03-01869,133060000,300000
R03-01870,4030000,0
R03-01871,11950000,40000
R03-01872,79100000,300000
R03-01873,32680000,60000
R03-01874,33260000,60000
R03-01875,1130000,0
R03-01876,65990000,150000
R03-01877,62130000,150000
R03-01878,47730000,150000
R03-01879,2470000,0
R03-01880,77340000,300000
R03-01881,24730000,60000
R03-01882,91500000,300000
R03-01883,56600000,150000
R03-01884,34340000,150000
R03-01885,5540000,20000
R03-01886,33740000,150000
R03-01887,26660000,60000
R03-01888,41690000,150000
R03-01889,22600000,60000
R03-01890,20560000,60000
R03-01891,72230000,300000
R03-01892,13370000,40000
R03-01893,101790000,300000
R03-01894,92040000,300000
R03-01895,22750000,60000
R03-01896,52450000,150000
R03-01897,36900000,150000
R03-01898,57590000,150000
R03-01899,36950000,150000
R03-01900,16400000,40000
R03-01901,15070000,40000
R03-01902,66650000,150000
R03-01903,4240000,0
R03-01904,41290000,150000
R03-01905,63860000,150000
R03-01906,34610000,150000
R03-01907,3940000,0
R03-01908,26170000,60000
R03-01909,82960000,300000
R03-01910,64480000,150000
R03-01911,81870000,300000
R03-01912,22540000,60000
R03-01913,75210000,300000
R03-01914,103600000,300000
R03-01915,80640000,300000
R03-01916,21760000,60000
R03-01917,90480000,300000
R03-01918,17630000,40000
R03-01919,24620000,60000
R03-01920,1450000,0
R03-01921,51370000,150000
R03-01922,114380000,300000
R03-01923,15390000,40000
R03-01924,82250000,300000
R03-01925,12490000,40000
R03-01926,20160000,60000
R03-01927,41350000,150000
R03-01928,92640000,300000
R03-01929,25170000,60000
R03-01930,12180000,40000
R03-01931,81400000,300000
R03-01932,1670000,0
R03-01933,32130000,60000
R03-01934,113880000,300000
R03-01935,94460000,300000
R03-01936,45900000,150000
R03-01937,52310000,150000
R03-01938,17080000,40000
R03-01939,24860000,60000
R03-01940,39800000,150000
R03-01941,33790000,150000
R03-01942,2000000,0
R03-01943,64640000,150000
R03-01944,53800000,150000
R03-01945,5430000,20000
R03-01946,95320000,300000
R03-01947,5030000,20000
R03-01948,83180000,300000
R03-01949,53040000,150000
R03-01950,71820000,300000
R03-01951,82680000,300000
R03-01952,33030000,60000
R03-01953,47960000,150000
R03-01954,52530000,150000
R03-01955,74440000,300000
R03-01956,74270000,300000
R03-01957,68200000,300000
R03-01958,83000000,300000
R03-01959,11370000,40000
R03-01960,4270000,0
R03-01961,143010000,600000
R03-01962,97930000,300000
R03-01963,14510000,40000
R03-01964,94500000,300000
R03-01965,69240000,300000
R03-01966,27260000,60000
R03-01967,14740000,40000
R03-01968,63760000,150000
R03-01969,171360000,600000
R03-01970,97490000,300000
R03-01971,22440000,60000
R03-01972,128240000,300000
R03-01973,85610000,300000
R03-01974,13440000,40000
R03-01975,1810000,0
R03-01976,27080000,60000
R03-01977,25210000,60000
R03-01978,10210000,40000
R03-01979,14380000,40000
R03-01980,2430000,0
R03-01981,46220000,150000
R03-01982,98600000,300000
R03-01983,23020000,60000
R03-01984,112180000,300000
R03-01985,20130000,60000
R03-01986,71510000,300000
R03-01987,13200000,40000
R03-01988,93190000,300000
R03-01989,2300000,0
R03-01990,36580000,150000
R03-01991,56010000,150000
R03-01992,101110000,300000
R03-01993,4840000,0
R03-01994,24170000,60000
R03-01995,4230000,0
R03-01996,23180000,60000
R03-01997,34700000,150000
R03-01998,41520000,150000
R03-01999,102960000,300000
R03-02000,8470000,20000
R03-02001,51030000,150000
R03-02002,42110000,150000
R03-02003,51840000,150000
R03-02004,74570000,300000
R03-02005,79470000,300000
R03-02006,26850000,60000
R03-02007,32980000,60000
R03-02008,55340000,150000
R03-02009,82080000,300000
R03-02010,1470000,0
R03-02011,83320000,300000
R03-02012,1210000,0
R03-02013,5660000,20000
R03-02014,16590000,40000
R03-02015,35840000,150000
R03-02016,96000000,300000
R03-02017,4490000,0
R03-02018,95020000,300000
R03-02019,16250000,40000
R03-02020,58160000,150000
R03-02021,62960000,150000
R03-02022,74400000,300000
R03-02023,63110000,150000
R03-02024,3460000,0
R03-02025,33030000,60000
R03-02026,74480000,300000
R03-02027,7010000,20000
R03-02028,57970000,150000
R03-02029,5140000,20000
R03-02030,51880000,150000
R03-02031,136590000,600000
R03-02032,81320000,300000
R03-02033,54770000,150000
R03-02034,57440000,150000
R03-02035,20690000,60000
R03-02036,66040000,150000
R03-02037,33050000,60000
R03-02038,94250000,300000
R03-02039,83810000,300000
R03-02040,12280000,40000
R03-02041,52290000,150000
R03-02042,86480000,300000
R03-02043,15640000,40000
R03-02044,83060000,300000
R03-02045,41430000,150000
R03-02046,53760000,150000
R03-02047,34760000,150000
R03-02048,45070000,150000
R03-02049,60700000,150000
R03-02050,71110000,300000
R03-02051,21180000,60000
R03-02052,31940000,60000
R03-02053,54240000,150000
R03-02054,62040000,150000
R03-02055,45230000,150000
R03-02056,31600000,60000
R03-02057,590000,0
R03-02058,45910000,150000
R03-02059,91520000,300000
R03-02060,41300000,150000
R03-02061,26060000,60000
R03-02062,51380000,150000
R03-02063,85490000,300000
R03-02064,32810000,60000
R03-02065,4360000,0
R03-02066,71520000,300000
R03-02067,6350000,20000
R03-02068,22290000,60000
R03-02069,34830000,150000
R03-02070,11890000,40000
R03-02071,15340000,40000
R03-02072,45250000,150000
R03-02073,12320000,40000
R03-02074,34690000,150000
R03-02075,29170000,60000
R03-02076,2330000,0
R03-02077,115200000,300000
R03-02078,6740000,20000
R03-02079,86800000,300000
R03-02080,4490000,0
R03-02081,17020000,40000
R03-02082,113990000,300000
R03-02083,50700000,150000
R03-02084,132640000,300000
R03-02085,63090000,150000
R03-02086,50210000,150000
R03-02087,23210000,60000
R03-02088,104710000,300000
R03-02089,47130000,150000
R03-02090,7090000,20000
R03-02091,39800000,150000
R03-02092,82770000,300000
R03-02093,27620000,60000
R03-02094,48460000,150000
R03-02095,12900000,40000
R03-02096,66020000,150000
R03-02097,22420000,60000
R03-02098,84720000,300000
R03-02099,41710000,150000
R03-02100,62640000,150000
R03-02101,45920000,150000
R03-02102,93460000,300000
R03-02103,24840000,60000
R03-02104,52370000,150000
R03-02105,22030000,60000
R03-02106,107800000,300000
R03-02107,45520000,150000
R03-02108,89080000,300000
R03-02109,74050000,300000
R03-02110,71570000,300000
R03-02111,94250000,300000
R03-02112,71380000,300000
R03-02113,42980000,150000
R03-02114,21830000,60000
R03-02115,13360000,40000
R03-02116,52680000,150000
R03-02117,74870000,300000
R03-02118,61390000,150000
R03-02119,21580000,60000
R03-02120,11630000,40000
R03-02121,24880000,60000
R03-02122,32710000,60000
R03-02123,133680000,600000
R03-02124,23710000,60000
R03-02125,15920000,40000
R03-02126,50880000,150000
R03-02127,100910000,300000
R03-02128,116290000,300000
R03-02129,22190000,60000
R03-02130,57660000,150000
R03-02131,3490000,0
R03-02132,24940000,60000
R03-02133,68690000,300000
R03-02134,36490000,150000
R03-02135,21050000,60000
R03-02136,3480000,0
R03-02137,61300000,150000
R03-02138,42230000,150000
R03-02139,61980000,150000
R03-02140,41910000,150000
R03-02141,16980000,40000
R03-02142,15690000,40000
R03-02143,32510000,60000
R03-02144,104680000,300000
R03-02145,16120000,40000
R03-02146,45260000,150000
R03-02147,12350000,40000
R03-02148,5630000,20000
R03-02149,71290000,300000
R03-02150,27020000,60000
R03-02151,22030000,60000
R03-02152,104070000,300000
R03-02153,34980000,150000
R03-02154,14360000,40000
R03-02155,63390000,150000
R03-02156,58420000,150000
R03-02157,20990000,60000
R03-02158,98130000,300000
R03-02159,12930000,40000
R03-02160,32340000,60000
R03-02161,85750000,300000
R03-02162,13840000,40000
R03-02163,42040000,150000
R03-02164,43020000,150000
R03-02165,84050000,300000
R03-02166,32970000,60000
R03-02167,800000,0
R03-02168,94750000,300000
R03-02169,42920000,150000
R03-02170,14780000,40000
R03-02171,55670000,150000
R03-02172,11160000,40000
R03-02173,88930000,300000
R03-02174,83440000,300000
R03-02175,66700000,300000
R03-02176,4230000,0
R03-02177,41920000,150000
R03-02178,51330000,150000
R03-02179,21520000,60000
R03-02180,62290000,150000
R03-02181,105130000,300000
R03-02182,5860000,20000
R03-02183,114510000,300000
R03-02184,72720000,300000
R03-02185,228440000,1000000
R03-02186,2030000,0
R03-02187,51180000,150000
R03-02188,24160000,60000
R03-02189,45140000,150000
R03-02190,28680000,60000
R03-02191,15780000,40000
R03-02192,153840000,600000
R03-02193,1020000,0
R03-02194,1600000,0
R03-02195,4030000,0
R03-02196,54290000,150000
R03-02197,21710000,60000
R03-02198,24410000,60000
R03-02199,58690000,150000
R03-02200,25110000,60000
R03-02201,63900000,150000
R03-02202,57730000,150000
R03-02203,30550000,60000
R03-02204,76910000,300000
R03-02205,22070000,60000
R03-02206,84460000,300000
R03-02207,40850000,150000
R03-02208,13080000,40000
R03-02209,56360000,150000
R03-02210,41120000,150000
R03-02211,23790000,60000
R03-02212,93860000,300000
R03-02213,40990000,150000
R03-02214,7600000,20000
R03-02215,65800000,150000
R03-02216,2930000,0
R03-02217,13350000,40000
R03-02218,51940000,150000
R03-02219,27040000,60000
R03-02220,83860000,300000
R03-02221,1990000,0
R03-02222,62330000,150000
R03-02223,4140000,0
R03-02224,1630000,0
R03-02225,61120000,150000
R03-02226,56190000,150000
R03-02227,72390000,300000
R03-02228,3220000,0
R03-02229,12350000,40000
R03-02230,12150000,40000
R03-02231,33830000,150000
R03-02232,8600000,20000
R03-02233,13900000,40000
R03-02234,35550000,150000
R03-02235,61080000,150000
R03-02236,73770000,300000
R03-02237,54040000,150000
R03-02238,43790000,150000
R03-02239,61640000,150000
R03-02240,33920000,150000
R03-02241,3260000,0
R03-02242,32880000,60000
R03-02243,131940000,300000
R03-02244,57530000,150000
R03-02245,4170000,0
R03-02246,62860000,150000
R03-02247,101640000,300000
R03-02248,113840000,300000
R03-02249,72380000,300000
R03-02250,40710000,150000
R03-02251,33280000,60000
R03-02252,20530000,60000
R03-02253,68030000,300000
R03-02254,68360000,300000
R03-02255,63090000,150000
R03-02256,62430000,150000
R03-02257,52370000,150000
R03-02258,55270000,150000
R03-02259,37990000,150000
R03-02260,56830000,150000
R03-02261,14460000,40000
R03-02262,5840000,20000
R03-02263,24030000,60000
R03-02264,38300000,150000
R03-02265,73770000,300000
R03-02266,52950000,150000
R03-02267,64400000,150000
R03-02268,102200000,300000
R03-02269,21810000,60000
R03-02270,410000,0
R03-02271,1300000,0
R03-02272,31420000,60000
R03-02273,60860000,150000
R03-02274,42100000,150000
R03-02275,34360000,150000
R03-02276,6740000,20000
R03-02277,5370000,20000
R03-02278,24280000,60000
R03-02279,770000,0
R03-02280,44570000,150000
R03-02281,65600000,150000
R03-02282,146740000,600000
R03-02283,1460000,0
R03-02284,12780000,40000
R03-02285,86240000,300000
R03-02286,21130000,60000
R03-02287,11910000,40000
R03-02288,42580000,150000
R03-02289,51180000,150000
R03-02290,15650000,40000
R03-02291,48500000,150000
R03-02292,62690000,150000
R03-02293,33940000,150000
R03-02294,45980000,150000
R03-02295,143620000,600000
R03-02296,6460000,20000
R03-02297,5500000,20000
R03-02298,45260000,150000
R03-02299,40920000,150000
R03-02300,14450000,40000
R03-02301,14450000,40000
R03-02302,6610000,20000
R03-02303,92060000,300000
R03-02304,67420000,300000
R03-02305,64390000,150000
R03-02306,32500000,60000
R03-02307,75070000,300000
R03-02308,33280000,60000
R03-02309,55210000,150000
R03-02310,38290000,150000
R03-02311,53360000,150000
R03-02312,15820000,40000
R03-02313,64710000,150000
R03-02314,40960000,150000
R03-02315,46460000,150000
R03-02316,2420000,0
R03-02317,660000,0
R03-02318,64260000,150000
R03-02319,33260000,60000
R03-02320,2360000,0
R03-02321,3280000,0
R03-02322,45390000,150000
R03-02323,141600000,600000
R03-02324,16180000,40000
R03-02325,800000,0
R03-02326,340000,0
R03-02327,21840000,60000
R03-02328,121330000,300000
R03-02329,33000000,60000
R03-02330,220840000,1000000
R03-02331,112080000,300000
R03-02332,100960000,300000
R03-02333,40910000,150000
R03-02334,35630000,150000
R03-02335,32490000,60000
R03-02336,41280000,150000
R03-02337,7390000,20000
R03-02338,91720000,300000
R03-02339,76280000,300000
R03-02340,35460000,150000
R03-02341,104060000,300000
R03-02342,27890000,60000
R03-02343,62040000,150000
R03-02344,12610000,40000
R03-02345,49070000,150000
R03-02346,112520000,300000
R03-02347,10420000,40000
R03-02348,20680000,60000
R03-02349,102410000,300000
R03-02350,32750000,60000
R03-02351,82370000,300000
R03-02352,63100000,150000
R03-02353,21750000,60000
R03-02354,111990000,300000
R03-02355,32180000,60000
R03-02356,88040000,300000
R03-02357,15680000,40000
R03-02358,77210000,300000
R03-02359,31380000,60000
R03-02360,24930000,60000
R03-02361,84180000,300000
R03-02362,51590000,150000
R03-02363,4220000,0
R03-02364,35190000,150000
R03-02365,32620000,60000
R03-02366,11230000,40000
R03-02367,12050000,40000
R03-02368,36670000,150000
R03-02369,98520000,300000
R03-02370,66290000,150000
R03-02371,24320000,60000
R03-02372,105630000,300000
R03-02373,82530000,300000
R03-02374,106800000,300000
R03-02375,64060000,150000
R03-02376,74430000,300000
R03-02377,73400000,300000
R03-02378,46680000,150000
R03-02379,98490000,300000
R03-02380,54870000,150000
R03-02381,45850000,150000
R03-02382,61670000,150000
R03-02383,95380000,300000
R03-02384,48040000,150000
R03-02385,34650000,150000
R03-02386,63010000,150000
R03-02387,4430000,0
R03-02388,14840000,40000
R03-02389,22260000,60000
R03-02390,53190000,150000
R03-02391,132190000,300000
R03-02392,73610000,300000
R03-02393,45540000,150000
R03-02394,88400000,300000
R03-02395,3260000,0
R03-02396,46450000,150000
R03-02397,45650000,150000
R03-02398,4800000,0
R03-02399,14060000,40000
R03-02400,3390000,0
R03-02401,15490000,40000
R03-02402,23990000,60000
R03-02403,133950000,600000
R03-02404,43580000,150000
R03-02405,38730000,150000
R03-02406,61390000,150000
R03-02407,34680000,150000
R03-02408,66090000,150000
R03-02409,42560000,150000
R03-02410,115730000,300000
R03-02411,97770000,300000
R03-02412,41700000,150000
R03-02413,63970000,150000
R03-02414,5630000,20000
R03-02415,31080000,60000
R03-02416,13850000,40000
R03-02417,3850000,0
R03-02418,43380000,150000
R03-02419,97740000,300000
R03-02420,41290000,150000
R03-02421,5060000,20000
R03-02422,103050000,300000
R03-02423,71940000,300000
R03-02424,31640000,60000
R03-02425,73340000,300000
R03-02426,50980000,150000
R03-02427,77720000,300000
R03-02428,41460000,150000
R03-02429,2320000,0
R03-02430,54520000,150000
R03-02431,21300000,60000
R03-02432,13270000,40000
R03-02433,10470000,40000
R03-02434,26730000,60000
R03-02435,42500000,150000
R03-02436,42580000,150000
R03-02437,113680000,300000
R03-02438,132320000,300000
R03-02439,71970000,300000
R03-02440,3640000,0
R03-02441,1620000,0
R03-02442,23560000,60000
R03-02443,81560000,300000
R03-02444,23200000,60000
R03-02445,153430000,600000
R03-02446,14020000,40000
R03-02447,32170000,60000
R03-02448,44270000,150000
R03-02449,84670000,300000
R03-02450,2370000,0
R03-02451,23630000,60000
R03-02452,1280000,0
R03-02453,36320000,150000
R03-02454,25910000,60000
R03-02455,43240000,150000
R03-02456,16640000,40000
R03-02457,5310000,20000
R03-02458,87620000,300000
R03-02459,82180000,300000
R03-02460,128630000,300000
R03-02461,27390000,60000
R03-02462,2290000,0
R03-02463,34470000,150000
R03-02464,29220000,60000
R03-02465,6920000,20000
R03-02466,21480000,60000
R03-02467,32990000,60000
R03-02468,13970000,40000
R03-02469,64620000,150000
R03-02470,25370000,60000
R03-02471,114030000,300000
R03-02472,15950000,40000
R03-02473,1790000,0
R03-02474,95370000,300000
R03-02475,66480000,150000
R03-02476,34190000,150000
R03-02477,43190000,150000
R03-02478,930000,0
R03-02479,84310000,300000
R03-02480,11030000,40000
R03-02481,86720000,300000
R03-02482,18180000,40000
R03-02483,49070000,150000
R03-02484,5600000,20000
R03-02485,12720000,40000
R03-02486,23900000,60000
R03-02487,32680000,60000
R03-02488,22570000,60000
R03-02489,108210000,300000
R03-02490,43250000,150000
R03-02491,87200000,300000
R03-02492,32390000,60000
R03-02493,54520000,150000
R03-02494,41810000,150000
R03-02495,14830000,40000
R03-02496,21310000,60000
R03-02497,24450000,60000
R03-02498,64280000,150000
R03-02499,60930000,150000
R03-02500,12900000,40000
R03-02501,36420000,150000
R03-02502,15940000,40000
R03-02503,10830000,40000
R03-02504,22260000,60000
R03-02505,58200000,150000
R03-02506,35760000,150000
R03-02507,1040000,0
R03-02508,113780000,300000
R03-02509,96320000,300000
R03-02510,1710000,0
R03-02511,45280000,150000
R03-02512,10300000,40000
R03-02513,3960000,0
R03-02514,57820000,150000
R03-02515,71310000,300000
R03-02516,62930000,150000
R03-02517,38380000,150000
R03-02518,107000000,300000
R03-02519,38630000,150000
R03-02520,56710000,150000
R03-02521,81790000,300000
R03-02522,900000,0
R03-02523,100810000,300000
R03-02524,72770000,300000
R03-02525,6760000,20000
R03-02526,1660000,0
R03-02527,53270000,150000
R03-02528,83830000,300000
R03-02529,35750000,150000
R03-02530,153440000,600000
R03-02531,51670000,150000
R03-02532,52700000,150000
R03-02533,34640000,150000
R03-02534,10900000,40000
R03-02535,143560000,600000
R03-02536,48900000,150000
R03-02537,52320000,150000
R03-02538,38320000,150000
R03-02539,23620000,60000
R03-02540,95610000,300000
R03-02541,15700000,40000
R03-02542,74360000,300000
R03-02543,1220000,0
R03-02544,49640000,150000
R03-02545,13240000,40000
R03-02546,42430000,150000
R03-02547,4660000,0
R03-02548,116360000,300000
R03-02549,85460000,300000
R03-02550,15640000,40000
R03-02551,51360000,150000
R03-02552,1830000,0
R03-02553,76200000,300000
R03-02554,91300000,300000
R03-02555,61410000,150000
R03-02556,41030000,150000
R03-02557,75650000,300000
R03-02558,73220000,300000
R03-02559,63130000,150000
R03-02560,51240000,150000
R03-02561,31540000,60000
R03-02562,51830000,150000
R03-02563,44150000,150000
R03-02564,83510000,300000
R03-02565,43230000,150000
R03-02566,82040000,300000
R03-02567,93670000,300000
R03-02568,22030000,60000
R03-02569,32530000,60000
R03-02570,44400000,150000
R03-02571,101510000,300000
R03-02572,15920000,40000
R03-02573,13490000,40000
R03-02574,64250000,150000
R03-02575,2560000,0
R03-02576,69160000,300000
R03-02577,81100000,300000
R03-02578,10990000,40000
R03-02579,52800000,150000
R03-02580,41390000,150000
R03-02581,71460000,300000
R03-02582,32440000,60000
R03-02583,74480000,300000
R03-02584,20480000,60000
R03-02585,10960000,40000
R03-02586,4630000,0
R03-02587,21830000,60000
R03-02588,23690000,60000
R03-02589,21150000,60000
R03-02590,12930000,40000
R03-02591,32900000,60000
R03-02592,4760000,0
R03-02593,59340000,150000
R03-02594,45980000,150000
R03-02595,107450000,300000
R03-02596,51220000,150000
R03-02597,148760000,600000
R03-02598,21790000,60000
R03-02599,41790000,150000
R03-02600,41750000,150000
R03-02601,67910000,300000
R03-02602,4710000,0
R03-02603,53300000,150000
R03-02604,34710000,150000
R03-02605,91530000,300000
R03-02606,51350000,150000
R03-02607,23940000,60000
R03-02608,17570000,40000
R03-02609,1640000,0
R03-02610,82770000,300000
R03-02611,94840000,300000
R03-02612,65310000,150000
R03-02613,7020000,20000
R03-02614,22290000,60000
R03-02615,25920000,60000
R03-02616,86590000,300000
R03-02617,66360000,150000
R03-02618,63810000,150000
R03-02619,23750000,60000
R03-02620,66860000,300000
R03-02621,55580000,150000
R03-02622,52000000,150000
R03-02623,48560000,150000
R03-02624,42780000,150000
R03-02625,55290000,150000
R03-02626,21610000,60000
R03-02627,42810000,150000
R03-02628,84570000,300000
R03-02629,11890000,40000
R03-02630,8230000,20000
R03-02631,22210000,60000
R03-02632,25080000,60000
R03-02633,125260000,300000
R03-02634,24880000,60000
R03-02635,22160000,60000
R03-02636,23650000,60000
R03-02637,24160000,60000
R03-02638,73340000,300000
R03-02639,44720000,150000
R03-02640,12410000,40000
R03-02641,4790000,0
R03-02642,125180000,300000
R03-02643,20970000,60000
R03-02644,84500000,300000
R03-02645,3200000,0
R03-02646,30960000,60000
R03-02647,24380000,60000
R03-02648,5290000,20000
R03-02649,18640000,40000
R03-02650,76110000,300000
R03-02651,40350000,150000
R03-02652,8670000,20000
R03-02653,102610000,300000
R03-02654,33100000,60000
R03-02655,37160000,150000
R03-02656,62110000,150000
R03-02657,82810000,300000
R03-02658,8430000,20000
R03-02659,32990000,60000
R03-02660,51670000,150000
R03-02661,25320000,60000
R03-02662,14580000,40000
R03-02663,24570000,60000
R03-02664,51130000,150000
R03-02665,61770000,150000
R03-02666,61900000,150000
R03-02667,31670000,60000
R03-02668,82690000,300000
R03-02669,17880000,40000
R03-02670,32940000,60000
R03-02671,42570000,150000
R03-02672,61550000,150000
R03-02673,90990000,300000
R03-02674,43870000,150000
R03-02675,44150000,150000
R03-02676,21100000,60000
R03-02677,16230000,40000
R03-02678,70920000,300000
R03-02679,46040000,150000
R03-02680,14940000,40000
R03-02681,26980000,60000
R03-02682,14460000,40000
R03-02683,11490000,40000
R03-02684,61960000,150000
R03-02685,2710000,0
R03-02686,74060000,300000
R03-02687,63510000,150000
R03-02688,3840000,0
R03-02689,27490000,60000
R03-02690,52760000,150000
R03-02691,3730000,0
R03-02692,540000,0
R03-02693,15630000,40000
R03-02694,21370000,60000
R03-02695,5790000,20000
R03-02696,14770000,40000
R03-02697,26720000,60000
R03-02698,5620000,20000
R03-02699,11860000,40000
R03-02700,11530000,40000
R03-02701,14490000,40000
R03-02702,62670000,150000
R03-02703,25710000,60000
R03-02704,31770000,60000
R03-02705,42140000,150000
R03-02706,42530000,150000
R03-02707,51810000,150000
R03-02708,2880000,0
R03-02709,40960000,150000
R03-02710,6260000,20000
R03-02711,98740000,300000
R03-02712,63380000,150000
R03-02713,43900000,150000
R03-02714,22150000,60000
R03-02715,102500000,300000
R03-02716,111020000,300000
R03-02717,22680000,60000
R03-02718,62800000,150000
R03-02719,106580000,300000
R03-02720,21780000,60000
R03-02721,12390000,40000
R03-02722,81320000,300000
R03-02723,28230000,60000
R03-02724,3450000,0
R03-02725,65400000,150000
R03-02726,11590000,40000
R03-02727,27590000,60000
R03-02728,25040000,60000
R03-02729,23950000,60000
R03-02730,34950000,150000
R03-02731,67080000,300000
R03-02732,15610000,40000
R03-02733,50880000,150000
R03-02734,20710000,60000
R03-02735,24630000,60000
R03-02736,54230000,150000
R03-02737,44370000,150000
R03-02738,52640000,150000
R03-02739,74860000,300000
R03-02740,31760000,60000
R03-02741,31180000,60000
R03-02742,4900000,0
R03-02743,63800000,150000
R03-02744,4270000,0
R03-02745,32200000,60000
R03-02746,43080000,150000
R03-02747,72850000,300000
R03-02748,132070000,300000
R03-02749,98820000,300000
R03-02750,71930000,300000
R03-02751,11600000,40000
R03-02752,6020000,20000
R03-02753,25130000,60000
R03-02754,92500000,300000
R03-02755,14110000,40000
R03-02756,14520000,40000
R03-02757,51600000,150000
R03-02758,82830000,300000
R03-02759,15090000,40000
R03-02760,48830000,150000
R03-02761,56230000,150000
R03-02762,54590000,150000
R03-02763,32980000,60000
R03-02764,13770000,40000
R03-02765,42230000,150000
R03-02766,25060000,60000
R03-02767,111840000,300000
R03-02768,22160000,60000
R03-02769,72760000,300000
R03-02770,16110000,40000
R03-02771,56470000,150000
R03-02772,22350000,60000
R03-02773,4340000,0
R03-02774,41830000,150000
R03-02775,23530000,60000
R03-02776,11320000,40000
R03-02777,31970000,60000
R03-02778,45260000,150000
R03-02779,86310000,300000
R03-02780,47670000,150000
R03-02781,45740000,150000
R03-02782,15800000,40000
R03-02783,37570000,150000
R03-02784,56780000,150000
R03-02785,72600000,300000
R03-02786,22180000,60000
R03-02787,51770000,150000
R03-02788,112740000,300000
R03-02789,25600000,60000
R03-02790,75420000,300000
R03-02791,132110000,300000
R03-02792,105320000,300000
R03-02793,52730000,150000
R03-02794,98330000,300000
R03-02795,2410000,0
R03-02796,45470000,150000
R03-02797,54070000,150000
R03-02798,54580000,150000
R03-02799,41480000,150000
R03-02800,3200000,0
R03-02801,32650000,60000
R03-02802,3380000,0
R03-02803,85140000,300000
R03-02804,43340000,150000
R03-02805,12440000,40000
R03-02806,54890000,150000
R03-02807,15830000,40000
R03-02808,31870000,60000
R03-02809,24270000,60000
R03-02810,45210000,150000
R03-02811,92430000,300000
R03-02812,88840000,300000
R03-02813,45660000,150000
R03-02814,21690000,60000
R03-02815,32330000,60000
R03-02816,22290000,60000
R03-02817,62200000,150000
R03-02818,62890000,150000
R03-02819,46950000,150000
R03-02820,68520000,300000
R03-02821,42090000,150000
R03-02822,13160000,40000
R03-02823,85120000,300000
R03-02824,33940000,150000
R03-02825,67370000,300000
R03-02826,107320000,300000
R03-02827,2610000,0
R03-02828,4250000,0
R03-02829,43790000,150000
R03-02830,72020000,300000
R03-02831,28350000,60000
R03-02832,23770000,60000
R03-02833,52030000,150000
R03-02834,34460000,150000
R03-02835,6590000,20000
R03-02836,1870000,0
R03-02837,3920000,0
R03-02838,44030000,150000
R03-02839,54660000,150000
R03-02840,13090000,40000
R03-02841,35170000,150000
R03-02842,31250000,60000
R03-02843,32390000,60000
R03-02844,72130000,300000
R03-02845,34760000,150000
R03-02846,113410000,300000
R03-02847,45060000,150000
R03-02848,56100000,150000
R03-02849,78760000,300000
R03-02850,65620000,150000
R03-02851,34610000,150000
R03-02852,33050000,60000
R03-02853,71810000,300000
R03-02854,83420000,300000
R03-02855,56700000,150000
R03-02856,6400000,20000
R03-02857,28360000,60000
R03-02858,42800000,150000
R03-02859,35820000,150000
R03-02860,2620000,0
R03-02861,36080000,150000
R03-02862,43310000,150000
R03-02863,77850000,300000
R03-02864,50770000,150000
R03-02865,104230000,300000
R03-02866,133050000,300000
R03-02867,31910000,60000
R03-02868,91860000,300000
R03-02869,62310000,150000
R03-02870,90790000,300000
R03-02871,2930000,0
R03-02872,13920000,40000
R03-02873,38430000,150000
R03-02874,73560000,300000
R03-02875,38650000,150000
R03-02876,34650000,150000
R03-02877,58180000,150000
R03-02878,26430000,60000
R03-02879,74520000,300000
R03-02880,7230000,20000
R03-02881,67580000,300000
R03-02882,1500000,0
R03-02883,500000,0
R03-02884,11910000,40000
R03-02885,23890000,60000
R03-02886,60590000,150000
R03-02887,15150000,40000
R03-02888,94260000,300000
R03-02889,63590000,150000
R03-02890,10930000,40000
R03-02891,16400000,40000
R03-02892,15410000,40000
R03-02893,53850000,150000
R03-02894,15690000,40000
R03-02895,105760000,300000
R03-02896,13700000,40000
R03-02897,35130000,150000
R03-02898,55010000,150000
R03-02899,101490000,300000
R03-02900,11030000,40000
R03-02901,3290000,0
R03-02902,52800000,150000
R03-02903,23200000,60000
R03-02904,1860000,0
R03-02905,93410000,300000
R03-02906,113470000,300000
R03-02907,74650000,300000
R03-02908,51790000,150000
R03-02909,35870000,150000
R03-02910,15560000,40000
R03-02911,440000,0
R03-02912,25230000,60000
R03-02913,31000000,60000
R03-02914,82630000,300000
R03-02915,62250000,150000
R03-02916,11850000,40000
R03-02917,21340000,60000
R03-02918,23670000,60000
R03-02919,47610000,150000
R03-02920,43770000,150000
R03-02921,67100000,300000
R03-02922,32220000,60000
R03-02923,130840000,300000
R03-02924,83450000,300000
R03-02925,64030000,150000
R03-02926,41550000,150000
R03-02927,44100000,150000
R03-02928,102180000,300000
R03-02929,41990000,150000
R03-02930,87180000,300000
R03-02931,13090000,40000
R03-02932,96640000,300000
R03-02933,48770000,150000
R03-02934,33310000,60000
R03-02935,52450000,150000
R03-02936,55650000,150000
R03-02937,96410000,300000
R03-02938,152190000,600000
R03-02939,32670000,60000
R03-02940,42780000,150000
R03-02941,16310000,40000
R03-02942,106940000,300000
R03-02943,36880000,150000
R03-02944,51560000,150000
R03-02945,16570000,40000
R03-02946,22510000,60000
R03-02947,1190000,0
R03-02948,101950000,300000
R03-02949,130210000,300000
R03-02950,4080000,0
R03-02951,65420000,150000
R03-02952,34250000,150000
R03-02953,14210000,40000
R03-02954,32270000,60000
R03-02955,45590000,150000
R03-02956,36370000,150000
R03-02957,44740000,150000
R03-02958,22260000,60000
R03-02959,23710000,60000
R03-02960,63660000,150000
R03-02961,33010000,60000
R03-02962,3790000,0
R03-02963,43160000,150000
R03-02964,80690000,300000
R03-02965,61290000,150000
R03-02966,87540000,300000
R03-02967,95310000,300000
R03-02968,51420000,150000
R03-02969,58630000,150000
R03-02970,61800000,150000
R03-02971,25040000,60000
R03-02972,22720000,60000
R03-02973,55860000,150000
R03-02974,83060000,300000
R03-02975,95850000,300000
R03-02976,53130000,150000
R03-02977,2800000,0
R03-02978,82800000,300000
R03-02979,33160000,60000
R03-02980,82720000,300000
R03-02981,24050000,60000
R03-02982,51640000,150000
R03-02983,4910000,0
R03-02984,3810000,0
R03-02985,1010000,0
R03-02986,61280000,150000
R03-02987,1810000,0
R03-02988,10140000,40000
R03-02989,43540000,150000
R03-02990,75150000,300000
R03-02991,22730000,60000
R03-02992,82350000,300000
R03-02993,15580000,40000
R03-02994,20940000,60000
R03-02995,44900000,150000
R03-02996,36100000,150000
R03-02997,2710000,0
R03-02998,3970000,0
R03-02999,75820000,300000
R03-03000,3980000,0
R03-03001,34960000,150000
R03-03002,36870000,150000
R03-03003,2020000,0
R03-03004,23160000,60000
R03-03005,52780000,150000
R03-03006,25910000,60000
R03-03007,1540000,0
R03-03008,216320000,1000000
R03-03009,21650000,60000
R03-03010,3300000,0
R03-03011,20580000,60000
R03-03012,64350000,150000
R03-03013,4160000,0
R03-03014,23060000,60000
R03-03015,1990000,0
R03-03016,92150000,300000
R03-03017,62520000,150000
R03-03018,42520000,150000
R03-03019,51020000,150000
R03-03020,53270000,150000
R03-03021,14830000,40000
R03-03022,61000000,150000
R03-03023,73550000,300000
R03-03024,17010000,40000
R03-03025,20950000,60000
R03-03026,26430000,60000
R03-03027,67410000,300000
R03-03028,23640000,60000
R03-03029,39520000,150000
R03-03030,41540000,150000
R03-03031,102570000,300000
R03-03032,22600000,60000
R03-03033,11930000,40000
R03-03034,63720000,150000
R03-03035,62500000,150000
R03-03036,14090000,40000
R03-03037,105360000,300000
R03-03038,26910000,60000
R03-03039,41720000,150000
R03-03040,56870000,150000
R03-03041,21570000,60000
R03-03042,22920000,60000
R03-03043,5310000,20000
R03-03044,52330000,150000
R03-03045,111990000,300000
R03-03046,34140000,150000
R03-03047,15340000,40000
R03-03048,75460000,300000
R03-03049,72000000,300000
R03-03050,24420000,60000
R03-03051,7200000,20000
R03-03052,73880000,300000
R03-03053,52100000,150000
R03-03054,94310000,300000
R03-03055,27620000,60000
R03-03056,73310000,300000
R03-03057,23510000,60000
R03-03058,56170000,150000
R03-03059,45050000,150000
R03-03060,4880000,0
R03-03061,76560000,300000
R03-03062,13920000,40000
R03-03063,35130000,150000
R03-03064,43970000,150000
R03-03065,1620000,0
R03-03066,25610000,60000
R03-03067,43190000,150000
R03-03068,54420000,150000
R03-03069,11370000,40000
R03-03070,136910000,600000
R03-03071,91590000,300000
R03-03072,66620000,150000
R03-03073,22480000,60000
R03-03074,52110000,150000
R03-03075,32270000,60000
R03-03076,35600000,150000
R03-03077,133860000,600000
R03-03078,41340000,150000
R03-03079,11640000,40000
R03-03080,93780000,300000
R03-03081,73830000,300000
R03-03082,23280000,60000
R03-03083,53410000,150000
R03-03084,11750000,40000
R03-03085,33340000,150000
R03-03086,27210000,60000
R03-03087,5000000,20000
R03-03088,71570000,300000
R03-03089,31850000,60000
R03-03090,85900000,300000
R03-03091,26610000,60000
R03-03092,22680000,60000
R03-03093,10790000,40000
R03-03094,11630000,40000
R03-03095,52610000,150000
R03-03096,21110000,60000
R03-03097,51970000,150000
R03-03098,25360000,60000
R03-03099,52920000,150000
R03-03100,4970000,0
R03-03101,42640000,150000
R03-03102,4440000,0
R03-03103,4780000,0
R03-03104,53120000,150000
R03-03105,31990000,60000
R03-03106,92090000,300000
R03-03107,25600000,60000
R03-03108,51450000,150000
R03-03109,84860000,300000
R03-03110,43620000,150000
R03-03111,58810000,150000
R03-03112,4890000,0
R03-03113,53020000,150000
R03-03114,2800000,0
R03-03115,73330000,300000
R03-03116,13970000,40000
R03-03117,55010000,150000
R03-03118,110620000,300000
R03-03119,98940000,300000
R03-03120,12220000,40000
R03-03121,880000,0
R03-03122,2460000,0
R03-03123,93460000,300000
R03-03124,93840000,300000
R03-03125,83430000,300000
R03-03126,74650000,300000
R03-03127,118670000,300000
R03-03128,88860000,300000
R03-03129,43350000,150000
R03-03130,25790000,60000
R03-03131,12970000,40000
R03-03132,44020000,150000
R03-03133,63490000,150000
R03-03134,6100000,20000
R03-03135,80970000,300000
R03-03136,42410000,150000
R03-03137,16330000,40000
R03-03138,3450000,0
R03-03139,33050000,60000
R03-03140,35500000,150000
R03-03141,93930000,300000
R03-03142,11660000,40000
R03-03143,2200000,0
R03-03144,81800000,300000
R03-03145,13680000,40000
R03-03146,42070000,150000
R03-03147,7960000,20000
R03-03148,14300000,40000
R03-03149,46670000,150000
R03-03150,25550000,60000
R03-03151,85080000,300000
R03-03152,48420000,150000
R03-03153,52440000,150000
R03-03154,61550000,150000
R03-03155,4850000,0
R03-03156,32230000,60000
R03-03157,74780000,300000
R03-03158,13050000,40000
R03-03159,23480000,60000
R03-03160,72990000,300000
R03-03161,5770000,20000
R03-03162,14040000,40000
R03-03163,24680000,60000
R03-03164,29240000,60000
R03-03165,54540000,150000
R03-03166,32080000,60000
R03-03167,32010000,60000
R03-03168,2660000,0
R03-03169,11740000,40000
R03-03170,73410000,300000
R03-03171,13890000,40000
R03-03172,105850000,300000
R03-03173,20870000,60000
R03-03174,31930000,60000
R03-03175,63840000,150000
R03-03176,82260000,300000
R03-03177,15280000,40000
R03-03178,154630000,600000
R03-03179,69120000,300000
R03-03180,60200000,150000
R03-03181,33610000,150000
R03-03182,4290000,0
R03-03183,12010000,40000
R03-03184,32980000,60000
R03-03185,23540000,60000
R03-03186,6100000,20000
R03-03187,6120000,20000
R03-03188,6140000,20000
R03-03189,4010000,0
R03-03190,1750000,0
R03-03191,71160000,300000
R03-03192,94510000,300000
R03-03193,32810000,60000
R03-03194,31020000,60000
R03-03195,53200000,150000
R03-03196,12330000,40000
R03-03197,43350000,150000
R03-03198,23290000,60000
R03-03199,24810000,60000
R03-03200,7600000,20000
R03-03201,4920000,0
R03-03202,12840000,40000
R03-03203,92530000,300000
R03-03204,56030000,150000
R03-03205,46590000,150000
R03-03206,73160000,300000
R03-03207,81160000,300000
R03-03208,82390000,300000
R03-03209,12790000,40000
R03-03210,15670000,40000
R03-03211,21780000,60000
R03-03212,65220000,150000
R03-03213,50830000,150000
R03-03214,104470000,300000
R03-03215,640000,0
R03-03216,3600000,0
R03-03217,63790000,150000
R03-03218,68700000,300000
R03-03219,115460000,300000
R03-03220,93210000,300000
R03-03221,45020000,150000
R03-03222,14370000,40000
R03-03223,44660000,150000
R03-03224,12460000,40000
R03-03225,15510000,40000
R03-03226,92590000,300000
R03-03227,84730000,300000
R03-03228,24420000,60000
R03-03229,55800000,150000
R03-03230,82990000,300000
R03-03231,2330000,0
R03-03232,72490000,300000
R03-03233,94850000,300000
R03-03234,33630000,150000
R03-03235,41080000,150000
R03-03236,33460000,150000
R03-03237,46230000,150000
R03-03238,76860000,300000
R03-03239,84850000,300000
R03-03240,14120000,40000
R03-03241,12010000,40000
R03-03242,75620000,300000
R03-03243,42180000,150000
R03-03244,12700000,40000
R03-03245,45810000,150000
R03-03246,1980000,0
R03-03247,72820000,300000
R03-03248,21590000,60000
R03-03249,33400000,150000
R03-03250,3900000,0
R03-03251,15260000,40000
R03-03252,7480000,20000
R03-03253,66760000,300000
R03-03254,70700000,300000
R03-03255,33050000,60000
R03-03256,31760000,60000
R03-03257,76100000,300000
R03-03258,41230000,150000
R03-03259,26100000,60000
R03-03260,44770000,150000
R03-03261,5210000,20000
R03-03262,95950000,300000
R03-03263,24190000,60000
R03-03264,62860000,150000
R03-03265,3390000,0
R03-03266,1000000,0
R03-03267,27770000,60000
R03-03268,16540000,40000
R03-03269,23230000,60000
R03-03270,58560000,150000
R03-03271,22160000,60000
R03-03272,122200000,300000
R03-03273,32810000,60000
R03-03274,23460000,60000
R03-03275,3390000,0
R03-03276,1230000,0
R03-03277,38830000,150000
R03-03278,62820000,150000
R03-03279,103440000,300000
R03-03280,83410000,300000
R03-03281,42020000,150000
R03-03282,6790000,20000
R03-03283,11920000,40000
R03-03284,81830000,300000
R03-03285,4010000,0
R03-03286,17730000,40000
R03-03287,23540000,60000
R03-03288,35180000,150000
R03-03289,20360000,60000
R03-03290,57710000,150000
R03-03291,22070000,60000
R03-03292,83740000,300000
R03-03293,36700000,150000
R03-03294,3730000,0
R03-03295,104230000,300000
R03-03296,47470000,150000
R03-03297,42760000,150000
R03-03298,3200000,0
R03-03299,54000000,150000
R03-03300,81890000,300000
R03-03301,102880000,300000
R03-03302,56140000,150000
R03-03303,94280000,300000
R03-03304,97690000,300000
R03-03305,46170000,150000
R03-03306,34350000,150000
R03-03307,1380000,0
R03-03308,23240000,60000
R03-03309,46540000,150000
R03-03310,17500000,40000
R03-03311,41110000,150000
R03-03312,126390000,300000
R03-03313,87970000,300000
R03-03314,102220000,300000
R03-03315,53610000,150000
R03-03316,31640000,60000
R03-03317,78250000,300000
R03-03318,36930000,150000
R03-03319,41000000,150000
R03-03320,123860000,300000
R03-03321,102360000,300000
R03-03322,21400000,60000
R03-03323,36590000,150000
R03-03324,23080000,60000
R03-03325,124530000,300000
R03-03326,2060000,0
R03-03327,18940000,40000
R03-03328,24580000,60000
R03-03329,46090000,150000
R03-03330,15730000,40000
R03-03331,41340000,150000
R03-03332,12110000,40000
R03-03333,13200000,40000
R03-03334,11760000,40000
R03-03335,82050000,300000
R03-03336,25480000,60000
R03-03337,48010000,150000
R03-03338,13850000,40000
R03-03339,13200000,40000
R03-03340,44110000,150000
R03-03341,6390000,20000
R03-03342,21330000,60000
R03-03343,24930000,60000
R03-03344,35370000,150000
R03-03345,54210000,150000
R03-03346,33490000,150000
R03-03347,5960000,20000
R03-03348,57780000,150000
R03-03349,33770000,150000
R03-03350,57440000,150000
R03-03351,41820000,150000
R03-03352,32290000,60000
R03-03353,39130000,150000
R03-03354,111550000,300000
R03-03355,37600000,150000
R03-03356,42070000,150000
R03-03357,63230000,150000
R03-03358,20860000,60000
R03-03359,31980000,60000
R03-03360,87510000,300000
R03-03361,12160000,40000
R03-03362,81550000,300000
R03-03363,16640000,40000
R03-03364,42840000,150000
R03-03365,46470000,150000
R03-03366,155700000,600000
R03-03367,1480000,0
R03-03368,22850000,60000
R03-03369,4000000,0
R03-03370,98440000,300000
R03-03371,81320000,300000
R03-03372,13900000,40000
R03-03373,13530000,40000
R03-03374,96160000,300000
R03-03375,135830000,600000
R03-03376,82570000,300000
R03-03377,35720000,150000
R03-03378,22060000,60000
R03-03379,2670000,0
R03-03380,25970000,60000
R03-03381,3180000,0
R03-03382,43320000,150000
R03-03383,22270000,60000
R03-03384,135570000,600000
R03-03385,72550000,300000
R03-03386,300000,0
R03-03387,31550000,60000
R03-03388,40850000,150000
R03-03389,47750000,150000
R03-03390,12740000,40000
R03-03391,37330000,150000
R03-03392,7490000,20000
R03-03393,35110000,150000
R03-03394,152410000,600000
R03-03395,48430000,150000
R03-03396,87730000,300000
R03-03397,3850000,0
R03-03398,37500000,150000
R03-03399,13710000,40000
R03-03400,52360000,150000
R03-03401,63470000,150000
R03-03402,84320000,300000
R03-03403,3700000,0
R03-03404,43050000,150000
R03-03405,82180000,300000
R03-03406,99290000,300000
R03-03407,41700000,150000
R03-03408,2950000,0
R03-03409,17880000,40000
R03-03410,11010000,40000
R03-03411,17620000,40000
R03-03412,102650000,300000
R03-03413,32620000,60000
R03-03414,36440000,150000
R03-03415,15310000,40000
R03-03416,16040000,40000
R03-03417,48100000,150000
R03-03418,33710000,150000
R03-03419,36020000,150000
R03-03420,21560000,60000
R03-03421,4540000,0
R03-03422,61760000,150000
R03-03423,2680000,0
R03-03424,24420000,60000
R03-03425,43140000,150000
R03-03426,3000000,0
R03-03427,2990000,0
R03-03428,24140000,60000
R03-03429,22000000,60000
R03-03430,5920000,20000
R03-03431,2850000,0
R03-03432,103390000,300000
R03-03433,42500000,150000
R03-03434,6430000,20000
R03-03435,46260000,150000
R03-03436,24130000,60000
R03-03437,55240000,150000
R03-03438,2030000,0
R03-03439,23320000,60000
R03-03440,65970000,150000
R03-03441,36080000,150000
R03-03442,11810000,40000
R03-03443,13580000,40000
R03-03444,3210000,0
R03-03445,37450000,150000
R03-03446,33250000,60000
R03-03447,16830000,40000
R03-03448,11460000,40000
R03-03449,12720000,40000
R03-03450,14220000,40000
R03-03451,133630000,600000
R03-03452,26530000,60000
R03-03453,56100000,150000
R03-03454,72810000,300000
R03-03455,33280000,60000
R03-03456,45310000,150000
R03-03457,5550000,20000
R03-03458,4030000,0
R03-03459,26090000,60000
R03-03460,4590000,0
R03-03461,60540000,150000
R03-03462,2480000,0
R03-03463,44740000,150000
R03-03464,51330000,150000
R03-03465,43040000,150000
R03-03466,15360000,40000
R03-03467,81130000,300000
R03-03468,55920000,150000
R03-03469,73390000,300000
R03-03470,4090000,0
R03-03471,2030000,0
R03-03472,4450000,0
R03-03473,26020000,60000
R03-03474,22890000,60000
R03-03475,13580000,40000
R03-03476,3660000,0
R03-03477,51460000,150000
R03-03478,1990000,0
R03-03479,101110000,300000
R03-03480,22980000,60000
R03-03481,1270000,0
R03-03482,7610000,20000
R03-03483,11420000,40000
R03-03484,69750000,300000
R03-03485,58390000,150000
R03-03486,111510000,300000
R03-03487,63700000,150000
R03-03488,22370000,60000
R03-03489,33910000,150000
R03-03490,33460000,150000
R03-03491,96710000,300000
R03-03492,74180000,300000
R03-03493,10440000,40000
R03-03494,121050000,300000
R03-03495,11730000,40000
R03-03496,4660000,0
R03-03497,35760000,150000
R03-03498,64110000,150000
R03-03499,31710000,60000
R03-03500,25480000,60000
R03-03501,12550000,40000
R03-03502,4360000,0
R03-03503,80540000,300000
R03-03504,1140000,0
R03-03505,7310000,20000
R03-03506,114850000,300000
R03-03507,34670000,150000
R03-03508,80000,0
R03-03509,33370000,150000
R03-03510,5740000,20000
R03-03511,53250000,150000
R03-03512,31590000,60000
R03-03513,24820000,60000
R03-03514,107390000,300000
R03-03515,22180000,60000
R03-03516,46050000,150000
R03-03517,83630000,300000
R03-03518,26950000,60000
R03-03519,67960000,300000
R03-03520,14280000,40000
R03-03521,52180000,150000
R03-03522,8810000,20000
R03-03523,51880000,150000
R03-03524,14530000,40000
R03-03525,44400000,150000
R03-03526,77540000,300000
R03-03527,45170000,150000
R03-03528,141010000,600000
R03-03529,235930000,1000000
R03-03530,95610000,300000
R03-03531,14790000,40000
R03-03532,15640000,40000
R03-03533,54880000,150000
R03-03534,52300000,150000
R03-03535,66140000,150000
R03-03536,22420000,60000
R03-03537,113780000,300000
R03-03538,47540000,150000
R03-03539,75480000,300000
R03-03540,135880000,600000
R03-03541,12040000,40000
R03-03542,21780000,60000
R03-03543,12100000,40000
R03-03544,37140000,150000
R03-03545,32280000,60000
R03-03546,14720000,40000
R03-03547,35710000,150000
R03-03548,82960000,300000
R03-03549,2130000,0
R03-03550,3100000,0
R03-03551,82890000,300000
R03-03552,45270000,150000
R03-03553,6570000,20000
R03-03554,113370000,300000
R03-03555,61790000,150000
R03-03556,15300000,40000
R03-03557,21830000,60000
R03-03558,42910000,150000
R03-03559,43870000,150000
R03-03560,33410000,150000
R03-03561,5540000,20000
R03-03562,54200000,150000
R03-03563,23900000,60000
R03-03564,26130000,60000
R03-03565,48010000,150000
R03-03566,27110000,60000
R03-03567,25350000,60000
R03-03568,12130000,40000
R03-03569,32830000,60000
R03-03570,65560000,150000
R03-03571,32690000,60000
R03-03572,24070000,60000
R03-03573,31960000,60000
R03-03574,56320000,150000
R03-03575,63210000,150000
R03-03576,13720000,40000
R03-03577,77200000,300000
R03-03578,2090000,0
R03-03579,81160000,300000
R03-03580,48560000,150000
R03-03581,34850000,150000
R03-03582,32550000,60000
R03-03583,53610000,150000
R03-03584,55220000,150000
R03-03585,25460000,60000
R03-03586,11070000,40000
R03-03587,5940000,20000
R03-03588,35500000,150000
R03-03589,13690000,40000
R03-03590,12090000,40000
R03-03591,51890000,150000
R03-03592,72070000,300000
R03-03593,3830000,0
R03-03594,12890000,40000
R03-03595,1190000,0
R03-03596,26640000,60000
R03-03597,121540000,300000
R03-03598,57670000,150000
R03-03599,32600000,60000
R03-03600,3170000,0
R03-03601,94030000,300000
R03-03602,23770000,60000
R03-03603,2860000,0
R03-03604,5960000,20000
R03-03605,12290000,40000
R03-03606,43050000,150000
R03-03607,83770000,300000
R03-03608,81240000,300000
R03-03609,43980000,150000
R03-03610,36300000,150000
R03-03611,64460000,150000
R03-03612,3750000,0
R03-03613,52510000,150000
R03-03614,51030000,150000
R03-03615,43000000,150000
R03-03616,32220000,60000
R03-03617,72380000,300000
R03-03618,28880000,60000
R03-03619,82300000,300000
R03-03620,2540000,0
R03-03621,25040000,60000
R03-03622,33670000,150000
R03-03623,23170000,60000
R03-03624,52780000,150000
R03-03625,64660000,150000
R03-03626,53910000,150000
R03-03627,41910000,150000
R03-03628,30350000,60000
R03-03629,77340000,300000
R03-03630,11250000,40000
R03-03631,52040000,150000
R03-03632,14000000,40000
R03-03633,92760000,300000
R03-03634,41880000,150000
R03-03635,133240000,300000
R03-03636,5740000,20000
R03-03637,74930000,300000
R03-03638,30450000,60000
R03-03639,13760000,40000
R03-03640,14440000,40000
R03-03641,41720000,150000
R03-03642,105240000,300000
R03-03643,13770000,40000
R03-03644,65730000,150000
R03-03645,45910000,150000
R03-03646,12850000,40000
R03-03647,154010000,600000
R03-03648,43700000,150000
R03-03649,114560000,300000
R03-03650,85490000,300000
R03-03651,27990000,60000
R03-03652,14670000,40000
R03-03653,94040000,300000
R03-03654,51670000,150000
R03-03655,34870000,150000
R03-03656,30280000,60000
R03-03657,95130000,300000
R03-03658,14750000,40000
R03-03659,91880000,300000
R03-03660,72530000,300000
R03-03661,6820000,20000
R03-03662,142290000,600000
R03-03663,7140000,20000
R03-03664,22720000,60000
R03-03665,92430000,300000
R03-03666,12080000,40000
R03-03667,35910000,150000
R03-03668,13010000,40000
R03-03669,16280000,40000
R03-03670,113420000,300000
R03-03671,13980000,40000
R03-03672,103580000,300000
R03-03673,13530000,40000
R03-03674,53610000,150000
R03-03675,33790000,150000
R03-03676,54050000,150000
R03-03677,71450000,300000
R03-03678,42790000,150000
R03-03679,75430000,300000
R03-03680,5090000,20000
R03-03681,48850000,150000
R03-03682,71680000,300000
R03-03683,12050000,40000
R03-03684,1960000,0
R03-03685,22040000,60000
R03-03686,13850000,40000
R03-03687,52390000,150000
R03-03688,102150000,300000
R03-03689,54800000,150000
R03-03690,41180000,150000
R03-03691,175750000,600000
R03-03692,47630000,150000
R03-03693,74460000,300000
R03-03694,90390000,300000
R03-03695,72020000,300000
R03-03696,31300000,60000
R03-03697,61670000,150000
R03-03698,95400000,300000
R03-03699,54020000,150000
R03-03700,20520000,60000
R03-03701,55900000,150000
R03-03702,81660000,300000
R03-03703,61700000,150000
R03-03704,17610000,40000
R03-03705,48610000,150000
R03-03706,32860000,60000
R03-03707,52330000,150000
R03-03708,27090000,60000
R03-03709,12400000,40000
R03-03710,106230000,300000
R03-03711,5420000,20000
R03-03712,17050000,40000
R03-03713,25080000,60000
R03-03714,52550000,150000
R03-03715,16090000,40000
R03-03716,30910000,60000
R03-03717,15110000,40000
R03-03718,110240000,300000
R03-03719,8180000,20000
R03-03720,135980000,600000
R03-03721,27400000,60000
R03-03722,1860000,0
R03-03723,41500000,150000
R03-03724,30970000,60000
R03-03725,2820000,0
R03-03726,83420000,300000
R03-03727,480000,0
R03-03728,75380000,300000
R03-03729,52900000,150000
R03-03730,24890000,60000
R03-03731,72940000,300000
R03-03732,35000000,150000
R03-03733,72620000,300000
R03-03734,92800000,300000
R03-03735,6100000,20000
R03-03736,40420000,150000
R03-03737,12990000,40000
R03-03738,24450000,60000
R03-03739,43620000,150000
R03-03740,42910000,150000
R03-03741,11140000,40000
R03-03742,15880000,40000
R03-03743,118090000,300000
R03-03744,34380000,150000
R03-03745,82870000,300000
R03-03746,54080000,150000
R03-03747,3800000,0
R03-03748,54550000,150000
R03-03749,73390000,300000
R03-03750,4400000,0
R03-03751,47150000,150000
R03-03752,31560000,60000
R03-03753,41030000,150000
R03-03754,71880000,300000
R03-03755,34260000,150000
R03-03756,26930000,60000
R03-03757,61650000,150000
R03-03758,101610000,300000
R03-03759,21180000,60000
R03-03760,61960000,150000
R03-03761,16400000,40000
R03-03762,53540000,150000
R03-03763,2980000,0
R03-03764,32030000,60000
R03-03765,9820000,20000
R03-03766,1510000,0
R03-03767,55150000,150000
R03-03768,91680000,300000
R03-03769,56530000,150000
R03-03770,87710000,300000
R03-03771,18110000,40000
R03-03772,26220000,60000
R03-03773,1890000,0
R03-03774,5060000,20000
R03-03775,7380000,20000
R03-03776,35570000,150000
R03-03777,11220000,40000
R03-03778,66840000,300000
R03-03779,81720000,300000
R03-03780,95150000,300000
R03-03781,35350000,150000
R03-03782,35230000,150000
R03-03783,58020000,150000
R03-03784,107290000,300000
R03-03785,62820000,150000
R03-03786,123740000,300000
R03-03787,35820000,150000
R03-03788,34280000,150000
R03-03789,84270000,300000
R03-03790,23910000,60000
R03-03791,2760000,0
R03-03792,73360000,300000
R03-03793,58470000,150000
R03-03794,62710000,150000
R03-03795,5090000,20000
R03-03796,53220000,150000
R03-03797,41750000,150000
R03-03798,107450000,300000
R03-03799,2770000,0
R03-03800,4880000,0
R03-03801,52150000,150000
R03-03802,4100000,0
R03-03803,21150000,60000
R03-03804,7750000,20000
R03-03805,72970000,300000
R03-03806,17470000,40000
R03-03807,34190000,150000
R03-03808,51270000,150000
R03-03809,1740000,0
R03-03810,57230000,150000
R03-03811,37990000,150000
R03-03812,87690000,300000
R03-03813,15300000,40000
R03-03814,21430000,60000
R03-03815,56690000,150000
R03-03816,33040000,60000
R03-03817,121440000,300000
R03-03818,35200000,150000
R03-03819,54940000,150000
R03-03820,34550000,150000
R03-03821,7330000,20000
R03-03822,11550000,40000
R03-03823,32240000,60000
R03-03824,2760000,0
R03-03825,32040000,60000
R03-03826,35050000,150000
R03-03827,93420000,300000
R03-03828,100960000,300000
R03-03829,3850000,0
R03-03830,41960000,150000
R03-03831,56530000,150000
R03-03832,2590000,0
R03-03833,74340000,300000
R03-03834,4210000,0
R03-03835,11400000,40000
R03-03836,57730000,150000
R03-03837,66660000,150000
R03-03838,65960000,150000
R03-03839,51340000,150000
R03-03840,11390000,40000
R03-03841,15270000,40000
R03-03842,110630000,300000
R03-03843,52030000,150000
R03-03844,22320000,60000
R03-03845,4600000,0
R03-03846,16050000,40000
R03-03847,40920000,150000
R03-03848,5330000,20000
R03-03849,25770000,60000
R03-03850,64090000,150000
R03-03851,121070000,300000
R03-03852,4670000,0
R03-03853,93430000,300000
R03-03854,73590000,300000
R03-03855,81800000,300000
R03-03856,56060000,150000
R03-03857,92640000,300000
R03-03858,12430000,40000
R03-03859,560000,0
R03-03860,92150000,300000
R03-03861,5430000,20000
R03-03862,134830000,600000
R03-03863,15190000,40000
R03-03864,14380000,40000
R03-03865,22410000,60000
R03-03866,44020000,150000
R03-03867,21450000,60000
R03-03868,85240000,300000
R03-03869,47710000,150000
R03-03870,63730000,150000
R03-03871,52870000,150000
R03-03872,11350000,40000
R03-03873,53140000,150000
R03-03874,56950000,150000
R03-03875,42780000,150000
R03-03876,71750000,300000
R03-03877,48440000,150000
R03-03878,2380000,0
R03-03879,34950000,150000
R03-03880,68290000,300000
R03-03881,52450000,150000
R03-03882,72640000,300000
R03-03883,74550000,300000
R03-03884,61610000,150000
R03-03885,45120000,150000
R03-03886,4510000,0
R03-03887,58280000,150000
R03-03888,6070000,20000
R03-03889,55560000,150000
R03-03890,14930000,40000
R03-03891,33380000,150000
R03-03892,10930000,40000
R03-03893,53780000,150000
R03-03894,3140000,0
R03-03895,22760000,60000
R03-03896,90710000,300000
R03-03897,18740000,40000
R03-03898,11270000,40000
R03-03899,53380000,150000
R03-03900,6680000,20000
R03-03901,10630000,40000
R03-03902,95670000,300000
R03-03903,81410000,300000
R03-03904,16290000,40000
R03-03905,73140000,300000
R03-03906,15070000,40000
R03-03907,101770000,300000
R03-03908,97560000,300000
R03-03909,86350000,300000
R03-03910,55620000,150000
R03-03911,10480000,40000
R03-03912,55660000,150000
R03-03913,43510000,150000
R03-03914,52160000,150000
R03-03915,39030000,150000
R03-03916,114160000,300000
R03-03917,34140000,150000
R03-03918,36610000,150000
R03-03919,55410000,150000
R03-03920,10590000,40000
R03-03921,21250000,60000
R03-03922,152940000,600000
R03-03923,43060000,150000
R03-03924,62310000,150000
R03-03925,94170000,300000
R03-03926,3640000,0
R03-03927,22160000,60000
R03-03928,63190000,150000
R03-03929,8800000,20000
R03-03930,52020000,150000
R03-03931,62280000,150000
R03-03932,72100000,300000
R03-03933,82100000,300000
R03-03934,85570000,300000
R03-03935,52130000,150000
R03-03936,73640000,300000
R03-03937,23290000,60000
R03-03938,14170000,40000
R03-03939,94400000,300000
R03-03940,21360000,60000
R03-03941,43040000,150000
R03-03942,46160000,150000
R03-03943,17110000,40000
R03-03944,101620000,300000
R03-03945,5180000,20000
R03-03946,42890000,150000
R03-03947,53400000,150000
R03-03948,55350000,150000
R03-03949,75260000,300000
R03-03950,12260000,40000
R03-03951,34280000,150000
R03-03952,1920000,0
R03-03953,75320000,300000
R03-03954,7190000,20000
R03-03955,5410000,20000
R03-03956,8750000,20000
R03-03957,62120000,150000
R03-03958,56610000,150000
R03-03959,53630000,150000
R03-03960,31150000,60000
R03-03961,12240000,40000
R03-03962,61040000,150000
R03-03963,12910000,40000
R03-03964,63500000,150000
R03-03965,13920000,40000
R03-03966,87480000,300000
R03-03967,37340000,150000
R03-03968,98650000,300000
R03-03969,55770000,150000
R03-03970,31550000,60000
R03-03971,21130000,60000
R03-03972,22700000,60000
R03-03973,8000000,20000
R03-03974,25410000,60000
R03-03975,22840000,60000
R03-03976,52720000,150000
R03-03977,11000000,40000
R03-03978,33140000,60000
R03-03979,102320000,300000
R03-03980,45960000,150000
R03-03981,11050000,40000
R03-03982,14500000,40000
R03-03983,13600000,40000
R03-03984,43480000,150000
R03-03985,54380000,150000
R03-03986,74500000,300000
R03-03987,25110000,60000
R03-03988,64540000,150000
R03-03989,89430000,300000
R03-03990,11220000,40000
R03-03991,4970000,0
R03-03992,14320000,40000
R03-03993,37770000,150000
R03-03994,22550000,60000
R03-03995,52550000,150000
R03-03996,41040000,150000
R03-03997,62670000,150000
R03-03998,24050000,60000
R03-03999,14060000,40000
R03-04000,31300000,60000
R03-04001,71450000,300000
R03-04002,51270000,150000
R03-04003,72240000,300000
R03-04004,53090000,150000
R03-04005,3180000,0
R03-04006,107080000,300000
R03-04007,4550000,0
R03-04008,6010000,20000
R03-04009,10270000,40000
R03-04010,44610000,150000
R03-04011,102850000,300000
R03-04012,43190000,150000
R03-04013,53560000,150000
R03-04014,6270000,20000
R03-04015,73820000,300000
R03-04016,74230000,300000
R03-04017,101940000,300000
R03-04018,47000000,150000
R03-04019,16290000,40000
R03-04020,136400000,600000
R03-04021,52850000,150000
R03-04022,68140000,300000
R03-04023,47580000,150000
R03-04024,42070000,150000
R03-04025,63870000,150000
R03-04026,82340000,300000
R03-04027,103750000,300000
R03-04028,42530000,150000
R03-04029,7040000,20000
R03-04030,43240000,150000
R03-04031,3320000,0
R03-04032,1610000,0
R03-04033,30470000,60000
R03-04034,15170000,40000
R03-04035,111420000,300000
R03-04036,73070000,300000
R03-04037,100530000,300000
R03-04038,42290000,150000
R03-04039,41730000,150000
R03-04040,23320000,60000
R03-04041,73060000,300000
R03-04042,43630000,150000
R03-04043,3970000,0
R03-04044,22170000,60000
R03-04045,17180000,40000
R03-04046,54470000,150000
R03-04047,12950000,40000
R03-04048,23100000,60000
R03-04049,42780000,150000
R03-04050,4940000,0
R03-04051,43850000,150000
R03-04052,1830000,0
R03-04053,44350000,150000
R03-04054,63320000,150000
R03-04055,7620000,20000
R03-04056,80830000,300000
R03-04057,53950000,150000
R03-04058,61270000,150000
R03-04059,101350000,300000
R03-04060,2790000,0
R03-04061,41340000,150000
R03-04062,34810000,150000
R03-04063,22500000,60000
R03-04064,65630000,150000
R03-04065,43490000,150000
R03-04066,110980000,300000
R03-04067,15950000,40000
R03-04068,16420000,40000
R03-04069,5010000,20000
R03-04070,43110000,150000
R03-04071,117200000,300000
R03-04072,51960000,150000
R03-04073,46400000,150000
R03-04074,44280000,150000
R03-04075,55900000,150000
R03-04076,35590000,150000
R03-04077,5220000,20000
R03-04078,51320000,150000
R03-04079,12760000,40000
R03-04080,43650000,150000
R03-04081,83210000,300000
R03-04082,22720000,60000
R03-04083,42190000,150000
R03-04084,35140000,150000
R03-04085,26550000,60000
R03-04086,58280000,150000
R03-04087,46190000,150000
R03-04088,4880000,0
R03-04089,56980000,150000
R03-04090,44830000,150000
R03-04091,68800000,300000
R03-04092,12020000,40000
R03-04093,60640000,150000
R03-04094,14580000,40000
R03-04095,43280000,150000
R03-04096,102020000,300000
R03-04097,52630000,150000
R03-04098,114260000,300000
R03-04099,171510000,600000
R03-04100,55640000,150000
R03-04101,53730000,150000
R03-04102,54780000,150000
R03-04103,72230000,300000
R03-04104,11790000,40000
R03-04105,45470000,150000
R03-04106,117100000,300000
R03-04107,4780000,0
R03-04108,13420000,40000
R03-04109,17710000,40000
R03-04110,42990000,150000
R03-04111,32970000,60000
R03-04112,126260000,300000
R03-04113,95140000,300000
R03-04114,112480000,300000
R03-04115,12800000,40000
R03-04116,3510000,0
R03-04117,23940000,60000
R03-04118,11970000,40000
R03-04119,43670000,150000
R03-04120,11920000,40000
R03-04121,25400000,60000
R03-04122,32590000,60000
R03-04123,21910000,60000
R03-04124,57320000,150000
R03-04125,37670000,150000
R03-04126,52120000,150000
R03-04127,81750000,300000
R03-04128,5010000,20000
R03-04129,5770000,20000
R03-04130,21540000,60000
R03-04131,8700000,20000
R03-04132,62270000,150000
R03-04133,46290000,150000
R03-04134,850000,0
R03-04135,23410000,60000
R03-04136,96950000,300000
R03-04137,61930000,150000
R03-04138,69260000,300000
R03-04139,6420000,20000
R03-04140,81870000,300000
R03-04141,86890000,300000
R03-04142,64810000,150000
R03-04143,24380000,60000
R03-04144,32710000,60000
R03-04145,16460000,40000
R03-04146,65910000,150000
R03-04147,13880000,40000
R03-04148,50990000,150000
R03-04149,15030000,40000
R03-04150,53100000,150000
R03-04151,3830000,0
R03-04152,73340000,300000
R03-04153,103940000,300000
R03-04154,47940000,150000
R03-04155,51040000,150000
R03-04156,105120000,300000
R03-04157,3210000,0
R03-04158,32140000,60000
R03-04159,4960000,0
R03-04160,11700000,40000
R03-04161,81570000,300000
R03-04162,76830000,300000
R03-04163,53670000,150000
R03-04164,23400000,60000
R03-04165,10800000,40000
R03-04166,45580000,150000
R03-04167,33090000,60000
R03-04168,33580000,150000
R03-04169,30900000,60000
R03-04170,63850000,150000
R03-04171,4920000,0
R03-04172,54630000,150000
R03-04173,15410000,40000
R03-04174,84740000,300000
R03-04175,32630000,60000
R03-04176,2530000,0
R03-04177,55930000,150000
R03-04178,79320000,300000
R03-04179,23030000,60000
R03-04180,41230000,150000
R03-04181,83980000,300000
R03-04182,42070000,150000
R03-04183,34070000,150000
R03-04184,2920000,0
R03-04185,96540000,300000
R03-04186,83660000,300000
R03-04187,10170000,40000
R03-04188,5090000,20000
R03-04189,21430000,60000
R03-04190,11430000,40000
R03-04191,11940000,40000
R03-04192,21040000,60000
R03-04193,52880000,150000
R03-04194,35810000,150000
R03-04195,26570000,60000
R03-04196,62640000,150000
R03-04197,76790000,300000
R03-04198,81420000,300000
R03-04199,10880000,40000
R03-04200,44910000,150000
R03-04201,61860000,150000
R03-04202,74420000,300000
R03-04203,11510000,40000
R03-04204,29420000,60000
R03-04205,74520000,300000
R03-04206,31990000,60000
R03-04207,26660000,60000
R03-04208,13570000,40000
R03-04209,57490000,150000
R03-04210,23680000,60000
R03-04211,46110000,150000
R03-04212,6020000,20000
R03-04213,83710000,300000
R03-04214,96040000,300000
R03-04215,52250000,150000
R03-04216,73900000,300000
R03-04217,1860000,0
R03-04218,14470000,40000
R03-04219,28790000,60000
R03-04220,4400000,0
R03-04221,81860000,300000
R03-04222,53330000,150000
R03-04223,22660000,60000
R03-04224,30990000,60000
R03-04225,21690000,60000
R03-04226,33670000,150000
R03-04227,1840000,0
R03-04228,12410000,40000
R03-04229,40840000,150000
R03-04230,133660000,600000
R03-04231,990000,0
R03-04232,135720000,600000
R03-04233,101370000,300000
R03-04234,174150000,600000
R03-04235,23370000,60000
R03-04236,46610000,150000
R03-04237,54280000,150000
R03-04238,35330000,150000
R03-04239,74930000,300000
R03-04240,71460000,300000
R03-04241,26720000,60000
R03-04242,51910000,150000
R03-04243,14180000,40000
R03-04244,11290000,40000
R03-04245,88210000,300000
R03-04246,35670000,150000
R03-04247,4600000,0
R03-04248,43760000,150000
R03-04249,1600000,0
R03-04250,8490000,20000
R03-04251,44990000,150000
R03-04252,13760000,40000
R03-04253,2830000,0
R03-04254,3210000,0
R03-04255,31790000,60000
R03-04256,92500000,300000
R03-04257,135510000,600000
R03-04258,26230000,60000
R03-04259,41360000,150000
R03-04260,22980000,60000
R03-04261,53930000,150000
R03-04262,101780000,300000
R03-04263,15560000,40000
R03-04264,43880000,150000
R03-04265,13920000,40000
R03-04266,33320000,60000
R03-04267,26580000,60000
R03-04268,53230000,150000
R03-04269,5560000,20000
R03-04270,60810000,150000
R03-04271,27480000,60000
R03-04272,44520000,150000
R03-04273,23320000,60000
R03-04274,47850000,150000
R03-04275,50740000,150000
R03-04276,94450000,300000
R03-04277,90810000,300000
R03-04278,124360000,300000
R03-04279,1380000,0
R03-04280,44230000,150000
R03-04281,84130000,300000
R03-04282,22290000,60000
R03-04283,52410000,150000
R03-04284,51780000,150000
R03-04285,21230000,60000
R03-04286,13990000,40000
R03-04287,62460000,150000
R03-04288,37270000,150000
R03-04289,73310000,300000
R03-04290,3140000,0
R03-04291,43030000,150000
R03-04292,27140000,60000
R03-04293,55700000,150000
R03-04294,44450000,150000
R03-04295,77910000,300000
R03-04296,66400000,150000
R03-04297,35410000,150000
R03-04298,24290000,60000
R03-04299,85960000,300000
R03-04300,53370000,150000
R03-04301,37280000,150000
R03-04302,55590000,150000
R03-04303,81340000,300000
R03-04304,47680000,150000
R03-04305,54180000,150000
R03-04306,123510000,300000
R03-04307,139570000,600000
R03-04308,13130000,40000
R03-04309,7840000,20000
R03-04310,55260000,150000
R03-04311,35520000,150000
R03-04312,12970000,40000
R03-04313,72770000,300000
R03-04314,54480000,150000
R03-04315,33880000,150000
R03-04316,34880000,150000
R03-04317,22170000,60000
R03-04318,2710000,0
R03-04319,2150000,0
R03-04320,55020000,150000
R03-04321,65860000,150000
R03-04322,58160000,150000
R03-04323,54910000,150000
R03-04324,74620000,300000
R03-04325,8040000,20000
R03-04326,11980000,40000
R03-04327,6690000,20000
R03-04328,41850000,150000
R03-04329,43660000,150000
R03-04330,17440000,40000
R03-04331,61230000,150000
R03-04332,40670000,150000
R03-04333,75190000,300000
R03-04334,16720000,40000
R03-04335,52910000,150000
R03-04336,54700000,150000
R03-04337,27760000,60000
R03-04338,41210000,150000
R03-04339,13650000,40000
R03-04340,29430000,60000
R03-04341,82050000,300000
R03-04342,64720000,150000
R03-04343,132350000,300000
R03-04344,74870000,300000
R03-04345,25550000,60000
R03-04346,65570000,150000
R03-04347,8570000,20000
R03-04348,42420000,150000
R03-04349,4970000,0
R03-04350,33150000,60000
R03-04351,4440000,0
R03-04352,42320000,150000
R03-04353,107200000,300000
R03-04354,41880000,150000
R03-04355,42710000,150000
R03-04356,46490000,150000
R03-04357,11110000,40000
R03-04358,11540000,40000
R03-04359,44670000,150000
R03-04360,2810000,0
R03-04361,12270000,40000
R03-04362,16160000,40000
R03-04363,13910000,40000
R03-04364,12110000,40000
R03-04365,12850000,40000
R03-04366,126770000,300000
R03-04367,13400000,40000
R03-04368,2580000,0
R03-04369,15420000,40000
R03-04370,31780000,60000
R03-04371,31870000,60000
R03-04372,680000,0
R03-04373,35460000,150000
R03-04374,33740000,150000
R03-04375,6110000,20000
R03-04376,4990000,0
R03-04377,118250000,300000
R03-04378,46730000,150000
R03-04379,17670000,40000
R03-04380,64740000,150000
R03-04381,2740000,0
R03-04382,91720000,300000
R03-04383,13910000,40000
R03-04384,82890000,300000
R03-04385,13450000,40000
R03-04386,55500000,150000
R03-04387,32620000,60000
R03-04388,15310000,40000
R03-04389,31330000,60000
R03-04390,32160000,60000
R03-04391,16860000,40000
R03-04392,10340000,40000
R03-04393,36130000,150000
R03-04394,52930000,150000
R03-04395,22560000,60000
R03-04396,64710000,150000
R03-04397,10590000,40000
R03-04398,23570000,60000
R03-04399,47570000,150000
R03-04400,2690000,0
R03-04401,41240000,150000
R03-04402,72520000,300000
R03-04403,53580000,150000
R03-04404,64570000,150000
R03-04405,85310000,300000
R03-04406,63270000,150000
R03-04407,22540000,60000
R03-04408,32110000,60000
R03-04409,4550000,0
R03-04410,21440000,60000
R03-04411,95580000,300000
R03-04412,5570000,20000
R03-04413,41940000,150000
R03-04414,11070000,40000
R03-04415,35700000,150000
R03-04416,32140000,60000
R03-04417,76700000,300000
R03-04418,52430000,150000
R03-04419,1630000,0
R03-04420,28030000,60000
R03-04421,6020000,20000
R03-04422,45630000,150000
R03-04423,37580000,150000
R03-04424,44200000,150000
R03-04425,26590000,60000
R03-04426,24250000,60000
R03-04427,31660000,60000
R03-04428,67090000,300000
R03-04429,10670000,40000
R03-04430,74670000,300000
R03-04431,41980000,150000
R03-04432,55800000,150000
R03-04433,21840000,60000
R03-04434,90120000,300000
R03-04435,31410000,60000
R03-04436,59230000,150000
R03-04437,2370000,0
R03-04438,114440000,300000
R03-04439,70990000,300000
R03-04440,14590000,40000
R03-04441,23350000,60000
R03-04442,3260000,0
R03-04443,3190000,0
R03-04444,23110000,60000
R03-04445,33170000,60000
R03-04446,93350000,300000
R03-04447,102680000,300000
R03-04448,18550000,40000
R03-04449,4410000,0
R03-04450,21180000,60000
R03-04451,11930000,40000
R03-04452,26840000,60000
R03-04453,94480000,300000
R03-04454,33690000,150000
R03-04455,65940000,150000
R03-04456,32510000,60000
R03-04457,82600000,300000
R03-04458,16380000,40000
R03-04459,53160000,150000
R03-04460,2000000,0
R03-04461,29590000,60000
R03-04462,2600000,0
R03-04463,12590000,40000
R03-04464,41880000,150000
R03-04465,66750000,300000
R03-04466,91500000,300000
R03-04467,21570000,60000
R03-04468,45760000,150000
R03-04469,42560000,150000
R03-04470,55590000,150000
R03-04471,56030000,150000
R03-04472,44560000,150000
R03-04473,74870000,300000
R03-04474,360000,0
R03-04475,105420000,300000
R03-04476,82050000,300000
R03-04477,82840000,300000
R03-04478,7150000,20000
R03-04479,41680000,150000
R03-04480,42280000,150000
R03-04481,37290000,150000
R03-04482,34890000,150000
R03-04483,88200000,300000
R03-04484,11600000,40000
R03-04485,16040000,40000
R03-04486,91230000,300000
R03-04487,132940000,300000
R03-04488,76560000,300000
R03-04489,42740000,150000
R03-04490,2390000,0
R03-04491,42360000,150000
R03-04492,1440000,0
R03-04493,56020000,150000
R03-04494,11490000,40000
R03-04495,14030000,40000
R03-04496,3390000,0
R03-04497,3540000,0
R03-04498,50400000,150000
R03-04499,65430000,150000
R03-04500,66720000,300000
R03-04501,65270000,150000
R03-04502,3320000,0
R03-04503,132070000,300000
R03-04504,4170000,0
R03-04505,111250000,300000
R03-04506,14750000,40000
R03-04507,69730000,300000
R03-04508,15140000,40000
R03-04509,25590000,60000
R03-04510,11780000,40000
R03-04511,6050000,20000
R03-04512,80830000,300000
R03-04513,93690000,300000
R03-04514,93350000,300000
R03-04515,13930000,40000
R03-04516,2470000,0
R03-04517,3710000,0
R03-04518,2660000,0
R03-04519,73450000,300000
R03-04520,44130000,150000
R03-04521,42660000,150000
R03-04522,6920000,20000
R03-04523,71070000,300000
R03-04524,77020000,300000
R03-04525,61270000,150000
R03-04526,24160000,60000
R03-04527,34250000,150000
R03-04528,83940000,300000
R03-04529,1920000,0
R03-04530,54120000,150000
R03-04531,5360000,20000
R03-04532,33120000,60000
R03-04533,1540000,0
R03-04534,51930000,150000
R03-04535,31310000,60000
R03-04536,132130000,300000
R03-04537,30560000,60000
R03-04538,5990000,20000
R03-04539,71710000,300000
R03-04540,15690000,40000
R03-04541,33120000,60000
R03-04542,104750000,300000
R03-04543,75540000,300000
R03-04544,6240000,20000
R03-04545,34160000,150000
R03-04546,62530000,150000
R03-04547,57880000,150000
R03-04548,53930000,150000
R03-04549,26170000,60000
R03-04550,63290000,150000
R03-04551,117180000,300000
R03-04552,83730000,300000
R03-04553,24330000,60000
R03-04554,66610000,150000
R03-04555,7190000,20000
R03-04556,40790000,150000
R03-04557,14270000,40000
R03-04558,14940000,40000
R03-04559,2670000,0
R03-04560,14140000,40000
R03-04561,90870000,300000
R03-04562,51900000,150000
R03-04563,33130000,60000
R03-04564,54280000,150000
R03-04565,51250000,150000
R03-04566,32260000,60000
R03-04567,18570000,40000
R03-04568,11780000,40000
R03-04569,83360000,300000
R03-04570,41330000,150000
R03-04571,64660000,150000
R03-04572,13720000,40000
R03-04573,45480000,150000
R03-04574,54300000,150000
R03-04575,33130000,60000
R03-04576,57450000,150000
R03-04577,11930000,40000
R03-04578,61690000,150000
R03-04579,52250000,150000
R03-04580,11320000,40000
R03-04581,122260000,300000
R03-04582,93940000,300000
R03-04583,34720000,150000
R03-04584,55820000,150000
R03-04585,2400000,0
R03-04586,43210000,150000
R03-04587,35440000,150000
R03-04588,127060000,300000
R03-04589,13850000,40000
R03-04590,92610000,300000
R03-04591,26400000,60000
R03-04592,14230000,40000
R03-04593,55020000,150000
R03-04594,36170000,150000
R03-04595,51940000,150000
R03-04596,82910000,300000
R03-04597,6110000,20000
R03-04598,14010000,40000
R03-04599,65500000,150000
R03-04600,72480000,300000
R03-04601,12950000,40000
R03-04602,12630000,40000
R03-04603,3940000,0
R03-04604,10620000,40000
R03-04605,51680000,150000
R03-04606,23120000,60000
R03-04607,23890000,60000
R03-04608,14140000,40000
R03-04609,52220000,150000
R03-04610,61260000,150000
R03-04611,28150000,60000
R03-04612,141740000,600000
R03-04613,42280000,150000
R03-04614,12490000,40000
R03-04615,54190000,150000
R03-04616,43520000,150000
R03-04617,4260000,0
R03-04618,3080000,0
R03-04619,53660000,150000
R03-04620,30420000,60000
R03-04621,6440000,20000
R03-04622,1860000,0
R03-04623,12830000,40000
R03-04624,13340000,40000
R03-04625,75680000,300000
R03-04626,91900000,300000
R03-04627,91660000,300000
R03-04628,47190000,150000
R03-04629,12700000,40000
R03-04630,13620000,40000
R03-04631,63190000,150000
R03-04632,41680000,150000
R03-04633,96080000,300000
R03-04634,4520000,0
R03-04635,82230000,300000
R03-04636,1110000,0
R03-04637,12850000,40000
R03-04638,60980000,150000
R03-04639,47750000,150000
R03-04640,41980000,150000
R03-04641,81320000,300000
R03-04642,19600000,40000
R03-04643,42630000,150000
R03-04644,5020000,20000
R03-04645,22080000,60000
R03-04646,65080000,150000
R03-04647,23580000,60000
R03-04648,47150000,150000
R03-04649,83140000,300000
R03-04650,16420000,40000
R03-04651,13290000,40000
R03-04652,46790000,150000
R03-04653,72070000,300000
R03-04654,72210000,300000
R03-04655,56280000,150000
R03-04656,21110000,60000
R03-04657,41740000,150000
R03-04658,42700000,150000
R03-04659,31430000,60000
R03-04660,87050000,300000
R03-04661,45340000,150000
R03-04662,17290000,40000
R03-04663,24360000,60000
R03-04664,34180000,150000
R03-04665,11980000,40000
R03-04666,41780000,150000
R03-04667,33100000,60000
R03-04668,22830000,60000
R03-04669,75640000,300000
R03-04670,34910000,150000
R03-04671,43510000,150000
R03-04672,16500000,40000
R03-04673,82180000,300000
R03-04674,122550000,300000
R03-04675,3850000,0
R03-04676,72900000,300000
R03-04677,122770000,300000
R03-04678,64530000,150000
R03-04679,54110000,150000
R03-04680,106220000,300000
R03-04681,78950000,300000
R03-04682,54290000,150000
R03-04683,84870000,300000
R03-04684,14860000,40000
R03-04685,1890000,0
R03-04686,52430000,150000
R03-04687,53510000,150000
R03-04688,94210000,300000
R03-04689,27840000,60000
R03-04690,82850000,300000
R03-04691,37200000,150000
R03-04692,12300000,40000
R03-04693,43790000,150000
R03-04694,44960000,150000
R03-04695,41210000,150000
R03-04696,43560000,150000
R03-04697,3220000,0
R03-04698,23340000,60000
R03-04699,73940000,300000
R03-04700,52250000,150000
R03-04701,13710000,40000
R03-04702,30810000,60000
R03-04703,42280000,150000
R03-04704,33620000,150000
R03-04705,41610000,150000
R03-04706,3500000,0
R03-04707,91150000,300000
R03-04708,4580000,0
R03-04709,52060000,150000
R03-04710,79110000,300000
R03-04711,55080000,150000
R03-04712,12760000,40000
R03-04713,16450000,40000
R03-04714,2540000,0
R03-04715,18440000,40000
R03-04716,48700000,150000
R03-04717,53120000,150000
R03-04718,24480000,60000
R03-04719,73010000,300000
R03-04720,102160000,300000
R03-04721,44240000,150000
R03-04722,51560000,150000
R03-04723,7120000,20000
R03-04724,94420000,300000
R03-04725,123560000,300000
R03-04726,1560000,0
R03-04727,73280000,300000
R03-04728,60570000,150000
R03-04729,14420000,40000
R03-04730,15800000,40000
R03-04731,23330000,60000
R03-04732,51080000,150000
R03-04733,4090000,0
R03-04734,58480000,150000
R03-04735,81760000,300000
R03-04736,33220000,60000
R03-04737,45410000,150000
R03-04738,82050000,300000
R03-04739,34750000,150000
R03-04740,31530000,60000
R03-04741,88530000,300000
R03-04742,14250000,40000
R03-04743,2460000,0
R03-04744,12290000,40000
R03-04745,35930000,150000
R03-04746,2130000,0
R03-04747,25420000,60000
R03-04748,5190000,20000
R03-04749,33850000,150000
R03-04750,28180000,60000
R03-04751,91700000,300000
R03-04752,61100000,150000
R03-04753,1710000,0
R03-04754,52130000,150000
R03-04755,13890000,40000
R03-04756,13350000,40000
R03-04757,61810000,150000
R03-04758,22210000,60000
R03-04759,74280000,300000
R03-04760,93040000,300000
R03-04761,74920000,300000
R03-04762,15150000,40000
R03-04763,4700000,0
R03-04764,82850000,300000
R03-04765,50410000,150000
R03-04766,14880000,40000
R03-04767,53300000,150000
R03-04768,75760000,300000
R03-04769,4370000,0
R03-04770,14010000,40000
R03-04771,4770000,0
R03-04772,67140000,300000
R03-04773,146820000,600000
R03-04774,20820000,60000
R03-04775,86180000,300000
R03-04776,20850000,60000
R03-04777,32670000,60000
R03-04778,82040000,300000
R03-04779,93510000,300000
R03-04780,51900000,150000
R03-04781,48150000,150000
R03-04782,37720000,150000
R03-04783,65480000,150000
R03-04784,13360000,40000
R03-04785,33660000,150000
R03-04786,30830000,60000
R03-04787,57310000,150000
R03-04788,44180000,150000
R03-04789,16560000,40000
R03-04790,25580000,60000
R03-04791,80950000,300000
R03-04792,61800000,150000
R03-04793,46970000,150000
R03-04794,43420000,150000
R03-04795,77790000,300000
R03-04796,83500000,300000
R03-04797,82860000,300000
R03-04798,10890000,40000
R03-04799,84470000,300000
R03-04800,22420000,60000
R03-04801,3670000,0
R03-04802,34220000,150000
R03-04803,53900000,150000
R03-04804,4930000,0
R03-04805,47270000,150000
R03-04806,73360000,300000
R03-04807,10100000,40000
R03-04808,13330000,40000
R03-04809,67940000,300000
R03-04810,111780000,300000
R03-04811,61320000,150000
R03-04812,22800000,60000
R03-04813,78720000,300000
R03-04814,64120000,150000
R03-04815,6140000,20000
R03-04816,27700000,60000
R03-04817,33180000,60000
R03-04818,63660000,150000
R03-04819,12780000,40000
R03-04820,42550000,150000
R03-04821,102490000,300000
R03-04822,81610000,300000
R03-04823,36490000,150000
R03-04824,45910000,150000
R03-04825,41460000,150000
R03-04826,37870000,150000
R03-04827,2750000,0
R03-04828,61660000,150000
R03-04829,105740000,300000
R03-04830,1540000,0
R03-04831,15360000,40000
R03-04832,96790000,300000
R03-04833,12080000,40000
R03-04834,13400000,40000
R03-04835,12960000,40000
R03-04836,25050000,60000
R03-04837,50720000,150000
R03-04838,33330000,60000
R03-04839,57270000,150000
R03-04840,98470000,300000
R03-04841,12940000,40000
R03-04842,98810000,300000
R03-04843,61510000,150000
R03-04844,9540000,20000
