고객ID,타사이전금액,혜택금액
R06-00000,95700000,300000
R06-00001,64300000,150000
R06-00002,104930000,300000
R06-00003,21550000,60000
R06-00004,39140000,150000
R06-00005,26030000,60000
R06-00006,53030000,150000
R06-00007,45330000,150000
R06-00008,31570000,60000
R06-00009,13340000,40000
R06-00010,64710000,150000
R06-00011,6700000,20000
R06-00012,103480000,300000
R06-00013,2450000,0
R06-00014,47060000,150000
R06-00015,94270000,300000
R06-00016,1860000,0
R06-00017,57000000,150000
R06-00018,4900000,0
R06-00019,52240000,150000
R06-00020,4610000,0
R06-00021,26850000,60000
R06-00022,23070000,60000
R06-00023,53330000,150000
R06-00024,91510000,300000
R06-00025,35610000,150000
R06-00026,62000000,150000
R06-00027,9130000,20000
R06-00028,23840000,60000
R06-00029,25020000,60000
R06-00030,11810000,40000
R06-00031,23060000,60000
R06-00032,63450000,150000
R06-00033,36550000,150000
R06-00034,1690000,0
R06-00035,40510000,150000
R06-00036,3960000,0
R06-00037,62250000,150000
R06-00038,1210000,0
R06-00039,54580000,150000
R06-00040,88680000,300000
R06-00041,5660000,20000
R06-00042,2950000,0
R06-00043,3970000,0
R06-00044,2720000,0
R06-00045,36860000,150000
R06-00046,27180000,60000
R06-00047,25000000,60000
R06-00048,81200000,300000
R06-00049,84600000,300000
R06-00050,66150000,150000
R06-00051,64280000,150000
R06-00052,23710000,60000
R06-00053,37250000,150000
R06-00054,27210000,60000
R06-00055,82110000,300000
R06-00056,15180000,40000
R06-00057,78670000,300000
R06-00058,64610000,150000
R06-00059,52960000,150000
R06-00060,51390000,150000
R06-00061,34570000,150000
R06-00062,3590000,0
R06-00063,31110000,60000
R06-00064,600000,0
R06-00065,41210000,150000
R06-00066,31060000,60000
R06-00067,18190000,40000
R06-00068,94950000,300000
R06-00069,41260000,150000
R06-00070,54290000,150000
R06-00071,14060000,40000
R06-00072,46360000,150000
R06-00073,91730000,300000
R06-00074,30510000,60000
R06-00075,2850000,0
R06-00076,110680000,300000
R06-00077,45220000,150000
R06-00078,68110000,300000
R06-00079,62650000,150000
R06-00080,82670000,300000
R06-00081,22220000,60000
R06-00082,66770000,300000
R06-00083,81010000,300000
R06-00084,32460000,60000
R06-00085,62840000,150000
R06-00086,44720000,150000
R06-00087,59350000,150000
R06-00088,45640000,150000
R06-00089,93820000,300000
R06-00090,30800000,60000
R06-00091,75380000,300000
R06-00092,21480000,60000
R06-00093,123150000,300000
R06-00094,1740000,0
R06-00095,21470000,60000
R06-00096,81690000,300000
R06-00097,45790000,150000
R06-00098,33710000,150000
R06-00099,46890000,150000
R06-00100,33030000,60000
R06-00101,63280000,150000
R06-00102,82440000,300000
R06-00103,24330000,60000
R06-00104,4330000,0
R06-00105,10540000,40000
R06-00106,54230000,150000
R06-00107,78370000,300000
R06-00108,37150000,150000
R06-00109,28960000,60000
R06-00110,25480000,60000
R06-00111,94070000,300000
R06-00112,2580000,0
R06-00113,62560000,150000
R06-00114,7990000,20000
R06-00115,15870000,40000
R06-00116,16850000,40000
R06-00117,2120000,0
R06-00118,27890000,60000
R06-00119,3240000,0
R06-00120,43960000,150000
R06-00121,43630000,150000
R06-00122,63330000,150000
R06-00123,14720000,40000
R06-00124,1800000,0
R06-00125,11540000,40000
R06-00126,52980000,150000
R06-00127,13140000,40000
R06-00128,56450000,150000
R06-00129,67700000,300000
R06-00130,42740000,150000
R06-00131,45870000,150000
R06-00132,85700000,300000
R06-00133,84640000,300000
R06-00134,27700000,60000
R06-00135,2710000,0
R06-00136,33400000,150000
R06-00137,36130000,150000
R06-00138,17410000,40000
R06-00139,16260000,40000
R06-00140,16910000,40000
R06-00141,35800000,150000
R06-00142,44490000,150000
R06-00143,146270000,600000
R06-00144,12040000,40000
R06-00145,69190000,300000
R06-00146,44320000,150000
R06-00147,2450000,0
R06-00148,1740000,0
R06-00149,21330000,60000
R06-00150,116900000,300000
R06-00151,3250000,0
R06-00152,103180000,300000
R06-00153,24030000,60000
R06-00154,22280000,60000
R06-00155,63110000,150000
R06-00156,33490000,150000
R06-00157,2580000,0
R06-00158,51140000,150000
R06-00159,82430000,300000
R06-00160,25370000,60000
R06-00161,44340000,150000
R06-00162,42560000,150000
R06-00163,50490000,150000
R06-00164,32670000,60000
R06-00165,61340000,150000
R06-00166,31500000,60000
R06-00167,37580000,150000
R06-00168,43400000,150000
R06-00169,71520000,300000
R06-00170,96470000,300000
R06-00171,47760000,150000
R06-00172,11650000,40000
R06-00173,76240000,300000
R06-00174,4250000,0
R06-00175,2280000,0
R06-00176,64450000,150000
R06-00177,95570000,300000
R06-00178,62300000,150000
R06-00179,10470000,40000
R06-00180,96090000,300000
R06-00181,24970000,60000
R06-00182,61190000,150000
R06-00183,36860000,150000
R06-00184,52820000,150000
R06-00185,54480000,150000
R06-00186,3740000,0
R06-00187,92200000,300000
R06-00188,102360000,300000
R06-00189,44550000,150000
R06-00190,63750000,150000
R06-00191,86930000,300000
R06-00192,8860000,20000
R06-00193,34710000,150000
R06-00194,113340000,300000
R06-00195,2310000,0
R06-00196,74960000,300000
R06-00197,21340000,60000
R06-00198,216120000,1000000
R06-00199,11890000,40000
R06-00200,34290000,150000
R06-00201,82810000,300000
R06-00202,31290000,60000
R06-00203,26420000,60000
R06-00204,17410000,40000
R06-00205,41900000,150000
R06-00206,22470000,60000
R06-00207,32220000,60000
R06-00208,23790000,60000
R06-00209,24350000,60000
R06-00210,15420000,40000
R06-00211,82480000,300000
R06-00212,18270000,40000
R06-00213,6760000,20000
R06-00214,35220000,150000
R06-00215,77440000,300000
R06-00216,10700000,40000
R06-00217,34050000,150000
R06-00218,4940000,0
R06-00219,52020000,150000
R06-00220,21100000,60000
R06-00221,22910000,60000
R06-00222,62370000,150000
R06-00223,70630000,300000
R06-00224,44120000,150000
R06-00225,2170000,0
R06-00226,24050000,60000
R06-00227,53370000,150000
R06-00228,84940000,300000
R06-00229,101870000,300000
R06-00230,17810000,40000
R06-00231,21590000,60000
R06-00232,2750000,0
R06-00233,82080000,300000
R06-00234,4600000,0
R06-00235,75490000,300000
R06-00236,32560000,60000
R06-00237,54310000,150000
R06-00238,27540000,60000
R06-00239,7870000,20000
R06-00240,4030000,0
R06-00241,15780000,40000
R06-00242,14830000,40000
R06-00243,6200000,20000
R06-00244,52210000,150000
R06-00245,34740000,150000
R06-00246,22920000,60000
R06-00247,33800000,150000
R06-00248,56600000,150000
R06-00249,43380000,150000
R06-00250,222280000,1000000
R06-00251,43700000,150000
R06-00252,1590000,0
R06-00253,70810000,300000
R06-00254,11690000,40000
R06-00255,76600000,300000
R06-00256,6570000,20000
R06-00257,15990000,40000
R06-00258,20500000,60000
R06-00259,44650000,150000
R06-00260,41120000,150000
R06-00261,111140000,300000
R06-00262,33190000,60000
R06-00263,48330000,150000
R06-00264,24790000,60000
R06-00265,31770000,60000
R06-00266,73110000,300000
R06-00267,54690000,150000
R06-00268,14720000,40000
R06-00269,2640000,0
R06-00270,3760000,0
R06-00271,11400000,40000
R06-00272,63620000,150000
R06-00273,25950000,60000
R06-00274,33900000,150000
R06-00275,930000,0
R06-00276,3050000,0
R06-00277,12470000,40000
R06-00278,92700000,300000
R06-00279,103930000,300000
R06-00280,43280000,150000
R06-00281,4340000,0
R06-00282,62230000,150000
R06-00283,4400000,0
R06-00284,31980000,60000
R06-00285,110770000,300000
R06-00286,66060000,150000
R06-00287,80140000,300000
R06-00288,53740000,150000
R06-00289,13200000,40000
R06-00290,22880000,60000
R06-00291,51650000,150000
R06-00292,56850000,150000
R06-00293,96820000,300000
R06-00294,8100000,20000
R06-00295,13220000,40000
R06-00296,81060000,300000
R06-00297,28950000,60000
R06-00298,43290000,150000
R06-00299,1580000,0
R06-00300,112870000,300000
R06-00301,76830000,300000
R06-00302,94590000,300000
R06-00303,3390000,0
R06-00304,102020000,300000
R06-00305,14520000,40000
R06-00306,155690000,600000
R06-00307,113140000,300000
R06-00308,5980000,20000
R06-00309,71700000,300000
R06-00310,23380000,60000
R06-00311,47870000,150000
R06-00312,143140000,600000
R06-00313,123740000,300000
R06-00314,17450000,40000
R06-00315,13730000,40000
R06-00316,55100000,150000
R06-00317,99060000,300000
R06-00318,93420000,300000
R06-00319,94860000,300000
R06-00320,42780000,150000
R06-00321,3670000,0
R06-00322,44180000,150000
R06-00323,26980000,60000
R06-00324,81180000,300000
R06-00325,84140000,300000
R06-00326,23980000,60000
R06-00327,53770000,150000
R06-00328,14820000,40000
R06-00329,41410000,150000
R06-00330,73300000,300000
R06-00331,62010000,150000
R06-00332,73740000,300000
R06-00333,2130000,0
R06-00334,32260000,60000
R06-00335,97380000,300000
R06-00336,29200000,60000
R06-00337,27790000,60000
R06-00338,38740000,150000
R06-00339,61660000,150000
R06-00340,79340000,300000
R06-00341,44520000,150000
R06-00342,46080000,150000
R06-00343,95780000,300000
R06-00344,145270000,600000
R06-00345,87280000,300000
R06-00346,82910000,300000
R06-00347,34170000,150000
R06-00348,2610000,0
R06-00349,47810000,150000
R06-00350,3690000,0
R06-00351,1430000,0
R06-00352,44380000,150000
R06-00353,38310000,150000
R06-00354,42580000,150000
R06-00355,11330000,40000
R06-00356,2120000,0
R06-00357,11190000,40000
R06-00358,73760000,300000
R06-00359,1220000,0
R06-00360,4890000,0
R06-00361,44930000,150000
R06-00362,33280000,60000
R06-00363,21560000,60000
R06-00364,61790000,150000
R06-00365,103430000,300000
R06-00366,2040000,0
R06-00367,68520000,300000
R06-00368,86240000,300000
R06-00369,54900000,150000
R06-00370,2360000,0
R06-00371,54700000,150000
R06-00372,50580000,150000
R06-00373,89020000,300000
R06-00374,43650000,150000
R06-00375,61680000,150000
R06-00376,126190000,300000
R06-00377,55070000,150000
R06-00378,16220000,40000
R06-00379,42440000,150000
R06-00380,3760000,0
R06-00381,32610000,60000
R06-00382,35450000,150000
R06-00383,82360000,300000
R06-00384,18490000,40000
R06-00385,122270000,300000
R06-00386,72750000,300000
R06-00387,15280000,40000
R06-00388,64870000,150000
R06-00389,116390000,300000
R06-00390,22130000,60000
R06-00391,85580000,300000
R06-00392,92270000,300000
R06-00393,3040000,0
R06-00394,11410000,40000
R06-00395,6290000,20000
R06-00396,47480000,150000
R06-00397,32500000,60000
R06-00398,31510000,60000
R06-00399,96350000,300000
R06-00400,35020000,150000
R06-00401,44530000,150000
R06-00402,48170000,150000
R06-00403,67670000,300000
R06-00404,15940000,40000
R06-00405,157100000,600000
R06-00406,47880000,150000
R06-00407,62310000,150000
R06-00408,60620000,150000
R06-00409,32560000,60000
R06-00410,52330000,150000
R06-00411,22830000,60000
R06-00412,82270000,300000
R06-00413,81620000,300000
R06-00414,22820000,60000
R06-00415,55010000,150000
R06-00416,13610000,40000
R06-00417,61720000,150000
R06-00418,25690000,60000
R06-00419,55470000,150000
R06-00420,66650000,150000
R06-00421,51310000,150000
R06-00422,62150000,150000
R06-00423,63730000,150000
R06-00424,34690000,150000
R06-00425,2440000,0
R06-00426,34670000,150000
R06-00427,21520000,60000
R06-00428,1480000,0
R06-00429,42010000,150000
R06-00430,6600000,20000
R06-00431,51660000,150000
R06-00432,22160000,60000
R06-00433,64200000,150000
R06-00434,15870000,40000
R06-00435,33600000,150000
R06-00436,96260000,300000
R06-00437,63170000,150000
R06-00438,39550000,150000
R06-00439,133540000,600000
R06-00440,125440000,300000
R06-00441,41530000,150000
R06-00442,32870000,60000
R06-00443,73760000,300000
R06-00444,54700000,150000
R06-00445,11920000,40000
R06-00446,43990000,150000
R06-00447,32150000,60000
R06-00448,16170000,40000
R06-00449,65680000,150000
R06-00450,62980000,150000
R06-00451,53350000,150000
R06-00452,77830000,300000
R06-00453,16010000,40000
R06-00454,42920000,150000
R06-00455,32840000,60000
R06-00456,90650000,300000
R06-00457,23900000,60000
R06-00458,26410000,60000
R06-00459,55830000,150000
R06-00460,47280000,150000
R06-00461,51600000,150000
R06-00462,148200000,600000
R06-00463,54950000,150000
R06-00464,1360000,0
R06-00465,53290000,150000
R06-00466,3660000,0
R06-00467,41640000,150000
R06-00468,122500000,300000
R06-00469,33150000,60000
R06-00470,14550000,40000
R06-00471,45060000,150000
R06-00472,82610000,300000
R06-00473,45170000,150000
R06-00474,81840000,300000
R06-00475,61650000,150000
R06-00476,92190000,300000
R06-00477,1910000,0
R06-00478,32580000,60000
R06-00479,58150000,150000
R06-00480,5560000,20000
R06-00481,7920000,20000
R06-00482,26400000,60000
R06-00483,2660000,0
R06-00484,11760000,40000
R06-00485,1820000,0
R06-00486,33300000,60000
R06-00487,2340000,0
R06-00488,2560000,0
R06-00489,62060000,150000
R06-00490,94990000,300000
R06-00491,47790000,150000
R06-00492,41670000,150000
R06-00493,62830000,150000
R06-00494,45050000,150000
R06-00495,1860000,0
R06-00496,42710000,150000
R06-00497,96780000,300000
R06-00498,85420000,300000
R06-00499,1710000,0
R06-00500,34250000,150000
R06-00501,21980000,60000
R06-00502,41230000,150000
R06-00503,20350000,60000
R06-00504,3110000,0
R06-00505,91320000,300000
R06-00506,103720000,300000
R06-00507,82010000,300000
R06-00508,22720000,60000
R06-00509,15120000,40000
R06-00510,21850000,60000
R06-00511,35640000,150000
R06-00512,57580000,150000
R06-00513,15340000,40000
R06-00514,700000,0
R06-00515,22020000,60000
R06-00516,37900000,150000
R06-00517,61190000,150000
R06-00518,75650000,300000
R06-00519,101590000,300000
R06-00520,57580000,150000
R06-00521,7790000,20000
R06-00522,127900000,300000
R06-00523,41210000,150000
R06-00524,116050000,300000
R06-00525,56040000,150000
R06-00526,24220000,60000
R06-00527,105010000,300000
R06-00528,14470000,40000
R06-00529,132840000,300000
R06-00530,82260000,300000
R06-00531,80470000,300000
R06-00532,83660000,300000
R06-00533,64020000,150000
R06-00534,72650000,300000
R06-00535,76180000,300000
R06-00536,23060000,60000
R06-00537,26780000,60000
R06-00538,33330000,60000
R06-00539,8110000,20000
R06-00540,125630000,300000
R06-00541,18530000,40000
R06-00542,26400000,60000
R06-00543,94930000,300000
R06-00544,6600000,20000
R06-00545,81930000,300000
R06-00546,36590000,150000
R06-00547,111650000,300000
R06-00548,890000,0
R06-00549,27440000,60000
R06-00550,43160000,150000
R06-00551,950000,0
R06-00552,32180000,60000
R06-00553,32840000,60000
R06-00554,37040000,150000
R06-00555,28290000,60000
R06-00556,36550000,150000
R06-00557,14960000,40000
R06-00558,22760000,60000
R06-00559,81760000,300000
R06-00560,21280000,60000
R06-00561,4160000,0
R06-00562,5010000,20000
R06-00563,23560000,60000
R06-00564,45030000,150000
R06-00565,22730000,60000
R06-00566,17180000,40000
R06-00567,1710000,0
R06-00568,4350000,0
R06-00569,63910000,150000
R06-00570,26560000,60000
R06-00571,63570000,150000
R06-00572,12680000,40000
R06-00573,12370000,40000
R06-00574,14370000,40000
R06-00575,22480000,60000
R06-00576,69030000,300000
R06-00577,83220000,300000
R06-00578,62160000,150000
R06-00579,101710000,300000
R06-00580,30950000,60000
R06-00581,57410000,150000
R06-00582,92970000,300000
R06-00583,94400000,300000
R06-00584,51250000,150000
R06-00585,101310000,300000
R06-00586,13690000,40000
R06-00587,12420000,40000
R06-00588,114440000,300000
R06-00589,43970000,150000
R06-00590,16420000,40000
R06-00591,5590000,20000
R06-00592,76190000,300000
R06-00593,1370000,0
R06-00594,5350000,20000
R06-00595,4360000,0
R06-00596,73970000,300000
R06-00597,43300000,150000
R06-00598,31640000,60000
R06-00599,10570000,40000
R06-00600,42420000,150000
R06-00601,113830000,300000
R06-00602,62000000,150000
R06-00603,7600000,20000
R06-00604,63880000,150000
R06-00605,1950000,0
R06-00606,1910000,0
R06-00607,44390000,150000
R06-00608,34960000,150000
R06-00609,56940000,150000
R06-00610,5090000,20000
R06-00611,3490000,0
R06-00612,105960000,300000
R06-00613,77070000,300000
R06-00614,34100000,150000
R06-00615,24330000,60000
R06-00616,132720000,300000
R06-00617,51920000,150000
R06-00618,76590000,300000
R06-00619,33170000,60000
R06-00620,37840000,150000
R06-00621,85380000,300000
R06-00622,77870000,300000
R06-00623,30630000,60000
R06-00624,2970000,0
R06-00625,21800000,60000
R06-00626,35230000,150000
R06-00627,78360000,300000
R06-00628,1590000,0
R06-00629,21100000,60000
R06-00630,22810000,60000
R06-00631,61950000,150000
R06-00632,5300000,20000
R06-00633,42120000,150000
R06-00634,93350000,300000
R06-00635,4660000,0
R06-00636,20710000,60000
R06-00637,34210000,150000
R06-00638,14590000,40000
R06-00639,103360000,300000
R06-00640,12210000,40000
R06-00641,3160000,0
R06-00642,3570000,0
R06-00643,94110000,300000
R06-00644,56480000,150000
R06-00645,10940000,40000
R06-00646,5300000,20000
R06-00647,54690000,150000
R06-00648,30910000,60000
R06-00649,41070000,150000
R06-00650,5040000,20000
R06-00651,26900000,60000
R06-00652,6620000,20000
R06-00653,14170000,40000
R06-00654,17820000,40000
R06-00655,34490000,150000
R06-00656,156200000,600000
R06-00657,14700000,40000
R06-00658,13140000,40000
R06-00659,22990000,60000
R06-00660,32540000,60000
R06-00661,63960000,150000
R06-00662,86610000,300000
R06-00663,63660000,150000
R06-00664,37220000,150000
R06-00665,45220000,150000
R06-00666,7420000,20000
R06-00667,53100000,150000
R06-00668,115470000,300000
R06-00669,2830000,0
R06-00670,62320000,150000
R06-00671,64470000,150000
R06-00672,5600000,20000
R06-00673,31940000,60000
R06-00674,43880000,150000
R06-00675,62000000,150000
R06-00676,44070000,150000
R06-00677,22280000,60000
R06-00678,70130000,300000
R06-00679,11950000,40000
R06-00680,3280000,0
R06-00681,23170000,60000
R06-00682,25780000,60000
R06-00683,43620000,150000
R06-00684,11740000,40000
R06-00685,170000,0
R06-00686,42720000,150000
R06-00687,53980000,150000
R06-00688,2730000,0
R06-00689,73030000,300000
R06-00690,82800000,300000
R06-00691,8660000,20000
R06-00692,112490000,300000
R06-00693,12440000,40000
R06-00694,22140000,60000
R06-00695,114360000,300000
R06-00696,21630000,60000
R06-00697,22350000,60000
R06-00698,22650000,60000
R06-00699,6950000,20000
R06-00700,580000,0
R06-00701,28390000,60000
R06-00702,18730000,40000
R06-00703,45150000,150000
R06-00704,13800000,40000
R06-00705,8890000,20000
R06-00706,45300000,150000
R06-00707,126320000,300000
R06-00708,21570000,60000
R06-00709,24550000,60000
R06-00710,21510000,60000
R06-00711,54730000,150000
R06-00712,15180000,40000
R06-00713,67120000,300000
R06-00714,121410000,300000
R06-00715,72170000,300000
R06-00716,5600000,20000
R06-00717,138010000,600000
R06-00718,41950000,150000
R06-00719,40940000,150000
R06-00720,101140000,300000
R06-00721,31330000,60000
R06-00722,35070000,150000
R06-00723,18450000,40000
R06-00724,28070000,60000
R06-00725,36580000,150000
R06-00726,55960000,150000
R06-00727,34080000,150000
R06-00728,38520000,150000
R06-00729,42680000,150000
R06-00730,112650000,300000
R06-00731,57170000,150000
R06-00732,53000000,150000
R06-00733,46730000,150000
R06-00734,8800000,20000
R06-00735,4090000,0
R06-00736,5140000,20000
R06-00737,32140000,60000
R06-00738,23740000,60000
R06-00739,22630000,60000
R06-00740,62530000,150000
R06-00741,77930000,300000
R06-00742,72890000,300000
R06-00743,53340000,150000
R06-00744,84320000,300000
R06-00745,12690000,40000
R06-00746,42900000,150000
R06-00747,42740000,150000
R06-00748,27350000,60000
R06-00749,43810000,150000
R06-00750,42810000,150000
R06-00751,54520000,150000
R06-00752,62000000,150000
R06-00753,65300000,150000
R06-00754,42710000,150000
R06-00755,57160000,150000
R06-00756,39160000,150000
R06-00757,140730000,600000
R06-00758,65530000,150000
R06-00759,3290000,0
R06-00760,4450000,0
R06-00761,83770000,300000
R06-00762,27540000,60000
R06-00763,67290000,300000
R06-00764,86140000,300000
R06-00765,43640000,150000
R06-00766,73510000,300000
R06-00767,56720000,150000
R06-00768,42620000,150000
R06-00769,65690000,150000
R06-00770,3270000,0
R06-00771,2080000,0
R06-00772,21950000,60000
R06-00773,116950000,300000
R06-00774,42940000,150000
R06-00775,30990000,60000
R06-00776,92620000,300000
R06-00777,3150000,0
R06-00778,84780000,300000
R06-00779,20540000,60000
R06-00780,2380000,0
R06-00781,108360000,300000
R06-00782,5090000,20000
R06-00783,16680000,40000
R06-00784,1870000,0
R06-00785,27930000,60000
R06-00786,24720000,60000
R06-00787,44650000,150000
R06-00788,11390000,40000
R06-00789,15330000,40000
R06-00790,6370000,20000
R06-00791,174920000,600000
R06-00792,31810000,60000
R06-00793,42320000,150000
R06-00794,65450000,150000
R06-00795,30620000,60000
R06-00796,62290000,150000
R06-00797,104230000,300000
R06-00798,100670000,300000
R06-00799,22710000,60000
R06-00800,77470000,300000
R06-00801,1890000,0
R06-00802,2180000,0
R06-00803,1520000,0
R06-00804,125080000,300000
R06-00805,37690000,150000
R06-00806,45250000,150000
R06-00807,43310000,150000
R06-00808,110600000,300000
R06-00809,153480000,600000
R06-00810,117990000,300000
R06-00811,141190000,600000
R06-00812,4780000,0
R06-00813,1130000,0
R06-00814,66820000,300000
R06-00815,72300000,300000
R06-00816,12110000,40000
R06-00817,82460000,300000
R06-00818,24790000,60000
R06-00819,113090000,300000
R06-00820,15450000,40000
R06-00821,86740000,300000
R06-00822,330000,0
R06-00823,12640000,40000
R06-00824,52210000,150000
R06-00825,12970000,40000
R06-00826,43910000,150000
R06-00827,61540000,150000
R06-00828,1720000,0
R06-00829,58470000,150000
R06-00830,20230000,60000
R06-00831,84150000,300000
R06-00832,26890000,60000
R06-00833,43410000,150000
R06-00834,93120000,300000
R06-00835,36040000,150000
R06-00836,43880000,150000
R06-00837,34940000,150000
R06-00838,32050000,60000
R06-00839,52550000,150000
R06-00840,104160000,300000
R06-00841,16650000,40000
R06-00842,81660000,300000
R06-00843,30730000,60000
R06-00844,54160000,150000
R06-00845,72250000,300000
R06-00846,26990000,60000
R06-00847,4400000,0
R06-00848,5170000,20000
R06-00849,25190000,60000
R06-00850,27920000,60000
R06-00851,52630000,150000
R06-00852,21490000,60000
R06-00853,3880000,0
R06-00854,5570000,20000
R06-00855,116210000,300000
R06-00856,31420000,60000
R06-00857,90640000,300000
R06-00858,36180000,150000
R06-00859,12550000,40000
R06-00860,24050000,60000
R06-00861,72670000,300000
R06-00862,67810000,300000
R06-00863,34390000,150000
R06-00864,4100000,0
R06-00865,13980000,40000
R06-00866,21790000,60000
R06-00867,12180000,40000
R06-00868,32070000,60000
R06-00869,40990000,150000
R06-00870,12820000,40000
R06-00871,44680000,150000
R06-00872,20990000,60000
R06-00873,82550000,300000
R06-00874,4680000,0
R06-00875,21270000,60000
R06-00876,43690000,150000
R06-00877,73140000,300000
R06-00878,4160000,0
R06-00879,12990000,40000
R06-00880,62580000,150000
R06-00881,82390000,300000
R06-00882,81690000,300000
R06-00883,90580000,300000
R06-00884,54370000,150000
R06-00885,42320000,150000
R06-00886,61530000,150000
R06-00887,64340000,150000
R06-00888,22600000,60000
R06-00889,24530000,60000
R06-00890,65830000,150000
R06-00891,51550000,150000
R06-00892,63930000,150000
R06-00893,5930000,20000
R06-00894,78940000,300000
R06-00895,24290000,60000
R06-00896,51450000,150000
R06-00897,13040000,40000
R06-00898,82650000,300000
R06-00899,32130000,60000
R06-00900,4220000,0
R06-00901,72030000,300000
R06-00902,34440000,150000
R06-00903,24360000,60000
R06-00904,11620000,40000
R06-00905,103450000,300000
R06-00906,17560000,40000
R06-00907,2370000,0
R06-00908,63900000,150000
R06-00909,91940000,300000
R06-00910,2050000,0
R06-00911,1470000,0
R06-00912,67260000,300000
R06-00913,48610000,150000
R06-00914,5380000,20000
R06-00915,86340000,300000
R06-00916,53260000,150000
R06-00917,17100000,40000
R06-00918,22530000,60000
R06-00919,37700000,150000
R06-00920,4340000,0
R06-00921,108690000,300000
R06-00922,86080000,300000
R06-00923,57160000,150000
R06-00924,94760000,300000
R06-00925,15620000,40000
R06-00926,51360000,150000
R06-00927,83750000,300000
R06-00928,85680000,300000
R06-00929,66090000,150000
R06-00930,7630000,20000
R06-00931,11850000,40000
R06-00932,18420000,40000
R06-00933,2490000,0
R06-00934,76990000,300000
R06-00935,42960000,150000
R06-00936,3350000,0
R06-00937,75490000,300000
R06-00938,84160000,300000
R06-00939,71420000,300000
R06-00940,35430000,150000
R06-00941,6480000,20000
R06-00942,84800000,300000
R06-00943,34620000,150000
R06-00944,14350000,40000
R06-00945,30450000,60000
R06-00946,24700000,60000
R06-00947,42490000,150000
R06-00948,52010000,150000
R06-00949,5780000,20000
R06-00950,37220000,150000
R06-00951,103500000,300000
R06-00952,4300000,0
R06-00953,84940000,300000
R06-00954,13190000,40000
R06-00955,13940000,40000
R06-00956,28170000,60000
R06-00957,8290000,20000
R06-00958,22270000,60000
R06-00959,73430000,300000
R06-00960,57260000,150000
R06-00961,34510000,150000
R06-00962,46420000,150000
R06-00963,52800000,150000
R06-00964,63030000,150000
R06-00965,52420000,150000
R06-00966,40840000,150000
R06-00967,22530000,60000
R06-00968,30990000,60000
R06-00969,42490000,150000
R06-00970,25530000,60000
R06-00971,42390000,150000
R06-00972,11550000,40000
R06-00973,4460000,0
R06-00974,64360000,150000
R06-00975,31830000,60000
R06-00976,55170000,150000
R06-00977,43260000,150000
R06-00978,95890000,300000
R06-00979,1520000,0
R06-00980,71870000,300000
R06-00981,47940000,150000
R06-00982,92560000,300000
R06-00983,20840000,60000
R06-00984,43880000,150000
R06-00985,65830000,150000
R06-00986,34080000,150000
R06-00987,3000000,0
R06-00988,15870000,40000
R06-00989,62230000,150000
R06-00990,21880000,60000
R06-00991,73150000,300000
R06-00992,2130000,0
R06-00993,102000000,300000
R06-00994,24570000,60000
R06-00995,12340000,40000
R06-00996,34050000,150000
R06-00997,2370000,0
R06-00998,12890000,40000
R06-00999,2950000,0
R06-01000,54150000,150000
R06-01001,42780000,150000
R06-01002,13480000,40000
R06-01003,105310000,300000
R06-01004,2420000,0
R06-01005,4360000,0
R06-01006,102020000,300000
R06-01007,32490000,60000
R06-01008,105120000,300000
R06-01009,4670000,0
R06-01010,1450000,0
R06-01011,57670000,150000
R06-01012,132370000,300000
R06-01013,43310000,150000
R06-01014,22680000,60000
R06-01015,85470000,300000
R06-01016,20510000,60000
R06-01017,34250000,150000
R06-01018,2090000,0
R06-01019,24570000,60000
R06-01020,96120000,300000
R06-01021,62790000,150000
R06-01022,12100000,40000
R06-01023,33120000,60000
R06-01024,23180000,60000
R06-01025,51230000,150000
R06-01026,1840000,0
R06-01027,42030000,150000
R06-01028,67000000,300000
R06-01029,6620000,20000
R06-01030,74370000,300000
R06-01031,44650000,150000
R06-01032,64840000,150000
R06-01033,33390000,150000
R06-01034,85760000,300000
R06-01035,23130000,60000
R06-01036,47160000,150000
R06-01037,26320000,60000
R06-01038,83930000,300000
R06-01039,43880000,150000
R06-01040,24250000,60000
R06-01041,23870000,60000
R06-01042,72680000,300000
R06-01043,75810000,300000
R06-01044,33700000,150000
R06-01045,43080000,150000
R06-01046,42740000,150000
R06-01047,64450000,150000
R06-01048,24370000,60000
R06-01049,71510000,300000
R06-01050,66970000,300000
R06-01051,13070000,40000
R06-01052,1410000,0
R06-01053,4420000,0
R06-01054,104600000,300000
R06-01055,23850000,60000
R06-01056,32800000,60000
R06-01057,62220000,150000
R06-01058,20670000,60000
R06-01059,2940000,0
R06-01060,62800000,150000
R06-01061,26240000,60000
R06-01062,34750000,150000
R06-01063,45580000,150000
R06-01064,55230000,150000
R06-01065,75770000,300000
R06-01066,152090000,600000
R06-01067,13480000,40000
R06-01068,12970000,40000
R06-01069,20960000,60000
R06-01070,83300000,300000
R06-01071,66840000,300000
R06-01072,7070000,20000
R06-01073,82790000,300000
R06-01074,14050000,40000
R06-01075,52140000,150000
R06-01076,20910000,60000
R06-01077,50830000,150000
R06-01078,4510000,0
R06-01079,60520000,150000
R06-01080,61340000,150000
R06-01081,83970000,300000
R06-01082,75900000,300000
R06-01083,53290000,150000
R06-01084,2650000,0
R06-01085,4820000,0
R06-01086,42090000,150000
R06-01087,64810000,150000
R06-01088,14320000,40000
R06-01089,26150000,60000
R06-01090,52560000,150000
R06-01091,72520000,300000
R06-01092,51190000,150000
R06-01093,112550000,300000
R06-01094,21220000,60000
R06-01095,2360000,0
R06-01096,52520000,150000
R06-01097,4990000,0
R06-01098,65700000,150000
R06-01099,33380000,150000
R06-01100,78110000,300000
R06-01101,22100000,60000
R06-01102,111990000,300000
R06-01103,87500000,300000
R06-01104,74380000,300000
R06-01105,10290000,40000
R06-01106,30590000,60000
R06-01107,5660000,20000
R06-01108,11920000,40000
R06-01109,82060000,300000
R06-01110,84140000,300000
R06-01111,63200000,150000
R06-01112,111590000,300000
R06-01113,77290000,300000
R06-01114,58360000,150000
R06-01115,27890000,60000
R06-01116,13550000,40000
R06-01117,53550000,150000
R06-01118,84000000,300000
R06-01119,71730000,300000
R06-01120,12400000,40000
R06-01121,61960000,150000
R06-01122,67790000,300000
R06-01123,34260000,150000
R06-01124,3780000,0
R06-01125,38080000,150000
R06-01126,72290000,300000
R06-01127,31460000,60000
R06-01128,14750000,40000
R06-01129,13620000,40000
R06-01130,31750000,60000
R06-01131,65680000,150000
R06-01132,13520000,40000
R06-01133,36370000,150000
R06-01134,14960000,40000
R06-01135,42200000,150000
R06-01136,27240000,60000
R06-01137,5220000,20000
R06-01138,86070000,300000
R06-01139,34490000,150000
R06-01140,400000,0
R06-01141,98060000,300000
R06-01142,22840000,60000
R06-01143,64330000,150000
R06-01144,25710000,60000
R06-01145,82280000,300000
R06-01146,30770000,60000
R06-01147,23600000,60000
R06-01148,103700000,300000
R06-01149,51400000,150000
R06-01150,23740000,60000
R06-01151,28820000,60000
R06-01152,3190000,0
R06-01153,77170000,300000
R06-01154,32500000,60000
R06-01155,106350000,300000
R06-01156,16640000,40000
R06-01157,53840000,150000
R06-01158,177830000,600000
R06-01159,36500000,150000
R06-01160,34180000,150000
R06-01161,2150000,0
R06-01162,109340000,300000
R06-01163,102830000,300000
R06-01164,51680000,150000
R06-01165,32740000,60000
R06-01166,14970000,40000
R06-01167,74400000,300000
R06-01168,32170000,60000
R06-01169,82620000,300000
R06-01170,40920000,150000
R06-01171,32670000,60000
R06-01172,22410000,60000
R06-01173,43400000,150000
R06-01174,51260000,150000
R06-01175,81880000,300000
R06-01176,25210000,60000
R06-01177,81850000,300000
R06-01178,56390000,150000
R06-01179,6150000,20000
R06-01180,35850000,150000
R06-01181,41710000,150000
R06-01182,90810000,300000
R06-01183,72170000,300000
R06-01184,2350000,0
R06-01185,46080000,150000
R06-01186,1310000,0
R06-01187,64800000,150000
R06-01188,3390000,0
R06-01189,20630000,60000
R06-01190,84970000,300000
R06-01191,63660000,150000
R06-01192,56490000,150000
R06-01193,43690000,150000
R06-01194,13080000,40000
R06-01195,24980000,60000
R06-01196,51980000,150000
R06-01197,6150000,20000
R06-01198,7250000,20000
R06-01199,21180000,60000
R06-01200,82550000,300000
R06-01201,40830000,150000
R06-01202,76500000,300000
R06-01203,82710000,300000
R06-01204,75090000,300000
R06-01205,51790000,150000
R06-01206,24290000,60000
R06-01207,54010000,150000
R06-01208,43300000,150000
R06-01209,3640000,0
R06-01210,44850000,150000
R06-01211,52840000,150000
R06-01212,32180000,60000
R06-01213,70440000,300000
R06-01214,125450000,300000
R06-01215,62890000,150000
R06-01216,37300000,150000
R06-01217,33820000,150000
R06-01218,73740000,300000
R06-01219,61770000,150000
R06-01220,91550000,300000
R06-01221,43620000,150000
R06-01222,3690000,0
R06-01223,18590000,40000
R06-01224,63050000,150000
R06-01225,54680000,150000
R06-01226,132260000,300000
R06-01227,23730000,60000
R06-01228,65350000,150000
R06-01229,50630000,150000
R06-01230,2010000,0
R06-01231,49070000,150000
R06-01232,43550000,150000
R06-01233,75740000,300000
R06-01234,27520000,60000
R06-01235,15040000,40000
R06-01236,14490000,40000
R06-01237,52670000,150000
R06-01238,2860000,0
R06-01239,53750000,150000
R06-01240,103580000,300000
R06-01241,6240000,20000
R06-01242,36970000,150000
R06-01243,13100000,40000
R06-01244,10720000,40000
R06-01245,42520000,150000
R06-01246,2430000,0
R06-01247,121720000,300000
R06-01248,67200000,300000
R06-01249,4120000,0
R06-01250,15010000,40000
R06-01251,31220000,60000
R06-01252,12140000,40000
R06-01253,42140000,150000
R06-01254,15110000,40000
R06-01255,54980000,150000
R06-01256,33400000,150000
R06-01257,23920000,60000
R06-01258,38040000,150000
R06-01259,44050000,150000
R06-01260,18950000,40000
R06-01261,32780000,60000
R06-01262,47450000,150000
R06-01263,13070000,40000
R06-01264,39560000,150000
R06-01265,3620000,0
R06-01266,56880000,150000
R06-01267,23750000,60000
R06-01268,141480000,600000
R06-01269,4250000,0
R06-01270,14710000,40000
R06-01271,76830000,300000
R06-01272,99550000,300000
R06-01273,102190000,300000
R06-01274,12430000,40000
R06-01275,134010000,600000
R06-01276,42370000,150000
R06-01277,12350000,40000
R06-01278,4710000,0
R06-01279,3920000,0
R06-01280,24930000,60000
R06-01281,61650000,150000
R06-01282,23750000,60000
R06-01283,61280000,150000
R06-01284,44720000,150000
R06-01285,44900000,150000
R06-01286,64800000,150000
R06-01287,92040000,300000
R06-01288,18930000,40000
R06-01289,41660000,150000
R06-01290,76330000,300000
R06-01291,61080000,150000
R06-01292,21910000,60000
R06-01293,2660000,0
R06-01294,85330000,300000
R06-01295,31100000,60000
R06-01296,12920000,40000
R06-01297,65810000,150000
R06-01298,66240000,150000
R06-01299,55010000,150000
R06-01300,144830000,600000
R06-01301,67090000,300000
R06-01302,41420000,150000
R06-01303,33110000,60000
R06-01304,11830000,40000
R06-01305,23630000,60000
R06-01306,62140000,150000
R06-01307,92840000,300000
R06-01308,72340000,300000
R06-01309,61690000,150000
R06-01310,44340000,150000
R06-01311,125670000,300000
R06-01312,34120000,150000
R06-01313,65120000,150000
R06-01314,170620000,600000
R06-01315,9480000,20000
R06-01316,41200000,150000
R06-01317,64320000,150000
R06-01318,12000000,40000
R06-01319,44730000,150000
R06-01320,24280000,60000
R06-01321,85860000,300000
R06-01322,50880000,150000
R06-01323,64500000,150000
R06-01324,1090000,0
R06-01325,13030000,40000
R06-01326,20150000,60000
R06-01327,1410000,0
R06-01328,44620000,150000
R06-01329,34690000,150000
R06-01330,87600000,300000
R06-01331,2930000,0
R06-01332,81120000,300000
R06-01333,52800000,150000
R06-01334,43160000,150000
R06-01335,123790000,300000
R06-01336,33210000,60000
R06-01337,1180000,0
R06-01338,1120000,0
R06-01339,44580000,150000
R06-01340,4140000,0
R06-01341,33970000,150000
R06-01342,54250000,150000
R06-01343,44670000,150000
R06-01344,64440000,150000
R06-01345,67670000,300000
R06-01346,21350000,60000
R06-01347,12770000,40000
R06-01348,1960000,0
R06-01349,3160000,0
R06-01350,73540000,300000
R06-01351,53630000,150000
R06-01352,33030000,60000
R06-01353,15400000,40000
R06-01354,32930000,60000
R06-01355,44590000,150000
R06-01356,114950000,300000
R06-01357,47520000,150000
R06-01358,93580000,300000
R06-01359,10810000,40000
R06-01360,32520000,60000
R06-01361,11990000,40000
R06-01362,115090000,300000
R06-01363,41870000,150000
R06-01364,22220000,60000
R06-01365,2870000,0
R06-01366,112480000,300000
R06-01367,35930000,150000
R06-01368,96560000,300000
R06-01369,28160000,60000
R06-01370,22220000,60000
R06-01371,32840000,60000
R06-01372,117240000,300000
R06-01373,10610000,40000
R06-01374,42380000,150000
R06-01375,24160000,60000
R06-01376,14160000,40000
R06-01377,21910000,60000
R06-01378,65670000,150000
R06-01379,3690000,0
R06-01380,62570000,150000
R06-01381,5570000,20000
R06-01382,1860000,0
R06-01383,108860000,300000
R06-01384,97940000,300000
R06-01385,51640000,150000
R06-01386,87950000,300000
R06-01387,90980000,300000
R06-01388,10960000,40000
R06-01389,12690000,40000
R06-01390,24470000,60000
R06-01391,43290000,150000
R06-01392,5850000,20000
R06-01393,62490000,150000
R06-01394,34860000,150000
R06-01395,12760000,40000
R06-01396,44120000,150000
R06-01397,85850000,300000
R06-01398,147170000,600000
R06-01399,1180000,0
R06-01400,12570000,40000
R06-01401,24840000,60000
R06-01402,98380000,300000
R06-01403,2190000,0
R06-01404,57020000,150000
R06-01405,56200000,150000
R06-01406,142150000,600000
R06-01407,21960000,60000
R06-01408,22840000,60000
R06-01409,101290000,300000
R06-01410,66070000,150000
R06-01411,13940000,40000
R06-01412,2280000,0
R06-01413,41040000,150000
R06-01414,31420000,60000
R06-01415,2130000,0
R06-01416,2670000,0
R06-01417,8000000,20000
R06-01418,1780000,0
R06-01419,83180000,300000
R06-01420,34290000,150000
R06-01421,153210000,600000
R06-01422,12580000,40000
R06-01423,53160000,150000
R06-01424,36920000,150000
R06-01425,42140000,150000
R06-01426,103780000,300000
R06-01427,51960000,150000
R06-01428,104230000,300000
R06-01429,120540000,300000
R06-01430,106800000,300000
R06-01431,61840000,150000
R06-01432,31970000,60000
R06-01433,67530000,300000
R06-01434,101680000,300000
R06-01435,131820000,300000
R06-01436,101920000,300000
R06-01437,25210000,60000
R06-01438,111240000,300000
R06-01439,55570000,150000
R06-01440,144380000,600000
R06-01441,52590000,150000
R06-01442,3460000,0
R06-01443,1110000,0
R06-01444,14080000,40000
R06-01445,80800000,300000
R06-01446,6920000,20000
R06-01447,91160000,300000
R06-01448,48170000,150000
R06-01449,36340000,150000
R06-01450,2350000,0
R06-01451,600000,0
R06-01452,62190000,150000
R06-01453,30860000,60000
R06-01454,2040000,0
R06-01455,52490000,150000
R06-01456,24640000,60000
R06-01457,44470000,150000
R06-01458,225900000,1000000
R06-01459,23620000,60000
R06-01460,61360000,150000
R06-01461,43930000,150000
R06-01462,2430000,0
R06-01463,5180000,20000
R06-01464,22650000,60000
R06-01465,45980000,150000
R06-01466,2440000,0
R06-01467,42620000,150000
R06-01468,2850000,0
R06-01469,45200000,150000
R06-01470,83320000,300000
R06-01471,95750000,300000
R06-01472,81560000,300000
R06-01473,21880000,60000
R06-01474,65460000,150000
R06-01475,1100000,0
R06-01476,116910000,300000
R06-01477,23340000,60000
R06-01478,12640000,40000
R06-01479,72020000,300000
R06-01480,11660000,40000
R06-01481,41520000,150000
R06-01482,16970000,40000
R06-01483,30750000,60000
R06-01484,48030000,150000
R06-01485,43880000,150000
R06-01486,42170000,150000
R06-01487,107930000,300000
R06-01488,2200000,0
R06-01489,910000,0
R06-01490,28690000,60000
R06-01491,52030000,150000
R06-01492,85660000,300000
R06-01493,46240000,150000
R06-01494,42360000,150000
R06-01495,5610000,20000
R06-01496,12920000,40000
R06-01497,63620000,150000
R06-01498,35210000,150000
R06-01499,24340000,60000
R06-01500,96190000,300000
R06-01501,36100000,150000
R06-01502,22380000,60000
R06-01503,42180000,150000
R06-01504,73570000,300000
R06-01505,17010000,40000
R06-01506,980000,0
R06-01507,35180000,150000
R06-01508,175080000,600000
R06-01509,35800000,150000
R06-01510,63230000,150000
R06-01511,3690000,0
R06-01512,6520000,20000
R06-01513,31260000,60000
R06-01514,48060000,150000
R06-01515,1600000,0
R06-01516,76330000,300000
R06-01517,111380000,300000
R06-01518,62680000,150000
R06-01519,48680000,150000
R06-01520,16170000,40000
R06-01521,13220000,40000
R06-01522,61730000,150000
R06-01523,14890000,40000
R06-01524,3040000,0
R06-01525,10800000,40000
R06-01526,54710000,150000
R06-01527,24650000,60000
R06-01528,134650000,600000
R06-01529,91140000,300000
R06-01530,6390000,20000
R06-01531,3420000,0
R06-01532,11060000,40000
R06-01533,31090000,60000
R06-01534,2660000,0
R06-01535,42300000,150000
R06-01536,3190000,0
R06-01537,88550000,300000
R06-01538,73080000,300000
R06-01539,49250000,150000
R06-01540,13610000,40000
R06-01541,12500000,40000
R06-01542,60670000,150000
R06-01543,58310000,150000
R06-01544,68790000,300000
R06-01545,23690000,60000
R06-01546,91160000,300000
R06-01547,53410000,150000
R06-01548,34300000,150000
R06-01549,65580000,150000
R06-01550,44620000,150000
R06-01551,42900000,150000
R06-01552,88190000,300000
R06-01553,11960000,40000
R06-01554,7700000,20000
R06-01555,26840000,60000
R06-01556,76730000,300000
R06-01557,51630000,150000
R06-01558,28330000,60000
R06-01559,33100000,60000
R06-01560,26740000,60000
R06-01561,4760000,0
R06-01562,35050000,150000
R06-01563,67750000,300000
R06-01564,32360000,60000
R06-01565,26880000,60000
R06-01566,220780000,1000000
R06-01567,10900000,40000
R06-01568,45800000,150000
R06-01569,94090000,300000
R06-01570,23130000,60000
R06-01571,146030000,600000
R06-01572,51150000,150000
R06-01573,54500000,150000
R06-01574,64720000,150000
R06-01575,3090000,0
R06-01576,31810000,60000
R06-01577,4480000,0
R06-01578,53880000,150000
R06-01579,57350000,150000
R06-01580,31820000,60000
R06-01581,4950000,0
R06-01582,43250000,150000
R06-01583,67290000,300000
R06-01584,11130000,40000
R06-01585,81900000,300000
R06-01586,91520000,300000
R06-01587,59110000,150000
R06-01588,43200000,150000
R06-01589,12150000,40000
R06-01590,2450000,0
R06-01591,2550000,0
R06-01592,48990000,150000
R06-01593,35340000,150000
R06-01594,3530000,0
R06-01595,32680000,60000
R06-01596,123970000,300000
R06-01597,12800000,40000
R06-01598,16750000,40000
R06-01599,4350000,0
R06-01600,23310000,60000
R06-01601,76750000,300000
R06-01602,96710000,300000
R06-01603,3650000,0
R06-01604,41780000,150000
R06-01605,44750000,150000
R06-01606,43020000,150000
R06-01607,148840000,600000
R06-01608,24800000,60000
R06-01609,84520000,300000
R06-01610,18560000,40000
R06-01611,68430000,300000
R06-01612,66010000,150000
R06-01613,3060000,0
R06-01614,103140000,300000
R06-01615,43240000,150000
R06-01616,2180000,0
R06-01617,104910000,300000
R06-01618,22930000,60000
R06-01619,35290000,150000
R06-01620,37890000,150000
R06-01621,83610000,300000
R06-01622,5010000,20000
R06-01623,11690000,40000
R06-01624,75450000,300000
R06-01625,5970000,20000
R06-01626,2650000,0
R06-01627,2220000,0
R06-01628,43050000,150000
R06-01629,24710000,60000
R06-01630,142460000,600000
R06-01631,21770000,60000
R06-01632,55480000,150000
R06-01633,44210000,150000
R06-01634,88230000,300000
R06-01635,38060000,150000
R06-01636,44730000,150000
R06-01637,45460000,150000
R06-01638,56190000,150000
R06-01639,3850000,0
R06-01640,55360000,150000
R06-01641,21120000,60000
R06-01642,36550000,150000
R06-01643,10780000,40000
R06-01644,12360000,40000
R06-01645,3420000,0
R06-01646,83940000,300000
R06-01647,74140000,300000
R06-01648,45980000,150000
R06-01649,47040000,150000
R06-01650,104770000,300000
R06-01651,62770000,150000
R06-01652,101840000,300000
R06-01653,44240000,150000
R06-01654,21470000,60000
R06-01655,2780000,0
R06-01656,11370000,40000
R06-01657,2470000,0
R06-01658,38760000,150000
R06-01659,25950000,60000
R06-01660,21050000,60000
R06-01661,4960000,0
R06-01662,65390000,150000
R06-01663,1930000,0
R06-01664,71470000,300000
R06-01665,38500000,150000
R06-01666,73420000,300000
R06-01667,1960000,0
R06-01668,1780000,0
R06-01669,117060000,300000
R06-01670,28830000,60000
R06-01671,23350000,60000
R06-01672,63560000,150000
R06-01673,35610000,150000
R06-01674,82430000,300000
R06-01675,22660000,60000
R06-01676,34980000,150000
R06-01677,76980000,300000
R06-01678,37670000,150000
R06-01679,50440000,150000
R06-01680,85730000,300000
R06-01681,11730000,40000
R06-01682,78230000,300000
R06-01683,4410000,0
R06-01684,43800000,150000
R06-01685,36810000,150000
R06-01686,7440000,20000
R06-01687,12550000,40000
R06-01688,74870000,300000
R06-01689,97370000,300000
R06-01690,14210000,40000
R06-01691,22000000,60000
R06-01692,25290000,60000
R06-01693,37490000,150000
R06-01694,32170000,60000
R06-01695,16400000,40000
R06-01696,31250000,60000
R06-01697,102590000,300000
R06-01698,135600000,600000
R06-01699,42210000,150000
R06-01700,2640000,0
R06-01701,77140000,300000
R06-01702,21970000,60000
R06-01703,75120000,300000
R06-01704,21850000,60000
R06-01705,30370000,60000
R06-01706,44770000,150000
R06-01707,30350000,60000
R06-01708,61840000,150000
R06-01709,91740000,300000
R06-01710,4290000,0
R06-01711,62550000,150000
R06-01712,65070000,150000
R06-01713,33410000,150000
R06-01714,3770000,0
R06-01715,11410000,40000
R06-01716,31880000,60000
R06-01717,50560000,150000
R06-01718,33770000,150000
R06-01719,22070000,60000
R06-01720,27480000,60000
R06-01721,24950000,60000
R06-01722,13810000,40000
R06-01723,22770000,60000
R06-01724,24610000,60000
R06-01725,13490000,40000
R06-01726,67650000,300000
R06-01727,3420000,0
R06-01728,103960000,300000
R06-01729,41790000,150000
R06-01730,72690000,300000
R06-01731,68360000,300000
R06-01732,65580000,150000
R06-01733,3920000,0
R06-01734,31650000,60000
R06-01735,11680000,40000
R06-01736,8190000,20000
R06-01737,25870000,60000
R06-01738,32750000,60000
R06-01739,23260000,60000
R06-01740,79080000,300000
R06-01741,115720000,300000
R06-01742,4000000,0
R06-01743,52240000,150000
R06-01744,30780000,60000
R06-01745,43230000,150000
R06-01746,2390000,0
R06-01747,51710000,150000
R06-01748,3730000,0
R06-01749,74330000,300000
R06-01750,1670000,0
R06-01751,103040000,300000
R06-01752,1580000,0
R06-01753,42920000,150000
R06-01754,52280000,150000
R06-01755,62990000,150000
R06-01756,76810000,300000
R06-01757,71990000,300000
R06-01758,36680000,150000
R06-01759,41770000,150000
R06-01760,34000000,150000
R06-01761,67530000,300000
R06-01762,125470000,300000
R06-01763,2210000,0
R06-01764,1730000,0
R06-01765,61400000,150000
R06-01766,86890000,300000
R06-01767,2360000,0
R06-01768,32750000,60000
R06-01769,17040000,40000
R06-01770,15620000,40000
R06-01771,54340000,150000
R06-01772,64700000,150000
R06-01773,21130000,60000
R06-01774,23840000,60000
R06-01775,83160000,300000
R06-01776,81440000,300000
R06-01777,84010000,300000
R06-01778,103260000,300000
R06-01779,15480000,40000
R06-01780,23750000,60000
R06-01781,10350000,40000
R06-01782,43080000,150000
R06-01783,47150000,150000
R06-01784,2080000,0
R06-01785,3440000,0
R06-01786,46910000,150000
R06-01787,6290000,20000
R06-01788,12160000,40000
R06-01789,81250000,300000
R06-01790,16050000,40000
R06-01791,20870000,60000
R06-01792,44040000,150000
R06-01793,53060000,150000
R06-01794,42030000,150000
R06-01795,64620000,150000
R06-01796,25460000,60000
R06-01797,7520000,20000
R06-01798,4920000,0
R06-01799,21680000,60000
R06-01800,4130000,0
R06-01801,1850000,0
R06-01802,34430000,150000
R06-01803,4280000,0
R06-01804,46710000,150000
R06-01805,54820000,150000
R06-01806,42050000,150000
R06-01807,60690000,150000
R06-01808,68510000,300000
R06-01809,68810000,300000
R06-01810,35520000,150000
R06-01811,5380000,20000
R06-01812,52980000,150000
R06-01813,35520000,150000
R06-01814,5830000,20000
R06-01815,33210000,60000
R06-01816,33000000,60000
R06-01817,67390000,300000
R06-01818,132840000,300000
R06-01819,5410000,20000
R06-01820,38500000,150000
R06-01821,12130000,40000
R06-01822,38680000,150000
R06-01823,58810000,150000
R06-01824,6830000,20000
R06-01825,23290000,60000
R06-01826,20770000,60000
R06-01827,35010000,150000
R06-01828,83500000,300000
R06-01829,1870000,0
R06-01830,42030000,150000
R06-01831,31860000,60000
R06-01832,45190000,150000
R06-01833,55470000,150000
R06-01834,44470000,150000
R06-01835,21880000,60000
R06-01836,113680000,300000
R06-01837,92540000,300000
R06-01838,53150000,150000
R06-01839,11650000,40000
R06-01840,42210000,150000
R06-01841,31720000,60000
R06-01842,45630000,150000
R06-01843,58290000,150000
R06-01844,42490000,150000
R06-01845,10580000,40000
R06-01846,97120000,300000
R06-01847,74420000,300000
R06-01848,83140000,300000
R06-01849,55070000,150000
R06-01850,470000,0
R06-01851,53310000,150000
R06-01852,8290000,20000
R06-01853,34280000,150000
R06-01854,53400000,150000
R06-01855,103950000,300000
R06-01856,88450000,300000
R06-01857,135500000,600000
R06-01858,44210000,150000
R06-01859,30910000,60000
R06-01860,41500000,150000
R06-01861,57620000,150000
R06-01862,1740000,0
R06-01863,2090000,0
R06-01864,84420000,300000
R06-01865,15450000,40000
R06-01866,33060000,60000
R06-01867,32740000,60000
R06-01868,61710000,150000
R06-01869,14220000,40000
R06-01870,111720000,300000
R06-01871,30920000,60000
R06-01872,12590000,40000
R06-01873,43040000,150000
R06-01874,35090000,150000
R06-01875,35000000,150000
R06-01876,17060000,40000
R06-01877,77120000,300000
R06-01878,4320000,0
R06-01879,9910000,20000
R06-01880,132220000,300000
R06-01881,115950000,300000
R06-01882,2640000,0
R06-01883,103160000,300000
R06-01884,14930000,40000
R06-01885,92520000,300000
R06-01886,41370000,150000
R06-01887,22590000,60000
R06-01888,1310000,0
R06-01889,72060000,300000
R06-01890,23320000,60000
R06-01891,22860000,60000
R06-01892,51610000,150000
R06-01893,1440000,0
R06-01894,33610000,150000
R06-01895,11760000,40000
R06-01896,23680000,60000
R06-01897,33550000,150000
R06-01898,28110000,60000
R06-01899,95170000,300000
R06-01900,25250000,60000
R06-01901,34330000,150000
R06-01902,1260000,0
R06-01903,15950000,40000
R06-01904,44890000,150000
R06-01905,44830000,150000
R06-01906,16390000,40000
R06-01907,174250000,600000
R06-01908,35040000,150000
R06-01909,63440000,150000
R06-01910,3230000,0
R06-01911,35810000,150000
R06-01912,112670000,300000
R06-01913,91620000,300000
R06-01914,104560000,300000
R06-01915,4530000,0
R06-01916,37950000,150000
R06-01917,32140000,60000
R06-01918,56220000,150000
R06-01919,43820000,150000
R06-01920,86040000,300000
R06-01921,72310000,300000
R06-01922,61840000,150000
R06-01923,19120000,40000
R06-01924,44200000,150000
R06-01925,129220000,300000
R06-01926,54820000,150000
R06-01927,137920000,600000
R06-01928,1640000,0
R06-01929,35610000,150000
R06-01930,2700000,0
R06-01931,62180000,150000
R06-01932,102950000,300000
R06-01933,55320000,150000
R06-01934,35250000,150000
R06-01935,22320000,60000
R06-01936,35920000,150000
R06-01937,32940000,60000
R06-01938,81840000,300000
R06-01939,65360000,150000
R06-01940,11990000,40000
R06-01941,14900000,40000
R06-01942,23690000,60000
R06-01943,32480000,60000
R06-01944,33710000,150000
R06-01945,42500000,150000
R06-01946,52930000,150000
R06-01947,7800000,20000
R06-01948,118950000,300000
R06-01949,33300000,60000
R06-01950,85380000,300000
R06-01951,34850000,150000
R06-01952,31730000,60000
R06-01953,28010000,60000
R06-01954,21940000,60000
R06-01955,12940000,40000
R06-01956,72940000,300000
R06-01957,53100000,150000
R06-01958,25640000,60000
R06-01959,51030000,150000
R06-01960,2760000,0
R06-01961,56040000,150000
R06-01962,10720000,40000
R06-01963,340000,0
R06-01964,62150000,150000
R06-01965,22500000,60000
R06-01966,74820000,300000
R06-01967,31330000,60000
R06-01968,3170000,0
R06-01969,157860000,600000
R06-01970,42300000,150000
R06-01971,22900000,60000
R06-01972,53830000,150000
R06-01973,85510000,300000
R06-01974,55040000,150000
R06-01975,55160000,150000
R06-01976,6340000,20000
R06-01977,13440000,40000
R06-01978,53030000,150000
R06-01979,2150000,0
R06-01980,3980000,0
R06-01981,83440000,300000
R06-01982,64440000,150000
R06-01983,82990000,300000
R06-01984,23580000,60000
R06-01985,3070000,0
R06-01986,20460000,60000
R06-01987,85700000,300000
R06-01988,13310000,40000
R06-01989,2970000,0
R06-01990,91340000,300000
R06-01991,33640000,150000
R06-01992,43170000,150000
R06-01993,94200000,300000
R06-01994,1590000,0
R06-01995,82420000,300000
R06-01996,112970000,300000
R06-01997,72800000,300000
R06-01998,47260000,150000
R06-01999,24870000,60000
R06-02000,22760000,60000
R06-02001,112250000,300000
R06-02002,3420000,0
R06-02003,41040000,150000
R06-02004,27610000,60000
R06-02005,27960000,60000
R06-02006,55140000,150000
R06-02007,1950000,0
R06-02008,53300000,150000
R06-02009,15580000,40000
R06-02010,29150000,60000
R06-02011,1870000,0
R06-02012,83640000,300000
R06-02013,62140000,150000
R06-02014,31950000,60000
R06-02015,26660000,60000
R06-02016,112390000,300000
R06-02017,930000,0
R06-02018,34670000,150000
R06-02019,94660000,300000
R06-02020,24600000,60000
R06-02021,1800000,0
R06-02022,5510000,20000
R06-02023,16030000,40000
R06-02024,94930000,300000
R06-02025,80760000,300000
R06-02026,46110000,150000
R06-02027,105850000,300000
R06-02028,56810000,150000
R06-02029,51450000,150000
R06-02030,35770000,150000
R06-02031,121520000,300000
R06-02032,24310000,60000
R06-02033,43490000,150000
R06-02034,24390000,60000
R06-02035,33500000,150000
R06-02036,53180000,150000
R06-02037,7910000,20000
R06-02038,4990000,0
R06-02039,153580000,600000
R06-02040,34570000,150000
R06-02041,11780000,40000
R06-02042,30860000,60000
R06-02043,68010000,300000
R06-02044,71970000,300000
R06-02045,21260000,60000
R06-02046,73790000,300000
R06-02047,60950000,150000
R06-02048,11820000,40000
R06-02049,105720000,300000
R06-02050,2130000,0
R06-02051,64810000,150000
R06-02052,75720000,300000
R06-02053,91210000,300000
R06-02054,5990000,20000
R06-02055,50610000,150000
R06-02056,22730000,60000
R06-02057,32940000,60000
R06-02058,136120000,600000
R06-02059,4620000,0
R06-02060,12260000,40000
R06-02061,5740000,20000
R06-02062,32150000,60000
R06-02063,540000,0
R06-02064,104230000,300000
R06-02065,41890000,150000
R06-02066,3370000,0
R06-02067,32080000,60000
R06-02068,12170000,40000
R06-02069,64300000,150000
R06-02070,32400000,60000
R06-02071,64130000,150000
R06-02072,11740000,40000
R06-02073,43950000,150000
R06-02074,81280000,300000
R06-02075,57930000,150000
R06-02076,83230000,300000
R06-02077,22630000,60000
R06-02078,91580000,300000
R06-02079,34680000,150000
R06-02080,51350000,150000
R06-02081,21490000,60000
R06-02082,2050000,0
R06-02083,52390000,150000
R06-02084,33820000,150000
R06-02085,32430000,60000
R06-02086,83140000,300000
R06-02087,72440000,300000
R06-02088,122860000,300000
R06-02089,60880000,150000
R06-02090,22000000,60000
R06-02091,820000,0
R06-02092,124510000,300000
R06-02093,62030000,150000
R06-02094,52740000,150000
R06-02095,94650000,300000
R06-02096,43920000,150000
R06-02097,35630000,150000
R06-02098,67450000,300000
R06-02099,62300000,150000
R06-02100,28360000,60000
R06-02101,12200000,40000
R06-02102,2030000,0
R06-02103,92200000,300000
R06-02104,41200000,150000
R06-02105,43430000,150000
R06-02106,42300000,150000
R06-02107,95240000,300000
R06-02108,93450000,300000
R06-02109,13820000,40000
R06-02110,41730000,150000
R06-02111,22420000,60000
R06-02112,71980000,300000
R06-02113,63310000,150000
R06-02114,33410000,150000
R06-02115,41680000,150000
R06-02116,75910000,300000
R06-02117,4940000,0
R06-02118,15430000,40000
R06-02119,63780000,150000
R06-02120,32310000,60000
R06-02121,11430000,40000
R06-02122,7780000,20000
R06-02123,35720000,150000
R06-02124,84080000,300000
R06-02125,66750000,300000
R06-02126,11820000,40000
R06-02127,36040000,150000
R06-02128,43190000,150000
R06-02129,52090000,150000
R06-02130,23090000,60000
R06-02131,62140000,150000
R06-02132,31890000,60000
R06-02133,34610000,150000
R06-02134,19140000,40000
R06-02135,3250000,0
R06-02136,30810000,60000
R06-02137,13690000,40000
R06-02138,40530000,150000
R06-02139,34960000,150000
R06-02140,72670000,300000
R06-02141,2330000,0
R06-02142,33460000,150000
R06-02143,52070000,150000
R06-02144,13960000,40000
R06-02145,83770000,300000
R06-02146,51880000,150000
R06-02147,3050000,0
R06-02148,66130000,150000
R06-02149,62100000,150000
R06-02150,2220000,0
R06-02151,63240000,150000
R06-02152,4440000,0
R06-02153,43250000,150000
R06-02154,134030000,600000
R06-02155,71420000,300000
R06-02156,123400000,300000
R06-02157,20230000,60000
R06-02158,55760000,150000
R06-02159,52550000,150000
R06-02160,18120000,40000
R06-02161,72290000,300000
R06-02162,52770000,150000
R06-02163,125240000,300000
R06-02164,151640000,600000
R06-02165,34290000,150000
R06-02166,2080000,0
R06-02167,2620000,0
R06-02168,2240000,0
R06-02169,73660000,300000
R06-02170,6600000,20000
R06-02171,27170000,60000
R06-02172,57760000,150000
R06-02173,4430000,0
R06-02174,42510000,150000
R06-02175,21930000,60000
R06-02176,38240000,150000
R06-02177,73740000,300000
R06-02178,6900000,20000
R06-02179,55300000,150000
R06-02180,2650000,0
R06-02181,102070000,300000
R06-02182,42420000,150000
R06-02183,45880000,150000
R06-02184,11960000,40000
R06-02185,46540000,150000
R06-02186,47660000,150000
R06-02187,14570000,40000
R06-02188,45300000,150000
R06-02189,73450000,300000
R06-02190,55230000,150000
R06-02191,93260000,300000
R06-02192,72000000,300000
R06-02193,27640000,60000
R06-02194,43380000,150000
R06-02195,3840000,0
R06-02196,26050000,60000
R06-02197,24370000,60000
R06-02198,57870000,150000
R06-02199,103660000,300000
R06-02200,61650000,150000
R06-02201,67720000,300000
R06-02202,66730000,300000
R06-02203,5030000,20000
R06-02204,61990000,150000
R06-02205,51990000,150000
R06-02206,12590000,40000
R06-02207,73100000,300000
R06-02208,55720000,150000
R06-02209,43920000,150000
R06-02210,25960000,60000
R06-02211,74800000,300000
R06-02212,32800000,60000
R06-02213,88180000,300000
R06-02214,14560000,40000
R06-02215,53750000,150000
R06-02216,1760000,0
R06-02217,74310000,300000
R06-02218,23310000,60000
R06-02219,21350000,60000
R06-02220,71320000,300000
R06-02221,43290000,150000
R06-02222,37060000,150000
R06-02223,31990000,60000
R06-02224,53650000,150000
R06-02225,43690000,150000
R06-02226,2290000,0
R06-02227,44180000,150000
R06-02228,22540000,60000
R06-02229,11580000,40000
R06-02230,69460000,300000
R06-02231,32200000,60000
R06-02232,63280000,150000
R06-02233,21890000,60000
R06-02234,61820000,150000
R06-02235,2550000,0
R06-02236,43610000,150000
R06-02237,6280000,20000
R06-02238,116390000,300000
R06-02239,21040000,60000
R06-02240,23980000,60000
R06-02241,36720000,150000
R06-02242,93790000,300000
R06-02243,33750000,150000
R06-02244,46000000,150000
R06-02245,47610000,150000
R06-02246,32610000,60000
R06-02247,27210000,60000
R06-02248,31650000,60000
R06-02249,93760000,300000
R06-02250,34030000,150000
R06-02251,3280000,0
R06-02252,87240000,300000
R06-02253,6400000,20000
R06-02254,23580000,60000
R06-02255,85230000,300000
R06-02256,15520000,40000
R06-02257,90160000,300000
R06-02258,22130000,60000
R06-02259,32160000,60000
R06-02260,43260000,150000
R06-02261,3170000,0
R06-02262,75920000,300000
R06-02263,41090000,150000
R06-02264,31210000,60000
R06-02265,6130000,20000
R06-02266,42500000,150000
R06-02267,71080000,300000
R06-02268,85960000,300000
R06-02269,17460000,40000
R06-02270,13030000,40000
R06-02271,85340000,300000
R06-02272,52380000,150000
R06-02273,23660000,60000
R06-02274,5520000,20000
R06-02275,5580000,20000
R06-02276,38490000,150000
R06-02277,15580000,40000
R06-02278,7290000,20000
R06-02279,7980000,20000
R06-02280,6170000,20000
R06-02281,23150000,60000
R06-02282,61630000,150000
R06-02283,26750000,60000
R06-02284,72720000,300000
R06-02285,31850000,60000
R06-02286,4400000,0
R06-02287,111760000,300000
R06-02288,7000000,20000
R06-02289,21220000,60000
R06-02290,91680000,300000
R06-02291,21830000,60000
R06-02292,15240000,40000
R06-02293,32710000,60000
R06-02294,6390000,20000
R06-02295,33950000,150000
R06-02296,33200000,60000
R06-02297,26260000,60000
R06-02298,71410000,300000
R06-02299,23970000,60000
R06-02300,104100000,300000
R06-02301,1160000,0
R06-02302,66120000,150000
R06-02303,3420000,0
R06-02304,81410000,300000
R06-02305,21770000,60000
R06-02306,51970000,150000
R06-02307,13450000,40000
R06-02308,33250000,60000
R06-02309,24170000,60000
R06-02310,82850000,300000
R06-02311,13790000,40000
R06-02312,104470000,300000
R06-02313,1700000,0
R06-02314,2980000,0
R06-02315,67590000,300000
R06-02316,21350000,60000
R06-02317,36770000,150000
R06-02318,75260000,300000
R06-02319,63070000,150000
R06-02320,108460000,300000
R06-02321,94360000,300000
R06-02322,53510000,150000
R06-02323,72370000,300000
R06-02324,3690000,0
R06-02325,67970000,300000
R06-02326,31410000,60000
R06-02327,84410000,300000
R06-02328,53420000,150000
R06-02329,24290000,60000
R06-02330,22040000,60000
R06-02331,36330000,150000
R06-02332,133400000,600000
R06-02333,32520000,60000
R06-02334,41890000,150000
R06-02335,2120000,0
R06-02336,128070000,300000
R06-02337,3930000,0
R06-02338,221350000,1000000
R06-02339,11310000,40000
R06-02340,15350000,40000
R06-02341,55020000,150000
R06-02342,174340000,600000
R06-02343,1900000,0
R06-02344,91980000,300000
R06-02345,35520000,150000
R06-02346,94380000,300000
R06-02347,63670000,150000
R06-02348,81450000,300000
R06-02349,31530000,60000
R06-02350,4460000,0
R06-02351,39440000,150000
R06-02352,87430000,300000
R06-02353,7170000,20000
R06-02354,42060000,150000
R06-02355,43680000,150000
R06-02356,95940000,300000
R06-02357,111480000,300000
R06-02358,45960000,150000
R06-02359,77150000,300000
R06-02360,35810000,150000
R06-02361,7470000,20000
R06-02362,25450000,60000
R06-02363,41030000,150000
R06-02364,25420000,60000
R06-02365,28480000,60000
R06-02366,101530000,300000
R06-02367,96540000,300000
R06-02368,53180000,150000
R06-02369,86520000,300000
R06-02370,41600000,150000
R06-02371,11960000,40000
R06-02372,141680000,600000
R06-02373,52470000,150000
R06-02374,31800000,60000
R06-02375,51650000,150000
R06-02376,62280000,150000
R06-02377,20470000,60000
R06-02378,23800000,60000
R06-02379,1540000,0
R06-02380,56760000,150000
R06-02381,45880000,150000
R06-02382,42520000,150000
R06-02383,5520000,20000
R06-02384,4070000,0
R06-02385,50850000,150000
R06-02386,44010000,150000
R06-02387,34840000,150000
R06-02388,22760000,60000
R06-02389,12640000,40000
R06-02390,15490000,40000
R06-02391,26530000,60000
R06-02392,27300000,60000
R06-02393,76390000,300000
R06-02394,53160000,150000
R06-02395,2730000,0
R06-02396,52200000,150000
R06-02397,17110000,40000
R06-02398,52640000,150000
R06-02399,30630000,60000
R06-02400,13460000,40000
R06-02401,92890000,300000
R06-02402,31490000,60000
R06-02403,52860000,150000
R06-02404,34760000,150000
R06-02405,62520000,150000
R06-02406,34480000,150000
R06-02407,65630000,150000
R06-02408,101700000,300000
R06-02409,62870000,150000
R06-02410,74990000,300000
R06-02411,14880000,40000
R06-02412,122520000,300000
R06-02413,14240000,40000
R06-02414,6190000,20000
R06-02415,20970000,60000
R06-02416,70620000,300000
R06-02417,63910000,150000
R06-02418,2250000,0
R06-02419,43170000,150000
R06-02420,12250000,40000
R06-02421,36350000,150000
R06-02422,81890000,300000
R06-02423,84300000,300000
R06-02424,39290000,150000
R06-02425,4170000,0
R06-02426,26650000,60000
R06-02427,33790000,150000
R06-02428,50890000,150000
R06-02429,6750000,20000
R06-02430,33070000,60000
R06-02431,33900000,150000
R06-02432,52930000,150000
R06-02433,46920000,150000
R06-02434,63340000,150000
R06-02435,32420000,60000
R06-02436,36510000,150000
R06-02437,12040000,40000
R06-02438,32850000,60000
R06-02439,92710000,300000
R06-02440,73730000,300000
R06-02441,64120000,150000
R06-02442,16240000,40000
R06-02443,650000,0
R06-02444,57890000,150000
R06-02445,22980000,60000
R06-02446,61700000,150000
R06-02447,42610000,150000
R06-02448,44210000,150000
R06-02449,43160000,150000
R06-02450,49320000,150000
R06-02451,85780000,300000
R06-02452,22360000,60000
R06-02453,40930000,150000
R06-02454,5800000,20000
R06-02455,15230000,40000
R06-02456,23570000,60000
R06-02457,43160000,150000
R06-02458,12260000,40000
R06-02459,33580000,150000
R06-02460,63170000,150000
R06-02461,88160000,300000
R06-02462,14120000,40000
R06-02463,49110000,150000
R06-02464,1500000,0
R06-02465,41590000,150000
R06-02466,7870000,20000
R06-02467,35140000,150000
R06-02468,63590000,150000
R06-02469,26560000,60000
R06-02470,15040000,40000
R06-02471,1950000,0
R06-02472,132240000,300000
R06-02473,42440000,150000
R06-02474,33420000,150000
R06-02475,21350000,60000
R06-02476,1680000,0
R06-02477,65230000,150000
R06-02478,16010000,40000
R06-02479,31470000,60000
R06-02480,33600000,150000
R06-02481,14130000,40000
R06-02482,123450000,300000
R06-02483,14980000,40000
R06-02484,41850000,150000
R06-02485,41220000,150000
R06-02486,62590000,150000
R06-02487,44420000,150000
R06-02488,63270000,150000
R06-02489,16840000,40000
R06-02490,115030000,300000
R06-02491,4550000,0
R06-02492,2340000,0
R06-02493,38400000,150000
R06-02494,71250000,300000
R06-02495,10820000,40000
R06-02496,92900000,300000
R06-02497,53290000,150000
R06-02498,45430000,150000
R06-02499,77410000,300000
R06-02500,63040000,150000
R06-02501,12340000,40000
R06-02502,22120000,60000
R06-02503,62020000,150000
R06-02504,83820000,300000
R06-02505,51890000,150000
R06-02506,2060000,0
R06-02507,29120000,60000
R06-02508,74900000,300000
R06-02509,95970000,300000
R06-02510,13770000,40000
R06-02511,25420000,60000
R06-02512,84090000,300000
R06-02513,73510000,300000
R06-02514,127880000,300000
R06-02515,43900000,150000
R06-02516,53220000,150000
R06-02517,57090000,150000
R06-02518,135280000,600000
R06-02519,33080000,60000
R06-02520,45880000,150000
R06-02521,102950000,300000
R06-02522,73750000,300000
R06-02523,12190000,40000
R06-02524,4700000,0
R06-02525,36270000,150000
R06-02526,61020000,150000
R06-02527,11210000,40000
R06-02528,24000000,60000
R06-02529,34320000,150000
R06-02530,21840000,60000
R06-02531,172570000,600000
R06-02532,72560000,300000
R06-02533,31850000,60000
R06-02534,142190000,600000
R06-02535,28150000,60000
R06-02536,133060000,300000
R06-02537,27490000,60000
R06-02538,26200000,60000
R06-02539,28460000,60000
R06-02540,105360000,300000
R06-02541,15190000,40000
R06-02542,2520000,0
R06-02543,151400000,600000
R06-02544,72770000,300000
R06-02545,3650000,0
R06-02546,44900000,150000
R06-02547,36820000,150000
R06-02548,43270000,150000
R06-02549,55050000,150000
R06-02550,85270000,300000
R06-02551,1210000,0
R06-02552,16130000,40000
R06-02553,27900000,60000
R06-02554,21430000,60000
R06-02555,55140000,150000
R06-02556,102600000,300000
R06-02557,6430000,20000
R06-02558,15070000,40000
R06-02559,86830000,300000
R06-02560,142470000,600000
R06-02561,26690000,60000
R06-02562,83060000,300000
R06-02563,15060000,40000
R06-02564,42990000,150000
R06-02565,2240000,0
R06-02566,81020000,300000
R06-02567,12660000,40000
R06-02568,42720000,150000
R06-02569,1310000,0
R06-02570,32190000,60000
R06-02571,34550000,150000
R06-02572,33170000,60000
R06-02573,62000000,150000
R06-02574,26170000,60000
R06-02575,86650000,300000
R06-02576,44190000,150000
R06-02577,34790000,150000
R06-02578,99720000,300000
R06-02579,152440000,600000
R06-02580,62260000,150000
R06-02581,96990000,300000
R06-02582,1680000,0
R06-02583,50290000,150000
R06-02584,87640000,300000
R06-02585,27440000,60000
R06-02586,22450000,60000
R06-02587,980000,0
R06-02588,42750000,150000
R06-02589,86170000,300000
R06-02590,155340000,600000
R06-02591,131470000,300000
R06-02592,22590000,60000
R06-02593,26340000,60000
R06-02594,35990000,150000
R06-02595,69450000,300000
R06-02596,4600000,0
R06-02597,87900000,300000
R06-02598,82380000,300000
R06-02599,32940000,60000
R06-02600,43790000,150000
R06-02601,82070000,300000
R06-02602,3550000,0
R06-02603,15580000,40000
R06-02604,22310000,60000
R06-02605,22260000,60000
R06-02606,5500000,20000
R06-02607,33890000,150000
R06-02608,44020000,150000
R06-02609,83880000,300000
R06-02610,2620000,0
R06-02611,71510000,300000
R06-02612,62420000,150000
R06-02613,8330000,20000
R06-02614,81930000,300000
R06-02615,22530000,60000
R06-02616,54250000,150000
R06-02617,54960000,150000
R06-02618,117860000,300000
R06-02619,73850000,300000
R06-02620,20930000,60000
R06-02621,44300000,150000
R06-02622,140520000,600000
R06-02623,36010000,150000
R06-02624,1330000,0
R06-02625,4910000,0
R06-02626,65490000,150000
R06-02627,5030000,20000
R06-02628,103230000,300000
R06-02629,72480000,300000
R06-02630,23420000,60000
R06-02631,22880000,60000
R06-02632,43480000,150000
R06-02633,36840000,150000
R06-02634,51800000,150000
R06-02635,13720000,40000
R06-02636,103440000,300000
R06-02637,21910000,60000
R06-02638,47830000,150000
R06-02639,63810000,150000
R06-02640,14020000,40000
R06-02641,42550000,150000
R06-02642,64360000,150000
R06-02643,78020000,300000
R06-02644,41370000,150000
R06-02645,22910000,60000
R06-02646,66220000,150000
R06-02647,20890000,60000
R06-02648,72840000,300000
R06-02649,24940000,60000
R06-02650,7950000,20000
R06-02651,25500000,60000
R06-02652,11790000,40000
R06-02653,17030000,40000
R06-02654,24360000,60000
R06-02655,63810000,150000
R06-02656,100120000,300000
R06-02657,52960000,150000
R06-02658,4940000,0
R06-02659,13270000,40000
R06-02660,132930000,300000
R06-02661,33960000,150000
R06-02662,2280000,0
R06-02663,96540000,300000
R06-02664,52470000,150000
R06-02665,44900000,150000
R06-02666,81360000,300000
R06-02667,71240000,300000
R06-02668,21980000,60000
R06-02669,34700000,150000
R06-02670,15560000,40000
R06-02671,17550000,40000
R06-02672,22730000,60000
R06-02673,2260000,0
R06-02674,52830000,150000
R06-02675,111590000,300000
R06-02676,22600000,60000
R06-02677,34590000,150000
R06-02678,43400000,150000
R06-02679,4590000,0
R06-02680,4390000,0
R06-02681,43860000,150000
R06-02682,35460000,150000
R06-02683,5900000,20000
R06-02684,13640000,40000
R06-02685,37740000,150000
R06-02686,34700000,150000
R06-02687,86980000,300000
R06-02688,31880000,60000
R06-02689,31020000,60000
R06-02690,56420000,150000
R06-02691,27050000,60000
R06-02692,48980000,150000
R06-02693,5660000,20000
R06-02694,44590000,150000
R06-02695,52320000,150000
R06-02696,14200000,40000
R06-02697,25150000,60000
R06-02698,146810000,600000
R06-02699,84750000,300000
R06-02700,54050000,150000
R06-02701,22260000,60000
R06-02702,14470000,40000
R06-02703,35470000,150000
R06-02704,16380000,40000
R06-02705,100720000,300000
R06-02706,6880000,20000
R06-02707,35870000,150000
R06-02708,1400000,0
R06-02709,61930000,150000
R06-02710,25800000,60000
R06-02711,115550000,300000
R06-02712,21970000,60000
R06-02713,30540000,60000
R06-02714,33990000,150000
R06-02715,65480000,150000
R06-02716,33220000,60000
R06-02717,88030000,300000
R06-02718,77100000,300000
R06-02719,35840000,150000
R06-02720,80330000,300000
R06-02721,5690000,20000
R06-02722,16710000,40000
R06-02723,39270000,150000
R06-02724,44990000,150000
R06-02725,40940000,150000
R06-02726,31130000,60000
R06-02727,46950000,150000
R06-02728,114560000,300000
R06-02729,12240000,40000
R06-02730,72810000,300000
R06-02731,42280000,150000
R06-02732,15860000,40000
R06-02733,22070000,60000
R06-02734,41830000,150000
R06-02735,108000000,300000
R06-02736,56330000,150000
R06-02737,2700000,0
R06-02738,60600000,150000
R06-02739,24180000,60000
R06-02740,1000000,0
R06-02741,23470000,60000
R06-02742,52470000,150000
R06-02743,10940000,40000
R06-02744,18660000,40000
R06-02745,1400000,0
R06-02746,5860000,20000
R06-02747,4430000,0
R06-02748,44300000,150000
R06-02749,33400000,150000
R06-02750,71320000,300000
R06-02751,1430000,0
R06-02752,8770000,20000
R06-02753,25120000,60000
R06-02754,63210000,150000
R06-02755,36550000,150000
R06-02756,63870000,150000
R06-02757,20290000,60000
R06-02758,31200000,60000
R06-02759,51960000,150000
R06-02760,26410000,60000
R06-02761,36300000,150000
R06-02762,136380000,600000
R06-02763,63460000,150000
R06-02764,111360000,300000
R06-02765,55580000,150000
R06-02766,51820000,150000
R06-02767,3310000,0
R06-02768,155540000,600000
R06-02769,83030000,300000
R06-02770,134820000,600000
R06-02771,57070000,150000
R06-02772,31380000,60000
R06-02773,14620000,40000
R06-02774,92950000,300000
R06-02775,85370000,300000
R06-02776,66770000,300000
R06-02777,41940000,150000
R06-02778,380000,0
R06-02779,6640000,20000
R06-02780,26610000,60000
R06-02781,18460000,40000
R06-02782,51850000,150000
R06-02783,89220000,300000
R06-02784,3280000,0
R06-02785,4790000,0
R06-02786,74000000,300000
R06-02787,11370000,40000
R06-02788,35400000,150000
R06-02789,32770000,60000
R06-02790,73930000,300000
R06-02791,43070000,150000
R06-02792,45390000,150000
R06-02793,60370000,150000
R06-02794,74650000,300000
R06-02795,73410000,300000
R06-02796,3690000,0
R06-02797,36420000,150000
R06-02798,53130000,150000
R06-02799,25330000,60000
R06-02800,16020000,40000
R06-02801,24630000,60000
R06-02802,48570000,150000
R06-02803,3920000,0
R06-02804,5610000,20000
R06-02805,14480000,40000
R06-02806,83020000,300000
R06-02807,1530000,0
R06-02808,34700000,150000
R06-02809,22340000,60000
R06-02810,22180000,60000
R06-02811,115030000,300000
R06-02812,66330000,150000
R06-02813,17900000,40000
R06-02814,71090000,300000
R06-02815,7760000,20000
R06-02816,33130000,60000
R06-02817,3210000,0
R06-02818,24850000,60000
R06-02819,32200000,60000
R06-02820,65040000,150000
R06-02821,48450000,150000
R06-02822,75260000,300000
R06-02823,71120000,300000
R06-02824,45680000,150000
R06-02825,128940000,300000
R06-02826,42900000,150000
R06-02827,22010000,60000
R06-02828,32000000,60000
R06-02829,81670000,300000
R06-02830,42860000,150000
R06-02831,24510000,60000
R06-02832,14770000,40000
R06-02833,33400000,150000
R06-02834,23080000,60000
R06-02835,63860000,150000
R06-02836,6950000,20000
R06-02837,2040000,0
R06-02838,67550000,300000
R06-02839,41010000,150000
R06-02840,33440000,150000
R06-02841,96710000,300000
R06-02842,2690000,0
R06-02843,75300000,300000
R06-02844,34710000,150000
R06-02845,17990000,40000
R06-02846,37190000,150000
R06-02847,93410000,300000
R06-02848,28360000,60000
R06-02849,42030000,150000
R06-02850,86220000,300000
R06-02851,75780000,300000
R06-02852,105130000,300000
R06-02853,12110000,40000
R06-02854,82300000,300000
R06-02855,82380000,300000
R06-02856,52450000,150000
R06-02857,2850000,0
R06-02858,133290000,300000
R06-02859,43870000,150000
R06-02860,43420000,150000
R06-02861,41390000,150000
R06-02862,65940000,150000
R06-02863,17480000,40000
R06-02864,34640000,150000
R06-02865,21650000,60000
R06-02866,11970000,40000
R06-02867,51220000,150000
R06-02868,13950000,40000
R06-02869,32350000,60000
R06-02870,22510000,60000
R06-02871,84470000,300000
R06-02872,124180000,300000
R06-02873,5130000,20000
R06-02874,60840000,150000
R06-02875,62780000,150000
R06-02876,34160000,150000
R06-02877,11290000,40000
R06-02878,3190000,0
R06-02879,67140000,300000
R06-02880,21570000,60000
R06-02881,114230000,300000
R06-02882,6140000,20000
R06-02883,82420000,300000
R06-02884,41000000,150000
R06-02885,112820000,300000
R06-02886,22740000,60000
R06-02887,23320000,60000
R06-02888,44650000,150000
R06-02889,4430000,0
R06-02890,64400000,150000
R06-02891,46560000,150000
R06-02892,4040000,0
R06-02893,38230000,150000
R06-02894,22310000,60000
R06-02895,4910000,0
R06-02896,32610000,60000
R06-02897,114550000,300000
R06-02898,2090000,0
R06-02899,7920000,20000
R06-02900,83890000,300000
R06-02901,67760000,300000
R06-02902,3760000,0
R06-02903,73110000,300000
R06-02904,550000,0
R06-02905,42000000,150000
R06-02906,76180000,300000
R06-02907,6200000,20000
R06-02908,6950000,20000
R06-02909,103050000,300000
R06-02910,7270000,20000
R06-02911,42900000,150000
R06-02912,12310000,40000
R06-02913,31320000,60000
R06-02914,86970000,300000
R06-02915,5860000,20000
R06-02916,37850000,150000
R06-02917,15830000,40000
R06-02918,73750000,300000
R06-02919,13650000,40000
R06-02920,36120000,150000
R06-02921,36200000,150000
R06-02922,4070000,0
R06-02923,52570000,150000
R06-02924,16030000,40000
R06-02925,44510000,150000
R06-02926,40960000,150000
R06-02927,1020000,0
R06-02928,8290000,20000
R06-02929,33670000,150000
R06-02930,57400000,150000
R06-02931,80650000,300000
R06-02932,47830000,150000
R06-02933,20450000,60000
R06-02934,63210000,150000
R06-02935,36020000,150000
R06-02936,22040000,60000
R06-02937,58180000,150000
R06-02938,33240000,60000
R06-02939,141120000,600000
R06-02940,36010000,150000
R06-02941,17940000,40000
R06-02942,21040000,60000
R06-02943,33370000,150000
R06-02944,108030000,300000
R06-02945,43940000,150000
R06-02946,62160000,150000
R06-02947,47190000,150000
R06-02948,13280000,40000
R06-02949,40770000,150000
R06-02950,75100000,300000
R06-02951,60450000,150000
R06-02952,3960000,0
R06-02953,84670000,300000
R06-02954,37730000,150000
R06-02955,115090000,300000
R06-02956,56500000,150000
R06-02957,48090000,150000
R06-02958,72480000,300000
R06-02959,52620000,150000
R06-02960,62940000,150000
R06-02961,44260000,150000
R06-02962,6980000,20000
R06-02963,95190000,300000
R06-02964,63960000,150000
R06-02965,39130000,150000
R06-02966,73020000,300000
R06-02967,37730000,150000
R06-02968,52650000,150000
R06-02969,72860000,300000
R06-02970,4190000,0
R06-02971,12410000,40000
R06-02972,35040000,150000
R06-02973,18270000,40000
R06-02974,26190000,60000
R06-02975,3910000,0
R06-02976,61420000,150000
R06-02977,21630000,60000
R06-02978,45400000,150000
R06-02979,41910000,150000
R06-02980,4810000,0
R06-02981,91880000,300000
R06-02982,13100000,40000
R06-02983,2440000,0
R06-02984,26400000,60000
R06-02985,32620000,60000
R06-02986,37550000,150000
R06-02987,7040000,20000
R06-02988,53550000,150000
R06-02989,33040000,60000
R06-02990,62970000,150000
R06-02991,37680000,150000
R06-02992,22760000,60000
R06-02993,3120000,0
R06-02994,72560000,300000
R06-02995,73600000,300000
R06-02996,72680000,300000
R06-02997,2800000,0
R06-02998,25180000,60000
R06-02999,15080000,40000
R06-03000,142480000,600000
R06-03001,93250000,300000
R06-03002,71110000,300000
R06-03003,46810000,150000
R06-03004,143700000,600000
R06-03005,104650000,300000
R06-03006,590000,0
R06-03007,80740000,300000
R06-03008,7500000,20000
R06-03009,70860000,300000
R06-03010,31580000,60000
R06-03011,21270000,60000
R06-03012,11420000,40000
R06-03013,24870000,60000
R06-03014,15230000,40000
R06-03015,34880000,150000
R06-03016,4860000,0
R06-03017,5870000,20000
R06-03018,58190000,150000
R06-03019,22450000,60000
R06-03020,11430000,40000
R06-03021,4530000,0
R06-03022,43440000,150000
R06-03023,52430000,150000
R06-03024,21100000,60000
R06-03025,24740000,60000
R06-03026,32490000,60000
R06-03027,71950000,300000
R06-03028,34220000,150000
R06-03029,83010000,300000
R06-03030,21380000,60000
R06-03031,72310000,300000
R06-03032,1040000,0
R06-03033,43220000,150000
R06-03034,6390000,20000
R06-03035,21010000,60000
R06-03036,71640000,300000
R06-03037,101130000,300000
R06-03038,72720000,300000
R06-03039,1030000,0
R06-03040,68680000,300000
R06-03041,4700000,0
R06-03042,4960000,0
R06-03043,41150000,150000
R06-03044,15570000,40000
R06-03045,87810000,300000
R06-03046,55620000,150000
R06-03047,121200000,300000
R06-03048,4200000,0
R06-03049,212090000,1000000
R06-03050,23820000,60000
R06-03051,41240000,150000
R06-03052,51260000,150000
R06-03053,81300000,300000
R06-03054,92610000,300000
R06-03055,21040000,60000
R06-03056,3060000,0
R06-03057,24380000,60000
R06-03058,76470000,300000
R06-03059,21650000,60000
R06-03060,31300000,60000
R06-03061,51090000,150000
R06-03062,78460000,300000
R06-03063,127220000,300000
R06-03064,108970000,300000
R06-03065,35330000,150000
R06-03066,54580000,150000
R06-03067,52480000,150000
R06-03068,88020000,300000
R06-03069,1220000,0
R06-03070,56750000,150000
R06-03071,51760000,150000
R06-03072,26430000,60000
R06-03073,31320000,60000
R06-03074,65760000,150000
R06-03075,21980000,60000
R06-03076,33030000,60000
R06-03077,66690000,300000
R06-03078,4630000,0
R06-03079,81750000,300000
R06-03080,780000,0
R06-03081,12100000,40000
R06-03082,21060000,60000
R06-03083,22270000,60000
R06-03084,23320000,60000
R06-03085,116600000,300000
R06-03086,37530000,150000
R06-03087,22530000,60000
R06-03088,26900000,60000
R06-03089,93740000,300000
R06-03090,1820000,0
R06-03091,46030000,150000
R06-03092,11830000,40000
R06-03093,42730000,150000
R06-03094,14580000,40000
R06-03095,62700000,150000
R06-03096,13370000,40000
R06-03097,72430000,300000
R06-03098,35720000,150000
R06-03099,122110000,300000
R06-03100,32010000,60000
R06-03101,83370000,300000
R06-03102,68360000,300000
R06-03103,22040000,60000
R06-03104,51490000,150000
R06-03105,36500000,150000
R06-03106,35190000,150000
R06-03107,41140000,150000
R06-03108,34360000,150000
R06-03109,61890000,150000
R06-03110,53290000,150000
R06-03111,32840000,60000
R06-03112,58260000,150000
R06-03113,31590000,60000
R06-03114,24130000,60000
R06-03115,36320000,150000
R06-03116,48870000,150000
R06-03117,106870000,300000
R06-03118,32850000,60000
R06-03119,50810000,150000
R06-03120,33220000,60000
R06-03121,14390000,40000
R06-03122,14690000,40000
R06-03123,52300000,150000
R06-03124,22440000,60000
R06-03125,134150000,600000
R06-03126,3220000,0
R06-03127,133430000,600000
R06-03128,26440000,60000
R06-03129,53430000,150000
R06-03130,82900000,300000
R06-03131,1910000,0
R06-03132,25560000,60000
R06-03133,52140000,150000
R06-03134,86520000,300000
R06-03135,4920000,0
R06-03136,10850000,40000
R06-03137,57780000,150000
R06-03138,27870000,60000
R06-03139,51210000,150000
R06-03140,6010000,20000
R06-03141,83770000,300000
R06-03142,43630000,150000
R06-03143,43610000,150000
R06-03144,33950000,150000
R06-03145,74880000,300000
R06-03146,2830000,0
R06-03147,21910000,60000
R06-03148,4170000,0
R06-03149,42070000,150000
R06-03150,1830000,0
R06-03151,6620000,20000
R06-03152,53670000,150000
R06-03153,3940000,0
R06-03154,84420000,300000
R06-03155,21510000,60000
R06-03156,81140000,300000
R06-03157,86950000,300000
R06-03158,85030000,300000
R06-03159,2980000,0
R06-03160,24530000,60000
R06-03161,16330000,40000
R06-03162,26410000,60000
R06-03163,21680000,60000
R06-03164,2220000,0
R06-03165,30380000,60000
R06-03166,32680000,60000
R06-03167,77400000,300000
R06-03168,3430000,0
R06-03169,106670000,300000
R06-03170,22920000,60000
R06-03171,38450000,150000
R06-03172,35090000,150000
R06-03173,67850000,300000
R06-03174,63580000,150000
R06-03175,27800000,60000
R06-03176,45970000,150000
R06-03177,23930000,60000
R06-03178,56100000,150000
R06-03179,32080000,60000
R06-03180,83780000,300000
R06-03181,12470000,40000
R06-03182,4910000,0
R06-03183,94250000,300000
R06-03184,65710000,150000
R06-03185,83610000,300000
R06-03186,50230000,150000
R06-03187,2480000,0
R06-03188,5650000,20000
R06-03189,54920000,150000
R06-03190,31790000,60000
R06-03191,44430000,150000
R06-03192,27120000,60000
R06-03193,18230000,40000
R06-03194,43910000,150000
R06-03195,41350000,150000
R06-03196,2700000,0
R06-03197,32600000,60000
R06-03198,11670000,40000
R06-03199,1160000,0
R06-03200,42880000,150000
R06-03201,74550000,300000
R06-03202,95500000,300000
R06-03203,32380000,60000
R06-03204,34420000,150000
R06-03205,26370000,60000
R06-03206,15710000,40000
R06-03207,92660000,300000
R06-03208,43620000,150000
R06-03209,122720000,300000
R06-03210,45840000,150000
R06-03211,15020000,40000
R06-03212,73830000,300000
R06-03213,62280000,150000
R06-03214,7680000,20000
R06-03215,33710000,150000
R06-03216,47690000,150000
R06-03217,87980000,300000
R06-03218,54860000,150000
R06-03219,20790000,60000
R06-03220,101620000,300000
R06-03221,24640000,60000
R06-03222,107560000,300000
R06-03223,12440000,40000
R06-03224,4350000,0
R06-03225,64760000,150000
R06-03226,65280000,150000
R06-03227,43580000,150000
R06-03228,6620000,20000
R06-03229,48310000,150000
R06-03230,111750000,300000
R06-03231,11920000,40000
R06-03232,47270000,150000
R06-03233,22590000,60000
R06-03234,11110000,40000
R06-03235,6960000,20000
R06-03236,103550000,300000
R06-03237,38410000,150000
R06-03238,37350000,150000
R06-03239,123630000,300000
R06-03240,65500000,150000
R06-03241,53550000,150000
R06-03242,14870000,40000
R06-03243,12960000,40000
R06-03244,31200000,60000
R06-03245,84330000,300000
R06-03246,53990000,150000
R06-03247,1970000,0
R06-03248,55490000,150000
R06-03249,2590000,0
R06-03250,82720000,300000
R06-03251,87490000,300000
R06-03252,65340000,150000
R06-03253,18500000,40000
R06-03254,4510000,0
R06-03255,22220000,60000
R06-03256,73970000,300000
R06-03257,33320000,60000
R06-03258,133250000,300000
R06-03259,23030000,60000
R06-03260,57210000,150000
R06-03261,31860000,60000
R06-03262,96020000,300000
R06-03263,33560000,150000
R06-03264,7200000,20000
R06-03265,27530000,60000
R06-03266,46320000,150000
R06-03267,23690000,60000
R06-03268,114980000,300000
R06-03269,26090000,60000
R06-03270,4900000,0
R06-03271,39020000,150000
R06-03272,6690000,20000
R06-03273,76770000,300000
R06-03274,3880000,0
R06-03275,13270000,40000
R06-03276,122330000,300000
R06-03277,63750000,150000
R06-03278,98590000,300000
R06-03279,51840000,150000
R06-03280,28240000,60000
R06-03281,4840000,0
R06-03282,146920000,600000
R06-03283,82200000,300000
R06-03284,24410000,60000
R06-03285,2900000,0
R06-03286,45590000,150000
R06-03287,21410000,60000
R06-03288,48490000,150000
R06-03289,66840000,300000
R06-03290,54670000,150000
R06-03291,23590000,60000
R06-03292,75270000,300000
R06-03293,34190000,150000
R06-03294,83940000,300000
R06-03295,5580000,20000
R06-03296,19270000,40000
R06-03297,94580000,300000
R06-03298,22950000,60000
R06-03299,33530000,150000
R06-03300,21620000,60000
R06-03301,22810000,60000
R06-03302,97650000,300000
R06-03303,42240000,150000
R06-03304,46330000,150000
R06-03305,12740000,40000
R06-03306,42390000,150000
R06-03307,33110000,60000
R06-03308,26510000,60000
R06-03309,53280000,150000
R06-03310,53690000,150000
R06-03311,63150000,150000
R06-03312,22480000,60000
R06-03313,14230000,40000
R06-03314,101170000,300000
R06-03315,44120000,150000
R06-03316,4570000,0
R06-03317,45880000,150000
R06-03318,32430000,60000
R06-03319,14550000,40000
R06-03320,12010000,40000
R06-03321,3310000,0
R06-03322,1610000,0
R06-03323,25550000,60000
R06-03324,12700000,40000
R06-03325,31890000,60000
R06-03326,65330000,150000
R06-03327,43550000,150000
R06-03328,48830000,150000
R06-03329,36980000,150000
R06-03330,75150000,300000
R06-03331,11490000,40000
R06-03332,134040000,600000
R06-03333,107010000,300000
R06-03334,33030000,60000
R06-03335,27430000,60000
R06-03336,43200000,150000
R06-03337,12260000,40000
R06-03338,95480000,300000
R06-03339,42570000,150000
R06-03340,35380000,150000
R06-03341,15210000,40000
R06-03342,27480000,60000
R06-03343,20450000,60000
R06-03344,86210000,300000
R06-03345,134200000,600000
R06-03346,32660000,60000
R06-03347,52220000,150000
R06-03348,43620000,150000
R06-03349,4550000,0
R06-03350,22930000,60000
R06-03351,58570000,150000
R06-03352,22710000,60000
R06-03353,44390000,150000
R06-03354,36100000,150000
R06-03355,72870000,300000
R06-03356,4410000,0
R06-03357,27760000,60000
R06-03358,91990000,300000
R06-03359,5810000,20000
R06-03360,42470000,150000
R06-03361,15400000,40000
R06-03362,64550000,150000
R06-03363,42880000,150000
R06-03364,15600000,40000
R06-03365,72130000,300000
R06-03366,82360000,300000
R06-03367,50970000,150000
R06-03368,6620000,20000
R06-03369,25100000,60000
R06-03370,86630000,300000
R06-03371,1020000,0
R06-03372,30660000,60000
R06-03373,42250000,150000
R06-03374,33320000,60000
R06-03375,11370000,40000
R06-03376,45640000,150000
R06-03377,43780000,150000
R06-03378,71500000,300000
R06-03379,42190000,150000
R06-03380,38460000,150000
R06-03381,5530000,20000
R06-03382,57080000,150000
R06-03383,40960000,150000
R06-03384,32310000,60000
R06-03385,42770000,150000
R06-03386,32240000,60000
R06-03387,42160000,150000
R06-03388,1650000,0
R06-03389,1850000,0
R06-03390,2340000,0
R06-03391,41640000,150000
R06-03392,51930000,150000
R06-03393,17790000,40000
R06-03394,32490000,60000
R06-03395,63400000,150000
R06-03396,37860000,150000
R06-03397,40410000,150000
R06-03398,85450000,300000
R06-03399,57730000,150000
R06-03400,26680000,60000
R06-03401,83050000,300000
R06-03402,88160000,300000
R06-03403,2280000,0
R06-03404,31180000,60000
R06-03405,31290000,60000
R06-03406,22360000,60000
R06-03407,4020000,0
R06-03408,103960000,300000
R06-03409,114530000,300000
R06-03410,104940000,300000
R06-03411,31630000,60000
R06-03412,72360000,300000
R06-03413,31730000,60000
R06-03414,1350000,0
R06-03415,25180000,60000
R06-03416,67900000,300000
R06-03417,55050000,150000
R06-03418,40770000,150000
R06-03419,42030000,150000
R06-03420,92620000,300000
R06-03421,54820000,150000
R06-03422,72230000,300000
R06-03423,4360000,0
R06-03424,43670000,150000
R06-03425,4740000,0
R06-03426,15640000,40000
R06-03427,46030000,150000
R06-03428,22530000,60000
R06-03429,78780000,300000
R06-03430,42670000,150000
R06-03431,27740000,60000
R06-03432,26120000,60000
R06-03433,15340000,40000
R06-03434,46890000,150000
R06-03435,16630000,40000
R06-03436,44690000,150000
R06-03437,82730000,300000
R06-03438,42130000,150000
R06-03439,23080000,60000
R06-03440,52080000,150000
R06-03441,102470000,300000
R06-03442,38020000,150000
R06-03443,55830000,150000
R06-03444,15960000,40000
R06-03445,8080000,20000
R06-03446,31910000,60000
R06-03447,77500000,300000
R06-03448,32640000,60000
R06-03449,52940000,150000
R06-03450,25940000,60000
R06-03451,93370000,300000
R06-03452,84670000,300000
R06-03453,870000,0
R06-03454,38250000,150000
R06-03455,63720000,150000
R06-03456,32100000,60000
R06-03457,41560000,150000
R06-03458,24640000,60000
R06-03459,12170000,40000
R06-03460,7790000,20000
R06-03461,74010000,300000
R06-03462,31510000,60000
R06-03463,103400000,300000
R06-03464,52340000,150000
R06-03465,62320000,150000
R06-03466,31880000,60000
R06-03467,22300000,60000
R06-03468,33550000,150000
R06-03469,21280000,60000
R06-03470,23500000,60000
R06-03471,3390000,0
R06-03472,51720000,150000
R06-03473,73310000,300000
R06-03474,44460000,150000
R06-03475,2850000,0
R06-03476,55630000,150000
R06-03477,102390000,300000
R06-03478,18930000,40000
R06-03479,1190000,0
R06-03480,53020000,150000
R06-03481,12460000,40000
R06-03482,45030000,150000
R06-03483,13180000,40000
R06-03484,5020000,20000
R06-03485,92720000,300000
R06-03486,121220000,300000
R06-03487,52500000,150000
R06-03488,11290000,40000
R06-03489,23360000,60000
R06-03490,24750000,60000
R06-03491,1640000,0
R06-03492,17880000,40000
R06-03493,40340000,150000
R06-03494,74190000,300000
R06-03495,47290000,150000
R06-03496,52200000,150000
R06-03497,13110000,40000
R06-03498,212670000,1000000
R06-03499,111040000,300000
R06-03500,75450000,300000
R06-03501,14230000,40000
R06-03502,30110000,60000
R06-03503,2210000,0
R06-03504,53810000,150000
R06-03505,31750000,60000
R06-03506,23250000,60000
R06-03507,34490000,150000
R06-03508,34550000,150000
R06-03509,33030000,60000
R06-03510,63620000,150000
R06-03511,36380000,150000
R06-03512,21990000,60000
R06-03513,31220000,60000
R06-03514,77440000,300000
R06-03515,860000,0
R06-03516,82950000,300000
R06-03517,67220000,300000
R06-03518,43670000,150000
R06-03519,62710000,150000
R06-03520,52370000,150000
R06-03521,83790000,300000
R06-03522,62820000,150000
R06-03523,11850000,40000
R06-03524,17640000,40000
R06-03525,92480000,300000
R06-03526,34470000,150000
R06-03527,52120000,150000
R06-03528,10940000,40000
R06-03529,31970000,60000
R06-03530,64340000,150000
R06-03531,97060000,300000
R06-03532,53970000,150000
R06-03533,21760000,60000
R06-03534,3460000,0
R06-03535,72680000,300000
R06-03536,61240000,150000
R06-03537,1080000,0
R06-03538,21420000,60000
R06-03539,63080000,150000
R06-03540,44130000,150000
R06-03541,111950000,300000
R06-03542,7720000,20000
R06-03543,51250000,150000
R06-03544,62830000,150000
R06-03545,25350000,60000
R06-03546,56280000,150000
R06-03547,152340000,600000
R06-03548,34840000,150000
R06-03549,34000000,150000
R06-03550,3320000,0
R06-03551,61890000,150000
R06-03552,27020000,60000
R06-03553,72970000,300000
R06-03554,86570000,300000
R06-03555,36030000,150000
R06-03556,27220000,60000
R06-03557,63000000,150000
R06-03558,54700000,150000
R06-03559,22720000,60000
R06-03560,12630000,40000
R06-03561,1790000,0
R06-03562,66680000,300000
R06-03563,80680000,300000
R06-03564,73010000,300000
R06-03565,76040000,300000
R06-03566,83320000,300000
R06-03567,82320000,300000
R06-03568,106600000,300000
R06-03569,144370000,600000
R06-03570,4290000,0
R06-03571,33550000,150000
R06-03572,52730000,150000
R06-03573,55340000,150000
R06-03574,76590000,300000
R06-03575,76050000,300000
R06-03576,20990000,60000
R06-03577,36730000,150000
R06-03578,67470000,300000
R06-03579,62950000,150000
R06-03580,76080000,300000
R06-03581,10550000,40000
R06-03582,44480000,150000
R06-03583,50710000,150000
R06-03584,66160000,150000
R06-03585,75270000,300000
R06-03586,46550000,150000
R06-03587,91370000,300000
R06-03588,17800000,40000
R06-03589,16050000,40000
R06-03590,61060000,150000
R06-03591,16790000,40000
R06-03592,61440000,150000
R06-03593,25650000,60000
R06-03594,4560000,0
R06-03595,1130000,0
R06-03596,37260000,150000
R06-03597,34910000,150000
R06-03598,61120000,150000
R06-03599,8260000,20000
R06-03600,71080000,300000
R06-03601,14180000,40000
R06-03602,87190000,300000
R06-03603,31650000,60000
R06-03604,27710000,60000
R06-03605,62420000,150000
R06-03606,84450000,300000
R06-03607,24850000,60000
R06-03608,4670000,0
R06-03609,68900000,300000
R06-03610,21050000,60000
R06-03611,43310000,150000
R06-03612,52460000,150000
R06-03613,95130000,300000
R06-03614,21480000,60000
R06-03615,2110000,0
R06-03616,14290000,40000
R06-03617,233870000,1000000
R06-03618,35020000,150000
R06-03619,71210000,300000
R06-03620,25610000,60000
R06-03621,61180000,150000
R06-03622,23740000,60000
R06-03623,24470000,60000
R06-03624,25120000,60000
R06-03625,105450000,300000
R06-03626,3480000,0
R06-03627,71430000,300000
R06-03628,83730000,300000
R06-03629,13750000,40000
R06-03630,31060000,60000
R06-03631,34030000,150000
R06-03632,102710000,300000
R06-03633,96460000,300000
R06-03634,47470000,150000
R06-03635,44570000,150000
R06-03636,22670000,60000
R06-03637,51000000,150000
R06-03638,55510000,150000
R06-03639,26900000,60000
R06-03640,2070000,0
R06-03641,28580000,60000
R06-03642,4810000,0
R06-03643,1580000,0
R06-03644,24770000,60000
R06-03645,1660000,0
R06-03646,96250000,300000
R06-03647,22120000,60000
R06-03648,24850000,60000
R06-03649,31110000,60000
R06-03650,53200000,150000
R06-03651,63260000,150000
R06-03652,10560000,40000
R06-03653,114340000,300000
R06-03654,33300000,60000
R06-03655,23560000,60000
R06-03656,65300000,150000
R06-03657,4750000,0
R06-03658,51910000,150000
R06-03659,33440000,150000
R06-03660,330000,0
R06-03661,23890000,60000
R06-03662,62510000,150000
R06-03663,31470000,60000
R06-03664,84360000,300000
R06-03665,44100000,150000
R06-03666,4370000,0
R06-03667,85960000,300000
R06-03668,36770000,150000
R06-03669,15490000,40000
R06-03670,1830000,0
R06-03671,43980000,150000
R06-03672,22330000,60000
R06-03673,102520000,300000
R06-03674,23470000,60000
R06-03675,36430000,150000
R06-03676,83740000,300000
R06-03677,22560000,60000
R06-03678,78650000,300000
R06-03679,41690000,150000
R06-03680,43510000,150000
R06-03681,22290000,60000
R06-03682,151710000,600000
R06-03683,63900000,150000
R06-03684,1320000,0
R06-03685,71490000,300000
R06-03686,37350000,150000
R06-03687,52240000,150000
R06-03688,61330000,150000
R06-03689,107590000,300000
R06-03690,16820000,40000
R06-03691,33210000,60000
R06-03692,102640000,300000
R06-03693,24470000,60000
R06-03694,104220000,300000
R06-03695,22990000,60000
R06-03696,22950000,60000
R06-03697,23930000,60000
R06-03698,2530000,0
R06-03699,41850000,150000
R06-03700,82380000,300000
R06-03701,34040000,150000
R06-03702,5810000,20000
R06-03703,67390000,300000
R06-03704,41810000,150000
R06-03705,21600000,60000
R06-03706,83010000,300000
R06-03707,5190000,20000
R06-03708,73640000,300000
R06-03709,45550000,150000
R06-03710,11970000,40000
R06-03711,40560000,150000
R06-03712,32510000,60000
R06-03713,43410000,150000
R06-03714,26090000,60000
R06-03715,212930000,1000000
R06-03716,34200000,150000
R06-03717,92350000,300000
R06-03718,38400000,150000
R06-03719,26150000,60000
R06-03720,70720000,300000
R06-03721,61440000,150000
R06-03722,54160000,150000
R06-03723,222000000,1000000
R06-03724,27880000,60000
R06-03725,32660000,60000
R06-03726,62920000,150000
R06-03727,32730000,60000
R06-03728,86990000,300000
R06-03729,106420000,300000
R06-03730,51720000,150000
R06-03731,6260000,20000
R06-03732,75640000,300000
R06-03733,12720000,40000
R06-03734,61120000,150000
R06-03735,41820000,150000
R06-03736,73130000,300000
R06-03737,4370000,0
R06-03738,104050000,300000
R06-03739,46760000,150000
R06-03740,5000000,20000
R06-03741,16280000,40000
R06-03742,74480000,300000
R06-03743,112030000,300000
R06-03744,61860000,150000
R06-03745,13200000,40000
R06-03746,32090000,60000
R06-03747,35350000,150000
R06-03748,3260000,0
R06-03749,61610000,150000
R06-03750,96850000,300000
R06-03751,64130000,150000
R06-03752,22670000,60000
R06-03753,45400000,150000
R06-03754,6360000,20000
R06-03755,74270000,300000
R06-03756,14920000,40000
R06-03757,2640000,0
R06-03758,26890000,60000
R06-03759,173270000,600000
R06-03760,61240000,150000
R06-03761,42130000,150000
R06-03762,2440000,0
R06-03763,80880000,300000
R06-03764,670000,0
R06-03765,12500000,40000
R06-03766,102890000,300000
R06-03767,4420000,0
R06-03768,1920000,0
R06-03769,41670000,150000
R06-03770,91390000,300000
R06-03771,21360000,60000
R06-03772,9200000,20000
R06-03773,25330000,60000
R06-03774,14830000,40000
R06-03775,53710000,150000
R06-03776,47710000,150000
R06-03777,330000,0
R06-03778,74030000,300000
R06-03779,1510000,0
R06-03780,2230000,0
R06-03781,101770000,300000
R06-03782,55670000,150000
R06-03783,66240000,150000
R06-03784,67890000,300000
R06-03785,57170000,150000
R06-03786,13240000,40000
R06-03787,34360000,150000
R06-03788,22510000,60000
R06-03789,42160000,150000
R06-03790,27250000,60000
R06-03791,81770000,300000
R06-03792,1990000,0
R06-03793,20860000,60000
R06-03794,2910000,0
R06-03795,23920000,60000
R06-03796,20570000,60000
R06-03797,15490000,40000
R06-03798,3140000,0
R06-03799,43640000,150000
R06-03800,18280000,40000
R06-03801,23530000,60000
R06-03802,15290000,40000
R06-03803,25470000,60000
R06-03804,26340000,60000
R06-03805,22970000,60000
R06-03806,22350000,60000
R06-03807,64580000,150000
R06-03808,61920000,150000
R06-03809,53870000,150000
R06-03810,57400000,150000
R06-03811,58230000,150000
R06-03812,13270000,40000
R06-03813,1890000,0
R06-03814,95840000,300000
R06-03815,2550000,0
R06-03816,52200000,150000
R06-03817,111660000,300000
R06-03818,24830000,60000
R06-03819,51860000,150000
R06-03820,95890000,300000
R06-03821,37490000,150000
R06-03822,12180000,40000
R06-03823,92420000,300000
R06-03824,27620000,60000
R06-03825,107510000,300000
R06-03826,75180000,300000
R06-03827,57610000,150000
R06-03828,44270000,150000
R06-03829,44230000,150000
R06-03830,2780000,0
R06-03831,51800000,150000
R06-03832,4290000,0
R06-03833,2970000,0
R06-03834,54590000,150000
R06-03835,108870000,300000
R06-03836,14040000,40000
R06-03837,35780000,150000
R06-03838,4850000,0
R06-03839,41430000,150000
R06-03840,1200000,0
R06-03841,42470000,150000
R06-03842,66470000,150000
R06-03843,108640000,300000
R06-03844,82760000,300000
R06-03845,12270000,40000
R06-03846,20940000,60000
R06-03847,47490000,150000
R06-03848,62400000,150000
R06-03849,3130000,0
R06-03850,24260000,60000
R06-03851,157580000,600000
R06-03852,2450000,0
R06-03853,41070000,150000
R06-03854,62760000,150000
R06-03855,53170000,150000
R06-03856,83620000,300000
R06-03857,2730000,0
R06-03858,63450000,150000
R06-03859,60570000,150000
R06-03860,65910000,150000
R06-03861,52960000,150000
R06-03862,82770000,300000
R06-03863,81000000,300000
R06-03864,31660000,60000
R06-03865,56580000,150000
R06-03866,43640000,150000
R06-03867,350000,0
R06-03868,14670000,40000
R06-03869,21570000,60000
R06-03870,24880000,60000
R06-03871,60680000,150000
R06-03872,6430000,20000
R06-03873,89130000,300000
R06-03874,51280000,150000
R06-03875,68500000,300000
R06-03876,85640000,300000
R06-03877,46690000,150000
R06-03878,34170000,150000
R06-03879,11770000,40000
R06-03880,83910000,300000
R06-03881,61930000,150000
R06-03882,36580000,150000
R06-03883,83340000,300000
R06-03884,34420000,150000
R06-03885,36040000,150000
R06-03886,92430000,300000
R06-03887,46860000,150000
R06-03888,2540000,0
R06-03889,136520000,600000
R06-03890,13360000,40000
R06-03891,5490000,20000
R06-03892,54520000,150000
R06-03893,107000000,300000
R06-03894,1820000,0
R06-03895,12110000,40000
R06-03896,86030000,300000
R06-03897,82160000,300000
R06-03898,31360000,60000
R06-03899,35880000,150000
R06-03900,2500000,0
R06-03901,33780000,150000
R06-03902,25020000,60000
R06-03903,33160000,60000
R06-03904,63340000,150000
R06-03905,45850000,150000
R06-03906,59750000,150000
R06-03907,141310000,600000
R06-03908,82570000,300000
R06-03909,49340000,150000
R06-03910,1840000,0
R06-03911,12790000,40000
R06-03912,57530000,150000
R06-03913,52760000,150000
R06-03914,510000,0
R06-03915,92880000,300000
R06-03916,117350000,300000
R06-03917,21800000,60000
R06-03918,25440000,60000
R06-03919,93950000,300000
R06-03920,41710000,150000
R06-03921,58140000,150000
R06-03922,6900000,20000
R06-03923,94470000,300000
R06-03924,30390000,60000
R06-03925,34520000,150000
R06-03926,7440000,20000
R06-03927,56430000,150000
R06-03928,23160000,60000
R06-03929,1630000,0
R06-03930,52970000,150000
R06-03931,34600000,150000
R06-03932,34940000,150000
R06-03933,76570000,300000
R06-03934,31660000,60000
R06-03935,74550000,300000
R06-03936,43370000,150000
R06-03937,60760000,150000
R06-03938,33970000,150000
R06-03939,51960000,150000
R06-03940,31510000,60000
R06-03941,41970000,150000
R06-03942,71990000,300000
R06-03943,41860000,150000
R06-03944,25180000,60000
R06-03945,31250000,60000
R06-03946,52920000,150000
R06-03947,14420000,40000
R06-03948,31500000,60000
R06-03949,151640000,600000
R06-03950,73820000,300000
R06-03951,64090000,150000
R06-03952,77810000,300000
R06-03953,63470000,150000
R06-03954,24180000,60000
R06-03955,44860000,150000
R06-03956,66370000,150000
R06-03957,92420000,300000
R06-03958,22600000,60000
R06-03959,52580000,150000
R06-03960,63350000,150000
R06-03961,75410000,300000
R06-03962,24450000,60000
R06-03963,37310000,150000
R06-03964,63090000,150000
R06-03965,3690000,0
R06-03966,71900000,300000
R06-03967,85940000,300000
R06-03968,42970000,150000
R06-03969,117440000,300000
R06-03970,71420000,300000
R06-03971,110850000,300000
R06-03972,77300000,300000
R06-03973,62830000,150000
R06-03974,32700000,60000
R06-03975,31830000,60000
R06-03976,2230000,0
R06-03977,5520000,20000
R06-03978,13790000,40000
R06-03979,91200000,300000
R06-03980,41580000,150000
R06-03981,75330000,300000
R06-03982,18690000,40000
R06-03983,11950000,40000
R06-03984,34110000,150000
R06-03985,22230000,60000
R06-03986,93060000,300000
R06-03987,47270000,150000
R06-03988,3390000,0
R06-03989,25310000,60000
R06-03990,33400000,150000
R06-03991,53840000,150000
R06-03992,43420000,150000
R06-03993,58670000,150000
R06-03994,56740000,150000
R06-03995,12410000,40000
R06-03996,51680000,150000
R06-03997,34040000,150000
R06-03998,122690000,300000
R06-03999,51830000,150000
R06-04000,72460000,300000
R06-04001,51910000,150000
R06-04002,113520000,300000
R06-04003,21580000,60000
R06-04004,103550000,300000
R06-04005,1270000,0
R06-04006,33910000,150000
R06-04007,121140000,300000
R06-04008,53360000,150000
R06-04009,5310000,20000
R06-04010,53850000,150000
R06-04011,92070000,300000
R06-04012,6840000,20000
R06-04013,21760000,60000
R06-04014,66270000,150000
R06-04015,24680000,60000
R06-04016,18400000,40000
R06-04017,6700000,20000
R06-04018,21910000,60000
R06-04019,116940000,300000
R06-04020,47640000,150000
R06-04021,6710000,20000
R06-04022,72920000,300000
R06-04023,32520000,60000
R06-04024,51710000,150000
R06-04025,32690000,60000
R06-04026,54730000,150000
R06-04027,57360000,150000
R06-04028,115390000,300000
R06-04029,34760000,150000
R06-04030,34900000,150000
R06-04031,112150000,300000
R06-04032,83360000,300000
R06-04033,83960000,300000
R06-04034,3070000,0
R06-04035,64560000,150000
R06-04036,107600000,300000
R06-04037,95420000,300000
R06-04038,35590000,150000
R06-04039,52770000,150000
R06-04040,14400000,40000
R06-04041,66940000,300000
R06-04042,5060000,20000
R06-04043,43080000,150000
R06-04044,3520000,0
R06-04045,53520000,150000
R06-04046,14940000,40000
R06-04047,22980000,60000
R06-04048,103270000,300000
R06-04049,21190000,60000
R06-04050,66670000,300000
R06-04051,73480000,300000
R06-04052,32710000,60000
R06-04053,51930000,150000
R06-04054,65640000,150000
R06-04055,25930000,60000
R06-04056,52900000,150000
R06-04057,31590000,60000
R06-04058,53310000,150000
R06-04059,73650000,300000
R06-04060,71060000,300000
R06-04061,67530000,300000
R06-04062,41980000,150000
R06-04063,82430000,300000
R06-04064,2410000,0
R06-04065,66200000,150000
R06-04066,47730000,150000
R06-04067,14040000,40000
R06-04068,44090000,150000
R06-04069,125960000,300000
R06-04070,32570000,60000
R06-04071,60340000,150000
R06-04072,83330000,300000
R06-04073,103050000,300000
R06-04074,72340000,300000
R06-04075,3500000,0
R06-04076,44540000,150000
R06-04077,74610000,300000
R06-04078,64340000,150000
R06-04079,77650000,300000
R06-04080,54070000,150000
R06-04081,24730000,60000
R06-04082,27680000,60000
R06-04083,114480000,300000
R06-04084,41960000,150000
R06-04085,45660000,150000
R06-04086,45090000,150000
R06-04087,82720000,300000
R06-04088,88720000,300000
R06-04089,11810000,40000
R06-04090,143690000,600000
R06-04091,22780000,60000
R06-04092,5060000,20000
R06-04093,42940000,150000
R06-04094,27860000,60000
R06-04095,33420000,150000
R06-04096,7940000,20000
R06-04097,3780000,0
R06-04098,20110000,60000
R06-04099,81340000,300000
R06-04100,91220000,300000
R06-04101,77330000,300000
R06-04102,71310000,300000
R06-04103,53530000,150000
R06-04104,42460000,150000
R06-04105,67100000,300000
R06-04106,60600000,150000
R06-04107,63380000,150000
R06-04108,14030000,40000
R06-04109,56810000,150000
R06-04110,102760000,300000
R06-04111,63310000,150000
R06-04112,66140000,150000
R06-04113,3610000,0
R06-04114,83070000,300000
R06-04115,3120000,0
R06-04116,62460000,150000
R06-04117,4340000,0
R06-04118,43000000,150000
R06-04119,93810000,300000
R06-04120,27760000,60000
R06-04121,6510000,20000
R06-04122,51670000,150000
R06-04123,21270000,60000
R06-04124,13980000,40000
R06-04125,41420000,150000
R06-04126,86150000,300000
R06-04127,1920000,0
R06-04128,22780000,60000
R06-04129,64150000,150000
R06-04130,7220000,20000
R06-04131,94610000,300000
R06-04132,42700000,150000
R06-04133,46230000,150000
R06-04134,67130000,300000
R06-04135,5350000,20000
R06-04136,42970000,150000
R06-04137,64490000,150000
R06-04138,64390000,150000
R06-04139,171430000,600000
R06-04140,16110000,40000
R06-04141,3910000,0
R06-04142,23200000,60000
R06-04143,7840000,20000
R06-04144,42290000,150000
R06-04145,55180000,150000
R06-04146,81100000,300000
R06-04147,76120000,300000
R06-04148,38970000,150000
R06-04149,86010000,300000
R06-04150,5580000,20000
R06-04151,41730000,150000
R06-04152,22680000,60000
R06-04153,8380000,20000
R06-04154,86050000,300000
R06-04155,55210000,150000
R06-04156,91220000,300000
R06-04157,43100000,150000
R06-04158,32390000,60000
R06-04159,73580000,300000
R06-04160,6500000,20000
R06-04161,27710000,60000
R06-04162,22660000,60000
R06-04163,42710000,150000
R06-04164,95000000,300000
R06-04165,7440000,20000
R06-04166,56680000,150000
R06-04167,34350000,150000
R06-04168,5990000,20000
R06-04169,62940000,150000
R06-04170,8310000,20000
R06-04171,62630000,150000
R06-04172,22030000,60000
R06-04173,92130000,300000
R06-04174,27990000,60000
R06-04175,63250000,150000
R06-04176,42750000,150000
R06-04177,55110000,150000
R06-04178,82300000,300000
R06-04179,40540000,150000
R06-04180,3360000,0
R06-04181,55750000,150000
R06-04182,25100000,60000
R06-04183,12440000,40000
R06-04184,41820000,150000
R06-04185,5730000,20000
R06-04186,53170000,150000
R06-04187,117200000,300000
R06-04188,50740000,150000
R06-04189,93390000,300000
R06-04190,6370000,20000
R06-04191,50940000,150000
R06-04192,4960000,0
R06-04193,38000000,150000
R06-04194,43990000,150000
R06-04195,4170000,0
R06-04196,2110000,0
R06-04197,125660000,300000
R06-04198,32950000,60000
R06-04199,17050000,40000
R06-04200,54470000,150000
R06-04201,66000000,150000
R06-04202,17610000,40000
R06-04203,26730000,60000
R06-04204,93610000,300000
R06-04205,9340000,20000
R06-04206,13110000,40000
R06-04207,3200000,0
R06-04208,31140000,60000
R06-04209,65490000,150000
R06-04210,13850000,40000
R06-04211,74030000,300000
R06-04212,2300000,0
R06-04213,82960000,300000
R06-04214,51220000,150000
R06-04215,11510000,40000
R06-04216,3600000,0
R06-04217,21770000,60000
R06-04218,23780000,60000
R06-04219,97410000,300000
R06-04220,24660000,60000
R06-04221,50730000,150000
R06-04222,12960000,40000
R06-04223,56560000,150000
R06-04224,56670000,150000
R06-04225,96210000,300000
R06-04226,95870000,300000
R06-04227,63910000,150000
R06-04228,1040000,0
R06-04229,62950000,150000
R06-04230,32490000,60000
R06-04231,52890000,150000
R06-04232,111830000,300000
R06-04233,170750000,600000
R06-04234,13790000,40000
R06-04235,22100000,60000
R06-04236,11660000,40000
R06-04237,54890000,150000
R06-04238,12920000,40000
R06-04239,64680000,150000
R06-04240,51000000,150000
R06-04241,15880000,40000
R06-04242,5870000,20000
R06-04243,11670000,40000
R06-04244,1730000,0
R06-04245,46260000,150000
R06-04246,850000,0
R06-04247,43610000,150000
R06-04248,66590000,150000
R06-04249,113240000,300000
R06-04250,39040000,150000
R06-04251,4690000,0
R06-04252,8690000,20000
R06-04253,87260000,300000
R06-04254,61830000,150000
R06-04255,87230000,300000
R06-04256,6140000,20000
R06-04257,2090000,0
R06-04258,43000000,150000
R06-04259,43320000,150000
R06-04260,34670000,150000
R06-04261,53720000,150000
R06-04262,28510000,60000
R06-04263,21450000,60000
R06-04264,32900000,60000
R06-04265,43540000,150000
R06-04266,60410000,150000
R06-04267,95910000,300000
R06-04268,24420000,60000
R06-04269,22000000,60000
R06-04270,5260000,20000
R06-04271,13230000,40000
R06-04272,11540000,40000
R06-04273,74550000,300000
R06-04274,19060000,40000
R06-04275,23150000,60000
R06-04276,32080000,60000
R06-04277,15220000,40000
R06-04278,2650000,0
R06-04279,52430000,150000
R06-04280,71480000,300000
R06-04281,8250000,20000
R06-04282,37680000,150000
R06-04283,81620000,300000
R06-04284,94710000,300000
R06-04285,24630000,60000
R06-04286,35790000,150000
R06-04287,11770000,40000
R06-04288,6870000,20000
R06-04289,33450000,150000
R06-04290,31980000,60000
R06-04291,51470000,150000
R06-04292,56510000,150000
R06-04293,45590000,150000
R06-04294,66080000,150000
R06-04295,7350000,20000
R06-04296,53450000,150000
R06-04297,3530000,0
R06-04298,11370000,40000
R06-04299,51260000,150000
R06-04300,76440000,300000
R06-04301,12880000,40000
R06-04302,4300000,0
R06-04303,12120000,40000
R06-04304,43530000,150000
R06-04305,3080000,0
R06-04306,95290000,300000
R06-04307,81160000,300000
R06-04308,25600000,60000
R06-04309,81190000,300000
R06-04310,12160000,40000
R06-04311,4030000,0
R06-04312,35210000,150000
R06-04313,23910000,60000
R06-04314,64050000,150000
R06-04315,11080000,40000
R06-04316,37480000,150000
R06-04317,5140000,20000
R06-04318,33380000,150000
R06-04319,24040000,60000
R06-04320,54090000,150000
R06-04321,2350000,0
R06-04322,42900000,150000
R06-04323,3120000,0
R06-04324,82580000,300000
R06-04325,64420000,150000
R06-04326,27140000,60000
R06-04327,53320000,150000
R06-04328,36450000,150000
R06-04329,94150000,300000
R06-04330,4430000,0
R06-04331,15010000,40000
R06-04332,870000,0
R06-04333,75320000,300000
R06-04334,15700000,40000
R06-04335,43110000,150000
R06-04336,22820000,60000
R06-04337,52560000,150000
R06-04338,34500000,150000
R06-04339,44630000,150000
R06-04340,910000,0
R06-04341,94760000,300000
R06-04342,91910000,300000
R06-04343,30410000,60000
R06-04344,33220000,60000
R06-04345,27350000,60000
R06-04346,43370000,150000
R06-04347,102190000,300000
R06-04348,26840000,60000
R06-04349,50110000,150000
R06-04350,14680000,40000
R06-04351,65130000,150000
R06-04352,63490000,150000
R06-04353,87660000,300000
R06-04354,21690000,60000
R06-04355,15390000,40000
R06-04356,52160000,150000
R06-04357,74400000,300000
R06-04358,63940000,150000
R06-04359,94300000,300000
R06-04360,65690000,150000
R06-04361,53870000,150000
R06-04362,25810000,60000
R06-04363,13600000,40000
R06-04364,34180000,150000
R06-04365,24100000,60000
R06-04366,36500000,150000
R06-04367,55730000,150000
R06-04368,66250000,150000
R06-04369,1380000,0
R06-04370,11960000,40000
R06-04371,36290000,150000
R06-04372,114100000,300000
R06-04373,4980000,0
R06-04374,30990000,60000
R06-04375,32950000,60000
R06-04376,32500000,60000
R06-04377,51060000,150000
R06-04378,63410000,150000
R06-04379,35780000,150000
R06-04380,40640000,150000
R06-04381,32710000,60000
R06-04382,55730000,150000
R06-04383,1970000,0
R06-04384,2000000,0
R06-04385,1930000,0
R06-04386,36980000,150000
R06-04387,73170000,300000
R06-04388,23240000,60000
R06-04389,91830000,300000
R06-04390,22460000,60000
R06-04391,690000,0
R06-04392,4960000,0
R06-04393,96140000,300000
R06-04394,43220000,150000
R06-04395,93650000,300000
R06-04396,41500000,150000
R06-04397,8330000,20000
R06-04398,90960000,300000
R06-04399,56460000,150000
R06-04400,33100000,60000
R06-04401,45700000,150000
R06-04402,87270000,300000
R06-04403,26080000,60000
R06-04404,42660000,150000
R06-04405,113080000,300000
R06-04406,22660000,60000
R06-04407,96010000,300000
R06-04408,21060000,60000
R06-04409,28840000,60000
R06-04410,75410000,300000
R06-04411,136100000,600000
R06-04412,85310000,300000
R06-04413,2880000,0
R06-04414,14360000,40000
R06-04415,51470000,150000
R06-04416,1290000,0
R06-04417,98320000,300000
R06-04418,111950000,300000
R06-04419,73660000,300000
R06-04420,5660000,20000
R06-04421,151350000,600000
R06-04422,5320000,20000
R06-04423,53610000,150000
R06-04424,85110000,300000
R06-04425,34250000,150000
R06-04426,64320000,150000
R06-04427,96030000,300000
R06-04428,59550000,150000
R06-04429,14930000,40000
R06-04430,46850000,150000
R06-04431,53670000,150000
R06-04432,43850000,150000
R06-04433,33550000,150000
R06-04434,4460000,0
R06-04435,85930000,300000
R06-04436,5660000,20000
R06-04437,57240000,150000
R06-04438,93510000,300000
R06-04439,36560000,150000
R06-04440,35470000,150000
R06-04441,27120000,60000
R06-04442,33970000,150000
R06-04443,64760000,150000
R06-04444,45960000,150000
R06-04445,75440000,300000
R06-04446,25530000,60000
R06-04447,31640000,60000
R06-04448,30630000,60000
R06-04449,52470000,150000
R06-04450,17650000,40000
R06-04451,93440000,300000
R06-04452,46270000,150000
R06-04453,32010000,60000
R06-04454,16050000,40000
R06-04455,2400000,0
R06-04456,43590000,150000
R06-04457,11720000,40000
R06-04458,63470000,150000
R06-04459,64090000,150000
R06-04460,22160000,60000
R06-04461,26050000,60000
R06-04462,4250000,0
R06-04463,5920000,20000
R06-04464,16300000,40000
R06-04465,112590000,300000
R06-04466,68410000,300000
R06-04467,55600000,150000
R06-04468,48060000,150000
R06-04469,126860000,300000
R06-04470,91530000,300000
R06-04471,13640000,40000
R06-04472,6080000,20000
R06-04473,57540000,150000
R06-04474,12780000,40000
R06-04475,8290000,20000
R06-04476,157900000,600000
R06-04477,92220000,300000
R06-04478,14380000,40000
R06-04479,4370000,0
R06-04480,70360000,300000
R06-04481,2200000,0
R06-04482,42280000,150000
R06-04483,73260000,300000
R06-04484,73790000,300000
R06-04485,74070000,300000
R06-04486,6400000,20000
R06-04487,12120000,40000
R06-04488,81840000,300000
R06-04489,70770000,300000
R06-04490,7260000,20000
R06-04491,61660000,150000
R06-04492,36090000,150000
R06-04493,63510000,150000
R06-04494,33250000,60000
R06-04495,134790000,600000
R06-04496,2320000,0
R06-04497,33660000,150000
R06-04498,61330000,150000
R06-04499,6000000,20000
R06-04500,46490000,150000
R06-04501,34010000,150000
R06-04502,112590000,300000
R06-04503,88460000,300000
R06-04504,43830000,150000
R06-04505,51430000,150000
R06-04506,91930000,300000
R06-04507,21910000,60000
R06-04508,2280000,0
R06-04509,141580000,600000
R06-04510,22210000,60000
R06-04511,43140000,150000
R06-04512,23740000,60000
R06-04513,31210000,60000
R06-04514,48700000,150000
R06-04515,115360000,300000
R06-04516,97110000,300000
R06-04517,5400000,20000
R06-04518,66280000,150000
R06-04519,104720000,300000
R06-04520,23760000,60000
R06-04521,75920000,300000
R06-04522,154470000,600000
R06-04523,14730000,40000
R06-04524,59490000,150000
R06-04525,760000,0
R06-04526,83500000,300000
R06-04527,71570000,300000
R06-04528,5050000,20000
R06-04529,92770000,300000
R06-04530,5400000,20000
R06-04531,31360000,60000
R06-04532,36580000,150000
R06-04533,36240000,150000
R06-04534,112260000,300000
R06-04535,4060000,0
R06-04536,2870000,0
R06-04537,34930000,150000
R06-04538,44640000,150000
R06-04539,54650000,150000
R06-04540,101010000,300000
R06-04541,23780000,60000
R06-04542,54050000,150000
R06-04543,1970000,0
R06-04544,38520000,150000
R06-04545,87910000,300000
R06-04546,92580000,300000
R06-04547,43290000,150000
R06-04548,52430000,150000
R06-04549,45250000,150000
R06-04550,10410000,40000
R06-04551,26950000,60000
R06-04552,14180000,40000
R06-04553,33390000,150000
R06-04554,5570000,20000
R06-04555,7340000,20000
R06-04556,23860000,60000
R06-04557,92150000,300000
R06-04558,34810000,150000
R06-04559,73250000,300000
R06-04560,74850000,300000
R06-04561,105460000,300000
R06-04562,131520000,300000
R06-04563,76120000,300000
R06-04564,25400000,60000
R06-04565,44060000,150000
R06-04566,18210000,40000
R06-04567,47810000,150000
R06-04568,52670000,150000
R06-04569,82430000,300000
R06-04570,4960000,0
R06-04571,31890000,60000
R06-04572,86590000,300000
R06-04573,41830000,150000
R06-04574,24130000,60000
R06-04575,13740000,40000
R06-04576,15980000,40000
R06-04577,53890000,150000
R06-04578,43530000,150000
R06-04579,43450000,150000
R06-04580,34010000,150000
R06-04581,48010000,150000
R06-04582,13510000,40000
R06-04583,101230000,300000
R06-04584,102380000,300000
R06-04585,24370000,60000
R06-04586,26480000,60000
R06-04587,74350000,300000
R06-04588,22060000,60000
R06-04589,34690000,150000
R06-04590,61760000,150000
R06-04591,24330000,60000
R06-04592,44840000,150000
R06-04593,81050000,300000
R06-04594,105260000,300000
R06-04595,22620000,60000
R06-04596,70620000,300000
R06-04597,35010000,150000
R06-04598,52710000,150000
R06-04599,80050000,300000
R06-04600,1020000,0
R06-04601,3390000,0
R06-04602,73560000,300000
R06-04603,66150000,150000
R06-04604,31780000,60000
R06-04605,52710000,150000
R06-04606,22970000,60000
R06-04607,43970000,150000
R06-04608,23560000,60000
R06-04609,17550000,40000
R06-04610,75010000,300000
R06-04611,66460000,150000
R06-04612,35560000,150000
R06-04613,93090000,300000
R06-04614,72390000,300000
R06-04615,6070000,20000
R06-04616,14210000,40000
R06-04617,64000000,150000
R06-04618,3720000,0
R06-04619,4160000,0
R06-04620,34590000,150000
R06-04621,24460000,60000
R06-04622,73360000,300000
R06-04623,51050000,150000
R06-04624,3000000,0
R06-04625,34950000,150000
R06-04626,96390000,300000
R06-04627,64780000,150000
R06-04628,12520000,40000
R06-04629,75010000,300000
R06-04630,32440000,60000
R06-04631,49280000,150000
R06-04632,11940000,40000
R06-04633,22290000,60000
R06-04634,65660000,150000
R06-04635,102560000,300000
R06-04636,23370000,60000
R06-04637,52310000,150000
R06-04638,13580000,40000
R06-04639,2780000,0
R06-04640,480000,0
R06-04641,84890000,300000
R06-04642,23460000,60000
R06-04643,56520000,150000
R06-04644,9690000,20000
R06-04645,45370000,150000
R06-04646,66520000,150000
R06-04647,540000,0
R06-04648,62460000,150000
R06-04649,24690000,60000
R06-04650,145110000,600000
R06-04651,17940000,40000
R06-04652,66270000,150000
R06-04653,1630000,0
R06-04654,93330000,300000
R06-04655,62110000,150000
R06-04656,3340000,0
R06-04657,22270000,60000
R06-04658,58030000,150000
R06-04659,17100000,40000
R06-04660,45220000,150000
R06-04661,31130000,60000
R06-04662,14040000,40000
R06-04663,18340000,40000
R06-04664,25880000,60000
R06-04665,32740000,60000
R06-04666,50220000,150000
R06-04667,2280000,0
R06-04668,42630000,150000
R06-04669,51520000,150000
R06-04670,147500000,600000
R06-04671,2980000,0
R06-04672,102190000,300000
R06-04673,66360000,150000
R06-04674,64700000,150000
R06-04675,62780000,150000
R06-04676,5450000,20000
R06-04677,91780000,300000
R06-04678,32630000,60000
R06-04679,1630000,0
R06-04680,18070000,40000
R06-04681,52530000,150000
R06-04682,72560000,300000
R06-04683,34420000,150000
R06-04684,25750000,60000
R06-04685,170000,0
R06-04686,63130000,150000
R06-04687,28700000,60000
R06-04688,21020000,60000
R06-04689,27690000,60000
R06-04690,51480000,150000
R06-04691,36210000,150000
R06-04692,24270000,60000
R06-04693,20820000,60000
R06-04694,25310000,60000
R06-04695,95510000,300000
R06-04696,24000000,60000
R06-04697,83140000,300000
R06-04698,53290000,150000
R06-04699,90830000,300000
R06-04700,23910000,60000
R06-04701,95760000,300000
R06-04702,3180000,0
R06-04703,84200000,300000
R06-04704,41280000,150000
R06-04705,31880000,60000
R06-04706,2880000,0
R06-04707,34050000,150000
R06-04708,60600000,150000
R06-04709,33900000,150000
R06-04710,61770000,150000
R06-04711,61850000,150000
R06-04712,22780000,60000
R06-04713,4120000,0
R06-04714,63180000,150000
R06-04715,24530000,60000
R06-04716,45240000,150000
R06-04717,31500000,60000
R06-04718,1430000,0
R06-04719,78020000,300000
R06-04720,11710000,40000
R06-04721,72810000,300000
R06-04722,33580000,150000
R06-04723,45570000,150000
R06-04724,58440000,150000
R06-04725,6780000,20000
R06-04726,42780000,150000
R06-04727,41520000,150000
R06-04728,19080000,40000
R06-04729,12880000,40000
R06-04730,1120000,0
R06-04731,46300000,150000
R06-04732,22780000,60000
R06-04733,57060000,150000
R06-04734,26230000,60000
R06-04735,7180000,20000
R06-04736,174990000,600000
R06-04737,61270000,150000
R06-04738,112960000,300000
R06-04739,43580000,150000
R06-04740,3180000,0
R06-04741,54890000,150000
R06-04742,84420000,300000
R06-04743,102690000,300000
R06-04744,21580000,60000
R06-04745,14270000,40000
R06-04746,54640000,150000
R06-04747,17470000,40000
R06-04748,93800000,300000
R06-04749,36690000,150000
R06-04750,11120000,40000
R06-04751,91980000,300000
R06-04752,41750000,150000
R06-04753,1300000,0
R06-04754,16650000,40000
R06-04755,102790000,300000
R06-04756,32250000,60000
R06-04757,24240000,60000
R06-04758,12940000,40000
R06-04759,97060000,300000
R06-04760,17620000,40000
R06-04761,40810000,150000
R06-04762,42160000,150000
R06-04763,42740000,150000
R06-04764,5250000,20000
R06-04765,110890000,300000
R06-04766,67950000,300000
R06-04767,36980000,150000
R06-04768,26130000,60000
R06-04769,55580000,150000
R06-04770,72270000,300000
R06-04771,83780000,300000
R06-04772,91770000,300000
R06-04773,21180000,60000
R06-04774,5870000,20000
R06-04775,97640000,300000
R06-04776,155710000,600000
R06-04777,31030000,60000
R06-04778,3930000,0
R06-04779,34540000,150000
R06-04780,26970000,60000
R06-04781,96110000,300000
R06-04782,34320000,150000
R06-04783,40980000,150000
R06-04784,6080000,20000
R06-04785,124400000,300000
R06-04786,55370000,150000
R06-04787,14280000,40000
R06-04788,51990000,150000
R06-04789,15120000,40000
R06-04790,53360000,150000
R06-04791,43540000,150000
R06-04792,77830000,300000
R06-04793,92510000,300000
R06-04794,4730000,0
R06-04795,102270000,300000
R06-04796,7180000,20000
R06-04797,34420000,150000
R06-04798,51730000,150000
R06-04799,65300000,150000
R06-04800,8640000,20000
R06-04801,23370000,60000
R06-04802,42420000,150000
R06-04803,11190000,40000
R06-04804,430000,0
R06-04805,107730000,300000
R06-04806,42740000,150000
R06-04807,81170000,300000
R06-04808,34420000,150000
R06-04809,56280000,150000
R06-04810,5950000,20000
R06-04811,23670000,60000
R06-04812,6570000,20000
R06-04813,83360000,300000
R06-04814,24230000,60000
R06-04815,22030000,60000
R06-04816,37210000,150000
R06-04817,24870000,60000
R06-04818,63520000,150000
R06-04819,75550000,300000
R06-04820,73340000,300000
R06-04821,36690000,150000
R06-04822,43180000,150000
R06-04823,55260000,150000
R06-04824,44360000,150000
R06-04825,22460000,60000
R06-04826,64680000,150000
R06-04827,1660000,0
R06-04828,54410000,150000
R06-04829,55560000,150000
R06-04830,27100000,60000
R06-04831,51400000,150000
R06-04832,41720000,150000
R06-04833,66130000,150000
R06-04834,146800000,600000
R06-04835,95090000,300000
R06-04836,47560000,150000
R06-04837,11930000,40000
