고객ID,타사이전금액,혜택금액
R17-00000,30910000,60000
R17-00001,4660000,0
R17-00002,123670000,300000
R17-00003,4260000,0
R17-00004,1570000,0
R17-00005,26500000,60000
R17-00006,56910000,150000
R17-00007,28150000,60000
R17-00008,63580000,150000
R17-00009,16370000,40000
R17-00010,23730000,60000
R17-00011,26580000,60000
R17-00012,31690000,60000
R17-00013,46680000,150000
R17-00014,35320000,150000
R17-00015,12580000,40000
R17-00016,57470000,150000
R17-00017,57300000,150000
R17-00018,34040000,150000
R17-00019,111240000,300000
R17-00020,63030000,150000
R17-00021,13360000,40000
R17-00022,12970000,40000
R17-00023,12240000,40000
R17-00024,23820000,60000
R17-00025,61390000,150000
R17-00026,43770000,150000
R17-00027,2610000,0
R17-00028,42110000,150000
R17-00029,71020000,300000
R17-00030,14860000,40000
R17-00031,61830000,150000
R17-00032,14380000,40000
R17-00033,52110000,150000
R17-00034,42410000,150000
R17-00035,12060000,40000
R17-00036,7010000,20000
R17-00037,25610000,60000
R17-00038,66310000,150000
R17-00039,41660000,150000
R17-00040,74850000,300000
R17-00041,62460000,150000
R17-00042,71890000,300000
R17-00043,43940000,150000
R17-00044,52150000,150000
R17-00045,65380000,150000
R17-00046,113530000,300000
R17-00047,62570000,150000
R17-00048,42430000,150000
R17-00049,21940000,60000
R17-00050,23340000,60000
R17-00051,12180000,40000
R17-00052,54210000,150000
R17-00053,91570000,300000
R17-00054,36570000,150000
R17-00055,85970000,300000
R17-00056,34540000,150000
R17-00057,41610000,150000
R17-00058,44140000,150000
R17-00059,11530000,40000
R17-00060,37480000,150000
R17-00061,24580000,60000
R17-00062,1830000,0
R17-00063,30820000,60000
R17-00064,46070000,150000
R17-00065,21690000,60000
R17-00066,74160000,300000
R17-00067,70420000,300000
R17-00068,41770000,150000
R17-00069,24720000,60000
R17-00070,46600000,150000
R17-00071,72220000,300000
R17-00072,95930000,300000
R17-00073,15140000,40000
R17-00074,12410000,40000
R17-00075,151430000,600000
R17-00076,23130000,60000
R17-00077,44550000,150000
R17-00078,74040000,300000
R17-00079,78260000,300000
R17-00080,34450000,150000
R17-00081,64440000,150000
R17-00082,3720000,0
R17-00083,7580000,20000
R17-00084,7830000,20000
R17-00085,25730000,60000
R17-00086,5710000,20000
R17-00087,49280000,150000
R17-00088,35740000,150000
R17-00089,14930000,40000
R17-00090,43430000,150000
R17-00091,19000000,40000
R17-00092,65470000,150000
R17-00093,41800000,150000
R17-00094,102990000,300000
R17-00095,104970000,300000
R17-00096,36230000,150000
R17-00097,14920000,40000
R17-00098,26240000,60000
R17-00099,23410000,60000
R17-00100,1200000,0
R17-00101,22210000,60000
R17-00102,73680000,300000
R17-00103,91580000,300000
R17-00104,28340000,60000
R17-00105,34000000,150000
R17-00106,44030000,150000
R17-00107,112360000,300000
R17-00108,5470000,20000
R17-00109,82970000,300000
R17-00110,5660000,20000
R17-00111,43230000,150000
R17-00112,136690000,600000
R17-00113,34670000,150000
R17-00114,73330000,300000
R17-00115,21360000,60000
R17-00116,34320000,150000
R17-00117,68670000,300000
R17-00118,63160000,150000
R17-00119,103090000,300000
R17-00120,21530000,60000
R17-00121,33360000,150000
R17-00122,2710000,0
R17-00123,13670000,40000
R17-00124,2360000,0
R17-00125,1700000,0
R17-00126,131450000,300000
R17-00127,143890000,600000
R17-00128,51000000,150000
R17-00129,19360000,40000
R17-00130,20440000,60000
R17-00131,33250000,60000
R17-00132,84660000,300000
R17-00133,31280000,60000
R17-00134,41670000,150000
R17-00135,24140000,60000
R17-00136,22450000,60000
R17-00137,4890000,0
R17-00138,4050000,0
R17-00139,33730000,150000
R17-00140,35980000,150000
R17-00141,115050000,300000
R17-00142,22220000,60000
R17-00143,30700000,60000
R17-00144,7410000,20000
R17-00145,65940000,150000
R17-00146,51880000,150000
R17-00147,54750000,150000
R17-00148,103780000,300000
R17-00149,42770000,150000
R17-00150,6020000,20000
R17-00151,125930000,300000
R17-00152,124980000,300000
R17-00153,12030000,40000
R17-00154,270000,0
R17-00155,171830000,600000
R17-00156,93430000,300000
R17-00157,31460000,60000
R17-00158,36580000,150000
R17-00159,20910000,60000
R17-00160,26320000,60000
R17-00161,103180000,300000
R17-00162,52600000,150000
R17-00163,15220000,40000
R17-00164,25680000,60000
R17-00165,56840000,150000
R17-00166,13470000,40000
R17-00167,12820000,40000
R17-00168,156030000,600000
R17-00169,5800000,20000
R17-00170,51640000,150000
R17-00171,5310000,20000
R17-00172,10780000,40000
R17-00173,80800000,300000
R17-00174,34660000,150000
R17-00175,7000000,20000
R17-00176,91450000,300000
R17-00177,15190000,40000
R17-00178,4380000,0
R17-00179,56390000,150000
R17-00180,52160000,150000
R17-00181,65890000,150000
R17-00182,32800000,60000
R17-00183,11210000,40000
R17-00184,22760000,60000
R17-00185,80680000,300000
R17-00186,13630000,40000
R17-00187,22670000,60000
R17-00188,61690000,150000
R17-00189,33190000,60000
R17-00190,5070000,20000
R17-00191,87710000,300000
R17-00192,82090000,300000
R17-00193,24450000,60000
R17-00194,12260000,40000
R17-00195,15720000,40000
R17-00196,22080000,60000
R17-00197,63110000,150000
R17-00198,28300000,60000
R17-00199,61520000,150000
R17-00200,37400000,150000
R17-00201,33990000,150000
R17-00202,41110000,150000
R17-00203,72350000,300000
R17-00204,4590000,0
R17-00205,8470000,20000
R17-00206,64510000,150000
R17-00207,42520000,150000
R17-00208,5150000,20000
R17-00209,46080000,150000
R17-00210,72410000,300000
R17-00211,23230000,60000
R17-00212,63610000,150000
R17-00213,63140000,150000
R17-00214,35080000,150000
R17-00215,22200000,60000
R17-00216,1680000,0
R17-00217,123010000,300000
R17-00218,13350000,40000
R17-00219,14920000,40000
R17-00220,121610000,300000
R17-00221,67200000,300000
R17-00222,8300000,20000
R17-00223,65620000,150000
R17-00224,25820000,60000
R17-00225,41850000,150000
R17-00226,44540000,150000
R17-00227,83070000,300000
R17-00228,76780000,300000
R17-00229,47990000,150000
R17-00230,3800000,0
R17-00231,4210000,0
R17-00232,4370000,0
R17-00233,12820000,40000
R17-00234,78130000,300000
R17-00235,46290000,150000
R17-00236,4670000,0
R17-00237,72500000,300000
R17-00238,31880000,60000
R17-00239,3080000,0
R17-00240,32240000,60000
R17-00241,31850000,60000
R17-00242,6050000,20000
R17-00243,42150000,150000
R17-00244,91810000,300000
R17-00245,22300000,60000
R17-00246,33320000,60000
R17-00247,77140000,300000
R17-00248,57100000,150000
R17-00249,34010000,150000
R17-00250,53360000,150000
R17-00251,32700000,60000
R17-00252,14130000,40000
R17-00253,3980000,0
R17-00254,25450000,60000
R17-00255,74320000,300000
R17-00256,22090000,60000
R17-00257,3640000,0
R17-00258,35110000,150000
R17-00259,33100000,60000
R17-00260,22490000,60000
R17-00261,4290000,0
R17-00262,71360000,300000
R17-00263,20980000,60000
R17-00264,11640000,40000
R17-00265,52050000,150000
R17-00266,95710000,300000
R17-00267,65230000,150000
R17-00268,23850000,60000
R17-00269,1360000,0
R17-00270,42600000,150000
R17-00271,15560000,40000
R17-00272,44650000,150000
R17-00273,28070000,60000
R17-00274,2310000,0
R17-00275,32620000,60000
R17-00276,106950000,300000
R17-00277,21450000,60000
R17-00278,54990000,150000
R17-00279,34360000,150000
R17-00280,41620000,150000
R17-00281,1790000,0
R17-00282,4260000,0
R17-00283,56140000,150000
R17-00284,52830000,150000
R17-00285,32220000,60000
R17-00286,44150000,150000
R17-00287,70860000,300000
R17-00288,72470000,300000
R17-00289,65830000,150000
R17-00290,82210000,300000
R17-00291,32360000,60000
R17-00292,13770000,40000
R17-00293,74490000,300000
R17-00294,2790000,0
R17-00295,45230000,150000
R17-00296,5370000,20000
R17-00297,41340000,150000
R17-00298,34570000,150000
R17-00299,12340000,40000
R17-00300,43480000,150000
R17-00301,5340000,20000
R17-00302,25340000,60000
R17-00303,85570000,300000
R17-00304,28620000,60000
R17-00305,45290000,150000
R17-00306,34560000,150000
R17-00307,27830000,60000
R17-00308,22090000,60000
R17-00309,43060000,150000
R17-00310,101150000,300000
R17-00311,22360000,60000
R17-00312,43090000,150000
R17-00313,37630000,150000
R17-00314,6370000,20000
R17-00315,63940000,150000
R17-00316,55720000,150000
R17-00317,10580000,40000
R17-00318,12560000,40000
R17-00319,23080000,60000
R17-00320,18000000,40000
R17-00321,36630000,150000
R17-00322,55980000,150000
R17-00323,60290000,150000
R17-00324,31570000,60000
R17-00325,85660000,300000
R17-00326,77220000,300000
R17-00327,44810000,150000
R17-00328,33870000,150000
R17-00329,62950000,150000
R17-00330,5080000,20000
R17-00331,13040000,40000
R17-00332,43690000,150000
R17-00333,152310000,600000
R17-00334,24430000,60000
R17-00335,4690000,0
R17-00336,16500000,40000
R17-00337,51080000,150000
R17-00338,22950000,60000
R17-00339,46280000,150000
R17-00340,61800000,150000
R17-00341,55390000,150000
R17-00342,34460000,150000
R17-00343,81420000,300000
R17-00344,34920000,150000
R17-00345,43580000,150000
R17-00346,26340000,60000
R17-00347,66890000,300000
R17-00348,102770000,300000
R17-00349,1890000,0
R17-00350,54200000,150000
R17-00351,33530000,150000
R17-00352,33690000,150000
R17-00353,8250000,20000
R17-00354,44320000,150000
R17-00355,30690000,60000
R17-00356,52030000,150000
R17-00357,93590000,300000
R17-00358,52090000,150000
R17-00359,14850000,40000
R17-00360,33840000,150000
R17-00361,52690000,150000
R17-00362,104610000,300000
R17-00363,95720000,300000
R17-00364,1730000,0
R17-00365,37600000,150000
R17-00366,32250000,60000
R17-00367,82160000,300000
R17-00368,93670000,300000
R17-00369,104120000,300000
R17-00370,48760000,150000
R17-00371,65030000,150000
R17-00372,41640000,150000
R17-00373,30990000,60000
R17-00374,21050000,60000
R17-00375,82840000,300000
R17-00376,35140000,150000
R17-00377,6270000,20000
R17-00378,2150000,0
R17-00379,12580000,40000
R17-00380,76150000,300000
R17-00381,83550000,300000
R17-00382,41510000,150000
R17-00383,5190000,20000
R17-00384,34390000,150000
R17-00385,52680000,150000
R17-00386,71420000,300000
R17-00387,43020000,150000
R17-00388,84760000,300000
R17-00389,65230000,150000
R17-00390,41000000,150000
R17-00391,24650000,60000
R17-00392,72370000,300000
R17-00393,28020000,60000
R17-00394,12430000,40000
R17-00395,16230000,40000
R17-00396,42960000,150000
R17-00397,21890000,60000
R17-00398,23270000,60000
R17-00399,3730000,0
R17-00400,61070000,150000
R17-00401,58790000,150000
R17-00402,33940000,150000
R17-00403,22690000,60000
R17-00404,14570000,40000
R17-00405,67080000,300000
R17-00406,103740000,300000
R17-00407,750000,0
R17-00408,45670000,150000
R17-00409,2770000,0
R17-00410,13090000,40000
R17-00411,7120000,20000
R17-00412,3420000,0
R17-00413,31190000,60000
R17-00414,23020000,60000
R17-00415,83680000,300000
R17-00416,95060000,300000
R17-00417,23790000,60000
R17-00418,11570000,40000
R17-00419,63410000,150000
R17-00420,67450000,300000
R17-00421,18560000,40000
R17-00422,62490000,150000
R17-00423,6190000,20000
R17-00424,43270000,150000
R17-00425,28470000,60000
R17-00426,1940000,0
R17-00427,42250000,150000
R17-00428,10280000,40000
R17-00429,21640000,60000
R17-00430,5700000,20000
R17-00431,72610000,300000
R17-00432,85160000,300000
R17-00433,73750000,300000
R17-00434,94990000,300000
R17-00435,31220000,60000
R17-00436,80890000,300000
R17-00437,36120000,150000
R17-00438,2630000,0
R17-00439,67260000,300000
R17-00440,32190000,60000
R17-00441,12580000,40000
R17-00442,24620000,60000
R17-00443,21240000,60000
R17-00444,11970000,40000
R17-00445,53750000,150000
R17-00446,76140000,300000
R17-00447,21980000,60000
R17-00448,24570000,60000
R17-00449,15220000,40000
R17-00450,127750000,300000
R17-00451,57710000,150000
R17-00452,87720000,300000
R17-00453,71640000,300000
R17-00454,38170000,150000
R17-00455,34590000,150000
R17-00456,59540000,150000
R17-00457,64500000,150000
R17-00458,12140000,40000
R17-00459,33680000,150000
R17-00460,81370000,300000
R17-00461,33530000,150000
R17-00462,63740000,150000
R17-00463,3790000,0
R17-00464,15600000,40000
R17-00465,23450000,60000
R17-00466,21550000,60000
R17-00467,101800000,300000
R17-00468,14250000,40000
R17-00469,2590000,0
R17-00470,3870000,0
R17-00471,35750000,150000
R17-00472,108120000,300000
R17-00473,43760000,150000
R17-00474,67580000,300000
R17-00475,52830000,150000
R17-00476,93050000,300000
R17-00477,74900000,300000
R17-00478,69420000,300000
R17-00479,23810000,60000
R17-00480,26870000,60000
R17-00481,105180000,300000
R17-00482,47460000,150000
R17-00483,23830000,60000
R17-00484,1630000,0
R17-00485,72710000,300000
R17-00486,39440000,150000
R17-00487,63320000,150000
R17-00488,73510000,300000
R17-00489,11450000,40000
R17-00490,42040000,150000
R17-00491,141290000,600000
R17-00492,19260000,40000
R17-00493,151610000,600000
R17-00494,44180000,150000
R17-00495,45270000,150000
R17-00496,25950000,60000
R17-00497,54790000,150000
R17-00498,24450000,60000
R17-00499,65410000,150000
R17-00500,93510000,300000
R17-00501,12640000,40000
R17-00502,33210000,60000
R17-00503,26180000,60000
R17-00504,41690000,150000
R17-00505,25260000,60000
R17-00506,12030000,40000
R17-00507,43690000,150000
R17-00508,25200000,60000
R17-00509,55220000,150000
R17-00510,43560000,150000
R17-00511,52040000,150000
R17-00512,31540000,60000
R17-00513,32850000,60000
R17-00514,33270000,60000
R17-00515,43390000,150000
R17-00516,35220000,150000
R17-00517,5600000,20000
R17-00518,62540000,150000
R17-00519,82380000,300000
R17-00520,83760000,300000
R17-00521,42680000,150000
R17-00522,4040000,0
R17-00523,2650000,0
R17-00524,45890000,150000
R17-00525,71980000,300000
R17-00526,12890000,40000
R17-00527,84490000,300000
R17-00528,34730000,150000
R17-00529,55170000,150000
R17-00530,6290000,20000
R17-00531,51700000,150000
R17-00532,101270000,300000
R17-00533,56700000,150000
R17-00534,24200000,60000
R17-00535,14050000,40000
R17-00536,71820000,300000
R17-00537,65690000,150000
R17-00538,33690000,150000
R17-00539,64890000,150000
R17-00540,64250000,150000
R17-00541,2230000,0
R17-00542,14770000,40000
R17-00543,45730000,150000
R17-00544,5300000,20000
R17-00545,2600000,0
R17-00546,53790000,150000
R17-00547,64460000,150000
R17-00548,46830000,150000
R17-00549,53860000,150000
R17-00550,39250000,150000
R17-00551,42330000,150000
R17-00552,43090000,150000
R17-00553,61530000,150000
R17-00554,4010000,0
R17-00555,34530000,150000
R17-00556,32300000,60000
R17-00557,56490000,150000
R17-00558,3140000,0
R17-00559,47280000,150000
R17-00560,115120000,300000
R17-00561,11440000,40000
R17-00562,26180000,60000
R17-00563,31850000,60000
R17-00564,60640000,150000
R17-00565,33080000,60000
R17-00566,51030000,150000
R17-00567,18250000,40000
R17-00568,103400000,300000
R17-00569,113730000,300000
R17-00570,4090000,0
R17-00571,36450000,150000
R17-00572,105630000,300000
R17-00573,71800000,300000
R17-00574,22160000,60000
R17-00575,62710000,150000
R17-00576,1620000,0
R17-00577,47930000,150000
R17-00578,4100000,0
R17-00579,66310000,150000
R17-00580,22940000,60000
R17-00581,84870000,300000
R17-00582,3300000,0
R17-00583,31570000,60000
R17-00584,63370000,150000
R17-00585,72410000,300000
R17-00586,3960000,0
R17-00587,14370000,40000
R17-00588,76730000,300000
R17-00589,74440000,300000
R17-00590,75460000,300000
R17-00591,46120000,150000
R17-00592,36070000,150000
R17-00593,35430000,150000
R17-00594,1970000,0
R17-00595,32670000,60000
R17-00596,95110000,300000
R17-00597,63870000,150000
R17-00598,110260000,300000
R17-00599,62560000,150000
R17-00600,73070000,300000
R17-00601,93340000,300000
R17-00602,56380000,150000
R17-00603,28510000,60000
R17-00604,71630000,300000
R17-00605,34830000,150000
R17-00606,92230000,300000
R17-00607,54540000,150000
R17-00608,61760000,150000
R17-00609,14540000,40000
R17-00610,59150000,150000
R17-00611,21550000,60000
R17-00612,77110000,300000
R17-00613,22060000,60000
R17-00614,10890000,40000
R17-00615,34000000,150000
R17-00616,44640000,150000
R17-00617,103500000,300000
R17-00618,74390000,300000
R17-00619,4190000,0
R17-00620,23030000,60000
R17-00621,12770000,40000
R17-00622,134460000,600000
R17-00623,10610000,40000
R17-00624,12000000,40000
R17-00625,21590000,60000
R17-00626,52730000,150000
R17-00627,24730000,60000
R17-00628,41640000,150000
R17-00629,32420000,60000
R17-00630,41260000,150000
R17-00631,16180000,40000
R17-00632,24450000,60000
R17-00633,14810000,40000
R17-00634,38560000,150000
R17-00635,22170000,60000
R17-00636,41000000,150000
R17-00637,81730000,300000
R17-00638,82190000,300000
R17-00639,24100000,60000
R17-00640,33250000,60000
R17-00641,112580000,300000
R17-00642,4450000,0
R17-00643,57450000,150000
R17-00644,90880000,300000
R17-00645,11770000,40000
R17-00646,12220000,40000
R17-00647,33140000,60000
R17-00648,2650000,0
R17-00649,5970000,20000
R17-00650,53190000,150000
R17-00651,25350000,60000
R17-00652,23750000,60000
R17-00653,24960000,60000
R17-00654,18470000,40000
R17-00655,46720000,150000
R17-00656,56360000,150000
R17-00657,47050000,150000
R17-00658,18400000,40000
R17-00659,104540000,300000
R17-00660,154210000,600000
R17-00661,15190000,40000
R17-00662,52200000,150000
R17-00663,2270000,0
R17-00664,22550000,60000
R17-00665,64210000,150000
R17-00666,27210000,60000
R17-00667,30910000,60000
R17-00668,15190000,40000
R17-00669,5250000,20000
R17-00670,5120000,20000
R17-00671,64050000,150000
R17-00672,107840000,300000
R17-00673,9300000,20000
R17-00674,53620000,150000
R17-00675,95450000,300000
R17-00676,11730000,40000
R17-00677,31660000,60000
R17-00678,65910000,150000
R17-00679,77800000,300000
R17-00680,20960000,60000
R17-00681,23120000,60000
R17-00682,18690000,40000
R17-00683,28430000,60000
R17-00684,42000000,150000
R17-00685,23360000,60000
R17-00686,13290000,40000
R17-00687,22270000,60000
R17-00688,55140000,150000
R17-00689,11850000,40000
R17-00690,107620000,300000
R17-00691,42980000,150000
R17-00692,61580000,150000
R17-00693,23760000,60000
R17-00694,13970000,40000
R17-00695,48450000,150000
R17-00696,143150000,600000
R17-00697,116090000,300000
R17-00698,24740000,60000
R17-00699,64250000,150000
R17-00700,33830000,150000
R17-00701,22080000,60000
R17-00702,15550000,40000
R17-00703,64010000,150000
R17-00704,71820000,300000
R17-00705,106440000,300000
R17-00706,2530000,0
R17-00707,32290000,60000
R17-00708,32680000,60000
R17-00709,2520000,0
R17-00710,46290000,150000
R17-00711,111560000,300000
R17-00712,3330000,0
R17-00713,36810000,150000
R17-00714,3470000,0
R17-00715,6020000,20000
R17-00716,24710000,60000
R17-00717,3800000,0
R17-00718,4290000,0
R17-00719,13520000,40000
R17-00720,23670000,60000
R17-00721,33690000,150000
R17-00722,6730000,20000
R17-00723,28470000,60000
R17-00724,70160000,300000
R17-00725,74970000,300000
R17-00726,34940000,150000
R17-00727,91300000,300000
R17-00728,5630000,20000
R17-00729,42040000,150000
R17-00730,51790000,150000
R17-00731,34700000,150000
R17-00732,55700000,150000
R17-00733,20470000,60000
R17-00734,23170000,60000
R17-00735,23930000,60000
R17-00736,102110000,300000
R17-00737,82710000,300000
R17-00738,101130000,300000
R17-00739,24740000,60000
R17-00740,92000000,300000
R17-00741,93840000,300000
R17-00742,3250000,0
R17-00743,6740000,20000
R17-00744,51430000,150000
R17-00745,142430000,600000
R17-00746,46200000,150000
R17-00747,35880000,150000
R17-00748,76230000,300000
R17-00749,4360000,0
R17-00750,27860000,60000
R17-00751,114740000,300000
R17-00752,46180000,150000
R17-00753,62910000,150000
R17-00754,2070000,0
R17-00755,27030000,60000
R17-00756,1260000,0
R17-00757,31770000,60000
R17-00758,114980000,300000
R17-00759,26080000,60000
R17-00760,21940000,60000
R17-00761,23310000,60000
R17-00762,3780000,0
R17-00763,103560000,300000
R17-00764,1840000,0
R17-00765,62120000,150000
R17-00766,74390000,300000
R17-00767,22940000,60000
R17-00768,122550000,300000
R17-00769,13010000,40000
R17-00770,30990000,60000
R17-00771,28660000,60000
R17-00772,3670000,0
R17-00773,12160000,40000
R17-00774,61400000,150000
R17-00775,6810000,20000
R17-00776,28850000,60000
R17-00777,1610000,0
R17-00778,1590000,0
R17-00779,17810000,40000
R17-00780,2150000,0
R17-00781,73040000,300000
R17-00782,32960000,60000
R17-00783,41550000,150000
R17-00784,58210000,150000
R17-00785,63890000,150000
R17-00786,25660000,60000
R17-00787,7760000,20000
R17-00788,72590000,300000
R17-00789,6390000,20000
R17-00790,33650000,150000
R17-00791,35910000,150000
R17-00792,32250000,60000
R17-00793,40880000,150000
R17-00794,63650000,150000
R17-00795,14130000,40000
R17-00796,22300000,60000
R17-00797,55310000,150000
R17-00798,22820000,60000
R17-00799,53280000,150000
R17-00800,57350000,150000
R17-00801,123240000,300000
R17-00802,5250000,20000
R17-00803,73800000,300000
R17-00804,20820000,60000
R17-00805,4050000,0
R17-00806,23920000,60000
R17-00807,22260000,60000
R17-00808,71500000,300000
R17-00809,1420000,0
R17-00810,54980000,150000
R17-00811,16570000,40000
R17-00812,6010000,20000
R17-00813,63290000,150000
R17-00814,32900000,60000
R17-00815,5930000,20000
R17-00816,92190000,300000
R17-00817,84690000,300000
R17-00818,16240000,40000
R17-00819,104370000,300000
R17-00820,65710000,150000
R17-00821,51410000,150000
R17-00822,28430000,60000
R17-00823,141540000,600000
R17-00824,2150000,0
R17-00825,60790000,150000
R17-00826,41650000,150000
R17-00827,45600000,150000
R17-00828,21080000,60000
R17-00829,30720000,60000
R17-00830,34960000,150000
R17-00831,61590000,150000
R17-00832,41400000,150000
R17-00833,48310000,150000
R17-00834,4490000,0
R17-00835,38450000,150000
R17-00836,24040000,60000
R17-00837,21920000,60000
R17-00838,84000000,300000
R17-00839,13710000,40000
R17-00840,71950000,300000
R17-00841,14090000,40000
R17-00842,26170000,60000
R17-00843,14730000,40000
R17-00844,33700000,150000
R17-00845,23180000,60000
R17-00846,13100000,40000
R17-00847,1950000,0
R17-00848,6050000,20000
R17-00849,17360000,40000
R17-00850,72730000,300000
R17-00851,23650000,60000
R17-00852,31400000,60000
R17-00853,2100000,0
R17-00854,16750000,40000
R17-00855,13800000,40000
R17-00856,81170000,300000
R17-00857,85440000,300000
R17-00858,21870000,60000
R17-00859,23010000,60000
R17-00860,12920000,40000
R17-00861,156190000,600000
R17-00862,5640000,20000
R17-00863,2890000,0
R17-00864,13490000,40000
R17-00865,41840000,150000
R17-00866,23630000,60000
R17-00867,12870000,40000
R17-00868,24670000,60000
R17-00869,44190000,150000
R17-00870,124020000,300000
R17-00871,124280000,300000
R17-00872,33310000,60000
R17-00873,45850000,150000
R17-00874,54080000,150000
R17-00875,46490000,150000
R17-00876,107190000,300000
R17-00877,92000000,300000
R17-00878,21960000,60000
R17-00879,102410000,300000
R17-00880,229140000,1000000
R17-00881,5030000,20000
R17-00882,26200000,60000
R17-00883,84790000,300000
R17-00884,22660000,60000
R17-00885,24040000,60000
R17-00886,65200000,150000
R17-00887,64180000,150000
R17-00888,2690000,0
R17-00889,34890000,150000
R17-00890,11550000,40000
R17-00891,64610000,150000
R17-00892,12210000,40000
R17-00893,44190000,150000
R17-00894,52870000,150000
R17-00895,4370000,0
R17-00896,226320000,1000000
R17-00897,41930000,150000
R17-00898,77730000,300000
R17-00899,77300000,300000
R17-00900,42970000,150000
R17-00901,20570000,60000
R17-00902,12060000,40000
R17-00903,44100000,150000
R17-00904,51890000,150000
R17-00905,4400000,0
R17-00906,560000,0
R17-00907,42010000,150000
R17-00908,20490000,60000
R17-00909,1820000,0
R17-00910,18210000,40000
R17-00911,52980000,150000
R17-00912,12510000,40000
R17-00913,25610000,60000
R17-00914,62840000,150000
R17-00915,84860000,300000
R17-00916,57710000,150000
R17-00917,47810000,150000
R17-00918,42340000,150000
R17-00919,33840000,150000
R17-00920,11860000,40000
R17-00921,35110000,150000
R17-00922,35980000,150000
R17-00923,4800000,0
R17-00924,11340000,40000
R17-00925,23590000,60000
R17-00926,66000000,150000
R17-00927,22610000,60000
R17-00928,35330000,150000
R17-00929,134390000,600000
R17-00930,52340000,150000
R17-00931,53110000,150000
R17-00932,13170000,40000
R17-00933,10650000,40000
R17-00934,52460000,150000
R17-00935,25160000,60000
R17-00936,92120000,300000
R17-00937,33040000,60000
R17-00938,4420000,0
R17-00939,6960000,20000
R17-00940,41960000,150000
R17-00941,30620000,60000
R17-00942,76230000,300000
R17-00943,45500000,150000
R17-00944,121060000,300000
R17-00945,26480000,60000
R17-00946,43450000,150000
R17-00947,74800000,300000
R17-00948,60920000,150000
R17-00949,20630000,60000
R17-00950,73110000,300000
R17-00951,13030000,40000
R17-00952,63340000,150000
R17-00953,92660000,300000
R17-00954,40470000,150000
R17-00955,17670000,40000
R17-00956,36510000,150000
R17-00957,44030000,150000
R17-00958,43010000,150000
R17-00959,69140000,300000
R17-00960,92460000,300000
R17-00961,6530000,20000
R17-00962,71190000,300000
R17-00963,2650000,0
R17-00964,31850000,60000
R17-00965,24110000,60000
R17-00966,135680000,600000
R17-00967,101170000,300000
R17-00968,51980000,150000
R17-00969,33070000,60000
R17-00970,24770000,60000
R17-00971,56190000,150000
R17-00972,17210000,40000
R17-00973,1800000,0
R17-00974,2150000,0
R17-00975,53320000,150000
R17-00976,53890000,150000
R17-00977,31330000,60000
R17-00978,43210000,150000
R17-00979,73350000,300000
R17-00980,133400000,600000
R17-00981,75330000,300000
R17-00982,174440000,600000
R17-00983,4410000,0
R17-00984,4330000,0
R17-00985,83060000,300000
R17-00986,52060000,150000
R17-00987,3440000,0
R17-00988,74530000,300000
R17-00989,25090000,60000
R17-00990,20680000,60000
R17-00991,15920000,40000
R17-00992,21260000,60000
R17-00993,41170000,150000
R17-00994,1680000,0
R17-00995,15550000,40000
R17-00996,41060000,150000
R17-00997,82140000,300000
R17-00998,83220000,300000
R17-00999,17050000,40000
R17-01000,31420000,60000
R17-01001,32350000,60000
R17-01002,1400000,0
R17-01003,17180000,40000
R17-01004,52920000,150000
R17-01005,12660000,40000
R17-01006,131100000,300000
R17-01007,35760000,150000
R17-01008,46150000,150000
R17-01009,12450000,40000
R17-01010,65880000,150000
R17-01011,47310000,150000
R17-01012,3420000,0
R17-01013,95490000,300000
R17-01014,73030000,300000
R17-01015,4920000,0
R17-01016,20810000,60000
R17-01017,16460000,40000
R17-01018,42870000,150000
R17-01019,21310000,60000
R17-01020,33450000,150000
R17-01021,21830000,60000
R17-01022,23890000,60000
R17-01023,26720000,60000
R17-01024,81930000,300000
R17-01025,62630000,150000
R17-01026,101380000,300000
R17-01027,52750000,150000
R17-01028,57230000,150000
R17-01029,7580000,20000
R17-01030,55830000,150000
R17-01031,62860000,150000
R17-01032,51510000,150000
R17-01033,55980000,150000
R17-01034,33360000,150000
R17-01035,38190000,150000
R17-01036,26990000,60000
R17-01037,56770000,150000
R17-01038,11510000,40000
R17-01039,46600000,150000
R17-01040,101750000,300000
R17-01041,42080000,150000
R17-01042,41600000,150000
R17-01043,14260000,40000
R17-01044,125980000,300000
R17-01045,73650000,300000
R17-01046,1550000,0
R17-01047,60970000,150000
R17-01048,2010000,0
R17-01049,63470000,150000
R17-01050,36930000,150000
R17-01051,2480000,0
R17-01052,48570000,150000
R17-01053,3700000,0
R17-01054,55010000,150000
R17-01055,15010000,40000
R17-01056,57860000,150000
R17-01057,55050000,150000
R17-01058,46700000,150000
R17-01059,1810000,0
R17-01060,95690000,300000
R17-01061,153060000,600000
R17-01062,159560000,600000
R17-01063,22310000,60000
R17-01064,13150000,40000
R17-01065,17750000,40000
R17-01066,51480000,150000
R17-01067,83970000,300000
R17-01068,32050000,60000
R17-01069,25860000,60000
R17-01070,34420000,150000
R17-01071,32680000,60000
R17-01072,22530000,60000
R17-01073,54140000,150000
R17-01074,42400000,150000
R17-01075,43430000,150000
R17-01076,36950000,150000
R17-01077,32620000,60000
R17-01078,40750000,150000
R17-01079,31350000,60000
R17-01080,54740000,150000
R17-01081,101730000,300000
R17-01082,53090000,150000
R17-01083,26720000,60000
R17-01084,22420000,60000
R17-01085,32970000,60000
R17-01086,61690000,150000
R17-01087,132910000,300000
R17-01088,45850000,150000
R17-01089,3580000,0
R17-01090,54040000,150000
R17-01091,13160000,40000
R17-01092,40770000,150000
R17-01093,13900000,40000
R17-01094,42260000,150000
R17-01095,46800000,150000
R17-01096,17710000,40000
R17-01097,5150000,20000
R17-01098,61500000,150000
R17-01099,4800000,0
R17-01100,16430000,40000
R17-01101,47070000,150000
R17-01102,55530000,150000
R17-01103,14310000,40000
R17-01104,32090000,60000
R17-01105,12660000,40000
R17-01106,52840000,150000
R17-01107,1450000,0
R17-01108,42630000,150000
R17-01109,1350000,0
R17-01110,54890000,150000
R17-01111,97940000,300000
R17-01112,52180000,150000
R17-01113,64890000,150000
R17-01114,135810000,600000
R17-01115,2660000,0
R17-01116,12300000,40000
R17-01117,880000,0
R17-01118,34320000,150000
R17-01119,38700000,150000
R17-01120,36120000,150000
R17-01121,41910000,150000
R17-01122,19540000,40000
R17-01123,35230000,150000
R17-01124,25540000,60000
R17-01125,22540000,60000
R17-01126,22230000,60000
R17-01127,42820000,150000
R17-01128,2740000,0
R17-01129,66920000,300000
R17-01130,45040000,150000
R17-01131,15770000,40000
R17-01132,27920000,60000
R17-01133,32570000,60000
R17-01134,23040000,60000
R17-01135,4350000,0
R17-01136,54560000,150000
R17-01137,62790000,150000
R17-01138,7160000,20000
R17-01139,33630000,150000
R17-01140,53700000,150000
R17-01141,10670000,40000
R17-01142,3190000,0
R17-01143,12580000,40000
R17-01144,24480000,60000
R17-01145,53220000,150000
R17-01146,33820000,150000
R17-01147,63020000,150000
R17-01148,24230000,60000
R17-01149,22710000,60000
R17-01150,91920000,300000
R17-01151,12060000,40000
R17-01152,12190000,40000
R17-01153,64360000,150000
R17-01154,24490000,60000
R17-01155,13080000,40000
R17-01156,23710000,60000
R17-01157,75510000,300000
R17-01158,17750000,40000
R17-01159,50790000,150000
R17-01160,92340000,300000
R17-01161,5050000,20000
R17-01162,26620000,60000
R17-01163,33800000,150000
R17-01164,112480000,300000
R17-01165,71730000,300000
R17-01166,120560000,300000
R17-01167,42130000,150000
R17-01168,211960000,1000000
R17-01169,5210000,20000
R17-01170,62950000,150000
R17-01171,81990000,300000
R17-01172,24030000,60000
R17-01173,33830000,150000
R17-01174,51710000,150000
R17-01175,56720000,150000
R17-01176,33810000,150000
R17-01177,142570000,600000
R17-01178,81980000,300000
R17-01179,11590000,40000
R17-01180,2220000,0
R17-01181,4960000,0
R17-01182,71990000,300000
R17-01183,15650000,40000
R17-01184,1370000,0
R17-01185,2180000,0
R17-01186,33480000,150000
R17-01187,61930000,150000
R17-01188,27730000,60000
R17-01189,25370000,60000
R17-01190,36240000,150000
R17-01191,22650000,60000
R17-01192,72470000,300000
R17-01193,1650000,0
R17-01194,29650000,60000
R17-01195,93870000,300000
R17-01196,35750000,150000
R17-01197,61450000,150000
R17-01198,25440000,60000
R17-01199,61000000,150000
R17-01200,35340000,150000
R17-01201,46630000,150000
R17-01202,13520000,40000
R17-01203,21910000,60000
R17-01204,23890000,60000
R17-01205,1180000,0
R17-01206,55450000,150000
R17-01207,31850000,60000
R17-01208,25270000,60000
R17-01209,51800000,150000
R17-01210,171660000,600000
R17-01211,62290000,150000
R17-01212,24380000,60000
R17-01213,50800000,150000
R17-01214,64510000,150000
R17-01215,18880000,40000
R17-01216,63370000,150000
R17-01217,99700000,300000
R17-01218,5590000,20000
R17-01219,1370000,0
R17-01220,32900000,60000
R17-01221,42090000,150000
R17-01222,42540000,150000
R17-01223,4210000,0
R17-01224,36820000,150000
R17-01225,33320000,60000
R17-01226,2820000,0
R17-01227,85990000,300000
R17-01228,51270000,150000
R17-01229,52290000,150000
R17-01230,53000000,150000
R17-01231,21530000,60000
R17-01232,120640000,300000
R17-01233,45240000,150000
R17-01234,22820000,60000
R17-01235,36490000,150000
R17-01236,155520000,600000
R17-01237,44720000,150000
R17-01238,83590000,300000
R17-01239,73450000,300000
R17-01240,26390000,60000
R17-01241,36400000,150000
R17-01242,80050000,300000
R17-01243,25180000,60000
R17-01244,31670000,60000
R17-01245,47800000,150000
R17-01246,6890000,20000
R17-01247,33730000,150000
R17-01248,2440000,0
R17-01249,31800000,60000
R17-01250,131970000,300000
R17-01251,75350000,300000
R17-01252,32710000,60000
R17-01253,41880000,150000
R17-01254,1690000,0
R17-01255,42670000,150000
R17-01256,11560000,40000
R17-01257,66980000,300000
R17-01258,25000000,60000
R17-01259,62730000,150000
R17-01260,64790000,150000
R17-01261,51240000,150000
R17-01262,670000,0
R17-01263,44640000,150000
R17-01264,51670000,150000
R17-01265,6880000,20000
R17-01266,55120000,150000
R17-01267,56470000,150000
R17-01268,114350000,300000
R17-01269,51110000,150000
R17-01270,23080000,60000
R17-01271,15450000,40000
R17-01272,32110000,60000
R17-01273,85910000,300000
R17-01274,8900000,20000
R17-01275,42550000,150000
R17-01276,34730000,150000
R17-01277,105570000,300000
R17-01278,32260000,60000
R17-01279,63640000,150000
R17-01280,34240000,150000
R17-01281,11960000,40000
R17-01282,6660000,20000
R17-01283,3900000,0
R17-01284,13730000,40000
R17-01285,15250000,40000
R17-01286,23130000,60000
R17-01287,6980000,20000
R17-01288,42090000,150000
R17-01289,4030000,0
R17-01290,23460000,60000
R17-01291,82770000,300000
R17-01292,14800000,40000
R17-01293,97520000,300000
R17-01294,33770000,150000
R17-01295,66930000,300000
R17-01296,46280000,150000
R17-01297,33420000,150000
R17-01298,64110000,150000
R17-01299,12520000,40000
R17-01300,25040000,60000
R17-01301,21750000,60000
R17-01302,52590000,150000
R17-01303,25420000,60000
R17-01304,66050000,150000
R17-01305,14590000,40000
R17-01306,159050000,600000
R17-01307,17500000,40000
R17-01308,64280000,150000
R17-01309,16230000,40000
R17-01310,34030000,150000
R17-01311,4280000,0
R17-01312,21770000,60000
R17-01313,41890000,150000
R17-01314,72260000,300000
R17-01315,6080000,20000
R17-01316,42930000,150000
R17-01317,36850000,150000
R17-01318,3910000,0
R17-01319,6790000,20000
R17-01320,2000000,0
R17-01321,41790000,150000
R17-01322,3980000,0
R17-01323,16600000,40000
R17-01324,53910000,150000
R17-01325,47540000,150000
R17-01326,3620000,0
R17-01327,12300000,40000
R17-01328,16540000,40000
R17-01329,18120000,40000
R17-01330,4080000,0
R17-01331,53280000,150000
R17-01332,6060000,20000
R17-01333,15380000,40000
R17-01334,32700000,60000
R17-01335,24580000,60000
R17-01336,141230000,600000
R17-01337,154710000,600000
R17-01338,135480000,600000
R17-01339,50940000,150000
R17-01340,61830000,150000
R17-01341,14660000,40000
R17-01342,22630000,60000
R17-01343,30690000,60000
R17-01344,82610000,300000
R17-01345,65340000,150000
R17-01346,25930000,60000
R17-01347,21400000,60000
R17-01348,37680000,150000
R17-01349,104060000,300000
R17-01350,42060000,150000
R17-01351,33460000,150000
R17-01352,72910000,300000
R17-01353,26920000,60000
R17-01354,34960000,150000
R17-01355,4520000,0
R17-01356,72180000,300000
R17-01357,85250000,300000
R17-01358,2230000,0
R17-01359,940000,0
R17-01360,81500000,300000
R17-01361,11840000,40000
R17-01362,83010000,300000
R17-01363,26110000,60000
R17-01364,144150000,600000
R17-01365,34220000,150000
R17-01366,14270000,40000
R17-01367,87290000,300000
R17-01368,134910000,600000
R17-01369,4380000,0
R17-01370,32120000,60000
R17-01371,7170000,20000
R17-01372,57220000,150000
R17-01373,4500000,0
R17-01374,36690000,150000
R17-01375,34430000,150000
R17-01376,16310000,40000
R17-01377,31160000,60000
R17-01378,68130000,300000
R17-01379,13190000,40000
R17-01380,133690000,600000
R17-01381,17300000,40000
R17-01382,41510000,150000
R17-01383,15540000,40000
R17-01384,14240000,40000
R17-01385,91060000,300000
R17-01386,6260000,20000
R17-01387,28840000,60000
R17-01388,12770000,40000
R17-01389,91230000,300000
R17-01390,21570000,60000
R17-01391,42800000,150000
R17-01392,6180000,20000
R17-01393,20900000,60000
R17-01394,2860000,0
R17-01395,13690000,40000
R17-01396,25340000,60000
R17-01397,53540000,150000
R17-01398,17010000,40000
R17-01399,15270000,40000
R17-01400,22090000,60000
R17-01401,84280000,300000
R17-01402,61660000,150000
R17-01403,21960000,60000
R17-01404,93260000,300000
R17-01405,82840000,300000
R17-01406,11370000,40000
R17-01407,15800000,40000
R17-01408,126530000,300000
R17-01409,5120000,20000
R17-01410,22240000,60000
R17-01411,4820000,0
R17-01412,101320000,300000
R17-01413,3440000,0
R17-01414,12980000,40000
R17-01415,68050000,300000
R17-01416,23230000,60000
R17-01417,2510000,0
R17-01418,94790000,300000
R17-01419,41000000,150000
R17-01420,53630000,150000
R17-01421,16930000,40000
R17-01422,32180000,60000
R17-01423,15720000,40000
R17-01424,34090000,150000
R17-01425,77940000,300000
R17-01426,22680000,60000
R17-01427,26260000,60000
R17-01428,36210000,150000
R17-01429,82440000,300000
R17-01430,20870000,60000
R17-01431,30560000,60000
R17-01432,100890000,300000
R17-01433,33060000,60000
R17-01434,73460000,300000
R17-01435,4400000,0
R17-01436,87820000,300000
R17-01437,6220000,20000
R17-01438,84700000,300000
R17-01439,35450000,150000
R17-01440,3190000,0
R17-01441,85410000,300000
R17-01442,76270000,300000
R17-01443,94910000,300000
R17-01444,64630000,150000
R17-01445,42580000,150000
R17-01446,61560000,150000
R17-01447,2300000,0
R17-01448,74880000,300000
R17-01449,3030000,0
R17-01450,1940000,0
R17-01451,24070000,60000
R17-01452,46510000,150000
R17-01453,82330000,300000
R17-01454,53590000,150000
R17-01455,21360000,60000
R17-01456,5430000,20000
R17-01457,17120000,40000
R17-01458,141680000,600000
R17-01459,34820000,150000
R17-01460,73540000,300000
R17-01461,34960000,150000
R17-01462,85930000,300000
R17-01463,2370000,0
R17-01464,64270000,150000
R17-01465,36540000,150000
R17-01466,4560000,0
R17-01467,42360000,150000
R17-01468,11560000,40000
R17-01469,21860000,60000
R17-01470,71840000,300000
R17-01471,12510000,40000
R17-01472,54040000,150000
R17-01473,25740000,60000
R17-01474,67730000,300000
R17-01475,14070000,40000
R17-01476,55360000,150000
R17-01477,23330000,60000
R17-01478,51660000,150000
R17-01479,12520000,40000
R17-01480,52470000,150000
R17-01481,890000,0
R17-01482,35250000,150000
R17-01483,43850000,150000
R17-01484,11820000,40000
R17-01485,62800000,150000
R17-01486,25100000,60000
R17-01487,12060000,40000
R17-01488,32260000,60000
R17-01489,24690000,60000
R17-01490,2750000,0
R17-01491,62500000,150000
R17-01492,5710000,20000
R17-01493,21960000,60000
R17-01494,18080000,40000
R17-01495,18400000,40000
R17-01496,93980000,300000
R17-01497,45790000,150000
R17-01498,31610000,60000
R17-01499,58040000,150000
R17-01500,32860000,60000
R17-01501,44540000,150000
R17-01502,81570000,300000
R17-01503,76100000,300000
R17-01504,66650000,150000
R17-01505,34360000,150000
R17-01506,42050000,150000
R17-01507,7660000,20000
R17-01508,19320000,40000
R17-01509,26930000,60000
R17-01510,15410000,40000
R17-01511,22550000,60000
R17-01512,1580000,0
R17-01513,65450000,150000
R17-01514,92230000,300000
R17-01515,72530000,300000
R17-01516,1840000,0
R17-01517,81770000,300000
R17-01518,32990000,60000
R17-01519,12130000,40000
R17-01520,47600000,150000
R17-01521,111770000,300000
R17-01522,22390000,60000
R17-01523,16430000,40000
R17-01524,4740000,0
R17-01525,21930000,60000
R17-01526,83780000,300000
R17-01527,43610000,150000
R17-01528,24870000,60000
R17-01529,114450000,300000
R17-01530,38220000,150000
R17-01531,77540000,300000
R17-01532,47330000,150000
R17-01533,2150000,0
R17-01534,10810000,40000
R17-01535,1950000,0
R17-01536,82040000,300000
R17-01537,31910000,60000
R17-01538,47650000,150000
R17-01539,1510000,0
R17-01540,55710000,150000
R17-01541,20850000,60000
R17-01542,33260000,60000
R17-01543,2890000,0
R17-01544,21710000,60000
R17-01545,6180000,20000
R17-01546,4810000,0
R17-01547,37010000,150000
R17-01548,6210000,20000
R17-01549,32580000,60000
R17-01550,35960000,150000
R17-01551,22010000,60000
R17-01552,5660000,20000
R17-01553,42780000,150000
R17-01554,106970000,300000
R17-01555,102730000,300000
R17-01556,18400000,40000
R17-01557,75480000,300000
R17-01558,38760000,150000
R17-01559,23710000,60000
R17-01560,52990000,150000
R17-01561,11590000,40000
R17-01562,32290000,60000
R17-01563,41890000,150000
R17-01564,51410000,150000
R17-01565,137800000,600000
R17-01566,23830000,60000
R17-01567,103410000,300000
R17-01568,16890000,40000
R17-01569,24840000,60000
R17-01570,32080000,60000
R17-01571,93350000,300000
R17-01572,132710000,300000
R17-01573,23870000,60000
R17-01574,16010000,40000
R17-01575,16230000,40000
R17-01576,21720000,60000
R17-01577,53440000,150000
R17-01578,64990000,150000
R17-01579,63230000,150000
R17-01580,15990000,40000
R17-01581,23920000,60000
R17-01582,22020000,60000
R17-01583,14130000,40000
R17-01584,21300000,60000
R17-01585,111120000,300000
R17-01586,45030000,150000
R17-01587,21690000,60000
R17-01588,125800000,300000
R17-01589,17230000,40000
R17-01590,5880000,20000
R17-01591,113260000,300000
R17-01592,64830000,150000
R17-01593,1130000,0
R17-01594,43110000,150000
R17-01595,18170000,40000
R17-01596,54140000,150000
R17-01597,61210000,150000
R17-01598,33720000,150000
R17-01599,7130000,20000
R17-01600,26760000,60000
R17-01601,41610000,150000
R17-01602,8440000,20000
R17-01603,82810000,300000
R17-01604,7830000,20000
R17-01605,31870000,60000
R17-01606,1920000,0
R17-01607,52330000,150000
R17-01608,74930000,300000
R17-01609,1850000,0
R17-01610,2340000,0
R17-01611,4840000,0
R17-01612,55780000,150000
R17-01613,36300000,150000
R17-01614,32830000,60000
R17-01615,25130000,60000
R17-01616,42150000,150000
R17-01617,71300000,300000
R17-01618,102410000,300000
R17-01619,52190000,150000
R17-01620,87460000,300000
R17-01621,52090000,150000
R17-01622,10280000,40000
R17-01623,22280000,60000
R17-01624,21050000,60000
R17-01625,121120000,300000
R17-01626,94030000,300000
R17-01627,34090000,150000
R17-01628,21490000,60000
R17-01629,108790000,300000
R17-01630,16380000,40000
R17-01631,56170000,150000
R17-01632,21990000,60000
R17-01633,39390000,150000
R17-01634,23210000,60000
R17-01635,2210000,0
R17-01636,42080000,150000
R17-01637,51900000,150000
R17-01638,62320000,150000
R17-01639,102550000,300000
R17-01640,18190000,40000
R17-01641,31490000,60000
R17-01642,30890000,60000
R17-01643,42640000,150000
R17-01644,7970000,20000
R17-01645,45220000,150000
R17-01646,15670000,40000
R17-01647,54310000,150000
R17-01648,23710000,60000
R17-01649,11520000,40000
R17-01650,5920000,20000
R17-01651,32100000,60000
R17-01652,26090000,60000
R17-01653,54730000,150000
R17-01654,101520000,300000
R17-01655,25590000,60000
R17-01656,33390000,150000
R17-01657,26580000,60000
R17-01658,92550000,300000
R17-01659,47000000,150000
R17-01660,31570000,60000
R17-01661,58000000,150000
R17-01662,31560000,60000
R17-01663,27080000,60000
R17-01664,45670000,150000
R17-01665,32720000,60000
R17-01666,20150000,60000
R17-01667,16390000,40000
R17-01668,26800000,60000
R17-01669,85840000,300000
R17-01670,7610000,20000
R17-01671,16180000,40000
R17-01672,28650000,60000
R17-01673,31790000,60000
R17-01674,33730000,150000
R17-01675,44520000,150000
R17-01676,51690000,150000
R17-01677,13980000,40000
R17-01678,21430000,60000
R17-01679,67080000,300000
R17-01680,43250000,150000
R17-01681,71320000,300000
R17-01682,53790000,150000
R17-01683,12300000,40000
R17-01684,33540000,150000
R17-01685,48470000,150000
R17-01686,56300000,150000
R17-01687,4640000,0
R17-01688,2410000,0
R17-01689,33120000,60000
R17-01690,41960000,150000
R17-01691,2570000,0
R17-01692,22740000,60000
R17-01693,12430000,40000
R17-01694,12520000,40000
R17-01695,41380000,150000
R17-01696,32790000,60000
R17-01697,15550000,40000
R17-01698,23030000,60000
R17-01699,52640000,150000
R17-01700,33100000,60000
R17-01701,65010000,150000
R17-01702,7840000,20000
R17-01703,53230000,150000
R17-01704,63880000,150000
R17-01705,79320000,300000
R17-01706,14650000,40000
R17-01707,22020000,60000
R17-01708,32980000,60000
R17-01709,4690000,0
R17-01710,73580000,300000
R17-01711,18270000,40000
R17-01712,80920000,300000
R17-01713,52180000,150000
R17-01714,40600000,150000
R17-01715,23160000,60000
R17-01716,21920000,60000
R17-01717,35910000,150000
R17-01718,104400000,300000
R17-01719,94760000,300000
R17-01720,97580000,300000
R17-01721,62830000,150000
R17-01722,14320000,40000
R17-01723,1460000,0
R17-01724,32410000,60000
R17-01725,97090000,300000
R17-01726,25700000,60000
R17-01727,112290000,300000
R17-01728,34040000,150000
R17-01729,33660000,150000
R17-01730,2840000,0
R17-01731,24090000,60000
R17-01732,137180000,600000
R17-01733,116630000,300000
R17-01734,46660000,150000
R17-01735,61110000,150000
R17-01736,62980000,150000
R17-01737,22200000,60000
R17-01738,20630000,60000
R17-01739,51900000,150000
R17-01740,95010000,300000
R17-01741,22180000,60000
R17-01742,37920000,150000
R17-01743,111750000,300000
R17-01744,21990000,60000
R17-01745,43110000,150000
R17-01746,4260000,0
R17-01747,43230000,150000
R17-01748,5400000,20000
R17-01749,113670000,300000
R17-01750,41170000,150000
R17-01751,83190000,300000
R17-01752,41540000,150000
R17-01753,32820000,60000
R17-01754,13050000,40000
R17-01755,8110000,20000
R17-01756,22830000,60000
R17-01757,15270000,40000
R17-01758,45290000,150000
R17-01759,23030000,60000
R17-01760,5190000,20000
R17-01761,72900000,300000
R17-01762,37280000,150000
R17-01763,92330000,300000
R17-01764,23160000,60000
R17-01765,26740000,60000
R17-01766,51460000,150000
R17-01767,11520000,40000
R17-01768,92150000,300000
R17-01769,11410000,40000
R17-01770,62360000,150000
R17-01771,66320000,150000
R17-01772,91030000,300000
R17-01773,27630000,60000
R17-01774,16210000,40000
R17-01775,63480000,150000
R17-01776,1830000,0
R17-01777,63320000,150000
R17-01778,34630000,150000
R17-01779,43140000,150000
R17-01780,43370000,150000
R17-01781,23100000,60000
R17-01782,13050000,40000
R17-01783,22290000,60000
R17-01784,13720000,40000
R17-01785,53460000,150000
R17-01786,61480000,150000
R17-01787,13050000,40000
R17-01788,3710000,0
R17-01789,10940000,40000
R17-01790,1080000,0
R17-01791,12650000,40000
R17-01792,3550000,0
R17-01793,37900000,150000
R17-01794,100990000,300000
R17-01795,72140000,300000
R17-01796,23090000,60000
R17-01797,31930000,60000
R17-01798,118620000,300000
R17-01799,63040000,150000
R17-01800,44250000,150000
R17-01801,71190000,300000
R17-01802,94420000,300000
R17-01803,84630000,300000
R17-01804,4630000,0
R17-01805,42870000,150000
R17-01806,5870000,20000
R17-01807,3750000,0
R17-01808,35090000,150000
R17-01809,32630000,60000
R17-01810,3500000,0
R17-01811,107790000,300000
R17-01812,110930000,300000
R17-01813,11240000,40000
R17-01814,1750000,0
R17-01815,13040000,40000
R17-01816,96090000,300000
R17-01817,67620000,300000
R17-01818,74860000,300000
R17-01819,90380000,300000
R17-01820,106300000,300000
R17-01821,41150000,150000
R17-01822,27070000,60000
R17-01823,24330000,60000
R17-01824,46520000,150000
R17-01825,5830000,20000
R17-01826,21270000,60000
R17-01827,221850000,1000000
R17-01828,42330000,150000
R17-01829,900000,0
R17-01830,42230000,150000
R17-01831,2250000,0
R17-01832,23790000,60000
R17-01833,12200000,40000
R17-01834,2420000,0
R17-01835,40530000,150000
R17-01836,50550000,150000
R17-01837,33200000,60000
R17-01838,36030000,150000
R17-01839,21690000,60000
R17-01840,43280000,150000
R17-01841,65530000,150000
R17-01842,43550000,150000
R17-01843,13050000,40000
R17-01844,1440000,0
R17-01845,44310000,150000
R17-01846,14340000,40000
R17-01847,14990000,40000
R17-01848,34510000,150000
R17-01849,133520000,600000
R17-01850,23860000,60000
R17-01851,91800000,300000
R17-01852,73380000,300000
R17-01853,17270000,40000
R17-01854,67390000,300000
R17-01855,34700000,150000
R17-01856,25770000,60000
R17-01857,70960000,300000
R17-01858,74300000,300000
R17-01859,31180000,60000
R17-01860,45860000,150000
R17-01861,62710000,150000
R17-01862,24190000,60000
R17-01863,15100000,40000
R17-01864,31600000,60000
R17-01865,12850000,40000
R17-01866,45560000,150000
R17-01867,22320000,60000
R17-01868,30410000,60000
R17-01869,79320000,300000
R17-01870,34600000,150000
R17-01871,92620000,300000
R17-01872,22200000,60000
R17-01873,84170000,300000
R17-01874,153210000,600000
R17-01875,64450000,150000
R17-01876,53160000,150000
R17-01877,22440000,60000
R17-01878,91930000,300000
R17-01879,38250000,150000
R17-01880,15540000,40000
R17-01881,23360000,60000
R17-01882,24550000,60000
R17-01883,45420000,150000
R17-01884,14620000,40000
R17-01885,60630000,150000
R17-01886,10440000,40000
R17-01887,6170000,20000
R17-01888,33870000,150000
R17-01889,13310000,40000
R17-01890,21590000,60000
R17-01891,70660000,300000
R17-01892,13070000,40000
R17-01893,6250000,20000
R17-01894,41900000,150000
R17-01895,55230000,150000
R17-01896,43260000,150000
R17-01897,25380000,60000
R17-01898,15330000,40000
R17-01899,130830000,300000
R17-01900,103620000,300000
R17-01901,32620000,60000
R17-01902,14340000,40000
R17-01903,63750000,150000
R17-01904,27220000,60000
R17-01905,53300000,150000
R17-01906,12710000,40000
R17-01907,4320000,0
R17-01908,71070000,300000
R17-01909,65090000,150000
R17-01910,32360000,60000
R17-01911,73350000,300000
R17-01912,61570000,150000
R17-01913,95960000,300000
R17-01914,65780000,150000
R17-01915,87490000,300000
R17-01916,32060000,60000
R17-01917,21640000,60000
R17-01918,12170000,40000
R17-01919,107040000,300000
R17-01920,26360000,60000
R17-01921,46760000,150000
R17-01922,23060000,60000
R17-01923,26070000,60000
R17-01924,13800000,40000
R17-01925,22460000,60000
R17-01926,48600000,150000
R17-01927,33720000,150000
R17-01928,14060000,40000
R17-01929,12920000,40000
R17-01930,64510000,150000
R17-01931,13950000,40000
R17-01932,7350000,20000
R17-01933,93920000,300000
R17-01934,99430000,300000
R17-01935,42290000,150000
R17-01936,22310000,60000
R17-01937,122450000,300000
R17-01938,92520000,300000
R17-01939,61990000,150000
R17-01940,44190000,150000
R17-01941,52680000,150000
R17-01942,132400000,300000
R17-01943,5660000,20000
R17-01944,42320000,150000
R17-01945,23980000,60000
R17-01946,42920000,150000
R17-01947,102650000,300000
R17-01948,5890000,20000
R17-01949,51810000,150000
R17-01950,53170000,150000
R17-01951,22550000,60000
R17-01952,66050000,150000
R17-01953,67840000,300000
R17-01954,34470000,150000
R17-01955,111870000,300000
R17-01956,34430000,150000
R17-01957,145000000,600000
R17-01958,10700000,40000
R17-01959,22370000,60000
R17-01960,64910000,150000
R17-01961,14220000,40000
R17-01962,41160000,150000
R17-01963,30680000,60000
R17-01964,63140000,150000
R17-01965,42850000,150000
R17-01966,20660000,60000
R17-01967,42150000,150000
R17-01968,78020000,300000
R17-01969,1200000,0
R17-01970,41990000,150000
R17-01971,23080000,60000
R17-01972,51790000,150000
R17-01973,27350000,60000
R17-01974,44020000,150000
R17-01975,67530000,300000
R17-01976,13610000,40000
R17-01977,6340000,20000
R17-01978,41400000,150000
R17-01979,52150000,150000
R17-01980,64100000,150000
R17-01981,32630000,60000
R17-01982,21280000,60000
R17-01983,35500000,150000
R17-01984,41990000,150000
R17-01985,11340000,40000
R17-01986,71420000,300000
R17-01987,17560000,40000
R17-01988,75390000,300000
R17-01989,61800000,150000
R17-01990,42530000,150000
R17-01991,3540000,0
R17-01992,37760000,150000
R17-01993,63780000,150000
R17-01994,11020000,40000
R17-01995,23250000,60000
R17-01996,75420000,300000
R17-01997,62370000,150000
R17-01998,40880000,150000
R17-01999,137570000,600000
R17-02000,46870000,150000
R17-02001,72580000,300000
R17-02002,86270000,300000
R17-02003,120980000,300000
R17-02004,83410000,300000
R17-02005,31070000,60000
R17-02006,101860000,300000
R17-02007,4930000,0
R17-02008,22060000,60000
R17-02009,15440000,40000
R17-02010,102010000,300000
R17-02011,5550000,20000
R17-02012,31590000,60000
R17-02013,13030000,40000
R17-02014,21980000,60000
R17-02015,42220000,150000
R17-02016,24080000,60000
R17-02017,21360000,60000
R17-02018,4910000,0
R17-02019,104250000,300000
R17-02020,103480000,300000
R17-02021,91740000,300000
R17-02022,62040000,150000
R17-02023,40670000,150000
R17-02024,74670000,300000
R17-02025,5500000,20000
R17-02026,56840000,150000
R17-02027,41840000,150000
R17-02028,81670000,300000
R17-02029,123510000,300000
R17-02030,15350000,40000
R17-02031,41520000,150000
R17-02032,46750000,150000
R17-02033,73630000,300000
R17-02034,35150000,150000
R17-02035,23280000,60000
R17-02036,32950000,60000
R17-02037,40930000,150000
R17-02038,33010000,60000
R17-02039,4450000,0
R17-02040,4860000,0
R17-02041,7010000,20000
R17-02042,54440000,150000
R17-02043,142140000,600000
R17-02044,51660000,150000
R17-02045,64190000,150000
R17-02046,15830000,40000
R17-02047,13590000,40000
R17-02048,5920000,20000
R17-02049,56110000,150000
R17-02050,72250000,300000
R17-02051,23240000,60000
R17-02052,34950000,150000
R17-02053,91590000,300000
R17-02054,22510000,60000
R17-02055,4930000,0
R17-02056,31520000,60000
R17-02057,84030000,300000
R17-02058,62970000,150000
R17-02059,51970000,150000
R17-02060,32170000,60000
R17-02061,80820000,300000
R17-02062,76740000,300000
R17-02063,57290000,150000
R17-02064,11410000,40000
R17-02065,74150000,300000
R17-02066,4250000,0
R17-02067,14360000,40000
R17-02068,96110000,300000
R17-02069,4800000,0
R17-02070,15190000,40000
R17-02071,14770000,40000
R17-02072,73080000,300000
R17-02073,37740000,150000
R17-02074,44790000,150000
R17-02075,76790000,300000
R17-02076,22610000,60000
R17-02077,82720000,300000
R17-02078,5870000,20000
R17-02079,30650000,60000
R17-02080,71620000,300000
R17-02081,22970000,60000
R17-02082,58050000,150000
R17-02083,3930000,0
R17-02084,25680000,60000
R17-02085,172990000,600000
R17-02086,71990000,300000
R17-02087,103150000,300000
R17-02088,52490000,150000
R17-02089,13550000,40000
R17-02090,113780000,300000
R17-02091,14010000,40000
R17-02092,43060000,150000
R17-02093,233080000,1000000
R17-02094,93100000,300000
R17-02095,23220000,60000
R17-02096,3790000,0
R17-02097,78110000,300000
R17-02098,88530000,300000
R17-02099,37700000,150000
R17-02100,15120000,40000
R17-02101,3960000,0
R17-02102,980000,0
R17-02103,98990000,300000
R17-02104,134230000,600000
R17-02105,11330000,40000
R17-02106,54910000,150000
R17-02107,35510000,150000
R17-02108,27010000,60000
R17-02109,86250000,300000
R17-02110,114670000,300000
R17-02111,32350000,60000
R17-02112,21450000,60000
R17-02113,24100000,60000
R17-02114,1920000,0
R17-02115,82490000,300000
R17-02116,50070000,150000
R17-02117,30920000,60000
R17-02118,51290000,150000
R17-02119,2430000,0
R17-02120,68360000,300000
R17-02121,43780000,150000
R17-02122,22640000,60000
R17-02123,45080000,150000
R17-02124,12800000,40000
R17-02125,43710000,150000
R17-02126,32700000,60000
R17-02127,94840000,300000
R17-02128,49310000,150000
R17-02129,60650000,150000
R17-02130,46680000,150000
R17-02131,71430000,300000
R17-02132,20470000,60000
R17-02133,73450000,300000
R17-02134,5130000,20000
R17-02135,3510000,0
R17-02136,32610000,60000
R17-02137,41590000,150000
R17-02138,112160000,300000
R17-02139,22050000,60000
R17-02140,2340000,0
R17-02141,31740000,60000
R17-02142,14000000,40000
R17-02143,86340000,300000
R17-02144,22860000,60000
R17-02145,54760000,150000
R17-02146,71980000,300000
R17-02147,116120000,300000
R17-02148,17050000,40000
R17-02149,93400000,300000
R17-02150,13710000,40000
R17-02151,54020000,150000
R17-02152,83890000,300000
R17-02153,46210000,150000
R17-02154,53070000,150000
R17-02155,31610000,60000
R17-02156,2980000,0
R17-02157,40760000,150000
R17-02158,33840000,150000
R17-02159,58380000,150000
R17-02160,44340000,150000
R17-02161,75750000,300000
R17-02162,25930000,60000
R17-02163,23190000,60000
R17-02164,44810000,150000
R17-02165,7940000,20000
R17-02166,810000,0
R17-02167,3070000,0
R17-02168,15030000,40000
R17-02169,67580000,300000
R17-02170,4290000,0
R17-02171,37370000,150000
R17-02172,47280000,150000
R17-02173,44590000,150000
R17-02174,21680000,60000
R17-02175,13410000,40000
R17-02176,44510000,150000
R17-02177,64920000,150000
R17-02178,30350000,60000
R17-02179,14870000,40000
R17-02180,37870000,150000
R17-02181,14650000,40000
R17-02182,23470000,60000
R17-02183,65280000,150000
R17-02184,7460000,20000
R17-02185,86300000,300000
R17-02186,77970000,300000
R17-02187,2990000,0
R17-02188,26580000,60000
R17-02189,43650000,150000
R17-02190,15420000,40000
R17-02191,86000000,300000
R17-02192,53230000,150000
R17-02193,25170000,60000
R17-02194,41640000,150000
R17-02195,83170000,300000
R17-02196,33950000,150000
R17-02197,42980000,150000
R17-02198,22430000,60000
R17-02199,45980000,150000
R17-02200,73460000,300000
R17-02201,13660000,40000
R17-02202,71950000,300000
R17-02203,10610000,40000
R17-02204,33270000,60000
R17-02205,54270000,150000
R17-02206,43080000,150000
R17-02207,45980000,150000
R17-02208,8090000,20000
R17-02209,71510000,300000
R17-02210,28110000,60000
R17-02211,57640000,150000
R17-02212,27620000,60000
R17-02213,61850000,150000
R17-02214,24990000,60000
R17-02215,122750000,300000
R17-02216,73480000,300000
R17-02217,12630000,40000
R17-02218,173330000,600000
R17-02219,21720000,60000
R17-02220,65270000,150000
R17-02221,17050000,40000
R17-02222,130840000,300000
R17-02223,74220000,300000
R17-02224,38590000,150000
R17-02225,12860000,40000
R17-02226,102340000,300000
R17-02227,1760000,0
R17-02228,78670000,300000
R17-02229,23640000,60000
R17-02230,43240000,150000
R17-02231,43320000,150000
R17-02232,16020000,40000
R17-02233,3490000,0
R17-02234,14400000,40000
R17-02235,14200000,40000
R17-02236,28690000,60000
R17-02237,14060000,40000
R17-02238,43860000,150000
R17-02239,56780000,150000
R17-02240,216860000,1000000
R17-02241,22120000,60000
R17-02242,66000000,150000
R17-02243,56130000,150000
R17-02244,22750000,60000
R17-02245,33440000,150000
R17-02246,48270000,150000
R17-02247,130590000,300000
R17-02248,173810000,600000
R17-02249,73900000,300000
R17-02250,14800000,40000
R17-02251,36470000,150000
R17-02252,33340000,150000
R17-02253,20740000,60000
R17-02254,61940000,150000
R17-02255,73220000,300000
R17-02256,84180000,300000
R17-02257,52730000,150000
R17-02258,82240000,300000
R17-02259,113970000,300000
R17-02260,16150000,40000
R17-02261,35470000,150000
R17-02262,56740000,150000
R17-02263,63670000,150000
R17-02264,33050000,60000
R17-02265,60760000,150000
R17-02266,11500000,40000
R17-02267,121070000,300000
R17-02268,150540000,600000
R17-02269,56880000,150000
R17-02270,67040000,300000
R17-02271,3680000,0
R17-02272,36580000,150000
R17-02273,23920000,60000
R17-02274,32730000,60000
R17-02275,15060000,40000
R17-02276,560000,0
R17-02277,112070000,300000
R17-02278,64780000,150000
R17-02279,61390000,150000
R17-02280,13230000,40000
R17-02281,2970000,0
R17-02282,24260000,60000
R17-02283,12160000,40000
R17-02284,45430000,150000
R17-02285,2610000,0
R17-02286,51540000,150000
R17-02287,121820000,300000
R17-02288,24380000,60000
R17-02289,12430000,40000
R17-02290,25910000,60000
R17-02291,12580000,40000
R17-02292,31730000,60000
R17-02293,31080000,60000
R17-02294,41870000,150000
R17-02295,31310000,60000
R17-02296,34610000,150000
R17-02297,83320000,300000
R17-02298,67100000,300000
R17-02299,1570000,0
R17-02300,2450000,0
R17-02301,20790000,60000
R17-02302,3600000,0
R17-02303,46990000,150000
R17-02304,23720000,60000
R17-02305,64810000,150000
R17-02306,13500000,40000
R17-02307,44780000,150000
R17-02308,31630000,60000
R17-02309,210000,0
R17-02310,7570000,20000
R17-02311,66360000,150000
R17-02312,98050000,300000
R17-02313,5640000,20000
R17-02314,74190000,300000
R17-02315,87220000,300000
R17-02316,46280000,150000
R17-02317,24300000,60000
R17-02318,74050000,300000
R17-02319,52460000,150000
R17-02320,1830000,0
R17-02321,84140000,300000
R17-02322,2770000,0
R17-02323,57130000,150000
R17-02324,14630000,40000
R17-02325,22170000,60000
R17-02326,4840000,0
R17-02327,45830000,150000
R17-02328,48400000,150000
R17-02329,16140000,40000
R17-02330,16960000,40000
R17-02331,55570000,150000
R17-02332,3410000,0
R17-02333,43510000,150000
R17-02334,5400000,20000
R17-02335,73680000,300000
R17-02336,24050000,60000
R17-02337,810000,0
R17-02338,121620000,300000
R17-02339,41510000,150000
R17-02340,2980000,0
R17-02341,112320000,300000
R17-02342,15760000,40000
R17-02343,46210000,150000
R17-02344,34290000,150000
R17-02345,55490000,150000
R17-02346,15980000,40000
R17-02347,102800000,300000
R17-02348,7640000,20000
R17-02349,53540000,150000
R17-02350,52470000,150000
R17-02351,42700000,150000
R17-02352,3570000,0
R17-02353,31990000,60000
R17-02354,25070000,60000
R17-02355,57590000,150000
R17-02356,48240000,150000
R17-02357,7620000,20000
R17-02358,14250000,40000
R17-02359,54850000,150000
R17-02360,56670000,150000
R17-02361,24160000,60000
R17-02362,14160000,40000
R17-02363,24110000,60000
R17-02364,22300000,60000
R17-02365,12670000,40000
R17-02366,46730000,150000
R17-02367,3060000,0
R17-02368,84810000,300000
R17-02369,63230000,150000
R17-02370,61730000,150000
R17-02371,68360000,300000
R17-02372,44930000,150000
R17-02373,22540000,60000
R17-02374,75720000,300000
R17-02375,63920000,150000
R17-02376,23060000,60000
R17-02377,35590000,150000
R17-02378,12380000,40000
R17-02379,29830000,60000
R17-02380,45330000,150000
R17-02381,3420000,0
R17-02382,72110000,300000
R17-02383,32790000,60000
R17-02384,65820000,150000
R17-02385,62490000,150000
R17-02386,94820000,300000
R17-02387,6410000,20000
R17-02388,22820000,60000
R17-02389,31070000,60000
R17-02390,73660000,300000
R17-02391,79190000,300000
R17-02392,52200000,150000
R17-02393,3590000,0
R17-02394,62990000,150000
R17-02395,63330000,150000
R17-02396,45820000,150000
R17-02397,1290000,0
R17-02398,53350000,150000
R17-02399,120850000,300000
R17-02400,21890000,60000
R17-02401,24040000,60000
R17-02402,91260000,300000
R17-02403,4280000,0
R17-02404,91890000,300000
R17-02405,54390000,150000
R17-02406,26690000,60000
R17-02407,67710000,300000
R17-02408,137370000,600000
R17-02409,6170000,20000
R17-02410,35010000,150000
R17-02411,53380000,150000
R17-02412,5490000,20000
R17-02413,11610000,40000
R17-02414,24540000,60000
R17-02415,53230000,150000
R17-02416,17190000,40000
R17-02417,21360000,60000
R17-02418,80030000,300000
R17-02419,32060000,60000
R17-02420,25300000,60000
R17-02421,52140000,150000
R17-02422,43680000,150000
R17-02423,24970000,60000
R17-02424,55490000,150000
R17-02425,106400000,300000
R17-02426,30210000,60000
R17-02427,11500000,40000
R17-02428,5260000,20000
R17-02429,13250000,40000
R17-02430,1650000,0
R17-02431,24850000,60000
R17-02432,41730000,150000
R17-02433,91860000,300000
R17-02434,12910000,40000
R17-02435,12080000,40000
R17-02436,44510000,150000
R17-02437,7630000,20000
R17-02438,70850000,300000
R17-02439,26070000,60000
R17-02440,71360000,300000
R17-02441,2560000,0
R17-02442,54970000,150000
R17-02443,8540000,20000
R17-02444,51100000,150000
R17-02445,105460000,300000
R17-02446,95930000,300000
R17-02447,32270000,60000
R17-02448,41350000,150000
R17-02449,15390000,40000
R17-02450,47040000,150000
R17-02451,4930000,0
R17-02452,72290000,300000
R17-02453,15160000,40000
R17-02454,41270000,150000
R17-02455,112480000,300000
R17-02456,27940000,60000
R17-02457,70880000,300000
R17-02458,112730000,300000
R17-02459,22300000,60000
R17-02460,72530000,300000
R17-02461,43270000,150000
R17-02462,13380000,40000
R17-02463,41200000,150000
R17-02464,53560000,150000
R17-02465,32600000,60000
R17-02466,45050000,150000
R17-02467,2650000,0
R17-02468,44460000,150000
R17-02469,22820000,60000
R17-02470,11610000,40000
R17-02471,13290000,40000
R17-02472,24820000,60000
R17-02473,37480000,150000
R17-02474,126680000,300000
R17-02475,51860000,150000
R17-02476,32570000,60000
R17-02477,37810000,150000
R17-02478,62230000,150000
R17-02479,2080000,0
R17-02480,13330000,40000
R17-02481,152100000,600000
R17-02482,21260000,60000
R17-02483,20820000,60000
R17-02484,36390000,150000
R17-02485,36550000,150000
R17-02486,63430000,150000
R17-02487,59200000,150000
R17-02488,47070000,150000
R17-02489,76780000,300000
R17-02490,58480000,150000
R17-02491,62760000,150000
R17-02492,91820000,300000
R17-02493,7960000,20000
R17-02494,32700000,60000
R17-02495,34320000,150000
R17-02496,57820000,150000
R17-02497,92500000,300000
R17-02498,2480000,0
R17-02499,64680000,150000
R17-02500,52280000,150000
R17-02501,4490000,0
R17-02502,55700000,150000
R17-02503,37910000,150000
R17-02504,5310000,20000
R17-02505,54100000,150000
R17-02506,74390000,300000
R17-02507,26860000,60000
R17-02508,32190000,60000
R17-02509,36160000,150000
R17-02510,33900000,150000
R17-02511,23280000,60000
R17-02512,32340000,60000
R17-02513,80450000,300000
R17-02514,66870000,300000
R17-02515,16670000,40000
R17-02516,94940000,300000
R17-02517,80930000,300000
R17-02518,105830000,300000
R17-02519,47320000,150000
R17-02520,81400000,300000
R17-02521,46460000,150000
R17-02522,112480000,300000
R17-02523,88930000,300000
R17-02524,40630000,150000
R17-02525,92340000,300000
R17-02526,67480000,300000
R17-02527,7930000,20000
R17-02528,73880000,300000
R17-02529,6040000,20000
R17-02530,22710000,60000
R17-02531,35400000,150000
R17-02532,2770000,0
R17-02533,41940000,150000
R17-02534,15490000,40000
R17-02535,44420000,150000
R17-02536,32440000,60000
R17-02537,1510000,0
R17-02538,51400000,150000
R17-02539,21560000,60000
R17-02540,4200000,0
R17-02541,64790000,150000
R17-02542,15170000,40000
R17-02543,45740000,150000
R17-02544,3820000,0
R17-02545,32770000,60000
R17-02546,78420000,300000
R17-02547,36420000,150000
R17-02548,23870000,60000
R17-02549,63150000,150000
R17-02550,25050000,60000
R17-02551,12270000,40000
R17-02552,63320000,150000
R17-02553,38290000,150000
R17-02554,64030000,150000
R17-02555,31980000,60000
R17-02556,3320000,0
R17-02557,51010000,150000
R17-02558,14270000,40000
R17-02559,26330000,60000
R17-02560,61880000,150000
R17-02561,42810000,150000
R17-02562,750000,0
R17-02563,32480000,60000
R17-02564,23780000,60000
R17-02565,42190000,150000
R17-02566,16390000,40000
R17-02567,24840000,60000
R17-02568,56170000,150000
R17-02569,4400000,0
R17-02570,23530000,60000
R17-02571,35670000,150000
R17-02572,22750000,60000
R17-02573,13220000,40000
R17-02574,44360000,150000
R17-02575,1950000,0
R17-02576,72370000,300000
R17-02577,54620000,150000
R17-02578,1900000,0
R17-02579,41080000,150000
R17-02580,82220000,300000
R17-02581,6620000,20000
R17-02582,31520000,60000
R17-02583,95630000,300000
R17-02584,6140000,20000
R17-02585,33180000,60000
R17-02586,93460000,300000
R17-02587,3090000,0
R17-02588,30610000,60000
R17-02589,40550000,150000
R17-02590,28390000,60000
R17-02591,81330000,300000
R17-02592,114030000,300000
R17-02593,42710000,150000
R17-02594,42390000,150000
R17-02595,32730000,60000
R17-02596,7250000,20000
R17-02597,103500000,300000
R17-02598,45260000,150000
R17-02599,11370000,40000
R17-02600,34780000,150000
R17-02601,64930000,150000
R17-02602,41440000,150000
R17-02603,24290000,60000
R17-02604,72870000,300000
R17-02605,103790000,300000
R17-02606,34040000,150000
R17-02607,24130000,60000
R17-02608,35400000,150000
R17-02609,72300000,300000
R17-02610,3510000,0
R17-02611,40520000,150000
R17-02612,9210000,20000
R17-02613,27460000,60000
R17-02614,37800000,150000
R17-02615,46510000,150000
R17-02616,37270000,150000
R17-02617,74580000,300000
R17-02618,45370000,150000
R17-02619,22610000,60000
R17-02620,104540000,300000
R17-02621,46940000,150000
R17-02622,23930000,60000
R17-02623,16340000,40000
R17-02624,74090000,300000
R17-02625,3880000,0
R17-02626,104060000,300000
R17-02627,55430000,150000
R17-02628,57380000,150000
R17-02629,54630000,150000
R17-02630,23250000,60000
R17-02631,42420000,150000
R17-02632,66850000,300000
R17-02633,15790000,40000
R17-02634,24490000,60000
R17-02635,42220000,150000
R17-02636,61900000,150000
R17-02637,66110000,150000
R17-02638,21700000,60000
R17-02639,43770000,150000
R17-02640,85550000,300000
R17-02641,17360000,40000
R17-02642,32030000,60000
R17-02643,38410000,150000
R17-02644,14820000,40000
R17-02645,42480000,150000
R17-02646,37650000,150000
R17-02647,34530000,150000
R17-02648,51680000,150000
R17-02649,7770000,20000
R17-02650,12380000,40000
R17-02651,53140000,150000
R17-02652,44740000,150000
R17-02653,34190000,150000
R17-02654,92370000,300000
R17-02655,21870000,60000
R17-02656,63130000,150000
R17-02657,43140000,150000
R17-02658,7510000,20000
R17-02659,22830000,60000
R17-02660,82080000,300000
R17-02661,7760000,20000
R17-02662,22930000,60000
R17-02663,62310000,150000
R17-02664,22850000,60000
R17-02665,63620000,150000
R17-02666,33720000,150000
R17-02667,4910000,0
R17-02668,15430000,40000
R17-02669,1380000,0
R17-02670,23470000,60000
R17-02671,30500000,60000
R17-02672,82330000,300000
R17-02673,42220000,150000
R17-02674,27330000,60000
R17-02675,6650000,20000
R17-02676,5770000,20000
R17-02677,36670000,150000
R17-02678,10930000,40000
R17-02679,10520000,40000
R17-02680,30200000,60000
R17-02681,8580000,20000
R17-02682,17100000,40000
R17-02683,45350000,150000
R17-02684,22330000,60000
R17-02685,12870000,40000
R17-02686,44090000,150000
R17-02687,3410000,0
R17-02688,27230000,60000
R17-02689,5400000,20000
R17-02690,46710000,150000
R17-02691,85950000,300000
R17-02692,16760000,40000
R17-02693,15270000,40000
R17-02694,67370000,300000
R17-02695,15300000,40000
R17-02696,94140000,300000
R17-02697,55140000,150000
R17-02698,7340000,20000
R17-02699,27650000,60000
R17-02700,1880000,0
R17-02701,50910000,150000
R17-02702,4950000,0
R17-02703,118160000,300000
R17-02704,32000000,60000
R17-02705,8170000,20000
R17-02706,9190000,20000
R17-02707,62030000,150000
R17-02708,43890000,150000
R17-02709,132290000,300000
R17-02710,3800000,0
R17-02711,43440000,150000
R17-02712,43000000,150000
R17-02713,21670000,60000
R17-02714,84530000,300000
R17-02715,111950000,300000
R17-02716,21400000,60000
R17-02717,51960000,150000
R17-02718,13570000,40000
R17-02719,21690000,60000
R17-02720,30630000,60000
R17-02721,4740000,0
R17-02722,22230000,60000
R17-02723,12130000,40000
R17-02724,51780000,150000
R17-02725,36340000,150000
R17-02726,46020000,150000
R17-02727,31720000,60000
R17-02728,20950000,60000
R17-02729,92860000,300000
R17-02730,13540000,40000
R17-02731,34460000,150000
R17-02732,23440000,60000
R17-02733,12480000,40000
R17-02734,11580000,40000
R17-02735,3640000,0
R17-02736,13090000,40000
R17-02737,104010000,300000
R17-02738,31730000,60000
R17-02739,117420000,300000
R17-02740,24100000,60000
R17-02741,43120000,150000
R17-02742,1550000,0
R17-02743,3380000,0
R17-02744,32740000,60000
R17-02745,68380000,300000
R17-02746,43670000,150000
R17-02747,24080000,60000
R17-02748,5450000,20000
R17-02749,4810000,0
R17-02750,37140000,150000
R17-02751,2660000,0
R17-02752,4360000,0
R17-02753,50700000,150000
R17-02754,122800000,300000
R17-02755,227470000,1000000
R17-02756,45390000,150000
R17-02757,77020000,300000
R17-02758,3860000,0
R17-02759,7260000,20000
R17-02760,33400000,150000
R17-02761,13870000,40000
R17-02762,53370000,150000
R17-02763,67130000,300000
R17-02764,55100000,150000
R17-02765,22020000,60000
R17-02766,24820000,60000
R17-02767,146720000,600000
R17-02768,74160000,300000
R17-02769,5870000,20000
R17-02770,23210000,60000
R17-02771,5010000,20000
R17-02772,42550000,150000
R17-02773,43970000,150000
R17-02774,15420000,40000
R17-02775,14600000,40000
R17-02776,117290000,300000
R17-02777,66370000,150000
R17-02778,85150000,300000
R17-02779,21060000,60000
R17-02780,7950000,20000
R17-02781,48340000,150000
R17-02782,72910000,300000
R17-02783,66070000,150000
R17-02784,18140000,40000
R17-02785,11550000,40000
R17-02786,2310000,0
R17-02787,56010000,150000
R17-02788,45570000,150000
R17-02789,23660000,60000
R17-02790,3810000,0
R17-02791,57100000,150000
R17-02792,26020000,60000
R17-02793,2830000,0
R17-02794,2360000,0
R17-02795,34730000,150000
R17-02796,85500000,300000
R17-02797,56530000,150000
R17-02798,71220000,300000
R17-02799,40950000,150000
R17-02800,45030000,150000
R17-02801,2720000,0
R17-02802,16290000,40000
R17-02803,81320000,300000
R17-02804,35070000,150000
R17-02805,74270000,300000
R17-02806,55110000,150000
R17-02807,31920000,60000
R17-02808,51420000,150000
R17-02809,36700000,150000
R17-02810,7010000,20000
R17-02811,24060000,60000
R17-02812,45890000,150000
R17-02813,41000000,150000
R17-02814,2660000,0
R17-02815,34290000,150000
R17-02816,71070000,300000
R17-02817,12000000,40000
R17-02818,22710000,60000
R17-02819,46220000,150000
R17-02820,1210000,0
R17-02821,36650000,150000
R17-02822,54320000,150000
R17-02823,34010000,150000
R17-02824,4180000,0
R17-02825,34660000,150000
R17-02826,65580000,150000
R17-02827,2320000,0
R17-02828,23410000,60000
R17-02829,12280000,40000
R17-02830,32420000,60000
R17-02831,5690000,20000
R17-02832,53120000,150000
R17-02833,80380000,300000
R17-02834,5080000,20000
R17-02835,146650000,600000
R17-02836,1830000,0
R17-02837,57240000,150000
R17-02838,35520000,150000
R17-02839,5890000,20000
R17-02840,46370000,150000
R17-02841,24680000,60000
R17-02842,69350000,300000
R17-02843,71950000,300000
R17-02844,31840000,60000
R17-02845,23300000,60000
R17-02846,47990000,150000
R17-02847,5130000,20000
R17-02848,31160000,60000
R17-02849,23550000,60000
R17-02850,122780000,300000
R17-02851,13800000,40000
R17-02852,73540000,300000
R17-02853,52940000,150000
R17-02854,1030000,0
R17-02855,70150000,300000
R17-02856,24320000,60000
R17-02857,62410000,150000
R17-02858,92020000,300000
R17-02859,54000000,150000
R17-02860,52700000,150000
R17-02861,38170000,150000
R17-02862,36200000,150000
R17-02863,41500000,150000
R17-02864,45320000,150000
R17-02865,16250000,40000
R17-02866,40910000,150000
R17-02867,31880000,60000
R17-02868,15020000,40000
R17-02869,27890000,60000
R17-02870,52580000,150000
R17-02871,64050000,150000
R17-02872,47270000,150000
R17-02873,21820000,60000
R17-02874,5850000,20000
R17-02875,63350000,150000
R17-02876,11980000,40000
R17-02877,47120000,150000
R17-02878,23550000,60000
R17-02879,57250000,150000
R17-02880,44500000,150000
R17-02881,1620000,0
R17-02882,22190000,60000
R17-02883,102180000,300000
R17-02884,13460000,40000
R17-02885,23420000,60000
R17-02886,12180000,40000
R17-02887,91930000,300000
R17-02888,12480000,40000
R17-02889,3920000,0
R17-02890,225580000,1000000
R17-02891,20290000,60000
R17-02892,92820000,300000
R17-02893,51910000,150000
R17-02894,45800000,150000
R17-02895,81370000,300000
R17-02896,10190000,40000
R17-02897,141950000,600000
R17-02898,42650000,150000
R17-02899,51910000,150000
R17-02900,2180000,0
R17-02901,52720000,150000
R17-02902,32250000,60000
R17-02903,43650000,150000
R17-02904,68570000,300000
R17-02905,74770000,300000
R17-02906,31330000,60000
R17-02907,23410000,60000
R17-02908,2140000,0
R17-02909,16010000,40000
R17-02910,13980000,40000
R17-02911,72830000,300000
R17-02912,82780000,300000
R17-02913,86630000,300000
R17-02914,42260000,150000
R17-02915,62110000,150000
R17-02916,23230000,60000
R17-02917,58640000,150000
R17-02918,66410000,150000
R17-02919,62440000,150000
R17-02920,74490000,300000
R17-02921,47800000,150000
R17-02922,47970000,150000
R17-02923,24240000,60000
R17-02924,27320000,60000
R17-02925,66490000,150000
R17-02926,22550000,60000
R17-02927,200000,0
R17-02928,29410000,60000
R17-02929,52960000,150000
R17-02930,104670000,300000
R17-02931,104980000,300000
R17-02932,15190000,40000
R17-02933,44150000,150000
R17-02934,52400000,150000
R17-02935,21970000,60000
R17-02936,34620000,150000
R17-02937,42970000,150000
R17-02938,88580000,300000
R17-02939,81450000,300000
R17-02940,24660000,60000
R17-02941,33430000,150000
R17-02942,33110000,60000
R17-02943,14840000,40000
R17-02944,83260000,300000
R17-02945,62470000,150000
R17-02946,24040000,60000
R17-02947,75760000,300000
R17-02948,6000000,20000
R17-02949,7160000,20000
R17-02950,76140000,300000
R17-02951,5170000,20000
R17-02952,12660000,40000
R17-02953,2490000,0
R17-02954,13320000,40000
R17-02955,94710000,300000
R17-02956,2880000,0
R17-02957,10680000,40000
R17-02958,23120000,60000
R17-02959,33200000,60000
R17-02960,32050000,60000
R17-02961,48390000,150000
R17-02962,43110000,150000
R17-02963,75320000,300000
R17-02964,43440000,150000
R17-02965,20870000,60000
R17-02966,11560000,40000
R17-02967,52510000,150000
R17-02968,59020000,150000
R17-02969,87410000,300000
R17-02970,2420000,0
R17-02971,7080000,20000
R17-02972,71810000,300000
R17-02973,5250000,20000
R17-02974,31610000,60000
R17-02975,62400000,150000
R17-02976,75280000,300000
R17-02977,11450000,40000
R17-02978,12470000,40000
R17-02979,4060000,0
R17-02980,35580000,150000
R17-02981,2780000,0
R17-02982,53360000,150000
R17-02983,37980000,150000
R17-02984,23680000,60000
R17-02985,96490000,300000
R17-02986,111110000,300000
R17-02987,34950000,150000
R17-02988,61860000,150000
R17-02989,83040000,300000
R17-02990,33860000,150000
R17-02991,36780000,150000
R17-02992,127990000,300000
R17-02993,76700000,300000
R17-02994,3200000,0
R17-02995,45930000,150000
R17-02996,24490000,60000
R17-02997,2180000,0
R17-02998,154820000,600000
R17-02999,7200000,20000
R17-03000,33200000,60000
R17-03001,57520000,150000
R17-03002,58340000,150000
R17-03003,3990000,0
R17-03004,21480000,60000
R17-03005,31830000,60000
R17-03006,71850000,300000
R17-03007,54800000,150000
R17-03008,43270000,150000
R17-03009,66700000,300000
R17-03010,75260000,300000
R17-03011,115050000,300000
R17-03012,2130000,0
R17-03013,9780000,20000
R17-03014,64400000,150000
R17-03015,61730000,150000
R17-03016,132070000,300000
R17-03017,23870000,60000
R17-03018,72180000,300000
R17-03019,66730000,300000
R17-03020,18670000,40000
R17-03021,11140000,40000
R17-03022,37060000,150000
R17-03023,104510000,300000
R17-03024,24520000,60000
R17-03025,67710000,300000
R17-03026,43750000,150000
R17-03027,1340000,0
R17-03028,103020000,300000
R17-03029,1180000,0
R17-03030,23900000,60000
R17-03031,33130000,60000
R17-03032,50630000,150000
R17-03033,43470000,150000
R17-03034,91950000,300000
R17-03035,36080000,150000
R17-03036,12310000,40000
R17-03037,100600000,300000
R17-03038,21090000,60000
R17-03039,48950000,150000
R17-03040,63780000,150000
R17-03041,63290000,150000
R17-03042,67280000,300000
R17-03043,104070000,300000
R17-03044,26710000,60000
R17-03045,56200000,150000
R17-03046,20830000,60000
R17-03047,71480000,300000
R17-03048,34530000,150000
R17-03049,25800000,60000
R17-03050,86130000,300000
R17-03051,25740000,60000
R17-03052,55820000,150000
R17-03053,106270000,300000
R17-03054,36040000,150000
R17-03055,53280000,150000
R17-03056,27540000,60000
R17-03057,45110000,150000
R17-03058,42690000,150000
R17-03059,21660000,60000
R17-03060,23620000,60000
R17-03061,34150000,150000
R17-03062,74310000,300000
R17-03063,5820000,20000
R17-03064,51500000,150000
R17-03065,63050000,150000
R17-03066,62790000,150000
R17-03067,63410000,150000
R17-03068,26540000,60000
R17-03069,4520000,0
R17-03070,3330000,0
R17-03071,51920000,150000
R17-03072,5310000,20000
R17-03073,32370000,60000
R17-03074,85910000,300000
R17-03075,42730000,150000
R17-03076,84250000,300000
R17-03077,43670000,150000
R17-03078,72390000,300000
R17-03079,42780000,150000
R17-03080,32010000,60000
R17-03081,43820000,150000
R17-03082,52720000,150000
R17-03083,24800000,60000
R17-03084,63340000,150000
R17-03085,95700000,300000
R17-03086,21170000,60000
R17-03087,41960000,150000
R17-03088,22980000,60000
R17-03089,12360000,40000
R17-03090,61020000,150000
R17-03091,82400000,300000
R17-03092,77300000,300000
R17-03093,22410000,60000
R17-03094,71180000,300000
R17-03095,60980000,150000
R17-03096,3660000,0
R17-03097,42210000,150000
R17-03098,35250000,150000
R17-03099,44400000,150000
R17-03100,35650000,150000
R17-03101,42390000,150000
R17-03102,85400000,300000
R17-03103,44860000,150000
R17-03104,54690000,150000
R17-03105,25760000,60000
R17-03106,14050000,40000
R17-03107,21130000,60000
R17-03108,64370000,150000
R17-03109,1590000,0
R17-03110,64110000,150000
R17-03111,32050000,60000
R17-03112,25580000,60000
R17-03113,62470000,150000
R17-03114,44880000,150000
R17-03115,3380000,0
R17-03116,22450000,60000
R17-03117,54090000,150000
R17-03118,41910000,150000
R17-03119,45520000,150000
R17-03120,40800000,150000
R17-03121,11770000,40000
R17-03122,41570000,150000
R17-03123,62360000,150000
R17-03124,31620000,60000
R17-03125,92180000,300000
R17-03126,20980000,60000
R17-03127,60510000,150000
R17-03128,33380000,150000
R17-03129,22050000,60000
R17-03130,3830000,0
R17-03131,78270000,300000
R17-03132,61900000,150000
R17-03133,96400000,300000
R17-03134,41560000,150000
R17-03135,55270000,150000
R17-03136,42780000,150000
R17-03137,45470000,150000
R17-03138,42250000,150000
R17-03139,62760000,150000
R17-03140,12140000,40000
R17-03141,32750000,60000
R17-03142,63510000,150000
R17-03143,21620000,60000
R17-03144,56020000,150000
R17-03145,22690000,60000
R17-03146,89270000,300000
R17-03147,21110000,60000
R17-03148,81590000,300000
R17-03149,134230000,600000
R17-03150,1400000,0
R17-03151,25410000,60000
R17-03152,23020000,60000
R17-03153,28730000,60000
R17-03154,83970000,300000
R17-03155,50940000,150000
R17-03156,6790000,20000
R17-03157,2600000,0
R17-03158,31170000,60000
R17-03159,63540000,150000
R17-03160,37510000,150000
R17-03161,44400000,150000
R17-03162,51720000,150000
R17-03163,91490000,300000
R17-03164,13560000,40000
R17-03165,102970000,300000
R17-03166,75660000,300000
R17-03167,122170000,300000
R17-03168,54400000,150000
R17-03169,22300000,60000
R17-03170,77420000,300000
R17-03171,5560000,20000
R17-03172,21750000,60000
R17-03173,51570000,150000
R17-03174,92970000,300000
R17-03175,3960000,0
R17-03176,52980000,150000
R17-03177,14850000,40000
R17-03178,61790000,150000
R17-03179,34970000,150000
R17-03180,2240000,0
R17-03181,5040000,20000
R17-03182,6240000,20000
R17-03183,60600000,150000
R17-03184,37380000,150000
R17-03185,34860000,150000
R17-03186,28860000,60000
R17-03187,43240000,150000
R17-03188,21280000,60000
R17-03189,23050000,60000
R17-03190,7690000,20000
R17-03191,12870000,40000
R17-03192,54390000,150000
R17-03193,41770000,150000
R17-03194,102430000,300000
R17-03195,37250000,150000
R17-03196,1240000,0
R17-03197,33540000,150000
R17-03198,21830000,60000
R17-03199,34040000,150000
R17-03200,96080000,300000
R17-03201,38340000,150000
R17-03202,18940000,40000
R17-03203,1190000,0
R17-03204,53240000,150000
R17-03205,85270000,300000
R17-03206,35810000,150000
R17-03207,24900000,60000
R17-03208,62800000,150000
R17-03209,23350000,60000
R17-03210,74540000,300000
R17-03211,51570000,150000
R17-03212,37880000,150000
R17-03213,33990000,150000
R17-03214,5440000,20000
R17-03215,65870000,150000
R17-03216,35760000,150000
R17-03217,102700000,300000
R17-03218,3550000,0
R17-03219,2520000,0
R17-03220,6350000,20000
R17-03221,13880000,40000
R17-03222,35090000,150000
R17-03223,94220000,300000
R17-03224,7430000,20000
R17-03225,81960000,300000
R17-03226,32190000,60000
R17-03227,52760000,150000
R17-03228,16080000,40000
R17-03229,33600000,150000
R17-03230,2250000,0
R17-03231,26410000,60000
R17-03232,24040000,60000
R17-03233,40670000,150000
R17-03234,27550000,60000
R17-03235,36190000,150000
R17-03236,16010000,40000
R17-03237,72380000,300000
R17-03238,121840000,300000
R17-03239,53490000,150000
R17-03240,1490000,0
R17-03241,69050000,300000
R17-03242,21200000,60000
R17-03243,36750000,150000
R17-03244,13540000,40000
R17-03245,1460000,0
R17-03246,2450000,0
R17-03247,12680000,40000
R17-03248,76400000,300000
R17-03249,61110000,150000
R17-03250,4150000,0
R17-03251,3580000,0
R17-03252,71760000,300000
R17-03253,13120000,40000
R17-03254,43080000,150000
R17-03255,41890000,150000
R17-03256,25990000,60000
R17-03257,64530000,150000
R17-03258,55100000,150000
R17-03259,85310000,300000
R17-03260,1960000,0
R17-03261,44050000,150000
R17-03262,12210000,40000
R17-03263,50830000,150000
R17-03264,20610000,60000
R17-03265,94650000,300000
R17-03266,71700000,300000
R17-03267,44330000,150000
R17-03268,13980000,40000
R17-03269,64810000,150000
R17-03270,81770000,300000
R17-03271,94300000,300000
R17-03272,22900000,60000
R17-03273,5500000,20000
R17-03274,32610000,60000
R17-03275,66170000,150000
R17-03276,35950000,150000
R17-03277,33300000,60000
R17-03278,54050000,150000
R17-03279,36280000,150000
R17-03280,66260000,150000
R17-03281,21620000,60000
R17-03282,33360000,150000
R17-03283,32380000,60000
R17-03284,2400000,0
R17-03285,14090000,40000
R17-03286,31450000,60000
R17-03287,45770000,150000
R17-03288,61610000,150000
R17-03289,31440000,60000
R17-03290,82610000,300000
R17-03291,24730000,60000
R17-03292,3190000,0
R17-03293,29270000,60000
R17-03294,118160000,300000
R17-03295,96750000,300000
R17-03296,12440000,40000
R17-03297,32520000,60000
R17-03298,35050000,150000
R17-03299,56420000,150000
R17-03300,58360000,150000
R17-03301,2270000,0
R17-03302,27730000,60000
R17-03303,77410000,300000
R17-03304,72100000,300000
R17-03305,5120000,20000
R17-03306,48390000,150000
R17-03307,35410000,150000
R17-03308,57120000,150000
R17-03309,67590000,300000
R17-03310,113650000,300000
R17-03311,21830000,60000
R17-03312,13470000,40000
R17-03313,14670000,40000
R17-03314,21730000,60000
R17-03315,83470000,300000
R17-03316,38620000,150000
R17-03317,92230000,300000
R17-03318,46900000,150000
R17-03319,20980000,60000
R17-03320,15300000,40000
R17-03321,74840000,300000
R17-03322,82770000,300000
R17-03323,41330000,150000
R17-03324,73650000,300000
R17-03325,40480000,150000
R17-03326,2560000,0
R17-03327,36320000,150000
R17-03328,82400000,300000
R17-03329,21840000,60000
R17-03330,10870000,40000
R17-03331,75480000,300000
R17-03332,33270000,60000
R17-03333,29560000,60000
R17-03334,5280000,20000
R17-03335,116730000,300000
R17-03336,41370000,150000
R17-03337,3640000,0
R17-03338,2820000,0
R17-03339,6680000,20000
R17-03340,31830000,60000
R17-03341,24960000,60000
R17-03342,21390000,60000
R17-03343,33970000,150000
R17-03344,11920000,40000
R17-03345,23320000,60000
R17-03346,31150000,60000
R17-03347,108840000,300000
R17-03348,79540000,300000
R17-03349,2280000,0
R17-03350,35410000,150000
R17-03351,51390000,150000
R17-03352,74810000,300000
R17-03353,34440000,150000
R17-03354,21560000,60000
R17-03355,102300000,300000
R17-03356,31990000,60000
R17-03357,16270000,40000
R17-03358,6650000,20000
R17-03359,21660000,60000
R17-03360,115570000,300000
R17-03361,77940000,300000
R17-03362,77980000,300000
R17-03363,38790000,150000
R17-03364,23770000,60000
R17-03365,34860000,150000
R17-03366,41550000,150000
R17-03367,4490000,0
R17-03368,19420000,40000
R17-03369,24000000,60000
R17-03370,86840000,300000
R17-03371,76440000,300000
R17-03372,22070000,60000
R17-03373,72530000,300000
R17-03374,69010000,300000
R17-03375,82820000,300000
R17-03376,43360000,150000
R17-03377,35470000,150000
R17-03378,11690000,40000
R17-03379,172000000,600000
R17-03380,45390000,150000
R17-03381,61890000,150000
R17-03382,21480000,60000
R17-03383,134230000,600000
R17-03384,25550000,60000
R17-03385,11810000,40000
R17-03386,95840000,300000
R17-03387,23980000,60000
R17-03388,74400000,300000
R17-03389,75150000,300000
R17-03390,42300000,150000
R17-03391,42710000,150000
R17-03392,60450000,150000
R17-03393,83780000,300000
R17-03394,123780000,300000
R17-03395,28730000,60000
R17-03396,7070000,20000
R17-03397,34110000,150000
R17-03398,12850000,40000
R17-03399,5300000,20000
R17-03400,16080000,40000
R17-03401,11750000,40000
R17-03402,11590000,40000
R17-03403,24780000,60000
R17-03404,1160000,0
R17-03405,77590000,300000
R17-03406,81820000,300000
R17-03407,11530000,40000
R17-03408,112410000,300000
R17-03409,108980000,300000
R17-03410,10500000,40000
R17-03411,71820000,300000
R17-03412,4280000,0
R17-03413,129220000,300000
R17-03414,24900000,60000
R17-03415,21580000,60000
R17-03416,7640000,20000
R17-03417,51320000,150000
R17-03418,71410000,300000
R17-03419,80930000,300000
R17-03420,21140000,60000
R17-03421,52300000,150000
R17-03422,53990000,150000
R17-03423,32080000,60000
R17-03424,23390000,60000
R17-03425,37330000,150000
R17-03426,32330000,60000
R17-03427,42940000,150000
R17-03428,43350000,150000
R17-03429,10830000,40000
R17-03430,87340000,300000
R17-03431,4970000,0
R17-03432,40570000,150000
R17-03433,3260000,0
R17-03434,54600000,150000
R17-03435,55100000,150000
R17-03436,144080000,600000
R17-03437,28600000,60000
R17-03438,12190000,40000
R17-03439,51750000,150000
R17-03440,68390000,300000
R17-03441,44940000,150000
R17-03442,37220000,150000
R17-03443,24730000,60000
R17-03444,12370000,40000
R17-03445,40770000,150000
R17-03446,5330000,20000
R17-03447,35480000,150000
R17-03448,4820000,0
R17-03449,55930000,150000
R17-03450,12480000,40000
R17-03451,10320000,40000
R17-03452,23270000,60000
R17-03453,31380000,60000
R17-03454,105640000,300000
R17-03455,31970000,60000
R17-03456,59150000,150000
R17-03457,34280000,150000
R17-03458,21370000,60000
R17-03459,82620000,300000
R17-03460,4530000,0
R17-03461,5350000,20000
R17-03462,22950000,60000
R17-03463,11170000,40000
R17-03464,12670000,40000
R17-03465,74900000,300000
R17-03466,64300000,150000
R17-03467,110710000,300000
R17-03468,52830000,150000
R17-03469,6340000,20000
R17-03470,18050000,40000
R17-03471,34530000,150000
R17-03472,5120000,20000
R17-03473,53230000,150000
R17-03474,83910000,300000
R17-03475,58690000,150000
R17-03476,43460000,150000
R17-03477,18790000,40000
R17-03478,51690000,150000
R17-03479,45540000,150000
R17-03480,46200000,150000
R17-03481,790000,0
R17-03482,144020000,600000
R17-03483,74620000,300000
R17-03484,1500000,0
R17-03485,15220000,40000
R17-03486,105070000,300000
R17-03487,3070000,0
R17-03488,75910000,300000
R17-03489,18170000,40000
R17-03490,33430000,150000
R17-03491,17250000,40000
R17-03492,113580000,300000
R17-03493,69130000,300000
R17-03494,103270000,300000
R17-03495,32570000,60000
R17-03496,67020000,300000
R17-03497,21770000,60000
R17-03498,47100000,150000
R17-03499,11780000,40000
R17-03500,31830000,60000
R17-03501,14620000,40000
R17-03502,3370000,0
R17-03503,5790000,20000
R17-03504,17330000,40000
R17-03505,31370000,60000
R17-03506,34480000,150000
R17-03507,64200000,150000
R17-03508,33880000,150000
R17-03509,72260000,300000
R17-03510,22570000,60000
R17-03511,42620000,150000
R17-03512,96220000,300000
R17-03513,55770000,150000
R17-03514,10550000,40000
R17-03515,33450000,150000
R17-03516,32100000,60000
R17-03517,95850000,300000
R17-03518,50810000,150000
R17-03519,28080000,60000
R17-03520,4310000,0
R17-03521,88190000,300000
R17-03522,46970000,150000
R17-03523,54700000,150000
R17-03524,39770000,150000
R17-03525,36830000,150000
R17-03526,78200000,300000
R17-03527,62630000,150000
R17-03528,65190000,150000
R17-03529,32130000,60000
R17-03530,12590000,40000
R17-03531,43850000,150000
R17-03532,62230000,150000
R17-03533,1670000,0
R17-03534,12170000,40000
R17-03535,75650000,300000
R17-03536,32170000,60000
R17-03537,65940000,150000
R17-03538,105890000,300000
R17-03539,96710000,300000
R17-03540,35160000,150000
R17-03541,33910000,150000
R17-03542,87480000,300000
R17-03543,44310000,150000
R17-03544,43760000,150000
R17-03545,61370000,150000
R17-03546,84640000,300000
R17-03547,1170000,0
R17-03548,25240000,60000
R17-03549,13990000,40000
R17-03550,40730000,150000
R17-03551,57690000,150000
R17-03552,101510000,300000
R17-03553,26690000,60000
R17-03554,52010000,150000
R17-03555,14650000,40000
R17-03556,25400000,60000
R17-03557,31730000,60000
R17-03558,63450000,150000
R17-03559,33400000,150000
R17-03560,222200000,1000000
R17-03561,32230000,60000
R17-03562,20880000,60000
R17-03563,41620000,150000
R17-03564,97550000,300000
R17-03565,12830000,40000
R17-03566,54150000,150000
R17-03567,34270000,150000
R17-03568,1240000,0
R17-03569,21730000,60000
R17-03570,45810000,150000
R17-03571,42900000,150000
R17-03572,95920000,300000
R17-03573,73100000,300000
R17-03574,66720000,300000
R17-03575,34460000,150000
R17-03576,31000000,60000
R17-03577,24340000,60000
R17-03578,100250000,300000
R17-03579,53350000,150000
R17-03580,96740000,300000
R17-03581,22210000,60000
R17-03582,64150000,150000
R17-03583,63080000,150000
R17-03584,74190000,300000
R17-03585,12000000,40000
R17-03586,102090000,300000
R17-03587,71970000,300000
R17-03588,23140000,60000
R17-03589,4470000,0
R17-03590,121060000,300000
R17-03591,1050000,0
R17-03592,5040000,20000
R17-03593,1930000,0
R17-03594,75460000,300000
R17-03595,75120000,300000
R17-03596,69560000,300000
R17-03597,33740000,150000
R17-03598,12410000,40000
R17-03599,2030000,0
R17-03600,48240000,150000
R17-03601,99010000,300000
R17-03602,96610000,300000
R17-03603,92820000,300000
R17-03604,27990000,60000
R17-03605,22330000,60000
R17-03606,1370000,0
R17-03607,54100000,150000
R17-03608,5380000,20000
R17-03609,73120000,300000
R17-03610,33850000,150000
R17-03611,23370000,60000
R17-03612,52970000,150000
R17-03613,89100000,300000
R17-03614,83810000,300000
R17-03615,13740000,40000
R17-03616,40830000,150000
R17-03617,34590000,150000
R17-03618,23610000,60000
R17-03619,11660000,40000
R17-03620,43680000,150000
R17-03621,42200000,150000
R17-03622,21300000,60000
R17-03623,53240000,150000
R17-03624,1860000,0
R17-03625,113710000,300000
R17-03626,13930000,40000
R17-03627,31230000,60000
R17-03628,51730000,150000
R17-03629,13040000,40000
R17-03630,64540000,150000
R17-03631,43710000,150000
R17-03632,55230000,150000
R17-03633,82290000,300000
R17-03634,73380000,300000
R17-03635,34430000,150000
R17-03636,72690000,300000
R17-03637,13790000,40000
R17-03638,91050000,300000
R17-03639,57970000,150000
R17-03640,62480000,150000
R17-03641,5340000,20000
R17-03642,92270000,300000
R17-03643,14040000,40000
R17-03644,30810000,60000
R17-03645,1700000,0
R17-03646,92010000,300000
R17-03647,33950000,150000
R17-03648,83720000,300000
R17-03649,74770000,300000
R17-03650,101560000,300000
R17-03651,53520000,150000
R17-03652,20640000,60000
R17-03653,1700000,0
R17-03654,17490000,40000
R17-03655,22630000,60000
R17-03656,75300000,300000
R17-03657,23210000,60000
R17-03658,153350000,600000
R17-03659,92270000,300000
R17-03660,134620000,600000
R17-03661,6000000,20000
R17-03662,53800000,150000
R17-03663,45760000,150000
R17-03664,158150000,600000
R17-03665,108000000,300000
R17-03666,12060000,40000
R17-03667,92150000,300000
R17-03668,6570000,20000
R17-03669,33120000,60000
R17-03670,21120000,60000
R17-03671,45910000,150000
R17-03672,2510000,0
R17-03673,35680000,150000
R17-03674,86610000,300000
R17-03675,71520000,300000
R17-03676,93230000,300000
R17-03677,56720000,150000
R17-03678,21330000,60000
R17-03679,55590000,150000
R17-03680,27790000,60000
R17-03681,42050000,150000
R17-03682,13910000,40000
R17-03683,20840000,60000
R17-03684,11260000,40000
R17-03685,16050000,40000
R17-03686,11230000,40000
R17-03687,15290000,40000
R17-03688,42110000,150000
R17-03689,68790000,300000
R17-03690,51190000,150000
R17-03691,25750000,60000
R17-03692,12730000,40000
R17-03693,124140000,300000
R17-03694,73080000,300000
R17-03695,2850000,0
R17-03696,11390000,40000
R17-03697,62580000,150000
R17-03698,133700000,600000
R17-03699,23300000,60000
R17-03700,44240000,150000
R17-03701,47620000,150000
R17-03702,59310000,150000
R17-03703,2210000,0
R17-03704,57860000,150000
R17-03705,4360000,0
R17-03706,64400000,150000
R17-03707,115480000,300000
R17-03708,58810000,150000
R17-03709,3790000,0
R17-03710,44070000,150000
R17-03711,45540000,150000
R17-03712,47440000,150000
R17-03713,32240000,60000
R17-03714,110510000,300000
R17-03715,13920000,40000
R17-03716,23710000,60000
R17-03717,20620000,60000
R17-03718,33340000,150000
R17-03719,32360000,60000
R17-03720,25190000,60000
R17-03721,6310000,20000
R17-03722,115470000,300000
R17-03723,22140000,60000
R17-03724,38500000,150000
R17-03725,17190000,40000
R17-03726,67920000,300000
R17-03727,82580000,300000
R17-03728,12880000,40000
R17-03729,38070000,150000
R17-03730,34400000,150000
R17-03731,2130000,0
R17-03732,66870000,300000
R17-03733,12290000,40000
R17-03734,82910000,300000
R17-03735,3860000,0
R17-03736,107670000,300000
R17-03737,26140000,60000
R17-03738,82280000,300000
R17-03739,65460000,150000
R17-03740,17650000,40000
R17-03741,38500000,150000
R17-03742,42500000,150000
R17-03743,97530000,300000
R17-03744,90660000,300000
R17-03745,65460000,150000
R17-03746,23560000,60000
R17-03747,52060000,150000
R17-03748,21990000,60000
R17-03749,67320000,300000
R17-03750,2370000,0
R17-03751,40160000,150000
R17-03752,60970000,150000
R17-03753,6010000,20000
R17-03754,24950000,60000
R17-03755,44280000,150000
R17-03756,32840000,60000
R17-03757,73540000,300000
R17-03758,57670000,150000
R17-03759,53290000,150000
R17-03760,2270000,0
R17-03761,11230000,40000
R17-03762,84930000,300000
R17-03763,23390000,60000
R17-03764,5270000,20000
R17-03765,10800000,40000
R17-03766,52800000,150000
R17-03767,17780000,40000
R17-03768,75490000,300000
R17-03769,1760000,0
R17-03770,36860000,150000
R17-03771,47890000,150000
R17-03772,23050000,60000
R17-03773,51990000,150000
R17-03774,56280000,150000
R17-03775,5280000,20000
R17-03776,12880000,40000
R17-03777,2730000,0
R17-03778,57850000,150000
R17-03779,1490000,0
R17-03780,33930000,150000
R17-03781,24630000,60000
R17-03782,6800000,20000
R17-03783,32480000,60000
R17-03784,102650000,300000
R17-03785,45700000,150000
R17-03786,4600000,0
R17-03787,94720000,300000
R17-03788,34630000,150000
R17-03789,45750000,150000
R17-03790,3230000,0
R17-03791,42300000,150000
R17-03792,8180000,20000
R17-03793,94530000,300000
R17-03794,114000000,300000
R17-03795,14430000,40000
R17-03796,78150000,300000
R17-03797,18000000,40000
R17-03798,54880000,150000
R17-03799,75270000,300000
R17-03800,55810000,150000
R17-03801,47410000,150000
R17-03802,74490000,300000
R17-03803,45280000,150000
R17-03804,4500000,0
R17-03805,24070000,60000
R17-03806,66010000,150000
R17-03807,23480000,60000
R17-03808,35600000,150000
R17-03809,1290000,0
R17-03810,18030000,40000
R17-03811,82100000,300000
R17-03812,11170000,40000
R17-03813,81730000,300000
R17-03814,21270000,60000
R17-03815,42800000,150000
R17-03816,151150000,600000
R17-03817,22720000,60000
R17-03818,132350000,300000
R17-03819,61970000,150000
R17-03820,11440000,40000
R17-03821,23300000,60000
R17-03822,25160000,60000
R17-03823,3210000,0
R17-03824,1440000,0
R17-03825,16670000,40000
R17-03826,43470000,150000
R17-03827,86800000,300000
R17-03828,85500000,300000
R17-03829,5290000,20000
R17-03830,102850000,300000
R17-03831,41640000,150000
R17-03832,38490000,150000
R17-03833,3780000,0
R17-03834,47500000,150000
R17-03835,68950000,300000
R17-03836,7890000,20000
R17-03837,112180000,300000
R17-03838,38260000,150000
R17-03839,34810000,150000
R17-03840,96850000,300000
R17-03841,54820000,150000
R17-03842,56040000,150000
R17-03843,32290000,60000
R17-03844,34920000,150000
R17-03845,5610000,20000
R17-03846,61850000,150000
R17-03847,57600000,150000
R17-03848,25130000,60000
R17-03849,48490000,150000
R17-03850,41110000,150000
R17-03851,51540000,150000
R17-03852,44330000,150000
R17-03853,83720000,300000
R17-03854,14520000,40000
R17-03855,113460000,300000
R17-03856,73250000,300000
R17-03857,11990000,40000
R17-03858,23220000,60000
R17-03859,21650000,60000
R17-03860,24380000,60000
R17-03861,2870000,0
R17-03862,31940000,60000
R17-03863,57010000,150000
R17-03864,63210000,150000
R17-03865,26980000,60000
R17-03866,37160000,150000
R17-03867,82800000,300000
R17-03868,6530000,20000
R17-03869,31530000,60000
R17-03870,11170000,40000
R17-03871,72790000,300000
R17-03872,12750000,40000
R17-03873,137130000,600000
R17-03874,61770000,150000
R17-03875,11570000,40000
R17-03876,52870000,150000
R17-03877,74610000,300000
R17-03878,58330000,150000
R17-03879,34130000,150000
R17-03880,76750000,300000
R17-03881,62160000,150000
R17-03882,54960000,150000
R17-03883,24310000,60000
R17-03884,98510000,300000
R17-03885,15680000,40000
R17-03886,7150000,20000
R17-03887,76770000,300000
R17-03888,65640000,150000
R17-03889,920000,0
R17-03890,6530000,20000
R17-03891,11090000,40000
R17-03892,39030000,150000
R17-03893,46030000,150000
R17-03894,66890000,300000
R17-03895,2270000,0
R17-03896,790000,0
R17-03897,68760000,300000
R17-03898,91760000,300000
R17-03899,56150000,150000
R17-03900,44690000,150000
R17-03901,62030000,150000
R17-03902,15670000,40000
R17-03903,14830000,40000
R17-03904,23040000,60000
R17-03905,55570000,150000
R17-03906,45990000,150000
R17-03907,76160000,300000
R17-03908,62170000,150000
R17-03909,64460000,150000
R17-03910,17490000,40000
R17-03911,27360000,60000
R17-03912,36140000,150000
R17-03913,2600000,0
R17-03914,96740000,300000
R17-03915,130930000,300000
R17-03916,14620000,40000
R17-03917,16700000,40000
R17-03918,136240000,600000
R17-03919,16780000,40000
R17-03920,4380000,0
R17-03921,900000,0
R17-03922,7810000,20000
R17-03923,142310000,600000
R17-03924,24760000,60000
R17-03925,101760000,300000
R17-03926,52380000,150000
R17-03927,32050000,60000
R17-03928,83310000,300000
R17-03929,3560000,0
R17-03930,2790000,0
R17-03931,46250000,150000
R17-03932,63440000,150000
R17-03933,105190000,300000
R17-03934,81820000,300000
R17-03935,2900000,0
R17-03936,35400000,150000
R17-03937,7140000,20000
R17-03938,52750000,150000
R17-03939,63170000,150000
R17-03940,16390000,40000
R17-03941,3240000,0
R17-03942,67510000,300000
R17-03943,91510000,300000
R17-03944,135250000,600000
R17-03945,36090000,150000
R17-03946,66930000,300000
R17-03947,4480000,0
R17-03948,4030000,0
R17-03949,66760000,300000
R17-03950,50860000,150000
R17-03951,10710000,40000
R17-03952,87780000,300000
R17-03953,15670000,40000
R17-03954,32910000,60000
R17-03955,13920000,40000
R17-03956,84150000,300000
R17-03957,65360000,150000
R17-03958,33250000,60000
R17-03959,17390000,40000
R17-03960,67100000,300000
R17-03961,74530000,300000
R17-03962,3150000,0
R17-03963,3150000,0
R17-03964,22230000,60000
R17-03965,39180000,150000
R17-03966,43000000,150000
R17-03967,24130000,60000
R17-03968,17700000,40000
R17-03969,42600000,150000
R17-03970,81770000,300000
R17-03971,51480000,150000
R17-03972,34420000,150000
R17-03973,22010000,60000
R17-03974,42890000,150000
R17-03975,133080000,300000
R17-03976,172180000,600000
R17-03977,62420000,150000
R17-03978,26120000,60000
R17-03979,47520000,150000
R17-03980,55830000,150000
R17-03981,42060000,150000
R17-03982,13120000,40000
R17-03983,56900000,150000
R17-03984,3840000,0
R17-03985,11080000,40000
R17-03986,22040000,60000
R17-03987,24930000,60000
R17-03988,45910000,150000
R17-03989,22400000,60000
R17-03990,7600000,20000
R17-03991,3290000,0
R17-03992,91560000,300000
R17-03993,14710000,40000
R17-03994,74090000,300000
R17-03995,92590000,300000
R17-03996,74360000,300000
R17-03997,20630000,60000
R17-03998,86590000,300000
R17-03999,26450000,60000
R17-04000,31910000,60000
R17-04001,77730000,300000
R17-04002,7690000,20000
R17-04003,34170000,150000
R17-04004,23430000,60000
R17-04005,72830000,300000
R17-04006,36020000,150000
R17-04007,16120000,40000
R17-04008,102770000,300000
R17-04009,32800000,60000
R17-04010,35900000,150000
R17-04011,38360000,150000
R17-04012,43820000,150000
R17-04013,87920000,300000
R17-04014,20680000,60000
R17-04015,23330000,60000
R17-04016,6200000,20000
R17-04017,11930000,40000
R17-04018,21170000,60000
R17-04019,25700000,60000
R17-04020,21930000,60000
R17-04021,23630000,60000
R17-04022,20050000,60000
R17-04023,76750000,300000
R17-04024,1140000,0
R17-04025,22420000,60000
R17-04026,22150000,60000
R17-04027,23350000,60000
R17-04028,92210000,300000
R17-04029,47000000,150000
R17-04030,1720000,0
R17-04031,62070000,150000
R17-04032,53940000,150000
R17-04033,21900000,60000
R17-04034,64730000,150000
R17-04035,152960000,600000
R17-04036,3740000,0
R17-04037,87810000,300000
R17-04038,4370000,0
R17-04039,24680000,60000
R17-04040,69780000,300000
R17-04041,54090000,150000
R17-04042,7880000,20000
R17-04043,23750000,60000
R17-04044,123620000,300000
R17-04045,26870000,60000
R17-04046,23580000,60000
R17-04047,15840000,40000
R17-04048,4590000,0
R17-04049,61280000,150000
R17-04050,11990000,40000
R17-04051,22660000,60000
R17-04052,51760000,150000
R17-04053,34630000,150000
R17-04054,3260000,0
R17-04055,21780000,60000
R17-04056,27740000,60000
R17-04057,58790000,150000
R17-04058,27680000,60000
R17-04059,11130000,40000
R17-04060,18370000,40000
R17-04061,27030000,60000
R17-04062,38140000,150000
R17-04063,76360000,300000
R17-04064,47080000,150000
R17-04065,35790000,150000
R17-04066,61380000,150000
