고객ID,타사이전금액,혜택금액
R22-00000,31890000,60000
R22-00001,65170000,150000
R22-00002,67250000,300000
R22-00003,86380000,300000
R22-00004,6410000,20000
R22-00005,22380000,60000
R22-00006,85350000,300000
R22-00007,41370000,150000
R22-00008,43910000,150000
R22-00009,25450000,60000
R22-00010,53100000,150000
R22-00011,53860000,150000
R22-00012,31160000,60000
R22-00013,80540000,300000
R22-00014,72440000,300000
R22-00015,56860000,150000
R22-00016,53710000,150000
R22-00017,27820000,60000
R22-00018,5790000,20000
R22-00019,72450000,300000
R22-00020,95300000,300000
R22-00021,104580000,300000
R22-00022,41510000,150000
R22-00023,44380000,150000
R22-00024,66720000,300000
R22-00025,15600000,40000
R22-00026,1490000,0
R22-00027,22720000,60000
R22-00028,23040000,60000
R22-00029,82250000,300000
R22-00030,4970000,0
R22-00031,76260000,300000
R22-00032,3970000,0
R22-00033,106430000,300000
R22-00034,45030000,150000
R22-00035,22240000,60000
R22-00036,64660000,150000
R22-00037,62110000,150000
R22-00038,94720000,300000
R22-00039,21230000,60000
R22-00040,51950000,150000
R22-00041,89680000,300000
R22-00042,48230000,150000
R22-00043,54220000,150000
R22-00044,52050000,150000
R22-00045,222910000,1000000
R22-00046,23170000,60000
R22-00047,85670000,300000
R22-00048,24200000,60000
R22-00049,17020000,40000
R22-00050,47730000,150000
R22-00051,100450000,300000
R22-00052,6200000,20000
R22-00053,22610000,60000
R22-00054,12840000,40000
R22-00055,35540000,150000
R22-00056,1130000,0
R22-00057,27750000,60000
R22-00058,27210000,60000
R22-00059,96470000,300000
R22-00060,104410000,300000
R22-00061,30710000,60000
R22-00062,45660000,150000
R22-00063,72670000,300000
R22-00064,53050000,150000
R22-00065,11990000,40000
R22-00066,76450000,300000
R22-00067,24470000,60000
R22-00068,7960000,20000
R22-00069,12920000,40000
R22-00070,72130000,300000
R22-00071,3510000,0
R22-00072,96880000,300000
R22-00073,2600000,0
R22-00074,12280000,40000
R22-00075,83000000,300000
R22-00076,56810000,150000
R22-00077,14730000,40000
R22-00078,17220000,40000
R22-00079,34920000,150000
R22-00080,4040000,0
R22-00081,46870000,150000
R22-00082,5700000,20000
R22-00083,36170000,150000
R22-00084,23850000,60000
R22-00085,37640000,150000
R22-00086,94450000,300000
R22-00087,51060000,150000
R22-00088,43540000,150000
R22-00089,54510000,150000
R22-00090,280000,0
R22-00091,103630000,300000
R22-00092,13040000,40000
R22-00093,31500000,60000
R22-00094,4730000,0
R22-00095,81980000,300000
R22-00096,46790000,150000
R22-00097,84920000,300000
R22-00098,76140000,300000
R22-00099,42130000,150000
R22-00100,60450000,150000
R22-00101,101870000,300000
R22-00102,85710000,300000
R22-00103,46900000,150000
R22-00104,1330000,0
R22-00105,1900000,0
R22-00106,17860000,40000
R22-00107,73540000,300000
R22-00108,75370000,300000
R22-00109,4180000,0
R22-00110,45010000,150000
R22-00111,102530000,300000
R22-00112,43600000,150000
R22-00113,11740000,40000
R22-00114,86340000,300000
R22-00115,95940000,300000
R22-00116,43700000,150000
R22-00117,106110000,300000
R22-00118,63600000,150000
R22-00119,2850000,0
R22-00120,68870000,300000
R22-00121,41350000,150000
R22-00122,43910000,150000
R22-00123,64370000,150000
R22-00124,31910000,60000
R22-00125,14250000,40000
R22-00126,82990000,300000
R22-00127,30950000,60000
R22-00128,4930000,0
R22-00129,2070000,0
R22-00130,83140000,300000
R22-00131,32750000,60000
R22-00132,44210000,150000
R22-00133,7560000,20000
R22-00134,24950000,60000
R22-00135,51650000,150000
R22-00136,73490000,300000
R22-00137,11060000,40000
R22-00138,73910000,300000
R22-00139,43830000,150000
R22-00140,34680000,150000
R22-00141,31590000,60000
R22-00142,66840000,300000
R22-00143,92340000,300000
R22-00144,26620000,60000
R22-00145,1530000,0
R22-00146,43510000,150000
R22-00147,13120000,40000
R22-00148,60950000,150000
R22-00149,1270000,0
R22-00150,28080000,60000
R22-00151,85400000,300000
R22-00152,61930000,150000
R22-00153,23440000,60000
R22-00154,56440000,150000
R22-00155,4610000,0
R22-00156,3190000,0
R22-00157,25370000,60000
R22-00158,13540000,40000
R22-00159,75060000,300000
R22-00160,104190000,300000
R22-00161,4470000,0
R22-00162,40860000,150000
R22-00163,34210000,150000
R22-00164,1840000,0
R22-00165,128050000,300000
R22-00166,62220000,150000
R22-00167,52270000,150000
R22-00168,53770000,150000
R22-00169,1930000,0
R22-00170,59600000,150000
R22-00171,1060000,0
R22-00172,41510000,150000
R22-00173,46230000,150000
R22-00174,32550000,60000
R22-00175,28850000,60000
R22-00176,107420000,300000
R22-00177,14800000,40000
R22-00178,24390000,60000
R22-00179,55750000,150000
R22-00180,75040000,300000
R22-00181,57540000,150000
R22-00182,25780000,60000
R22-00183,117210000,300000
R22-00184,15160000,40000
R22-00185,1800000,0
R22-00186,11700000,40000
R22-00187,71490000,300000
R22-00188,16150000,40000
R22-00189,34270000,150000
R22-00190,8960000,20000
R22-00191,35890000,150000
R22-00192,42400000,150000
R22-00193,63590000,150000
R22-00194,4590000,0
R22-00195,2110000,0
R22-00196,65580000,150000
R22-00197,11780000,40000
R22-00198,7920000,20000
R22-00199,64890000,150000
R22-00200,14680000,40000
R22-00201,25520000,60000
R22-00202,101750000,300000
R22-00203,14680000,40000
R22-00204,3720000,0
R22-00205,153810000,600000
R22-00206,34000000,150000
R22-00207,27880000,60000
R22-00208,64680000,150000
R22-00209,41080000,150000
R22-00210,32780000,60000
R22-00211,87520000,300000
R22-00212,52680000,150000
R22-00213,64630000,150000
R22-00214,22100000,60000
R22-00215,61560000,150000
R22-00216,33500000,150000
R22-00217,23720000,60000
R22-00218,22230000,60000
R22-00219,55070000,150000
R22-00220,94490000,300000
R22-00221,61730000,150000
R22-00222,4020000,0
R22-00223,17080000,40000
R22-00224,94690000,300000
R22-00225,41870000,150000
R22-00226,84920000,300000
R22-00227,113990000,300000
R22-00228,76240000,300000
R22-00229,33220000,60000
R22-00230,74380000,300000
R22-00231,63190000,150000
R22-00232,1070000,0
R22-00233,34500000,150000
R22-00234,590000,0
R22-00235,75780000,300000
R22-00236,41730000,150000
R22-00237,25710000,60000
R22-00238,82400000,300000
R22-00239,30960000,60000
R22-00240,13980000,40000
R22-00241,144510000,600000
R22-00242,14690000,40000
R22-00243,73840000,300000
R22-00244,60430000,150000
R22-00245,98700000,300000
R22-00246,23510000,60000
R22-00247,5540000,20000
R22-00248,63250000,150000
R22-00249,53220000,150000
R22-00250,44260000,150000
R22-00251,75590000,300000
R22-00252,115680000,300000
R22-00253,24830000,60000
R22-00254,111790000,300000
R22-00255,74030000,300000
R22-00256,6210000,20000
R22-00257,33110000,60000
R22-00258,44230000,150000
R22-00259,72230000,300000
R22-00260,6490000,20000
R22-00261,21690000,60000
R22-00262,61570000,150000
R22-00263,37600000,150000
R22-00264,2320000,0
R22-00265,2870000,0
R22-00266,24620000,60000
R22-00267,42720000,150000
R22-00268,17360000,40000
R22-00269,85010000,300000
R22-00270,22640000,60000
R22-00271,135820000,600000
R22-00272,132990000,300000
R22-00273,21910000,60000
R22-00274,96930000,300000
R22-00275,62230000,150000
R22-00276,14860000,40000
R22-00277,71950000,300000
R22-00278,44180000,150000
R22-00279,33700000,150000
R22-00280,23640000,60000
R22-00281,61150000,150000
R22-00282,107610000,300000
R22-00283,71750000,300000
R22-00284,57350000,150000
R22-00285,6760000,20000
R22-00286,32010000,60000
R22-00287,14770000,40000
R22-00288,30480000,60000
R22-00289,37650000,150000
R22-00290,14750000,40000
R22-00291,42620000,150000
R22-00292,84490000,300000
R22-00293,92980000,300000
R22-00294,45270000,150000
R22-00295,26280000,60000
R22-00296,34400000,150000
R22-00297,22590000,60000
R22-00298,86140000,300000
R22-00299,41670000,150000
R22-00300,36950000,150000
R22-00301,14520000,40000
R22-00302,28360000,60000
R22-00303,62670000,150000
R22-00304,81810000,300000
R22-00305,56570000,150000
R22-00306,18680000,40000
R22-00307,50400000,150000
R22-00308,43210000,150000
R22-00309,25240000,60000
R22-00310,25070000,60000
R22-00311,51620000,150000
R22-00312,6320000,20000
R22-00313,95100000,300000
R22-00314,21830000,60000
R22-00315,43090000,150000
R22-00316,6570000,20000
R22-00317,73090000,300000
R22-00318,5150000,20000
R22-00319,77330000,300000
R22-00320,22600000,60000
R22-00321,111210000,300000
R22-00322,60390000,150000
R22-00323,40570000,150000
R22-00324,66640000,150000
R22-00325,16920000,40000
R22-00326,6850000,20000
R22-00327,46400000,150000
R22-00328,43570000,150000
R22-00329,132520000,300000
R22-00330,103160000,300000
R22-00331,43860000,150000
R22-00332,71460000,300000
R22-00333,12510000,40000
R22-00334,13210000,40000
R22-00335,112490000,300000
R22-00336,63380000,150000
R22-00337,43840000,150000
R22-00338,65800000,150000
R22-00339,41970000,150000
R22-00340,31580000,60000
R22-00341,11650000,40000
R22-00342,40620000,150000
R22-00343,950000,0
R22-00344,83760000,300000
R22-00345,72380000,300000
R22-00346,23760000,60000
R22-00347,43080000,150000
R22-00348,42840000,150000
R22-00349,62110000,150000
R22-00350,105800000,300000
R22-00351,25950000,60000
R22-00352,17180000,40000
R22-00353,33690000,150000
R22-00354,18290000,40000
R22-00355,26950000,60000
R22-00356,40920000,150000
R22-00357,4730000,0
R22-00358,81930000,300000
R22-00359,55220000,150000
R22-00360,42850000,150000
R22-00361,23580000,60000
R22-00362,17900000,40000
R22-00363,87440000,300000
R22-00364,3810000,0
R22-00365,44770000,150000
R22-00366,35280000,150000
R22-00367,84800000,300000
R22-00368,64070000,150000
R22-00369,144740000,600000
R22-00370,85450000,300000
R22-00371,31550000,60000
R22-00372,16450000,40000
R22-00373,85980000,300000
R22-00374,91590000,300000
R22-00375,51980000,150000
R22-00376,26300000,60000
R22-00377,40450000,150000
R22-00378,5660000,20000
R22-00379,1820000,0
R22-00380,48050000,150000
R22-00381,91850000,300000
R22-00382,41220000,150000
R22-00383,12920000,40000
R22-00384,121530000,300000
R22-00385,32100000,60000
R22-00386,158720000,600000
R22-00387,63280000,150000
R22-00388,25860000,60000
R22-00389,22220000,60000
R22-00390,34390000,150000
R22-00391,61780000,150000
R22-00392,31490000,60000
R22-00393,76280000,300000
R22-00394,12210000,40000
R22-00395,32020000,60000
R22-00396,55990000,150000
R22-00397,41870000,150000
R22-00398,21660000,60000
R22-00399,25440000,60000
R22-00400,1990000,0
R22-00401,82680000,300000
R22-00402,10990000,40000
R22-00403,13520000,40000
R22-00404,31300000,60000
R22-00405,40830000,150000
R22-00406,22370000,60000
R22-00407,3120000,0
R22-00408,9100000,20000
R22-00409,11110000,40000
R22-00410,27470000,60000
R22-00411,42740000,150000
R22-00412,11310000,40000
R22-00413,16300000,40000
R22-00414,96220000,300000
R22-00415,17720000,40000
R22-00416,14590000,40000
R22-00417,5340000,20000
R22-00418,4670000,0
R22-00419,1250000,0
R22-00420,94250000,300000
R22-00421,45870000,150000
R22-00422,22020000,60000
R22-00423,1260000,0
R22-00424,94730000,300000
R22-00425,34680000,150000
R22-00426,83820000,300000
R22-00427,135360000,600000
R22-00428,81220000,300000
R22-00429,76100000,300000
R22-00430,4470000,0
R22-00431,10620000,40000
R22-00432,61320000,150000
R22-00433,16960000,40000
R22-00434,67030000,300000
R22-00435,23690000,60000
R22-00436,43110000,150000
R22-00437,4220000,0
R22-00438,41820000,150000
R22-00439,1640000,0
R22-00440,92930000,300000
R22-00441,30760000,60000
R22-00442,4120000,0
R22-00443,74140000,300000
R22-00444,34120000,150000
R22-00445,46980000,150000
R22-00446,14600000,40000
R22-00447,710000,0
R22-00448,1970000,0
R22-00449,4290000,0
R22-00450,26230000,60000
R22-00451,16970000,40000
R22-00452,32820000,60000
R22-00453,20690000,60000
R22-00454,12110000,40000
R22-00455,22370000,60000
R22-00456,73010000,300000
R22-00457,68710000,300000
R22-00458,24880000,60000
R22-00459,63000000,150000
R22-00460,16770000,40000
R22-00461,64180000,150000
R22-00462,105990000,300000
R22-00463,44750000,150000
R22-00464,83360000,300000
R22-00465,3320000,0
R22-00466,56340000,150000
R22-00467,15240000,40000
R22-00468,106980000,300000
R22-00469,31750000,60000
R22-00470,3290000,0
R22-00471,12620000,40000
R22-00472,22600000,60000
R22-00473,4090000,0
R22-00474,42740000,150000
R22-00475,63270000,150000
R22-00476,32600000,60000
R22-00477,65630000,150000
R22-00478,94730000,300000
R22-00479,33570000,150000
R22-00480,14970000,40000
R22-00481,73220000,300000
R22-00482,32520000,60000
R22-00483,1430000,0
R22-00484,12480000,40000
R22-00485,121290000,300000
R22-00486,44680000,150000
R22-00487,23790000,60000
R22-00488,103810000,300000
R22-00489,103340000,300000
R22-00490,26870000,60000
R22-00491,42690000,150000
R22-00492,54820000,150000
R22-00493,112350000,300000
R22-00494,2650000,0
R22-00495,2670000,0
R22-00496,57040000,150000
R22-00497,38150000,150000
R22-00498,71950000,300000
R22-00499,8050000,20000
R22-00500,81870000,300000
R22-00501,114000000,300000
R22-00502,94120000,300000
R22-00503,33880000,150000
R22-00504,73910000,300000
R22-00505,38300000,150000
R22-00506,25990000,60000
R22-00507,26130000,60000
R22-00508,4040000,0
R22-00509,38400000,150000
R22-00510,56720000,150000
R22-00511,23840000,60000
R22-00512,45960000,150000
R22-00513,1530000,0
R22-00514,23980000,60000
R22-00515,2810000,0
R22-00516,11590000,40000
R22-00517,45830000,150000
R22-00518,11180000,40000
R22-00519,6260000,20000
R22-00520,82290000,300000
R22-00521,93340000,300000
R22-00522,14690000,40000
R22-00523,10290000,40000
R22-00524,63290000,150000
R22-00525,24840000,60000
R22-00526,10930000,40000
R22-00527,83280000,300000
R22-00528,53990000,150000
R22-00529,24760000,60000
R22-00530,42870000,150000
R22-00531,77820000,300000
R22-00532,32080000,60000
R22-00533,92980000,300000
R22-00534,27190000,60000
R22-00535,13870000,40000
R22-00536,61900000,150000
R22-00537,92060000,300000
R22-00538,12800000,40000
R22-00539,73940000,300000
R22-00540,32510000,60000
R22-00541,23720000,60000
R22-00542,94500000,300000
R22-00543,42140000,150000
R22-00544,142590000,600000
R22-00545,77290000,300000
R22-00546,26320000,60000
R22-00547,53840000,150000
R22-00548,13860000,40000
R22-00549,350000,0
R22-00550,5820000,20000
R22-00551,3410000,0
R22-00552,25960000,60000
R22-00553,12880000,40000
R22-00554,84140000,300000
R22-00555,62130000,150000
R22-00556,32670000,60000
R22-00557,2670000,0
R22-00558,33440000,150000
R22-00559,73550000,300000
R22-00560,35800000,150000
R22-00561,105710000,300000
R22-00562,24800000,60000
R22-00563,53630000,150000
R22-00564,42040000,150000
R22-00565,51240000,150000
R22-00566,42610000,150000
R22-00567,8320000,20000
R22-00568,5960000,20000
R22-00569,21490000,60000
R22-00570,45150000,150000
R22-00571,610000,0
R22-00572,44470000,150000
R22-00573,40640000,150000
R22-00574,15070000,40000
R22-00575,35940000,150000
R22-00576,45570000,150000
R22-00577,13220000,40000
R22-00578,85360000,300000
R22-00579,44350000,150000
R22-00580,21860000,60000
R22-00581,11310000,40000
R22-00582,36130000,150000
R22-00583,55800000,150000
R22-00584,1430000,0
R22-00585,2860000,0
R22-00586,2140000,0
R22-00587,17390000,40000
R22-00588,13180000,40000
R22-00589,22360000,60000
R22-00590,57640000,150000
R22-00591,45950000,150000
R22-00592,113220000,300000
R22-00593,52240000,150000
R22-00594,4490000,0
R22-00595,12340000,40000
R22-00596,54390000,150000
R22-00597,10160000,40000
R22-00598,62690000,150000
R22-00599,41120000,150000
R22-00600,64810000,150000
R22-00601,88890000,300000
R22-00602,71790000,300000
R22-00603,44690000,150000
R22-00604,57370000,150000
R22-00605,15250000,40000
R22-00606,93490000,300000
R22-00607,46230000,150000
R22-00608,45040000,150000
R22-00609,86180000,300000
R22-00610,40890000,150000
R22-00611,64410000,150000
R22-00612,135290000,600000
R22-00613,77100000,300000
R22-00614,6050000,20000
R22-00615,71600000,300000
R22-00616,2330000,0
R22-00617,51730000,150000
R22-00618,17330000,40000
R22-00619,22810000,60000
R22-00620,13220000,40000
R22-00621,23910000,60000
R22-00622,11860000,40000
R22-00623,15580000,40000
R22-00624,151520000,600000
R22-00625,63620000,150000
R22-00626,13310000,40000
R22-00627,20430000,60000
R22-00628,63920000,150000
R22-00629,63690000,150000
R22-00630,22900000,60000
R22-00631,73340000,300000
R22-00632,17000000,40000
R22-00633,24850000,60000
R22-00634,82340000,300000
R22-00635,5810000,20000
R22-00636,37830000,150000
R22-00637,43110000,150000
R22-00638,62170000,150000
R22-00639,30380000,60000
R22-00640,22540000,60000
R22-00641,113320000,300000
R22-00642,85540000,300000
R22-00643,80320000,300000
R22-00644,990000,0
R22-00645,62670000,150000
R22-00646,11820000,40000
R22-00647,53720000,150000
R22-00648,55460000,150000
R22-00649,23720000,60000
R22-00650,91660000,300000
R22-00651,24250000,60000
R22-00652,1770000,0
R22-00653,65430000,150000
R22-00654,84160000,300000
R22-00655,2650000,0
R22-00656,5990000,20000
R22-00657,11210000,40000
R22-00658,71550000,300000
R22-00659,13510000,40000
R22-00660,82950000,300000
R22-00661,63610000,150000
R22-00662,92330000,300000
R22-00663,62010000,150000
R22-00664,15020000,40000
R22-00665,4800000,0
R22-00666,61960000,150000
R22-00667,22830000,60000
R22-00668,25360000,60000
R22-00669,95800000,300000
R22-00670,33290000,60000
R22-00671,34430000,150000
R22-00672,3230000,0
R22-00673,34090000,150000
R22-00674,25830000,60000
R22-00675,10800000,40000
R22-00676,121940000,300000
R22-00677,132880000,300000
R22-00678,12200000,40000
R22-00679,73510000,300000
R22-00680,104580000,300000
R22-00681,34580000,150000
R22-00682,41620000,150000
R22-00683,64380000,150000
R22-00684,6160000,20000
R22-00685,38380000,150000
R22-00686,1880000,0
R22-00687,61080000,150000
R22-00688,52690000,150000
R22-00689,42000000,150000
R22-00690,41650000,150000
R22-00691,41090000,150000
R22-00692,31640000,60000
R22-00693,27120000,60000
R22-00694,82030000,300000
R22-00695,3500000,0
R22-00696,45530000,150000
R22-00697,14820000,40000
R22-00698,43860000,150000
R22-00699,21950000,60000
R22-00700,72960000,300000
R22-00701,52670000,150000
R22-00702,5140000,20000
R22-00703,104080000,300000
R22-00704,77150000,300000
R22-00705,71480000,300000
R22-00706,53540000,150000
R22-00707,34530000,150000
R22-00708,2190000,0
R22-00709,40290000,150000
R22-00710,52360000,150000
R22-00711,71680000,300000
R22-00712,5010000,20000
R22-00713,27710000,60000
R22-00714,55130000,150000
R22-00715,4120000,0
R22-00716,22410000,60000
R22-00717,6710000,20000
R22-00718,54430000,150000
R22-00719,123890000,300000
R22-00720,11910000,40000
R22-00721,35440000,150000
R22-00722,53560000,150000
R22-00723,55880000,150000
R22-00724,2320000,0
R22-00725,4520000,0
R22-00726,52650000,150000
R22-00727,16810000,40000
R22-00728,7560000,20000
R22-00729,79270000,300000
R22-00730,82560000,300000
R22-00731,42160000,150000
R22-00732,98650000,300000
R22-00733,74910000,300000
R22-00734,14490000,40000
R22-00735,48050000,150000
R22-00736,25770000,60000
R22-00737,8080000,20000
R22-00738,10720000,40000
R22-00739,42560000,150000
R22-00740,54710000,150000
R22-00741,31170000,60000
R22-00742,93180000,300000
R22-00743,18740000,40000
R22-00744,75300000,300000
R22-00745,36910000,150000
R22-00746,94820000,300000
R22-00747,85900000,300000
R22-00748,103860000,300000
R22-00749,46080000,150000
R22-00750,22300000,60000
R22-00751,25790000,60000
R22-00752,71660000,300000
R22-00753,131840000,300000
R22-00754,63560000,150000
R22-00755,780000,0
R22-00756,13980000,40000
R22-00757,11330000,40000
R22-00758,4720000,0
R22-00759,93040000,300000
R22-00760,7280000,20000
R22-00761,43330000,150000
R22-00762,55130000,150000
R22-00763,8230000,20000
R22-00764,33600000,150000
R22-00765,82910000,300000
R22-00766,13660000,40000
R22-00767,34670000,150000
R22-00768,31520000,60000
R22-00769,28790000,60000
R22-00770,7560000,20000
R22-00771,32820000,60000
R22-00772,31300000,60000
R22-00773,23380000,60000
R22-00774,22210000,60000
R22-00775,132650000,300000
R22-00776,97330000,300000
R22-00777,41810000,150000
R22-00778,101140000,300000
R22-00779,1990000,0
R22-00780,3730000,0
R22-00781,51340000,150000
R22-00782,2890000,0
R22-00783,57840000,150000
R22-00784,21850000,60000
R22-00785,38260000,150000
R22-00786,34210000,150000
R22-00787,65200000,150000
R22-00788,61410000,150000
R22-00789,42950000,150000
R22-00790,63780000,150000
R22-00791,48310000,150000
R22-00792,22210000,60000
R22-00793,23730000,60000
R22-00794,23570000,60000
R22-00795,33270000,60000
R22-00796,12910000,40000
R22-00797,6170000,20000
R22-00798,23570000,60000
R22-00799,52530000,150000
R22-00800,82220000,300000
R22-00801,105000000,300000
R22-00802,12520000,40000
R22-00803,82360000,300000
R22-00804,35920000,150000
R22-00805,12490000,40000
R22-00806,32400000,60000
R22-00807,116370000,300000
R22-00808,21830000,60000
R22-00809,11950000,40000
R22-00810,23480000,60000
R22-00811,12690000,40000
R22-00812,81210000,300000
R22-00813,107050000,300000
R22-00814,23750000,60000
R22-00815,13420000,40000
R22-00816,91990000,300000
R22-00817,1020000,0
R22-00818,85760000,300000
R22-00819,35630000,150000
R22-00820,91880000,300000
R22-00821,102040000,300000
R22-00822,22640000,60000
R22-00823,92890000,300000
R22-00824,30870000,60000
R22-00825,80610000,300000
R22-00826,90580000,300000
R22-00827,141300000,600000
R22-00828,23050000,60000
R22-00829,80950000,300000
R22-00830,72660000,300000
R22-00831,22300000,60000
R22-00832,46230000,150000
R22-00833,97320000,300000
R22-00834,7500000,20000
R22-00835,64250000,150000
R22-00836,3390000,0
R22-00837,126010000,300000
R22-00838,32620000,60000
R22-00839,52840000,150000
R22-00840,85470000,300000
R22-00841,52650000,150000
R22-00842,33390000,150000
R22-00843,51760000,150000
R22-00844,105000000,300000
R22-00845,94190000,300000
R22-00846,34820000,150000
R22-00847,42700000,150000
R22-00848,26830000,60000
R22-00849,61460000,150000
R22-00850,67130000,300000
R22-00851,740000,0
R22-00852,35090000,150000
R22-00853,73280000,300000
R22-00854,43970000,150000
R22-00855,90950000,300000
R22-00856,33780000,150000
R22-00857,31060000,60000
R22-00858,22150000,60000
R22-00859,11410000,40000
R22-00860,106560000,300000
R22-00861,26170000,60000
R22-00862,16190000,40000
R22-00863,3650000,0
R22-00864,56210000,150000
R22-00865,15200000,40000
R22-00866,55920000,150000
R22-00867,52340000,150000
R22-00868,4890000,0
R22-00869,2770000,0
R22-00870,11280000,40000
R22-00871,2530000,0
R22-00872,52390000,150000
R22-00873,10610000,40000
R22-00874,45280000,150000
R22-00875,1170000,0
R22-00876,7140000,20000
R22-00877,11850000,40000
R22-00878,74560000,300000
R22-00879,3740000,0
R22-00880,65960000,150000
R22-00881,42450000,150000
R22-00882,27610000,60000
R22-00883,11200000,40000
R22-00884,32040000,60000
R22-00885,2940000,0
R22-00886,46510000,150000
R22-00887,41480000,150000
R22-00888,102100000,300000
R22-00889,32740000,60000
R22-00890,41790000,150000
R22-00891,71730000,300000
R22-00892,32960000,60000
R22-00893,24010000,60000
R22-00894,83370000,300000
R22-00895,82590000,300000
R22-00896,22600000,60000
R22-00897,110280000,300000
R22-00898,85400000,300000
R22-00899,32430000,60000
R22-00900,41790000,150000
R22-00901,12040000,40000
R22-00902,45330000,150000
R22-00903,20730000,60000
R22-00904,141730000,600000
R22-00905,32830000,60000
R22-00906,132340000,300000
R22-00907,34430000,150000
R22-00908,26120000,60000
R22-00909,1660000,0
R22-00910,43810000,150000
R22-00911,5970000,20000
R22-00912,152450000,600000
R22-00913,25040000,60000
R22-00914,56980000,150000
R22-00915,80640000,300000
R22-00916,42810000,150000
R22-00917,96170000,300000
R22-00918,12630000,40000
R22-00919,12080000,40000
R22-00920,34630000,150000
R22-00921,22170000,60000
R22-00922,102480000,300000
R22-00923,32570000,60000
R22-00924,34150000,150000
R22-00925,63180000,150000
R22-00926,21820000,60000
R22-00927,37600000,150000
R22-00928,33120000,60000
R22-00929,75270000,300000
R22-00930,7140000,20000
R22-00931,83330000,300000
R22-00932,64100000,150000
R22-00933,28790000,60000
R22-00934,24630000,60000
R22-00935,31670000,60000
R22-00936,56960000,150000
R22-00937,3970000,0
R22-00938,41680000,150000
R22-00939,61920000,150000
R22-00940,45880000,150000
R22-00941,82090000,300000
R22-00942,53370000,150000
R22-00943,35620000,150000
R22-00944,64620000,150000
R22-00945,25150000,60000
R22-00946,103340000,300000
R22-00947,5870000,20000
R22-00948,31070000,60000
R22-00949,3260000,0
R22-00950,83290000,300000
R22-00951,42430000,150000
R22-00952,95180000,300000
R22-00953,40550000,150000
R22-00954,73520000,300000
R22-00955,6620000,20000
R22-00956,1700000,0
R22-00957,43340000,150000
R22-00958,36820000,150000
R22-00959,14450000,40000
R22-00960,18930000,40000
R22-00961,33620000,150000
R22-00962,41480000,150000
R22-00963,73870000,300000
R22-00964,2460000,0
R22-00965,6550000,20000
R22-00966,62220000,150000
R22-00967,81230000,300000
R22-00968,86070000,300000
R22-00969,43210000,150000
R22-00970,75670000,300000
R22-00971,10720000,40000
R22-00972,33500000,150000
R22-00973,28960000,60000
R22-00974,3370000,0
R22-00975,73470000,300000
R22-00976,31630000,60000
R22-00977,6390000,20000
R22-00978,45890000,150000
R22-00979,73740000,300000
R22-00980,77090000,300000
R22-00981,105400000,300000
R22-00982,62060000,150000
R22-00983,81500000,300000
R22-00984,7200000,20000
R22-00985,75620000,300000
R22-00986,61120000,150000
R22-00987,42170000,150000
R22-00988,11230000,40000
R22-00989,61210000,150000
R22-00990,84770000,300000
R22-00991,52980000,150000
R22-00992,48440000,150000
R22-00993,12770000,40000
R22-00994,124700000,300000
R22-00995,71330000,300000
R22-00996,136590000,600000
R22-00997,6390000,20000
R22-00998,23690000,60000
R22-00999,95270000,300000
R22-01000,6300000,20000
R22-01001,8720000,20000
R22-01002,15860000,40000
R22-01003,5670000,20000
R22-01004,67650000,300000
R22-01005,68780000,300000
R22-01006,32600000,60000
R22-01007,52530000,150000
R22-01008,102330000,300000
R22-01009,80930000,300000
R22-01010,28300000,60000
R22-01011,43810000,150000
R22-01012,12860000,40000
R22-01013,18440000,40000
R22-01014,71290000,300000
R22-01015,81160000,300000
R22-01016,81950000,300000
R22-01017,65800000,150000
R22-01018,3350000,0
R22-01019,14300000,40000
R22-01020,35360000,150000
R22-01021,22140000,60000
R22-01022,63320000,150000
R22-01023,61180000,150000
R22-01024,80380000,300000
R22-01025,62670000,150000
R22-01026,13050000,40000
R22-01027,61270000,150000
R22-01028,71970000,300000
R22-01029,470000,0
R22-01030,46470000,150000
R22-01031,10410000,40000
R22-01032,114200000,300000
R22-01033,44720000,150000
R22-01034,15580000,40000
R22-01035,12160000,40000
R22-01036,24150000,60000
R22-01037,51350000,150000
R22-01038,15770000,40000
R22-01039,72110000,300000
R22-01040,54270000,150000
R22-01041,1030000,0
R22-01042,64830000,150000
R22-01043,116650000,300000
R22-01044,81670000,300000
R22-01045,52190000,150000
R22-01046,75650000,300000
R22-01047,63290000,150000
R22-01048,75400000,300000
R22-01049,6400000,20000
R22-01050,96500000,300000
R22-01051,4390000,0
R22-01052,64380000,150000
R22-01053,15390000,40000
R22-01054,72220000,300000
R22-01055,12060000,40000
R22-01056,16480000,40000
R22-01057,13310000,40000
R22-01058,41750000,150000
R22-01059,15350000,40000
R22-01060,3050000,0
R22-01061,32440000,60000
R22-01062,31130000,60000
R22-01063,76870000,300000
R22-01064,92090000,300000
R22-01065,90500000,300000
R22-01066,22740000,60000
R22-01067,87260000,300000
R22-01068,14330000,40000
R22-01069,41830000,150000
R22-01070,73730000,300000
R22-01071,2250000,0
R22-01072,23300000,60000
R22-01073,64550000,150000
R22-01074,114290000,300000
R22-01075,34830000,150000
R22-01076,61260000,150000
R22-01077,54330000,150000
R22-01078,43500000,150000
R22-01079,38810000,150000
R22-01080,79040000,300000
R22-01081,124050000,300000
R22-01082,12500000,40000
R22-01083,68110000,300000
R22-01084,63660000,150000
R22-01085,4720000,0
R22-01086,16380000,40000
R22-01087,76990000,300000
R22-01088,22140000,60000
R22-01089,41290000,150000
R22-01090,31530000,60000
R22-01091,1470000,0
R22-01092,95350000,300000
R22-01093,5060000,20000
R22-01094,51960000,150000
R22-01095,14280000,40000
R22-01096,62900000,150000
R22-01097,34630000,150000
R22-01098,42710000,150000
R22-01099,81940000,300000
R22-01100,43630000,150000
R22-01101,4420000,0
R22-01102,63290000,150000
R22-01103,68580000,300000
R22-01104,55190000,150000
R22-01105,10590000,40000
R22-01106,33590000,150000
R22-01107,12940000,40000
R22-01108,124830000,300000
R22-01109,34550000,150000
R22-01110,3120000,0
R22-01111,31290000,60000
R22-01112,32440000,60000
R22-01113,6320000,20000
R22-01114,25960000,60000
R22-01115,13560000,40000
R22-01116,103560000,300000
R22-01117,63950000,150000
R22-01118,23960000,60000
R22-01119,22140000,60000
R22-01120,2200000,0
R22-01121,104560000,300000
R22-01122,84590000,300000
R22-01123,72580000,300000
R22-01124,8020000,20000
R22-01125,76260000,300000
R22-01126,33630000,150000
R22-01127,41270000,150000
R22-01128,16880000,40000
R22-01129,25860000,60000
R22-01130,61760000,150000
R22-01131,82010000,300000
R22-01132,44710000,150000
R22-01133,3280000,0
R22-01134,45350000,150000
R22-01135,23350000,60000
R22-01136,2720000,0
R22-01137,32090000,60000
R22-01138,2470000,0
R22-01139,61680000,150000
R22-01140,42250000,150000
R22-01141,122580000,300000
R22-01142,35920000,150000
R22-01143,111190000,300000
R22-01144,28960000,60000
R22-01145,43210000,150000
R22-01146,580000,0
R22-01147,31540000,60000
R22-01148,91200000,300000
R22-01149,37350000,150000
R22-01150,26160000,60000
R22-01151,73730000,300000
R22-01152,103440000,300000
R22-01153,22160000,60000
R22-01154,23980000,60000
R22-01155,45680000,150000
R22-01156,25170000,60000
R22-01157,42150000,150000
R22-01158,56780000,150000
R22-01159,3850000,0
R22-01160,34060000,150000
R22-01161,5620000,20000
R22-01162,23460000,60000
R22-01163,26970000,60000
R22-01164,40890000,150000
R22-01165,34320000,150000
R22-01166,52230000,150000
R22-01167,29260000,60000
R22-01168,13470000,40000
R22-01169,63270000,150000
R22-01170,26370000,60000
R22-01171,52960000,150000
R22-01172,83190000,300000
R22-01173,60610000,150000
R22-01174,87580000,300000
R22-01175,62120000,150000
R22-01176,134890000,600000
R22-01177,104210000,300000
R22-01178,43750000,150000
R22-01179,64490000,150000
R22-01180,81840000,300000
R22-01181,46540000,150000
R22-01182,60600000,150000
R22-01183,91980000,300000
R22-01184,25420000,60000
R22-01185,53050000,150000
R22-01186,46960000,150000
R22-01187,22280000,60000
R22-01188,72920000,300000
R22-01189,23230000,60000
R22-01190,35220000,150000
R22-01191,42890000,150000
R22-01192,62690000,150000
R22-01193,45370000,150000
R22-01194,33170000,60000
R22-01195,41160000,150000
R22-01196,41600000,150000
R22-01197,43930000,150000
R22-01198,2930000,0
R22-01199,5320000,20000
R22-01200,12940000,40000
R22-01201,17410000,40000
R22-01202,62780000,150000
R22-01203,82850000,300000
R22-01204,42070000,150000
R22-01205,31010000,60000
R22-01206,41140000,150000
R22-01207,23350000,60000
R22-01208,21650000,60000
R22-01209,212790000,1000000
R22-01210,62110000,150000
R22-01211,11870000,40000
R22-01212,51100000,150000
R22-01213,3090000,0
R22-01214,14490000,40000
R22-01215,75250000,300000
R22-01216,92210000,300000
R22-01217,50820000,150000
R22-01218,77910000,300000
R22-01219,22430000,60000
R22-01220,101570000,300000
R22-01221,6360000,20000
R22-01222,43190000,150000
R22-01223,12270000,40000
R22-01224,36290000,150000
R22-01225,37720000,150000
R22-01226,2400000,0
R22-01227,18890000,40000
R22-01228,44060000,150000
R22-01229,8890000,20000
R22-01230,2500000,0
R22-01231,99010000,300000
R22-01232,25900000,60000
R22-01233,33010000,60000
R22-01234,4080000,0
R22-01235,3760000,0
R22-01236,102830000,300000
R22-01237,11490000,40000
R22-01238,61910000,150000
R22-01239,112480000,300000
R22-01240,62690000,150000
R22-01241,1840000,0
R22-01242,60840000,150000
R22-01243,51570000,150000
R22-01244,35760000,150000
R22-01245,45540000,150000
R22-01246,21140000,60000
R22-01247,63250000,150000
R22-01248,18290000,40000
R22-01249,63660000,150000
R22-01250,31930000,60000
R22-01251,34030000,150000
R22-01252,64600000,150000
R22-01253,72950000,300000
R22-01254,22840000,60000
R22-01255,42570000,150000
R22-01256,20510000,60000
R22-01257,65010000,150000
R22-01258,45040000,150000
R22-01259,4850000,0
R22-01260,14050000,40000
R22-01261,24690000,60000
R22-01262,44800000,150000
R22-01263,101090000,300000
R22-01264,45560000,150000
R22-01265,63150000,150000
R22-01266,104310000,300000
R22-01267,1150000,0
R22-01268,2280000,0
R22-01269,11670000,40000
R22-01270,4090000,0
R22-01271,2830000,0
R22-01272,61490000,150000
R22-01273,12920000,40000
R22-01274,15230000,40000
R22-01275,15640000,40000
R22-01276,54140000,150000
R22-01277,64330000,150000
R22-01278,71680000,300000
R22-01279,8660000,20000
R22-01280,85790000,300000
R22-01281,112300000,300000
R22-01282,24550000,60000
R22-01283,2510000,0
R22-01284,54970000,150000
R22-01285,62850000,150000
R22-01286,36900000,150000
R22-01287,33710000,150000
R22-01288,95900000,300000
R22-01289,76300000,300000
R22-01290,141170000,600000
R22-01291,33390000,150000
R22-01292,41140000,150000
R22-01293,11990000,40000
R22-01294,72360000,300000
R22-01295,51690000,150000
R22-01296,22370000,60000
R22-01297,75470000,300000
R22-01298,54160000,150000
R22-01299,21920000,60000
R22-01300,44320000,150000
R22-01301,72330000,300000
R22-01302,5500000,20000
R22-01303,3830000,0
R22-01304,63170000,150000
R22-01305,22570000,60000
R22-01306,21090000,60000
R22-01307,12430000,40000
R22-01308,2850000,0
R22-01309,113930000,300000
R22-01310,12680000,40000
R22-01311,11530000,40000
R22-01312,46340000,150000
R22-01313,43760000,150000
R22-01314,112390000,300000
R22-01315,63500000,150000
R22-01316,13550000,40000
R22-01317,105420000,300000
R22-01318,50760000,150000
R22-01319,17410000,40000
R22-01320,3960000,0
R22-01321,25640000,60000
R22-01322,58380000,150000
R22-01323,50660000,150000
R22-01324,60620000,150000
R22-01325,14510000,40000
R22-01326,41420000,150000
R22-01327,17520000,40000
R22-01328,145600000,600000
R22-01329,11620000,40000
R22-01330,65570000,150000
R22-01331,55760000,150000
R22-01332,41260000,150000
R22-01333,73130000,300000
R22-01334,44550000,150000
R22-01335,1610000,0
R22-01336,144760000,600000
R22-01337,890000,0
R22-01338,46850000,150000
R22-01339,98750000,300000
R22-01340,4830000,0
R22-01341,5590000,20000
R22-01342,24440000,60000
R22-01343,12530000,40000
R22-01344,30810000,60000
R22-01345,136710000,600000
R22-01346,12910000,40000
R22-01347,131960000,300000
R22-01348,15480000,40000
R22-01349,75830000,300000
R22-01350,48170000,150000
R22-01351,16490000,40000
R22-01352,82370000,300000
R22-01353,55490000,150000
R22-01354,54060000,150000
R22-01355,2620000,0
R22-01356,84590000,300000
R22-01357,2640000,0
R22-01358,7460000,20000
R22-01359,35540000,150000
R22-01360,37550000,150000
R22-01361,40760000,150000
R22-01362,13560000,40000
R22-01363,32410000,60000
R22-01364,66030000,150000
R22-01365,32950000,60000
R22-01366,3710000,0
R22-01367,13750000,40000
R22-01368,23270000,60000
R22-01369,47260000,150000
R22-01370,43780000,150000
R22-01371,62560000,150000
R22-01372,36730000,150000
R22-01373,33540000,150000
R22-01374,114710000,300000
R22-01375,42090000,150000
R22-01376,137050000,600000
R22-01377,22860000,60000
R22-01378,46580000,150000
R22-01379,67350000,300000
R22-01380,15350000,40000
R22-01381,32840000,60000
R22-01382,45200000,150000
R22-01383,33470000,150000
R22-01384,61830000,150000
R22-01385,41070000,150000
R22-01386,3970000,0
R22-01387,116080000,300000
R22-01388,36990000,150000
R22-01389,4690000,0
R22-01390,97160000,300000
R22-01391,13820000,40000
R22-01392,97830000,300000
R22-01393,42390000,150000
R22-01394,51990000,150000
R22-01395,57830000,150000
R22-01396,52510000,150000
R22-01397,17340000,40000
R22-01398,24030000,60000
R22-01399,4000000,0
R22-01400,4690000,0
R22-01401,30880000,60000
R22-01402,16170000,40000
R22-01403,39150000,150000
R22-01404,20870000,60000
R22-01405,32610000,60000
R22-01406,7160000,20000
R22-01407,32050000,60000
R22-01408,113580000,300000
R22-01409,64230000,150000
R22-01410,57000000,150000
R22-01411,112500000,300000
R22-01412,24380000,60000
R22-01413,22510000,60000
R22-01414,37680000,150000
R22-01415,1040000,0
R22-01416,13440000,40000
R22-01417,55640000,150000
R22-01418,33150000,60000
R22-01419,37740000,150000
R22-01420,2750000,0
R22-01421,2770000,0
R22-01422,68500000,300000
R22-01423,41840000,150000
R22-01424,11530000,40000
R22-01425,6490000,20000
R22-01426,15050000,40000
R22-01427,11010000,40000
R22-01428,42190000,150000
R22-01429,104060000,300000
R22-01430,51090000,150000
R22-01431,55980000,150000
R22-01432,43560000,150000
R22-01433,63320000,150000
R22-01434,17670000,40000
R22-01435,26470000,60000
R22-01436,42480000,150000
R22-01437,42530000,150000
R22-01438,26820000,60000
R22-01439,32350000,60000
R22-01440,25620000,60000
R22-01441,12900000,40000
R22-01442,36960000,150000
R22-01443,43700000,150000
R22-01444,28770000,60000
R22-01445,43200000,150000
R22-01446,94760000,300000
R22-01447,42600000,150000
R22-01448,114470000,300000
R22-01449,11540000,40000
R22-01450,24090000,60000
R22-01451,24490000,60000
R22-01452,97460000,300000
R22-01453,64420000,150000
R22-01454,22800000,60000
R22-01455,6910000,20000
R22-01456,70950000,300000
R22-01457,23460000,60000
R22-01458,13610000,40000
R22-01459,11590000,40000
R22-01460,83180000,300000
R22-01461,32540000,60000
R22-01462,48470000,150000
R22-01463,46660000,150000
R22-01464,22470000,60000
R22-01465,42130000,150000
R22-01466,32670000,60000
R22-01467,11400000,40000
R22-01468,43790000,150000
R22-01469,43260000,150000
R22-01470,13630000,40000
R22-01471,39440000,150000
R22-01472,46860000,150000
R22-01473,150000,0
R22-01474,2020000,0
R22-01475,47790000,150000
R22-01476,12320000,40000
R22-01477,103410000,300000
R22-01478,80940000,300000
R22-01479,4340000,0
R22-01480,36630000,150000
R22-01481,24180000,60000
R22-01482,5700000,20000
R22-01483,78360000,300000
R22-01484,52100000,150000
R22-01485,63030000,150000
R22-01486,1420000,0
R22-01487,151190000,600000
R22-01488,85590000,300000
R22-01489,52800000,150000
R22-01490,22790000,60000
R22-01491,23780000,60000
R22-01492,24470000,60000
R22-01493,61010000,150000
R22-01494,115700000,300000
R22-01495,15960000,40000
R22-01496,32710000,60000
R22-01497,89000000,300000
R22-01498,67080000,300000
R22-01499,62230000,150000
R22-01500,104610000,300000
R22-01501,94540000,300000
R22-01502,27110000,60000
R22-01503,4930000,0
R22-01504,47230000,150000
R22-01505,1980000,0
R22-01506,14250000,40000
R22-01507,40830000,150000
R22-01508,25550000,60000
R22-01509,480000,0
R22-01510,43840000,150000
R22-01511,33110000,60000
R22-01512,1040000,0
R22-01513,3760000,0
R22-01514,6110000,20000
R22-01515,42060000,150000
R22-01516,42080000,150000
R22-01517,53510000,150000
R22-01518,13030000,40000
R22-01519,11050000,40000
R22-01520,4110000,0
R22-01521,15310000,40000
R22-01522,65330000,150000
R22-01523,31610000,60000
R22-01524,48550000,150000
R22-01525,4160000,0
R22-01526,26470000,60000
R22-01527,58040000,150000
R22-01528,5010000,20000
R22-01529,71120000,300000
R22-01530,53540000,150000
R22-01531,2370000,0
R22-01532,60500000,150000
R22-01533,51040000,150000
R22-01534,92620000,300000
R22-01535,37600000,150000
R22-01536,109430000,300000
R22-01537,22650000,60000
R22-01538,51280000,150000
R22-01539,2700000,0
R22-01540,83250000,300000
R22-01541,36350000,150000
R22-01542,75890000,300000
R22-01543,85060000,300000
R22-01544,44970000,150000
R22-01545,47140000,150000
R22-01546,14200000,40000
R22-01547,53750000,150000
R22-01548,54810000,150000
R22-01549,32500000,60000
R22-01550,56070000,150000
R22-01551,62910000,150000
R22-01552,8430000,20000
R22-01553,64540000,150000
R22-01554,32790000,60000
R22-01555,152650000,600000
R22-01556,95680000,300000
R22-01557,15470000,40000
R22-01558,31840000,60000
R22-01559,36630000,150000
R22-01560,35620000,150000
R22-01561,44450000,150000
R22-01562,93840000,300000
R22-01563,3400000,0
R22-01564,71390000,300000
R22-01565,39190000,150000
R22-01566,6790000,20000
R22-01567,2960000,0
R22-01568,84560000,300000
R22-01569,25480000,60000
R22-01570,42980000,150000
R22-01571,23860000,60000
R22-01572,5410000,20000
R22-01573,37120000,150000
R22-01574,36910000,150000
R22-01575,46030000,150000
R22-01576,11550000,40000
R22-01577,41620000,150000
R22-01578,11380000,40000
R22-01579,3570000,0
R22-01580,3520000,0
R22-01581,12930000,40000
R22-01582,34670000,150000
R22-01583,68270000,300000
R22-01584,114370000,300000
R22-01585,53150000,150000
R22-01586,82920000,300000
R22-01587,13980000,40000
R22-01588,53260000,150000
R22-01589,82590000,300000
R22-01590,113970000,300000
R22-01591,73850000,300000
R22-01592,41210000,150000
R22-01593,72610000,300000
R22-01594,68480000,300000
R22-01595,18830000,40000
R22-01596,33960000,150000
R22-01597,44270000,150000
R22-01598,94120000,300000
R22-01599,32790000,60000
R22-01600,141460000,600000
R22-01601,23670000,60000
R22-01602,15060000,40000
R22-01603,25510000,60000
R22-01604,56240000,150000
R22-01605,42580000,150000
R22-01606,112690000,300000
R22-01607,44660000,150000
R22-01608,31780000,60000
R22-01609,62170000,150000
R22-01610,73080000,300000
R22-01611,6070000,20000
R22-01612,144460000,600000
R22-01613,52650000,150000
R22-01614,7980000,20000
R22-01615,11270000,40000
R22-01616,4460000,0
R22-01617,102820000,300000
R22-01618,65340000,150000
R22-01619,64830000,150000
R22-01620,28550000,60000
R22-01621,59140000,150000
R22-01622,510000,0
R22-01623,16250000,40000
R22-01624,40120000,150000
R22-01625,77070000,300000
R22-01626,61400000,150000
R22-01627,42250000,150000
R22-01628,72970000,300000
R22-01629,31560000,60000
R22-01630,31680000,60000
R22-01631,53890000,150000
R22-01632,73200000,300000
R22-01633,2580000,0
R22-01634,63430000,150000
R22-01635,32550000,60000
R22-01636,32640000,60000
R22-01637,8140000,20000
R22-01638,45590000,150000
R22-01639,51660000,150000
R22-01640,77830000,300000
R22-01641,15870000,40000
R22-01642,5440000,20000
R22-01643,43860000,150000
R22-01644,86650000,300000
R22-01645,14140000,40000
R22-01646,86760000,300000
R22-01647,85970000,300000
R22-01648,53520000,150000
R22-01649,22720000,60000
R22-01650,72170000,300000
R22-01651,23670000,60000
R22-01652,52200000,150000
R22-01653,7880000,20000
R22-01654,72780000,300000
R22-01655,13770000,40000
R22-01656,45610000,150000
R22-01657,21470000,60000
R22-01658,3970000,0
R22-01659,146700000,600000
R22-01660,51860000,150000
R22-01661,42620000,150000
R22-01662,31420000,60000
R22-01663,125180000,300000
R22-01664,11300000,40000
R22-01665,125370000,300000
R22-01666,70580000,300000
R22-01667,23900000,60000
R22-01668,71710000,300000
R22-01669,95430000,300000
R22-01670,73910000,300000
R22-01671,31920000,60000
R22-01672,95760000,300000
R22-01673,73480000,300000
R22-01674,33530000,150000
R22-01675,72540000,300000
R22-01676,13380000,40000
R22-01677,24180000,60000
R22-01678,43880000,150000
R22-01679,37680000,150000
R22-01680,24680000,60000
R22-01681,51620000,150000
R22-01682,27550000,60000
R22-01683,62120000,150000
R22-01684,95410000,300000
R22-01685,55650000,150000
R22-01686,46220000,150000
R22-01687,60380000,150000
R22-01688,42270000,150000
R22-01689,83310000,300000
R22-01690,74310000,300000
R22-01691,33600000,150000
R22-01692,13560000,40000
R22-01693,15840000,40000
R22-01694,41810000,150000
R22-01695,108020000,300000
R22-01696,32690000,60000
R22-01697,5090000,20000
R22-01698,11570000,40000
R22-01699,36260000,150000
R22-01700,90720000,300000
R22-01701,63650000,150000
R22-01702,16810000,40000
R22-01703,34960000,150000
R22-01704,122720000,300000
R22-01705,26020000,60000
R22-01706,33540000,150000
R22-01707,65270000,150000
R22-01708,87610000,300000
R22-01709,20810000,60000
R22-01710,2340000,0
R22-01711,4490000,0
R22-01712,90850000,300000
R22-01713,48970000,150000
R22-01714,5900000,20000
R22-01715,24950000,60000
R22-01716,62780000,150000
R22-01717,1080000,0
R22-01718,1480000,0
R22-01719,72630000,300000
R22-01720,96300000,300000
R22-01721,27730000,60000
R22-01722,39360000,150000
R22-01723,36830000,150000
R22-01724,35070000,150000
R22-01725,47710000,150000
R22-01726,3610000,0
R22-01727,34310000,150000
R22-01728,53490000,150000
R22-01729,10910000,40000
R22-01730,12240000,40000
R22-01731,82710000,300000
R22-01732,103700000,300000
R22-01733,25210000,60000
R22-01734,2190000,0
R22-01735,31620000,60000
R22-01736,22260000,60000
R22-01737,62900000,150000
R22-01738,26160000,60000
R22-01739,2670000,0
R22-01740,6410000,20000
R22-01741,122650000,300000
R22-01742,27200000,60000
R22-01743,10950000,40000
R22-01744,14520000,40000
R22-01745,92270000,300000
R22-01746,14830000,40000
R22-01747,60320000,150000
R22-01748,6820000,20000
R22-01749,175240000,600000
R22-01750,4160000,0
R22-01751,28850000,60000
R22-01752,53240000,150000
R22-01753,36070000,150000
R22-01754,6290000,20000
R22-01755,44810000,150000
R22-01756,17190000,40000
R22-01757,77770000,300000
R22-01758,40910000,150000
R22-01759,20740000,60000
R22-01760,6360000,20000
R22-01761,81490000,300000
R22-01762,36060000,150000
R22-01763,85590000,300000
R22-01764,62620000,150000
R22-01765,55510000,150000
R22-01766,66260000,150000
R22-01767,2530000,0
R22-01768,38370000,150000
R22-01769,21280000,60000
R22-01770,55100000,150000
R22-01771,10860000,40000
R22-01772,47690000,150000
R22-01773,36380000,150000
R22-01774,154930000,600000
R22-01775,38210000,150000
R22-01776,91990000,300000
R22-01777,57920000,150000
R22-01778,3130000,0
R22-01779,43820000,150000
R22-01780,27260000,60000
R22-01781,34970000,150000
R22-01782,39380000,150000
R22-01783,7680000,20000
R22-01784,10390000,40000
R22-01785,2810000,0
R22-01786,4510000,0
R22-01787,34440000,150000
R22-01788,13430000,40000
R22-01789,103420000,300000
R22-01790,14740000,40000
R22-01791,41960000,150000
R22-01792,73340000,300000
R22-01793,53320000,150000
R22-01794,63630000,150000
R22-01795,3590000,0
R22-01796,22730000,60000
R22-01797,37120000,150000
R22-01798,100330000,300000
R22-01799,44000000,150000
R22-01800,22750000,60000
R22-01801,34020000,150000
R22-01802,24840000,60000
R22-01803,85500000,300000
R22-01804,15380000,40000
R22-01805,4520000,0
R22-01806,71080000,300000
R22-01807,44910000,150000
R22-01808,11220000,40000
R22-01809,35510000,150000
R22-01810,76400000,300000
R22-01811,22790000,60000
R22-01812,43700000,150000
R22-01813,41190000,150000
R22-01814,27370000,60000
R22-01815,13630000,40000
R22-01816,3920000,0
R22-01817,24040000,60000
R22-01818,12650000,40000
R22-01819,14820000,40000
R22-01820,17160000,40000
R22-01821,32640000,60000
R22-01822,46110000,150000
R22-01823,35380000,150000
R22-01824,35770000,150000
R22-01825,82530000,300000
R22-01826,62450000,150000
R22-01827,43320000,150000
R22-01828,62240000,150000
R22-01829,83920000,300000
R22-01830,1720000,0
R22-01831,1990000,0
R22-01832,72760000,300000
R22-01833,5140000,20000
R22-01834,74330000,300000
R22-01835,8300000,20000
R22-01836,50700000,150000
R22-01837,7550000,20000
R22-01838,56610000,150000
R22-01839,51670000,150000
R22-01840,71980000,300000
R22-01841,50920000,150000
R22-01842,32120000,60000
R22-01843,66790000,300000
R22-01844,32420000,60000
R22-01845,98740000,300000
R22-01846,85230000,300000
R22-01847,23900000,60000
R22-01848,102730000,300000
R22-01849,11830000,40000
R22-01850,14650000,40000
R22-01851,35440000,150000
R22-01852,103980000,300000
R22-01853,73330000,300000
R22-01854,32260000,60000
R22-01855,82880000,300000
R22-01856,56470000,150000
R22-01857,74490000,300000
R22-01858,6730000,20000
R22-01859,7310000,20000
R22-01860,42830000,150000
R22-01861,56020000,150000
R22-01862,89010000,300000
R22-01863,27500000,60000
R22-01864,126530000,300000
R22-01865,61480000,150000
R22-01866,154680000,600000
R22-01867,3750000,0
R22-01868,234160000,1000000
R22-01869,1540000,0
R22-01870,64790000,150000
R22-01871,670000,0
R22-01872,24300000,60000
R22-01873,22370000,60000
R22-01874,72280000,300000
R22-01875,55720000,150000
R22-01876,115680000,300000
R22-01877,53480000,150000
R22-01878,91200000,300000
R22-01879,42230000,150000
R22-01880,1760000,0
R22-01881,52750000,150000
R22-01882,31890000,60000
R22-01883,2350000,0
R22-01884,21870000,60000
R22-01885,222720000,1000000
R22-01886,52900000,150000
R22-01887,51830000,150000
R22-01888,35230000,150000
R22-01889,33690000,150000
R22-01890,5410000,20000
R22-01891,33590000,150000
R22-01892,9110000,20000
R22-01893,31360000,60000
R22-01894,4910000,0
R22-01895,84220000,300000
R22-01896,105940000,300000
R22-01897,32590000,60000
R22-01898,44590000,150000
R22-01899,52380000,150000
R22-01900,95370000,300000
R22-01901,17870000,40000
R22-01902,41080000,150000
R22-01903,6200000,20000
R22-01904,22110000,60000
R22-01905,68350000,300000
R22-01906,13510000,40000
R22-01907,86750000,300000
R22-01908,71670000,300000
R22-01909,136940000,600000
R22-01910,1930000,0
R22-01911,27160000,60000
R22-01912,74350000,300000
R22-01913,1380000,0
R22-01914,7560000,20000
R22-01915,62350000,150000
R22-01916,3730000,0
R22-01917,24160000,60000
R22-01918,134840000,600000
R22-01919,33150000,60000
R22-01920,26470000,60000
R22-01921,92290000,300000
R22-01922,64910000,150000
R22-01923,41910000,150000
R22-01924,55010000,150000
R22-01925,31810000,60000
R22-01926,55320000,150000
R22-01927,96030000,300000
R22-01928,116900000,300000
R22-01929,66180000,150000
R22-01930,22790000,60000
R22-01931,75200000,300000
R22-01932,29180000,60000
R22-01933,61750000,150000
R22-01934,57070000,150000
R22-01935,55410000,150000
R22-01936,16980000,40000
R22-01937,61750000,150000
R22-01938,6280000,20000
R22-01939,15140000,40000
R22-01940,1590000,0
R22-01941,66220000,150000
R22-01942,53660000,150000
R22-01943,32220000,60000
R22-01944,2350000,0
R22-01945,42770000,150000
R22-01946,92770000,300000
R22-01947,16930000,40000
R22-01948,36500000,150000
R22-01949,14450000,40000
R22-01950,2780000,0
R22-01951,28650000,60000
R22-01952,16000000,40000
R22-01953,21960000,60000
R22-01954,11410000,40000
R22-01955,66610000,150000
R22-01956,6000000,20000
R22-01957,47800000,150000
R22-01958,102790000,300000
R22-01959,31560000,60000
R22-01960,13230000,40000
R22-01961,75110000,300000
R22-01962,60530000,150000
R22-01963,27530000,60000
R22-01964,36290000,150000
R22-01965,250000,0
R22-01966,46140000,150000
R22-01967,3660000,0
R22-01968,123730000,300000
R22-01969,13990000,40000
R22-01970,25720000,60000
R22-01971,35050000,150000
R22-01972,34400000,150000
R22-01973,21630000,60000
R22-01974,113770000,300000
R22-01975,1920000,0
R22-01976,43160000,150000
R22-01977,56960000,150000
R22-01978,63670000,150000
R22-01979,18840000,40000
R22-01980,146240000,600000
R22-01981,47420000,150000
R22-01982,1970000,0
R22-01983,46020000,150000
R22-01984,61770000,150000
R22-01985,52350000,150000
R22-01986,63440000,150000
R22-01987,3270000,0
R22-01988,67960000,300000
R22-01989,53580000,150000
R22-01990,28010000,60000
R22-01991,24830000,60000
R22-01992,61500000,150000
R22-01993,37850000,150000
R22-01994,7490000,20000
R22-01995,15510000,40000
R22-01996,33500000,150000
R22-01997,34290000,150000
R22-01998,59100000,150000
R22-01999,13910000,40000
R22-02000,23020000,60000
R22-02001,131610000,300000
R22-02002,56310000,150000
R22-02003,14370000,40000
R22-02004,54690000,150000
R22-02005,54640000,150000
R22-02006,20340000,60000
R22-02007,4600000,0
R22-02008,28160000,60000
R22-02009,33890000,150000
R22-02010,122480000,300000
R22-02011,62260000,150000
R22-02012,15610000,40000
R22-02013,22580000,60000
R22-02014,37890000,150000
R22-02015,94630000,300000
R22-02016,85400000,300000
R22-02017,20350000,60000
R22-02018,55850000,150000
R22-02019,13280000,40000
R22-02020,31930000,60000
R22-02021,1990000,0
R22-02022,43940000,150000
R22-02023,22480000,60000
R22-02024,13820000,40000
R22-02025,52750000,150000
R22-02026,64230000,150000
R22-02027,82500000,300000
R22-02028,21820000,60000
R22-02029,91610000,300000
R22-02030,34240000,150000
R22-02031,112200000,300000
R22-02032,22820000,60000
R22-02033,28290000,60000
R22-02034,2680000,0
R22-02035,51560000,150000
R22-02036,13270000,40000
R22-02037,84530000,300000
R22-02038,60690000,150000
R22-02039,53040000,150000
R22-02040,25910000,60000
R22-02041,45060000,150000
R22-02042,91370000,300000
R22-02043,14630000,40000
R22-02044,21140000,60000
R22-02045,94370000,300000
R22-02046,5090000,20000
R22-02047,1220000,0
R22-02048,37420000,150000
R22-02049,46610000,150000
R22-02050,7770000,20000
R22-02051,12450000,40000
R22-02052,37580000,150000
R22-02053,102600000,300000
R22-02054,5980000,20000
R22-02055,21280000,60000
R22-02056,2670000,0
R22-02057,74010000,300000
R22-02058,10330000,40000
R22-02059,32510000,60000
R22-02060,32920000,60000
R22-02061,5440000,20000
R22-02062,117760000,300000
R22-02063,14700000,40000
R22-02064,45180000,150000
R22-02065,22580000,60000
R22-02066,14460000,40000
R22-02067,24850000,60000
R22-02068,57160000,150000
R22-02069,105570000,300000
R22-02070,44400000,150000
R22-02071,153110000,600000
R22-02072,36160000,150000
R22-02073,30700000,60000
R22-02074,77130000,300000
R22-02075,32760000,60000
R22-02076,70820000,300000
R22-02077,4430000,0
R22-02078,53480000,150000
R22-02079,62400000,150000
R22-02080,60840000,150000
R22-02081,5560000,20000
R22-02082,31040000,60000
R22-02083,24840000,60000
R22-02084,4410000,0
R22-02085,76150000,300000
R22-02086,14440000,40000
R22-02087,47080000,150000
R22-02088,32410000,60000
R22-02089,67790000,300000
R22-02090,107090000,300000
R22-02091,40740000,150000
R22-02092,62210000,150000
R22-02093,14190000,40000
R22-02094,101130000,300000
R22-02095,83890000,300000
R22-02096,52270000,150000
R22-02097,23290000,60000
R22-02098,86060000,300000
R22-02099,135220000,600000
R22-02100,82420000,300000
R22-02101,32070000,60000
R22-02102,76490000,300000
R22-02103,85810000,300000
R22-02104,81290000,300000
R22-02105,82920000,300000
R22-02106,45720000,150000
R22-02107,62300000,150000
R22-02108,6620000,20000
R22-02109,65920000,150000
R22-02110,720000,0
R22-02111,10380000,40000
R22-02112,153530000,600000
R22-02113,96390000,300000
R22-02114,123030000,300000
R22-02115,13480000,40000
R22-02116,1850000,0
R22-02117,96920000,300000
R22-02118,36630000,150000
R22-02119,15120000,40000
R22-02120,36180000,150000
R22-02121,81850000,300000
R22-02122,55410000,150000
R22-02123,75480000,300000
R22-02124,27810000,60000
R22-02125,44730000,150000
R22-02126,46230000,150000
R22-02127,28260000,60000
R22-02128,35720000,150000
R22-02129,11210000,40000
R22-02130,122520000,300000
R22-02131,26330000,60000
R22-02132,57720000,150000
R22-02133,73110000,300000
R22-02134,14270000,40000
R22-02135,64110000,150000
R22-02136,5040000,20000
R22-02137,77320000,300000
R22-02138,43500000,150000
R22-02139,61610000,150000
R22-02140,45990000,150000
R22-02141,12550000,40000
R22-02142,56290000,150000
R22-02143,82010000,300000
R22-02144,3680000,0
R22-02145,88940000,300000
R22-02146,85320000,300000
R22-02147,16790000,40000
R22-02148,25660000,60000
R22-02149,14720000,40000
R22-02150,3080000,0
R22-02151,142210000,600000
R22-02152,84930000,300000
R22-02153,47890000,150000
R22-02154,66360000,150000
R22-02155,13890000,40000
R22-02156,91680000,300000
R22-02157,14520000,40000
R22-02158,15010000,40000
R22-02159,7830000,20000
R22-02160,11850000,40000
R22-02161,51930000,150000
R22-02162,3130000,0
R22-02163,120780000,300000
R22-02164,52190000,150000
R22-02165,33800000,150000
R22-02166,76210000,300000
R22-02167,30540000,60000
R22-02168,40630000,150000
R22-02169,67720000,300000
R22-02170,2590000,0
R22-02171,31610000,60000
R22-02172,36120000,150000
R22-02173,18240000,40000
R22-02174,72970000,300000
R22-02175,82680000,300000
R22-02176,32270000,60000
R22-02177,15900000,40000
R22-02178,3570000,0
R22-02179,23160000,60000
R22-02180,23890000,60000
R22-02181,104680000,300000
R22-02182,26580000,60000
R22-02183,32530000,60000
R22-02184,2800000,0
R22-02185,42380000,150000
R22-02186,41740000,150000
R22-02187,51670000,150000
R22-02188,36930000,150000
R22-02189,11880000,40000
R22-02190,23680000,60000
R22-02191,73320000,300000
R22-02192,7200000,20000
R22-02193,13370000,40000
R22-02194,60760000,150000
R22-02195,23500000,60000
R22-02196,10940000,40000
R22-02197,75110000,300000
R22-02198,21090000,60000
R22-02199,3040000,0
R22-02200,31940000,60000
R22-02201,22110000,60000
R22-02202,65210000,150000
R22-02203,142640000,600000
R22-02204,152700000,600000
R22-02205,75250000,300000
R22-02206,69610000,300000
R22-02207,37410000,150000
R22-02208,1150000,0
R22-02209,44060000,150000
R22-02210,36110000,150000
R22-02211,48230000,150000
R22-02212,81750000,300000
R22-02213,101170000,300000
R22-02214,5240000,20000
R22-02215,85860000,300000
R22-02216,21450000,60000
R22-02217,23440000,60000
R22-02218,13270000,40000
R22-02219,4520000,0
R22-02220,52030000,150000
R22-02221,146710000,600000
R22-02222,32190000,60000
R22-02223,27120000,60000
R22-02224,10660000,40000
R22-02225,31410000,60000
R22-02226,20930000,60000
R22-02227,51770000,150000
R22-02228,21380000,60000
R22-02229,95310000,300000
R22-02230,8410000,20000
R22-02231,144950000,600000
R22-02232,73650000,300000
R22-02233,4410000,0
R22-02234,2170000,0
R22-02235,3240000,0
R22-02236,53000000,150000
R22-02237,20700000,60000
R22-02238,13700000,40000
R22-02239,86370000,300000
R22-02240,25760000,60000
R22-02241,64370000,150000
R22-02242,84000000,300000
R22-02243,104530000,300000
R22-02244,34330000,150000
R22-02245,78200000,300000
R22-02246,131920000,300000
R22-02247,16040000,40000
R22-02248,6400000,20000
R22-02249,107440000,300000
R22-02250,106320000,300000
R22-02251,74370000,300000
R22-02252,5190000,20000
R22-02253,18090000,40000
R22-02254,25440000,60000
R22-02255,11980000,40000
R22-02256,82070000,300000
R22-02257,48050000,150000
R22-02258,12310000,40000
R22-02259,65720000,150000
R22-02260,101930000,300000
R22-02261,113260000,300000
R22-02262,23440000,60000
R22-02263,96870000,300000
R22-02264,34260000,150000
R22-02265,44480000,150000
R22-02266,34180000,150000
R22-02267,51790000,150000
R22-02268,21900000,60000
R22-02269,55200000,150000
R22-02270,33350000,150000
R22-02271,75920000,300000
R22-02272,25000000,60000
R22-02273,86340000,300000
R22-02274,82450000,300000
R22-02275,51800000,150000
R22-02276,890000,0
R22-02277,8620000,20000
R22-02278,3200000,0
R22-02279,5370000,20000
R22-02280,23890000,60000
R22-02281,32030000,60000
R22-02282,60420000,150000
R22-02283,5820000,20000
R22-02284,42500000,150000
R22-02285,44680000,150000
R22-02286,2160000,0
R22-02287,105030000,300000
R22-02288,610000,0
R22-02289,43340000,150000
R22-02290,41160000,150000
R22-02291,76900000,300000
R22-02292,97020000,300000
R22-02293,103080000,300000
R22-02294,65860000,150000
R22-02295,48290000,150000
R22-02296,33790000,150000
R22-02297,11890000,40000
R22-02298,58660000,150000
R22-02299,12700000,40000
R22-02300,54530000,150000
R22-02301,1040000,0
R22-02302,8910000,20000
R22-02303,42640000,150000
R22-02304,18320000,40000
R22-02305,78610000,300000
R22-02306,4970000,0
R22-02307,32950000,60000
R22-02308,45770000,150000
R22-02309,5350000,20000
R22-02310,15370000,40000
R22-02311,42370000,150000
R22-02312,47160000,150000
R22-02313,121030000,300000
R22-02314,43890000,150000
R22-02315,12520000,40000
R22-02316,123870000,300000
R22-02317,37420000,150000
R22-02318,7280000,20000
R22-02319,32970000,60000
R22-02320,55530000,150000
R22-02321,74780000,300000
R22-02322,34800000,150000
R22-02323,2740000,0
R22-02324,56870000,150000
R22-02325,35860000,150000
R22-02326,44410000,150000
R22-02327,30140000,60000
R22-02328,135610000,600000
R22-02329,102270000,300000
R22-02330,33210000,60000
R22-02331,36040000,150000
R22-02332,31910000,60000
R22-02333,16700000,40000
R22-02334,42240000,150000
R22-02335,10210000,40000
R22-02336,55430000,150000
R22-02337,2290000,0
R22-02338,4810000,0
R22-02339,21590000,60000
R22-02340,63010000,150000
R22-02341,44420000,150000
R22-02342,3890000,0
R22-02343,27410000,60000
R22-02344,22670000,60000
R22-02345,112130000,300000
R22-02346,51470000,150000
R22-02347,65210000,150000
R22-02348,92080000,300000
R22-02349,81020000,300000
R22-02350,23940000,60000
R22-02351,112350000,300000
R22-02352,26590000,60000
R22-02353,14900000,40000
R22-02354,35220000,150000
R22-02355,4740000,0
R22-02356,21520000,60000
R22-02357,56080000,150000
R22-02358,37620000,150000
R22-02359,23050000,60000
R22-02360,62030000,150000
R22-02361,24190000,60000
R22-02362,30180000,60000
R22-02363,65910000,150000
R22-02364,3530000,0
R22-02365,61390000,150000
R22-02366,6840000,20000
R22-02367,32060000,60000
R22-02368,51330000,150000
R22-02369,6180000,20000
R22-02370,92650000,300000
R22-02371,51360000,150000
R22-02372,51070000,150000
R22-02373,34260000,150000
R22-02374,64600000,150000
R22-02375,3350000,0
R22-02376,26530000,60000
R22-02377,1210000,0
R22-02378,21370000,60000
R22-02379,88160000,300000
R22-02380,44780000,150000
R22-02381,21540000,60000
R22-02382,63950000,150000
R22-02383,96530000,300000
R22-02384,65680000,150000
R22-02385,43430000,150000
R22-02386,11800000,40000
R22-02387,24160000,60000
R22-02388,3130000,0
R22-02389,44250000,150000
R22-02390,84690000,300000
R22-02391,61260000,150000
R22-02392,38260000,150000
R22-02393,51580000,150000
R22-02394,32930000,60000
R22-02395,65570000,150000
R22-02396,61100000,150000
R22-02397,23950000,60000
R22-02398,5430000,20000
R22-02399,66980000,300000
R22-02400,72140000,300000
R22-02401,73910000,300000
R22-02402,50210000,150000
R22-02403,143670000,600000
R22-02404,23670000,60000
R22-02405,62960000,150000
R22-02406,62270000,150000
R22-02407,63930000,150000
R22-02408,44620000,150000
R22-02409,46800000,150000
R22-02410,37800000,150000
R22-02411,19740000,40000
R22-02412,42040000,150000
R22-02413,2170000,0
R22-02414,113300000,300000
R22-02415,101870000,300000
R22-02416,72440000,300000
R22-02417,62340000,150000
R22-02418,22870000,60000
R22-02419,2080000,0
R22-02420,21430000,60000
R22-02421,31940000,60000
R22-02422,23730000,60000
R22-02423,52830000,150000
R22-02424,15180000,40000
R22-02425,32730000,60000
R22-02426,11360000,40000
R22-02427,5910000,20000
R22-02428,63380000,150000
R22-02429,95490000,300000
R22-02430,66990000,300000
R22-02431,33990000,150000
R22-02432,45760000,150000
R22-02433,21870000,60000
R22-02434,74800000,300000
R22-02435,6550000,20000
R22-02436,16510000,40000
R22-02437,43740000,150000
R22-02438,32340000,60000
R22-02439,136930000,600000
R22-02440,43030000,150000
R22-02441,3240000,0
R22-02442,1360000,0
R22-02443,72880000,300000
R22-02444,46410000,150000
R22-02445,11820000,40000
R22-02446,37580000,150000
R22-02447,31890000,60000
R22-02448,53300000,150000
R22-02449,31500000,60000
R22-02450,51850000,150000
R22-02451,96290000,300000
R22-02452,24650000,60000
R22-02453,55100000,150000
R22-02454,117140000,300000
R22-02455,52660000,150000
R22-02456,46370000,150000
R22-02457,74850000,300000
R22-02458,50960000,150000
R22-02459,31780000,60000
R22-02460,14740000,40000
R22-02461,71870000,300000
R22-02462,12300000,40000
R22-02463,130540000,300000
R22-02464,23950000,60000
R22-02465,53200000,150000
R22-02466,53590000,150000
R22-02467,72970000,300000
R22-02468,25080000,60000
R22-02469,27590000,60000
R22-02470,43420000,150000
R22-02471,45820000,150000
R22-02472,12640000,40000
R22-02473,63550000,150000
R22-02474,37060000,150000
R22-02475,80340000,300000
R22-02476,14770000,40000
R22-02477,33200000,60000
R22-02478,68120000,300000
R22-02479,41350000,150000
R22-02480,13260000,40000
R22-02481,41340000,150000
R22-02482,71270000,300000
R22-02483,53230000,150000
R22-02484,23330000,60000
R22-02485,16860000,40000
R22-02486,63980000,150000
R22-02487,2110000,0
R22-02488,55440000,150000
R22-02489,26800000,60000
R22-02490,32230000,60000
R22-02491,32520000,60000
R22-02492,3060000,0
R22-02493,72000000,300000
R22-02494,54820000,150000
R22-02495,56190000,150000
R22-02496,1450000,0
R22-02497,20970000,60000
R22-02498,22670000,60000
R22-02499,21280000,60000
R22-02500,95490000,300000
R22-02501,1610000,0
R22-02502,35630000,150000
R22-02503,13010000,40000
R22-02504,33760000,150000
R22-02505,67010000,300000
R22-02506,101750000,300000
R22-02507,105410000,300000
R22-02508,90950000,300000
R22-02509,74670000,300000
R22-02510,71540000,300000
R22-02511,101080000,300000
R22-02512,27800000,60000
R22-02513,42780000,150000
R22-02514,46380000,150000
R22-02515,20980000,60000
R22-02516,27200000,60000
R22-02517,72150000,300000
R22-02518,112310000,300000
R22-02519,9410000,20000
R22-02520,81920000,300000
R22-02521,3760000,0
R22-02522,45260000,150000
R22-02523,72340000,300000
R22-02524,44080000,150000
R22-02525,35060000,150000
R22-02526,20920000,60000
R22-02527,73350000,300000
R22-02528,82940000,300000
R22-02529,41870000,150000
R22-02530,40630000,150000
R22-02531,108480000,300000
R22-02532,67620000,300000
R22-02533,89000000,300000
R22-02534,115100000,300000
R22-02535,51410000,150000
R22-02536,94810000,300000
R22-02537,55810000,150000
R22-02538,33080000,60000
R22-02539,13350000,40000
R22-02540,53110000,150000
R22-02541,40890000,150000
R22-02542,73110000,300000
R22-02543,12220000,40000
R22-02544,96020000,300000
R22-02545,67360000,300000
R22-02546,7560000,20000
R22-02547,23800000,60000
R22-02548,65510000,150000
R22-02549,77660000,300000
R22-02550,38430000,150000
R22-02551,72490000,300000
R22-02552,48560000,150000
R22-02553,22720000,60000
R22-02554,40130000,150000
R22-02555,84920000,300000
R22-02556,14910000,40000
R22-02557,35330000,150000
R22-02558,14650000,40000
R22-02559,30180000,60000
R22-02560,58180000,150000
R22-02561,12100000,40000
R22-02562,4250000,0
R22-02563,30640000,60000
R22-02564,41240000,150000
R22-02565,73390000,300000
R22-02566,15840000,40000
R22-02567,66680000,300000
R22-02568,2220000,0
R22-02569,70650000,300000
R22-02570,12930000,40000
R22-02571,21420000,60000
R22-02572,51480000,150000
R22-02573,53230000,150000
R22-02574,34550000,150000
R22-02575,32530000,60000
R22-02576,28570000,60000
R22-02577,10240000,40000
R22-02578,101490000,300000
R22-02579,42200000,150000
R22-02580,26480000,60000
R22-02581,2930000,0
R22-02582,62490000,150000
R22-02583,20240000,60000
R22-02584,60800000,150000
R22-02585,45160000,150000
R22-02586,28840000,60000
R22-02587,91770000,300000
R22-02588,46370000,150000
R22-02589,82120000,300000
R22-02590,72730000,300000
R22-02591,42360000,150000
R22-02592,82610000,300000
R22-02593,41800000,150000
R22-02594,27500000,60000
R22-02595,75160000,300000
R22-02596,91880000,300000
R22-02597,95350000,300000
R22-02598,2340000,0
R22-02599,25960000,60000
R22-02600,52290000,150000
R22-02601,138590000,600000
R22-02602,36620000,150000
R22-02603,104230000,300000
R22-02604,82320000,300000
R22-02605,32520000,60000
R22-02606,11780000,40000
R22-02607,35290000,150000
R22-02608,60470000,150000
R22-02609,62430000,150000
R22-02610,136910000,600000
R22-02611,53630000,150000
R22-02612,1630000,0
R22-02613,63980000,150000
R22-02614,100190000,300000
R22-02615,61100000,150000
R22-02616,61840000,150000
R22-02617,56500000,150000
R22-02618,13620000,40000
R22-02619,2660000,0
R22-02620,48980000,150000
R22-02621,63330000,150000
R22-02622,3040000,0
R22-02623,92670000,300000
R22-02624,14030000,40000
R22-02625,21780000,60000
R22-02626,13460000,40000
R22-02627,77910000,300000
R22-02628,11930000,40000
R22-02629,72580000,300000
R22-02630,39530000,150000
R22-02631,2000000,0
R22-02632,122060000,300000
R22-02633,21040000,60000
R22-02634,21080000,60000
R22-02635,25260000,60000
R22-02636,3750000,0
R22-02637,76930000,300000
R22-02638,6140000,20000
R22-02639,26290000,60000
R22-02640,74960000,300000
R22-02641,53140000,150000
R22-02642,42310000,150000
R22-02643,2110000,0
R22-02644,5590000,20000
R22-02645,67850000,300000
R22-02646,81540000,300000
R22-02647,42710000,150000
R22-02648,42550000,150000
R22-02649,36420000,150000
R22-02650,44710000,150000
R22-02651,46340000,150000
R22-02652,23960000,60000
R22-02653,6820000,20000
R22-02654,4250000,0
R22-02655,1450000,0
R22-02656,22100000,60000
R22-02657,93630000,300000
R22-02658,59070000,150000
R22-02659,63600000,150000
R22-02660,1860000,0
R22-02661,42970000,150000
R22-02662,115470000,300000
R22-02663,101170000,300000
R22-02664,32510000,60000
R22-02665,7420000,20000
R22-02666,44150000,150000
R22-02667,34960000,150000
R22-02668,2400000,0
R22-02669,35630000,150000
R22-02670,48000000,150000
R22-02671,33670000,150000
R22-02672,63490000,150000
R22-02673,4560000,0
R22-02674,34440000,150000
R22-02675,72270000,300000
R22-02676,23280000,60000
R22-02677,21660000,60000
R22-02678,37540000,150000
R22-02679,74870000,300000
R22-02680,38790000,150000
R22-02681,11970000,40000
R22-02682,9000000,20000
R22-02683,3130000,0
R22-02684,1390000,0
R22-02685,35480000,150000
R22-02686,16410000,40000
R22-02687,1050000,0
R22-02688,113620000,300000
R22-02689,43550000,150000
R22-02690,67550000,300000
R22-02691,54830000,150000
R22-02692,5860000,20000
R22-02693,22000000,60000
R22-02694,62420000,150000
R22-02695,76390000,300000
R22-02696,54370000,150000
R22-02697,12500000,40000
R22-02698,106190000,300000
R22-02699,52340000,150000
R22-02700,134720000,600000
R22-02701,12270000,40000
R22-02702,50820000,150000
R22-02703,174500000,600000
R22-02704,112250000,300000
R22-02705,31540000,60000
R22-02706,36780000,150000
R22-02707,56940000,150000
R22-02708,25840000,60000
R22-02709,14800000,40000
R22-02710,81150000,300000
R22-02711,93510000,300000
R22-02712,71730000,300000
R22-02713,35810000,150000
R22-02714,17620000,40000
R22-02715,2870000,0
R22-02716,92880000,300000
R22-02717,44040000,150000
R22-02718,81650000,300000
R22-02719,88070000,300000
R22-02720,91150000,300000
R22-02721,53780000,150000
R22-02722,12950000,40000
R22-02723,42400000,150000
R22-02724,24570000,60000
R22-02725,92430000,300000
R22-02726,35320000,150000
R22-02727,880000,0
R22-02728,84960000,300000
R22-02729,1860000,0
R22-02730,20880000,60000
R22-02731,22720000,60000
R22-02732,84790000,300000
R22-02733,44490000,150000
R22-02734,53070000,150000
R22-02735,85020000,300000
R22-02736,84510000,300000
R22-02737,46190000,150000
R22-02738,4110000,0
R22-02739,68220000,300000
R22-02740,2570000,0
R22-02741,41780000,150000
R22-02742,24910000,60000
R22-02743,5890000,20000
R22-02744,51360000,150000
R22-02745,18750000,40000
R22-02746,12020000,40000
R22-02747,13850000,40000
R22-02748,92170000,300000
R22-02749,73080000,300000
R22-02750,5110000,20000
R22-02751,62220000,150000
R22-02752,58100000,150000
R22-02753,45400000,150000
R22-02754,41110000,150000
R22-02755,37670000,150000
R22-02756,5370000,20000
R22-02757,35420000,150000
R22-02758,54600000,150000
R22-02759,27070000,60000
R22-02760,35250000,150000
R22-02761,48830000,150000
R22-02762,2660000,0
R22-02763,5860000,20000
R22-02764,61460000,150000
R22-02765,66180000,150000
R22-02766,83690000,300000
R22-02767,86940000,300000
R22-02768,43960000,150000
R22-02769,1840000,0
R22-02770,38410000,150000
R22-02771,5250000,20000
R22-02772,74840000,300000
R22-02773,50820000,150000
R22-02774,62710000,150000
R22-02775,63730000,150000
R22-02776,11180000,40000
R22-02777,87540000,300000
R22-02778,56210000,150000
R22-02779,16600000,40000
R22-02780,15660000,40000
R22-02781,3620000,0
R22-02782,74750000,300000
R22-02783,54170000,150000
R22-02784,24720000,60000
R22-02785,34800000,150000
R22-02786,37330000,150000
R22-02787,23050000,60000
R22-02788,92430000,300000
R22-02789,58890000,150000
R22-02790,43370000,150000
R22-02791,2630000,0
R22-02792,28320000,60000
R22-02793,33730000,150000
R22-02794,2830000,0
R22-02795,15310000,40000
R22-02796,21980000,60000
R22-02797,15730000,40000
R22-02798,11100000,40000
R22-02799,55720000,150000
R22-02800,64080000,150000
R22-02801,1540000,0
R22-02802,25170000,60000
R22-02803,15370000,40000
R22-02804,33350000,150000
R22-02805,10310000,40000
R22-02806,26030000,60000
R22-02807,74180000,300000
R22-02808,95570000,300000
R22-02809,6790000,20000
R22-02810,21570000,60000
R22-02811,37010000,150000
R22-02812,5720000,20000
R22-02813,105350000,300000
R22-02814,36620000,150000
R22-02815,26050000,60000
R22-02816,2980000,0
R22-02817,64540000,150000
R22-02818,64160000,150000
R22-02819,47300000,150000
R22-02820,76200000,300000
R22-02821,40760000,150000
R22-02822,12760000,40000
R22-02823,74700000,300000
R22-02824,14560000,40000
R22-02825,13500000,40000
R22-02826,46070000,150000
R22-02827,77340000,300000
R22-02828,62800000,150000
R22-02829,35320000,150000
R22-02830,12720000,40000
R22-02831,21670000,60000
R22-02832,2270000,0
R22-02833,12790000,40000
R22-02834,2480000,0
R22-02835,72650000,300000
R22-02836,41100000,150000
R22-02837,44620000,150000
R22-02838,83030000,300000
R22-02839,4900000,0
R22-02840,85040000,300000
R22-02841,31830000,60000
R22-02842,12040000,40000
R22-02843,70720000,300000
R22-02844,4650000,0
R22-02845,134490000,600000
R22-02846,30770000,60000
R22-02847,22920000,60000
R22-02848,37750000,150000
R22-02849,17680000,40000
R22-02850,53090000,150000
R22-02851,42890000,150000
R22-02852,37440000,150000
R22-02853,51320000,150000
R22-02854,46290000,150000
R22-02855,2240000,0
R22-02856,67510000,300000
R22-02857,47980000,150000
R22-02858,45710000,150000
R22-02859,95220000,300000
R22-02860,1640000,0
R22-02861,52580000,150000
R22-02862,4260000,0
R22-02863,12780000,40000
R22-02864,32460000,60000
R22-02865,77500000,300000
R22-02866,6570000,20000
R22-02867,63670000,150000
R22-02868,18780000,40000
R22-02869,154240000,600000
R22-02870,11750000,40000
R22-02871,15900000,40000
R22-02872,65650000,150000
R22-02873,50960000,150000
R22-02874,35780000,150000
R22-02875,85590000,300000
R22-02876,76030000,300000
R22-02877,12320000,40000
R22-02878,13590000,40000
R22-02879,35670000,150000
R22-02880,78800000,300000
R22-02881,32140000,60000
R22-02882,2120000,0
R22-02883,62550000,150000
R22-02884,2000000,0
R22-02885,66610000,150000
R22-02886,63560000,150000
R22-02887,14300000,40000
R22-02888,4210000,0
R22-02889,85020000,300000
R22-02890,91010000,300000
R22-02891,28830000,60000
R22-02892,33130000,60000
R22-02893,2760000,0
R22-02894,12630000,40000
R22-02895,1180000,0
R22-02896,390000,0
R22-02897,4430000,0
R22-02898,24700000,60000
R22-02899,1740000,0
R22-02900,78450000,300000
R22-02901,65000000,150000
R22-02902,21960000,60000
R22-02903,35100000,150000
R22-02904,38680000,150000
R22-02905,14050000,40000
R22-02906,42540000,150000
R22-02907,32680000,60000
R22-02908,61160000,150000
R22-02909,104860000,300000
R22-02910,53490000,150000
R22-02911,27210000,60000
R22-02912,105930000,300000
R22-02913,3690000,0
R22-02914,36250000,150000
R22-02915,1850000,0
R22-02916,13170000,40000
R22-02917,45890000,150000
R22-02918,17190000,40000
R22-02919,33710000,150000
R22-02920,25970000,60000
R22-02921,65650000,150000
R22-02922,3650000,0
R22-02923,134320000,600000
R22-02924,72160000,300000
R22-02925,64000000,150000
R22-02926,27730000,60000
R22-02927,71560000,300000
R22-02928,1830000,0
R22-02929,53290000,150000
R22-02930,41370000,150000
R22-02931,22100000,60000
R22-02932,24260000,60000
R22-02933,92130000,300000
R22-02934,32820000,60000
R22-02935,15230000,40000
R22-02936,100290000,300000
R22-02937,76670000,300000
R22-02938,20280000,60000
R22-02939,122630000,300000
R22-02940,24860000,60000
R22-02941,28630000,60000
R22-02942,112230000,300000
R22-02943,2220000,0
R22-02944,72820000,300000
R22-02945,80790000,300000
R22-02946,12810000,40000
R22-02947,64640000,150000
R22-02948,1350000,0
R22-02949,7480000,20000
R22-02950,63930000,150000
R22-02951,3390000,0
R22-02952,53100000,150000
R22-02953,93150000,300000
R22-02954,4110000,0
R22-02955,1870000,0
R22-02956,51990000,150000
R22-02957,3820000,0
R22-02958,146380000,600000
R22-02959,4420000,0
R22-02960,4650000,0
R22-02961,20470000,60000
R22-02962,18080000,40000
R22-02963,36570000,150000
R22-02964,103350000,300000
R22-02965,16760000,40000
R22-02966,25540000,60000
R22-02967,37430000,150000
R22-02968,142770000,600000
R22-02969,72940000,300000
R22-02970,54690000,150000
R22-02971,56200000,150000
R22-02972,24200000,60000
R22-02973,12630000,40000
R22-02974,4330000,0
R22-02975,65220000,150000
R22-02976,8850000,20000
R22-02977,13550000,40000
R22-02978,7380000,20000
R22-02979,21190000,60000
R22-02980,2990000,0
R22-02981,131340000,300000
R22-02982,36540000,150000
R22-02983,54000000,150000
R22-02984,4620000,0
R22-02985,72400000,300000
R22-02986,93420000,300000
R22-02987,37560000,150000
R22-02988,21150000,60000
R22-02989,83540000,300000
R22-02990,54220000,150000
R22-02991,141660000,600000
R22-02992,12140000,40000
R22-02993,3030000,0
R22-02994,22940000,60000
R22-02995,104230000,300000
R22-02996,53430000,150000
R22-02997,61480000,150000
R22-02998,36330000,150000
R22-02999,35110000,150000
R22-03000,63290000,150000
R22-03001,60780000,150000
R22-03002,57150000,150000
R22-03003,15010000,40000
R22-03004,111330000,300000
R22-03005,76410000,300000
R22-03006,67690000,300000
R22-03007,34650000,150000
R22-03008,46950000,150000
R22-03009,76710000,300000
R22-03010,10710000,40000
R22-03011,52770000,150000
R22-03012,10910000,40000
R22-03013,20410000,60000
R22-03014,31720000,60000
R22-03015,34880000,150000
R22-03016,4070000,0
R22-03017,43230000,150000
R22-03018,15780000,40000
R22-03019,62250000,150000
R22-03020,14830000,40000
R22-03021,23970000,60000
R22-03022,57240000,150000
R22-03023,43280000,150000
R22-03024,10300000,40000
R22-03025,62370000,150000
R22-03026,37420000,150000
R22-03027,2650000,0
R22-03028,22240000,60000
R22-03029,28720000,60000
R22-03030,114350000,300000
R22-03031,81830000,300000
R22-03032,41430000,150000
R22-03033,87930000,300000
R22-03034,35640000,150000
R22-03035,46140000,150000
R22-03036,42790000,150000
R22-03037,30440000,60000
R22-03038,21580000,60000
R22-03039,24340000,60000
R22-03040,4270000,0
R22-03041,79120000,300000
R22-03042,93680000,300000
R22-03043,18340000,40000
R22-03044,37250000,150000
R22-03045,11870000,40000
R22-03046,31140000,60000
R22-03047,44560000,150000
R22-03048,91130000,300000
R22-03049,54150000,150000
R22-03050,24450000,60000
R22-03051,30790000,60000
R22-03052,47690000,150000
R22-03053,9480000,20000
R22-03054,22540000,60000
R22-03055,34280000,150000
R22-03056,55980000,150000
R22-03057,19020000,40000
R22-03058,11760000,40000
R22-03059,82520000,300000
R22-03060,14910000,40000
R22-03061,42200000,150000
R22-03062,1810000,0
R22-03063,82830000,300000
R22-03064,54460000,150000
R22-03065,1760000,0
R22-03066,13830000,40000
R22-03067,21920000,60000
R22-03068,6860000,20000
R22-03069,12780000,40000
R22-03070,45580000,150000
R22-03071,71330000,300000
R22-03072,53950000,150000
R22-03073,13810000,40000
R22-03074,54800000,150000
R22-03075,16060000,40000
R22-03076,24020000,60000
R22-03077,2520000,0
R22-03078,5610000,20000
R22-03079,117910000,300000
R22-03080,21430000,60000
R22-03081,23790000,60000
R22-03082,21330000,60000
R22-03083,87390000,300000
R22-03084,111500000,300000
R22-03085,51280000,150000
R22-03086,22170000,60000
R22-03087,3600000,0
R22-03088,114930000,300000
R22-03089,57820000,150000
R22-03090,7630000,20000
R22-03091,66540000,150000
R22-03092,6460000,20000
R22-03093,2060000,0
R22-03094,32900000,60000
R22-03095,64390000,150000
R22-03096,102250000,300000
R22-03097,66580000,150000
R22-03098,3410000,0
R22-03099,7160000,20000
R22-03100,31980000,60000
R22-03101,55230000,150000
R22-03102,75590000,300000
R22-03103,66910000,300000
R22-03104,53760000,150000
R22-03105,1450000,0
R22-03106,11540000,40000
R22-03107,2350000,0
R22-03108,36460000,150000
R22-03109,4430000,0
R22-03110,33420000,150000
R22-03111,64000000,150000
R22-03112,23430000,60000
R22-03113,810000,0
R22-03114,41150000,150000
R22-03115,11920000,40000
R22-03116,53700000,150000
R22-03117,1040000,0
R22-03118,82660000,300000
R22-03119,34740000,150000
R22-03120,28230000,60000
R22-03121,82520000,300000
R22-03122,41920000,150000
R22-03123,60690000,150000
R22-03124,57000000,150000
R22-03125,42430000,150000
R22-03126,46870000,150000
R22-03127,18840000,40000
R22-03128,33060000,60000
R22-03129,91220000,300000
R22-03130,103820000,300000
R22-03131,8550000,20000
R22-03132,22720000,60000
R22-03133,18290000,40000
R22-03134,104200000,300000
R22-03135,83030000,300000
R22-03136,24170000,60000
R22-03137,73750000,300000
R22-03138,45040000,150000
R22-03139,66250000,150000
R22-03140,22150000,60000
R22-03141,32430000,60000
R22-03142,62360000,150000
R22-03143,107240000,300000
R22-03144,65540000,150000
R22-03145,51390000,150000
R22-03146,18130000,40000
R22-03147,12060000,40000
R22-03148,110770000,300000
R22-03149,80430000,300000
R22-03150,35240000,150000
R22-03151,24860000,60000
R22-03152,19050000,40000
R22-03153,42860000,150000
R22-03154,78650000,300000
R22-03155,15810000,40000
R22-03156,1870000,0
R22-03157,11200000,40000
R22-03158,95580000,300000
R22-03159,114100000,300000
R22-03160,23240000,60000
R22-03161,56710000,150000
R22-03162,6160000,20000
R22-03163,51930000,150000
R22-03164,42850000,150000
R22-03165,50840000,150000
R22-03166,41130000,150000
R22-03167,63920000,150000
R22-03168,22300000,60000
R22-03169,30980000,60000
R22-03170,9000000,20000
R22-03171,23240000,60000
R22-03172,4860000,0
R22-03173,22650000,60000
R22-03174,22010000,60000
R22-03175,22730000,60000
R22-03176,52980000,150000
R22-03177,2820000,0
R22-03178,35010000,150000
R22-03179,12440000,40000
R22-03180,52470000,150000
R22-03181,41360000,150000
R22-03182,84540000,300000
R22-03183,36220000,150000
R22-03184,13120000,40000
R22-03185,16420000,40000
R22-03186,6890000,20000
R22-03187,84450000,300000
R22-03188,85570000,300000
R22-03189,42730000,150000
R22-03190,12170000,40000
R22-03191,23720000,60000
R22-03192,114410000,300000
R22-03193,8560000,20000
R22-03194,22930000,60000
R22-03195,76530000,300000
R22-03196,31880000,60000
R22-03197,64120000,150000
R22-03198,25470000,60000
R22-03199,33600000,150000
R22-03200,12240000,40000
R22-03201,34830000,150000
R22-03202,31850000,60000
R22-03203,53380000,150000
R22-03204,25220000,60000
R22-03205,63840000,150000
R22-03206,3350000,0
R22-03207,28480000,60000
R22-03208,66970000,300000
R22-03209,45960000,150000
R22-03210,62080000,150000
R22-03211,74750000,300000
R22-03212,23240000,60000
R22-03213,151570000,600000
R22-03214,3170000,0
R22-03215,27570000,60000
R22-03216,23540000,60000
R22-03217,21260000,60000
R22-03218,42160000,150000
R22-03219,53870000,150000
R22-03220,95010000,300000
R22-03221,55500000,150000
R22-03222,65410000,150000
R22-03223,32500000,60000
R22-03224,120520000,300000
R22-03225,3770000,0
R22-03226,4410000,0
R22-03227,54330000,150000
R22-03228,2840000,0
R22-03229,210950000,1000000
R22-03230,36140000,150000
R22-03231,14980000,40000
R22-03232,2230000,0
R22-03233,34230000,150000
R22-03234,53880000,150000
R22-03235,14660000,40000
R22-03236,81040000,300000
R22-03237,142420000,600000
R22-03238,13530000,40000
R22-03239,94490000,300000
R22-03240,66050000,150000
R22-03241,11370000,40000
R22-03242,46410000,150000
R22-03243,23570000,60000
R22-03244,74630000,300000
R22-03245,22310000,60000
R22-03246,1470000,0
R22-03247,76870000,300000
R22-03248,13480000,40000
R22-03249,46830000,150000
R22-03250,13260000,40000
R22-03251,36740000,150000
R22-03252,31990000,60000
R22-03253,21750000,60000
R22-03254,6980000,20000
R22-03255,53920000,150000
R22-03256,105700000,300000
R22-03257,82420000,300000
R22-03258,41820000,150000
R22-03259,53530000,150000
R22-03260,42440000,150000
R22-03261,93720000,300000
R22-03262,32770000,60000
R22-03263,73430000,300000
R22-03264,22110000,60000
R22-03265,42070000,150000
R22-03266,71010000,300000
R22-03267,23290000,60000
R22-03268,13160000,40000
R22-03269,67070000,300000
R22-03270,126790000,300000
R22-03271,67290000,300000
R22-03272,33980000,150000
R22-03273,43690000,150000
R22-03274,5540000,20000
R22-03275,33120000,60000
R22-03276,96050000,300000
R22-03277,33600000,150000
R22-03278,51850000,150000
R22-03279,65120000,150000
R22-03280,31760000,60000
R22-03281,1460000,0
R22-03282,71950000,300000
R22-03283,24300000,60000
R22-03284,90200000,300000
R22-03285,11020000,40000
R22-03286,2120000,0
R22-03287,114100000,300000
R22-03288,32030000,60000
R22-03289,31240000,60000
R22-03290,74030000,300000
R22-03291,98820000,300000
R22-03292,95040000,300000
R22-03293,34120000,150000
R22-03294,5310000,20000
R22-03295,26870000,60000
R22-03296,17900000,40000
R22-03297,44690000,150000
R22-03298,3150000,0
R22-03299,151050000,600000
R22-03300,25580000,60000
R22-03301,13860000,40000
R22-03302,40700000,150000
R22-03303,11190000,40000
R22-03304,32740000,60000
R22-03305,11530000,40000
R22-03306,50930000,150000
R22-03307,72560000,300000
R22-03308,61820000,150000
R22-03309,2520000,0
R22-03310,17490000,40000
R22-03311,22080000,60000
R22-03312,12470000,40000
R22-03313,26890000,60000
R22-03314,18370000,40000
R22-03315,70940000,300000
R22-03316,113130000,300000
R22-03317,52410000,150000
R22-03318,50920000,150000
R22-03319,69310000,300000
R22-03320,23590000,60000
R22-03321,92730000,300000
R22-03322,91420000,300000
R22-03323,44320000,150000
R22-03324,22430000,60000
R22-03325,38520000,150000
R22-03326,21480000,60000
R22-03327,86320000,300000
R22-03328,54460000,150000
R22-03329,21280000,60000
R22-03330,41940000,150000
R22-03331,52370000,150000
R22-03332,38170000,150000
R22-03333,91210000,300000
R22-03334,41800000,150000
R22-03335,74860000,300000
R22-03336,6220000,20000
R22-03337,62570000,150000
R22-03338,45860000,150000
R22-03339,53650000,150000
R22-03340,6780000,20000
R22-03341,61330000,150000
R22-03342,6600000,20000
R22-03343,4440000,0
R22-03344,21760000,60000
R22-03345,13830000,40000
R22-03346,72600000,300000
R22-03347,76930000,300000
R22-03348,31320000,60000
R22-03349,73930000,300000
R22-03350,92560000,300000
R22-03351,13120000,40000
R22-03352,2970000,0
R22-03353,3810000,0
R22-03354,12680000,40000
R22-03355,32320000,60000
R22-03356,32900000,60000
R22-03357,21430000,60000
R22-03358,3290000,0
R22-03359,93500000,300000
R22-03360,127190000,300000
R22-03361,26900000,60000
R22-03362,53210000,150000
R22-03363,31630000,60000
R22-03364,93140000,300000
R22-03365,4480000,0
R22-03366,75310000,300000
R22-03367,3670000,0
R22-03368,41400000,150000
R22-03369,2310000,0
R22-03370,3290000,0
R22-03371,11850000,40000
R22-03372,15630000,40000
R22-03373,54860000,150000
R22-03374,11760000,40000
R22-03375,65700000,150000
R22-03376,35500000,150000
R22-03377,85770000,300000
R22-03378,33930000,150000
R22-03379,11560000,40000
R22-03380,41720000,150000
R22-03381,61660000,150000
R22-03382,5180000,20000
R22-03383,16600000,40000
R22-03384,82890000,300000
R22-03385,25370000,60000
R22-03386,45060000,150000
R22-03387,28910000,60000
R22-03388,144330000,600000
R22-03389,23300000,60000
R22-03390,9100000,20000
R22-03391,54250000,150000
R22-03392,26050000,60000
R22-03393,34490000,150000
R22-03394,31700000,60000
R22-03395,26890000,60000
R22-03396,59830000,150000
R22-03397,75070000,300000
R22-03398,22060000,60000
R22-03399,27570000,60000
R22-03400,51580000,150000
R22-03401,115770000,300000
R22-03402,7430000,20000
R22-03403,68630000,300000
R22-03404,66490000,150000
R22-03405,42350000,150000
R22-03406,52060000,150000
R22-03407,63640000,150000
R22-03408,3390000,0
R22-03409,41810000,150000
R22-03410,1550000,0
R22-03411,72240000,300000
R22-03412,33060000,60000
R22-03413,45610000,150000
R22-03414,38090000,150000
R22-03415,85500000,300000
R22-03416,61370000,150000
R22-03417,61820000,150000
R22-03418,56040000,150000
R22-03419,73480000,300000
R22-03420,6050000,20000
R22-03421,7190000,20000
R22-03422,5940000,20000
R22-03423,32020000,60000
R22-03424,31370000,60000
R22-03425,44010000,150000
R22-03426,31810000,60000
R22-03427,35070000,150000
R22-03428,27620000,60000
R22-03429,54720000,150000
R22-03430,31470000,60000
R22-03431,10600000,40000
R22-03432,66560000,150000
R22-03433,44590000,150000
R22-03434,51030000,150000
R22-03435,35880000,150000
R22-03436,63760000,150000
R22-03437,17320000,40000
R22-03438,14110000,40000
R22-03439,24730000,60000
R22-03440,84980000,300000
R22-03441,63470000,150000
R22-03442,850000,0
R22-03443,12420000,40000
R22-03444,44580000,150000
R22-03445,93540000,300000
R22-03446,2440000,0
R22-03447,16190000,40000
R22-03448,52960000,150000
R22-03449,4770000,0
R22-03450,2960000,0
R22-03451,47730000,150000
R22-03452,66780000,300000
R22-03453,56090000,150000
R22-03454,21610000,60000
R22-03455,7040000,20000
R22-03456,93750000,300000
R22-03457,73080000,300000
R22-03458,2670000,0
R22-03459,21220000,60000
R22-03460,12100000,40000
R22-03461,64650000,150000
R22-03462,1550000,0
R22-03463,82590000,300000
R22-03464,35560000,150000
R22-03465,53090000,150000
R22-03466,43760000,150000
R22-03467,31960000,60000
R22-03468,31920000,60000
R22-03469,16590000,40000
R22-03470,70780000,300000
R22-03471,3760000,0
R22-03472,35860000,150000
R22-03473,4000000,0
R22-03474,26140000,60000
R22-03475,179020000,600000
R22-03476,67220000,300000
R22-03477,57740000,150000
R22-03478,57660000,150000
R22-03479,14540000,40000
R22-03480,93020000,300000
R22-03481,10520000,40000
R22-03482,131740000,300000
R22-03483,98450000,300000
R22-03484,45230000,150000
R22-03485,71630000,300000
R22-03486,13090000,40000
R22-03487,24560000,60000
R22-03488,51540000,150000
R22-03489,229450000,1000000
R22-03490,13700000,40000
R22-03491,30920000,60000
R22-03492,73160000,300000
R22-03493,86610000,300000
R22-03494,3680000,0
R22-03495,6000000,20000
R22-03496,84490000,300000
R22-03497,103230000,300000
R22-03498,85090000,300000
R22-03499,12630000,40000
R22-03500,2510000,0
R22-03501,13360000,40000
R22-03502,25020000,60000
R22-03503,41060000,150000
R22-03504,67790000,300000
R22-03505,44060000,150000
R22-03506,53060000,150000
R22-03507,12880000,40000
R22-03508,12820000,40000
R22-03509,12510000,40000
R22-03510,62190000,150000
R22-03511,72060000,300000
R22-03512,3230000,0
R22-03513,57530000,150000
R22-03514,63080000,150000
R22-03515,34470000,150000
R22-03516,13670000,40000
R22-03517,37260000,150000
R22-03518,27450000,60000
R22-03519,84510000,300000
R22-03520,17800000,40000
R22-03521,30650000,60000
R22-03522,72630000,300000
R22-03523,13510000,40000
R22-03524,74060000,300000
R22-03525,17670000,40000
R22-03526,26880000,60000
R22-03527,7020000,20000
R22-03528,55470000,150000
R22-03529,12770000,40000
R22-03530,64360000,150000
R22-03531,33330000,60000
R22-03532,66340000,150000
R22-03533,52260000,150000
R22-03534,44290000,150000
R22-03535,153830000,600000
R22-03536,44500000,150000
R22-03537,54990000,150000
R22-03538,66090000,150000
R22-03539,13170000,40000
R22-03540,22630000,60000
R22-03541,54050000,150000
R22-03542,10960000,40000
R22-03543,67960000,300000
R22-03544,102680000,300000
R22-03545,4730000,0
R22-03546,7440000,20000
R22-03547,23420000,60000
R22-03548,41800000,150000
R22-03549,67620000,300000
R22-03550,65530000,150000
R22-03551,11400000,40000
R22-03552,7490000,20000
R22-03553,7020000,20000
R22-03554,43460000,150000
R22-03555,19640000,40000
R22-03556,68030000,300000
R22-03557,35490000,150000
R22-03558,26210000,60000
R22-03559,4990000,0
R22-03560,88270000,300000
R22-03561,78180000,300000
R22-03562,22980000,60000
R22-03563,33170000,60000
R22-03564,1110000,0
R22-03565,31140000,60000
R22-03566,12600000,40000
R22-03567,16690000,40000
R22-03568,19030000,40000
R22-03569,17690000,40000
R22-03570,40600000,150000
R22-03571,3800000,0
R22-03572,24760000,60000
R22-03573,42750000,150000
R22-03574,4410000,0
R22-03575,13880000,40000
R22-03576,32310000,60000
R22-03577,73610000,300000
R22-03578,13840000,40000
R22-03579,51740000,150000
R22-03580,37190000,150000
R22-03581,24690000,60000
R22-03582,810000,0
R22-03583,61640000,150000
R22-03584,57140000,150000
R22-03585,6510000,20000
R22-03586,52370000,150000
R22-03587,26900000,60000
R22-03588,106620000,300000
R22-03589,15740000,40000
R22-03590,46960000,150000
R22-03591,25220000,60000
R22-03592,62640000,150000
R22-03593,26770000,60000
R22-03594,82720000,300000
R22-03595,25000000,60000
R22-03596,25780000,60000
R22-03597,13800000,40000
R22-03598,42440000,150000
R22-03599,133250000,300000
R22-03600,60820000,150000
R22-03601,34250000,150000
R22-03602,16490000,40000
R22-03603,30980000,60000
R22-03604,40580000,150000
R22-03605,75710000,300000
R22-03606,52120000,150000
R22-03607,3150000,0
R22-03608,88120000,300000
R22-03609,34820000,150000
R22-03610,16350000,40000
R22-03611,132550000,300000
R22-03612,16110000,40000
R22-03613,28220000,60000
R22-03614,47550000,150000
R22-03615,84450000,300000
R22-03616,22180000,60000
R22-03617,6700000,20000
R22-03618,2150000,0
R22-03619,51660000,150000
R22-03620,68720000,300000
R22-03621,34330000,150000
R22-03622,33960000,150000
R22-03623,72840000,300000
R22-03624,41630000,150000
R22-03625,107120000,300000
R22-03626,12950000,40000
R22-03627,12110000,40000
R22-03628,21020000,60000
R22-03629,92000000,300000
R22-03630,43950000,150000
R22-03631,54070000,150000
R22-03632,2710000,0
R22-03633,900000,0
R22-03634,35580000,150000
R22-03635,21110000,60000
R22-03636,47010000,150000
R22-03637,52460000,150000
R22-03638,41370000,150000
R22-03639,14620000,40000
R22-03640,24910000,60000
R22-03641,73720000,300000
R22-03642,13500000,40000
R22-03643,63050000,150000
R22-03644,21790000,60000
R22-03645,44590000,150000
R22-03646,5320000,20000
R22-03647,31470000,60000
R22-03648,24580000,60000
R22-03649,3100000,0
R22-03650,43890000,150000
R22-03651,16000000,40000
R22-03652,41440000,150000
R22-03653,72830000,300000
R22-03654,54930000,150000
R22-03655,42150000,150000
R22-03656,12280000,40000
R22-03657,34540000,150000
R22-03658,32910000,60000
R22-03659,60930000,150000
R22-03660,131690000,300000
R22-03661,56570000,150000
R22-03662,71240000,300000
R22-03663,80870000,300000
R22-03664,15880000,40000
R22-03665,93180000,300000
R22-03666,2110000,0
R22-03667,143470000,600000
R22-03668,47310000,150000
R22-03669,124390000,300000
R22-03670,6820000,20000
R22-03671,56990000,150000
R22-03672,40900000,150000
R22-03673,53130000,150000
R22-03674,14660000,40000
R22-03675,91810000,300000
R22-03676,900000,0
R22-03677,11520000,40000
R22-03678,11120000,40000
R22-03679,27490000,60000
R22-03680,18820000,40000
R22-03681,52630000,150000
R22-03682,35550000,150000
R22-03683,12290000,40000
R22-03684,3310000,0
R22-03685,55030000,150000
R22-03686,73380000,300000
R22-03687,44470000,150000
R22-03688,62320000,150000
R22-03689,66210000,150000
R22-03690,12220000,40000
R22-03691,4660000,0
R22-03692,42420000,150000
R22-03693,11400000,40000
R22-03694,44430000,150000
R22-03695,51620000,150000
R22-03696,67390000,300000
R22-03697,35370000,150000
R22-03698,32980000,60000
R22-03699,135140000,600000
R22-03700,82620000,300000
R22-03701,23100000,60000
R22-03702,13930000,40000
R22-03703,7400000,20000
R22-03704,86630000,300000
R22-03705,62750000,150000
R22-03706,58340000,150000
R22-03707,63720000,150000
R22-03708,82340000,300000
R22-03709,22540000,60000
R22-03710,71880000,300000
R22-03711,26920000,60000
R22-03712,22480000,60000
R22-03713,93320000,300000
R22-03714,51410000,150000
R22-03715,81780000,300000
R22-03716,111780000,300000
R22-03717,76920000,300000
R22-03718,4180000,0
R22-03719,46210000,150000
R22-03720,62980000,150000
R22-03721,13380000,40000
R22-03722,32530000,60000
R22-03723,23850000,60000
R22-03724,24790000,60000
R22-03725,125010000,300000
R22-03726,5270000,20000
R22-03727,16210000,40000
R22-03728,81620000,300000
R22-03729,33310000,60000
R22-03730,53910000,150000
R22-03731,64920000,150000
R22-03732,28200000,60000
R22-03733,44600000,150000
R22-03734,21490000,60000
R22-03735,91130000,300000
R22-03736,42060000,150000
R22-03737,43220000,150000
R22-03738,30300000,60000
R22-03739,2920000,0
R22-03740,32210000,60000
R22-03741,15810000,40000
R22-03742,54470000,150000
R22-03743,5790000,20000
R22-03744,55490000,150000
R22-03745,70530000,300000
R22-03746,50590000,150000
R22-03747,28440000,60000
R22-03748,62110000,150000
R22-03749,13580000,40000
R22-03750,88340000,300000
R22-03751,11200000,40000
R22-03752,13900000,40000
R22-03753,42930000,150000
R22-03754,53930000,150000
R22-03755,50670000,150000
R22-03756,2810000,0
R22-03757,73550000,300000
R22-03758,22270000,60000
R22-03759,4890000,0
R22-03760,31570000,60000
R22-03761,31380000,60000
R22-03762,11210000,40000
R22-03763,110820000,300000
R22-03764,15710000,40000
R22-03765,53240000,150000
R22-03766,44110000,150000
R22-03767,53350000,150000
R22-03768,75760000,300000
R22-03769,71540000,300000
R22-03770,72160000,300000
R22-03771,75300000,300000
R22-03772,35380000,150000
R22-03773,36280000,150000
R22-03774,4320000,0
R22-03775,2170000,0
R22-03776,21530000,60000
R22-03777,42800000,150000
R22-03778,32060000,60000
R22-03779,73590000,300000
R22-03780,62110000,150000
R22-03781,22530000,60000
R22-03782,15830000,40000
R22-03783,23220000,60000
R22-03784,23920000,60000
R22-03785,5660000,20000
R22-03786,93690000,300000
R22-03787,44870000,150000
R22-03788,44750000,150000
R22-03789,93220000,300000
R22-03790,118300000,300000
R22-03791,45670000,150000
R22-03792,24100000,60000
R22-03793,76180000,300000
R22-03794,31450000,60000
R22-03795,31540000,60000
R22-03796,43620000,150000
R22-03797,4740000,0
R22-03798,15680000,40000
R22-03799,13650000,40000
R22-03800,68980000,300000
R22-03801,41680000,150000
R22-03802,2190000,0
R22-03803,44950000,150000
R22-03804,42350000,150000
R22-03805,145290000,600000
R22-03806,11910000,40000
R22-03807,97390000,300000
R22-03808,34920000,150000
R22-03809,45710000,150000
R22-03810,53550000,150000
R22-03811,76090000,300000
R22-03812,75320000,300000
R22-03813,16750000,40000
R22-03814,52410000,150000
R22-03815,81890000,300000
R22-03816,71210000,300000
R22-03817,64020000,150000
R22-03818,37320000,150000
R22-03819,38930000,150000
R22-03820,63790000,150000
R22-03821,73680000,300000
R22-03822,99510000,300000
R22-03823,63380000,150000
R22-03824,34340000,150000
R22-03825,73950000,300000
R22-03826,20850000,60000
R22-03827,2370000,0
R22-03828,65320000,150000
R22-03829,65110000,150000
R22-03830,63920000,150000
R22-03831,72030000,300000
R22-03832,62170000,150000
R22-03833,72360000,300000
R22-03834,63660000,150000
R22-03835,73810000,300000
R22-03836,31680000,60000
R22-03837,93590000,300000
R22-03838,93140000,300000
R22-03839,93540000,300000
R22-03840,57950000,150000
R22-03841,97930000,300000
R22-03842,92980000,300000
R22-03843,55560000,150000
R22-03844,7290000,20000
R22-03845,1570000,0
R22-03846,12000000,40000
R22-03847,107830000,300000
R22-03848,71660000,300000
R22-03849,33070000,60000
R22-03850,32950000,60000
R22-03851,2100000,0
R22-03852,65230000,150000
R22-03853,44530000,150000
R22-03854,66220000,150000
R22-03855,48170000,150000
R22-03856,2380000,0
R22-03857,56290000,150000
R22-03858,2570000,0
R22-03859,21510000,60000
R22-03860,60330000,150000
R22-03861,85440000,300000
R22-03862,82280000,300000
R22-03863,53920000,150000
R22-03864,103190000,300000
R22-03865,4980000,0
R22-03866,28010000,60000
R22-03867,43540000,150000
R22-03868,2680000,0
R22-03869,19450000,40000
R22-03870,51360000,150000
R22-03871,22560000,60000
R22-03872,3020000,0
R22-03873,91360000,300000
R22-03874,32570000,60000
R22-03875,102700000,300000
R22-03876,86340000,300000
R22-03877,59710000,150000
R22-03878,129500000,300000
R22-03879,26580000,60000
R22-03880,15340000,40000
R22-03881,4010000,0
R22-03882,23350000,60000
R22-03883,22700000,60000
R22-03884,27290000,60000
R22-03885,22080000,60000
R22-03886,72920000,300000
R22-03887,1500000,0
R22-03888,101650000,300000
R22-03889,22390000,60000
R22-03890,102550000,300000
R22-03891,134780000,600000
R22-03892,84740000,300000
R22-03893,55070000,150000
R22-03894,12310000,40000
R22-03895,31380000,60000
R22-03896,92250000,300000
R22-03897,32400000,60000
R22-03898,5890000,20000
R22-03899,91810000,300000
R22-03900,56050000,150000
R22-03901,54920000,150000
R22-03902,88070000,300000
R22-03903,22010000,60000
R22-03904,21240000,60000
R22-03905,71480000,300000
R22-03906,67920000,300000
R22-03907,87030000,300000
R22-03908,77230000,300000
R22-03909,84260000,300000
R22-03910,35210000,150000
R22-03911,23600000,60000
R22-03912,28840000,60000
R22-03913,32780000,60000
R22-03914,109660000,300000
R22-03915,75160000,300000
R22-03916,56000000,150000
R22-03917,13840000,40000
R22-03918,71970000,300000
R22-03919,6550000,20000
R22-03920,54670000,150000
R22-03921,3690000,0
R22-03922,70850000,300000
R22-03923,17050000,40000
R22-03924,23380000,60000
R22-03925,43850000,150000
R22-03926,82570000,300000
R22-03927,54150000,150000
R22-03928,73580000,300000
R22-03929,70890000,300000
R22-03930,1770000,0
R22-03931,87790000,300000
R22-03932,31530000,60000
R22-03933,56710000,150000
R22-03934,42820000,150000
R22-03935,52540000,150000
R22-03936,26700000,60000
R22-03937,170440000,600000
R22-03938,11790000,40000
R22-03939,35100000,150000
R22-03940,71510000,300000
R22-03941,94760000,300000
R22-03942,23030000,60000
R22-03943,42230000,150000
R22-03944,37100000,150000
R22-03945,22400000,60000
R22-03946,7670000,20000
R22-03947,30680000,60000
R22-03948,53230000,150000
R22-03949,27580000,60000
R22-03950,12580000,40000
R22-03951,22580000,60000
R22-03952,800000,0
R22-03953,5020000,20000
R22-03954,13370000,40000
R22-03955,2110000,0
R22-03956,63590000,150000
R22-03957,25230000,60000
R22-03958,3480000,0
R22-03959,16550000,40000
R22-03960,134750000,600000
R22-03961,63230000,150000
R22-03962,58920000,150000
R22-03963,44090000,150000
R22-03964,15940000,40000
R22-03965,47590000,150000
R22-03966,35340000,150000
R22-03967,24200000,60000
R22-03968,155550000,600000
R22-03969,43210000,150000
R22-03970,44680000,150000
R22-03971,94470000,300000
R22-03972,94250000,300000
R22-03973,72450000,300000
R22-03974,13470000,40000
R22-03975,32570000,60000
R22-03976,35760000,150000
R22-03977,77760000,300000
R22-03978,76150000,300000
R22-03979,52100000,150000
R22-03980,17920000,40000
R22-03981,56010000,150000
R22-03982,44340000,150000
R22-03983,44560000,150000
R22-03984,65640000,150000
R22-03985,20930000,60000
R22-03986,15110000,40000
R22-03987,12460000,40000
R22-03988,42920000,150000
R22-03989,93610000,300000
R22-03990,13560000,40000
R22-03991,25210000,60000
R22-03992,35110000,150000
R22-03993,43690000,150000
R22-03994,19630000,40000
R22-03995,77370000,300000
R22-03996,11610000,40000
R22-03997,7760000,20000
R22-03998,25230000,60000
R22-03999,30110000,60000
R22-04000,2570000,0
R22-04001,92440000,300000
R22-04002,13980000,40000
R22-04003,64010000,150000
R22-04004,34100000,150000
R22-04005,5880000,20000
R22-04006,49470000,150000
R22-04007,41790000,150000
R22-04008,97340000,300000
R22-04009,95660000,300000
R22-04010,66950000,300000
R22-04011,40630000,150000
R22-04012,78470000,300000
R22-04013,73380000,300000
R22-04014,31770000,60000
R22-04015,97710000,300000
R22-04016,82630000,300000
R22-04017,20340000,60000
R22-04018,2420000,0
R22-04019,25310000,60000
R22-04020,51430000,150000
R22-04021,63470000,150000
R22-04022,43510000,150000
R22-04023,40790000,150000
R22-04024,67380000,300000
R22-04025,77770000,300000
R22-04026,32490000,60000
R22-04027,21910000,60000
R22-04028,42820000,150000
R22-04029,43940000,150000
R22-04030,71700000,300000
R22-04031,72970000,300000
R22-04032,17430000,40000
R22-04033,46420000,150000
R22-04034,4970000,0
R22-04035,53400000,150000
R22-04036,5390000,20000
R22-04037,61300000,150000
R22-04038,12480000,40000
R22-04039,86540000,300000
R22-04040,108030000,300000
R22-04041,12570000,40000
R22-04042,52770000,150000
R22-04043,65030000,150000
R22-04044,77470000,300000
R22-04045,44630000,150000
R22-04046,30640000,60000
R22-04047,17130000,40000
R22-04048,4160000,0
R22-04049,33630000,150000
R22-04050,46760000,150000
R22-04051,43130000,150000
R22-04052,91890000,300000
R22-04053,32080000,60000
R22-04054,66450000,150000
R22-04055,51850000,150000
R22-04056,43010000,150000
R22-04057,61130000,150000
R22-04058,7110000,20000
R22-04059,11130000,40000
R22-04060,55550000,150000
R22-04061,11240000,40000
R22-04062,35380000,150000
R22-04063,750000,0
R22-04064,40610000,150000
R22-04065,22560000,60000
R22-04066,5580000,20000
R22-04067,13580000,40000
R22-04068,44180000,150000
R22-04069,140330000,600000
R22-04070,16030000,40000
R22-04071,6580000,20000
R22-04072,107810000,300000
R22-04073,15370000,40000
R22-04074,94280000,300000
R22-04075,85050000,300000
R22-04076,21040000,60000
R22-04077,62090000,150000
R22-04078,47980000,150000
R22-04079,94920000,300000
R22-04080,68410000,300000
R22-04081,32540000,60000
R22-04082,132850000,300000
R22-04083,40770000,150000
R22-04084,90610000,300000
R22-04085,60410000,150000
R22-04086,31740000,60000
R22-04087,24140000,60000
R22-04088,95990000,300000
R22-04089,51550000,150000
R22-04090,53160000,150000
R22-04091,68850000,300000
R22-04092,3070000,0
R22-04093,36170000,150000
R22-04094,81950000,300000
R22-04095,86880000,300000
R22-04096,65860000,150000
R22-04097,37380000,150000
R22-04098,46260000,150000
R22-04099,13560000,40000
R22-04100,6720000,20000
R22-04101,44870000,150000
