고객ID,타사이전금액,혜택금액
R05-00000,23470000,60000
R05-00001,42400000,150000
R05-00002,15920000,40000
R05-00003,56460000,150000
R05-00004,2110000,0
R05-00005,14160000,40000
R05-00006,6860000,20000
R05-00007,15230000,40000
R05-00008,4420000,0
R05-00009,66020000,150000
R05-00010,91290000,300000
R05-00011,24110000,60000
R05-00012,96000000,300000
R05-00013,50670000,150000
R05-00014,4960000,0
R05-00015,132180000,300000
R05-00016,72720000,300000
R05-00017,41660000,150000
R05-00018,64090000,150000
R05-00019,17310000,40000
R05-00020,131600000,300000
R05-00021,24350000,60000
R05-00022,81280000,300000
R05-00023,83050000,300000
R05-00024,81950000,300000
R05-00025,72860000,300000
R05-00026,85630000,300000
R05-00027,1910000,0
R05-00028,82690000,300000
R05-00029,64160000,150000
R05-00030,2420000,0
R05-00031,85830000,300000
R05-00032,28200000,60000
R05-00033,11920000,40000
R05-00034,73150000,300000
R05-00035,12600000,40000
R05-00036,52300000,150000
R05-00037,44910000,150000
R05-00038,62630000,150000
R05-00039,44270000,150000
R05-00040,36810000,150000
R05-00041,67100000,300000
R05-00042,4290000,0
R05-00043,61260000,150000
R05-00044,53720000,150000
R05-00045,540000,0
R05-00046,4020000,0
R05-00047,3120000,0
R05-00048,25090000,60000
R05-00049,34820000,150000
R05-00050,22200000,60000
R05-00051,20510000,60000
R05-00052,64920000,150000
R05-00053,34280000,150000
R05-00054,65620000,150000
R05-00055,143700000,600000
R05-00056,54400000,150000
R05-00057,33540000,150000
R05-00058,51820000,150000
R05-00059,104220000,300000
R05-00060,102590000,300000
R05-00061,35280000,150000
R05-00062,12630000,40000
R05-00063,15380000,40000
R05-00064,65600000,150000
R05-00065,1260000,0
R05-00066,33790000,150000
R05-00067,112420000,300000
R05-00068,970000,0
R05-00069,52320000,150000
R05-00070,5530000,20000
R05-00071,18370000,40000
R05-00072,37630000,150000
R05-00073,23660000,60000
R05-00074,31140000,60000
R05-00075,3570000,0
R05-00076,42890000,150000
R05-00077,131860000,300000
R05-00078,66830000,300000
R05-00079,59300000,150000
R05-00080,42860000,150000
R05-00081,41870000,150000
R05-00082,2360000,0
R05-00083,2160000,0
R05-00084,26880000,60000
R05-00085,31290000,60000
R05-00086,62880000,150000
R05-00087,63850000,150000
R05-00088,54960000,150000
R05-00089,34760000,150000
R05-00090,5200000,20000
R05-00091,28740000,60000
R05-00092,24600000,60000
R05-00093,73610000,300000
R05-00094,33170000,60000
R05-00095,152270000,600000
R05-00096,36950000,150000
R05-00097,90590000,300000
R05-00098,23940000,60000
R05-00099,43620000,150000
R05-00100,93080000,300000
R05-00101,32650000,60000
R05-00102,23010000,60000
R05-00103,8690000,20000
R05-00104,13500000,40000
R05-00105,75280000,300000
R05-00106,5500000,20000
R05-00107,105470000,300000
R05-00108,34000000,150000
R05-00109,32130000,60000
R05-00110,5990000,20000
R05-00111,43010000,150000
R05-00112,94370000,300000
R05-00113,24230000,60000
R05-00114,4320000,0
R05-00115,13090000,40000
R05-00116,12890000,40000
R05-00117,76610000,300000
R05-00118,3900000,0
R05-00119,35310000,150000
R05-00120,57990000,150000
R05-00121,75290000,300000
R05-00122,11890000,40000
R05-00123,77380000,300000
R05-00124,65770000,150000
R05-00125,1550000,0
R05-00126,46180000,150000
R05-00127,42040000,150000
R05-00128,64910000,150000
R05-00129,71020000,300000
R05-00130,3460000,0
R05-00131,91050000,300000
R05-00132,26560000,60000
R05-00133,25850000,60000
R05-00134,40610000,150000
R05-00135,51080000,150000
R05-00136,33720000,150000
R05-00137,22660000,60000
R05-00138,2980000,0
R05-00139,8540000,20000
R05-00140,33870000,150000
R05-00141,28690000,60000
R05-00142,72830000,300000
R05-00143,43390000,150000
R05-00144,132190000,300000
R05-00145,94000000,300000
R05-00146,3960000,0
R05-00147,63690000,150000
R05-00148,2290000,0
R05-00149,82100000,300000
R05-00150,70580000,300000
R05-00151,81580000,300000
R05-00152,41990000,150000
R05-00153,32670000,60000
R05-00154,33590000,150000
R05-00155,35070000,150000
R05-00156,60940000,150000
R05-00157,23490000,60000
R05-00158,5370000,20000
R05-00159,2000000,0
R05-00160,21710000,60000
R05-00161,64390000,150000
R05-00162,157160000,600000
R05-00163,37200000,150000
R05-00164,32420000,60000
R05-00165,9780000,20000
R05-00166,7270000,20000
R05-00167,55470000,150000
R05-00168,87820000,300000
R05-00169,4410000,0
R05-00170,12740000,40000
R05-00171,62340000,150000
R05-00172,11930000,40000
R05-00173,4600000,0
R05-00174,31080000,60000
R05-00175,12600000,40000
R05-00176,65040000,150000
R05-00177,12170000,40000
R05-00178,10680000,40000
R05-00179,2130000,0
R05-00180,34940000,150000
R05-00181,7310000,20000
R05-00182,14430000,40000
R05-00183,4580000,0
R05-00184,43650000,150000
R05-00185,31580000,60000
R05-00186,24000000,60000
R05-00187,42960000,150000
R05-00188,57590000,150000
R05-00189,30940000,60000
R05-00190,103450000,300000
R05-00191,34240000,150000
R05-00192,93940000,300000
R05-00193,95970000,300000
R05-00194,74780000,300000
R05-00195,221610000,1000000
R05-00196,45590000,150000
R05-00197,11280000,40000
R05-00198,3710000,0
R05-00199,45520000,150000
R05-00200,43870000,150000
R05-00201,11080000,40000
R05-00202,8840000,20000
R05-00203,10750000,40000
R05-00204,51500000,150000
R05-00205,23260000,60000
R05-00206,32460000,60000
R05-00207,51030000,150000
R05-00208,41990000,150000
R05-00209,4720000,0
R05-00210,12900000,40000
R05-00211,45480000,150000
R05-00212,5420000,20000
R05-00213,42300000,150000
R05-00214,46640000,150000
R05-00215,97380000,300000
R05-00216,26200000,60000
R05-00217,51170000,150000
R05-00218,15320000,40000
R05-00219,35060000,150000
R05-00220,1170000,0
R05-00221,2430000,0
R05-00222,20760000,60000
R05-00223,5920000,20000
R05-00224,21550000,60000
R05-00225,4140000,0
R05-00226,27860000,60000
R05-00227,102500000,300000
R05-00228,72630000,300000
R05-00229,111480000,300000
R05-00230,11210000,40000
R05-00231,6120000,20000
R05-00232,12820000,40000
R05-00233,52900000,150000
R05-00234,56380000,150000
R05-00235,15740000,40000
R05-00236,22760000,60000
R05-00237,76740000,300000
R05-00238,51940000,150000
R05-00239,43270000,150000
R05-00240,45450000,150000
R05-00241,2120000,0
R05-00242,34850000,150000
R05-00243,63010000,150000
R05-00244,36290000,150000
R05-00245,2290000,0
R05-00246,62810000,150000
R05-00247,1690000,0
R05-00248,12530000,40000
R05-00249,890000,0
R05-00250,86940000,300000
R05-00251,25880000,60000
R05-00252,46720000,150000
R05-00253,64830000,150000
R05-00254,20510000,60000
R05-00255,72060000,300000
R05-00256,102310000,300000
R05-00257,51450000,150000
R05-00258,71610000,300000
R05-00259,33660000,150000
R05-00260,29890000,60000
R05-00261,43350000,150000
R05-00262,54460000,150000
R05-00263,13140000,40000
R05-00264,4400000,0
R05-00265,64160000,150000
R05-00266,22410000,60000
R05-00267,72840000,300000
R05-00268,121850000,300000
R05-00269,60250000,150000
R05-00270,155890000,600000
R05-00271,70020000,300000
R05-00272,53670000,150000
R05-00273,67690000,300000
R05-00274,53490000,150000
R05-00275,44700000,150000
R05-00276,2270000,0
R05-00277,72380000,300000
R05-00278,43910000,150000
R05-00279,55070000,150000
R05-00280,85530000,300000
R05-00281,21340000,60000
R05-00282,86900000,300000
R05-00283,46470000,150000
R05-00284,152440000,600000
R05-00285,48450000,150000
R05-00286,3730000,0
R05-00287,1920000,0
R05-00288,1980000,0
R05-00289,610000,0
R05-00290,81390000,300000
R05-00291,64350000,150000
R05-00292,229200000,1000000
R05-00293,60270000,150000
R05-00294,22170000,60000
R05-00295,3240000,0
R05-00296,13240000,40000
R05-00297,47000000,150000
R05-00298,62830000,150000
R05-00299,65900000,150000
R05-00300,61120000,150000
R05-00301,36750000,150000
R05-00302,3090000,0
R05-00303,36860000,150000
R05-00304,64390000,150000
R05-00305,52610000,150000
R05-00306,14930000,40000
R05-00307,13970000,40000
R05-00308,43100000,150000
R05-00309,73770000,300000
R05-00310,2270000,0
R05-00311,2300000,0
R05-00312,2430000,0
R05-00313,65030000,150000
R05-00314,72190000,300000
R05-00315,76470000,300000
R05-00316,40890000,150000
R05-00317,8900000,20000
R05-00318,72250000,300000
R05-00319,35020000,150000
R05-00320,11040000,40000
R05-00321,84220000,300000
R05-00322,2390000,0
R05-00323,24290000,60000
R05-00324,94500000,300000
R05-00325,23560000,60000
R05-00326,44460000,150000
R05-00327,3130000,0
R05-00328,83920000,300000
R05-00329,68420000,300000
R05-00330,51270000,150000
R05-00331,32780000,60000
R05-00332,14850000,40000
R05-00333,3780000,0
R05-00334,11710000,40000
R05-00335,21810000,60000
R05-00336,102970000,300000
R05-00337,45950000,150000
R05-00338,52680000,150000
R05-00339,14210000,40000
R05-00340,23060000,60000
R05-00341,31020000,60000
R05-00342,30850000,60000
R05-00343,24910000,60000
R05-00344,138390000,600000
R05-00345,95100000,300000
R05-00346,24230000,60000
R05-00347,1730000,0
R05-00348,82860000,300000
R05-00349,116120000,300000
R05-00350,2750000,0
R05-00351,63220000,150000
R05-00352,4710000,0
R05-00353,21240000,60000
R05-00354,5620000,20000
R05-00355,33040000,60000
R05-00356,30840000,60000
R05-00357,17290000,40000
R05-00358,16160000,40000
R05-00359,26070000,60000
R05-00360,93740000,300000
R05-00361,81060000,300000
R05-00362,42560000,150000
R05-00363,54840000,150000
R05-00364,34020000,150000
R05-00365,63720000,150000
R05-00366,1900000,0
R05-00367,57060000,150000
R05-00368,73810000,300000
R05-00369,24920000,60000
R05-00370,38990000,150000
R05-00371,35140000,150000
R05-00372,2160000,0
R05-00373,16600000,40000
R05-00374,34170000,150000
R05-00375,16920000,40000
R05-00376,48310000,150000
R05-00377,53060000,150000
R05-00378,41710000,150000
R05-00379,47680000,150000
R05-00380,43180000,150000
R05-00381,152370000,600000
R05-00382,88080000,300000
R05-00383,118930000,300000
R05-00384,21860000,60000
R05-00385,87680000,300000
R05-00386,20330000,60000
R05-00387,62650000,150000
R05-00388,6980000,20000
R05-00389,2670000,0
R05-00390,21760000,60000
R05-00391,22000000,60000
R05-00392,1870000,0
R05-00393,34930000,150000
R05-00394,63070000,150000
R05-00395,54490000,150000
R05-00396,23250000,60000
R05-00397,60860000,150000
R05-00398,4460000,0
R05-00399,24430000,60000
R05-00400,75230000,300000
R05-00401,17270000,40000
R05-00402,34030000,150000
R05-00403,6570000,20000
R05-00404,73240000,300000
R05-00405,62750000,150000
R05-00406,2970000,0
R05-00407,23860000,60000
R05-00408,43690000,150000
R05-00409,62700000,150000
R05-00410,82190000,300000
R05-00411,25190000,60000
R05-00412,76140000,300000
R05-00413,20890000,60000
R05-00414,12920000,40000
R05-00415,51730000,150000
R05-00416,1390000,0
R05-00417,35790000,150000
R05-00418,48590000,150000
R05-00419,66490000,150000
R05-00420,84010000,300000
R05-00421,35190000,150000
R05-00422,5690000,20000
R05-00423,91450000,300000
R05-00424,55000000,150000
R05-00425,49500000,150000
R05-00426,53490000,150000
R05-00427,65450000,150000
R05-00428,134050000,600000
R05-00429,51970000,150000
R05-00430,6930000,20000
R05-00431,21770000,60000
R05-00432,1940000,0
R05-00433,12790000,40000
R05-00434,81110000,300000
R05-00435,55170000,150000
R05-00436,44960000,150000
R05-00437,101960000,300000
R05-00438,45610000,150000
R05-00439,67210000,300000
R05-00440,21360000,60000
R05-00441,41970000,150000
R05-00442,91750000,300000
R05-00443,2480000,0
R05-00444,13660000,40000
R05-00445,16030000,40000
R05-00446,23280000,60000
R05-00447,21420000,60000
R05-00448,116340000,300000
R05-00449,45780000,150000
R05-00450,55190000,150000
R05-00451,5000000,20000
R05-00452,41300000,150000
R05-00453,67980000,300000
R05-00454,40770000,150000
R05-00455,74190000,300000
R05-00456,64960000,150000
R05-00457,22430000,60000
R05-00458,7830000,20000
R05-00459,22890000,60000
R05-00460,71690000,300000
R05-00461,23420000,60000
R05-00462,23110000,60000
R05-00463,53360000,150000
R05-00464,11790000,40000
R05-00465,22350000,60000
R05-00466,33950000,150000
R05-00467,79780000,300000
R05-00468,21780000,60000
R05-00469,28520000,60000
R05-00470,67460000,300000
R05-00471,86490000,300000
R05-00472,2490000,0
R05-00473,17060000,40000
R05-00474,73020000,300000
R05-00475,48840000,150000
R05-00476,63060000,150000
R05-00477,102960000,300000
R05-00478,63310000,150000
R05-00479,66120000,150000
R05-00480,141850000,600000
R05-00481,121970000,300000
R05-00482,23680000,60000
R05-00483,101030000,300000
R05-00484,34830000,150000
R05-00485,39150000,150000
R05-00486,1440000,0
R05-00487,76820000,300000
R05-00488,11710000,40000
R05-00489,39580000,150000
R05-00490,63700000,150000
R05-00491,81580000,300000
R05-00492,58000000,150000
R05-00493,11800000,40000
R05-00494,42400000,150000
R05-00495,21540000,60000
R05-00496,18810000,40000
R05-00497,21870000,60000
R05-00498,65080000,150000
R05-00499,30380000,60000
R05-00500,11230000,40000
R05-00501,64070000,150000
R05-00502,23170000,60000
R05-00503,26770000,60000
R05-00504,13570000,40000
R05-00505,11380000,40000
R05-00506,87560000,300000
R05-00507,33350000,150000
R05-00508,24170000,60000
R05-00509,20920000,60000
R05-00510,2330000,0
R05-00511,82820000,300000
R05-00512,16810000,40000
R05-00513,85850000,300000
R05-00514,1410000,0
R05-00515,12880000,40000
R05-00516,3500000,0
R05-00517,11430000,40000
R05-00518,62050000,150000
R05-00519,13490000,40000
R05-00520,54720000,150000
R05-00521,23850000,60000
R05-00522,54340000,150000
R05-00523,940000,0
R05-00524,66620000,150000
R05-00525,23640000,60000
R05-00526,60580000,150000
R05-00527,72820000,300000
R05-00528,38470000,150000
R05-00529,18320000,40000
R05-00530,1810000,0
R05-00531,17560000,40000
R05-00532,73710000,300000
R05-00533,13060000,40000
R05-00534,34000000,150000
R05-00535,23930000,60000
R05-00536,81670000,300000
R05-00537,45170000,150000
R05-00538,14040000,40000
R05-00539,36380000,150000
R05-00540,14100000,40000
R05-00541,24440000,60000
R05-00542,430000,0
R05-00543,26100000,60000
R05-00544,26540000,60000
R05-00545,11060000,40000
R05-00546,30700000,60000
R05-00547,24860000,60000
R05-00548,62780000,150000
R05-00549,25750000,60000
R05-00550,54930000,150000
R05-00551,21630000,60000
R05-00552,151740000,600000
R05-00553,26230000,60000
R05-00554,2000000,0
R05-00555,98050000,300000
R05-00556,93320000,300000
R05-00557,46210000,150000
R05-00558,32600000,60000
R05-00559,93940000,300000
R05-00560,23250000,60000
R05-00561,14620000,40000
R05-00562,25030000,60000
R05-00563,124240000,300000
R05-00564,42670000,150000
R05-00565,101470000,300000
R05-00566,74040000,300000
R05-00567,102890000,300000
R05-00568,41890000,150000
R05-00569,56910000,150000
R05-00570,11970000,40000
R05-00571,11070000,40000
R05-00572,7640000,20000
R05-00573,68430000,300000
R05-00574,22790000,60000
R05-00575,44200000,150000
R05-00576,5840000,20000
R05-00577,72380000,300000
R05-00578,31700000,60000
R05-00579,53230000,150000
R05-00580,12250000,40000
R05-00581,25350000,60000
R05-00582,45350000,150000
R05-00583,24630000,60000
R05-00584,12680000,40000
R05-00585,7020000,20000
R05-00586,3010000,0
R05-00587,67520000,300000
R05-00588,6690000,20000
R05-00589,85510000,300000
R05-00590,75710000,300000
R05-00591,62610000,150000
R05-00592,17410000,40000
R05-00593,44300000,150000
R05-00594,44800000,150000
R05-00595,21860000,60000
R05-00596,53560000,150000
R05-00597,83340000,300000
R05-00598,95480000,300000
R05-00599,47650000,150000
R05-00600,30050000,60000
R05-00601,44700000,150000
R05-00602,23240000,60000
R05-00603,16720000,40000
R05-00604,3160000,0
R05-00605,16720000,40000
R05-00606,33750000,150000
R05-00607,42240000,150000
R05-00608,36190000,150000
R05-00609,24490000,60000
R05-00610,3650000,0
R05-00611,14450000,40000
R05-00612,24850000,60000
R05-00613,12300000,40000
R05-00614,61020000,150000
R05-00615,27810000,60000
R05-00616,11820000,40000
R05-00617,3380000,0
R05-00618,64740000,150000
R05-00619,53260000,150000
R05-00620,1740000,0
R05-00621,12080000,40000
R05-00622,103940000,300000
R05-00623,24520000,60000
R05-00624,62780000,150000
R05-00625,122890000,300000
R05-00626,83310000,300000
R05-00627,66610000,150000
R05-00628,115020000,300000
R05-00629,3940000,0
R05-00630,41990000,150000
R05-00631,12000000,40000
R05-00632,27300000,60000
R05-00633,52170000,150000
R05-00634,41720000,150000
R05-00635,44330000,150000
R05-00636,92630000,300000
R05-00637,6620000,20000
R05-00638,32460000,60000
R05-00639,25130000,60000
R05-00640,41290000,150000
R05-00641,23760000,60000
R05-00642,46600000,150000
R05-00643,157420000,600000
R05-00644,14810000,40000
R05-00645,15090000,40000
R05-00646,11460000,40000
R05-00647,74120000,300000
R05-00648,42840000,150000
R05-00649,2490000,0
R05-00650,43290000,150000
R05-00651,790000,0
R05-00652,4670000,0
R05-00653,41050000,150000
R05-00654,111960000,300000
R05-00655,2660000,0
R05-00656,7110000,20000
R05-00657,4790000,0
R05-00658,21570000,60000
R05-00659,13460000,40000
R05-00660,32450000,60000
R05-00661,26620000,60000
R05-00662,117890000,300000
R05-00663,33480000,150000
R05-00664,31830000,60000
R05-00665,65620000,150000
R05-00666,54050000,150000
R05-00667,61010000,150000
R05-00668,84430000,300000
R05-00669,25710000,60000
R05-00670,65970000,150000
R05-00671,90090000,300000
R05-00672,54190000,150000
R05-00673,13870000,40000
R05-00674,11430000,40000
R05-00675,125910000,300000
R05-00676,44300000,150000
R05-00677,16720000,40000
R05-00678,2950000,0
R05-00679,55990000,150000
R05-00680,34190000,150000
R05-00681,106220000,300000
R05-00682,21120000,60000
R05-00683,105420000,300000
R05-00684,73340000,300000
R05-00685,15590000,40000
R05-00686,67700000,300000
R05-00687,37160000,150000
R05-00688,41660000,150000
R05-00689,72700000,300000
R05-00690,30260000,60000
R05-00691,1720000,0
R05-00692,84700000,300000
R05-00693,51370000,150000
R05-00694,40960000,150000
R05-00695,34660000,150000
R05-00696,27730000,60000
R05-00697,2380000,0
R05-00698,21000000,60000
R05-00699,4330000,0
R05-00700,13970000,40000
R05-00701,13340000,40000
R05-00702,51560000,150000
R05-00703,62520000,150000
R05-00704,1430000,0
R05-00705,92740000,300000
R05-00706,16150000,40000
R05-00707,111850000,300000
R05-00708,3270000,0
R05-00709,13240000,40000
R05-00710,17150000,40000
R05-00711,62360000,150000
R05-00712,36130000,150000
R05-00713,17630000,40000
R05-00714,32780000,60000
R05-00715,3610000,0
R05-00716,21820000,60000
R05-00717,21660000,60000
R05-00718,23540000,60000
R05-00719,13590000,40000
R05-00720,23660000,60000
R05-00721,22650000,60000
R05-00722,21990000,60000
R05-00723,45130000,150000
R05-00724,22630000,60000
R05-00725,78160000,300000
R05-00726,3690000,0
R05-00727,7870000,20000
R05-00728,22160000,60000
R05-00729,32720000,60000
R05-00730,75710000,300000
R05-00731,145330000,600000
R05-00732,114640000,300000
R05-00733,94240000,300000
R05-00734,3200000,0
R05-00735,22700000,60000
R05-00736,1830000,0
R05-00737,83170000,300000
R05-00738,94730000,300000
R05-00739,113940000,300000
R05-00740,75360000,300000
R05-00741,43570000,150000
R05-00742,11210000,40000
R05-00743,75140000,300000
R05-00744,50810000,150000
R05-00745,94060000,300000
R05-00746,22610000,60000
R05-00747,53190000,150000
R05-00748,29090000,60000
R05-00749,40740000,150000
R05-00750,2780000,0
R05-00751,177720000,600000
R05-00752,16710000,40000
R05-00753,4360000,0
R05-00754,36920000,150000
R05-00755,22240000,60000
R05-00756,5060000,20000
R05-00757,12180000,40000
R05-00758,16310000,40000
R05-00759,35010000,150000
R05-00760,62050000,150000
R05-00761,20600000,60000
R05-00762,127690000,300000
R05-00763,1790000,0
R05-00764,18190000,40000
R05-00765,52140000,150000
R05-00766,64680000,150000
R05-00767,64140000,150000
R05-00768,123300000,300000
R05-00769,63240000,150000
R05-00770,11950000,40000
R05-00771,55590000,150000
R05-00772,91020000,300000
R05-00773,5080000,20000
R05-00774,24690000,60000
R05-00775,77570000,300000
R05-00776,41230000,150000
R05-00777,44860000,150000
R05-00778,94810000,300000
R05-00779,20370000,60000
R05-00780,42140000,150000
R05-00781,36690000,150000
R05-00782,85490000,300000
R05-00783,32210000,60000
R05-00784,4530000,0
R05-00785,113830000,300000
R05-00786,37970000,150000
R05-00787,67310000,300000
R05-00788,26630000,60000
R05-00789,64770000,150000
R05-00790,21930000,60000
R05-00791,66290000,150000
R05-00792,23770000,60000
R05-00793,21800000,60000
R05-00794,63140000,150000
R05-00795,62060000,150000
R05-00796,122900000,300000
R05-00797,1360000,0
R05-00798,93980000,300000
R05-00799,62380000,150000
R05-00800,15310000,40000
R05-00801,32100000,60000
R05-00802,10220000,40000
R05-00803,23590000,60000
R05-00804,10590000,40000
R05-00805,51890000,150000
R05-00806,22250000,60000
R05-00807,98640000,300000
R05-00808,40590000,150000
R05-00809,34760000,150000
R05-00810,26370000,60000
R05-00811,33190000,60000
R05-00812,4200000,0
R05-00813,26300000,60000
R05-00814,55510000,150000
R05-00815,34920000,150000
R05-00816,72710000,300000
R05-00817,42440000,150000
R05-00818,126890000,300000
R05-00819,54460000,150000
R05-00820,10170000,40000
R05-00821,1060000,0
R05-00822,81700000,300000
R05-00823,52070000,150000
R05-00824,11220000,40000
R05-00825,3300000,0
R05-00826,37060000,150000
R05-00827,51700000,150000
R05-00828,71570000,300000
R05-00829,47250000,150000
R05-00830,34150000,150000
R05-00831,75260000,300000
R05-00832,74930000,300000
R05-00833,94790000,300000
R05-00834,70600000,300000
R05-00835,32130000,60000
R05-00836,12710000,40000
R05-00837,14480000,40000
R05-00838,58140000,150000
R05-00839,5220000,20000
R05-00840,143940000,600000
R05-00841,52280000,150000
R05-00842,45130000,150000
R05-00843,34390000,150000
R05-00844,114270000,300000
R05-00845,35000000,150000
R05-00846,57880000,150000
R05-00847,46500000,150000
R05-00848,34250000,150000
R05-00849,13760000,40000
R05-00850,43670000,150000
R05-00851,62860000,150000
R05-00852,41270000,150000
R05-00853,31220000,60000
R05-00854,37810000,150000
R05-00855,112390000,300000
R05-00856,11970000,40000
R05-00857,73130000,300000
R05-00858,28260000,60000
R05-00859,74880000,300000
R05-00860,41870000,150000
R05-00861,32680000,60000
R05-00862,116410000,300000
R05-00863,5240000,20000
R05-00864,36800000,150000
R05-00865,48590000,150000
R05-00866,12540000,40000
R05-00867,21290000,60000
R05-00868,16220000,40000
R05-00869,54690000,150000
R05-00870,35560000,150000
R05-00871,31730000,60000
R05-00872,82490000,300000
R05-00873,20900000,60000
R05-00874,76890000,300000
R05-00875,1530000,0
R05-00876,63570000,150000
R05-00877,56050000,150000
R05-00878,80450000,300000
R05-00879,92820000,300000
R05-00880,33710000,150000
R05-00881,54100000,150000
R05-00882,22650000,60000
R05-00883,25350000,60000
R05-00884,32150000,60000
R05-00885,25800000,60000
R05-00886,91490000,300000
R05-00887,84690000,300000
R05-00888,13610000,40000
R05-00889,31790000,60000
R05-00890,33470000,150000
R05-00891,32030000,60000
R05-00892,64140000,150000
R05-00893,16020000,40000
R05-00894,51070000,150000
R05-00895,21450000,60000
R05-00896,4370000,0
R05-00897,27890000,60000
R05-00898,16760000,40000
R05-00899,171470000,600000
R05-00900,13900000,40000
R05-00901,151540000,600000
R05-00902,102960000,300000
R05-00903,46390000,150000
R05-00904,75940000,300000
R05-00905,63870000,150000
R05-00906,37070000,150000
R05-00907,115020000,300000
R05-00908,11570000,40000
R05-00909,31190000,60000
R05-00910,3070000,0
R05-00911,13560000,40000
R05-00912,53980000,150000
R05-00913,3840000,0
R05-00914,74190000,300000
R05-00915,81950000,300000
R05-00916,4770000,0
R05-00917,5250000,20000
R05-00918,138820000,600000
R05-00919,72020000,300000
R05-00920,48730000,150000
R05-00921,7830000,20000
R05-00922,12290000,40000
R05-00923,20910000,60000
R05-00924,31960000,60000
R05-00925,15680000,40000
R05-00926,12920000,40000
R05-00927,71470000,300000
R05-00928,13130000,40000
R05-00929,3770000,0
R05-00930,86160000,300000
R05-00931,12830000,40000
R05-00932,55180000,150000
R05-00933,92070000,300000
R05-00934,11500000,40000
R05-00935,130970000,300000
R05-00936,56950000,150000
R05-00937,61800000,150000
R05-00938,6330000,20000
R05-00939,133930000,600000
R05-00940,5300000,20000
R05-00941,24590000,60000
R05-00942,11330000,40000
R05-00943,104660000,300000
R05-00944,33240000,60000
R05-00945,21800000,60000
R05-00946,1540000,0
R05-00947,36120000,150000
R05-00948,22200000,60000
R05-00949,43520000,150000
R05-00950,11340000,40000
R05-00951,73810000,300000
R05-00952,23650000,60000
R05-00953,63520000,150000
R05-00954,6880000,20000
R05-00955,21250000,60000
R05-00956,23730000,60000
R05-00957,74930000,300000
R05-00958,65750000,150000
R05-00959,62040000,150000
R05-00960,52250000,150000
R05-00961,24500000,60000
R05-00962,33820000,150000
R05-00963,3390000,0
R05-00964,1920000,0
R05-00965,4360000,0
R05-00966,44530000,150000
R05-00967,90930000,300000
R05-00968,24810000,60000
R05-00969,17490000,40000
R05-00970,75520000,300000
R05-00971,4810000,0
R05-00972,31790000,60000
R05-00973,44110000,150000
R05-00974,32150000,60000
R05-00975,22150000,60000
R05-00976,26210000,60000
R05-00977,7620000,20000
R05-00978,71270000,300000
R05-00979,25190000,60000
R05-00980,12130000,40000
R05-00981,23490000,60000
R05-00982,75730000,300000
R05-00983,20360000,60000
R05-00984,34170000,150000
R05-00985,27380000,60000
R05-00986,13960000,40000
R05-00987,12310000,40000
R05-00988,41420000,150000
R05-00989,43150000,150000
R05-00990,13440000,40000
R05-00991,64990000,150000
R05-00992,44520000,150000
R05-00993,1240000,0
R05-00994,37710000,150000
R05-00995,123030000,300000
R05-00996,57170000,150000
R05-00997,48050000,150000
R05-00998,32690000,60000
R05-00999,22990000,60000
R05-01000,5230000,20000
R05-01001,74320000,300000
R05-01002,16640000,40000
R05-01003,14260000,40000
R05-01004,2000000,0
R05-01005,52360000,150000
R05-01006,55850000,150000
R05-01007,5540000,20000
R05-01008,44030000,150000
R05-01009,53320000,150000
R05-01010,41740000,150000
R05-01011,4620000,0
R05-01012,54530000,150000
R05-01013,113210000,300000
R05-01014,2370000,0
R05-01015,95990000,300000
R05-01016,11380000,40000
R05-01017,2570000,0
R05-01018,5870000,20000
R05-01019,13650000,40000
R05-01020,93300000,300000
R05-01021,24840000,60000
R05-01022,62080000,150000
R05-01023,15060000,40000
R05-01024,11700000,40000
R05-01025,67130000,300000
R05-01026,2120000,0
R05-01027,43760000,150000
R05-01028,43750000,150000
R05-01029,124730000,300000
R05-01030,102570000,300000
R05-01031,123890000,300000
R05-01032,32920000,60000
R05-01033,22590000,60000
R05-01034,45800000,150000
R05-01035,52230000,150000
R05-01036,10800000,40000
R05-01037,43050000,150000
R05-01038,24630000,60000
R05-01039,2520000,0
R05-01040,101500000,300000
R05-01041,38180000,150000
R05-01042,43860000,150000
R05-01043,5430000,20000
R05-01044,44320000,150000
R05-01045,41840000,150000
R05-01046,42100000,150000
R05-01047,111240000,300000
R05-01048,44530000,150000
R05-01049,41860000,150000
R05-01050,2930000,0
R05-01051,111120000,300000
R05-01052,1490000,0
R05-01053,31800000,60000
R05-01054,32190000,60000
R05-01055,96850000,300000
R05-01056,52870000,150000
R05-01057,86290000,300000
R05-01058,19310000,40000
R05-01059,54230000,150000
R05-01060,27380000,60000
R05-01061,75990000,300000
R05-01062,22040000,60000
R05-01063,212490000,1000000
R05-01064,55820000,150000
R05-01065,51060000,150000
R05-01066,153370000,600000
R05-01067,9710000,20000
R05-01068,3920000,0
R05-01069,45660000,150000
R05-01070,35900000,150000
R05-01071,15980000,40000
R05-01072,63760000,150000
R05-01073,104630000,300000
R05-01074,16690000,40000
R05-01075,3260000,0
R05-01076,45650000,150000
R05-01077,44760000,150000
R05-01078,14650000,40000
R05-01079,14810000,40000
R05-01080,176240000,600000
R05-01081,24020000,60000
R05-01082,51160000,150000
R05-01083,61470000,150000
R05-01084,15150000,40000
R05-01085,14660000,40000
R05-01086,22250000,60000
R05-01087,41170000,150000
R05-01088,61970000,150000
R05-01089,123830000,300000
R05-01090,72280000,300000
R05-01091,33420000,150000
R05-01092,2600000,0
R05-01093,14460000,40000
R05-01094,2690000,0
R05-01095,81580000,300000
R05-01096,96070000,300000
R05-01097,4710000,0
R05-01098,29290000,60000
R05-01099,2070000,0
R05-01100,32110000,60000
R05-01101,81420000,300000
R05-01102,27970000,60000
R05-01103,42110000,150000
R05-01104,3370000,0
R05-01105,4880000,0
R05-01106,52220000,150000
R05-01107,25140000,60000
R05-01108,11510000,40000
R05-01109,134160000,600000
R05-01110,72050000,300000
R05-01111,83630000,300000
R05-01112,38000000,150000
R05-01113,97170000,300000
R05-01114,21750000,60000
R05-01115,214100000,1000000
R05-01116,85510000,300000
R05-01117,18770000,40000
R05-01118,54010000,150000
R05-01119,38910000,150000
R05-01120,91890000,300000
R05-01121,52600000,150000
R05-01122,63750000,150000
R05-01123,3980000,0
R05-01124,1120000,0
R05-01125,13900000,40000
R05-01126,56560000,150000
R05-01127,5600000,20000
R05-01128,22090000,60000
R05-01129,22550000,60000
R05-01130,20790000,60000
R05-01131,42770000,150000
R05-01132,25830000,60000
R05-01133,5760000,20000
R05-01134,26130000,60000
R05-01135,122340000,300000
R05-01136,75170000,300000
R05-01137,1660000,0
R05-01138,66900000,300000
R05-01139,730000,0
R05-01140,101280000,300000
R05-01141,132230000,300000
R05-01142,43130000,150000
R05-01143,7610000,20000
R05-01144,1290000,0
R05-01145,117470000,300000
R05-01146,14860000,40000
R05-01147,113190000,300000
R05-01148,92510000,300000
R05-01149,50930000,150000
R05-01150,3040000,0
R05-01151,23370000,60000
R05-01152,71400000,300000
R05-01153,52880000,150000
R05-01154,4430000,0
R05-01155,41100000,150000
R05-01156,67100000,300000
R05-01157,23610000,60000
R05-01158,24360000,60000
R05-01159,53530000,150000
R05-01160,32410000,60000
R05-01161,88340000,300000
R05-01162,21940000,60000
R05-01163,53830000,150000
R05-01164,31110000,60000
R05-01165,11200000,40000
R05-01166,69160000,300000
R05-01167,51950000,150000
R05-01168,35400000,150000
R05-01169,34450000,150000
R05-01170,75170000,300000
R05-01171,7060000,20000
R05-01172,14200000,40000
R05-01173,25330000,60000
R05-01174,24500000,60000
R05-01175,4280000,0
R05-01176,52430000,150000
R05-01177,56500000,150000
R05-01178,16590000,40000
R05-01179,21330000,60000
R05-01180,61300000,150000
R05-01181,74800000,300000
R05-01182,1530000,0
R05-01183,42290000,150000
R05-01184,24930000,60000
R05-01185,108030000,300000
R05-01186,5010000,20000
R05-01187,125640000,300000
R05-01188,11290000,40000
R05-01189,58000000,150000
R05-01190,51070000,150000
R05-01191,44600000,150000
R05-01192,42610000,150000
R05-01193,12160000,40000
R05-01194,35240000,150000
R05-01195,21680000,60000
R05-01196,75350000,300000
R05-01197,4360000,0
R05-01198,72460000,300000
R05-01199,41710000,150000
R05-01200,29210000,60000
R05-01201,16080000,40000
R05-01202,30690000,60000
R05-01203,9210000,20000
R05-01204,42750000,150000
R05-01205,51060000,150000
R05-01206,6450000,20000
R05-01207,43810000,150000
R05-01208,75950000,300000
R05-01209,66030000,150000
R05-01210,20580000,60000
R05-01211,62160000,150000
R05-01212,34040000,150000
R05-01213,41060000,150000
R05-01214,37230000,150000
R05-01215,12270000,40000
R05-01216,114410000,300000
R05-01217,25220000,60000
R05-01218,59630000,150000
R05-01219,44890000,150000
R05-01220,91560000,300000
R05-01221,74480000,300000
R05-01222,2610000,0
R05-01223,22980000,60000
R05-01224,83820000,300000
R05-01225,28240000,60000
R05-01226,64010000,150000
R05-01227,1150000,0
R05-01228,14180000,40000
R05-01229,64350000,150000
R05-01230,33580000,150000
R05-01231,52140000,150000
R05-01232,44760000,150000
R05-01233,36130000,150000
R05-01234,92950000,300000
R05-01235,2390000,0
R05-01236,7280000,20000
R05-01237,122220000,300000
R05-01238,64770000,150000
R05-01239,12880000,40000
R05-01240,34500000,150000
R05-01241,20650000,60000
R05-01242,34960000,150000
R05-01243,44090000,150000
R05-01244,93960000,300000
R05-01245,65790000,150000
R05-01246,43580000,150000
R05-01247,58250000,150000
R05-01248,83910000,300000
R05-01249,43400000,150000
R05-01250,55730000,150000
R05-01251,750000,0
R05-01252,36000000,150000
R05-01253,33990000,150000
R05-01254,56770000,150000
R05-01255,38200000,150000
R05-01256,14840000,40000
R05-01257,34130000,150000
R05-01258,3150000,0
R05-01259,62460000,150000
R05-01260,101270000,300000
R05-01261,56650000,150000
R05-01262,1750000,0
R05-01263,82320000,300000
R05-01264,3520000,0
R05-01265,10650000,40000
R05-01266,3770000,0
R05-01267,125990000,300000
R05-01268,22550000,60000
R05-01269,100780000,300000
R05-01270,43630000,150000
R05-01271,7320000,20000
R05-01272,106600000,300000
R05-01273,1470000,0
R05-01274,67340000,300000
R05-01275,86790000,300000
R05-01276,60660000,150000
R05-01277,41150000,150000
R05-01278,33220000,60000
R05-01279,55120000,150000
R05-01280,111820000,300000
R05-01281,61860000,150000
R05-01282,151690000,600000
R05-01283,83000000,300000
R05-01284,4740000,0
R05-01285,94120000,300000
R05-01286,41750000,150000
R05-01287,52940000,150000
R05-01288,96020000,300000
R05-01289,23820000,60000
R05-01290,24390000,60000
R05-01291,22490000,60000
R05-01292,74410000,300000
R05-01293,73580000,300000
R05-01294,54610000,150000
R05-01295,133320000,300000
R05-01296,80620000,300000
R05-01297,75760000,300000
R05-01298,1980000,0
R05-01299,30770000,60000
R05-01300,52310000,150000
R05-01301,13670000,40000
R05-01302,73530000,300000
R05-01303,21110000,60000
R05-01304,4740000,0
R05-01305,33330000,60000
R05-01306,94410000,300000
R05-01307,41580000,150000
R05-01308,4920000,0
R05-01309,37340000,150000
R05-01310,117050000,300000
R05-01311,32350000,60000
R05-01312,56200000,150000
R05-01313,4720000,0
R05-01314,50910000,150000
R05-01315,24920000,60000
R05-01316,86020000,300000
R05-01317,1970000,0
R05-01318,40560000,150000
R05-01319,1330000,0
R05-01320,32780000,60000
R05-01321,107230000,300000
R05-01322,23910000,60000
R05-01323,11200000,40000
R05-01324,92620000,300000
R05-01325,35160000,150000
R05-01326,22460000,60000
R05-01327,122810000,300000
R05-01328,32240000,60000
R05-01329,24210000,60000
R05-01330,12670000,40000
R05-01331,91480000,300000
R05-01332,53710000,150000
R05-01333,21390000,60000
R05-01334,52470000,150000
R05-01335,106990000,300000
R05-01336,51690000,150000
R05-01337,3250000,0
R05-01338,85300000,300000
R05-01339,28190000,60000
R05-01340,41340000,150000
R05-01341,21860000,60000
R05-01342,21880000,60000
R05-01343,16530000,40000
R05-01344,14230000,40000
R05-01345,54230000,150000
R05-01346,12100000,40000
R05-01347,113200000,300000
R05-01348,25210000,60000
R05-01349,65120000,150000
R05-01350,13810000,40000
R05-01351,76330000,300000
R05-01352,23950000,60000
R05-01353,31300000,60000
R05-01354,80610000,300000
R05-01355,61520000,150000
R05-01356,106280000,300000
R05-01357,94640000,300000
R05-01358,62050000,150000
R05-01359,24190000,60000
R05-01360,72810000,300000
R05-01361,33890000,150000
R05-01362,86490000,300000
R05-01363,23460000,60000
R05-01364,43350000,150000
R05-01365,83230000,300000
R05-01366,12580000,40000
R05-01367,1410000,0
R05-01368,36340000,150000
R05-01369,4780000,0
R05-01370,75050000,300000
R05-01371,54320000,150000
R05-01372,56410000,150000
R05-01373,103120000,300000
R05-01374,55500000,150000
R05-01375,22130000,60000
R05-01376,60880000,150000
R05-01377,22270000,60000
R05-01378,10870000,40000
R05-01379,33000000,60000
R05-01380,4800000,0
R05-01381,105520000,300000
R05-01382,52000000,150000
R05-01383,4670000,0
R05-01384,12740000,40000
R05-01385,53080000,150000
R05-01386,13640000,40000
R05-01387,49130000,150000
R05-01388,1890000,0
R05-01389,1180000,0
R05-01390,111010000,300000
R05-01391,63690000,150000
R05-01392,61440000,150000
R05-01393,86000000,300000
R05-01394,10960000,40000
R05-01395,2100000,0
R05-01396,136130000,600000
R05-01397,31900000,60000
R05-01398,52950000,150000
R05-01399,1830000,0
R05-01400,65110000,150000
R05-01401,101180000,300000
R05-01402,21290000,60000
R05-01403,62450000,150000
R05-01404,26100000,60000
R05-01405,2290000,0
R05-01406,16990000,40000
R05-01407,76620000,300000
R05-01408,24090000,60000
R05-01409,810000,0
R05-01410,11140000,40000
R05-01411,52230000,150000
R05-01412,13910000,40000
R05-01413,20880000,60000
R05-01414,23370000,60000
R05-01415,3220000,0
R05-01416,16750000,40000
R05-01417,44130000,150000
R05-01418,85990000,300000
R05-01419,44140000,150000
R05-01420,44430000,150000
R05-01421,25200000,60000
R05-01422,35870000,150000
R05-01423,26570000,60000
R05-01424,91630000,300000
R05-01425,53460000,150000
R05-01426,32390000,60000
R05-01427,62220000,150000
R05-01428,6360000,20000
R05-01429,22430000,60000
R05-01430,62160000,150000
R05-01431,37630000,150000
R05-01432,27030000,60000
R05-01433,51930000,150000
R05-01434,42640000,150000
R05-01435,42140000,150000
R05-01436,87440000,300000
R05-01437,71920000,300000
R05-01438,132140000,300000
R05-01439,80850000,300000
R05-01440,3680000,0
R05-01441,22820000,60000
R05-01442,12550000,40000
R05-01443,24200000,60000
R05-01444,33580000,150000
R05-01445,49290000,150000
R05-01446,7080000,20000
R05-01447,12420000,40000
R05-01448,54880000,150000
R05-01449,11450000,40000
R05-01450,52420000,150000
R05-01451,93940000,300000
R05-01452,21130000,60000
R05-01453,55040000,150000
R05-01454,32330000,60000
R05-01455,32440000,60000
R05-01456,111910000,300000
R05-01457,2550000,0
R05-01458,27320000,60000
R05-01459,29070000,60000
R05-01460,76260000,300000
R05-01461,95250000,300000
R05-01462,52710000,150000
R05-01463,42350000,150000
R05-01464,56390000,150000
R05-01465,5180000,20000
R05-01466,23650000,60000
R05-01467,21230000,60000
R05-01468,16830000,40000
R05-01469,1890000,0
R05-01470,4720000,0
R05-01471,26030000,60000
R05-01472,114660000,300000
R05-01473,53310000,150000
R05-01474,2940000,0
R05-01475,35930000,150000
R05-01476,52330000,150000
R05-01477,26430000,60000
R05-01478,34160000,150000
R05-01479,54330000,150000
R05-01480,4870000,0
R05-01481,66150000,150000
R05-01482,27550000,60000
R05-01483,2550000,0
R05-01484,53670000,150000
R05-01485,92570000,300000
R05-01486,15170000,40000
R05-01487,13950000,40000
R05-01488,76850000,300000
R05-01489,22480000,60000
R05-01490,22930000,60000
R05-01491,21320000,60000
R05-01492,63390000,150000
R05-01493,61480000,150000
R05-01494,56020000,150000
R05-01495,83130000,300000
R05-01496,102270000,300000
R05-01497,53340000,150000
R05-01498,37000000,150000
R05-01499,84840000,300000
R05-01500,6970000,20000
R05-01501,31940000,60000
R05-01502,15010000,40000
R05-01503,77080000,300000
R05-01504,32600000,60000
R05-01505,43020000,150000
R05-01506,43090000,150000
R05-01507,111350000,300000
R05-01508,35620000,150000
R05-01509,57290000,150000
R05-01510,7710000,20000
R05-01511,44480000,150000
R05-01512,106810000,300000
R05-01513,66830000,300000
R05-01514,3520000,0
R05-01515,21070000,60000
R05-01516,53310000,150000
R05-01517,64160000,150000
R05-01518,55030000,150000
R05-01519,22300000,60000
R05-01520,35110000,150000
R05-01521,51820000,150000
R05-01522,44590000,150000
R05-01523,56340000,150000
R05-01524,3630000,0
R05-01525,3050000,0
R05-01526,112060000,300000
R05-01527,58810000,150000
R05-01528,33390000,150000
R05-01529,55450000,150000
R05-01530,31340000,60000
R05-01531,6380000,20000
R05-01532,31590000,60000
R05-01533,1550000,0
R05-01534,23150000,60000
R05-01535,4940000,0
R05-01536,5040000,20000
R05-01537,13950000,40000
R05-01538,102340000,300000
R05-01539,14980000,40000
R05-01540,18910000,40000
R05-01541,31410000,60000
R05-01542,33480000,150000
R05-01543,65130000,150000
R05-01544,23470000,60000
R05-01545,70570000,300000
R05-01546,41730000,150000
R05-01547,28620000,60000
R05-01548,67990000,300000
R05-01549,93290000,300000
R05-01550,43480000,150000
R05-01551,23420000,60000
R05-01552,35090000,150000
R05-01553,21130000,60000
R05-01554,98640000,300000
R05-01555,12840000,40000
R05-01556,48200000,150000
R05-01557,93290000,300000
R05-01558,52590000,150000
R05-01559,15710000,40000
R05-01560,36480000,150000
R05-01561,121780000,300000
R05-01562,42680000,150000
R05-01563,2190000,0
R05-01564,13900000,40000
R05-01565,13110000,40000
R05-01566,26910000,60000
R05-01567,14380000,40000
R05-01568,25810000,60000
R05-01569,55790000,150000
R05-01570,83640000,300000
R05-01571,4850000,0
R05-01572,98220000,300000
R05-01573,4940000,0
R05-01574,157110000,600000
R05-01575,11580000,40000
R05-01576,14460000,40000
R05-01577,31400000,60000
R05-01578,3500000,0
R05-01579,85260000,300000
R05-01580,43080000,150000
R05-01581,11380000,40000
R05-01582,22110000,60000
R05-01583,41960000,150000
R05-01584,43060000,150000
R05-01585,33970000,150000
R05-01586,33170000,60000
R05-01587,12620000,40000
R05-01588,24660000,60000
R05-01589,34640000,150000
R05-01590,73460000,300000
R05-01591,86060000,300000
R05-01592,22440000,60000
R05-01593,86070000,300000
R05-01594,14120000,40000
R05-01595,32510000,60000
R05-01596,32370000,60000
R05-01597,13240000,40000
R05-01598,95100000,300000
R05-01599,3790000,0
R05-01600,15260000,40000
R05-01601,75200000,300000
R05-01602,52000000,150000
R05-01603,4410000,0
R05-01604,142750000,600000
R05-01605,84710000,300000
R05-01606,66670000,300000
R05-01607,52820000,150000
R05-01608,51700000,150000
R05-01609,71280000,300000
R05-01610,63900000,150000
R05-01611,40320000,150000
R05-01612,3720000,0
R05-01613,14050000,40000
R05-01614,80840000,300000
R05-01615,64960000,150000
R05-01616,61310000,150000
R05-01617,11590000,40000
R05-01618,12990000,40000
R05-01619,122420000,300000
R05-01620,10900000,40000
R05-01621,117110000,300000
R05-01622,6980000,20000
R05-01623,24620000,60000
R05-01624,52730000,150000
R05-01625,106600000,300000
R05-01626,42560000,150000
R05-01627,62990000,150000
R05-01628,9120000,20000
R05-01629,16020000,40000
R05-01630,105820000,300000
R05-01631,1730000,0
R05-01632,10430000,40000
R05-01633,7900000,20000
R05-01634,110430000,300000
R05-01635,92000000,300000
R05-01636,93020000,300000
R05-01637,23830000,60000
R05-01638,25450000,60000
R05-01639,13010000,40000
R05-01640,54940000,150000
R05-01641,2390000,0
R05-01642,72280000,300000
R05-01643,2180000,0
R05-01644,72210000,300000
R05-01645,57100000,150000
R05-01646,28450000,60000
R05-01647,42760000,150000
R05-01648,31010000,60000
R05-01649,71600000,300000
R05-01650,8590000,20000
R05-01651,21670000,60000
R05-01652,55320000,150000
R05-01653,74030000,300000
R05-01654,630000,0
R05-01655,31420000,60000
R05-01656,137300000,600000
R05-01657,143250000,600000
R05-01658,76160000,300000
R05-01659,27800000,60000
R05-01660,12470000,40000
R05-01661,47400000,150000
R05-01662,95870000,300000
R05-01663,43050000,150000
R05-01664,22500000,60000
R05-01665,116540000,300000
R05-01666,12100000,40000
R05-01667,11750000,40000
R05-01668,75370000,300000
R05-01669,67290000,300000
R05-01670,44180000,150000
R05-01671,27360000,60000
R05-01672,12970000,40000
R05-01673,91040000,300000
R05-01674,14280000,40000
R05-01675,143890000,600000
R05-01676,10190000,40000
R05-01677,52500000,150000
R05-01678,2410000,0
R05-01679,3670000,0
R05-01680,103230000,300000
R05-01681,72200000,300000
R05-01682,38380000,150000
R05-01683,102090000,300000
R05-01684,12660000,40000
R05-01685,75080000,300000
R05-01686,3430000,0
R05-01687,32870000,60000
R05-01688,56880000,150000
R05-01689,16800000,40000
R05-01690,33280000,60000
R05-01691,84170000,300000
R05-01692,23450000,60000
R05-01693,2760000,0
R05-01694,57900000,150000
R05-01695,31960000,60000
R05-01696,23040000,60000
R05-01697,58460000,150000
R05-01698,3810000,0
R05-01699,70660000,300000
R05-01700,31610000,60000
R05-01701,71270000,300000
R05-01702,31890000,60000
R05-01703,24120000,60000
R05-01704,6830000,20000
R05-01705,26540000,60000
R05-01706,2670000,0
R05-01707,22750000,60000
R05-01708,3800000,0
R05-01709,61080000,150000
R05-01710,21600000,60000
R05-01711,12940000,40000
R05-01712,21330000,60000
R05-01713,23690000,60000
R05-01714,131910000,300000
R05-01715,4000000,0
R05-01716,3350000,0
R05-01717,42520000,150000
R05-01718,24270000,60000
R05-01719,91230000,300000
R05-01720,23100000,60000
R05-01721,33350000,150000
R05-01722,54490000,150000
R05-01723,54580000,150000
R05-01724,61070000,150000
R05-01725,13750000,40000
R05-01726,23670000,60000
R05-01727,80920000,300000
R05-01728,104780000,300000
R05-01729,24750000,60000
R05-01730,73930000,300000
R05-01731,135480000,600000
R05-01732,61620000,150000
R05-01733,2670000,0
R05-01734,111460000,300000
R05-01735,53950000,150000
R05-01736,13590000,40000
R05-01737,73960000,300000
R05-01738,13380000,40000
R05-01739,33860000,150000
R05-01740,3230000,0
R05-01741,81220000,300000
R05-01742,23290000,60000
R05-01743,2460000,0
R05-01744,26220000,60000
R05-01745,15760000,40000
R05-01746,12470000,40000
R05-01747,4080000,0
R05-01748,177400000,600000
R05-01749,30690000,60000
R05-01750,35230000,150000
R05-01751,67700000,300000
R05-01752,43260000,150000
R05-01753,76650000,300000
R05-01754,47970000,150000
R05-01755,64100000,150000
R05-01756,50540000,150000
R05-01757,82110000,300000
R05-01758,24430000,60000
R05-01759,44340000,150000
R05-01760,37720000,150000
R05-01761,26140000,60000
R05-01762,86200000,300000
R05-01763,2280000,0
R05-01764,20540000,60000
R05-01765,42780000,150000
R05-01766,11490000,40000
R05-01767,3750000,0
R05-01768,42580000,150000
R05-01769,11380000,40000
R05-01770,1990000,0
R05-01771,37570000,150000
R05-01772,65180000,150000
R05-01773,14380000,40000
R05-01774,45190000,150000
R05-01775,37110000,150000
R05-01776,13000000,40000
R05-01777,43310000,150000
R05-01778,32360000,60000
R05-01779,41880000,150000
R05-01780,33010000,60000
R05-01781,3270000,0
R05-01782,13390000,40000
R05-01783,12280000,40000
R05-01784,3090000,0
R05-01785,35580000,150000
R05-01786,94320000,300000
R05-01787,42330000,150000
R05-01788,4110000,0
R05-01789,62480000,150000
R05-01790,43060000,150000
R05-01791,24080000,60000
R05-01792,62700000,150000
R05-01793,50250000,150000
R05-01794,14850000,40000
R05-01795,23100000,60000
R05-01796,40510000,150000
R05-01797,11620000,40000
R05-01798,34130000,150000
R05-01799,51470000,150000
R05-01800,12110000,40000
R05-01801,14590000,40000
R05-01802,62980000,150000
R05-01803,27990000,60000
R05-01804,83380000,300000
R05-01805,83840000,300000
R05-01806,6060000,20000
R05-01807,62120000,150000
R05-01808,52990000,150000
R05-01809,44190000,150000
R05-01810,33400000,150000
R05-01811,13880000,40000
R05-01812,20380000,60000
R05-01813,81890000,300000
R05-01814,21780000,60000
R05-01815,45810000,150000
R05-01816,62300000,150000
R05-01817,34760000,150000
R05-01818,126180000,300000
R05-01819,53090000,150000
R05-01820,124510000,300000
R05-01821,82610000,300000
R05-01822,26550000,60000
R05-01823,127160000,300000
R05-01824,33390000,150000
R05-01825,13890000,40000
R05-01826,13870000,40000
R05-01827,1810000,0
R05-01828,55170000,150000
R05-01829,21710000,60000
R05-01830,46900000,150000
R05-01831,112800000,300000
R05-01832,94830000,300000
R05-01833,1980000,0
R05-01834,42470000,150000
R05-01835,43300000,150000
R05-01836,143040000,600000
R05-01837,60890000,150000
R05-01838,23390000,60000
R05-01839,112750000,300000
R05-01840,51940000,150000
R05-01841,11440000,40000
R05-01842,33040000,60000
R05-01843,68070000,300000
R05-01844,83170000,300000
R05-01845,44390000,150000
R05-01846,57330000,150000
R05-01847,46200000,150000
R05-01848,31500000,60000
R05-01849,42350000,150000
R05-01850,22900000,60000
R05-01851,6720000,20000
R05-01852,57560000,150000
R05-01853,46430000,150000
R05-01854,21990000,60000
R05-01855,7550000,20000
R05-01856,45960000,150000
R05-01857,62630000,150000
R05-01858,85940000,300000
R05-01859,2080000,0
R05-01860,85030000,300000
R05-01861,33360000,150000
R05-01862,3710000,0
R05-01863,61970000,150000
R05-01864,21390000,60000
R05-01865,54430000,150000
R05-01866,42180000,150000
R05-01867,24140000,60000
R05-01868,109110000,300000
R05-01869,61990000,150000
R05-01870,24780000,60000
R05-01871,42670000,150000
R05-01872,42760000,150000
R05-01873,6890000,20000
R05-01874,58300000,150000
R05-01875,62900000,150000
R05-01876,24570000,60000
R05-01877,101810000,300000
R05-01878,44990000,150000
R05-01879,45830000,150000
R05-01880,8790000,20000
R05-01881,21010000,60000
R05-01882,4210000,0
R05-01883,131110000,300000
R05-01884,27070000,60000
R05-01885,13790000,40000
R05-01886,33960000,150000
R05-01887,104750000,300000
R05-01888,1930000,0
R05-01889,51430000,150000
R05-01890,72670000,300000
R05-01891,82490000,300000
R05-01892,3810000,0
R05-01893,56290000,150000
R05-01894,36140000,150000
R05-01895,10460000,40000
R05-01896,24380000,60000
R05-01897,33460000,150000
R05-01898,31300000,60000
R05-01899,56140000,150000
R05-01900,91540000,300000
R05-01901,12500000,40000
R05-01902,37270000,150000
R05-01903,4290000,0
R05-01904,7760000,20000
R05-01905,46560000,150000
R05-01906,4300000,0
R05-01907,35650000,150000
R05-01908,84990000,300000
R05-01909,12610000,40000
R05-01910,1520000,0
R05-01911,3560000,0
R05-01912,8390000,20000
R05-01913,14220000,40000
R05-01914,82030000,300000
R05-01915,25190000,60000
R05-01916,12650000,40000
R05-01917,68580000,300000
R05-01918,33500000,150000
R05-01919,35930000,150000
R05-01920,4200000,0
R05-01921,44680000,150000
R05-01922,51700000,150000
R05-01923,103510000,300000
R05-01924,45200000,150000
R05-01925,52610000,150000
R05-01926,23220000,60000
R05-01927,53340000,150000
R05-01928,31380000,60000
R05-01929,13860000,40000
R05-01930,117720000,300000
R05-01931,8150000,20000
R05-01932,98690000,300000
R05-01933,74050000,300000
R05-01934,92630000,300000
R05-01935,3100000,0
R05-01936,14520000,40000
R05-01937,5550000,20000
R05-01938,88350000,300000
R05-01939,42340000,150000
R05-01940,14390000,40000
R05-01941,75270000,300000
R05-01942,22270000,60000
R05-01943,1910000,0
R05-01944,42480000,150000
R05-01945,56480000,150000
R05-01946,45960000,150000
R05-01947,30760000,60000
R05-01948,50220000,150000
R05-01949,101950000,300000
R05-01950,95760000,300000
R05-01951,12680000,40000
R05-01952,117560000,300000
R05-01953,56810000,150000
R05-01954,40940000,150000
R05-01955,24560000,60000
R05-01956,55240000,150000
R05-01957,151200000,600000
R05-01958,52720000,150000
R05-01959,81080000,300000
R05-01960,34310000,150000
R05-01961,11500000,40000
R05-01962,77300000,300000
R05-01963,33500000,150000
R05-01964,63190000,150000
R05-01965,45300000,150000
R05-01966,36110000,150000
R05-01967,1620000,0
R05-01968,1330000,0
R05-01969,25780000,60000
R05-01970,86350000,300000
R05-01971,43130000,150000
R05-01972,82400000,300000
R05-01973,64870000,150000
R05-01974,71130000,300000
R05-01975,43310000,150000
R05-01976,113100000,300000
R05-01977,76940000,300000
R05-01978,146250000,600000
R05-01979,76910000,300000
R05-01980,4450000,0
R05-01981,11530000,40000
R05-01982,92640000,300000
R05-01983,16190000,40000
R05-01984,5450000,20000
R05-01985,94220000,300000
R05-01986,61380000,150000
R05-01987,65520000,150000
R05-01988,74480000,300000
R05-01989,43030000,150000
R05-01990,66250000,150000
R05-01991,11920000,40000
R05-01992,11900000,40000
R05-01993,49490000,150000
R05-01994,71760000,300000
R05-01995,42410000,150000
R05-01996,25030000,60000
R05-01997,42630000,150000
R05-01998,22820000,60000
R05-01999,88440000,300000
R05-02000,2680000,0
R05-02001,1210000,0
R05-02002,21010000,60000
R05-02003,56690000,150000
R05-02004,5630000,20000
R05-02005,16990000,40000
R05-02006,2280000,0
R05-02007,103770000,300000
R05-02008,1860000,0
R05-02009,4530000,0
R05-02010,82080000,300000
R05-02011,91400000,300000
R05-02012,34190000,150000
R05-02013,63020000,150000
R05-02014,11770000,40000
R05-02015,92480000,300000
R05-02016,7710000,20000
R05-02017,23910000,60000
R05-02018,62740000,150000
R05-02019,50160000,150000
R05-02020,41360000,150000
R05-02021,48630000,150000
R05-02022,95170000,300000
R05-02023,98080000,300000
R05-02024,62000000,150000
R05-02025,25500000,60000
R05-02026,7640000,20000
R05-02027,77590000,300000
R05-02028,2230000,0
R05-02029,5080000,20000
R05-02030,43690000,150000
R05-02031,12850000,40000
R05-02032,27360000,60000
R05-02033,42200000,150000
R05-02034,21360000,60000
R05-02035,37420000,150000
R05-02036,87750000,300000
R05-02037,3340000,0
R05-02038,44680000,150000
R05-02039,22170000,60000
R05-02040,7380000,20000
R05-02041,73040000,300000
R05-02042,3020000,0
R05-02043,14960000,40000
R05-02044,3390000,0
R05-02045,48530000,150000
R05-02046,24260000,60000
R05-02047,51850000,150000
R05-02048,14270000,40000
R05-02049,24360000,60000
R05-02050,7850000,20000
R05-02051,7520000,20000
R05-02052,21170000,60000
R05-02053,33200000,60000
R05-02054,34340000,150000
R05-02055,42590000,150000
R05-02056,84500000,300000
R05-02057,27360000,60000
R05-02058,35520000,150000
R05-02059,47350000,150000
R05-02060,23200000,60000
R05-02061,8680000,20000
R05-02062,125550000,300000
R05-02063,86730000,300000
R05-02064,36880000,150000
R05-02065,22770000,60000
R05-02066,15290000,40000
R05-02067,22380000,60000
R05-02068,112330000,300000
R05-02069,92270000,300000
R05-02070,21090000,60000
R05-02071,51040000,150000
R05-02072,23570000,60000
R05-02073,28380000,60000
R05-02074,34600000,150000
R05-02075,22890000,60000
R05-02076,6690000,20000
R05-02077,50750000,150000
R05-02078,82470000,300000
R05-02079,51640000,150000
R05-02080,45050000,150000
R05-02081,42020000,150000
R05-02082,70520000,300000
R05-02083,28930000,60000
R05-02084,22420000,60000
R05-02085,72950000,300000
R05-02086,77940000,300000
R05-02087,15920000,40000
R05-02088,66420000,150000
R05-02089,35610000,150000
R05-02090,710000,0
R05-02091,1620000,0
R05-02092,111170000,300000
R05-02093,61280000,150000
R05-02094,13340000,40000
R05-02095,47000000,150000
R05-02096,105660000,300000
R05-02097,32440000,60000
R05-02098,45950000,150000
R05-02099,50680000,150000
R05-02100,53130000,150000
R05-02101,58390000,150000
R05-02102,96420000,300000
R05-02103,25620000,60000
R05-02104,44210000,150000
R05-02105,23010000,60000
R05-02106,134810000,600000
R05-02107,63340000,150000
R05-02108,35130000,150000
R05-02109,60840000,150000
R05-02110,15000000,40000
R05-02111,23120000,60000
R05-02112,3520000,0
R05-02113,13300000,40000
R05-02114,92520000,300000
R05-02115,76050000,300000
R05-02116,43190000,150000
R05-02117,44800000,150000
R05-02118,11730000,40000
R05-02119,65250000,150000
R05-02120,4250000,0
R05-02121,2800000,0
R05-02122,16140000,40000
R05-02123,16510000,40000
R05-02124,45430000,150000
R05-02125,1480000,0
R05-02126,26260000,60000
R05-02127,1290000,0
R05-02128,27130000,60000
R05-02129,35200000,150000
R05-02130,21710000,60000
R05-02131,94900000,300000
R05-02132,72420000,300000
R05-02133,2720000,0
R05-02134,47030000,150000
R05-02135,85250000,300000
R05-02136,64710000,150000
R05-02137,24420000,60000
R05-02138,12770000,40000
R05-02139,94440000,300000
R05-02140,87290000,300000
R05-02141,5730000,20000
R05-02142,34390000,150000
R05-02143,95460000,300000
R05-02144,12990000,40000
R05-02145,41100000,150000
R05-02146,14610000,40000
R05-02147,13680000,40000
R05-02148,81650000,300000
R05-02149,34790000,150000
R05-02150,6530000,20000
R05-02151,45170000,150000
R05-02152,85210000,300000
R05-02153,18630000,40000
R05-02154,8820000,20000
R05-02155,4200000,0
R05-02156,57050000,150000
R05-02157,25020000,60000
R05-02158,7060000,20000
R05-02159,2150000,0
R05-02160,3780000,0
R05-02161,43810000,150000
R05-02162,13100000,40000
R05-02163,1110000,0
R05-02164,10980000,40000
R05-02165,25150000,60000
R05-02166,21380000,60000
R05-02167,130720000,300000
R05-02168,12760000,40000
R05-02169,36590000,150000
R05-02170,20540000,60000
R05-02171,2230000,0
R05-02172,85810000,300000
R05-02173,28490000,60000
R05-02174,5190000,20000
R05-02175,81220000,300000
R05-02176,10320000,40000
R05-02177,114140000,300000
R05-02178,5370000,20000
R05-02179,139220000,600000
R05-02180,13080000,40000
R05-02181,11760000,40000
R05-02182,34370000,150000
R05-02183,105450000,300000
R05-02184,54590000,150000
R05-02185,2480000,0
R05-02186,25270000,60000
R05-02187,43780000,150000
R05-02188,12950000,40000
R05-02189,55120000,150000
R05-02190,114830000,300000
R05-02191,29700000,60000
R05-02192,1230000,0
R05-02193,31940000,60000
R05-02194,57640000,150000
R05-02195,2500000,0
R05-02196,12080000,40000
R05-02197,83810000,300000
R05-02198,114510000,300000
R05-02199,12450000,40000
R05-02200,2860000,0
R05-02201,3380000,0
R05-02202,14390000,40000
R05-02203,80730000,300000
R05-02204,14140000,40000
R05-02205,53910000,150000
R05-02206,97310000,300000
R05-02207,102740000,300000
R05-02208,2210000,0
R05-02209,1490000,0
R05-02210,31960000,60000
R05-02211,4660000,0
R05-02212,2980000,0
R05-02213,6660000,20000
R05-02214,13430000,40000
R05-02215,91900000,300000
R05-02216,21360000,60000
R05-02217,10710000,40000
R05-02218,52060000,150000
R05-02219,32110000,60000
R05-02220,103120000,300000
R05-02221,15350000,40000
R05-02222,33750000,150000
R05-02223,25440000,60000
R05-02224,53700000,150000
R05-02225,101420000,300000
R05-02226,12970000,40000
R05-02227,11680000,40000
R05-02228,22830000,60000
R05-02229,56750000,150000
R05-02230,34320000,150000
R05-02231,18030000,40000
R05-02232,54670000,150000
R05-02233,5300000,20000
R05-02234,13540000,40000
R05-02235,104810000,300000
R05-02236,1040000,0
R05-02237,123400000,300000
R05-02238,13740000,40000
R05-02239,14800000,40000
R05-02240,112930000,300000
R05-02241,32110000,60000
R05-02242,94060000,300000
R05-02243,56370000,150000
R05-02244,21180000,60000
R05-02245,45560000,150000
R05-02246,38980000,150000
R05-02247,43880000,150000
R05-02248,33950000,150000
R05-02249,12970000,40000
R05-02250,34370000,150000
R05-02251,65350000,150000
R05-02252,30610000,60000
R05-02253,17400000,40000
R05-02254,61720000,150000
R05-02255,2140000,0
R05-02256,64720000,150000
R05-02257,6260000,20000
R05-02258,27440000,60000
R05-02259,74560000,300000
R05-02260,23420000,60000
R05-02261,74030000,300000
R05-02262,22530000,60000
R05-02263,87250000,300000
R05-02264,64280000,150000
R05-02265,1320000,0
R05-02266,13450000,40000
R05-02267,23430000,60000
R05-02268,32920000,60000
R05-02269,6000000,20000
R05-02270,60370000,150000
R05-02271,22320000,60000
R05-02272,12630000,40000
R05-02273,14040000,40000
R05-02274,41840000,150000
R05-02275,66240000,150000
R05-02276,4360000,0
R05-02277,21360000,60000
R05-02278,3840000,0
R05-02279,4020000,0
R05-02280,38840000,150000
R05-02281,72570000,300000
R05-02282,2000000,0
R05-02283,106240000,300000
R05-02284,13310000,40000
R05-02285,91670000,300000
R05-02286,76410000,300000
R05-02287,52340000,150000
R05-02288,53000000,150000
R05-02289,73720000,300000
R05-02290,1190000,0
R05-02291,44460000,150000
R05-02292,81930000,300000
R05-02293,4520000,0
R05-02294,91320000,300000
R05-02295,45740000,150000
R05-02296,73550000,300000
R05-02297,31030000,60000
R05-02298,75530000,300000
R05-02299,43040000,150000
R05-02300,16980000,40000
R05-02301,55840000,150000
R05-02302,24670000,60000
R05-02303,58340000,150000
R05-02304,3490000,0
R05-02305,121990000,300000
R05-02306,26000000,60000
R05-02307,44860000,150000
R05-02308,108600000,300000
R05-02309,86590000,300000
R05-02310,63840000,150000
R05-02311,27460000,60000
R05-02312,101450000,300000
R05-02313,61080000,150000
R05-02314,2880000,0
R05-02315,75970000,300000
R05-02316,3890000,0
R05-02317,67510000,300000
R05-02318,13160000,40000
R05-02319,77380000,300000
R05-02320,93440000,300000
R05-02321,24850000,60000
R05-02322,21990000,60000
R05-02323,116030000,300000
R05-02324,82770000,300000
R05-02325,61680000,150000
R05-02326,72800000,300000
R05-02327,71320000,300000
R05-02328,7800000,20000
R05-02329,227670000,1000000
R05-02330,83950000,300000
R05-02331,3320000,0
R05-02332,32620000,60000
R05-02333,43630000,150000
R05-02334,15500000,40000
R05-02335,81400000,300000
R05-02336,24720000,60000
R05-02337,12300000,40000
R05-02338,47430000,150000
R05-02339,14350000,40000
R05-02340,82050000,300000
R05-02341,82070000,300000
R05-02342,24950000,60000
R05-02343,51060000,150000
R05-02344,27000000,60000
R05-02345,10580000,40000
R05-02346,14750000,40000
R05-02347,24830000,60000
R05-02348,34560000,150000
R05-02349,37190000,150000
R05-02350,21400000,60000
R05-02351,2490000,0
R05-02352,142310000,600000
R05-02353,66060000,150000
R05-02354,63390000,150000
R05-02355,27360000,60000
R05-02356,21320000,60000
R05-02357,33490000,150000
R05-02358,75280000,300000
R05-02359,13390000,40000
R05-02360,5990000,20000
R05-02361,92860000,300000
R05-02362,11520000,40000
R05-02363,25610000,60000
R05-02364,123100000,300000
R05-02365,32450000,60000
R05-02366,32590000,60000
R05-02367,27530000,60000
R05-02368,33130000,60000
R05-02369,95880000,300000
R05-02370,61930000,150000
R05-02371,44150000,150000
R05-02372,55390000,150000
R05-02373,1010000,0
R05-02374,39640000,150000
R05-02375,21800000,60000
R05-02376,3620000,0
R05-02377,61030000,150000
R05-02378,32410000,60000
R05-02379,25180000,60000
R05-02380,53490000,150000
R05-02381,105250000,300000
R05-02382,76960000,300000
R05-02383,3620000,0
R05-02384,1320000,0
R05-02385,1090000,0
R05-02386,42900000,150000
R05-02387,22190000,60000
R05-02388,65150000,150000
R05-02389,78530000,300000
R05-02390,47850000,150000
R05-02391,3410000,0
R05-02392,3840000,0
R05-02393,1650000,0
R05-02394,64260000,150000
R05-02395,43300000,150000
R05-02396,25060000,60000
R05-02397,6910000,20000
R05-02398,47010000,150000
R05-02399,2820000,0
R05-02400,71200000,300000
R05-02401,5000000,20000
R05-02402,5860000,20000
R05-02403,13510000,40000
R05-02404,1420000,0
R05-02405,121530000,300000
R05-02406,54210000,150000
R05-02407,85030000,300000
R05-02408,15550000,40000
R05-02409,45830000,150000
R05-02410,107770000,300000
R05-02411,10470000,40000
R05-02412,26240000,60000
R05-02413,13810000,40000
R05-02414,14730000,40000
R05-02415,84020000,300000
R05-02416,41850000,150000
R05-02417,4700000,0
R05-02418,45510000,150000
R05-02419,22010000,60000
R05-02420,59250000,150000
R05-02421,14920000,40000
R05-02422,3320000,0
R05-02423,61270000,150000
R05-02424,42370000,150000
R05-02425,15240000,40000
R05-02426,63270000,150000
R05-02427,101740000,300000
R05-02428,18040000,40000
R05-02429,14370000,40000
R05-02430,21500000,60000
R05-02431,23760000,60000
R05-02432,66340000,150000
R05-02433,44940000,150000
R05-02434,57350000,150000
R05-02435,2980000,0
R05-02436,33760000,150000
R05-02437,2520000,0
R05-02438,2860000,0
R05-02439,65980000,150000
R05-02440,41400000,150000
R05-02441,40850000,150000
R05-02442,42920000,150000
R05-02443,32020000,60000
R05-02444,42070000,150000
R05-02445,23740000,60000
R05-02446,22680000,60000
R05-02447,117440000,300000
R05-02448,16820000,40000
R05-02449,31880000,60000
R05-02450,64910000,150000
R05-02451,9100000,20000
R05-02452,2130000,0
R05-02453,2080000,0
R05-02454,13160000,40000
R05-02455,24570000,60000
R05-02456,24620000,60000
R05-02457,13300000,40000
R05-02458,16870000,40000
R05-02459,114870000,300000
R05-02460,31540000,60000
R05-02461,23400000,60000
R05-02462,53930000,150000
R05-02463,39570000,150000
R05-02464,27920000,60000
R05-02465,54550000,150000
R05-02466,45260000,150000
R05-02467,57310000,150000
R05-02468,11200000,40000
R05-02469,43900000,150000
R05-02470,90940000,300000
R05-02471,54490000,150000
R05-02472,50900000,150000
R05-02473,1310000,0
R05-02474,82510000,300000
R05-02475,24750000,60000
R05-02476,46150000,150000
R05-02477,75030000,300000
R05-02478,13820000,40000
R05-02479,103170000,300000
R05-02480,24680000,60000
R05-02481,3500000,0
R05-02482,26510000,60000
R05-02483,36050000,150000
R05-02484,80140000,300000
R05-02485,34370000,150000
R05-02486,35450000,150000
R05-02487,55420000,150000
R05-02488,3780000,0
R05-02489,13280000,40000
R05-02490,83550000,300000
R05-02491,72070000,300000
R05-02492,105830000,300000
R05-02493,92750000,300000
R05-02494,239150000,1000000
R05-02495,46620000,150000
R05-02496,66400000,150000
R05-02497,74680000,300000
R05-02498,4350000,0
R05-02499,2960000,0
R05-02500,33060000,60000
R05-02501,60910000,150000
R05-02502,3060000,0
R05-02503,47280000,150000
R05-02504,81250000,300000
R05-02505,22120000,60000
R05-02506,53370000,150000
R05-02507,27810000,60000
R05-02508,42740000,150000
R05-02509,83280000,300000
R05-02510,24710000,60000
R05-02511,81980000,300000
R05-02512,26110000,60000
R05-02513,133950000,600000
R05-02514,22590000,60000
R05-02515,111580000,300000
R05-02516,2190000,0
R05-02517,38290000,150000
R05-02518,25820000,60000
R05-02519,24580000,60000
R05-02520,93070000,300000
R05-02521,25620000,60000
R05-02522,64370000,150000
R05-02523,26970000,60000
R05-02524,72400000,300000
R05-02525,152130000,600000
R05-02526,31270000,60000
R05-02527,25560000,60000
R05-02528,26420000,60000
R05-02529,75550000,300000
R05-02530,34600000,150000
R05-02531,51840000,150000
R05-02532,76630000,300000
R05-02533,72530000,300000
R05-02534,42220000,150000
R05-02535,63260000,150000
R05-02536,96710000,300000
R05-02537,26130000,60000
R05-02538,40970000,150000
R05-02539,31260000,60000
R05-02540,29670000,60000
R05-02541,33240000,60000
R05-02542,18090000,40000
R05-02543,4640000,0
R05-02544,4200000,0
R05-02545,56480000,150000
R05-02546,43960000,150000
R05-02547,35600000,150000
R05-02548,35870000,150000
R05-02549,87660000,300000
R05-02550,76110000,300000
R05-02551,82570000,300000
R05-02552,3910000,0
R05-02553,44660000,150000
R05-02554,34010000,150000
R05-02555,68430000,300000
R05-02556,13590000,40000
R05-02557,47060000,150000
R05-02558,52590000,150000
R05-02559,75610000,300000
R05-02560,41040000,150000
R05-02561,130000,0
R05-02562,35880000,150000
R05-02563,44380000,150000
R05-02564,11350000,40000
R05-02565,137820000,600000
R05-02566,68160000,300000
R05-02567,51720000,150000
R05-02568,15740000,40000
R05-02569,4260000,0
R05-02570,101830000,300000
R05-02571,96730000,300000
R05-02572,2130000,0
R05-02573,8520000,20000
R05-02574,25940000,60000
R05-02575,38470000,150000
R05-02576,57990000,150000
R05-02577,92920000,300000
R05-02578,31820000,60000
R05-02579,51180000,150000
R05-02580,224000000,1000000
R05-02581,61170000,150000
R05-02582,32070000,60000
R05-02583,106280000,300000
R05-02584,16830000,40000
R05-02585,81420000,300000
R05-02586,26530000,60000
R05-02587,52060000,150000
R05-02588,13680000,40000
R05-02589,4370000,0
R05-02590,23060000,60000
R05-02591,5390000,20000
R05-02592,34270000,150000
R05-02593,30930000,60000
R05-02594,17660000,40000
R05-02595,113510000,300000
R05-02596,33070000,60000
R05-02597,43200000,150000
R05-02598,21240000,60000
R05-02599,22680000,60000
R05-02600,39110000,150000
R05-02601,61740000,150000
R05-02602,25390000,60000
R05-02603,36600000,150000
R05-02604,18290000,40000
R05-02605,44200000,150000
R05-02606,83080000,300000
R05-02607,22390000,60000
R05-02608,78520000,300000
R05-02609,53120000,150000
R05-02610,11370000,40000
R05-02611,36790000,150000
R05-02612,61280000,150000
R05-02613,16940000,40000
R05-02614,34530000,150000
R05-02615,34530000,150000
R05-02616,5310000,20000
R05-02617,14090000,40000
R05-02618,45730000,150000
R05-02619,41730000,150000
R05-02620,22860000,60000
R05-02621,54060000,150000
R05-02622,4300000,0
R05-02623,2360000,0
R05-02624,3220000,0
R05-02625,2490000,0
R05-02626,33130000,60000
R05-02627,72540000,300000
R05-02628,25840000,60000
R05-02629,8440000,20000
R05-02630,27660000,60000
R05-02631,82340000,300000
R05-02632,17140000,40000
R05-02633,3350000,0
R05-02634,22450000,60000
R05-02635,37930000,150000
R05-02636,30790000,60000
R05-02637,55700000,150000
R05-02638,22760000,60000
R05-02639,22050000,60000
R05-02640,82420000,300000
R05-02641,20710000,60000
R05-02642,5210000,20000
R05-02643,36370000,150000
R05-02644,3560000,0
R05-02645,42830000,150000
R05-02646,115450000,300000
R05-02647,77750000,300000
R05-02648,84500000,300000
R05-02649,22350000,60000
R05-02650,6060000,20000
R05-02651,14380000,40000
R05-02652,1950000,0
R05-02653,46380000,150000
R05-02654,22370000,60000
R05-02655,14830000,40000
R05-02656,105570000,300000
R05-02657,4090000,0
R05-02658,63830000,150000
R05-02659,23690000,60000
R05-02660,52870000,150000
R05-02661,18640000,40000
R05-02662,28790000,60000
R05-02663,73400000,300000
R05-02664,21670000,60000
R05-02665,13650000,40000
R05-02666,22490000,60000
R05-02667,8150000,20000
R05-02668,18080000,40000
R05-02669,55060000,150000
R05-02670,16320000,40000
R05-02671,55180000,150000
R05-02672,13690000,40000
R05-02673,24120000,60000
R05-02674,1470000,0
R05-02675,21730000,60000
R05-02676,51880000,150000
R05-02677,35480000,150000
R05-02678,102170000,300000
R05-02679,81580000,300000
R05-02680,67320000,300000
R05-02681,680000,0
R05-02682,84160000,300000
R05-02683,6240000,20000
R05-02684,89020000,300000
R05-02685,56720000,150000
R05-02686,23060000,60000
R05-02687,13480000,40000
R05-02688,24190000,60000
R05-02689,23270000,60000
R05-02690,102240000,300000
R05-02691,34120000,150000
R05-02692,62770000,150000
R05-02693,93410000,300000
R05-02694,72850000,300000
R05-02695,12860000,40000
R05-02696,91820000,300000
R05-02697,53910000,150000
R05-02698,29030000,60000
R05-02699,53040000,150000
R05-02700,62180000,150000
R05-02701,82940000,300000
R05-02702,15810000,40000
R05-02703,5070000,20000
R05-02704,73090000,300000
R05-02705,2940000,0
R05-02706,71090000,300000
R05-02707,10030000,40000
R05-02708,2840000,0
R05-02709,2400000,0
R05-02710,85080000,300000
R05-02711,131880000,300000
R05-02712,58260000,150000
R05-02713,136180000,600000
R05-02714,52020000,150000
R05-02715,132960000,300000
R05-02716,12280000,40000
R05-02717,25240000,60000
R05-02718,82180000,300000
R05-02719,1620000,0
R05-02720,44080000,150000
R05-02721,77020000,300000
R05-02722,23200000,60000
R05-02723,9560000,20000
R05-02724,29380000,60000
R05-02725,87780000,300000
R05-02726,8370000,20000
R05-02727,41580000,150000
R05-02728,11080000,40000
R05-02729,85570000,300000
R05-02730,32390000,60000
R05-02731,107260000,300000
R05-02732,14080000,40000
R05-02733,83850000,300000
R05-02734,16050000,40000
R05-02735,31440000,60000
R05-02736,21170000,60000
R05-02737,33660000,150000
R05-02738,42510000,150000
R05-02739,43310000,150000
R05-02740,32880000,60000
R05-02741,53670000,150000
R05-02742,5720000,20000
R05-02743,6940000,20000
R05-02744,21850000,60000
R05-02745,12610000,40000
R05-02746,18390000,40000
R05-02747,34130000,150000
R05-02748,25900000,60000
R05-02749,62540000,150000
R05-02750,30720000,60000
R05-02751,29190000,60000
R05-02752,42840000,150000
R05-02753,52910000,150000
R05-02754,93340000,300000
R05-02755,68630000,300000
R05-02756,116590000,300000
R05-02757,15880000,40000
R05-02758,55840000,150000
R05-02759,21070000,60000
R05-02760,62980000,150000
R05-02761,34410000,150000
R05-02762,44170000,150000
R05-02763,102650000,300000
R05-02764,145620000,600000
R05-02765,51920000,150000
R05-02766,45240000,150000
R05-02767,22830000,60000
R05-02768,22920000,60000
R05-02769,40380000,150000
R05-02770,6500000,20000
R05-02771,1620000,0
R05-02772,44960000,150000
R05-02773,32680000,60000
R05-02774,2380000,0
R05-02775,6160000,20000
R05-02776,66480000,150000
R05-02777,54300000,150000
R05-02778,61500000,150000
R05-02779,4650000,0
R05-02780,54540000,150000
R05-02781,66380000,150000
R05-02782,42640000,150000
R05-02783,47080000,150000
R05-02784,20980000,60000
R05-02785,16050000,40000
R05-02786,24760000,60000
R05-02787,43700000,150000
R05-02788,54720000,150000
R05-02789,24260000,60000
R05-02790,11050000,40000
R05-02791,31590000,60000
R05-02792,13640000,40000
R05-02793,11580000,40000
R05-02794,151440000,600000
R05-02795,72400000,300000
R05-02796,81440000,300000
R05-02797,32110000,60000
R05-02798,43260000,150000
R05-02799,12410000,40000
R05-02800,47160000,150000
R05-02801,34050000,150000
R05-02802,31700000,60000
R05-02803,65270000,150000
R05-02804,6250000,20000
R05-02805,2020000,0
R05-02806,14890000,40000
R05-02807,112640000,300000
R05-02808,42280000,150000
R05-02809,64880000,150000
R05-02810,21900000,60000
R05-02811,35100000,150000
R05-02812,7220000,20000
R05-02813,33670000,150000
R05-02814,13430000,40000
R05-02815,43750000,150000
R05-02816,20550000,60000
R05-02817,11170000,40000
R05-02818,31190000,60000
R05-02819,76330000,300000
R05-02820,1500000,0
R05-02821,25160000,60000
R05-02822,12570000,40000
R05-02823,25900000,60000
R05-02824,84380000,300000
R05-02825,15160000,40000
R05-02826,36700000,150000
R05-02827,63870000,150000
R05-02828,92630000,300000
R05-02829,171460000,600000
R05-02830,30890000,60000
R05-02831,43760000,150000
R05-02832,48220000,150000
R05-02833,104300000,300000
R05-02834,14520000,40000
R05-02835,33880000,150000
R05-02836,75570000,300000
R05-02837,12700000,40000
R05-02838,73100000,300000
R05-02839,21720000,60000
R05-02840,17420000,40000
R05-02841,24390000,60000
R05-02842,51870000,150000
R05-02843,43030000,150000
R05-02844,31540000,60000
R05-02845,71850000,300000
R05-02846,4080000,0
R05-02847,21260000,60000
R05-02848,53480000,150000
R05-02849,2030000,0
R05-02850,2110000,0
R05-02851,37390000,150000
R05-02852,10700000,40000
R05-02853,20670000,60000
R05-02854,146260000,600000
R05-02855,13670000,40000
R05-02856,14390000,40000
R05-02857,42060000,150000
R05-02858,130760000,300000
R05-02859,82740000,300000
R05-02860,71400000,300000
R05-02861,74410000,300000
R05-02862,33350000,150000
R05-02863,22920000,60000
R05-02864,41950000,150000
R05-02865,37550000,150000
R05-02866,23700000,60000
R05-02867,62770000,150000
R05-02868,62370000,150000
R05-02869,71370000,300000
R05-02870,11750000,40000
R05-02871,26980000,60000
R05-02872,11990000,40000
R05-02873,13460000,40000
R05-02874,27170000,60000
R05-02875,7480000,20000
R05-02876,50980000,150000
R05-02877,5160000,20000
R05-02878,48800000,150000
R05-02879,53450000,150000
R05-02880,68890000,300000
R05-02881,101760000,300000
R05-02882,22120000,60000
R05-02883,4000000,0
R05-02884,24020000,60000
R05-02885,22300000,60000
R05-02886,51940000,150000
R05-02887,3560000,0
R05-02888,11230000,40000
R05-02889,72700000,300000
R05-02890,32090000,60000
R05-02891,33960000,150000
R05-02892,44930000,150000
R05-02893,95840000,300000
R05-02894,21710000,60000
R05-02895,51560000,150000
R05-02896,21980000,60000
R05-02897,17560000,40000
R05-02898,93740000,300000
R05-02899,105370000,300000
R05-02900,84790000,300000
R05-02901,72070000,300000
R05-02902,4490000,0
R05-02903,2960000,0
R05-02904,101210000,300000
R05-02905,26960000,60000
R05-02906,51400000,150000
R05-02907,65900000,150000
R05-02908,24540000,60000
R05-02909,52040000,150000
R05-02910,56010000,150000
R05-02911,17090000,40000
R05-02912,80980000,300000
R05-02913,1880000,0
R05-02914,89030000,300000
R05-02915,34940000,150000
R05-02916,87680000,300000
R05-02917,17450000,40000
R05-02918,12430000,40000
R05-02919,54330000,150000
R05-02920,21350000,60000
R05-02921,86520000,300000
R05-02922,60880000,150000
R05-02923,6380000,20000
R05-02924,32110000,60000
R05-02925,25010000,60000
R05-02926,46810000,150000
R05-02927,114700000,300000
R05-02928,2910000,0
R05-02929,53950000,150000
R05-02930,36730000,150000
R05-02931,27690000,60000
R05-02932,11570000,40000
R05-02933,7960000,20000
R05-02934,67390000,300000
R05-02935,21460000,60000
R05-02936,12340000,40000
R05-02937,25400000,60000
R05-02938,47870000,150000
R05-02939,23120000,60000
R05-02940,103880000,300000
R05-02941,35890000,150000
R05-02942,64500000,150000
R05-02943,23030000,60000
R05-02944,63930000,150000
R05-02945,61190000,150000
R05-02946,22060000,60000
R05-02947,22000000,60000
R05-02948,82260000,300000
R05-02949,27190000,60000
R05-02950,2260000,0
R05-02951,14390000,40000
R05-02952,1190000,0
R05-02953,30510000,60000
R05-02954,66810000,300000
R05-02955,26350000,60000
R05-02956,71880000,300000
R05-02957,25730000,60000
R05-02958,31340000,60000
R05-02959,45070000,150000
R05-02960,31890000,60000
R05-02961,35900000,150000
R05-02962,1210000,0
R05-02963,5700000,20000
R05-02964,57520000,150000
R05-02965,26100000,60000
R05-02966,109300000,300000
R05-02967,21490000,60000
R05-02968,32150000,60000
R05-02969,23210000,60000
R05-02970,30770000,60000
R05-02971,41440000,150000
R05-02972,41280000,150000
R05-02973,41600000,150000
R05-02974,73970000,300000
R05-02975,20830000,60000
R05-02976,14870000,40000
R05-02977,41770000,150000
R05-02978,17720000,40000
R05-02979,96070000,300000
R05-02980,12450000,40000
R05-02981,18720000,40000
R05-02982,2900000,0
R05-02983,39110000,150000
R05-02984,55180000,150000
R05-02985,15200000,40000
R05-02986,11870000,40000
R05-02987,52720000,150000
R05-02988,32550000,60000
R05-02989,71770000,300000
R05-02990,45400000,150000
R05-02991,26550000,60000
R05-02992,11080000,40000
R05-02993,80730000,300000
R05-02994,48490000,150000
R05-02995,32840000,60000
R05-02996,82610000,300000
R05-02997,52740000,150000
R05-02998,7100000,20000
R05-02999,53230000,150000
R05-03000,21450000,60000
R05-03001,13870000,40000
R05-03002,11060000,40000
R05-03003,51750000,150000
R05-03004,55930000,150000
R05-03005,67220000,300000
R05-03006,13510000,40000
R05-03007,6880000,20000
R05-03008,35420000,150000
R05-03009,22490000,60000
R05-03010,55260000,150000
R05-03011,62190000,150000
R05-03012,13560000,40000
R05-03013,63850000,150000
R05-03014,7250000,20000
R05-03015,4450000,0
R05-03016,14680000,40000
R05-03017,22780000,60000
R05-03018,7530000,20000
R05-03019,5840000,20000
R05-03020,22580000,60000
R05-03021,77160000,300000
R05-03022,83990000,300000
R05-03023,21990000,60000
R05-03024,56320000,150000
R05-03025,3440000,0
R05-03026,70420000,300000
R05-03027,13770000,40000
R05-03028,37420000,150000
R05-03029,93680000,300000
R05-03030,6580000,20000
R05-03031,28150000,60000
R05-03032,17280000,40000
R05-03033,2130000,0
R05-03034,3070000,0
R05-03035,34880000,150000
R05-03036,123920000,300000
R05-03037,41750000,150000
R05-03038,97870000,300000
R05-03039,24610000,60000
R05-03040,2920000,0
R05-03041,34020000,150000
R05-03042,2590000,0
R05-03043,72850000,300000
R05-03044,33470000,150000
R05-03045,45300000,150000
R05-03046,55090000,150000
R05-03047,45780000,150000
R05-03048,35410000,150000
R05-03049,3600000,0
R05-03050,35480000,150000
R05-03051,102560000,300000
R05-03052,23070000,60000
R05-03053,45030000,150000
R05-03054,4020000,0
R05-03055,75600000,300000
R05-03056,92590000,300000
R05-03057,3370000,0
R05-03058,64460000,150000
R05-03059,22980000,60000
R05-03060,7050000,20000
R05-03061,40480000,150000
R05-03062,71160000,300000
R05-03063,92900000,300000
R05-03064,31830000,60000
R05-03065,62780000,150000
R05-03066,31520000,60000
R05-03067,75010000,300000
R05-03068,103180000,300000
R05-03069,33240000,60000
R05-03070,11930000,40000
R05-03071,41450000,150000
R05-03072,13300000,40000
R05-03073,4180000,0
R05-03074,51690000,150000
R05-03075,6450000,20000
R05-03076,60510000,150000
R05-03077,42570000,150000
R05-03078,101560000,300000
R05-03079,51570000,150000
R05-03080,1880000,0
R05-03081,91430000,300000
R05-03082,126320000,300000
R05-03083,56510000,150000
R05-03084,2050000,0
R05-03085,12350000,40000
R05-03086,61980000,150000
R05-03087,5960000,20000
R05-03088,61340000,150000
R05-03089,51980000,150000
R05-03090,43400000,150000
R05-03091,23480000,60000
R05-03092,103820000,300000
R05-03093,35810000,150000
R05-03094,77790000,300000
R05-03095,7810000,20000
R05-03096,42730000,150000
R05-03097,42350000,150000
R05-03098,33170000,60000
R05-03099,4220000,0
R05-03100,940000,0
R05-03101,53490000,150000
R05-03102,32440000,60000
R05-03103,22640000,60000
R05-03104,55720000,150000
R05-03105,13430000,40000
R05-03106,75720000,300000
R05-03107,23890000,60000
R05-03108,6310000,20000
R05-03109,7050000,20000
R05-03110,1680000,0
R05-03111,86220000,300000
R05-03112,1870000,0
R05-03113,1920000,0
R05-03114,32820000,60000
R05-03115,22340000,60000
R05-03116,26050000,60000
R05-03117,92970000,300000
R05-03118,61060000,150000
R05-03119,65210000,150000
R05-03120,55440000,150000
R05-03121,42240000,150000
R05-03122,25260000,60000
R05-03123,36780000,150000
R05-03124,80480000,300000
R05-03125,43140000,150000
R05-03126,35380000,150000
R05-03127,35100000,150000
R05-03128,47290000,150000
R05-03129,4970000,0
R05-03130,3580000,0
R05-03131,81860000,300000
R05-03132,52020000,150000
R05-03133,104410000,300000
R05-03134,2220000,0
R05-03135,66160000,150000
R05-03136,41250000,150000
R05-03137,15700000,40000
R05-03138,62980000,150000
R05-03139,24150000,60000
R05-03140,18550000,40000
R05-03141,27150000,60000
R05-03142,45700000,150000
R05-03143,54980000,150000
R05-03144,74810000,300000
R05-03145,3220000,0
R05-03146,32200000,60000
R05-03147,47260000,150000
R05-03148,20370000,60000
R05-03149,61710000,150000
R05-03150,25620000,60000
R05-03151,101520000,300000
R05-03152,96280000,300000
R05-03153,52090000,150000
R05-03154,990000,0
R05-03155,31950000,60000
R05-03156,86180000,300000
R05-03157,3180000,0
R05-03158,17070000,40000
R05-03159,64850000,150000
R05-03160,23270000,60000
R05-03161,95750000,300000
R05-03162,22210000,60000
R05-03163,32700000,60000
R05-03164,15380000,40000
R05-03165,11790000,40000
R05-03166,1260000,0
R05-03167,27000000,60000
R05-03168,31050000,60000
R05-03169,34890000,150000
R05-03170,33470000,150000
R05-03171,50620000,150000
R05-03172,33620000,150000
R05-03173,27430000,60000
R05-03174,226740000,1000000
R05-03175,61730000,150000
R05-03176,53250000,150000
R05-03177,16910000,40000
R05-03178,77230000,300000
R05-03179,105490000,300000
R05-03180,44480000,150000
R05-03181,72470000,300000
R05-03182,63710000,150000
R05-03183,44770000,150000
R05-03184,62940000,150000
R05-03185,71940000,300000
R05-03186,530000,0
R05-03187,93040000,300000
R05-03188,4440000,0
R05-03189,87810000,300000
R05-03190,14430000,40000
R05-03191,45150000,150000
R05-03192,31890000,60000
R05-03193,11600000,40000
R05-03194,46370000,150000
R05-03195,77530000,300000
R05-03196,129150000,300000
R05-03197,57180000,150000
R05-03198,122210000,300000
R05-03199,12300000,40000
R05-03200,212240000,1000000
R05-03201,101480000,300000
R05-03202,116320000,300000
R05-03203,27280000,60000
R05-03204,70380000,300000
R05-03205,40830000,150000
R05-03206,123650000,300000
R05-03207,68040000,300000
R05-03208,126080000,300000
R05-03209,51650000,150000
R05-03210,66200000,150000
R05-03211,23620000,60000
R05-03212,4480000,0
R05-03213,104580000,300000
R05-03214,81220000,300000
R05-03215,3010000,0
R05-03216,15960000,40000
R05-03217,73070000,300000
R05-03218,145670000,600000
R05-03219,42400000,150000
R05-03220,41130000,150000
R05-03221,12530000,40000
R05-03222,53650000,150000
R05-03223,23630000,60000
R05-03224,940000,0
R05-03225,71030000,300000
R05-03226,51100000,150000
R05-03227,44370000,150000
R05-03228,7020000,20000
R05-03229,73380000,300000
R05-03230,3580000,0
R05-03231,33540000,150000
R05-03232,64240000,150000
R05-03233,11490000,40000
R05-03234,34990000,150000
R05-03235,76410000,300000
R05-03236,27600000,60000
R05-03237,21890000,60000
R05-03238,85110000,300000
R05-03239,32190000,60000
R05-03240,124350000,300000
R05-03241,13970000,40000
R05-03242,12660000,40000
R05-03243,83180000,300000
R05-03244,87130000,300000
R05-03245,34160000,150000
R05-03246,74430000,300000
R05-03247,30800000,60000
R05-03248,21270000,60000
R05-03249,82720000,300000
R05-03250,65310000,150000
R05-03251,44060000,150000
R05-03252,63640000,150000
R05-03253,102870000,300000
R05-03254,42210000,150000
R05-03255,88480000,300000
R05-03256,67500000,300000
R05-03257,85010000,300000
R05-03258,84170000,300000
R05-03259,46490000,150000
R05-03260,21500000,60000
R05-03261,72720000,300000
R05-03262,103320000,300000
R05-03263,2270000,0
R05-03264,21830000,60000
R05-03265,14620000,40000
R05-03266,27530000,60000
R05-03267,31780000,60000
R05-03268,12600000,40000
R05-03269,4020000,0
R05-03270,24010000,60000
R05-03271,41510000,150000
R05-03272,68070000,300000
R05-03273,56110000,150000
R05-03274,33680000,150000
R05-03275,107080000,300000
R05-03276,51320000,150000
R05-03277,74760000,300000
R05-03278,67200000,300000
R05-03279,63340000,150000
R05-03280,770000,0
R05-03281,11800000,40000
R05-03282,15090000,40000
R05-03283,34910000,150000
R05-03284,13670000,40000
R05-03285,23980000,60000
R05-03286,11580000,40000
R05-03287,2770000,0
R05-03288,45970000,150000
R05-03289,76080000,300000
R05-03290,11780000,40000
R05-03291,43650000,150000
R05-03292,123310000,300000
R05-03293,77580000,300000
R05-03294,31130000,60000
R05-03295,55120000,150000
R05-03296,31600000,60000
R05-03297,73670000,300000
R05-03298,10900000,40000
R05-03299,25160000,60000
R05-03300,23670000,60000
R05-03301,18430000,40000
R05-03302,25510000,60000
R05-03303,17200000,40000
R05-03304,114050000,300000
R05-03305,91580000,300000
R05-03306,46330000,150000
R05-03307,23130000,60000
R05-03308,33060000,60000
R05-03309,173510000,600000
R05-03310,65440000,150000
R05-03311,73100000,300000
R05-03312,102310000,300000
R05-03313,28380000,60000
R05-03314,13920000,40000
R05-03315,12520000,40000
R05-03316,62110000,150000
R05-03317,56260000,150000
R05-03318,104600000,300000
R05-03319,12870000,40000
R05-03320,58270000,150000
R05-03321,74850000,300000
R05-03322,2090000,0
R05-03323,70340000,300000
R05-03324,74470000,300000
R05-03325,64500000,150000
R05-03326,47550000,150000
R05-03327,82250000,300000
R05-03328,1500000,0
R05-03329,91010000,300000
R05-03330,3600000,0
R05-03331,2980000,0
R05-03332,86530000,300000
R05-03333,26620000,60000
R05-03334,44440000,150000
R05-03335,55540000,150000
R05-03336,51870000,150000
R05-03337,8570000,20000
R05-03338,45980000,150000
R05-03339,5720000,20000
R05-03340,44480000,150000
R05-03341,24660000,60000
R05-03342,93090000,300000
R05-03343,43410000,150000
R05-03344,37100000,150000
R05-03345,39810000,150000
R05-03346,22040000,60000
R05-03347,23540000,60000
R05-03348,11620000,40000
R05-03349,61380000,150000
R05-03350,45770000,150000
R05-03351,5160000,20000
R05-03352,2750000,0
R05-03353,23850000,60000
R05-03354,22010000,60000
R05-03355,6010000,20000
R05-03356,72280000,300000
R05-03357,26780000,60000
R05-03358,30980000,60000
R05-03359,57100000,150000
R05-03360,69650000,300000
R05-03361,42370000,150000
R05-03362,47430000,150000
R05-03363,21290000,60000
R05-03364,57140000,150000
R05-03365,41430000,150000
R05-03366,2000000,0
R05-03367,13140000,40000
R05-03368,10670000,40000
R05-03369,1600000,0
R05-03370,14950000,40000
R05-03371,44000000,150000
R05-03372,2440000,0
R05-03373,105170000,300000
R05-03374,42650000,150000
R05-03375,91990000,300000
R05-03376,13040000,40000
R05-03377,44470000,150000
R05-03378,142470000,600000
R05-03379,22470000,60000
R05-03380,86520000,300000
R05-03381,32140000,60000
R05-03382,25120000,60000
R05-03383,84720000,300000
R05-03384,91930000,300000
R05-03385,51810000,150000
R05-03386,26160000,60000
R05-03387,173420000,600000
R05-03388,57780000,150000
R05-03389,133190000,300000
R05-03390,44880000,150000
R05-03391,33780000,150000
R05-03392,17480000,40000
R05-03393,1980000,0
R05-03394,42420000,150000
R05-03395,51940000,150000
R05-03396,81600000,300000
R05-03397,74150000,300000
R05-03398,8250000,20000
R05-03399,32190000,60000
R05-03400,46870000,150000
R05-03401,35630000,150000
R05-03402,24830000,60000
R05-03403,63020000,150000
R05-03404,41720000,150000
R05-03405,62180000,150000
R05-03406,44330000,150000
R05-03407,24340000,60000
R05-03408,64740000,150000
R05-03409,31000000,60000
R05-03410,71640000,300000
R05-03411,25790000,60000
R05-03412,107650000,300000
R05-03413,26900000,60000
R05-03414,74110000,300000
R05-03415,101320000,300000
R05-03416,27440000,60000
R05-03417,45120000,150000
R05-03418,95850000,300000
R05-03419,21540000,60000
R05-03420,25890000,60000
R05-03421,62190000,150000
R05-03422,67000000,300000
R05-03423,14360000,40000
R05-03424,122460000,300000
R05-03425,25630000,60000
R05-03426,43320000,150000
R05-03427,6870000,20000
R05-03428,75570000,300000
R05-03429,2230000,0
R05-03430,12910000,40000
R05-03431,36150000,150000
R05-03432,14030000,40000
R05-03433,92420000,300000
R05-03434,38530000,150000
R05-03435,73390000,300000
R05-03436,2750000,0
R05-03437,22020000,60000
R05-03438,56820000,150000
R05-03439,42600000,150000
R05-03440,4270000,0
R05-03441,25930000,60000
R05-03442,73060000,300000
R05-03443,34720000,150000
R05-03444,32570000,60000
R05-03445,90930000,300000
R05-03446,13870000,40000
R05-03447,23350000,60000
R05-03448,132690000,300000
R05-03449,18220000,40000
R05-03450,12610000,40000
R05-03451,12250000,40000
R05-03452,45100000,150000
R05-03453,122580000,300000
R05-03454,1370000,0
R05-03455,37090000,150000
R05-03456,22990000,60000
R05-03457,87730000,300000
R05-03458,71360000,300000
R05-03459,96090000,300000
R05-03460,1680000,0
R05-03461,14160000,40000
R05-03462,114120000,300000
R05-03463,25100000,60000
R05-03464,95680000,300000
R05-03465,61620000,150000
R05-03466,73930000,300000
R05-03467,23580000,60000
R05-03468,22060000,60000
R05-03469,104100000,300000
R05-03470,11080000,40000
R05-03471,131710000,300000
R05-03472,23740000,60000
R05-03473,72630000,300000
R05-03474,64170000,150000
R05-03475,42000000,150000
R05-03476,53650000,150000
R05-03477,22330000,60000
R05-03478,52720000,150000
R05-03479,22400000,60000
R05-03480,500000,0
R05-03481,33970000,150000
R05-03482,42310000,150000
R05-03483,5740000,20000
R05-03484,29370000,60000
R05-03485,81950000,300000
R05-03486,97360000,300000
R05-03487,27700000,60000
R05-03488,61300000,150000
R05-03489,44700000,150000
R05-03490,47320000,150000
R05-03491,5370000,20000
R05-03492,35730000,150000
R05-03493,25910000,60000
R05-03494,11940000,40000
R05-03495,43110000,150000
R05-03496,63680000,150000
R05-03497,73660000,300000
R05-03498,4400000,0
R05-03499,92630000,300000
R05-03500,142960000,600000
R05-03501,11910000,40000
R05-03502,11810000,40000
R05-03503,39080000,150000
R05-03504,4750000,0
R05-03505,55010000,150000
R05-03506,8280000,20000
R05-03507,82800000,300000
R05-03508,13680000,40000
R05-03509,3460000,0
R05-03510,82000000,300000
R05-03511,21640000,60000
R05-03512,44010000,150000
R05-03513,114760000,300000
R05-03514,87090000,300000
R05-03515,13050000,40000
R05-03516,45300000,150000
R05-03517,54190000,150000
R05-03518,32930000,60000
R05-03519,42600000,150000
R05-03520,105530000,300000
R05-03521,31480000,60000
R05-03522,25090000,60000
R05-03523,42100000,150000
R05-03524,8440000,20000
R05-03525,61160000,150000
R05-03526,34060000,150000
R05-03527,48960000,150000
R05-03528,5370000,20000
R05-03529,24150000,60000
R05-03530,23910000,60000
R05-03531,56910000,150000
R05-03532,44720000,150000
R05-03533,4350000,0
R05-03534,2170000,0
R05-03535,53680000,150000
R05-03536,5670000,20000
R05-03537,84300000,300000
R05-03538,83170000,300000
R05-03539,61930000,150000
R05-03540,21220000,60000
R05-03541,125220000,300000
R05-03542,54630000,150000
R05-03543,71260000,300000
R05-03544,103230000,300000
R05-03545,6550000,20000
R05-03546,15930000,40000
R05-03547,14070000,40000
R05-03548,63730000,150000
R05-03549,56600000,150000
R05-03550,650000,0
R05-03551,15380000,40000
R05-03552,17260000,40000
R05-03553,22000000,60000
R05-03554,62080000,150000
R05-03555,22780000,60000
R05-03556,3280000,0
R05-03557,14950000,40000
R05-03558,13200000,40000
R05-03559,25950000,60000
R05-03560,21260000,60000
R05-03561,65830000,150000
R05-03562,57190000,150000
R05-03563,63700000,150000
R05-03564,27630000,60000
R05-03565,51790000,150000
R05-03566,23470000,60000
R05-03567,44740000,150000
R05-03568,37120000,150000
R05-03569,12070000,40000
R05-03570,50260000,150000
R05-03571,24530000,60000
R05-03572,6140000,20000
R05-03573,90120000,300000
R05-03574,32850000,60000
R05-03575,92220000,300000
R05-03576,171160000,600000
R05-03577,19090000,40000
R05-03578,24220000,60000
R05-03579,36230000,150000
R05-03580,85690000,300000
R05-03581,17220000,40000
R05-03582,15350000,40000
R05-03583,23440000,60000
R05-03584,70540000,300000
R05-03585,30750000,60000
R05-03586,52660000,150000
R05-03587,93470000,300000
R05-03588,12470000,40000
R05-03589,31830000,60000
R05-03590,36380000,150000
R05-03591,10560000,40000
R05-03592,83620000,300000
R05-03593,22110000,60000
R05-03594,15460000,40000
R05-03595,56960000,150000
R05-03596,11140000,40000
R05-03597,44570000,150000
R05-03598,1050000,0
R05-03599,50630000,150000
R05-03600,3310000,0
R05-03601,35490000,150000
R05-03602,22620000,60000
R05-03603,31160000,60000
R05-03604,63100000,150000
R05-03605,75070000,300000
R05-03606,57630000,150000
R05-03607,23910000,60000
R05-03608,45610000,150000
R05-03609,5850000,20000
R05-03610,65410000,150000
R05-03611,27120000,60000
R05-03612,83240000,300000
R05-03613,31280000,60000
R05-03614,30810000,60000
R05-03615,31120000,60000
R05-03616,103630000,300000
R05-03617,4030000,0
R05-03618,1490000,0
R05-03619,48130000,150000
R05-03620,16870000,40000
R05-03621,5900000,20000
R05-03622,13770000,40000
R05-03623,17750000,40000
R05-03624,7240000,20000
R05-03625,53670000,150000
R05-03626,105420000,300000
R05-03627,4980000,0
R05-03628,35390000,150000
R05-03629,88500000,300000
R05-03630,26840000,60000
R05-03631,14160000,40000
R05-03632,84670000,300000
R05-03633,14480000,40000
R05-03634,32730000,60000
R05-03635,58270000,150000
R05-03636,101460000,300000
R05-03637,3280000,0
R05-03638,134930000,600000
R05-03639,82890000,300000
R05-03640,31350000,60000
R05-03641,32510000,60000
R05-03642,87460000,300000
R05-03643,4890000,0
R05-03644,12470000,40000
R05-03645,33500000,150000
R05-03646,44160000,150000
R05-03647,65520000,150000
R05-03648,177830000,600000
R05-03649,43420000,150000
R05-03650,32670000,60000
R05-03651,46340000,150000
R05-03652,64670000,150000
R05-03653,32480000,60000
R05-03654,116200000,300000
R05-03655,74410000,300000
R05-03656,44050000,150000
R05-03657,3400000,0
R05-03658,88030000,300000
R05-03659,560000,0
R05-03660,35910000,150000
R05-03661,42560000,150000
R05-03662,115080000,300000
R05-03663,101530000,300000
R05-03664,21940000,60000
R05-03665,13790000,40000
R05-03666,53990000,150000
R05-03667,75510000,300000
R05-03668,43060000,150000
R05-03669,2100000,0
R05-03670,15420000,40000
R05-03671,22960000,60000
R05-03672,22690000,60000
R05-03673,72960000,300000
R05-03674,7900000,20000
R05-03675,22470000,60000
R05-03676,37640000,150000
R05-03677,17890000,40000
R05-03678,86830000,300000
R05-03679,45920000,150000
R05-03680,1970000,0
R05-03681,24320000,60000
R05-03682,93540000,300000
R05-03683,36830000,150000
R05-03684,64960000,150000
R05-03685,21920000,60000
R05-03686,30520000,60000
R05-03687,64970000,150000
R05-03688,25400000,60000
R05-03689,59280000,150000
R05-03690,25270000,60000
R05-03691,3670000,0
R05-03692,90000,0
R05-03693,56360000,150000
R05-03694,4130000,0
R05-03695,21870000,60000
R05-03696,96420000,300000
R05-03697,81460000,300000
R05-03698,17910000,40000
R05-03699,46020000,150000
R05-03700,22990000,60000
R05-03701,53810000,150000
R05-03702,10680000,40000
R05-03703,77560000,300000
R05-03704,21500000,60000
R05-03705,22500000,60000
R05-03706,81130000,300000
R05-03707,12330000,40000
R05-03708,61110000,150000
R05-03709,53000000,150000
R05-03710,36540000,150000
R05-03711,51530000,150000
R05-03712,22560000,60000
R05-03713,52400000,150000
R05-03714,6350000,20000
R05-03715,11360000,40000
R05-03716,86160000,300000
R05-03717,20920000,60000
R05-03718,86920000,300000
R05-03719,46470000,150000
R05-03720,20550000,60000
R05-03721,42790000,150000
R05-03722,51530000,150000
R05-03723,3710000,0
R05-03724,9290000,20000
R05-03725,37720000,150000
R05-03726,52990000,150000
R05-03727,23680000,60000
R05-03728,1670000,0
R05-03729,19200000,40000
R05-03730,14520000,40000
R05-03731,26640000,60000
R05-03732,65430000,150000
R05-03733,24370000,60000
R05-03734,105630000,300000
R05-03735,134530000,600000
R05-03736,56080000,150000
R05-03737,21680000,60000
R05-03738,34390000,150000
R05-03739,111890000,300000
R05-03740,76500000,300000
R05-03741,53750000,150000
R05-03742,48970000,150000
R05-03743,690000,0
R05-03744,12270000,40000
R05-03745,33140000,60000
R05-03746,44820000,150000
R05-03747,81880000,300000
R05-03748,4670000,0
R05-03749,42680000,150000
R05-03750,89480000,300000
R05-03751,73030000,300000
R05-03752,7430000,20000
R05-03753,38380000,150000
R05-03754,2210000,0
R05-03755,10720000,40000
R05-03756,61080000,150000
R05-03757,71190000,300000
R05-03758,96140000,300000
R05-03759,86380000,300000
R05-03760,32360000,60000
R05-03761,32880000,60000
R05-03762,60900000,150000
R05-03763,93840000,300000
R05-03764,87210000,300000
R05-03765,34660000,150000
R05-03766,32220000,60000
R05-03767,61520000,150000
R05-03768,27960000,60000
R05-03769,145360000,600000
R05-03770,23490000,60000
R05-03771,93440000,300000
R05-03772,58130000,150000
R05-03773,1670000,0
R05-03774,74810000,300000
R05-03775,1760000,0
R05-03776,20430000,60000
R05-03777,51930000,150000
R05-03778,45550000,150000
R05-03779,1790000,0
R05-03780,81700000,300000
R05-03781,36470000,150000
R05-03782,21420000,60000
R05-03783,64620000,150000
R05-03784,8440000,20000
R05-03785,22120000,60000
R05-03786,72780000,300000
R05-03787,30990000,60000
R05-03788,6840000,20000
R05-03789,25460000,60000
R05-03790,620000,0
R05-03791,16880000,40000
R05-03792,95480000,300000
R05-03793,25630000,60000
R05-03794,64000000,150000
R05-03795,86640000,300000
R05-03796,3900000,0
R05-03797,35440000,150000
R05-03798,12190000,40000
R05-03799,81630000,300000
R05-03800,63000000,150000
R05-03801,35090000,150000
R05-03802,54870000,150000
R05-03803,156140000,600000
R05-03804,1430000,0
R05-03805,6850000,20000
R05-03806,17350000,40000
R05-03807,62450000,150000
R05-03808,11560000,40000
R05-03809,32680000,60000
R05-03810,4460000,0
R05-03811,44320000,150000
R05-03812,21560000,60000
R05-03813,21760000,60000
R05-03814,3480000,0
R05-03815,46290000,150000
R05-03816,42280000,150000
R05-03817,43630000,150000
R05-03818,15980000,40000
R05-03819,13420000,40000
R05-03820,1550000,0
R05-03821,62340000,150000
R05-03822,22210000,60000
R05-03823,64640000,150000
R05-03824,40920000,150000
R05-03825,2680000,0
R05-03826,61880000,150000
R05-03827,11400000,40000
R05-03828,1630000,0
R05-03829,12060000,40000
R05-03830,21120000,60000
R05-03831,6980000,20000
R05-03832,42650000,150000
R05-03833,82530000,300000
R05-03834,14260000,40000
R05-03835,60630000,150000
R05-03836,124660000,300000
R05-03837,29180000,60000
R05-03838,1720000,0
R05-03839,24300000,60000
R05-03840,950000,0
R05-03841,22470000,60000
R05-03842,10510000,40000
R05-03843,35830000,150000
R05-03844,12350000,40000
R05-03845,2210000,0
R05-03846,20650000,60000
R05-03847,36660000,150000
R05-03848,71980000,300000
R05-03849,40310000,150000
R05-03850,69290000,300000
R05-03851,2320000,0
R05-03852,125630000,300000
R05-03853,12630000,40000
R05-03854,12980000,40000
R05-03855,24990000,60000
R05-03856,22420000,60000
R05-03857,56560000,150000
R05-03858,55780000,150000
R05-03859,27010000,60000
R05-03860,31980000,60000
R05-03861,43050000,150000
R05-03862,3540000,0
R05-03863,17280000,40000
R05-03864,27480000,60000
R05-03865,61190000,150000
R05-03866,51110000,150000
R05-03867,2690000,0
R05-03868,10930000,40000
R05-03869,51940000,150000
R05-03870,62560000,150000
R05-03871,98110000,300000
R05-03872,92800000,300000
R05-03873,22850000,60000
R05-03874,23340000,60000
R05-03875,15050000,40000
R05-03876,9620000,20000
R05-03877,36200000,150000
R05-03878,74490000,300000
R05-03879,3330000,0
R05-03880,22080000,60000
R05-03881,27240000,60000
R05-03882,76730000,300000
R05-03883,73730000,300000
R05-03884,22900000,60000
R05-03885,1340000,0
R05-03886,1470000,0
R05-03887,59210000,150000
R05-03888,21810000,60000
R05-03889,22200000,60000
R05-03890,35310000,150000
R05-03891,62940000,150000
R05-03892,27350000,60000
R05-03893,26740000,60000
R05-03894,14390000,40000
R05-03895,25230000,60000
R05-03896,25990000,60000
R05-03897,6700000,20000
R05-03898,22370000,60000
R05-03899,11260000,40000
R05-03900,16200000,40000
R05-03901,53170000,150000
R05-03902,74170000,300000
R05-03903,2660000,0
R05-03904,56510000,150000
R05-03905,10740000,40000
R05-03906,62590000,150000
R05-03907,71860000,300000
R05-03908,65900000,150000
R05-03909,48480000,150000
R05-03910,46990000,150000
R05-03911,82530000,300000
R05-03912,25990000,60000
R05-03913,65850000,150000
R05-03914,12040000,40000
R05-03915,112880000,300000
R05-03916,51120000,150000
R05-03917,4460000,0
R05-03918,75430000,300000
R05-03919,24440000,60000
R05-03920,62700000,150000
R05-03921,86960000,300000
R05-03922,75360000,300000
R05-03923,47700000,150000
R05-03924,103520000,300000
R05-03925,65180000,150000
R05-03926,113620000,300000
R05-03927,14320000,40000
R05-03928,33470000,150000
R05-03929,42450000,150000
R05-03930,11520000,40000
R05-03931,32020000,60000
R05-03932,58380000,150000
R05-03933,26540000,60000
R05-03934,7750000,20000
R05-03935,78310000,300000
R05-03936,31500000,60000
R05-03937,40890000,150000
R05-03938,73240000,300000
R05-03939,43710000,150000
R05-03940,74770000,300000
R05-03941,27320000,60000
R05-03942,81990000,300000
R05-03943,4490000,0
R05-03944,3540000,0
R05-03945,17580000,40000
R05-03946,53160000,150000
R05-03947,87030000,300000
R05-03948,22550000,60000
R05-03949,21210000,60000
R05-03950,8560000,20000
R05-03951,64420000,150000
R05-03952,51800000,150000
R05-03953,85600000,300000
R05-03954,21160000,60000
R05-03955,44700000,150000
R05-03956,16300000,40000
R05-03957,62020000,150000
R05-03958,62470000,150000
R05-03959,132320000,300000
R05-03960,23930000,60000
R05-03961,52550000,150000
R05-03962,11180000,40000
R05-03963,24700000,60000
R05-03964,7390000,20000
R05-03965,49320000,150000
R05-03966,18230000,40000
R05-03967,41620000,150000
R05-03968,20830000,60000
R05-03969,2570000,0
R05-03970,2440000,0
R05-03971,58740000,150000
R05-03972,3110000,0
R05-03973,52000000,150000
R05-03974,22150000,60000
R05-03975,3240000,0
R05-03976,4770000,0
R05-03977,21530000,60000
R05-03978,96270000,300000
R05-03979,23440000,60000
R05-03980,72960000,300000
R05-03981,82470000,300000
R05-03982,62780000,150000
R05-03983,36230000,150000
R05-03984,12420000,40000
R05-03985,83340000,300000
R05-03986,18710000,40000
R05-03987,22090000,60000
R05-03988,16660000,40000
R05-03989,132790000,300000
R05-03990,102230000,300000
R05-03991,17410000,40000
R05-03992,45540000,150000
R05-03993,125090000,300000
R05-03994,650000,0
R05-03995,17490000,40000
R05-03996,74100000,300000
R05-03997,68350000,300000
R05-03998,36970000,150000
R05-03999,42000000,150000
R05-04000,19690000,40000
R05-04001,15730000,40000
R05-04002,15830000,40000
R05-04003,92670000,300000
R05-04004,71480000,300000
R05-04005,72950000,300000
R05-04006,18620000,40000
R05-04007,42850000,150000
R05-04008,12800000,40000
R05-04009,84180000,300000
R05-04010,44300000,150000
R05-04011,98160000,300000
R05-04012,23450000,60000
R05-04013,102480000,300000
R05-04014,42280000,150000
R05-04015,21710000,60000
R05-04016,5980000,20000
R05-04017,66860000,300000
R05-04018,22710000,60000
R05-04019,63140000,150000
R05-04020,9150000,20000
R05-04021,64260000,150000
R05-04022,60870000,150000
R05-04023,137970000,600000
R05-04024,1800000,0
R05-04025,6360000,20000
R05-04026,25520000,60000
R05-04027,33670000,150000
R05-04028,112930000,300000
R05-04029,3440000,0
R05-04030,88280000,300000
R05-04031,51410000,150000
R05-04032,62030000,150000
R05-04033,22130000,60000
R05-04034,41930000,150000
R05-04035,6740000,20000
R05-04036,3950000,0
R05-04037,101610000,300000
R05-04038,20540000,60000
R05-04039,56320000,150000
R05-04040,92330000,300000
R05-04041,22900000,60000
R05-04042,95550000,300000
R05-04043,51700000,150000
R05-04044,91710000,300000
R05-04045,23270000,60000
R05-04046,13020000,40000
R05-04047,11660000,40000
R05-04048,25080000,60000
R05-04049,85630000,300000
R05-04050,89170000,300000
R05-04051,92370000,300000
R05-04052,6160000,20000
R05-04053,7990000,20000
R05-04054,20740000,60000
R05-04055,14020000,40000
R05-04056,53540000,150000
R05-04057,3020000,0
R05-04058,26410000,60000
R05-04059,38170000,150000
R05-04060,113930000,300000
R05-04061,82480000,300000
R05-04062,33180000,60000
R05-04063,87890000,300000
R05-04064,106660000,300000
R05-04065,32660000,60000
R05-04066,3150000,0
R05-04067,33040000,60000
R05-04068,42690000,150000
R05-04069,75290000,300000
R05-04070,112010000,300000
R05-04071,2880000,0
R05-04072,11660000,40000
R05-04073,60620000,150000
R05-04074,48950000,150000
R05-04075,33950000,150000
R05-04076,23020000,60000
R05-04077,25850000,60000
R05-04078,97650000,300000
R05-04079,55340000,150000
R05-04080,25370000,60000
R05-04081,84270000,300000
R05-04082,22110000,60000
R05-04083,71760000,300000
R05-04084,51980000,150000
R05-04085,8320000,20000
R05-04086,66360000,150000
R05-04087,13330000,40000
R05-04088,94800000,300000
R05-04089,24450000,60000
R05-04090,45010000,150000
R05-04091,102490000,300000
R05-04092,32620000,60000
R05-04093,148420000,600000
R05-04094,131040000,300000
R05-04095,65610000,150000
R05-04096,54520000,150000
R05-04097,101690000,300000
R05-04098,75880000,300000
R05-04099,64240000,150000
R05-04100,85110000,300000
R05-04101,74650000,300000
R05-04102,14540000,40000
R05-04103,102240000,300000
R05-04104,13070000,40000
R05-04105,42890000,150000
R05-04106,3230000,0
R05-04107,62500000,150000
R05-04108,39480000,150000
R05-04109,66550000,150000
R05-04110,22140000,60000
R05-04111,11230000,40000
R05-04112,63670000,150000
R05-04113,34390000,150000
R05-04114,2420000,0
R05-04115,98570000,300000
R05-04116,51770000,150000
R05-04117,77800000,300000
R05-04118,5330000,20000
R05-04119,122510000,300000
R05-04120,58170000,150000
R05-04121,44960000,150000
R05-04122,118820000,300000
R05-04123,47000000,150000
R05-04124,54110000,150000
R05-04125,41350000,150000
R05-04126,41850000,150000
R05-04127,92650000,300000
R05-04128,12680000,40000
R05-04129,80710000,300000
R05-04130,51610000,150000
R05-04131,42010000,150000
R05-04132,63650000,150000
R05-04133,82050000,300000
R05-04134,61420000,150000
R05-04135,73540000,300000
R05-04136,61080000,150000
R05-04137,6760000,20000
R05-04138,44270000,150000
R05-04139,49290000,150000
R05-04140,21190000,60000
R05-04141,63400000,150000
R05-04142,26490000,60000
R05-04143,14060000,40000
R05-04144,34000000,150000
R05-04145,112900000,300000
R05-04146,42790000,150000
R05-04147,10620000,40000
R05-04148,5220000,20000
R05-04149,8800000,20000
R05-04150,80960000,300000
R05-04151,77550000,300000
R05-04152,105690000,300000
R05-04153,64700000,150000
R05-04154,16950000,40000
R05-04155,32900000,60000
R05-04156,27200000,60000
R05-04157,132670000,300000
R05-04158,14190000,40000
R05-04159,15230000,40000
R05-04160,36060000,150000
R05-04161,101800000,300000
R05-04162,16380000,40000
R05-04163,16510000,40000
R05-04164,30750000,60000
R05-04165,91950000,300000
R05-04166,22390000,60000
R05-04167,72620000,300000
R05-04168,31230000,60000
R05-04169,86040000,300000
R05-04170,71470000,300000
R05-04171,82580000,300000
R05-04172,44610000,150000
R05-04173,3110000,0
R05-04174,56750000,150000
R05-04175,65290000,150000
R05-04176,2270000,0
R05-04177,14710000,40000
R05-04178,23160000,60000
R05-04179,14310000,40000
R05-04180,33610000,150000
R05-04181,121800000,300000
R05-04182,33890000,150000
R05-04183,42130000,150000
R05-04184,6640000,20000
R05-04185,131680000,300000
R05-04186,48050000,150000
R05-04187,55660000,150000
R05-04188,83480000,300000
R05-04189,33130000,60000
R05-04190,31910000,60000
R05-04191,41850000,150000
R05-04192,2530000,0
R05-04193,54890000,150000
R05-04194,54190000,150000
R05-04195,42510000,150000
R05-04196,1010000,0
R05-04197,23320000,60000
R05-04198,13650000,40000
R05-04199,5500000,20000
R05-04200,71960000,300000
R05-04201,24130000,60000
R05-04202,111520000,300000
R05-04203,34000000,150000
R05-04204,86940000,300000
R05-04205,32140000,60000
R05-04206,51990000,150000
R05-04207,63140000,150000
R05-04208,62080000,150000
R05-04209,5300000,20000
R05-04210,65720000,150000
R05-04211,5200000,20000
R05-04212,5300000,20000
R05-04213,44360000,150000
R05-04214,14220000,40000
R05-04215,35810000,150000
R05-04216,32570000,60000
R05-04217,51400000,150000
R05-04218,75560000,300000
R05-04219,3770000,0
R05-04220,51610000,150000
R05-04221,27280000,60000
R05-04222,12740000,40000
R05-04223,17910000,40000
R05-04224,63040000,150000
R05-04225,8290000,20000
R05-04226,22760000,60000
R05-04227,64320000,150000
R05-04228,21560000,60000
R05-04229,54350000,150000
R05-04230,13710000,40000
R05-04231,65930000,150000
R05-04232,12810000,40000
R05-04233,21320000,60000
R05-04234,61030000,150000
R05-04235,82530000,300000
R05-04236,5960000,20000
R05-04237,31370000,60000
R05-04238,117810000,300000
R05-04239,22080000,60000
R05-04240,73430000,300000
R05-04241,45920000,150000
R05-04242,82270000,300000
R05-04243,36620000,150000
R05-04244,14800000,40000
R05-04245,32790000,60000
R05-04246,41470000,150000
R05-04247,124930000,300000
R05-04248,2100000,0
R05-04249,14490000,40000
R05-04250,102880000,300000
R05-04251,5370000,20000
R05-04252,24500000,60000
R05-04253,13520000,40000
R05-04254,810000,0
R05-04255,87710000,300000
R05-04256,33600000,150000
R05-04257,1510000,0
R05-04258,33620000,150000
R05-04259,12230000,40000
R05-04260,76860000,300000
R05-04261,137940000,600000
R05-04262,32410000,60000
R05-04263,23060000,60000
R05-04264,76550000,300000
R05-04265,31010000,60000
R05-04266,85210000,300000
R05-04267,4550000,0
R05-04268,85060000,300000
R05-04269,1650000,0
R05-04270,27310000,60000
R05-04271,23260000,60000
R05-04272,13650000,40000
R05-04273,21920000,60000
R05-04274,22010000,60000
R05-04275,16810000,40000
R05-04276,61100000,150000
R05-04277,28270000,60000
R05-04278,81440000,300000
R05-04279,95510000,300000
R05-04280,15080000,40000
R05-04281,6330000,20000
R05-04282,12560000,40000
R05-04283,46870000,150000
R05-04284,1890000,0
R05-04285,21530000,60000
R05-04286,36360000,150000
R05-04287,55930000,150000
R05-04288,118590000,300000
R05-04289,11660000,40000
R05-04290,2220000,0
R05-04291,7610000,20000
R05-04292,54670000,150000
R05-04293,64940000,150000
R05-04294,70940000,300000
R05-04295,25230000,60000
R05-04296,15650000,40000
R05-04297,65640000,150000
R05-04298,33160000,60000
R05-04299,22700000,60000
R05-04300,75020000,300000
R05-04301,12660000,40000
R05-04302,1900000,0
R05-04303,41750000,150000
R05-04304,64040000,150000
R05-04305,4900000,0
R05-04306,2270000,0
R05-04307,42480000,150000
R05-04308,44280000,150000
R05-04309,86390000,300000
R05-04310,42830000,150000
R05-04311,20670000,60000
R05-04312,1360000,0
R05-04313,19080000,40000
R05-04314,4550000,0
R05-04315,62150000,150000
R05-04316,3520000,0
R05-04317,32530000,60000
R05-04318,231720000,1000000
R05-04319,175050000,600000
R05-04320,72710000,300000
R05-04321,55110000,150000
R05-04322,22010000,60000
R05-04323,23450000,60000
R05-04324,26490000,60000
R05-04325,27560000,60000
R05-04326,14730000,40000
R05-04327,21780000,60000
R05-04328,15340000,40000
R05-04329,48390000,150000
R05-04330,104460000,300000
R05-04331,2920000,0
R05-04332,33920000,150000
R05-04333,42700000,150000
R05-04334,92540000,300000
R05-04335,11900000,40000
R05-04336,152350000,600000
R05-04337,43890000,150000
R05-04338,2820000,0
R05-04339,56850000,150000
R05-04340,41660000,150000
R05-04341,54650000,150000
R05-04342,54250000,150000
R05-04343,42720000,150000
R05-04344,40890000,150000
R05-04345,71580000,300000
R05-04346,146430000,600000
R05-04347,31960000,60000
R05-04348,14960000,40000
R05-04349,93160000,300000
R05-04350,27050000,60000
R05-04351,16260000,40000
R05-04352,1420000,0
R05-04353,12480000,40000
R05-04354,12470000,40000
R05-04355,1930000,0
R05-04356,51940000,150000
R05-04357,3530000,0
R05-04358,11640000,40000
R05-04359,42530000,150000
R05-04360,5250000,20000
R05-04361,82530000,300000
R05-04362,12710000,40000
R05-04363,93650000,300000
R05-04364,41680000,150000
R05-04365,12460000,40000
R05-04366,116170000,300000
R05-04367,136330000,600000
R05-04368,36050000,150000
R05-04369,67750000,300000
R05-04370,71430000,300000
R05-04371,61080000,150000
R05-04372,61370000,150000
R05-04373,57660000,150000
R05-04374,14450000,40000
R05-04375,1740000,0
R05-04376,53300000,150000
R05-04377,140780000,600000
R05-04378,23540000,60000
R05-04379,64990000,150000
R05-04380,3580000,0
R05-04381,4830000,0
R05-04382,65640000,150000
R05-04383,32640000,60000
R05-04384,24510000,60000
R05-04385,103220000,300000
R05-04386,25440000,60000
R05-04387,56090000,150000
R05-04388,1710000,0
R05-04389,13310000,40000
R05-04390,58060000,150000
R05-04391,45820000,150000
R05-04392,49350000,150000
R05-04393,24930000,60000
R05-04394,82060000,300000
R05-04395,55790000,150000
R05-04396,65660000,150000
R05-04397,14000000,40000
R05-04398,26150000,60000
R05-04399,43140000,150000
R05-04400,84590000,300000
R05-04401,120870000,300000
R05-04402,13220000,40000
R05-04403,24290000,60000
R05-04404,56180000,150000
R05-04405,63240000,150000
R05-04406,52720000,150000
R05-04407,33350000,150000
R05-04408,51420000,150000
R05-04409,44550000,150000
R05-04410,65250000,150000
R05-04411,25240000,60000
R05-04412,5970000,20000
R05-04413,33520000,150000
R05-04414,54030000,150000
R05-04415,21740000,60000
R05-04416,3890000,0
R05-04417,83700000,300000
R05-04418,68480000,300000
R05-04419,62790000,150000
R05-04420,46130000,150000
R05-04421,157540000,600000
R05-04422,43330000,150000
R05-04423,5360000,20000
R05-04424,141470000,600000
R05-04425,16410000,40000
R05-04426,29230000,60000
R05-04427,15950000,40000
R05-04428,43150000,150000
R05-04429,51580000,150000
R05-04430,41700000,150000
R05-04431,96160000,300000
R05-04432,34240000,150000
R05-04433,116180000,300000
R05-04434,154290000,600000
R05-04435,26240000,60000
R05-04436,32610000,60000
R05-04437,73550000,300000
R05-04438,67710000,300000
R05-04439,52980000,150000
R05-04440,101870000,300000
R05-04441,15000000,40000
R05-04442,55960000,150000
R05-04443,62430000,150000
R05-04444,51540000,150000
R05-04445,93820000,300000
R05-04446,61290000,150000
R05-04447,64610000,150000
R05-04448,43570000,150000
R05-04449,3670000,0
R05-04450,39200000,150000
R05-04451,15180000,40000
R05-04452,54310000,150000
R05-04453,55730000,150000
R05-04454,26360000,60000
R05-04455,2890000,0
R05-04456,7940000,20000
R05-04457,60890000,150000
R05-04458,36390000,150000
R05-04459,132450000,300000
R05-04460,4520000,0
R05-04461,93720000,300000
R05-04462,51670000,150000
R05-04463,62190000,150000
R05-04464,6340000,20000
R05-04465,85850000,300000
R05-04466,113300000,300000
R05-04467,1940000,0
R05-04468,77190000,300000
R05-04469,6040000,20000
R05-04470,57320000,150000
R05-04471,3520000,0
R05-04472,64310000,150000
R05-04473,84450000,300000
R05-04474,38040000,150000
R05-04475,5530000,20000
R05-04476,33690000,150000
R05-04477,72190000,300000
R05-04478,43310000,150000
R05-04479,60820000,150000
R05-04480,52600000,150000
R05-04481,1730000,0
R05-04482,78850000,300000
R05-04483,11580000,40000
R05-04484,53480000,150000
R05-04485,72230000,300000
R05-04486,32240000,60000
R05-04487,11730000,40000
R05-04488,7180000,20000
R05-04489,46390000,150000
R05-04490,102690000,300000
R05-04491,16110000,40000
R05-04492,2240000,0
R05-04493,22000000,60000
R05-04494,72910000,300000
R05-04495,57610000,150000
R05-04496,23610000,60000
R05-04497,57080000,150000
R05-04498,24300000,60000
R05-04499,40990000,150000
R05-04500,25340000,60000
R05-04501,88240000,300000
R05-04502,44800000,150000
R05-04503,24150000,60000
R05-04504,46630000,150000
R05-04505,2190000,0
R05-04506,8260000,20000
R05-04507,54190000,150000
R05-04508,84420000,300000
R05-04509,21640000,60000
R05-04510,42870000,150000
R05-04511,45700000,150000
R05-04512,57260000,150000
R05-04513,106310000,300000
R05-04514,1660000,0
R05-04515,52430000,150000
R05-04516,28370000,60000
R05-04517,44260000,150000
R05-04518,31120000,60000
R05-04519,34480000,150000
R05-04520,64130000,150000
R05-04521,96440000,300000
R05-04522,32940000,60000
R05-04523,132560000,300000
R05-04524,81430000,300000
R05-04525,52590000,150000
R05-04526,15350000,40000
R05-04527,12550000,40000
R05-04528,13370000,40000
R05-04529,2570000,0
R05-04530,4160000,0
R05-04531,34940000,150000
R05-04532,56650000,150000
R05-04533,2380000,0
R05-04534,25070000,60000
R05-04535,111360000,300000
R05-04536,1540000,0
R05-04537,33310000,60000
R05-04538,50970000,150000
R05-04539,61390000,150000
R05-04540,43700000,150000
R05-04541,23920000,60000
R05-04542,34680000,150000
R05-04543,63020000,150000
R05-04544,83590000,300000
R05-04545,43600000,150000
R05-04546,84490000,300000
R05-04547,25930000,60000
R05-04548,1040000,0
R05-04549,21010000,60000
R05-04550,135140000,600000
R05-04551,26570000,60000
R05-04552,81030000,300000
R05-04553,34680000,150000
R05-04554,109090000,300000
R05-04555,20850000,60000
R05-04556,1750000,0
R05-04557,71160000,300000
R05-04558,103990000,300000
R05-04559,24550000,60000
R05-04560,23840000,60000
R05-04561,95390000,300000
R05-04562,92660000,300000
R05-04563,10620000,40000
R05-04564,128530000,300000
R05-04565,68800000,300000
R05-04566,75670000,300000
R05-04567,22450000,60000
R05-04568,81180000,300000
R05-04569,46710000,150000
R05-04570,43240000,150000
R05-04571,35690000,150000
R05-04572,42570000,150000
R05-04573,116910000,300000
R05-04574,85200000,300000
R05-04575,2540000,0
R05-04576,26990000,60000
R05-04577,17260000,40000
R05-04578,52980000,150000
R05-04579,61620000,150000
R05-04580,17410000,40000
R05-04581,95980000,300000
R05-04582,21930000,60000
R05-04583,224760000,1000000
R05-04584,12750000,40000
R05-04585,14100000,40000
R05-04586,82710000,300000
R05-04587,93820000,300000
R05-04588,22800000,60000
R05-04589,25850000,60000
R05-04590,33100000,60000
R05-04591,43570000,150000
R05-04592,1290000,0
R05-04593,4140000,0
R05-04594,16350000,40000
R05-04595,1380000,0
R05-04596,2850000,0
R05-04597,13870000,40000
R05-04598,73770000,300000
R05-04599,63820000,150000
R05-04600,50870000,150000
R05-04601,2570000,0
R05-04602,31470000,60000
R05-04603,24160000,60000
R05-04604,41890000,150000
R05-04605,56530000,150000
R05-04606,12810000,40000
R05-04607,25700000,60000
R05-04608,110990000,300000
R05-04609,13750000,40000
R05-04610,62740000,150000
R05-04611,54150000,150000
R05-04612,2840000,0
R05-04613,2530000,0
R05-04614,73130000,300000
R05-04615,26320000,60000
R05-04616,92150000,300000
R05-04617,20420000,60000
R05-04618,7190000,20000
R05-04619,51000000,150000
R05-04620,42270000,150000
R05-04621,33200000,60000
R05-04622,112360000,300000
R05-04623,83120000,300000
R05-04624,95740000,300000
R05-04625,23000000,60000
R05-04626,13560000,40000
R05-04627,100500000,300000
R05-04628,85090000,300000
R05-04629,12080000,40000
R05-04630,113240000,300000
R05-04631,84050000,300000
R05-04632,65910000,150000
R05-04633,13490000,40000
R05-04634,10800000,40000
R05-04635,30960000,60000
R05-04636,4300000,0
R05-04637,72060000,300000
R05-04638,14270000,40000
R05-04639,53780000,150000
R05-04640,2350000,0
R05-04641,105270000,300000
R05-04642,2640000,0
R05-04643,52310000,150000
R05-04644,6910000,20000
R05-04645,51360000,150000
R05-04646,32160000,60000
R05-04647,122620000,300000
R05-04648,6230000,20000
R05-04649,83000000,300000
R05-04650,1540000,0
R05-04651,41980000,150000
R05-04652,7360000,20000
R05-04653,41950000,150000
R05-04654,35140000,150000
R05-04655,74740000,300000
R05-04656,61330000,150000
R05-04657,42440000,150000
R05-04658,78300000,300000
R05-04659,33780000,150000
R05-04660,36710000,150000
R05-04661,75340000,300000
R05-04662,6340000,20000
R05-04663,41970000,150000
R05-04664,24080000,60000
R05-04665,87920000,300000
R05-04666,83430000,300000
R05-04667,2700000,0
R05-04668,4330000,0
R05-04669,11920000,40000
R05-04670,93410000,300000
R05-04671,103860000,300000
R05-04672,44140000,150000
R05-04673,12230000,40000
R05-04674,22800000,60000
R05-04675,55840000,150000
R05-04676,4420000,0
R05-04677,26000000,60000
R05-04678,112310000,300000
R05-04679,66450000,150000
R05-04680,7470000,20000
R05-04681,8270000,20000
R05-04682,45150000,150000
R05-04683,67340000,300000
R05-04684,18070000,40000
R05-04685,25580000,60000
R05-04686,40940000,150000
R05-04687,2070000,0
R05-04688,3440000,0
R05-04689,86770000,300000
R05-04690,12340000,40000
R05-04691,87080000,300000
R05-04692,34160000,150000
R05-04693,6610000,20000
R05-04694,85440000,300000
R05-04695,44700000,150000
R05-04696,55240000,150000
R05-04697,17490000,40000
R05-04698,43320000,150000
R05-04699,25340000,60000
R05-04700,44340000,150000
R05-04701,42830000,150000
R05-04702,11590000,40000
R05-04703,112840000,300000
R05-04704,73540000,300000
R05-04705,91590000,300000
R05-04706,2210000,0
R05-04707,102140000,300000
R05-04708,83490000,300000
R05-04709,65770000,150000
R05-04710,2320000,0
R05-04711,4590000,0
R05-04712,1880000,0
R05-04713,2840000,0
R05-04714,15030000,40000
R05-04715,26180000,60000
R05-04716,2320000,0
R05-04717,37620000,150000
R05-04718,76060000,300000
R05-04719,22930000,60000
R05-04720,15570000,40000
R05-04721,3940000,0
R05-04722,42810000,150000
R05-04723,63260000,150000
R05-04724,4530000,0
R05-04725,57730000,150000
R05-04726,1530000,0
R05-04727,45290000,150000
R05-04728,123010000,300000
R05-04729,51980000,150000
R05-04730,82980000,300000
R05-04731,83030000,300000
R05-04732,61530000,150000
R05-04733,22070000,60000
R05-04734,13370000,40000
R05-04735,95940000,300000
R05-04736,3710000,0
R05-04737,84220000,300000
R05-04738,24070000,60000
R05-04739,32910000,60000
R05-04740,51310000,150000
R05-04741,84790000,300000
R05-04742,3320000,0
R05-04743,50990000,150000
R05-04744,22380000,60000
R05-04745,18140000,40000
R05-04746,16930000,40000
R05-04747,13830000,40000
R05-04748,51820000,150000
R05-04749,64620000,150000
R05-04750,18010000,40000
R05-04751,29030000,60000
R05-04752,83060000,300000
R05-04753,36280000,150000
R05-04754,76770000,300000
R05-04755,13160000,40000
R05-04756,95830000,300000
R05-04757,51080000,150000
R05-04758,114840000,300000
R05-04759,26010000,60000
R05-04760,23440000,60000
R05-04761,62530000,150000
R05-04762,81800000,300000
R05-04763,54190000,150000
R05-04764,132460000,300000
R05-04765,71990000,300000
R05-04766,45760000,150000
R05-04767,22690000,60000
R05-04768,82420000,300000
R05-04769,72400000,300000
R05-04770,104660000,300000
R05-04771,93530000,300000
R05-04772,14470000,40000
R05-04773,2280000,0
R05-04774,3180000,0
R05-04775,1440000,0
R05-04776,31370000,60000
R05-04777,11540000,40000
R05-04778,1960000,0
