고객ID,타사이전금액,혜택금액
R23-00000,82250000,300000
R23-00001,86630000,300000
R23-00002,42450000,150000
R23-00003,28690000,60000
R23-00004,88180000,300000
R23-00005,12410000,40000
R23-00006,13590000,40000
R23-00007,85880000,300000
R23-00008,25420000,60000
R23-00009,770000,0
R23-00010,33750000,150000
R23-00011,55020000,150000
R23-00012,15260000,40000
R23-00013,13280000,40000
R23-00014,23730000,60000
R23-00015,52150000,150000
R23-00016,42930000,150000
R23-00017,4540000,0
R23-00018,83050000,300000
R23-00019,14250000,40000
R23-00020,57920000,150000
R23-00021,46350000,150000
R23-00022,5660000,20000
R23-00023,35630000,150000
R23-00024,12510000,40000
R23-00025,2060000,0
R23-00026,4400000,0
R23-00027,16160000,40000
R23-00028,26880000,60000
R23-00029,3200000,0
R23-00030,103660000,300000
R23-00031,20760000,60000
R23-00032,40990000,150000
R23-00033,12880000,40000
R23-00034,45270000,150000
R23-00035,54770000,150000
R23-00036,86890000,300000
R23-00037,21980000,60000
R23-00038,93440000,300000
R23-00039,47720000,150000
R23-00040,94640000,300000
R23-00041,23170000,60000
R23-00042,16570000,40000
R23-00043,82650000,300000
R23-00044,20480000,60000
R23-00045,34570000,150000
R23-00046,146220000,600000
R23-00047,1620000,0
R23-00048,73920000,300000
R23-00049,43200000,150000
R23-00050,7950000,20000
R23-00051,45410000,150000
R23-00052,56280000,150000
R23-00053,41390000,150000
R23-00054,4820000,0
R23-00055,94680000,300000
R23-00056,10900000,40000
R23-00057,72260000,300000
R23-00058,24730000,60000
R23-00059,65150000,150000
R23-00060,15630000,40000
R23-00061,34510000,150000
R23-00062,12730000,40000
R23-00063,52270000,150000
R23-00064,75580000,300000
R23-00065,53240000,150000
R23-00066,17570000,40000
R23-00067,32950000,60000
R23-00068,51940000,150000
R23-00069,71540000,300000
R23-00070,96210000,300000
R23-00071,42690000,150000
R23-00072,95590000,300000
R23-00073,37290000,150000
R23-00074,122000000,300000
R23-00075,46060000,150000
R23-00076,63490000,150000
R23-00077,14360000,40000
R23-00078,42250000,150000
R23-00079,86140000,300000
R23-00080,44940000,150000
R23-00081,16120000,40000
R23-00082,21960000,60000
R23-00083,3030000,0
R23-00084,16070000,40000
R23-00085,51950000,150000
R23-00086,43390000,150000
R23-00087,46990000,150000
R23-00088,48610000,150000
R23-00089,107510000,300000
R23-00090,4640000,0
R23-00091,3850000,0
R23-00092,7430000,20000
R23-00093,12510000,40000
R23-00094,104320000,300000
R23-00095,33330000,60000
R23-00096,2200000,0
R23-00097,41850000,150000
R23-00098,85550000,300000
R23-00099,43530000,150000
R23-00100,3180000,0
R23-00101,2020000,0
R23-00102,62920000,150000
R23-00103,73180000,300000
R23-00104,52700000,150000
R23-00105,43900000,150000
R23-00106,7070000,20000
R23-00107,136400000,600000
R23-00108,24160000,60000
R23-00109,30900000,60000
R23-00110,24190000,60000
R23-00111,52100000,150000
R23-00112,82730000,300000
R23-00113,31210000,60000
R23-00114,13540000,40000
R23-00115,41760000,150000
R23-00116,17920000,40000
R23-00117,3030000,0
R23-00118,46260000,150000
R23-00119,18120000,40000
R23-00120,56800000,150000
R23-00121,94410000,300000
R23-00122,23210000,60000
R23-00123,25690000,60000
R23-00124,52400000,150000
R23-00125,21630000,60000
R23-00126,41620000,150000
R23-00127,72600000,300000
R23-00128,33150000,60000
R23-00129,55210000,150000
R23-00130,40950000,150000
R23-00131,22690000,60000
R23-00132,12300000,40000
R23-00133,83210000,300000
R23-00134,43080000,150000
R23-00135,52110000,150000
R23-00136,3920000,0
R23-00137,23580000,60000
R23-00138,1890000,0
R23-00139,37210000,150000
R23-00140,12710000,40000
R23-00141,22700000,60000
R23-00142,22370000,60000
R23-00143,73690000,300000
R23-00144,4470000,0
R23-00145,30290000,60000
R23-00146,55930000,150000
R23-00147,94100000,300000
R23-00148,23240000,60000
R23-00149,22580000,60000
R23-00150,24170000,60000
R23-00151,2920000,0
R23-00152,83610000,300000
R23-00153,42310000,150000
R23-00154,114750000,300000
R23-00155,93260000,300000
R23-00156,13280000,40000
R23-00157,76700000,300000
R23-00158,14730000,40000
R23-00159,56370000,150000
R23-00160,24410000,60000
R23-00161,58530000,150000
R23-00162,2130000,0
R23-00163,73170000,300000
R23-00164,63400000,150000
R23-00165,56870000,150000
R23-00166,38560000,150000
R23-00167,132710000,300000
R23-00168,31950000,60000
R23-00169,35900000,150000
R23-00170,55230000,150000
R23-00171,1240000,0
R23-00172,43080000,150000
R23-00173,12840000,40000
R23-00174,23450000,60000
R23-00175,3790000,0
R23-00176,25160000,60000
R23-00177,86950000,300000
R23-00178,41420000,150000
R23-00179,96430000,300000
R23-00180,2060000,0
R23-00181,14690000,40000
R23-00182,33720000,150000
R23-00183,37630000,150000
R23-00184,18020000,40000
R23-00185,86970000,300000
R23-00186,132550000,300000
R23-00187,91320000,300000
R23-00188,20910000,60000
R23-00189,8510000,20000
R23-00190,16550000,40000
R23-00191,147980000,600000
R23-00192,91850000,300000
R23-00193,50980000,150000
R23-00194,1340000,0
R23-00195,26770000,60000
R23-00196,11680000,40000
R23-00197,48200000,150000
R23-00198,14130000,40000
R23-00199,96440000,300000
R23-00200,43250000,150000
R23-00201,4020000,0
R23-00202,77840000,300000
R23-00203,36950000,150000
R23-00204,71780000,300000
R23-00205,62000000,150000
R23-00206,85880000,300000
R23-00207,42740000,150000
R23-00208,54510000,150000
R23-00209,67890000,300000
R23-00210,84730000,300000
R23-00211,41560000,150000
R23-00212,34160000,150000
R23-00213,15020000,40000
R23-00214,12210000,40000
R23-00215,23940000,60000
R23-00216,4030000,0
R23-00217,6350000,20000
R23-00218,42790000,150000
R23-00219,52100000,150000
R23-00220,56400000,150000
R23-00221,34810000,150000
R23-00222,42210000,150000
R23-00223,85360000,300000
R23-00224,51890000,150000
R23-00225,36410000,150000
R23-00226,104410000,300000
R23-00227,1680000,0
R23-00228,2540000,0
R23-00229,7220000,20000
R23-00230,50550000,150000
R23-00231,94730000,300000
R23-00232,2740000,0
R23-00233,16210000,40000
R23-00234,53350000,150000
R23-00235,24020000,60000
R23-00236,13680000,40000
R23-00237,61810000,150000
R23-00238,48140000,150000
R23-00239,940000,0
R23-00240,14980000,40000
R23-00241,83460000,300000
R23-00242,2100000,0
R23-00243,102630000,300000
R23-00244,81850000,300000
R23-00245,22210000,60000
R23-00246,54400000,150000
R23-00247,2230000,0
R23-00248,32640000,60000
R23-00249,97170000,300000
R23-00250,3730000,0
R23-00251,5970000,20000
R23-00252,22370000,60000
R23-00253,50950000,150000
R23-00254,41190000,150000
R23-00255,85200000,300000
R23-00256,44500000,150000
R23-00257,84700000,300000
R23-00258,13190000,40000
R23-00259,830000,0
R23-00260,1730000,0
R23-00261,93390000,300000
R23-00262,4320000,0
R23-00263,3700000,0
R23-00264,45960000,150000
R23-00265,51850000,150000
R23-00266,31490000,60000
R23-00267,32550000,60000
R23-00268,9170000,20000
R23-00269,12640000,40000
R23-00270,40960000,150000
R23-00271,63530000,150000
R23-00272,61550000,150000
R23-00273,42000000,150000
R23-00274,67120000,300000
R23-00275,61740000,150000
R23-00276,63290000,150000
R23-00277,92660000,300000
R23-00278,76130000,300000
R23-00279,32320000,60000
R23-00280,87000000,300000
R23-00281,68710000,300000
R23-00282,65860000,150000
R23-00283,2010000,0
R23-00284,84680000,300000
R23-00285,4390000,0
R23-00286,42630000,150000
R23-00287,103320000,300000
R23-00288,1690000,0
R23-00289,25800000,60000
R23-00290,13060000,40000
R23-00291,62170000,150000
R23-00292,63260000,150000
R23-00293,28190000,60000
R23-00294,17590000,40000
R23-00295,64150000,150000
R23-00296,32950000,60000
R23-00297,17680000,40000
R23-00298,16920000,40000
R23-00299,53990000,150000
R23-00300,93450000,300000
R23-00301,41740000,150000
R23-00302,61400000,150000
R23-00303,60520000,150000
R23-00304,21380000,60000
R23-00305,14180000,40000
R23-00306,46220000,150000
R23-00307,52690000,150000
R23-00308,75990000,300000
R23-00309,31880000,60000
R23-00310,73640000,300000
R23-00311,35520000,150000
R23-00312,128550000,300000
R23-00313,34080000,150000
R23-00314,15750000,40000
R23-00315,54130000,150000
R23-00316,68040000,300000
R23-00317,73520000,300000
R23-00318,74140000,300000
R23-00319,47990000,150000
R23-00320,52330000,150000
R23-00321,134460000,600000
R23-00322,153010000,600000
R23-00323,24450000,60000
R23-00324,54210000,150000
R23-00325,44630000,150000
R23-00326,97900000,300000
R23-00327,21090000,60000
R23-00328,33710000,150000
R23-00329,36600000,150000
R23-00330,31290000,60000
R23-00331,11100000,40000
R23-00332,93450000,300000
R23-00333,21790000,60000
R23-00334,62050000,150000
R23-00335,42800000,150000
R23-00336,34640000,150000
R23-00337,3160000,0
R23-00338,23200000,60000
R23-00339,65360000,150000
R23-00340,61870000,150000
R23-00341,64310000,150000
R23-00342,15760000,40000
R23-00343,36230000,150000
R23-00344,56280000,150000
R23-00345,2260000,0
R23-00346,81690000,300000
R23-00347,5150000,20000
R23-00348,36830000,150000
R23-00349,27320000,60000
R23-00350,17640000,40000
R23-00351,34330000,150000
R23-00352,12710000,40000
R23-00353,74160000,300000
R23-00354,102290000,300000
R23-00355,41820000,150000
R23-00356,32050000,60000
R23-00357,42540000,150000
R23-00358,27020000,60000
R23-00359,12250000,40000
R23-00360,93660000,300000
R23-00361,14260000,40000
R23-00362,112730000,300000
R23-00363,9890000,20000
R23-00364,123700000,300000
R23-00365,42020000,150000
R23-00366,23260000,60000
R23-00367,29810000,60000
R23-00368,33870000,150000
R23-00369,2410000,0
R23-00370,45940000,150000
R23-00371,71910000,300000
R23-00372,114820000,300000
R23-00373,24870000,60000
R23-00374,1880000,0
R23-00375,650000,0
R23-00376,67630000,300000
R23-00377,1680000,0
R23-00378,11520000,40000
R23-00379,66630000,150000
R23-00380,77780000,300000
R23-00381,45620000,150000
R23-00382,15970000,40000
R23-00383,88060000,300000
R23-00384,32870000,60000
R23-00385,92170000,300000
R23-00386,45310000,150000
R23-00387,24060000,60000
R23-00388,6990000,20000
R23-00389,11280000,40000
R23-00390,63500000,150000
R23-00391,4690000,0
R23-00392,2380000,0
R23-00393,70900000,300000
R23-00394,51300000,150000
R23-00395,67300000,300000
R23-00396,9250000,20000
R23-00397,69040000,300000
R23-00398,71320000,300000
R23-00399,117360000,300000
R23-00400,14570000,40000
R23-00401,73200000,300000
R23-00402,63670000,150000
R23-00403,22500000,60000
R23-00404,136380000,600000
R23-00405,71220000,300000
R23-00406,55140000,150000
R23-00407,23370000,60000
R23-00408,32190000,60000
R23-00409,52250000,150000
R23-00410,37990000,150000
R23-00411,52430000,150000
R23-00412,83050000,300000
R23-00413,22280000,60000
R23-00414,12070000,40000
R23-00415,25850000,60000
R23-00416,7040000,20000
R23-00417,13010000,40000
R23-00418,101640000,300000
R23-00419,3070000,0
R23-00420,42040000,150000
R23-00421,4630000,0
R23-00422,12580000,40000
R23-00423,85630000,300000
R23-00424,30930000,60000
R23-00425,22540000,60000
R23-00426,23030000,60000
R23-00427,26390000,60000
R23-00428,93840000,300000
R23-00429,42790000,150000
R23-00430,74110000,300000
R23-00431,15170000,40000
R23-00432,94130000,300000
R23-00433,117750000,300000
R23-00434,41570000,150000
R23-00435,55940000,150000
R23-00436,93540000,300000
R23-00437,21400000,60000
R23-00438,6090000,20000
R23-00439,93230000,300000
R23-00440,32460000,60000
R23-00441,42500000,150000
R23-00442,30800000,60000
R23-00443,4080000,0
R23-00444,67520000,300000
R23-00445,35390000,150000
R23-00446,15080000,40000
R23-00447,28320000,60000
R23-00448,42210000,150000
R23-00449,41580000,150000
R23-00450,65000000,150000
R23-00451,31700000,60000
R23-00452,83530000,300000
R23-00453,41800000,150000
R23-00454,6780000,20000
R23-00455,690000,0
R23-00456,82550000,300000
R23-00457,32870000,60000
R23-00458,53420000,150000
R23-00459,25040000,60000
R23-00460,3840000,0
R23-00461,70860000,300000
R23-00462,5060000,20000
R23-00463,3110000,0
R23-00464,840000,0
R23-00465,1240000,0
R23-00466,43800000,150000
R23-00467,15920000,40000
R23-00468,12650000,40000
R23-00469,96160000,300000
R23-00470,4060000,0
R23-00471,31140000,60000
R23-00472,1790000,0
R23-00473,103090000,300000
R23-00474,47280000,150000
R23-00475,46010000,150000
R23-00476,66210000,150000
R23-00477,33660000,150000
R23-00478,62760000,150000
R23-00479,107280000,300000
R23-00480,114050000,300000
R23-00481,49240000,150000
R23-00482,101380000,300000
R23-00483,12370000,40000
R23-00484,34730000,150000
R23-00485,76180000,300000
R23-00486,114870000,300000
R23-00487,40950000,150000
R23-00488,32370000,60000
R23-00489,6330000,20000
R23-00490,94220000,300000
R23-00491,27840000,60000
R23-00492,44650000,150000
R23-00493,123210000,300000
R23-00494,3670000,0
R23-00495,32150000,60000
R23-00496,35230000,150000
R23-00497,53850000,150000
R23-00498,29240000,60000
R23-00499,53820000,150000
R23-00500,65110000,150000
R23-00501,12920000,40000
R23-00502,890000,0
R23-00503,51830000,150000
R23-00504,23600000,60000
R23-00505,14320000,40000
R23-00506,34420000,150000
R23-00507,31040000,60000
R23-00508,142980000,600000
R23-00509,105070000,300000
R23-00510,61730000,150000
R23-00511,51070000,150000
R23-00512,24960000,60000
R23-00513,32620000,60000
R23-00514,32390000,60000
R23-00515,35390000,150000
R23-00516,11230000,40000
R23-00517,41700000,150000
R23-00518,7260000,20000
R23-00519,25980000,60000
R23-00520,25840000,60000
R23-00521,24120000,60000
R23-00522,24200000,60000
R23-00523,74760000,300000
R23-00524,21280000,60000
R23-00525,83070000,300000
R23-00526,42360000,150000
R23-00527,65920000,150000
R23-00528,35120000,150000
R23-00529,15340000,40000
R23-00530,71030000,300000
R23-00531,57280000,150000
R23-00532,74260000,300000
R23-00533,94550000,300000
R23-00534,26220000,60000
R23-00535,82580000,300000
R23-00536,4600000,0
R23-00537,7330000,20000
R23-00538,48790000,150000
R23-00539,22500000,60000
R23-00540,42040000,150000
R23-00541,22370000,60000
R23-00542,32260000,60000
R23-00543,73030000,300000
R23-00544,18720000,40000
R23-00545,4950000,0
R23-00546,33310000,60000
R23-00547,90440000,300000
R23-00548,66240000,150000
R23-00549,58110000,150000
R23-00550,75170000,300000
R23-00551,32470000,60000
R23-00552,15850000,40000
R23-00553,52220000,150000
R23-00554,33880000,150000
R23-00555,67190000,300000
R23-00556,5910000,20000
R23-00557,24810000,60000
R23-00558,77270000,300000
R23-00559,70650000,300000
R23-00560,12430000,40000
R23-00561,112620000,300000
R23-00562,71640000,300000
R23-00563,54990000,150000
R23-00564,24230000,60000
R23-00565,82160000,300000
R23-00566,103770000,300000
R23-00567,35370000,150000
R23-00568,83210000,300000
R23-00569,51490000,150000
R23-00570,5440000,20000
R23-00571,25710000,60000
R23-00572,73620000,300000
R23-00573,73830000,300000
R23-00574,44590000,150000
R23-00575,54400000,150000
R23-00576,46480000,150000
R23-00577,21740000,60000
R23-00578,54510000,150000
R23-00579,124600000,300000
R23-00580,61540000,150000
R23-00581,7350000,20000
R23-00582,63450000,150000
R23-00583,12810000,40000
R23-00584,42900000,150000
R23-00585,13870000,40000
R23-00586,115850000,300000
R23-00587,55570000,150000
R23-00588,14910000,40000
R23-00589,107870000,300000
R23-00590,52710000,150000
R23-00591,81520000,300000
R23-00592,42130000,150000
R23-00593,62350000,150000
R23-00594,61770000,150000
R23-00595,82960000,300000
R23-00596,24420000,60000
R23-00597,2420000,0
R23-00598,4180000,0
R23-00599,2090000,0
R23-00600,88220000,300000
R23-00601,57810000,150000
R23-00602,73110000,300000
R23-00603,41810000,150000
R23-00604,35990000,150000
R23-00605,28490000,60000
R23-00606,66240000,150000
R23-00607,83760000,300000
R23-00608,33300000,60000
R23-00609,34770000,150000
R23-00610,11130000,40000
R23-00611,38630000,150000
R23-00612,59240000,150000
R23-00613,34230000,150000
R23-00614,34500000,150000
R23-00615,14840000,40000
R23-00616,84480000,300000
R23-00617,50790000,150000
R23-00618,21720000,60000
R23-00619,42480000,150000
R23-00620,7020000,20000
R23-00621,65540000,150000
R23-00622,26300000,60000
R23-00623,96880000,300000
R23-00624,4280000,0
R23-00625,3190000,0
R23-00626,75480000,300000
R23-00627,126510000,300000
R23-00628,12020000,40000
R23-00629,73230000,300000
R23-00630,73910000,300000
R23-00631,30890000,60000
R23-00632,72620000,300000
R23-00633,35310000,150000
R23-00634,21960000,60000
R23-00635,136740000,600000
R23-00636,54990000,150000
R23-00637,103510000,300000
R23-00638,102820000,300000
R23-00639,41880000,150000
R23-00640,142240000,600000
R23-00641,73710000,300000
R23-00642,50930000,150000
R23-00643,12520000,40000
R23-00644,4940000,0
R23-00645,28020000,60000
R23-00646,82400000,300000
R23-00647,11070000,40000
R23-00648,64720000,150000
R23-00649,75420000,300000
R23-00650,12130000,40000
R23-00651,71820000,300000
R23-00652,26710000,60000
R23-00653,42050000,150000
R23-00654,3270000,0
R23-00655,31700000,60000
R23-00656,3820000,0
R23-00657,3420000,0
R23-00658,23140000,60000
R23-00659,121280000,300000
R23-00660,15370000,40000
R23-00661,35980000,150000
R23-00662,5330000,20000
R23-00663,71750000,300000
R23-00664,25960000,60000
R23-00665,380000,0
R23-00666,23420000,60000
R23-00667,21930000,60000
R23-00668,13660000,40000
R23-00669,33570000,150000
R23-00670,7650000,20000
R23-00671,35880000,150000
R23-00672,27670000,60000
R23-00673,34260000,150000
R23-00674,63070000,150000
R23-00675,11640000,40000
R23-00676,24040000,60000
R23-00677,14770000,40000
R23-00678,108600000,300000
R23-00679,4890000,0
R23-00680,65480000,150000
R23-00681,31520000,60000
R23-00682,70850000,300000
R23-00683,13080000,40000
R23-00684,85050000,300000
R23-00685,22600000,60000
R23-00686,41090000,150000
R23-00687,1660000,0
R23-00688,42940000,150000
R23-00689,65510000,150000
R23-00690,24810000,60000
R23-00691,31320000,60000
R23-00692,37630000,150000
R23-00693,75270000,300000
R23-00694,12960000,40000
R23-00695,84580000,300000
R23-00696,1840000,0
R23-00697,12480000,40000
R23-00698,3580000,0
R23-00699,15730000,40000
R23-00700,590000,0
R23-00701,16130000,40000
R23-00702,83570000,300000
R23-00703,47210000,150000
R23-00704,48740000,150000
R23-00705,53370000,150000
R23-00706,2300000,0
R23-00707,152100000,600000
R23-00708,13520000,40000
R23-00709,80740000,300000
R23-00710,12080000,40000
R23-00711,6750000,20000
R23-00712,24680000,60000
R23-00713,5060000,20000
R23-00714,42170000,150000
R23-00715,101430000,300000
R23-00716,61000000,150000
R23-00717,51760000,150000
R23-00718,63720000,150000
R23-00719,7710000,20000
R23-00720,4680000,0
R23-00721,93360000,300000
R23-00722,26170000,60000
R23-00723,22110000,60000
R23-00724,22780000,60000
R23-00725,32290000,60000
R23-00726,13050000,40000
R23-00727,31530000,60000
R23-00728,22410000,60000
R23-00729,13470000,40000
R23-00730,45100000,150000
R23-00731,53350000,150000
R23-00732,65860000,150000
R23-00733,49010000,150000
R23-00734,13150000,40000
R23-00735,92060000,300000
R23-00736,93170000,300000
R23-00737,6420000,20000
R23-00738,82500000,300000
R23-00739,51300000,150000
R23-00740,124630000,300000
R23-00741,95010000,300000
R23-00742,5250000,20000
R23-00743,2410000,0
R23-00744,5150000,20000
R23-00745,51770000,150000
R23-00746,45980000,150000
R23-00747,73320000,300000
R23-00748,96320000,300000
R23-00749,67770000,300000
R23-00750,6990000,20000
R23-00751,1320000,0
R23-00752,22290000,60000
R23-00753,82750000,300000
R23-00754,51040000,150000
R23-00755,52260000,150000
R23-00756,65980000,150000
R23-00757,51770000,150000
R23-00758,12090000,40000
R23-00759,3980000,0
R23-00760,23180000,60000
R23-00761,25070000,60000
R23-00762,16180000,40000
R23-00763,2500000,0
R23-00764,72160000,300000
R23-00765,41740000,150000
R23-00766,64580000,150000
R23-00767,16460000,40000
R23-00768,12000000,40000
R23-00769,7540000,20000
R23-00770,34270000,150000
R23-00771,66670000,300000
R23-00772,22750000,60000
R23-00773,3050000,0
R23-00774,52980000,150000
R23-00775,56900000,150000
R23-00776,42300000,150000
R23-00777,24430000,60000
R23-00778,87330000,300000
R23-00779,16580000,40000
R23-00780,81590000,300000
R23-00781,33700000,150000
R23-00782,72200000,300000
R23-00783,156740000,600000
R23-00784,23660000,60000
R23-00785,3090000,0
R23-00786,108290000,300000
R23-00787,48600000,150000
R23-00788,25140000,60000
R23-00789,73480000,300000
R23-00790,57810000,150000
R23-00791,6450000,20000
R23-00792,4080000,0
R23-00793,65840000,150000
R23-00794,100930000,300000
R23-00795,63580000,150000
R23-00796,126530000,300000
R23-00797,40740000,150000
R23-00798,20980000,60000
R23-00799,62110000,150000
R23-00800,61760000,150000
R23-00801,106600000,300000
R23-00802,24460000,60000
R23-00803,53000000,150000
R23-00804,45730000,150000
R23-00805,3460000,0
R23-00806,87590000,300000
R23-00807,14450000,40000
R23-00808,21560000,60000
R23-00809,222850000,1000000
R23-00810,24140000,60000
R23-00811,27680000,60000
R23-00812,960000,0
R23-00813,43010000,150000
R23-00814,61390000,150000
R23-00815,80640000,300000
R23-00816,54650000,150000
R23-00817,37020000,150000
R23-00818,51320000,150000
R23-00819,94900000,300000
R23-00820,6240000,20000
R23-00821,45240000,150000
R23-00822,24800000,60000
R23-00823,3120000,0
R23-00824,5000000,20000
R23-00825,92570000,300000
R23-00826,22140000,60000
R23-00827,20590000,60000
R23-00828,82280000,300000
R23-00829,13350000,40000
R23-00830,95100000,300000
R23-00831,114680000,300000
R23-00832,31030000,60000
R23-00833,120670000,300000
R23-00834,53450000,150000
R23-00835,15510000,40000
R23-00836,13640000,40000
R23-00837,47450000,150000
R23-00838,4330000,0
R23-00839,80540000,300000
R23-00840,62340000,150000
R23-00841,22140000,60000
R23-00842,85880000,300000
R23-00843,45130000,150000
R23-00844,82270000,300000
R23-00845,53520000,150000
R23-00846,22200000,60000
R23-00847,54550000,150000
R23-00848,34390000,150000
R23-00849,19290000,40000
R23-00850,76390000,300000
R23-00851,46260000,150000
R23-00852,40920000,150000
R23-00853,36110000,150000
R23-00854,29200000,60000
R23-00855,700000,0
R23-00856,40650000,150000
R23-00857,72440000,300000
R23-00858,22900000,60000
R23-00859,64020000,150000
R23-00860,83620000,300000
R23-00861,270000,0
R23-00862,76960000,300000
R23-00863,33250000,60000
R23-00864,57350000,150000
R23-00865,4010000,0
R23-00866,41640000,150000
R23-00867,25550000,60000
R23-00868,7300000,20000
R23-00869,2300000,0
R23-00870,56190000,150000
R23-00871,24730000,60000
R23-00872,21960000,60000
R23-00873,42300000,150000
R23-00874,5510000,20000
R23-00875,1840000,0
R23-00876,44600000,150000
R23-00877,32000000,60000
R23-00878,24970000,60000
R23-00879,44240000,150000
R23-00880,64930000,150000
R23-00881,80180000,300000
R23-00882,21150000,60000
R23-00883,22490000,60000
R23-00884,52900000,150000
R23-00885,51630000,150000
R23-00886,61620000,150000
R23-00887,12850000,40000
R23-00888,34170000,150000
R23-00889,33720000,150000
R23-00890,4690000,0
R23-00891,97410000,300000
R23-00892,14430000,40000
R23-00893,42880000,150000
R23-00894,12310000,40000
R23-00895,26600000,60000
R23-00896,38300000,150000
R23-00897,68110000,300000
R23-00898,83290000,300000
R23-00899,41370000,150000
R23-00900,12620000,40000
R23-00901,25800000,60000
R23-00902,43270000,150000
R23-00903,22840000,60000
R23-00904,42850000,150000
R23-00905,34580000,150000
R23-00906,46180000,150000
R23-00907,112780000,300000
R23-00908,13220000,40000
R23-00909,23140000,60000
R23-00910,77750000,300000
R23-00911,63200000,150000
R23-00912,27050000,60000
R23-00913,42360000,150000
R23-00914,81770000,300000
R23-00915,23200000,60000
R23-00916,62240000,150000
R23-00917,13060000,40000
R23-00918,5910000,20000
R23-00919,55120000,150000
R23-00920,40680000,150000
R23-00921,71230000,300000
R23-00922,13600000,40000
R23-00923,31870000,60000
R23-00924,104570000,300000
R23-00925,21910000,60000
R23-00926,16290000,40000
R23-00927,27600000,60000
R23-00928,22360000,60000
R23-00929,11600000,40000
R23-00930,63480000,150000
R23-00931,7520000,20000
R23-00932,73740000,300000
R23-00933,71550000,300000
R23-00934,28310000,60000
R23-00935,106330000,300000
R23-00936,154780000,600000
R23-00937,2370000,0
R23-00938,64190000,150000
R23-00939,45070000,150000
R23-00940,23900000,60000
R23-00941,66130000,150000
R23-00942,42850000,150000
R23-00943,18640000,40000
R23-00944,55170000,150000
R23-00945,21610000,60000
R23-00946,21760000,60000
R23-00947,25300000,60000
R23-00948,67180000,300000
R23-00949,94510000,300000
R23-00950,42260000,150000
R23-00951,32310000,60000
R23-00952,126830000,300000
R23-00953,62030000,150000
R23-00954,38670000,150000
R23-00955,61110000,150000
R23-00956,42280000,150000
R23-00957,120840000,300000
R23-00958,5300000,20000
R23-00959,44150000,150000
R23-00960,42970000,150000
R23-00961,140870000,600000
R23-00962,88090000,300000
R23-00963,500000,0
R23-00964,121860000,300000
R23-00965,106200000,300000
R23-00966,72770000,300000
R23-00967,54030000,150000
R23-00968,24680000,60000
R23-00969,5610000,20000
R23-00970,45650000,150000
R23-00971,55090000,150000
R23-00972,16940000,40000
R23-00973,113090000,300000
R23-00974,102390000,300000
R23-00975,12470000,40000
R23-00976,4640000,0
R23-00977,2560000,0
R23-00978,46420000,150000
R23-00979,102140000,300000
R23-00980,106770000,300000
R23-00981,88620000,300000
R23-00982,4300000,0
R23-00983,5840000,20000
R23-00984,64200000,150000
R23-00985,40510000,150000
R23-00986,17220000,40000
R23-00987,35900000,150000
R23-00988,83160000,300000
R23-00989,63750000,150000
R23-00990,80780000,300000
R23-00991,21950000,60000
R23-00992,47280000,150000
R23-00993,75680000,300000
R23-00994,82490000,300000
R23-00995,75310000,300000
R23-00996,62670000,150000
R23-00997,122350000,300000
R23-00998,77470000,300000
R23-00999,22320000,60000
R23-01000,75140000,300000
R23-01001,89370000,300000
R23-01002,52560000,150000
R23-01003,32710000,60000
R23-01004,51270000,150000
R23-01005,66150000,150000
R23-01006,23260000,60000
R23-01007,14050000,40000
R23-01008,16450000,40000
R23-01009,23420000,60000
R23-01010,30450000,60000
R23-01011,25590000,60000
R23-01012,105740000,300000
R23-01013,17330000,40000
R23-01014,11670000,40000
R23-01015,33730000,150000
R23-01016,33670000,150000
R23-01017,2300000,0
R23-01018,95710000,300000
R23-01019,46890000,150000
R23-01020,84410000,300000
R23-01021,2070000,0
R23-01022,31880000,60000
R23-01023,22350000,60000
R23-01024,32580000,60000
R23-01025,4560000,0
R23-01026,43260000,150000
R23-01027,18140000,40000
R23-01028,42940000,150000
R23-01029,95150000,300000
R23-01030,153060000,600000
R23-01031,16320000,40000
R23-01032,62500000,150000
R23-01033,6100000,20000
R23-01034,16570000,40000
R23-01035,34090000,150000
R23-01036,8080000,20000
R23-01037,21710000,60000
R23-01038,85550000,300000
R23-01039,14380000,40000
R23-01040,27850000,60000
R23-01041,53580000,150000
R23-01042,74480000,300000
R23-01043,21180000,60000
R23-01044,141450000,600000
R23-01045,44640000,150000
R23-01046,83360000,300000
R23-01047,19230000,40000
R23-01048,1180000,0
R23-01049,58030000,150000
R23-01050,15600000,40000
R23-01051,141860000,600000
R23-01052,47970000,150000
R23-01053,45380000,150000
R23-01054,42490000,150000
R23-01055,61980000,150000
R23-01056,121920000,300000
R23-01057,92500000,300000
R23-01058,63980000,150000
R23-01059,72740000,300000
R23-01060,66750000,300000
R23-01061,41820000,150000
R23-01062,31650000,60000
R23-01063,24170000,60000
R23-01064,45990000,150000
R23-01065,22170000,60000
R23-01066,70980000,300000
R23-01067,22070000,60000
R23-01068,82070000,300000
R23-01069,68750000,300000
R23-01070,80360000,300000
R23-01071,26760000,60000
R23-01072,6650000,20000
R23-01073,62690000,150000
R23-01074,16220000,40000
R23-01075,91370000,300000
R23-01076,20650000,60000
R23-01077,104280000,300000
R23-01078,101270000,300000
R23-01079,46000000,150000
R23-01080,46250000,150000
R23-01081,62900000,150000
R23-01082,42690000,150000
R23-01083,12010000,40000
R23-01084,440000,0
R23-01085,3710000,0
R23-01086,52940000,150000
R23-01087,41360000,150000
R23-01088,72020000,300000
R23-01089,32740000,60000
R23-01090,11270000,40000
R23-01091,5510000,20000
R23-01092,102010000,300000
R23-01093,94270000,300000
R23-01094,44870000,150000
R23-01095,2680000,0
R23-01096,21190000,60000
R23-01097,41960000,150000
R23-01098,2230000,0
R23-01099,24610000,60000
R23-01100,72450000,300000
R23-01101,8260000,20000
R23-01102,9370000,20000
R23-01103,11480000,40000
R23-01104,62340000,150000
R23-01105,24770000,60000
R23-01106,41240000,150000
R23-01107,46110000,150000
R23-01108,7310000,20000
R23-01109,44180000,150000
R23-01110,94970000,300000
R23-01111,92880000,300000
R23-01112,72990000,300000
R23-01113,21030000,60000
R23-01114,6490000,20000
R23-01115,14780000,40000
R23-01116,2060000,0
R23-01117,1330000,0
R23-01118,41310000,150000
R23-01119,22620000,60000
R23-01120,45660000,150000
R23-01121,61380000,150000
R23-01122,1510000,0
R23-01123,65160000,150000
R23-01124,105420000,300000
R23-01125,49560000,150000
R23-01126,63690000,150000
R23-01127,21290000,60000
R23-01128,75480000,300000
R23-01129,25980000,60000
R23-01130,45670000,150000
R23-01131,5970000,20000
R23-01132,42260000,150000
R23-01133,93360000,300000
R23-01134,42780000,150000
R23-01135,23620000,60000
R23-01136,18700000,40000
R23-01137,10920000,40000
R23-01138,12150000,40000
R23-01139,92730000,300000
R23-01140,23760000,60000
R23-01141,20210000,60000
R23-01142,25040000,60000
R23-01143,4380000,0
R23-01144,47680000,150000
R23-01145,96520000,300000
R23-01146,143800000,600000
R23-01147,121920000,300000
R23-01148,26490000,60000
R23-01149,10920000,40000
R23-01150,86070000,300000
R23-01151,60910000,150000
R23-01152,6830000,20000
R23-01153,13910000,40000
R23-01154,43180000,150000
R23-01155,52000000,150000
R23-01156,2250000,0
R23-01157,1770000,0
R23-01158,75490000,300000
R23-01159,5530000,20000
R23-01160,83360000,300000
R23-01161,62430000,150000
R23-01162,102530000,300000
R23-01163,35440000,150000
R23-01164,41460000,150000
R23-01165,25620000,60000
R23-01166,1590000,0
R23-01167,43970000,150000
R23-01168,63730000,150000
R23-01169,11340000,40000
R23-01170,33400000,150000
R23-01171,66820000,300000
R23-01172,41970000,150000
R23-01173,12040000,40000
R23-01174,68640000,300000
R23-01175,14570000,40000
R23-01176,4980000,0
R23-01177,93690000,300000
R23-01178,52530000,150000
R23-01179,35010000,150000
R23-01180,77410000,300000
R23-01181,1930000,0
R23-01182,7540000,20000
R23-01183,32630000,60000
R23-01184,31830000,60000
R23-01185,43810000,150000
R23-01186,13660000,40000
R23-01187,15810000,40000
R23-01188,2830000,0
R23-01189,66540000,150000
R23-01190,6450000,20000
R23-01191,59440000,150000
R23-01192,50890000,150000
R23-01193,21360000,60000
R23-01194,33260000,60000
R23-01195,21190000,60000
R23-01196,44870000,150000
R23-01197,41070000,150000
R23-01198,44740000,150000
R23-01199,66050000,150000
R23-01200,52110000,150000
R23-01201,94570000,300000
R23-01202,36250000,150000
R23-01203,17420000,40000
R23-01204,13850000,40000
R23-01205,26480000,60000
R23-01206,25530000,60000
R23-01207,30940000,60000
R23-01208,5660000,20000
R23-01209,45930000,150000
R23-01210,6290000,20000
R23-01211,11630000,40000
R23-01212,66690000,300000
R23-01213,43320000,150000
R23-01214,102370000,300000
R23-01215,73110000,300000
R23-01216,66200000,150000
R23-01217,32960000,60000
R23-01218,1000000,0
R23-01219,28640000,60000
R23-01220,102890000,300000
R23-01221,114240000,300000
R23-01222,33080000,60000
R23-01223,25020000,60000
R23-01224,82450000,300000
R23-01225,41530000,150000
R23-01226,6700000,20000
R23-01227,32350000,60000
R23-01228,53510000,150000
R23-01229,77260000,300000
R23-01230,17730000,40000
R23-01231,54100000,150000
R23-01232,5580000,20000
R23-01233,4510000,0
R23-01234,41460000,150000
R23-01235,84820000,300000
R23-01236,101300000,300000
R23-01237,25840000,60000
R23-01238,84150000,300000
R23-01239,63680000,150000
R23-01240,21860000,60000
R23-01241,112980000,300000
R23-01242,4900000,0
R23-01243,26230000,60000
R23-01244,51060000,150000
R23-01245,26530000,60000
R23-01246,83540000,300000
R23-01247,2390000,0
R23-01248,12840000,40000
R23-01249,87060000,300000
R23-01250,82480000,300000
R23-01251,147360000,600000
R23-01252,62000000,150000
R23-01253,24760000,60000
R23-01254,22300000,60000
R23-01255,3620000,0
R23-01256,90510000,300000
R23-01257,84430000,300000
R23-01258,22100000,60000
R23-01259,3770000,0
R23-01260,63070000,150000
R23-01261,108900000,300000
R23-01262,63320000,150000
R23-01263,100980000,300000
R23-01264,92860000,300000
R23-01265,53880000,150000
R23-01266,24520000,60000
R23-01267,5400000,20000
R23-01268,1510000,0
R23-01269,6800000,20000
R23-01270,21100000,60000
R23-01271,63150000,150000
R23-01272,82980000,300000
R23-01273,35440000,150000
R23-01274,34520000,150000
R23-01275,55180000,150000
R23-01276,35030000,150000
R23-01277,152280000,600000
R23-01278,32860000,60000
R23-01279,19690000,40000
R23-01280,88740000,300000
R23-01281,51480000,150000
R23-01282,27370000,60000
R23-01283,104210000,300000
R23-01284,2520000,0
R23-01285,10780000,40000
R23-01286,30950000,60000
R23-01287,5400000,20000
R23-01288,2360000,0
R23-01289,111420000,300000
R23-01290,63480000,150000
R23-01291,50000,0
R23-01292,25230000,60000
R23-01293,13580000,40000
R23-01294,60890000,150000
R23-01295,113180000,300000
R23-01296,54130000,150000
R23-01297,48250000,150000
R23-01298,28050000,60000
R23-01299,14140000,40000
R23-01300,76270000,300000
R23-01301,76790000,300000
R23-01302,65080000,150000
R23-01303,41820000,150000
R23-01304,34740000,150000
R23-01305,12140000,40000
R23-01306,72220000,300000
R23-01307,62370000,150000
R23-01308,62110000,150000
R23-01309,27710000,60000
R23-01310,23160000,60000
R23-01311,51640000,150000
R23-01312,31120000,60000
R23-01313,23890000,60000
R23-01314,113400000,300000
R23-01315,5020000,20000
R23-01316,2640000,0
R23-01317,72630000,300000
R23-01318,16710000,40000
R23-01319,1760000,0
R23-01320,55060000,150000
R23-01321,48120000,150000
R23-01322,54540000,150000
R23-01323,36300000,150000
R23-01324,75910000,300000
R23-01325,66910000,300000
R23-01326,63610000,150000
R23-01327,62120000,150000
R23-01328,21210000,60000
R23-01329,121260000,300000
R23-01330,38520000,150000
R23-01331,32730000,60000
R23-01332,3820000,0
R23-01333,41690000,150000
R23-01334,22450000,60000
R23-01335,23750000,60000
R23-01336,11340000,40000
R23-01337,21240000,60000
R23-01338,11810000,40000
R23-01339,53860000,150000
R23-01340,12180000,40000
R23-01341,22150000,60000
R23-01342,6360000,20000
R23-01343,51850000,150000
R23-01344,42450000,150000
R23-01345,57640000,150000
R23-01346,24250000,60000
R23-01347,53870000,150000
R23-01348,82970000,300000
R23-01349,22560000,60000
R23-01350,51360000,150000
R23-01351,42390000,150000
R23-01352,85750000,300000
R23-01353,52130000,150000
R23-01354,101420000,300000
R23-01355,25420000,60000
R23-01356,71680000,300000
R23-01357,12580000,40000
R23-01358,42450000,150000
R23-01359,27170000,60000
R23-01360,67350000,300000
R23-01361,24980000,60000
R23-01362,16370000,40000
R23-01363,1760000,0
R23-01364,8270000,20000
R23-01365,73470000,300000
R23-01366,38570000,150000
R23-01367,70570000,300000
R23-01368,13060000,40000
R23-01369,7940000,20000
R23-01370,95900000,300000
R23-01371,101980000,300000
R23-01372,81600000,300000
R23-01373,134050000,600000
R23-01374,24410000,60000
R23-01375,5750000,20000
R23-01376,101560000,300000
R23-01377,2790000,0
R23-01378,2930000,0
R23-01379,72960000,300000
R23-01380,25950000,60000
R23-01381,23820000,60000
R23-01382,45960000,150000
R23-01383,7480000,20000
R23-01384,14260000,40000
R23-01385,1990000,0
R23-01386,33260000,60000
R23-01387,62100000,150000
R23-01388,102870000,300000
R23-01389,52810000,150000
R23-01390,22260000,60000
R23-01391,3270000,0
R23-01392,81380000,300000
R23-01393,96770000,300000
R23-01394,223240000,1000000
R23-01395,25860000,60000
R23-01396,27300000,60000
R23-01397,108560000,300000
R23-01398,52420000,150000
R23-01399,65410000,150000
R23-01400,82710000,300000
R23-01401,142240000,600000
R23-01402,76420000,300000
R23-01403,2300000,0
R23-01404,52660000,150000
R23-01405,64580000,150000
R23-01406,25050000,60000
R23-01407,43370000,150000
R23-01408,26120000,60000
R23-01409,83910000,300000
R23-01410,10650000,40000
R23-01411,33720000,150000
R23-01412,18360000,40000
R23-01413,23990000,60000
R23-01414,101260000,300000
R23-01415,66890000,300000
R23-01416,21400000,60000
R23-01417,5480000,20000
R23-01418,94280000,300000
R23-01419,4690000,0
R23-01420,66350000,150000
R23-01421,4530000,0
R23-01422,52940000,150000
R23-01423,33820000,150000
R23-01424,12140000,40000
R23-01425,3690000,0
R23-01426,24010000,60000
R23-01427,63460000,150000
R23-01428,27110000,60000
R23-01429,32540000,60000
R23-01430,36960000,150000
R23-01431,98590000,300000
R23-01432,73720000,300000
R23-01433,96260000,300000
R23-01434,21720000,60000
R23-01435,29550000,60000
R23-01436,113630000,300000
R23-01437,1830000,0
R23-01438,45010000,150000
R23-01439,12100000,40000
R23-01440,45450000,150000
R23-01441,63870000,150000
R23-01442,21770000,60000
R23-01443,32800000,60000
R23-01444,30960000,60000
R23-01445,86560000,300000
R23-01446,43590000,150000
R23-01447,18300000,40000
R23-01448,21510000,60000
R23-01449,1910000,0
R23-01450,15790000,40000
R23-01451,67270000,300000
R23-01452,60340000,150000
R23-01453,47640000,150000
R23-01454,42740000,150000
R23-01455,42580000,150000
R23-01456,35100000,150000
R23-01457,62610000,150000
R23-01458,28210000,60000
R23-01459,144340000,600000
R23-01460,24920000,60000
R23-01461,83900000,300000
R23-01462,62230000,150000
R23-01463,6930000,20000
R23-01464,23350000,60000
R23-01465,11820000,40000
R23-01466,87200000,300000
R23-01467,61310000,150000
R23-01468,22320000,60000
R23-01469,145380000,600000
R23-01470,68220000,300000
R23-01471,55650000,150000
R23-01472,3240000,0
R23-01473,35450000,150000
R23-01474,43660000,150000
R23-01475,61750000,150000
R23-01476,62480000,150000
R23-01477,16840000,40000
R23-01478,32540000,60000
R23-01479,84510000,300000
R23-01480,30990000,60000
R23-01481,65440000,150000
R23-01482,6020000,20000
R23-01483,15060000,40000
R23-01484,2430000,0
R23-01485,2100000,0
R23-01486,42700000,150000
R23-01487,42550000,150000
R23-01488,237190000,1000000
R23-01489,78480000,300000
R23-01490,71510000,300000
R23-01491,1950000,0
R23-01492,114970000,300000
R23-01493,115180000,300000
R23-01494,112130000,300000
R23-01495,72700000,300000
R23-01496,61900000,150000
R23-01497,22870000,60000
R23-01498,30970000,60000
R23-01499,69130000,300000
R23-01500,6830000,20000
R23-01501,21180000,60000
R23-01502,22770000,60000
R23-01503,85420000,300000
R23-01504,13980000,40000
R23-01505,32260000,60000
R23-01506,12300000,40000
R23-01507,58270000,150000
R23-01508,43280000,150000
R23-01509,26280000,60000
R23-01510,54680000,150000
R23-01511,1800000,0
R23-01512,21030000,60000
R23-01513,41730000,150000
R23-01514,52180000,150000
R23-01515,57470000,150000
R23-01516,35690000,150000
R23-01517,25390000,60000
R23-01518,85490000,300000
R23-01519,76180000,300000
R23-01520,62280000,150000
R23-01521,67590000,300000
R23-01522,20930000,60000
R23-01523,62230000,150000
R23-01524,1240000,0
R23-01525,1280000,0
R23-01526,41080000,150000
R23-01527,44420000,150000
R23-01528,81890000,300000
R23-01529,23230000,60000
R23-01530,11500000,40000
R23-01531,22020000,60000
R23-01532,1110000,0
R23-01533,83590000,300000
R23-01534,74310000,300000
R23-01535,60960000,150000
R23-01536,36090000,150000
R23-01537,41130000,150000
R23-01538,18440000,40000
R23-01539,2610000,0
R23-01540,47180000,150000
R23-01541,25840000,60000
R23-01542,4400000,0
R23-01543,3320000,0
R23-01544,41800000,150000
R23-01545,10980000,40000
R23-01546,17140000,40000
R23-01547,41020000,150000
R23-01548,840000,0
R23-01549,1110000,0
R23-01550,53370000,150000
R23-01551,24710000,60000
R23-01552,42260000,150000
R23-01553,107900000,300000
R23-01554,47010000,150000
R23-01555,1990000,0
R23-01556,84590000,300000
R23-01557,75010000,300000
R23-01558,42250000,150000
R23-01559,45940000,150000
R23-01560,41000000,150000
R23-01561,34070000,150000
R23-01562,10370000,40000
R23-01563,25000000,60000
R23-01564,83970000,300000
R23-01565,25150000,60000
R23-01566,52620000,150000
R23-01567,21150000,60000
R23-01568,3490000,0
R23-01569,33140000,60000
R23-01570,80570000,300000
R23-01571,55070000,150000
R23-01572,73110000,300000
R23-01573,30240000,60000
R23-01574,61100000,150000
R23-01575,225950000,1000000
R23-01576,2530000,0
R23-01577,35020000,150000
R23-01578,92590000,300000
R23-01579,66290000,150000
R23-01580,28360000,60000
R23-01581,4110000,0
R23-01582,47660000,150000
R23-01583,73170000,300000
R23-01584,62130000,150000
R23-01585,52820000,150000
R23-01586,137840000,600000
R23-01587,55330000,150000
R23-01588,13020000,40000
R23-01589,43780000,150000
R23-01590,6150000,20000
R23-01591,11250000,40000
R23-01592,54580000,150000
R23-01593,2340000,0
R23-01594,32090000,60000
R23-01595,16570000,40000
R23-01596,23050000,60000
R23-01597,8650000,20000
R23-01598,82560000,300000
R23-01599,10330000,40000
R23-01600,21760000,60000
R23-01601,67020000,300000
R23-01602,57320000,150000
R23-01603,64650000,150000
R23-01604,12930000,40000
R23-01605,7030000,20000
R23-01606,84560000,300000
R23-01607,27720000,60000
R23-01608,53100000,150000
R23-01609,122090000,300000
R23-01610,24880000,60000
R23-01611,5700000,20000
R23-01612,7630000,20000
R23-01613,42090000,150000
R23-01614,91650000,300000
R23-01615,1430000,0
R23-01616,65200000,150000
R23-01617,85880000,300000
R23-01618,4890000,0
R23-01619,15890000,40000
R23-01620,73330000,300000
R23-01621,1420000,0
R23-01622,46590000,150000
R23-01623,81730000,300000
R23-01624,36040000,150000
R23-01625,17480000,40000
R23-01626,54140000,150000
R23-01627,43520000,150000
R23-01628,92850000,300000
R23-01629,45430000,150000
R23-01630,75680000,300000
R23-01631,33540000,150000
R23-01632,34030000,150000
R23-01633,4590000,0
R23-01634,4670000,0
R23-01635,92160000,300000
R23-01636,94990000,300000
R23-01637,44770000,150000
R23-01638,5560000,20000
R23-01639,46390000,150000
R23-01640,52840000,150000
R23-01641,12350000,40000
R23-01642,41880000,150000
R23-01643,35570000,150000
R23-01644,4150000,0
R23-01645,16410000,40000
R23-01646,31400000,60000
R23-01647,34500000,150000
R23-01648,18290000,40000
R23-01649,25150000,60000
R23-01650,92650000,300000
R23-01651,52350000,150000
R23-01652,4850000,0
R23-01653,2220000,0
R23-01654,17670000,40000
R23-01655,52130000,150000
R23-01656,29000000,60000
R23-01657,64630000,150000
R23-01658,56270000,150000
R23-01659,86530000,300000
R23-01660,2430000,0
R23-01661,31960000,60000
R23-01662,84100000,300000
R23-01663,13980000,40000
R23-01664,24160000,60000
R23-01665,22510000,60000
R23-01666,1280000,0
R23-01667,40540000,150000
R23-01668,7850000,20000
R23-01669,26710000,60000
R23-01670,102690000,300000
R23-01671,174400000,600000
R23-01672,83890000,300000
R23-01673,75360000,300000
R23-01674,34950000,150000
R23-01675,26880000,60000
R23-01676,25710000,60000
R23-01677,21460000,60000
R23-01678,27750000,60000
R23-01679,40550000,150000
R23-01680,76290000,300000
R23-01681,42160000,150000
R23-01682,43870000,150000
R23-01683,35170000,150000
R23-01684,3290000,0
R23-01685,81810000,300000
R23-01686,35710000,150000
R23-01687,32440000,60000
R23-01688,11400000,40000
R23-01689,7300000,20000
R23-01690,71500000,300000
R23-01691,4930000,0
R23-01692,114970000,300000
R23-01693,3250000,0
R23-01694,60820000,150000
R23-01695,91820000,300000
R23-01696,8030000,20000
R23-01697,25220000,60000
R23-01698,26450000,60000
R23-01699,23060000,60000
R23-01700,83970000,300000
R23-01701,86380000,300000
R23-01702,510000,0
R23-01703,1650000,0
R23-01704,41360000,150000
R23-01705,41220000,150000
R23-01706,65350000,150000
R23-01707,15490000,40000
R23-01708,3830000,0
R23-01709,22750000,60000
R23-01710,10430000,40000
R23-01711,21780000,60000
R23-01712,3420000,0
R23-01713,23090000,60000
R23-01714,4290000,0
R23-01715,44870000,150000
R23-01716,71850000,300000
R23-01717,33330000,60000
R23-01718,50970000,150000
R23-01719,15860000,40000
R23-01720,72000000,300000
R23-01721,46800000,150000
R23-01722,41410000,150000
R23-01723,21430000,60000
R23-01724,23040000,60000
R23-01725,32380000,60000
R23-01726,83200000,300000
R23-01727,55450000,150000
R23-01728,22950000,60000
R23-01729,1600000,0
R23-01730,42810000,150000
R23-01731,42050000,150000
R23-01732,2260000,0
R23-01733,94940000,300000
R23-01734,51690000,150000
R23-01735,63940000,150000
R23-01736,36180000,150000
R23-01737,8370000,20000
R23-01738,53990000,150000
R23-01739,33490000,150000
R23-01740,12470000,40000
R23-01741,31740000,60000
R23-01742,25250000,60000
R23-01743,153980000,600000
R23-01744,7590000,20000
R23-01745,42740000,150000
R23-01746,24430000,60000
R23-01747,33900000,150000
R23-01748,6850000,20000
R23-01749,13610000,40000
R23-01750,6220000,20000
R23-01751,23570000,60000
R23-01752,43220000,150000
R23-01753,26460000,60000
R23-01754,26030000,60000
R23-01755,92540000,300000
R23-01756,11760000,40000
R23-01757,85580000,300000
R23-01758,53660000,150000
R23-01759,31450000,60000
R23-01760,21580000,60000
R23-01761,5870000,20000
R23-01762,84060000,300000
R23-01763,12040000,40000
R23-01764,24740000,60000
R23-01765,6980000,20000
R23-01766,41130000,150000
R23-01767,35830000,150000
R23-01768,80700000,300000
R23-01769,99150000,300000
R23-01770,42440000,150000
R23-01771,85200000,300000
R23-01772,62170000,150000
R23-01773,142840000,600000
R23-01774,60400000,150000
R23-01775,40990000,150000
R23-01776,117630000,300000
R23-01777,123310000,300000
R23-01778,63360000,150000
R23-01779,5140000,20000
R23-01780,82610000,300000
R23-01781,64980000,150000
R23-01782,4320000,0
R23-01783,34760000,150000
R23-01784,43840000,150000
R23-01785,66420000,150000
R23-01786,11690000,40000
R23-01787,14680000,40000
R23-01788,75760000,300000
R23-01789,1580000,0
R23-01790,32760000,60000
R23-01791,14920000,40000
R23-01792,32570000,60000
R23-01793,109580000,300000
R23-01794,46170000,150000
R23-01795,43170000,150000
R23-01796,15050000,40000
R23-01797,5120000,20000
R23-01798,62530000,150000
R23-01799,12510000,40000
R23-01800,21990000,60000
R23-01801,16520000,40000
R23-01802,32050000,60000
R23-01803,64930000,150000
R23-01804,33440000,150000
R23-01805,82390000,300000
R23-01806,22640000,60000
R23-01807,970000,0
R23-01808,72760000,300000
R23-01809,5530000,20000
R23-01810,3900000,0
R23-01811,27990000,60000
R23-01812,21450000,60000
R23-01813,14360000,40000
R23-01814,42340000,150000
R23-01815,44240000,150000
R23-01816,60410000,150000
R23-01817,172080000,600000
R23-01818,13470000,40000
R23-01819,43500000,150000
R23-01820,91250000,300000
R23-01821,94530000,300000
R23-01822,2060000,0
R23-01823,67050000,300000
R23-01824,85710000,300000
R23-01825,36460000,150000
R23-01826,70680000,300000
R23-01827,77360000,300000
R23-01828,66100000,150000
R23-01829,11390000,40000
R23-01830,35030000,150000
R23-01831,23900000,60000
R23-01832,2850000,0
R23-01833,114150000,300000
R23-01834,13170000,40000
R23-01835,52800000,150000
R23-01836,83360000,300000
R23-01837,13640000,40000
R23-01838,83320000,300000
R23-01839,1880000,0
R23-01840,44660000,150000
R23-01841,530000,0
R23-01842,112040000,300000
R23-01843,26370000,60000
R23-01844,75450000,300000
R23-01845,13790000,40000
R23-01846,107860000,300000
R23-01847,42370000,150000
R23-01848,53900000,150000
R23-01849,20390000,60000
R23-01850,71880000,300000
R23-01851,32970000,60000
R23-01852,122340000,300000
R23-01853,65130000,150000
R23-01854,13260000,40000
R23-01855,25290000,60000
R23-01856,75240000,300000
R23-01857,92940000,300000
R23-01858,141900000,600000
R23-01859,83560000,300000
R23-01860,39770000,150000
R23-01861,42310000,150000
R23-01862,16370000,40000
R23-01863,11330000,40000
R23-01864,44730000,150000
R23-01865,23320000,60000
R23-01866,52030000,150000
R23-01867,35060000,150000
R23-01868,82850000,300000
R23-01869,23400000,60000
R23-01870,33680000,150000
R23-01871,41570000,150000
R23-01872,56920000,150000
R23-01873,6470000,20000
R23-01874,67230000,300000
R23-01875,58310000,150000
R23-01876,141210000,600000
R23-01877,143000000,600000
R23-01878,43290000,150000
R23-01879,88560000,300000
R23-01880,2310000,0
R23-01881,14590000,40000
R23-01882,42640000,150000
R23-01883,34520000,150000
R23-01884,34250000,150000
R23-01885,4600000,0
R23-01886,20950000,60000
R23-01887,63120000,150000
R23-01888,82160000,300000
R23-01889,95950000,300000
R23-01890,112980000,300000
R23-01891,71690000,300000
R23-01892,5420000,20000
R23-01893,26140000,60000
R23-01894,6400000,20000
R23-01895,2350000,0
R23-01896,11640000,40000
R23-01897,1930000,0
R23-01898,4690000,0
R23-01899,22810000,60000
R23-01900,5740000,20000
R23-01901,44600000,150000
R23-01902,24060000,60000
R23-01903,43870000,150000
R23-01904,11080000,40000
R23-01905,61090000,150000
R23-01906,95660000,300000
R23-01907,18740000,40000
R23-01908,32380000,60000
R23-01909,22730000,60000
R23-01910,72970000,300000
R23-01911,5930000,20000
R23-01912,29410000,60000
R23-01913,42020000,150000
R23-01914,42670000,150000
R23-01915,1030000,0
R23-01916,11570000,40000
R23-01917,2720000,0
R23-01918,5530000,20000
R23-01919,20610000,60000
R23-01920,35130000,150000
R23-01921,38560000,150000
R23-01922,22340000,60000
R23-01923,91910000,300000
R23-01924,41480000,150000
R23-01925,74250000,300000
R23-01926,3050000,0
R23-01927,68450000,300000
R23-01928,1790000,0
R23-01929,75650000,300000
R23-01930,93070000,300000
R23-01931,77920000,300000
R23-01932,120210000,300000
R23-01933,32490000,60000
R23-01934,31670000,60000
R23-01935,13500000,40000
R23-01936,28440000,60000
R23-01937,5180000,20000
R23-01938,64470000,150000
R23-01939,28970000,60000
R23-01940,62480000,150000
R23-01941,31770000,60000
R23-01942,25690000,60000
R23-01943,8520000,20000
R23-01944,5290000,20000
R23-01945,32700000,60000
R23-01946,33250000,60000
R23-01947,55370000,150000
R23-01948,22660000,60000
R23-01949,93520000,300000
R23-01950,64290000,150000
R23-01951,41580000,150000
R23-01952,27540000,60000
R23-01953,17410000,40000
R23-01954,13130000,40000
R23-01955,4900000,0
R23-01956,69100000,300000
R23-01957,34600000,150000
R23-01958,124590000,300000
R23-01959,86540000,300000
R23-01960,47940000,150000
R23-01961,56260000,150000
R23-01962,2970000,0
R23-01963,83180000,300000
R23-01964,37190000,150000
R23-01965,82080000,300000
R23-01966,27490000,60000
R23-01967,42290000,150000
R23-01968,52140000,150000
R23-01969,100740000,300000
R23-01970,30690000,60000
R23-01971,23960000,60000
R23-01972,121200000,300000
R23-01973,47630000,150000
R23-01974,56140000,150000
R23-01975,13060000,40000
R23-01976,67840000,300000
R23-01977,33630000,150000
R23-01978,102950000,300000
R23-01979,1110000,0
R23-01980,4350000,0
R23-01981,12350000,40000
R23-01982,21100000,60000
R23-01983,24530000,60000
R23-01984,82830000,300000
R23-01985,25150000,60000
R23-01986,16980000,40000
R23-01987,43270000,150000
R23-01988,76030000,300000
R23-01989,32600000,60000
R23-01990,77310000,300000
R23-01991,35940000,150000
R23-01992,46240000,150000
R23-01993,91010000,300000
R23-01994,55010000,150000
R23-01995,28310000,60000
R23-01996,34060000,150000
R23-01997,26210000,60000
R23-01998,25220000,60000
R23-01999,21360000,60000
R23-02000,66610000,150000
R23-02001,33230000,60000
R23-02002,37030000,150000
R23-02003,35520000,150000
R23-02004,42830000,150000
R23-02005,51540000,150000
R23-02006,2010000,0
R23-02007,104700000,300000
R23-02008,4290000,0
R23-02009,56410000,150000
R23-02010,13420000,40000
R23-02011,56560000,150000
R23-02012,104100000,300000
R23-02013,26030000,60000
R23-02014,23380000,60000
R23-02015,53140000,150000
R23-02016,3140000,0
R23-02017,65470000,150000
R23-02018,25020000,60000
R23-02019,44090000,150000
R23-02020,44110000,150000
R23-02021,94770000,300000
R23-02022,13480000,40000
R23-02023,30900000,60000
R23-02024,35100000,150000
R23-02025,45680000,150000
R23-02026,64090000,150000
R23-02027,2060000,0
R23-02028,22030000,60000
R23-02029,126990000,300000
R23-02030,23400000,60000
R23-02031,62680000,150000
R23-02032,13520000,40000
R23-02033,2820000,0
R23-02034,44930000,150000
R23-02035,32610000,60000
R23-02036,18970000,40000
R23-02037,31560000,60000
R23-02038,32680000,60000
R23-02039,24800000,60000
R23-02040,14470000,40000
R23-02041,105280000,300000
R23-02042,52450000,150000
R23-02043,41800000,150000
R23-02044,23830000,60000
R23-02045,4970000,0
R23-02046,13660000,40000
R23-02047,107600000,300000
R23-02048,54620000,150000
R23-02049,43680000,150000
R23-02050,14830000,40000
R23-02051,45440000,150000
R23-02052,46750000,150000
R23-02053,61840000,150000
R23-02054,13740000,40000
R23-02055,1780000,0
R23-02056,15100000,40000
R23-02057,22850000,60000
R23-02058,67350000,300000
R23-02059,460000,0
R23-02060,27840000,60000
R23-02061,21100000,60000
R23-02062,31860000,60000
R23-02063,54460000,150000
R23-02064,61810000,150000
R23-02065,52280000,150000
R23-02066,12190000,40000
R23-02067,28460000,60000
R23-02068,53870000,150000
R23-02069,56670000,150000
R23-02070,1090000,0
R23-02071,47410000,150000
R23-02072,21570000,60000
R23-02073,57920000,150000
R23-02074,2930000,0
R23-02075,15890000,40000
R23-02076,22520000,60000
R23-02077,32810000,60000
R23-02078,114900000,300000
R23-02079,112430000,300000
R23-02080,67610000,300000
R23-02081,36560000,150000
R23-02082,55260000,150000
R23-02083,11540000,40000
R23-02084,10800000,40000
R23-02085,24470000,60000
R23-02086,104450000,300000
R23-02087,2100000,0
R23-02088,5590000,20000
R23-02089,13550000,40000
R23-02090,14090000,40000
R23-02091,23820000,60000
R23-02092,31570000,60000
R23-02093,72860000,300000
R23-02094,41770000,150000
R23-02095,101660000,300000
R23-02096,610000,0
R23-02097,28390000,60000
R23-02098,121600000,300000
R23-02099,4790000,0
R23-02100,63960000,150000
R23-02101,33850000,150000
R23-02102,81590000,300000
R23-02103,34680000,150000
R23-02104,62850000,150000
R23-02105,31580000,60000
R23-02106,17380000,40000
R23-02107,21360000,60000
R23-02108,14120000,40000
R23-02109,13650000,40000
R23-02110,51300000,150000
R23-02111,45680000,150000
R23-02112,85070000,300000
R23-02113,5130000,20000
R23-02114,66070000,150000
R23-02115,44320000,150000
R23-02116,43950000,150000
R23-02117,34050000,150000
R23-02118,54860000,150000
R23-02119,46080000,150000
R23-02120,115290000,300000
R23-02121,26440000,60000
R23-02122,58130000,150000
R23-02123,28810000,60000
R23-02124,23610000,60000
R23-02125,55000000,150000
R23-02126,92020000,300000
R23-02127,12660000,40000
R23-02128,105020000,300000
R23-02129,2030000,0
R23-02130,32730000,60000
R23-02131,36490000,150000
R23-02132,16500000,40000
R23-02133,4040000,0
R23-02134,40520000,150000
R23-02135,84560000,300000
R23-02136,44260000,150000
R23-02137,5720000,20000
R23-02138,47730000,150000
R23-02139,71750000,300000
R23-02140,68950000,300000
R23-02141,33380000,150000
R23-02142,19130000,40000
R23-02143,53260000,150000
R23-02144,31620000,60000
R23-02145,3850000,0
R23-02146,6020000,20000
R23-02147,113030000,300000
R23-02148,11160000,40000
R23-02149,83590000,300000
R23-02150,136890000,600000
R23-02151,52330000,150000
R23-02152,2550000,0
R23-02153,103560000,300000
R23-02154,63300000,150000
R23-02155,74430000,300000
R23-02156,60680000,150000
R23-02157,12610000,40000
R23-02158,18170000,40000
R23-02159,85760000,300000
R23-02160,63880000,150000
R23-02161,86400000,300000
R23-02162,66070000,150000
R23-02163,12710000,40000
R23-02164,33150000,60000
R23-02165,18050000,40000
R23-02166,4150000,0
R23-02167,68350000,300000
R23-02168,92870000,300000
R23-02169,52540000,150000
R23-02170,92610000,300000
R23-02171,16800000,40000
R23-02172,1660000,0
R23-02173,28140000,60000
R23-02174,61320000,150000
R23-02175,113490000,300000
R23-02176,44410000,150000
R23-02177,92630000,300000
R23-02178,72840000,300000
R23-02179,74550000,300000
R23-02180,44160000,150000
R23-02181,46000000,150000
R23-02182,22950000,60000
R23-02183,42130000,150000
R23-02184,56120000,150000
R23-02185,27550000,60000
R23-02186,106310000,300000
R23-02187,61580000,150000
R23-02188,22450000,60000
R23-02189,61950000,150000
R23-02190,76630000,300000
R23-02191,61480000,150000
R23-02192,94080000,300000
R23-02193,25650000,60000
R23-02194,2550000,0
R23-02195,132250000,300000
R23-02196,72550000,300000
R23-02197,112550000,300000
R23-02198,124590000,300000
R23-02199,61810000,150000
R23-02200,25990000,60000
R23-02201,25330000,60000
R23-02202,32760000,60000
R23-02203,15690000,40000
R23-02204,2040000,0
R23-02205,63910000,150000
R23-02206,670000,0
R23-02207,82000000,300000
R23-02208,2030000,0
R23-02209,12490000,40000
R23-02210,5620000,20000
R23-02211,32100000,60000
R23-02212,110250000,300000
R23-02213,14100000,40000
R23-02214,4610000,0
R23-02215,34950000,150000
R23-02216,44100000,150000
R23-02217,84970000,300000
R23-02218,73600000,300000
R23-02219,42180000,150000
R23-02220,35590000,150000
R23-02221,81320000,300000
R23-02222,22240000,60000
R23-02223,13040000,40000
R23-02224,24070000,60000
R23-02225,26760000,60000
R23-02226,105860000,300000
R23-02227,84890000,300000
R23-02228,47020000,150000
R23-02229,14080000,40000
R23-02230,1910000,0
R23-02231,113540000,300000
R23-02232,71450000,300000
R23-02233,74770000,300000
R23-02234,18340000,40000
R23-02235,44090000,150000
R23-02236,51100000,150000
R23-02237,104920000,300000
R23-02238,31860000,60000
R23-02239,71230000,300000
R23-02240,83520000,300000
R23-02241,11590000,40000
R23-02242,22190000,60000
R23-02243,135870000,600000
R23-02244,51860000,150000
R23-02245,22720000,60000
R23-02246,37160000,150000
R23-02247,36350000,150000
R23-02248,14940000,40000
R23-02249,12280000,40000
R23-02250,24960000,60000
R23-02251,43200000,150000
R23-02252,4460000,0
R23-02253,50550000,150000
R23-02254,8560000,20000
R23-02255,4810000,0
R23-02256,4310000,0
R23-02257,17850000,40000
R23-02258,98540000,300000
R23-02259,32190000,60000
R23-02260,52740000,150000
R23-02261,57100000,150000
R23-02262,2070000,0
R23-02263,21830000,60000
R23-02264,10410000,40000
R23-02265,73870000,300000
R23-02266,14500000,40000
R23-02267,25160000,60000
R23-02268,31860000,60000
R23-02269,5390000,20000
R23-02270,101410000,300000
R23-02271,71950000,300000
R23-02272,144930000,600000
R23-02273,40650000,150000
R23-02274,930000,0
R23-02275,37720000,150000
R23-02276,1660000,0
R23-02277,75060000,300000
R23-02278,23760000,60000
R23-02279,22330000,60000
R23-02280,13240000,40000
R23-02281,42490000,150000
R23-02282,52600000,150000
R23-02283,66950000,300000
R23-02284,44350000,150000
R23-02285,42990000,150000
R23-02286,31700000,60000
R23-02287,53070000,150000
R23-02288,17110000,40000
R23-02289,14960000,40000
R23-02290,77300000,300000
R23-02291,23960000,60000
R23-02292,42380000,150000
R23-02293,34540000,150000
R23-02294,60700000,150000
R23-02295,33500000,150000
R23-02296,25090000,60000
R23-02297,66220000,150000
R23-02298,2180000,0
R23-02299,2990000,0
R23-02300,23570000,60000
R23-02301,93830000,300000
R23-02302,53140000,150000
R23-02303,13320000,40000
R23-02304,30540000,60000
R23-02305,72960000,300000
R23-02306,94520000,300000
R23-02307,98670000,300000
R23-02308,44600000,150000
R23-02309,24710000,60000
R23-02310,14770000,40000
R23-02311,22600000,60000
R23-02312,73880000,300000
R23-02313,90470000,300000
R23-02314,46520000,150000
R23-02315,23040000,60000
R23-02316,34170000,150000
R23-02317,80790000,300000
R23-02318,63310000,150000
R23-02319,38000000,150000
R23-02320,3220000,0
R23-02321,860000,0
R23-02322,95130000,300000
R23-02323,6160000,20000
R23-02324,71600000,300000
R23-02325,53320000,150000
R23-02326,25630000,60000
R23-02327,26010000,60000
R23-02328,24190000,60000
R23-02329,57900000,150000
R23-02330,3030000,0
R23-02331,64250000,150000
R23-02332,71100000,300000
R23-02333,32080000,60000
R23-02334,11050000,40000
R23-02335,132300000,300000
R23-02336,3540000,0
R23-02337,2150000,0
R23-02338,72580000,300000
R23-02339,96420000,300000
R23-02340,34530000,150000
R23-02341,41230000,150000
R23-02342,31890000,60000
R23-02343,23700000,60000
R23-02344,41670000,150000
R23-02345,10740000,40000
R23-02346,22890000,60000
R23-02347,8060000,20000
R23-02348,13110000,40000
R23-02349,102000000,300000
R23-02350,74480000,300000
R23-02351,72720000,300000
R23-02352,24660000,60000
R23-02353,3520000,0
R23-02354,50880000,150000
R23-02355,44270000,150000
R23-02356,4860000,0
R23-02357,74040000,300000
R23-02358,71830000,300000
R23-02359,41920000,150000
R23-02360,7640000,20000
R23-02361,12150000,40000
R23-02362,133580000,600000
R23-02363,26720000,60000
R23-02364,60900000,150000
R23-02365,38140000,150000
R23-02366,107620000,300000
R23-02367,23870000,60000
R23-02368,3000000,0
R23-02369,23130000,60000
R23-02370,24900000,60000
R23-02371,36960000,150000
R23-02372,102230000,300000
R23-02373,6500000,20000
R23-02374,12230000,40000
R23-02375,30950000,60000
R23-02376,16130000,40000
R23-02377,26750000,60000
R23-02378,108590000,300000
R23-02379,14540000,40000
R23-02380,106730000,300000
R23-02381,84360000,300000
R23-02382,27320000,60000
R23-02383,23620000,60000
R23-02384,15950000,40000
R23-02385,43700000,150000
R23-02386,58970000,150000
R23-02387,14610000,40000
R23-02388,3530000,0
R23-02389,2250000,0
R23-02390,32690000,60000
R23-02391,57320000,150000
R23-02392,92880000,300000
R23-02393,122690000,300000
R23-02394,11710000,40000
R23-02395,5370000,20000
R23-02396,3960000,0
R23-02397,101880000,300000
R23-02398,16780000,40000
R23-02399,4330000,0
R23-02400,45200000,150000
R23-02401,101540000,300000
R23-02402,82430000,300000
R23-02403,49250000,150000
R23-02404,32130000,60000
R23-02405,81070000,300000
R23-02406,24100000,60000
R23-02407,97940000,300000
R23-02408,12060000,40000
R23-02409,12220000,40000
R23-02410,37740000,150000
R23-02411,52070000,150000
R23-02412,36640000,150000
R23-02413,75390000,300000
R23-02414,24130000,60000
R23-02415,32120000,60000
R23-02416,84590000,300000
R23-02417,46820000,150000
R23-02418,23880000,60000
R23-02419,28750000,60000
R23-02420,24960000,60000
R23-02421,61520000,150000
R23-02422,21630000,60000
R23-02423,66130000,150000
R23-02424,24810000,60000
R23-02425,29500000,60000
R23-02426,33950000,150000
R23-02427,25890000,60000
R23-02428,101710000,300000
R23-02429,93610000,300000
R23-02430,45360000,150000
R23-02431,34230000,150000
R23-02432,53890000,150000
R23-02433,21760000,60000
R23-02434,41950000,150000
R23-02435,2540000,0
R23-02436,2950000,0
R23-02437,54360000,150000
R23-02438,3520000,0
R23-02439,35080000,150000
R23-02440,23010000,60000
R23-02441,2420000,0
R23-02442,61180000,150000
R23-02443,45030000,150000
R23-02444,60450000,150000
R23-02445,172760000,600000
R23-02446,112550000,300000
R23-02447,480000,0
R23-02448,21380000,60000
R23-02449,55730000,150000
R23-02450,37210000,150000
R23-02451,75970000,300000
R23-02452,4440000,0
R23-02453,73350000,300000
R23-02454,88200000,300000
R23-02455,44780000,150000
R23-02456,7680000,20000
R23-02457,56390000,150000
R23-02458,33470000,150000
R23-02459,32350000,60000
R23-02460,84610000,300000
R23-02461,2530000,0
R23-02462,88240000,300000
R23-02463,76390000,300000
R23-02464,31900000,60000
R23-02465,56240000,150000
R23-02466,44460000,150000
R23-02467,72250000,300000
R23-02468,42530000,150000
R23-02469,22250000,60000
R23-02470,30500000,60000
R23-02471,71810000,300000
R23-02472,7490000,20000
R23-02473,93620000,300000
R23-02474,57930000,150000
R23-02475,63280000,150000
R23-02476,81560000,300000
R23-02477,44130000,150000
R23-02478,41110000,150000
R23-02479,47330000,150000
R23-02480,36230000,150000
R23-02481,42390000,150000
R23-02482,111910000,300000
R23-02483,16860000,40000
R23-02484,26030000,60000
R23-02485,8630000,20000
R23-02486,1760000,0
R23-02487,105540000,300000
R23-02488,46110000,150000
R23-02489,64840000,150000
R23-02490,32200000,60000
R23-02491,60500000,150000
R23-02492,760000,0
R23-02493,42840000,150000
R23-02494,3820000,0
R23-02495,22790000,60000
R23-02496,32440000,60000
R23-02497,31860000,60000
R23-02498,77580000,300000
R23-02499,66110000,150000
R23-02500,72500000,300000
R23-02501,23230000,60000
R23-02502,7780000,20000
R23-02503,53790000,150000
R23-02504,56640000,150000
R23-02505,22900000,60000
R23-02506,62790000,150000
R23-02507,13190000,40000
R23-02508,127030000,300000
R23-02509,25880000,60000
R23-02510,21260000,60000
R23-02511,3770000,0
R23-02512,7300000,20000
R23-02513,26270000,60000
R23-02514,43650000,150000
R23-02515,67650000,300000
R23-02516,134460000,600000
R23-02517,66310000,150000
R23-02518,13820000,40000
R23-02519,25240000,60000
R23-02520,12950000,40000
R23-02521,47780000,150000
R23-02522,23880000,60000
R23-02523,74050000,300000
R23-02524,25920000,60000
R23-02525,32520000,60000
R23-02526,63010000,150000
R23-02527,23230000,60000
R23-02528,2390000,0
R23-02529,7410000,20000
R23-02530,86030000,300000
R23-02531,3040000,0
R23-02532,24610000,60000
R23-02533,42570000,150000
R23-02534,75040000,300000
R23-02535,81830000,300000
R23-02536,92160000,300000
R23-02537,53780000,150000
R23-02538,23140000,60000
R23-02539,15670000,40000
R23-02540,104390000,300000
R23-02541,15420000,40000
R23-02542,53410000,150000
R23-02543,13580000,40000
R23-02544,31520000,60000
R23-02545,41790000,150000
R23-02546,106400000,300000
R23-02547,32410000,60000
R23-02548,102940000,300000
R23-02549,26120000,60000
R23-02550,6350000,20000
R23-02551,41970000,150000
R23-02552,43420000,150000
R23-02553,71400000,300000
R23-02554,35010000,150000
R23-02555,1930000,0
R23-02556,1750000,0
R23-02557,14480000,40000
R23-02558,42190000,150000
R23-02559,104160000,300000
R23-02560,23290000,60000
R23-02561,53950000,150000
R23-02562,30360000,60000
R23-02563,1320000,0
R23-02564,43200000,150000
R23-02565,12240000,40000
R23-02566,56570000,150000
R23-02567,5760000,20000
R23-02568,63400000,150000
R23-02569,3680000,0
R23-02570,1710000,0
R23-02571,133320000,300000
R23-02572,95180000,300000
R23-02573,25090000,60000
R23-02574,93380000,300000
R23-02575,3130000,0
R23-02576,25380000,60000
R23-02577,4630000,0
R23-02578,16040000,40000
R23-02579,23680000,60000
R23-02580,35340000,150000
R23-02581,99340000,300000
R23-02582,116400000,300000
R23-02583,41670000,150000
R23-02584,43620000,150000
R23-02585,25240000,60000
R23-02586,7820000,20000
R23-02587,14170000,40000
R23-02588,52860000,150000
R23-02589,63040000,150000
R23-02590,81100000,300000
R23-02591,111980000,300000
R23-02592,21330000,60000
R23-02593,14050000,40000
R23-02594,36220000,150000
R23-02595,102030000,300000
R23-02596,32160000,60000
R23-02597,23960000,60000
R23-02598,54910000,150000
R23-02599,101340000,300000
R23-02600,3440000,0
R23-02601,25490000,60000
R23-02602,53030000,150000
R23-02603,26770000,60000
R23-02604,22920000,60000
R23-02605,33200000,60000
R23-02606,17290000,40000
R23-02607,54490000,150000
R23-02608,30890000,60000
R23-02609,61780000,150000
R23-02610,31570000,60000
R23-02611,42780000,150000
R23-02612,10790000,40000
R23-02613,11510000,40000
R23-02614,18680000,40000
R23-02615,56850000,150000
R23-02616,17190000,40000
R23-02617,148470000,600000
R23-02618,3920000,0
R23-02619,18310000,40000
R23-02620,62650000,150000
R23-02621,10950000,40000
R23-02622,61000000,150000
R23-02623,73430000,300000
R23-02624,4190000,0
R23-02625,76700000,300000
R23-02626,4970000,0
R23-02627,3190000,0
R23-02628,31810000,60000
R23-02629,1670000,0
R23-02630,45000000,150000
R23-02631,42470000,150000
R23-02632,26420000,60000
R23-02633,41410000,150000
R23-02634,44870000,150000
R23-02635,43080000,150000
R23-02636,21300000,60000
R23-02637,52190000,150000
R23-02638,38840000,150000
R23-02639,23350000,60000
R23-02640,15010000,40000
R23-02641,15350000,40000
R23-02642,85130000,300000
R23-02643,40770000,150000
R23-02644,23430000,60000
R23-02645,22070000,60000
R23-02646,97570000,300000
R23-02647,12910000,40000
R23-02648,32700000,60000
R23-02649,10750000,40000
R23-02650,40780000,150000
R23-02651,85460000,300000
R23-02652,63440000,150000
R23-02653,23380000,60000
R23-02654,26090000,60000
R23-02655,54520000,150000
R23-02656,21680000,60000
R23-02657,21510000,60000
R23-02658,8360000,20000
R23-02659,32250000,60000
R23-02660,32630000,60000
R23-02661,22450000,60000
R23-02662,28670000,60000
R23-02663,152950000,600000
R23-02664,58820000,150000
R23-02665,13530000,40000
R23-02666,51220000,150000
R23-02667,41850000,150000
R23-02668,156220000,600000
R23-02669,26450000,60000
R23-02670,3220000,0
R23-02671,73180000,300000
R23-02672,81130000,300000
R23-02673,11290000,40000
R23-02674,51930000,150000
R23-02675,72520000,300000
R23-02676,62910000,150000
R23-02677,52020000,150000
R23-02678,41160000,150000
R23-02679,15140000,40000
R23-02680,94770000,300000
R23-02681,4040000,0
R23-02682,61660000,150000
R23-02683,60270000,150000
R23-02684,45030000,150000
R23-02685,2470000,0
R23-02686,35130000,150000
R23-02687,2410000,0
R23-02688,53620000,150000
R23-02689,95100000,300000
R23-02690,92880000,300000
R23-02691,21980000,60000
R23-02692,82290000,300000
R23-02693,41100000,150000
R23-02694,74490000,300000
R23-02695,30420000,60000
R23-02696,51520000,150000
R23-02697,1040000,0
R23-02698,28630000,60000
R23-02699,2130000,0
R23-02700,73860000,300000
R23-02701,12680000,40000
R23-02702,65570000,150000
R23-02703,23760000,60000
R23-02704,51930000,150000
R23-02705,87060000,300000
R23-02706,6300000,20000
R23-02707,23410000,60000
R23-02708,26090000,60000
R23-02709,23100000,60000
R23-02710,33820000,150000
R23-02711,43630000,150000
R23-02712,21820000,60000
R23-02713,12750000,40000
R23-02714,32700000,60000
R23-02715,51680000,150000
R23-02716,2670000,0
R23-02717,22240000,60000
R23-02718,16050000,40000
R23-02719,23920000,60000
R23-02720,73150000,300000
R23-02721,13330000,40000
R23-02722,82210000,300000
R23-02723,13460000,40000
R23-02724,56660000,150000
R23-02725,3150000,0
R23-02726,3970000,0
R23-02727,41760000,150000
R23-02728,1480000,0
R23-02729,34750000,150000
R23-02730,45990000,150000
R23-02731,31340000,60000
R23-02732,43390000,150000
R23-02733,63460000,150000
R23-02734,92780000,300000
R23-02735,23300000,60000
R23-02736,16850000,40000
R23-02737,3730000,0
R23-02738,4570000,0
R23-02739,51820000,150000
R23-02740,29080000,60000
R23-02741,15080000,40000
R23-02742,22010000,60000
R23-02743,13810000,40000
R23-02744,23500000,60000
R23-02745,77380000,300000
R23-02746,102260000,300000
R23-02747,43070000,150000
R23-02748,22460000,60000
R23-02749,12860000,40000
R23-02750,26670000,60000
R23-02751,13650000,40000
R23-02752,51510000,150000
R23-02753,37860000,150000
R23-02754,12860000,40000
R23-02755,22920000,60000
R23-02756,14050000,40000
R23-02757,12250000,40000
R23-02758,4130000,0
R23-02759,40650000,150000
R23-02760,4530000,0
R23-02761,7660000,20000
R23-02762,82440000,300000
R23-02763,62930000,150000
R23-02764,112560000,300000
R23-02765,73300000,300000
R23-02766,37850000,150000
R23-02767,170950000,600000
R23-02768,75710000,300000
R23-02769,32110000,60000
R23-02770,62980000,150000
R23-02771,74500000,300000
R23-02772,34850000,150000
R23-02773,62830000,150000
R23-02774,4440000,0
R23-02775,53210000,150000
R23-02776,23380000,60000
R23-02777,53240000,150000
R23-02778,36230000,150000
R23-02779,32060000,60000
R23-02780,44330000,150000
R23-02781,13590000,40000
R23-02782,3670000,0
R23-02783,74440000,300000
R23-02784,83040000,300000
R23-02785,33330000,60000
R23-02786,45040000,150000
R23-02787,88310000,300000
R23-02788,34710000,150000
R23-02789,6030000,20000
R23-02790,74380000,300000
R23-02791,52750000,150000
R23-02792,31980000,60000
R23-02793,61400000,150000
R23-02794,53890000,150000
R23-02795,36330000,150000
R23-02796,107860000,300000
R23-02797,2820000,0
R23-02798,21960000,60000
R23-02799,63550000,150000
R23-02800,15520000,40000
R23-02801,53420000,150000
R23-02802,1000000,0
R23-02803,43420000,150000
R23-02804,16090000,40000
R23-02805,61540000,150000
R23-02806,67000000,300000
R23-02807,33490000,150000
R23-02808,12880000,40000
R23-02809,63710000,150000
R23-02810,87320000,300000
R23-02811,13380000,40000
R23-02812,2390000,0
R23-02813,62790000,150000
R23-02814,63540000,150000
R23-02815,72110000,300000
R23-02816,90980000,300000
R23-02817,144860000,600000
R23-02818,28610000,60000
R23-02819,4030000,0
R23-02820,29660000,60000
R23-02821,43900000,150000
R23-02822,103440000,300000
R23-02823,145680000,600000
R23-02824,53150000,150000
R23-02825,113100000,300000
R23-02826,42290000,150000
R23-02827,31030000,60000
R23-02828,65800000,150000
R23-02829,71430000,300000
R23-02830,56440000,150000
R23-02831,4710000,0
R23-02832,71530000,300000
R23-02833,63750000,150000
R23-02834,63510000,150000
R23-02835,60390000,150000
R23-02836,51900000,150000
R23-02837,22430000,60000
R23-02838,103030000,300000
R23-02839,82470000,300000
R23-02840,13830000,40000
R23-02841,16300000,40000
R23-02842,65020000,150000
R23-02843,72690000,300000
R23-02844,23950000,60000
R23-02845,14800000,40000
R23-02846,213590000,1000000
R23-02847,71790000,300000
R23-02848,18020000,40000
R23-02849,108330000,300000
R23-02850,9100000,20000
R23-02851,26030000,60000
R23-02852,28940000,60000
R23-02853,26700000,60000
R23-02854,3610000,0
R23-02855,41650000,150000
R23-02856,37470000,150000
R23-02857,25980000,60000
R23-02858,28640000,60000
R23-02859,53000000,150000
R23-02860,1970000,0
R23-02861,8620000,20000
R23-02862,42200000,150000
R23-02863,2600000,0
R23-02864,62610000,150000
R23-02865,31740000,60000
R23-02866,53910000,150000
R23-02867,8440000,20000
R23-02868,43050000,150000
R23-02869,22710000,60000
R23-02870,88850000,300000
R23-02871,54330000,150000
R23-02872,42660000,150000
R23-02873,58130000,150000
R23-02874,1960000,0
R23-02875,3520000,0
R23-02876,40980000,150000
R23-02877,3260000,0
R23-02878,10900000,40000
R23-02879,1570000,0
R23-02880,23830000,60000
R23-02881,10950000,40000
R23-02882,4470000,0
R23-02883,14200000,40000
R23-02884,32070000,60000
R23-02885,2900000,0
R23-02886,72040000,300000
R23-02887,1070000,0
R23-02888,84840000,300000
R23-02889,42770000,150000
R23-02890,53310000,150000
R23-02891,51970000,150000
R23-02892,96650000,300000
R23-02893,34100000,150000
R23-02894,26500000,60000
R23-02895,33470000,150000
R23-02896,68570000,300000
R23-02897,92420000,300000
R23-02898,9550000,20000
R23-02899,2890000,0
R23-02900,20200000,60000
R23-02901,21960000,60000
R23-02902,76730000,300000
R23-02903,18560000,40000
R23-02904,34810000,150000
R23-02905,104540000,300000
R23-02906,96190000,300000
R23-02907,44470000,150000
R23-02908,125590000,300000
R23-02909,97620000,300000
R23-02910,81000000,300000
R23-02911,57700000,150000
R23-02912,50950000,150000
R23-02913,25670000,60000
R23-02914,4630000,0
R23-02915,22150000,60000
R23-02916,92500000,300000
R23-02917,61530000,150000
R23-02918,22250000,60000
R23-02919,20950000,60000
R23-02920,7680000,20000
R23-02921,46690000,150000
R23-02922,34210000,150000
R23-02923,71180000,300000
R23-02924,63920000,150000
R23-02925,24270000,60000
R23-02926,12200000,40000
R23-02927,17170000,40000
R23-02928,34810000,150000
R23-02929,116300000,300000
R23-02930,17770000,40000
R23-02931,37230000,150000
R23-02932,23550000,60000
R23-02933,48250000,150000
R23-02934,116670000,300000
R23-02935,113820000,300000
R23-02936,10830000,40000
R23-02937,21790000,60000
R23-02938,8130000,20000
R23-02939,17990000,40000
R23-02940,6210000,20000
R23-02941,42190000,150000
R23-02942,49470000,150000
R23-02943,15450000,40000
R23-02944,26940000,60000
R23-02945,56150000,150000
R23-02946,61510000,150000
R23-02947,92540000,300000
R23-02948,45960000,150000
R23-02949,32330000,60000
R23-02950,116010000,300000
R23-02951,13740000,40000
R23-02952,21830000,60000
R23-02953,76820000,300000
R23-02954,2500000,0
R23-02955,78970000,300000
R23-02956,2080000,0
R23-02957,85210000,300000
R23-02958,173920000,600000
R23-02959,85280000,300000
R23-02960,34550000,150000
R23-02961,25000000,60000
R23-02962,82470000,300000
R23-02963,33220000,60000
R23-02964,23990000,60000
R23-02965,72160000,300000
R23-02966,28040000,60000
R23-02967,51250000,150000
R23-02968,14860000,40000
R23-02969,105810000,300000
R23-02970,25350000,60000
R23-02971,123570000,300000
R23-02972,41080000,150000
R23-02973,61880000,150000
R23-02974,74550000,300000
R23-02975,82690000,300000
R23-02976,29490000,60000
R23-02977,92710000,300000
R23-02978,33330000,60000
R23-02979,35470000,150000
R23-02980,45730000,150000
R23-02981,11920000,40000
R23-02982,135740000,600000
R23-02983,85430000,300000
R23-02984,115000000,300000
R23-02985,44500000,150000
R23-02986,6030000,20000
R23-02987,75800000,300000
R23-02988,92730000,300000
R23-02989,48770000,150000
R23-02990,46540000,150000
R23-02991,1830000,0
R23-02992,4820000,0
R23-02993,32460000,60000
R23-02994,33320000,60000
R23-02995,42890000,150000
R23-02996,94120000,300000
R23-02997,44820000,150000
R23-02998,25800000,60000
R23-02999,72840000,300000
R23-03000,48150000,150000
R23-03001,54210000,150000
R23-03002,95720000,300000
R23-03003,45860000,150000
R23-03004,1920000,0
R23-03005,28710000,60000
R23-03006,2410000,0
R23-03007,27940000,60000
R23-03008,82130000,300000
R23-03009,1170000,0
R23-03010,27150000,60000
R23-03011,3540000,0
R23-03012,14460000,40000
R23-03013,54010000,150000
R23-03014,4530000,0
R23-03015,21110000,60000
R23-03016,56050000,150000
R23-03017,84710000,300000
R23-03018,21130000,60000
R23-03019,16410000,40000
R23-03020,82240000,300000
R23-03021,34100000,150000
R23-03022,56660000,150000
R23-03023,18560000,40000
R23-03024,88170000,300000
R23-03025,24610000,60000
R23-03026,114550000,300000
R23-03027,36280000,150000
R23-03028,4030000,0
R23-03029,82300000,300000
R23-03030,12160000,40000
R23-03031,96250000,300000
R23-03032,2590000,0
R23-03033,23440000,60000
R23-03034,42800000,150000
R23-03035,23240000,60000
R23-03036,41640000,150000
R23-03037,44100000,150000
R23-03038,68340000,300000
R23-03039,12000000,40000
R23-03040,8150000,20000
R23-03041,46550000,150000
R23-03042,117120000,300000
R23-03043,2080000,0
R23-03044,21680000,60000
R23-03045,52940000,150000
R23-03046,96430000,300000
R23-03047,43330000,150000
R23-03048,85740000,300000
R23-03049,71500000,300000
R23-03050,3090000,0
R23-03051,64010000,150000
R23-03052,14060000,40000
R23-03053,24390000,60000
R23-03054,44000000,150000
R23-03055,2320000,0
R23-03056,4230000,0
R23-03057,33520000,150000
R23-03058,51120000,150000
R23-03059,110380000,300000
R23-03060,73940000,300000
R23-03061,1480000,0
R23-03062,93690000,300000
R23-03063,36930000,150000
R23-03064,21630000,60000
R23-03065,52700000,150000
R23-03066,52790000,150000
R23-03067,106480000,300000
R23-03068,8310000,20000
R23-03069,35520000,150000
R23-03070,93430000,300000
R23-03071,70480000,300000
R23-03072,44220000,150000
R23-03073,11890000,40000
R23-03074,42290000,150000
R23-03075,41390000,150000
R23-03076,77020000,300000
R23-03077,12480000,40000
R23-03078,3790000,0
R23-03079,44170000,150000
R23-03080,32260000,60000
R23-03081,2450000,0
R23-03082,64290000,150000
R23-03083,21190000,60000
R23-03084,39420000,150000
R23-03085,58680000,150000
R23-03086,72950000,300000
R23-03087,2360000,0
R23-03088,95630000,300000
R23-03089,22030000,60000
R23-03090,15170000,40000
R23-03091,76620000,300000
R23-03092,58640000,150000
R23-03093,21430000,60000
R23-03094,27980000,60000
R23-03095,81700000,300000
R23-03096,84420000,300000
R23-03097,3650000,0
R23-03098,14560000,40000
R23-03099,31960000,60000
R23-03100,45760000,150000
R23-03101,42760000,150000
R23-03102,85750000,300000
R23-03103,10290000,40000
R23-03104,56850000,150000
R23-03105,12740000,40000
R23-03106,23090000,60000
R23-03107,95470000,300000
R23-03108,5520000,20000
R23-03109,17220000,40000
R23-03110,152490000,600000
R23-03111,54710000,150000
R23-03112,12250000,40000
R23-03113,5550000,20000
R23-03114,20990000,60000
R23-03115,35560000,150000
R23-03116,36260000,150000
R23-03117,25860000,60000
R23-03118,23330000,60000
R23-03119,72030000,300000
R23-03120,32820000,60000
R23-03121,31540000,60000
R23-03122,2680000,0
R23-03123,37340000,150000
R23-03124,21170000,60000
R23-03125,2800000,0
R23-03126,42100000,150000
R23-03127,38390000,150000
R23-03128,21540000,60000
R23-03129,64100000,150000
R23-03130,105620000,300000
R23-03131,12040000,40000
R23-03132,23800000,60000
R23-03133,25170000,60000
R23-03134,41760000,150000
R23-03135,45630000,150000
R23-03136,77150000,300000
R23-03137,25770000,60000
R23-03138,31560000,60000
R23-03139,90900000,300000
R23-03140,15690000,40000
R23-03141,47190000,150000
R23-03142,97010000,300000
R23-03143,57000000,150000
R23-03144,1580000,0
R23-03145,6120000,20000
R23-03146,60220000,150000
R23-03147,92550000,300000
R23-03148,24670000,60000
R23-03149,79190000,300000
R23-03150,24760000,60000
R23-03151,132800000,300000
R23-03152,55930000,150000
R23-03153,67220000,300000
R23-03154,8040000,20000
R23-03155,3420000,0
R23-03156,21890000,60000
R23-03157,53040000,150000
R23-03158,14460000,40000
R23-03159,66300000,150000
R23-03160,22900000,60000
R23-03161,112190000,300000
R23-03162,28370000,60000
R23-03163,31070000,60000
R23-03164,1260000,0
R23-03165,66750000,300000
R23-03166,55680000,150000
R23-03167,42490000,150000
R23-03168,26730000,60000
R23-03169,94850000,300000
R23-03170,12940000,40000
R23-03171,94240000,300000
R23-03172,62310000,150000
R23-03173,15440000,40000
R23-03174,22310000,60000
R23-03175,53230000,150000
R23-03176,57140000,150000
R23-03177,6270000,20000
R23-03178,45760000,150000
R23-03179,12820000,40000
R23-03180,52360000,150000
R23-03181,217360000,1000000
R23-03182,35160000,150000
R23-03183,27190000,60000
R23-03184,61310000,150000
R23-03185,66530000,150000
R23-03186,85060000,300000
R23-03187,34870000,150000
R23-03188,105600000,300000
R23-03189,3700000,0
R23-03190,36160000,150000
R23-03191,82200000,300000
R23-03192,23520000,60000
R23-03193,21580000,60000
R23-03194,61210000,150000
R23-03195,25830000,60000
R23-03196,3870000,0
R23-03197,21790000,60000
R23-03198,136140000,600000
R23-03199,41550000,150000
R23-03200,5070000,20000
R23-03201,112390000,300000
R23-03202,22060000,60000
R23-03203,1670000,0
R23-03204,2810000,0
R23-03205,10790000,40000
R23-03206,93760000,300000
R23-03207,19100000,40000
R23-03208,14130000,40000
R23-03209,23850000,60000
R23-03210,75110000,300000
R23-03211,61170000,150000
R23-03212,54670000,150000
R23-03213,51210000,150000
R23-03214,2230000,0
R23-03215,29230000,60000
R23-03216,63870000,150000
R23-03217,2420000,0
R23-03218,65890000,150000
R23-03219,2980000,0
R23-03220,44600000,150000
R23-03221,1750000,0
R23-03222,63120000,150000
R23-03223,54580000,150000
R23-03224,51100000,150000
R23-03225,112470000,300000
R23-03226,95130000,300000
R23-03227,3440000,0
R23-03228,34320000,150000
R23-03229,131460000,300000
R23-03230,63310000,150000
R23-03231,57350000,150000
R23-03232,86010000,300000
R23-03233,2100000,0
R23-03234,56930000,150000
R23-03235,57320000,150000
R23-03236,43850000,150000
R23-03237,73020000,300000
R23-03238,93480000,300000
R23-03239,13100000,40000
R23-03240,32100000,60000
R23-03241,22270000,60000
R23-03242,2530000,0
R23-03243,74980000,300000
R23-03244,15380000,40000
R23-03245,7700000,20000
R23-03246,43920000,150000
R23-03247,75110000,300000
R23-03248,11600000,40000
R23-03249,81730000,300000
R23-03250,2010000,0
R23-03251,17680000,40000
R23-03252,56490000,150000
R23-03253,27030000,60000
R23-03254,65440000,150000
R23-03255,46420000,150000
R23-03256,11930000,40000
R23-03257,62750000,150000
R23-03258,27090000,60000
R23-03259,2850000,0
R23-03260,65100000,150000
R23-03261,32110000,60000
R23-03262,47620000,150000
R23-03263,32370000,60000
R23-03264,74740000,300000
R23-03265,32980000,60000
R23-03266,91130000,300000
R23-03267,41550000,150000
R23-03268,38850000,150000
R23-03269,22610000,60000
R23-03270,45650000,150000
R23-03271,32800000,60000
R23-03272,91270000,300000
R23-03273,14070000,40000
R23-03274,2010000,0
R23-03275,41720000,150000
R23-03276,97170000,300000
R23-03277,61070000,150000
R23-03278,33000000,60000
R23-03279,101640000,300000
R23-03280,91220000,300000
R23-03281,62130000,150000
R23-03282,10840000,40000
R23-03283,106140000,300000
R23-03284,43480000,150000
R23-03285,62230000,150000
R23-03286,5570000,20000
R23-03287,23810000,60000
R23-03288,7060000,20000
R23-03289,6290000,20000
R23-03290,6070000,20000
R23-03291,980000,0
R23-03292,43190000,150000
R23-03293,52040000,150000
R23-03294,12590000,40000
R23-03295,61620000,150000
R23-03296,73440000,300000
R23-03297,4540000,0
R23-03298,34620000,150000
R23-03299,54950000,150000
R23-03300,154510000,600000
R23-03301,87420000,300000
R23-03302,7410000,20000
R23-03303,42050000,150000
R23-03304,76860000,300000
R23-03305,4390000,0
R23-03306,13780000,40000
R23-03307,13680000,40000
R23-03308,25860000,60000
R23-03309,12820000,40000
R23-03310,22380000,60000
R23-03311,62320000,150000
R23-03312,25740000,60000
R23-03313,60880000,150000
R23-03314,57820000,150000
R23-03315,40530000,150000
R23-03316,1860000,0
R23-03317,36710000,150000
R23-03318,1960000,0
R23-03319,74210000,300000
R23-03320,144050000,600000
R23-03321,91360000,300000
R23-03322,24700000,60000
R23-03323,33920000,150000
R23-03324,1940000,0
R23-03325,61260000,150000
R23-03326,111980000,300000
R23-03327,26460000,60000
R23-03328,92100000,300000
R23-03329,12850000,40000
R23-03330,155630000,600000
R23-03331,38250000,150000
R23-03332,5040000,20000
R23-03333,46240000,150000
R23-03334,33930000,150000
R23-03335,48420000,150000
R23-03336,37360000,150000
R23-03337,31560000,60000
R23-03338,54010000,150000
R23-03339,61840000,150000
R23-03340,3110000,0
R23-03341,47090000,150000
R23-03342,126220000,300000
R23-03343,56340000,150000
R23-03344,63790000,150000
R23-03345,147030000,600000
R23-03346,46860000,150000
R23-03347,21530000,60000
R23-03348,13450000,40000
R23-03349,52530000,150000
R23-03350,64060000,150000
R23-03351,15770000,40000
R23-03352,3860000,0
R23-03353,27650000,60000
R23-03354,4700000,0
R23-03355,102120000,300000
R23-03356,32270000,60000
R23-03357,33340000,150000
R23-03358,97390000,300000
R23-03359,1940000,0
R23-03360,32190000,60000
R23-03361,61530000,150000
R23-03362,57850000,150000
R23-03363,51830000,150000
R23-03364,23180000,60000
R23-03365,17890000,40000
R23-03366,80870000,300000
R23-03367,11260000,40000
R23-03368,24080000,60000
R23-03369,14290000,40000
R23-03370,94650000,300000
R23-03371,21500000,60000
R23-03372,117200000,300000
R23-03373,2520000,0
R23-03374,28070000,60000
R23-03375,13080000,40000
R23-03376,12190000,40000
R23-03377,54420000,150000
R23-03378,42320000,150000
R23-03379,2580000,0
R23-03380,52270000,150000
R23-03381,16290000,40000
R23-03382,35550000,150000
R23-03383,61690000,150000
R23-03384,15470000,40000
R23-03385,91240000,300000
R23-03386,44790000,150000
R23-03387,11660000,40000
R23-03388,30690000,60000
R23-03389,31400000,60000
R23-03390,26780000,60000
R23-03391,47210000,150000
R23-03392,46080000,150000
R23-03393,103160000,300000
R23-03394,103260000,300000
R23-03395,12780000,40000
R23-03396,3680000,0
R23-03397,91420000,300000
R23-03398,24230000,60000
R23-03399,41610000,150000
R23-03400,42290000,150000
R23-03401,80290000,300000
R23-03402,40990000,150000
R23-03403,11750000,40000
R23-03404,95100000,300000
R23-03405,18310000,40000
R23-03406,25770000,60000
R23-03407,43480000,150000
R23-03408,146670000,600000
R23-03409,21810000,60000
R23-03410,91840000,300000
R23-03411,31890000,60000
R23-03412,44040000,150000
R23-03413,96640000,300000
R23-03414,62590000,150000
R23-03415,71380000,300000
R23-03416,31550000,60000
R23-03417,92560000,300000
R23-03418,35940000,150000
R23-03419,54790000,150000
R23-03420,6380000,20000
R23-03421,12220000,40000
R23-03422,46730000,150000
R23-03423,32810000,60000
R23-03424,3020000,0
R23-03425,21420000,60000
R23-03426,14330000,40000
R23-03427,2640000,0
R23-03428,46000000,150000
R23-03429,1910000,0
R23-03430,43310000,150000
R23-03431,32150000,60000
R23-03432,22450000,60000
R23-03433,77250000,300000
R23-03434,22020000,60000
R23-03435,112360000,300000
R23-03436,3120000,0
R23-03437,55840000,150000
R23-03438,32560000,60000
R23-03439,91800000,300000
R23-03440,28230000,60000
R23-03441,1910000,0
R23-03442,12690000,40000
R23-03443,46860000,150000
R23-03444,33040000,60000
R23-03445,38250000,150000
R23-03446,125610000,300000
R23-03447,22130000,60000
R23-03448,111890000,300000
R23-03449,15470000,40000
R23-03450,6000000,20000
R23-03451,64030000,150000
R23-03452,13770000,40000
R23-03453,22100000,60000
R23-03454,3220000,0
R23-03455,65870000,150000
R23-03456,49380000,150000
R23-03457,6510000,20000
R23-03458,52840000,150000
R23-03459,16890000,40000
R23-03460,47150000,150000
R23-03461,14240000,40000
R23-03462,22770000,60000
R23-03463,23240000,60000
R23-03464,18090000,40000
R23-03465,13170000,40000
R23-03466,20790000,60000
R23-03467,52010000,150000
R23-03468,1230000,0
R23-03469,42980000,150000
R23-03470,11670000,40000
R23-03471,45380000,150000
R23-03472,2890000,0
R23-03473,390000,0
R23-03474,71610000,300000
R23-03475,21360000,60000
R23-03476,25350000,60000
R23-03477,10550000,40000
R23-03478,61650000,150000
R23-03479,46940000,150000
R23-03480,63670000,150000
R23-03481,27870000,60000
R23-03482,66910000,300000
R23-03483,56220000,150000
R23-03484,86240000,300000
R23-03485,45820000,150000
R23-03486,101150000,300000
R23-03487,55690000,150000
R23-03488,61780000,150000
R23-03489,2310000,0
R23-03490,26030000,60000
R23-03491,4230000,0
R23-03492,3280000,0
R23-03493,26350000,60000
R23-03494,61900000,150000
R23-03495,14470000,40000
R23-03496,2040000,0
R23-03497,31260000,60000
R23-03498,17380000,40000
R23-03499,3720000,0
R23-03500,4660000,0
R23-03501,53130000,150000
R23-03502,15610000,40000
R23-03503,11230000,40000
R23-03504,75580000,300000
R23-03505,24280000,60000
R23-03506,24240000,60000
R23-03507,84740000,300000
R23-03508,21070000,60000
R23-03509,34740000,150000
R23-03510,61210000,150000
R23-03511,12070000,40000
R23-03512,21000000,60000
R23-03513,103270000,300000
R23-03514,56360000,150000
R23-03515,31800000,60000
R23-03516,15850000,40000
R23-03517,34070000,150000
R23-03518,86070000,300000
R23-03519,23000000,60000
R23-03520,55390000,150000
R23-03521,103550000,300000
R23-03522,86480000,300000
R23-03523,1790000,0
R23-03524,3830000,0
R23-03525,15220000,40000
R23-03526,14720000,40000
R23-03527,23890000,60000
R23-03528,55120000,150000
R23-03529,100940000,300000
R23-03530,77750000,300000
R23-03531,105270000,300000
R23-03532,221460000,1000000
R23-03533,45890000,150000
R23-03534,16640000,40000
R23-03535,73960000,300000
R23-03536,91200000,300000
R23-03537,100930000,300000
R23-03538,17060000,40000
R23-03539,3020000,0
R23-03540,104700000,300000
R23-03541,25910000,60000
R23-03542,14090000,40000
R23-03543,81260000,300000
R23-03544,73180000,300000
R23-03545,24630000,60000
R23-03546,46140000,150000
R23-03547,2340000,0
R23-03548,31420000,60000
R23-03549,3080000,0
R23-03550,35780000,150000
R23-03551,3560000,0
R23-03552,17590000,40000
R23-03553,34820000,150000
R23-03554,2680000,0
R23-03555,25470000,60000
R23-03556,1490000,0
R23-03557,24330000,60000
R23-03558,35460000,150000
R23-03559,32030000,60000
R23-03560,61420000,150000
R23-03561,21740000,60000
R23-03562,51280000,150000
R23-03563,41510000,150000
R23-03564,13850000,40000
R23-03565,26340000,60000
R23-03566,14220000,40000
R23-03567,31660000,60000
R23-03568,123940000,300000
R23-03569,24070000,60000
R23-03570,25500000,60000
R23-03571,45920000,150000
R23-03572,37920000,150000
R23-03573,32980000,60000
R23-03574,24670000,60000
R23-03575,71340000,300000
R23-03576,41420000,150000
R23-03577,10600000,40000
R23-03578,24730000,60000
R23-03579,16440000,40000
R23-03580,51270000,150000
R23-03581,95290000,300000
R23-03582,33710000,150000
R23-03583,23960000,60000
R23-03584,23810000,60000
R23-03585,6580000,20000
R23-03586,39580000,150000
R23-03587,2570000,0
R23-03588,43680000,150000
R23-03589,91680000,300000
R23-03590,14050000,40000
R23-03591,2100000,0
R23-03592,71080000,300000
R23-03593,32170000,60000
R23-03594,12150000,40000
R23-03595,16970000,40000
R23-03596,43290000,150000
R23-03597,116100000,300000
R23-03598,4430000,0
R23-03599,33220000,60000
R23-03600,53910000,150000
R23-03601,31650000,60000
R23-03602,21760000,60000
R23-03603,34800000,150000
R23-03604,114310000,300000
R23-03605,41820000,150000
R23-03606,72130000,300000
R23-03607,3170000,0
R23-03608,5960000,20000
R23-03609,151840000,600000
R23-03610,4850000,0
R23-03611,3110000,0
R23-03612,14270000,40000
R23-03613,76190000,300000
R23-03614,95390000,300000
R23-03615,152130000,600000
R23-03616,5140000,20000
R23-03617,42150000,150000
R23-03618,173730000,600000
R23-03619,44050000,150000
R23-03620,53330000,150000
R23-03621,56040000,150000
R23-03622,12730000,40000
R23-03623,15990000,40000
R23-03624,53030000,150000
R23-03625,43800000,150000
R23-03626,7710000,20000
R23-03627,43560000,150000
R23-03628,22020000,60000
R23-03629,39320000,150000
R23-03630,31310000,60000
R23-03631,1680000,0
R23-03632,5300000,20000
R23-03633,23040000,60000
R23-03634,17840000,40000
R23-03635,28040000,60000
R23-03636,65800000,150000
R23-03637,27400000,60000
R23-03638,23140000,60000
R23-03639,32900000,60000
R23-03640,107680000,300000
R23-03641,50490000,150000
R23-03642,75430000,300000
R23-03643,7220000,20000
R23-03644,4450000,0
R23-03645,860000,0
R23-03646,86410000,300000
R23-03647,4820000,0
R23-03648,5150000,20000
R23-03649,37190000,150000
R23-03650,23160000,60000
R23-03651,21150000,60000
R23-03652,25340000,60000
R23-03653,16360000,40000
R23-03654,47740000,150000
R23-03655,51740000,150000
R23-03656,44100000,150000
R23-03657,3170000,0
R23-03658,1860000,0
R23-03659,25730000,60000
R23-03660,24620000,60000
R23-03661,61860000,150000
R23-03662,2420000,0
R23-03663,12500000,40000
R23-03664,63020000,150000
R23-03665,24910000,60000
R23-03666,67400000,300000
R23-03667,45030000,150000
R23-03668,31830000,60000
R23-03669,51360000,150000
R23-03670,1730000,0
R23-03671,63500000,150000
R23-03672,84320000,300000
R23-03673,92050000,300000
R23-03674,48840000,150000
R23-03675,65970000,150000
R23-03676,22200000,60000
R23-03677,4540000,0
R23-03678,58330000,150000
R23-03679,19030000,40000
R23-03680,74050000,300000
R23-03681,10490000,40000
R23-03682,5600000,20000
R23-03683,21170000,60000
R23-03684,56230000,150000
R23-03685,44940000,150000
R23-03686,44980000,150000
R23-03687,72910000,300000
R23-03688,64600000,150000
R23-03689,45740000,150000
R23-03690,52380000,150000
R23-03691,2100000,0
R23-03692,92110000,300000
R23-03693,14150000,40000
R23-03694,45490000,150000
R23-03695,45390000,150000
R23-03696,25310000,60000
R23-03697,53840000,150000
R23-03698,56240000,150000
R23-03699,21640000,60000
R23-03700,37770000,150000
R23-03701,64300000,150000
R23-03702,54650000,150000
R23-03703,95590000,300000
R23-03704,77070000,300000
R23-03705,17730000,40000
R23-03706,102480000,300000
R23-03707,46300000,150000
R23-03708,86140000,300000
R23-03709,31640000,60000
R23-03710,20850000,60000
R23-03711,15360000,40000
R23-03712,7470000,20000
R23-03713,11480000,40000
R23-03714,96870000,300000
R23-03715,93460000,300000
R23-03716,23420000,60000
R23-03717,32850000,60000
R23-03718,57850000,150000
R23-03719,80270000,300000
R23-03720,48610000,150000
R23-03721,13490000,40000
R23-03722,76050000,300000
R23-03723,16210000,40000
R23-03724,37600000,150000
R23-03725,153430000,600000
R23-03726,83170000,300000
R23-03727,7000000,20000
R23-03728,33590000,150000
R23-03729,88860000,300000
R23-03730,5490000,20000
R23-03731,72440000,300000
R23-03732,16130000,40000
R23-03733,82790000,300000
R23-03734,70840000,300000
R23-03735,42080000,150000
R23-03736,7740000,20000
R23-03737,36810000,150000
R23-03738,1730000,0
R23-03739,95910000,300000
R23-03740,7730000,20000
R23-03741,53600000,150000
R23-03742,51200000,150000
R23-03743,56400000,150000
R23-03744,10490000,40000
R23-03745,81200000,300000
R23-03746,11490000,40000
R23-03747,21210000,60000
R23-03748,8210000,20000
R23-03749,23600000,60000
R23-03750,13950000,40000
R23-03751,55350000,150000
R23-03752,13030000,40000
R23-03753,81100000,300000
R23-03754,37520000,150000
R23-03755,64850000,150000
R23-03756,2810000,0
R23-03757,53390000,150000
R23-03758,57990000,150000
R23-03759,1530000,0
R23-03760,930000,0
R23-03761,24930000,60000
R23-03762,23310000,60000
R23-03763,28360000,60000
R23-03764,93220000,300000
R23-03765,47030000,150000
R23-03766,64240000,150000
R23-03767,76520000,300000
R23-03768,53710000,150000
R23-03769,91120000,300000
R23-03770,76830000,300000
R23-03771,25640000,60000
R23-03772,52030000,150000
R23-03773,62150000,150000
R23-03774,24740000,60000
R23-03775,43030000,150000
R23-03776,43210000,150000
R23-03777,24440000,60000
R23-03778,134080000,600000
R23-03779,3760000,0
R23-03780,55700000,150000
R23-03781,103530000,300000
R23-03782,61320000,150000
R23-03783,66080000,150000
R23-03784,99880000,300000
R23-03785,43650000,150000
R23-03786,111580000,300000
R23-03787,12610000,40000
R23-03788,154020000,600000
R23-03789,34180000,150000
R23-03790,47540000,150000
R23-03791,24950000,60000
R23-03792,13500000,40000
R23-03793,63260000,150000
R23-03794,1600000,0
R23-03795,33600000,150000
R23-03796,11990000,40000
R23-03797,16430000,40000
R23-03798,101670000,300000
R23-03799,132240000,300000
R23-03800,3950000,0
R23-03801,11080000,40000
R23-03802,46240000,150000
R23-03803,1670000,0
R23-03804,23790000,60000
R23-03805,13000000,40000
R23-03806,23740000,60000
R23-03807,43700000,150000
R23-03808,3710000,0
R23-03809,74330000,300000
R23-03810,49050000,150000
R23-03811,98500000,300000
R23-03812,7560000,20000
R23-03813,22390000,60000
R23-03814,24740000,60000
R23-03815,93520000,300000
R23-03816,52750000,150000
R23-03817,73300000,300000
R23-03818,45200000,150000
R23-03819,46410000,150000
R23-03820,11750000,40000
R23-03821,5900000,20000
R23-03822,25730000,60000
R23-03823,37060000,150000
R23-03824,24080000,60000
R23-03825,54540000,150000
R23-03826,51300000,150000
R23-03827,36820000,150000
R23-03828,74580000,300000
R23-03829,63150000,150000
R23-03830,14610000,40000
R23-03831,61350000,150000
R23-03832,36640000,150000
R23-03833,5110000,20000
R23-03834,38610000,150000
R23-03835,4760000,0
R23-03836,36860000,150000
R23-03837,6420000,20000
R23-03838,54810000,150000
R23-03839,64960000,150000
R23-03840,94850000,300000
R23-03841,16610000,40000
R23-03842,2740000,0
R23-03843,93720000,300000
R23-03844,85180000,300000
R23-03845,23510000,60000
R23-03846,13080000,40000
R23-03847,48420000,150000
R23-03848,33360000,150000
R23-03849,74920000,300000
R23-03850,81640000,300000
R23-03851,54820000,150000
R23-03852,22510000,60000
R23-03853,54180000,150000
R23-03854,4560000,0
R23-03855,24170000,60000
R23-03856,22410000,60000
R23-03857,54280000,150000
R23-03858,24020000,60000
R23-03859,6580000,20000
R23-03860,113520000,300000
R23-03861,25000000,60000
R23-03862,14770000,40000
R23-03863,32390000,60000
R23-03864,42820000,150000
R23-03865,10620000,40000
R23-03866,1770000,0
R23-03867,15140000,40000
R23-03868,72350000,300000
R23-03869,77700000,300000
R23-03870,22860000,60000
R23-03871,22810000,60000
R23-03872,45210000,150000
R23-03873,50920000,150000
R23-03874,61210000,150000
R23-03875,62190000,150000
R23-03876,22280000,60000
R23-03877,64060000,150000
R23-03878,30850000,60000
R23-03879,102100000,300000
R23-03880,32930000,60000
R23-03881,2250000,0
R23-03882,40910000,150000
R23-03883,68520000,300000
R23-03884,103080000,300000
R23-03885,1980000,0
R23-03886,141530000,600000
R23-03887,34770000,150000
R23-03888,12450000,40000
R23-03889,20960000,60000
R23-03890,55120000,150000
R23-03891,56370000,150000
R23-03892,1920000,0
R23-03893,92640000,300000
R23-03894,17350000,40000
R23-03895,46990000,150000
R23-03896,33020000,60000
R23-03897,94040000,300000
R23-03898,32170000,60000
R23-03899,34880000,150000
R23-03900,24150000,60000
R23-03901,11370000,40000
R23-03902,4360000,0
R23-03903,1210000,0
R23-03904,32920000,60000
R23-03905,51770000,150000
R23-03906,146880000,600000
R23-03907,24950000,60000
R23-03908,2520000,0
R23-03909,18520000,40000
R23-03910,44650000,150000
R23-03911,94070000,300000
R23-03912,27200000,60000
R23-03913,5390000,20000
R23-03914,94750000,300000
R23-03915,46070000,150000
R23-03916,104570000,300000
R23-03917,36890000,150000
R23-03918,75860000,300000
R23-03919,75560000,300000
R23-03920,95070000,300000
R23-03921,85440000,300000
R23-03922,13120000,40000
R23-03923,73050000,300000
R23-03924,24150000,60000
R23-03925,2710000,0
R23-03926,17450000,40000
R23-03927,51250000,150000
R23-03928,31630000,60000
R23-03929,3030000,0
R23-03930,113880000,300000
R23-03931,24260000,60000
R23-03932,15390000,40000
R23-03933,10160000,40000
R23-03934,22370000,60000
R23-03935,25240000,60000
R23-03936,75840000,300000
R23-03937,82510000,300000
R23-03938,66880000,300000
R23-03939,44340000,150000
R23-03940,45970000,150000
R23-03941,122750000,300000
R23-03942,61600000,150000
R23-03943,37330000,150000
R23-03944,24990000,60000
R23-03945,3170000,0
R23-03946,3670000,0
R23-03947,8530000,20000
R23-03948,81460000,300000
R23-03949,67280000,300000
R23-03950,42800000,150000
R23-03951,60530000,150000
R23-03952,13280000,40000
R23-03953,61300000,150000
R23-03954,63090000,150000
R23-03955,44950000,150000
R23-03956,15280000,40000
R23-03957,36710000,150000
R23-03958,64870000,150000
R23-03959,72160000,300000
R23-03960,23250000,60000
R23-03961,32080000,60000
R23-03962,18830000,40000
R23-03963,83540000,300000
R23-03964,73540000,300000
R23-03965,1240000,0
R23-03966,64650000,150000
R23-03967,31910000,60000
R23-03968,104350000,300000
R23-03969,3600000,0
R23-03970,22540000,60000
R23-03971,6120000,20000
R23-03972,47350000,150000
R23-03973,4080000,0
R23-03974,25510000,60000
R23-03975,77840000,300000
R23-03976,14970000,40000
R23-03977,25720000,60000
R23-03978,80820000,300000
R23-03979,40680000,150000
R23-03980,72210000,300000
R23-03981,152600000,600000
R23-03982,91570000,300000
R23-03983,43000000,150000
R23-03984,45790000,150000
R23-03985,6650000,20000
R23-03986,54900000,150000
R23-03987,2920000,0
R23-03988,1380000,0
R23-03989,40870000,150000
R23-03990,35480000,150000
R23-03991,11150000,40000
R23-03992,224980000,1000000
R23-03993,21090000,60000
R23-03994,61040000,150000
R23-03995,21790000,60000
R23-03996,1060000,0
R23-03997,63950000,150000
R23-03998,4650000,0
R23-03999,3640000,0
R23-04000,41130000,150000
R23-04001,3170000,0
R23-04002,25350000,60000
R23-04003,103130000,300000
R23-04004,27270000,60000
R23-04005,8020000,20000
R23-04006,212280000,1000000
R23-04007,35030000,150000
R23-04008,33550000,150000
R23-04009,106550000,300000
R23-04010,35410000,150000
R23-04011,23760000,60000
R23-04012,82160000,300000
R23-04013,97990000,300000
R23-04014,31350000,60000
R23-04015,133990000,600000
R23-04016,46390000,150000
R23-04017,21310000,60000
R23-04018,23050000,60000
R23-04019,24130000,60000
R23-04020,31790000,60000
R23-04021,75970000,300000
R23-04022,85460000,300000
R23-04023,25420000,60000
R23-04024,2140000,0
R23-04025,62790000,150000
R23-04026,14970000,40000
R23-04027,52170000,150000
R23-04028,131770000,300000
R23-04029,50770000,150000
R23-04030,57370000,150000
R23-04031,72790000,300000
R23-04032,61060000,150000
R23-04033,11580000,40000
R23-04034,11430000,40000
R23-04035,43400000,150000
R23-04036,5520000,20000
R23-04037,74500000,300000
R23-04038,3060000,0
R23-04039,33750000,150000
R23-04040,24490000,60000
R23-04041,87020000,300000
R23-04042,46170000,150000
R23-04043,34560000,150000
R23-04044,27880000,60000
R23-04045,16370000,40000
R23-04046,2100000,0
R23-04047,148410000,600000
R23-04048,56400000,150000
R23-04049,12980000,40000
R23-04050,104720000,300000
R23-04051,85480000,300000
R23-04052,36200000,150000
R23-04053,5720000,20000
R23-04054,22810000,60000
R23-04055,41730000,150000
R23-04056,31870000,60000
R23-04057,111380000,300000
R23-04058,57180000,150000
R23-04059,31890000,60000
R23-04060,4310000,0
R23-04061,64110000,150000
R23-04062,1490000,0
R23-04063,2150000,0
R23-04064,94990000,300000
R23-04065,72820000,300000
R23-04066,22530000,60000
R23-04067,1970000,0
R23-04068,3380000,0
R23-04069,12410000,40000
R23-04070,53500000,150000
R23-04071,60500000,150000
R23-04072,62540000,150000
R23-04073,3520000,0
R23-04074,12050000,40000
R23-04075,83450000,300000
R23-04076,6860000,20000
R23-04077,31540000,60000
R23-04078,2360000,0
R23-04079,13900000,40000
R23-04080,110540000,300000
R23-04081,400000,0
R23-04082,128530000,300000
R23-04083,16570000,40000
R23-04084,11730000,40000
R23-04085,12210000,40000
R23-04086,39820000,150000
R23-04087,62790000,150000
R23-04088,82580000,300000
R23-04089,21450000,60000
R23-04090,54810000,150000
R23-04091,35670000,150000
R23-04092,52510000,150000
R23-04093,45850000,150000
R23-04094,38690000,150000
R23-04095,28550000,60000
R23-04096,31720000,60000
R23-04097,32320000,60000
R23-04098,10510000,40000
R23-04099,15850000,40000
