고객ID,타사이전금액,혜택금액
R21-00000,53030000,150000
R21-00001,103520000,300000
R21-00002,100990000,300000
R21-00003,83710000,300000
R21-00004,22510000,60000
R21-00005,113980000,300000
R21-00006,25140000,60000
R21-00007,98860000,300000
R21-00008,24150000,60000
R21-00009,53670000,150000
R21-00010,124660000,300000
R21-00011,11510000,40000
R21-00012,54170000,150000
R21-00013,13130000,40000
R21-00014,94530000,300000
R21-00015,77120000,300000
R21-00016,52060000,150000
R21-00017,44220000,150000
R21-00018,25480000,60000
R21-00019,83130000,300000
R21-00020,15330000,40000
R21-00021,81390000,300000
R21-00022,97300000,300000
R21-00023,73120000,300000
R21-00024,24760000,60000
R21-00025,65290000,150000
R21-00026,41200000,150000
R21-00027,41690000,150000
R21-00028,32780000,60000
R21-00029,23310000,60000
R21-00030,136870000,600000
R21-00031,44670000,150000
R21-00032,43670000,150000
R21-00033,18270000,40000
R21-00034,8040000,20000
R21-00035,16480000,40000
R21-00036,88000000,300000
R21-00037,31110000,60000
R21-00038,32190000,60000
R21-00039,4250000,0
R21-00040,7070000,20000
R21-00041,67330000,300000
R21-00042,1780000,0
R21-00043,41930000,150000
R21-00044,71740000,300000
R21-00045,2660000,0
R21-00046,47220000,150000
R21-00047,54930000,150000
R21-00048,27780000,60000
R21-00049,45090000,150000
R21-00050,25360000,60000
R21-00051,67870000,300000
R21-00052,34470000,150000
R21-00053,4730000,0
R21-00054,1120000,0
R21-00055,88550000,300000
R21-00056,32480000,60000
R21-00057,14290000,40000
R21-00058,127290000,300000
R21-00059,15880000,40000
R21-00060,94820000,300000
R21-00061,34140000,150000
R21-00062,730000,0
R21-00063,63070000,150000
R21-00064,28350000,60000
R21-00065,24820000,60000
R21-00066,20450000,60000
R21-00067,141490000,600000
R21-00068,74060000,300000
R21-00069,4060000,0
R21-00070,56880000,150000
R21-00071,53970000,150000
R21-00072,4090000,0
R21-00073,52350000,150000
R21-00074,32280000,60000
R21-00075,3210000,0
R21-00076,100820000,300000
R21-00077,35110000,150000
R21-00078,45990000,150000
R21-00079,5890000,20000
R21-00080,22510000,60000
R21-00081,5250000,20000
R21-00082,5890000,20000
R21-00083,33040000,60000
R21-00084,54540000,150000
R21-00085,64970000,150000
R21-00086,54800000,150000
R21-00087,94070000,300000
R21-00088,101590000,300000
R21-00089,37230000,150000
R21-00090,4030000,0
R21-00091,1690000,0
R21-00092,22880000,60000
R21-00093,76370000,300000
R21-00094,42780000,150000
R21-00095,14120000,40000
R21-00096,74230000,300000
R21-00097,8120000,20000
R21-00098,144910000,600000
R21-00099,99730000,300000
R21-00100,62800000,150000
R21-00101,87750000,300000
R21-00102,29280000,60000
R21-00103,55500000,150000
R21-00104,29200000,60000
R21-00105,1030000,0
R21-00106,51500000,150000
R21-00107,46820000,150000
R21-00108,25340000,60000
R21-00109,37900000,150000
R21-00110,22880000,60000
R21-00111,72340000,300000
R21-00112,41550000,150000
R21-00113,26500000,60000
R21-00114,33670000,150000
R21-00115,52020000,150000
R21-00116,47760000,150000
R21-00117,36110000,150000
R21-00118,53320000,150000
R21-00119,32930000,60000
R21-00120,24310000,60000
R21-00121,86820000,300000
R21-00122,44530000,150000
R21-00123,16010000,40000
R21-00124,147210000,600000
R21-00125,4220000,0
R21-00126,14620000,40000
R21-00127,14820000,40000
R21-00128,44110000,150000
R21-00129,135350000,600000
R21-00130,6750000,20000
R21-00131,48920000,150000
R21-00132,76570000,300000
R21-00133,46980000,150000
R21-00134,11650000,40000
R21-00135,16430000,40000
R21-00136,41330000,150000
R21-00137,34860000,150000
R21-00138,23110000,60000
R21-00139,83840000,300000
R21-00140,42100000,150000
R21-00141,131000000,300000
R21-00142,57400000,150000
R21-00143,108010000,300000
R21-00144,55030000,150000
R21-00145,86490000,300000
R21-00146,62260000,150000
R21-00147,91680000,300000
R21-00148,85050000,300000
R21-00149,30350000,60000
R21-00150,73110000,300000
R21-00151,12290000,40000
R21-00152,26620000,60000
R21-00153,53860000,150000
R21-00154,86580000,300000
R21-00155,74490000,300000
R21-00156,15050000,40000
R21-00157,36900000,150000
R21-00158,66370000,150000
R21-00159,48760000,150000
R21-00160,43040000,150000
R21-00161,44660000,150000
R21-00162,34090000,150000
R21-00163,85540000,300000
R21-00164,96700000,300000
R21-00165,28310000,60000
R21-00166,32540000,60000
R21-00167,22760000,60000
R21-00168,151730000,600000
R21-00169,43600000,150000
R21-00170,3690000,0
R21-00171,73140000,300000
R21-00172,71400000,300000
R21-00173,22370000,60000
R21-00174,1720000,0
R21-00175,650000,0
R21-00176,3060000,0
R21-00177,48270000,150000
R21-00178,2020000,0
R21-00179,23660000,60000
R21-00180,75720000,300000
R21-00181,132900000,300000
R21-00182,55120000,150000
R21-00183,15990000,40000
R21-00184,59070000,150000
R21-00185,24580000,60000
R21-00186,105310000,300000
R21-00187,61810000,150000
R21-00188,33990000,150000
R21-00189,6840000,20000
R21-00190,3550000,0
R21-00191,51760000,150000
R21-00192,112300000,300000
R21-00193,21780000,60000
R21-00194,3810000,0
R21-00195,64670000,150000
R21-00196,2590000,0
R21-00197,44880000,150000
R21-00198,25780000,60000
R21-00199,58660000,150000
R21-00200,42110000,150000
R21-00201,31010000,60000
R21-00202,74440000,300000
R21-00203,35180000,150000
R21-00204,1210000,0
R21-00205,84250000,300000
R21-00206,94230000,300000
R21-00207,16400000,40000
R21-00208,11580000,40000
R21-00209,117690000,300000
R21-00210,63660000,150000
R21-00211,82480000,300000
R21-00212,31080000,60000
R21-00213,25670000,60000
R21-00214,21780000,60000
R21-00215,63110000,150000
R21-00216,153290000,600000
R21-00217,47210000,150000
R21-00218,6850000,20000
R21-00219,44220000,150000
R21-00220,45220000,150000
R21-00221,82650000,300000
R21-00222,43090000,150000
R21-00223,81740000,300000
R21-00224,6120000,20000
R21-00225,24190000,60000
R21-00226,14830000,40000
R21-00227,7770000,20000
R21-00228,27440000,60000
R21-00229,66410000,150000
R21-00230,23660000,60000
R21-00231,28360000,60000
R21-00232,21080000,60000
R21-00233,42040000,150000
R21-00234,37590000,150000
R21-00235,73270000,300000
R21-00236,70410000,300000
R21-00237,15860000,40000
R21-00238,112250000,300000
R21-00239,66740000,300000
R21-00240,13920000,40000
R21-00241,45290000,150000
R21-00242,90890000,300000
R21-00243,14580000,40000
R21-00244,42340000,150000
R21-00245,85390000,300000
R21-00246,22010000,60000
R21-00247,15030000,40000
R21-00248,14360000,40000
R21-00249,94460000,300000
R21-00250,52130000,150000
R21-00251,11430000,40000
R21-00252,25360000,60000
R21-00253,7250000,20000
R21-00254,15600000,40000
R21-00255,22190000,60000
R21-00256,22240000,60000
R21-00257,14880000,40000
R21-00258,20420000,60000
R21-00259,96670000,300000
R21-00260,35340000,150000
R21-00261,158310000,600000
R21-00262,97450000,300000
R21-00263,32350000,60000
R21-00264,20720000,60000
R21-00265,104110000,300000
R21-00266,62410000,150000
R21-00267,87560000,300000
R21-00268,40530000,150000
R21-00269,5320000,20000
R21-00270,16570000,40000
R21-00271,5830000,20000
R21-00272,80100000,300000
R21-00273,31820000,60000
R21-00274,81970000,300000
R21-00275,2550000,0
R21-00276,2810000,0
R21-00277,85870000,300000
R21-00278,13630000,40000
R21-00279,1920000,0
R21-00280,14650000,40000
R21-00281,6390000,20000
R21-00282,45400000,150000
R21-00283,27690000,60000
R21-00284,64450000,150000
R21-00285,144800000,600000
R21-00286,19570000,40000
R21-00287,112250000,300000
R21-00288,64980000,150000
R21-00289,13910000,40000
R21-00290,44260000,150000
R21-00291,13580000,40000
R21-00292,101380000,300000
R21-00293,980000,0
R21-00294,26020000,60000
R21-00295,51590000,150000
R21-00296,27830000,60000
R21-00297,69010000,300000
R21-00298,83280000,300000
R21-00299,26050000,60000
R21-00300,34510000,150000
R21-00301,3690000,0
R21-00302,8790000,20000
R21-00303,34920000,150000
R21-00304,31930000,60000
R21-00305,94690000,300000
R21-00306,153880000,600000
R21-00307,30780000,60000
R21-00308,50790000,150000
R21-00309,70760000,300000
R21-00310,2480000,0
R21-00311,25520000,60000
R21-00312,64720000,150000
R21-00313,29010000,60000
R21-00314,2150000,0
R21-00315,21590000,60000
R21-00316,40960000,150000
R21-00317,7230000,20000
R21-00318,1430000,0
R21-00319,133290000,300000
R21-00320,72730000,300000
R21-00321,26270000,60000
R21-00322,53710000,150000
R21-00323,12740000,40000
R21-00324,12080000,40000
R21-00325,14540000,40000
R21-00326,7150000,20000
R21-00327,22400000,60000
R21-00328,43260000,150000
R21-00329,51790000,150000
R21-00330,41770000,150000
R21-00331,23590000,60000
R21-00332,69510000,300000
R21-00333,75390000,300000
R21-00334,43510000,150000
R21-00335,61640000,150000
R21-00336,92530000,300000
R21-00337,67770000,300000
R21-00338,44030000,150000
R21-00339,52400000,150000
R21-00340,63300000,150000
R21-00341,54500000,150000
R21-00342,32240000,60000
R21-00343,51960000,150000
R21-00344,176510000,600000
R21-00345,7440000,20000
R21-00346,73080000,300000
R21-00347,2090000,0
R21-00348,27260000,60000
R21-00349,4820000,0
R21-00350,5590000,20000
R21-00351,53540000,150000
R21-00352,7380000,20000
R21-00353,13700000,40000
R21-00354,27210000,60000
R21-00355,8610000,20000
R21-00356,31720000,60000
R21-00357,9170000,20000
R21-00358,18810000,40000
R21-00359,14820000,40000
R21-00360,2470000,0
R21-00361,62670000,150000
R21-00362,52030000,150000
R21-00363,25130000,60000
R21-00364,5220000,20000
R21-00365,1430000,0
R21-00366,8460000,20000
R21-00367,36770000,150000
R21-00368,64860000,150000
R21-00369,13880000,40000
R21-00370,3270000,0
R21-00371,4290000,0
R21-00372,3400000,0
R21-00373,31150000,60000
R21-00374,64240000,150000
R21-00375,1680000,0
R21-00376,44430000,150000
R21-00377,35730000,150000
R21-00378,17800000,40000
R21-00379,2460000,0
R21-00380,114780000,300000
R21-00381,54670000,150000
R21-00382,31340000,60000
R21-00383,82740000,300000
R21-00384,52290000,150000
R21-00385,51970000,150000
R21-00386,20670000,60000
R21-00387,15700000,40000
R21-00388,63100000,150000
R21-00389,28930000,60000
R21-00390,64030000,150000
R21-00391,3340000,0
R21-00392,22140000,60000
R21-00393,85990000,300000
R21-00394,23420000,60000
R21-00395,33650000,150000
R21-00396,76420000,300000
R21-00397,8330000,20000
R21-00398,41260000,150000
R21-00399,32040000,60000
R21-00400,123140000,300000
R21-00401,8500000,20000
R21-00402,24800000,60000
R21-00403,21540000,60000
R21-00404,4010000,0
R21-00405,23150000,60000
R21-00406,55260000,150000
R21-00407,103040000,300000
R21-00408,12310000,40000
R21-00409,3220000,0
R21-00410,24000000,60000
R21-00411,42160000,150000
R21-00412,27130000,60000
R21-00413,25880000,60000
R21-00414,14020000,40000
R21-00415,82120000,300000
R21-00416,93550000,300000
R21-00417,42030000,150000
R21-00418,3140000,0
R21-00419,62480000,150000
R21-00420,2630000,0
R21-00421,114780000,300000
R21-00422,32710000,60000
R21-00423,42480000,150000
R21-00424,14000000,40000
R21-00425,26580000,60000
R21-00426,12700000,40000
R21-00427,13230000,40000
R21-00428,15490000,40000
R21-00429,53830000,150000
R21-00430,5050000,20000
R21-00431,63780000,150000
R21-00432,124550000,300000
R21-00433,99880000,300000
R21-00434,82850000,300000
R21-00435,51090000,150000
R21-00436,70930000,300000
R21-00437,81710000,300000
R21-00438,43330000,150000
R21-00439,31160000,60000
R21-00440,62440000,150000
R21-00441,1300000,0
R21-00442,34970000,150000
R21-00443,11280000,40000
R21-00444,58640000,150000
R21-00445,211410000,1000000
R21-00446,33820000,150000
R21-00447,5930000,20000
R21-00448,72900000,300000
R21-00449,42870000,150000
R21-00450,21340000,60000
R21-00451,134650000,600000
R21-00452,122770000,300000
R21-00453,95780000,300000
R21-00454,24680000,60000
R21-00455,90490000,300000
R21-00456,96690000,300000
R21-00457,72880000,300000
R21-00458,42080000,150000
R21-00459,103870000,300000
R21-00460,5580000,20000
R21-00461,82860000,300000
R21-00462,95700000,300000
R21-00463,42600000,150000
R21-00464,22950000,60000
R21-00465,96280000,300000
R21-00466,54320000,150000
R21-00467,93970000,300000
R21-00468,1160000,0
R21-00469,22570000,60000
R21-00470,1870000,0
R21-00471,42450000,150000
R21-00472,22240000,60000
R21-00473,10640000,40000
R21-00474,76570000,300000
R21-00475,43280000,150000
R21-00476,13370000,40000
R21-00477,53280000,150000
R21-00478,64450000,150000
R21-00479,21990000,60000
R21-00480,63800000,150000
R21-00481,15010000,40000
R21-00482,97070000,300000
R21-00483,71840000,300000
R21-00484,13090000,40000
R21-00485,26370000,60000
R21-00486,21490000,60000
R21-00487,82360000,300000
R21-00488,71750000,300000
R21-00489,25100000,60000
R21-00490,84860000,300000
R21-00491,63160000,150000
R21-00492,1870000,0
R21-00493,26930000,60000
R21-00494,20710000,60000
R21-00495,44410000,150000
R21-00496,74130000,300000
R21-00497,13270000,40000
R21-00498,11850000,40000
R21-00499,53960000,150000
R21-00500,25180000,60000
R21-00501,221460000,1000000
R21-00502,46640000,150000
R21-00503,69030000,300000
R21-00504,33160000,60000
R21-00505,82420000,300000
R21-00506,420000,0
R21-00507,44730000,150000
R21-00508,71800000,300000
R21-00509,44790000,150000
R21-00510,97460000,300000
R21-00511,46870000,150000
R21-00512,1200000,0
R21-00513,40890000,150000
R21-00514,42800000,150000
R21-00515,135600000,600000
R21-00516,72670000,300000
R21-00517,41910000,150000
R21-00518,32230000,60000
R21-00519,34150000,150000
R21-00520,7710000,20000
R21-00521,72350000,300000
R21-00522,510000,0
R21-00523,22390000,60000
R21-00524,12230000,40000
R21-00525,2730000,0
R21-00526,4230000,0
R21-00527,6650000,20000
R21-00528,91680000,300000
R21-00529,81530000,300000
R21-00530,83140000,300000
R21-00531,62840000,150000
R21-00532,15160000,40000
R21-00533,24510000,60000
R21-00534,41370000,150000
R21-00535,2950000,0
R21-00536,67450000,300000
R21-00537,46950000,150000
R21-00538,82220000,300000
R21-00539,82420000,300000
R21-00540,70700000,300000
R21-00541,8640000,20000
R21-00542,830000,0
R21-00543,15480000,40000
R21-00544,132110000,300000
R21-00545,34200000,150000
R21-00546,42130000,150000
R21-00547,133170000,300000
R21-00548,5340000,20000
R21-00549,20620000,60000
R21-00550,81760000,300000
R21-00551,37410000,150000
R21-00552,910000,0
R21-00553,40520000,150000
R21-00554,30590000,60000
R21-00555,93090000,300000
R21-00556,32000000,60000
R21-00557,43370000,150000
R21-00558,82810000,300000
R21-00559,126910000,300000
R21-00560,35450000,150000
R21-00561,51530000,150000
R21-00562,62360000,150000
R21-00563,92480000,300000
R21-00564,4930000,0
R21-00565,3790000,0
R21-00566,11930000,40000
R21-00567,23780000,60000
R21-00568,46320000,150000
R21-00569,16910000,40000
R21-00570,12120000,40000
R21-00571,75100000,300000
R21-00572,51340000,150000
R21-00573,83100000,300000
R21-00574,27430000,60000
R21-00575,25790000,60000
R21-00576,112090000,300000
R21-00577,13280000,40000
R21-00578,33360000,150000
R21-00579,31580000,60000
R21-00580,42060000,150000
R21-00581,15010000,40000
R21-00582,62960000,150000
R21-00583,19150000,40000
R21-00584,62140000,150000
R21-00585,71950000,300000
R21-00586,67420000,300000
R21-00587,82070000,300000
R21-00588,22190000,60000
R21-00589,33220000,60000
R21-00590,61330000,150000
R21-00591,12360000,40000
R21-00592,15220000,40000
R21-00593,42120000,150000
R21-00594,71580000,300000
R21-00595,24660000,60000
R21-00596,7430000,20000
R21-00597,62020000,150000
R21-00598,1620000,0
R21-00599,64860000,150000
R21-00600,34360000,150000
R21-00601,51080000,150000
R21-00602,3960000,0
R21-00603,30430000,60000
R21-00604,13370000,40000
R21-00605,42680000,150000
R21-00606,59340000,150000
R21-00607,1440000,0
R21-00608,45960000,150000
R21-00609,63830000,150000
R21-00610,6070000,20000
R21-00611,66970000,300000
R21-00612,61670000,150000
R21-00613,45730000,150000
R21-00614,62660000,150000
R21-00615,83240000,300000
R21-00616,108180000,300000
R21-00617,37870000,150000
R21-00618,12560000,40000
R21-00619,24250000,60000
R21-00620,12670000,40000
R21-00621,45830000,150000
R21-00622,12940000,40000
R21-00623,53970000,150000
R21-00624,16450000,40000
R21-00625,8780000,20000
R21-00626,42590000,150000
R21-00627,83560000,300000
R21-00628,3120000,0
R21-00629,2600000,0
R21-00630,48070000,150000
R21-00631,95220000,300000
R21-00632,126930000,300000
R21-00633,52840000,150000
R21-00634,40770000,150000
R21-00635,40600000,150000
R21-00636,32070000,60000
R21-00637,12950000,40000
R21-00638,51970000,150000
R21-00639,62590000,150000
R21-00640,32810000,60000
R21-00641,79030000,300000
R21-00642,5210000,20000
R21-00643,13080000,40000
R21-00644,7060000,20000
R21-00645,15940000,40000
R21-00646,94090000,300000
R21-00647,3070000,0
R21-00648,33970000,150000
R21-00649,44150000,150000
R21-00650,4090000,0
R21-00651,95490000,300000
R21-00652,84070000,300000
R21-00653,23720000,60000
R21-00654,61190000,150000
R21-00655,101990000,300000
R21-00656,53400000,150000
R21-00657,61760000,150000
R21-00658,42460000,150000
R21-00659,23060000,60000
R21-00660,53620000,150000
R21-00661,2890000,0
R21-00662,147390000,600000
R21-00663,7420000,20000
R21-00664,13170000,40000
R21-00665,1350000,0
R21-00666,2610000,0
R21-00667,53410000,150000
R21-00668,103610000,300000
R21-00669,3890000,0
R21-00670,20650000,60000
R21-00671,104710000,300000
R21-00672,22250000,60000
R21-00673,49660000,150000
R21-00674,27430000,60000
R21-00675,30900000,60000
R21-00676,53470000,150000
R21-00677,6870000,20000
R21-00678,81440000,300000
R21-00679,62960000,150000
R21-00680,35360000,150000
R21-00681,102050000,300000
R21-00682,20720000,60000
R21-00683,21200000,60000
R21-00684,1480000,0
R21-00685,72740000,300000
R21-00686,13290000,40000
R21-00687,64360000,150000
R21-00688,63510000,150000
R21-00689,62180000,150000
R21-00690,5970000,20000
R21-00691,10090000,40000
R21-00692,65920000,150000
R21-00693,35980000,150000
R21-00694,17980000,40000
R21-00695,50930000,150000
R21-00696,31920000,60000
R21-00697,35520000,150000
R21-00698,30250000,60000
R21-00699,62460000,150000
R21-00700,11680000,40000
R21-00701,33610000,150000
R21-00702,82020000,300000
R21-00703,15170000,40000
R21-00704,6460000,20000
R21-00705,12520000,40000
R21-00706,61610000,150000
R21-00707,51700000,150000
R21-00708,42940000,150000
R21-00709,47190000,150000
R21-00710,48050000,150000
R21-00711,14450000,40000
R21-00712,32160000,60000
R21-00713,87430000,300000
R21-00714,14060000,40000
R21-00715,2970000,0
R21-00716,4640000,0
R21-00717,14490000,40000
R21-00718,3560000,0
R21-00719,42410000,150000
R21-00720,27340000,60000
R21-00721,2560000,0
R21-00722,11860000,40000
R21-00723,136640000,600000
R21-00724,3250000,0
R21-00725,43810000,150000
R21-00726,51210000,150000
R21-00727,4770000,0
R21-00728,65580000,150000
R21-00729,64430000,150000
R21-00730,24950000,60000
R21-00731,62590000,150000
R21-00732,4020000,0
R21-00733,35000000,150000
R21-00734,26210000,60000
R21-00735,1930000,0
R21-00736,62640000,150000
R21-00737,25250000,60000
R21-00738,95260000,300000
R21-00739,61370000,150000
R21-00740,1520000,0
R21-00741,53980000,150000
R21-00742,5250000,20000
R21-00743,71510000,300000
R21-00744,81090000,300000
R21-00745,65120000,150000
R21-00746,71600000,300000
R21-00747,104560000,300000
R21-00748,35230000,150000
R21-00749,32550000,60000
R21-00750,34590000,150000
R21-00751,27010000,60000
R21-00752,42320000,150000
R21-00753,125840000,300000
R21-00754,51700000,150000
R21-00755,123970000,300000
R21-00756,33030000,60000
R21-00757,62010000,150000
R21-00758,31070000,60000
R21-00759,52960000,150000
R21-00760,76590000,300000
R21-00761,33400000,150000
R21-00762,41990000,150000
R21-00763,33800000,150000
R21-00764,77220000,300000
R21-00765,24590000,60000
R21-00766,41690000,150000
R21-00767,124820000,300000
R21-00768,35410000,150000
R21-00769,41320000,150000
R21-00770,22180000,60000
R21-00771,31780000,60000
R21-00772,14560000,40000
R21-00773,15310000,40000
R21-00774,21670000,60000
R21-00775,24650000,60000
R21-00776,13010000,40000
R21-00777,6810000,20000
R21-00778,18830000,40000
R21-00779,74880000,300000
R21-00780,12080000,40000
R21-00781,71170000,300000
R21-00782,88770000,300000
R21-00783,5560000,20000
R21-00784,31440000,60000
R21-00785,53570000,150000
R21-00786,53290000,150000
R21-00787,54210000,150000
R21-00788,65740000,150000
R21-00789,44710000,150000
R21-00790,53490000,150000
R21-00791,47090000,150000
R21-00792,46550000,150000
R21-00793,37470000,150000
R21-00794,110660000,300000
R21-00795,2160000,0
R21-00796,71590000,300000
R21-00797,17790000,40000
R21-00798,3050000,0
R21-00799,1140000,0
R21-00800,155160000,600000
R21-00801,1930000,0
R21-00802,6870000,20000
R21-00803,32610000,60000
R21-00804,27640000,60000
R21-00805,23640000,60000
R21-00806,76770000,300000
R21-00807,99140000,300000
R21-00808,8500000,20000
R21-00809,63220000,150000
R21-00810,31290000,60000
R21-00811,46550000,150000
R21-00812,101910000,300000
R21-00813,111630000,300000
R21-00814,17960000,40000
R21-00815,3750000,0
R21-00816,16180000,40000
R21-00817,10930000,40000
R21-00818,61900000,150000
R21-00819,72960000,300000
R21-00820,63590000,150000
R21-00821,93120000,300000
R21-00822,2100000,0
R21-00823,56110000,150000
R21-00824,26240000,60000
R21-00825,62030000,150000
R21-00826,26600000,60000
R21-00827,27460000,60000
R21-00828,13820000,40000
R21-00829,96780000,300000
R21-00830,2710000,0
R21-00831,23240000,60000
R21-00832,22360000,60000
R21-00833,74420000,300000
R21-00834,63060000,150000
R21-00835,96200000,300000
R21-00836,6630000,20000
R21-00837,61530000,150000
R21-00838,1350000,0
R21-00839,21790000,60000
R21-00840,105330000,300000
R21-00841,90980000,300000
R21-00842,41320000,150000
R21-00843,72870000,300000
R21-00844,104430000,300000
R21-00845,59010000,150000
R21-00846,103810000,300000
R21-00847,92270000,300000
R21-00848,72640000,300000
R21-00849,25280000,60000
R21-00850,1780000,0
R21-00851,47560000,150000
R21-00852,26230000,60000
R21-00853,14020000,40000
R21-00854,112410000,300000
R21-00855,13270000,40000
R21-00856,41520000,150000
R21-00857,27410000,60000
R21-00858,1510000,0
R21-00859,236680000,1000000
R21-00860,84990000,300000
R21-00861,90940000,300000
R21-00862,45230000,150000
R21-00863,110650000,300000
R21-00864,33260000,60000
R21-00865,23860000,60000
R21-00866,4230000,0
R21-00867,7200000,20000
R21-00868,93710000,300000
R21-00869,56640000,150000
R21-00870,76710000,300000
R21-00871,27360000,60000
R21-00872,22610000,60000
R21-00873,33970000,150000
R21-00874,84940000,300000
R21-00875,24430000,60000
R21-00876,23440000,60000
R21-00877,13140000,40000
R21-00878,125510000,300000
R21-00879,1220000,0
R21-00880,23990000,60000
R21-00881,25500000,60000
R21-00882,62340000,150000
R21-00883,102390000,300000
R21-00884,73540000,300000
R21-00885,14920000,40000
R21-00886,61200000,150000
R21-00887,83980000,300000
R21-00888,92290000,300000
R21-00889,106420000,300000
R21-00890,60040000,150000
R21-00891,114210000,300000
R21-00892,45610000,150000
R21-00893,85280000,300000
R21-00894,84310000,300000
R21-00895,73840000,300000
R21-00896,1980000,0
R21-00897,30470000,60000
R21-00898,33390000,150000
R21-00899,14890000,40000
R21-00900,63780000,150000
R21-00901,1570000,0
R21-00902,101670000,300000
R21-00903,56440000,150000
R21-00904,31750000,60000
R21-00905,22680000,60000
R21-00906,2020000,0
R21-00907,34040000,150000
R21-00908,4950000,0
R21-00909,4320000,0
R21-00910,6710000,20000
R21-00911,36480000,150000
R21-00912,25060000,60000
R21-00913,3930000,0
R21-00914,40670000,150000
R21-00915,23850000,60000
R21-00916,52540000,150000
R21-00917,8420000,20000
R21-00918,4270000,0
R21-00919,1790000,0
R21-00920,32300000,60000
R21-00921,81540000,300000
R21-00922,41800000,150000
R21-00923,41500000,150000
R21-00924,21290000,60000
R21-00925,3950000,0
R21-00926,14620000,40000
R21-00927,63020000,150000
R21-00928,14730000,40000
R21-00929,101440000,300000
R21-00930,64770000,150000
R21-00931,63540000,150000
R21-00932,25790000,60000
R21-00933,52930000,150000
R21-00934,13990000,40000
R21-00935,33490000,150000
R21-00936,2690000,0
R21-00937,122530000,300000
R21-00938,31930000,60000
R21-00939,82750000,300000
R21-00940,42160000,150000
R21-00941,74750000,300000
R21-00942,101630000,300000
R21-00943,42180000,150000
R21-00944,41720000,150000
R21-00945,11850000,40000
R21-00946,1690000,0
R21-00947,35980000,150000
R21-00948,48450000,150000
R21-00949,102970000,300000
R21-00950,21800000,60000
R21-00951,71330000,300000
R21-00952,97300000,300000
R21-00953,83040000,300000
R21-00954,93630000,300000
R21-00955,4730000,0
R21-00956,40520000,150000
R21-00957,14700000,40000
R21-00958,17250000,40000
R21-00959,17770000,40000
R21-00960,21590000,60000
R21-00961,43750000,150000
R21-00962,35360000,150000
R21-00963,110780000,300000
R21-00964,102700000,300000
R21-00965,32700000,60000
R21-00966,64780000,150000
R21-00967,21560000,60000
R21-00968,1100000,0
R21-00969,67080000,300000
R21-00970,75330000,300000
R21-00971,22710000,60000
R21-00972,43280000,150000
R21-00973,11710000,40000
R21-00974,53370000,150000
R21-00975,62170000,150000
R21-00976,33770000,150000
R21-00977,61390000,150000
R21-00978,94520000,300000
R21-00979,52810000,150000
R21-00980,7870000,20000
R21-00981,24920000,60000
R21-00982,136240000,600000
R21-00983,960000,0
R21-00984,11400000,40000
R21-00985,60260000,150000
R21-00986,45110000,150000
R21-00987,1790000,0
R21-00988,50580000,150000
R21-00989,91170000,300000
R21-00990,76890000,300000
R21-00991,11700000,40000
R21-00992,73040000,300000
R21-00993,18710000,40000
R21-00994,52920000,150000
R21-00995,91240000,300000
R21-00996,37470000,150000
R21-00997,21780000,60000
R21-00998,6580000,20000
R21-00999,64170000,150000
R21-01000,5610000,20000
R21-01001,41200000,150000
R21-01002,50870000,150000
R21-01003,5410000,20000
R21-01004,23020000,60000
R21-01005,6180000,20000
R21-01006,6610000,20000
R21-01007,12250000,40000
R21-01008,13030000,40000
R21-01009,92950000,300000
R21-01010,58210000,150000
R21-01011,2440000,0
R21-01012,25880000,60000
R21-01013,34010000,150000
R21-01014,73590000,300000
R21-01015,21940000,60000
R21-01016,15300000,40000
R21-01017,22590000,60000
R21-01018,22320000,60000
R21-01019,56550000,150000
R21-01020,13640000,40000
R21-01021,53190000,150000
R21-01022,45340000,150000
R21-01023,12800000,40000
R21-01024,27150000,60000
R21-01025,46280000,150000
R21-01026,13640000,40000
R21-01027,118390000,300000
R21-01028,7440000,20000
R21-01029,103690000,300000
R21-01030,33030000,60000
R21-01031,92830000,300000
R21-01032,23940000,60000
R21-01033,81280000,300000
R21-01034,1240000,0
R21-01035,75880000,300000
R21-01036,102260000,300000
R21-01037,72160000,300000
R21-01038,62840000,150000
R21-01039,104890000,300000
R21-01040,65330000,150000
R21-01041,3620000,0
R21-01042,121340000,300000
R21-01043,31940000,60000
R21-01044,16240000,40000
R21-01045,7100000,20000
R21-01046,21920000,60000
R21-01047,1370000,0
R21-01048,52490000,150000
R21-01049,2760000,0
R21-01050,14330000,40000
R21-01051,97860000,300000
R21-01052,62770000,150000
R21-01053,76640000,300000
R21-01054,74030000,300000
R21-01055,38220000,150000
R21-01056,41640000,150000
R21-01057,20760000,60000
R21-01058,12100000,40000
R21-01059,28180000,60000
R21-01060,72600000,300000
R21-01061,32290000,60000
R21-01062,36650000,150000
R21-01063,36080000,150000
R21-01064,7640000,20000
R21-01065,2280000,0
R21-01066,11940000,40000
R21-01067,5060000,20000
R21-01068,82300000,300000
R21-01069,16050000,40000
R21-01070,42010000,150000
R21-01071,31750000,60000
R21-01072,52090000,150000
R21-01073,104090000,300000
R21-01074,23730000,60000
R21-01075,4160000,0
R21-01076,13410000,40000
R21-01077,55400000,150000
R21-01078,25800000,60000
R21-01079,23850000,60000
R21-01080,62710000,150000
R21-01081,43420000,150000
R21-01082,86740000,300000
R21-01083,41060000,150000
R21-01084,32860000,60000
R21-01085,16690000,40000
R21-01086,52630000,150000
R21-01087,74420000,300000
R21-01088,42310000,150000
R21-01089,58810000,150000
R21-01090,96020000,300000
R21-01091,20590000,60000
R21-01092,57380000,150000
R21-01093,92120000,300000
R21-01094,91580000,300000
R21-01095,24480000,60000
R21-01096,39630000,150000
R21-01097,3420000,0
R21-01098,18530000,40000
R21-01099,33970000,150000
R21-01100,46050000,150000
R21-01101,36110000,150000
R21-01102,63080000,150000
R21-01103,21930000,60000
R21-01104,4580000,0
R21-01105,57980000,150000
R21-01106,54700000,150000
R21-01107,124540000,300000
R21-01108,14970000,40000
R21-01109,2890000,0
R21-01110,94780000,300000
R21-01111,1990000,0
R21-01112,5740000,20000
R21-01113,1380000,0
R21-01114,93620000,300000
R21-01115,77380000,300000
R21-01116,72810000,300000
R21-01117,2940000,0
R21-01118,52820000,150000
R21-01119,44300000,150000
R21-01120,93190000,300000
R21-01121,32540000,60000
R21-01122,4140000,0
R21-01123,44410000,150000
R21-01124,63610000,150000
R21-01125,2050000,0
R21-01126,175280000,600000
R21-01127,20290000,60000
R21-01128,4820000,0
R21-01129,26280000,60000
R21-01130,20610000,60000
R21-01131,52440000,150000
R21-01132,103960000,300000
R21-01133,101960000,300000
R21-01134,36030000,150000
R21-01135,23380000,60000
R21-01136,132940000,300000
R21-01137,3580000,0
R21-01138,32060000,60000
R21-01139,21940000,60000
R21-01140,12590000,40000
R21-01141,1390000,0
R21-01142,72600000,300000
R21-01143,30860000,60000
R21-01144,92950000,300000
R21-01145,131920000,300000
R21-01146,54790000,150000
R21-01147,5920000,20000
R21-01148,43570000,150000
R21-01149,43630000,150000
R21-01150,62330000,150000
R21-01151,33380000,150000
R21-01152,4730000,0
R21-01153,55470000,150000
R21-01154,52450000,150000
R21-01155,13170000,40000
R21-01156,15080000,40000
R21-01157,71150000,300000
R21-01158,97530000,300000
R21-01159,124860000,300000
R21-01160,14140000,40000
R21-01161,36040000,150000
R21-01162,34910000,150000
R21-01163,53880000,150000
R21-01164,50600000,150000
R21-01165,33060000,60000
R21-01166,33720000,150000
R21-01167,52490000,150000
R21-01168,62550000,150000
R21-01169,79510000,300000
R21-01170,124240000,300000
R21-01171,37040000,150000
R21-01172,25010000,60000
R21-01173,62310000,150000
R21-01174,16720000,40000
R21-01175,43340000,150000
R21-01176,36070000,150000
R21-01177,82860000,300000
R21-01178,2400000,0
R21-01179,85860000,300000
R21-01180,2290000,0
R21-01181,73040000,300000
R21-01182,35910000,150000
R21-01183,224240000,1000000
R21-01184,65870000,150000
R21-01185,22180000,60000
R21-01186,16560000,40000
R21-01187,42770000,150000
R21-01188,116740000,300000
R21-01189,22490000,60000
R21-01190,13090000,40000
R21-01191,7610000,20000
R21-01192,2680000,0
R21-01193,63830000,150000
R21-01194,104780000,300000
R21-01195,63440000,150000
R21-01196,54380000,150000
R21-01197,42220000,150000
R21-01198,67470000,300000
R21-01199,6050000,20000
R21-01200,21940000,60000
R21-01201,5570000,20000
R21-01202,43450000,150000
R21-01203,32060000,60000
R21-01204,72350000,300000
R21-01205,73230000,300000
R21-01206,43020000,150000
R21-01207,55850000,150000
R21-01208,62170000,150000
R21-01209,53100000,150000
R21-01210,111670000,300000
R21-01211,54240000,150000
R21-01212,63220000,150000
R21-01213,1410000,0
R21-01214,7990000,20000
R21-01215,43160000,150000
R21-01216,24860000,60000
R21-01217,23180000,60000
R21-01218,17010000,40000
R21-01219,14720000,40000
R21-01220,30600000,60000
R21-01221,53360000,150000
R21-01222,16160000,40000
R21-01223,92270000,300000
R21-01224,53580000,150000
R21-01225,43880000,150000
R21-01226,6090000,20000
R21-01227,27830000,60000
R21-01228,82350000,300000
R21-01229,82480000,300000
R21-01230,74350000,300000
R21-01231,13110000,40000
R21-01232,46810000,150000
R21-01233,52420000,150000
R21-01234,63660000,150000
R21-01235,24870000,60000
R21-01236,45140000,150000
R21-01237,84080000,300000
R21-01238,11080000,40000
R21-01239,47910000,150000
R21-01240,16100000,40000
R21-01241,24410000,60000
R21-01242,86020000,300000
R21-01243,23070000,60000
R21-01244,6610000,20000
R21-01245,3110000,0
R21-01246,1260000,0
R21-01247,21530000,60000
R21-01248,2900000,0
R21-01249,4130000,0
R21-01250,64760000,150000
R21-01251,42340000,150000
R21-01252,77470000,300000
R21-01253,11740000,40000
R21-01254,85460000,300000
R21-01255,41600000,150000
R21-01256,97370000,300000
R21-01257,91020000,300000
R21-01258,46010000,150000
R21-01259,36260000,150000
R21-01260,54350000,150000
R21-01261,1290000,0
R21-01262,7520000,20000
R21-01263,34190000,150000
R21-01264,31700000,60000
R21-01265,47970000,150000
R21-01266,52780000,150000
R21-01267,12460000,40000
R21-01268,13680000,40000
R21-01269,41310000,150000
R21-01270,23930000,60000
R21-01271,37610000,150000
R21-01272,53440000,150000
R21-01273,93070000,300000
R21-01274,54560000,150000
R21-01275,104050000,300000
R21-01276,3040000,0
R21-01277,24070000,60000
R21-01278,17920000,40000
R21-01279,52290000,150000
R21-01280,54850000,150000
R21-01281,38140000,150000
R21-01282,81970000,300000
R21-01283,26410000,60000
R21-01284,32570000,60000
R21-01285,4650000,0
R21-01286,102580000,300000
R21-01287,54120000,150000
R21-01288,57310000,150000
R21-01289,12660000,40000
R21-01290,84400000,300000
R21-01291,45200000,150000
R21-01292,3570000,0
R21-01293,6270000,20000
R21-01294,41190000,150000
R21-01295,55540000,150000
R21-01296,73580000,300000
R21-01297,31500000,60000
R21-01298,22370000,60000
R21-01299,94630000,300000
R21-01300,32500000,60000
R21-01301,31090000,60000
R21-01302,6880000,20000
R21-01303,20830000,60000
R21-01304,33300000,60000
R21-01305,3430000,0
R21-01306,19450000,40000
R21-01307,53460000,150000
R21-01308,92040000,300000
R21-01309,31270000,60000
R21-01310,21520000,60000
R21-01311,3870000,0
R21-01312,11550000,40000
R21-01313,104440000,300000
R21-01314,123980000,300000
R21-01315,62390000,150000
R21-01316,46070000,150000
R21-01317,64270000,150000
R21-01318,94240000,300000
R21-01319,41450000,150000
R21-01320,54420000,150000
R21-01321,107430000,300000
R21-01322,104540000,300000
R21-01323,60520000,150000
R21-01324,103210000,300000
R21-01325,112810000,300000
R21-01326,45850000,150000
R21-01327,55320000,150000
R21-01328,100940000,300000
R21-01329,74870000,300000
R21-01330,27300000,60000
R21-01331,66080000,150000
R21-01332,55270000,150000
R21-01333,42650000,150000
R21-01334,11170000,40000
R21-01335,53660000,150000
R21-01336,82320000,300000
R21-01337,41090000,150000
R21-01338,37210000,150000
R21-01339,10570000,40000
R21-01340,13860000,40000
R21-01341,24840000,60000
R21-01342,1890000,0
R21-01343,25090000,60000
R21-01344,1540000,0
R21-01345,61330000,150000
R21-01346,1820000,0
R21-01347,24060000,60000
R21-01348,40360000,150000
R21-01349,75410000,300000
R21-01350,22110000,60000
R21-01351,42090000,150000
R21-01352,13130000,40000
R21-01353,1180000,0
R21-01354,38280000,150000
R21-01355,44800000,150000
R21-01356,91790000,300000
R21-01357,32980000,60000
R21-01358,32410000,60000
R21-01359,71600000,300000
R21-01360,580000,0
R21-01361,43030000,150000
R21-01362,24290000,60000
R21-01363,52000000,150000
R21-01364,560000,0
R21-01365,113880000,300000
R21-01366,2440000,0
R21-01367,26030000,60000
R21-01368,75930000,300000
R21-01369,7830000,20000
R21-01370,89410000,300000
R21-01371,22940000,60000
R21-01372,78560000,300000
R21-01373,93850000,300000
R21-01374,111840000,300000
R21-01375,62550000,150000
R21-01376,35620000,150000
R21-01377,20960000,60000
R21-01378,36530000,150000
R21-01379,43430000,150000
R21-01380,5230000,20000
R21-01381,32000000,60000
R21-01382,42220000,150000
R21-01383,31060000,60000
R21-01384,25330000,60000
R21-01385,63650000,150000
R21-01386,14760000,40000
R21-01387,22040000,60000
R21-01388,11400000,40000
R21-01389,21900000,60000
R21-01390,25310000,60000
R21-01391,71660000,300000
R21-01392,3720000,0
R21-01393,65440000,150000
R21-01394,31110000,60000
R21-01395,35590000,150000
R21-01396,7110000,20000
R21-01397,12500000,40000
R21-01398,25450000,60000
R21-01399,58230000,150000
R21-01400,84200000,300000
R21-01401,2470000,0
R21-01402,21650000,60000
R21-01403,76910000,300000
R21-01404,62310000,150000
R21-01405,82970000,300000
R21-01406,82170000,300000
R21-01407,65580000,150000
R21-01408,61170000,150000
R21-01409,24220000,60000
R21-01410,52130000,150000
R21-01411,23390000,60000
R21-01412,85180000,300000
R21-01413,1090000,0
R21-01414,4780000,0
R21-01415,33840000,150000
R21-01416,67020000,300000
R21-01417,26100000,60000
R21-01418,56310000,150000
R21-01419,44610000,150000
R21-01420,151400000,600000
R21-01421,61840000,150000
R21-01422,11430000,40000
R21-01423,62360000,150000
R21-01424,28720000,60000
R21-01425,63050000,150000
R21-01426,41050000,150000
R21-01427,86990000,300000
R21-01428,47240000,150000
R21-01429,17230000,40000
R21-01430,55130000,150000
R21-01431,43610000,150000
R21-01432,64420000,150000
R21-01433,45680000,150000
R21-01434,99350000,300000
R21-01435,97840000,300000
R21-01436,6830000,20000
R21-01437,63150000,150000
R21-01438,13550000,40000
R21-01439,3990000,0
R21-01440,45150000,150000
R21-01441,23360000,60000
R21-01442,12870000,40000
R21-01443,20630000,60000
R21-01444,112740000,300000
R21-01445,96210000,300000
R21-01446,49600000,150000
R21-01447,26710000,60000
R21-01448,32530000,60000
R21-01449,57010000,150000
R21-01450,42800000,150000
R21-01451,17310000,40000
R21-01452,11780000,40000
R21-01453,81930000,300000
R21-01454,131910000,300000
R21-01455,71570000,300000
R21-01456,13810000,40000
R21-01457,41890000,150000
R21-01458,44360000,150000
R21-01459,31480000,60000
R21-01460,22090000,60000
R21-01461,54230000,150000
R21-01462,28890000,60000
R21-01463,76860000,300000
R21-01464,43420000,150000
R21-01465,51140000,150000
R21-01466,5110000,20000
R21-01467,74960000,300000
R21-01468,63670000,150000
R21-01469,6720000,20000
R21-01470,103250000,300000
R21-01471,68010000,300000
R21-01472,41230000,150000
R21-01473,73920000,300000
R21-01474,10830000,40000
R21-01475,51870000,150000
R21-01476,73970000,300000
R21-01477,42710000,150000
R21-01478,74620000,300000
R21-01479,11200000,40000
R21-01480,43900000,150000
R21-01481,5630000,20000
R21-01482,76960000,300000
R21-01483,26160000,60000
R21-01484,22410000,60000
R21-01485,14560000,40000
R21-01486,21760000,60000
R21-01487,23500000,60000
R21-01488,51820000,150000
R21-01489,108690000,300000
R21-01490,42610000,150000
R21-01491,71940000,300000
R21-01492,2270000,0
R21-01493,101930000,300000
R21-01494,24770000,60000
R21-01495,23720000,60000
R21-01496,35580000,150000
R21-01497,12830000,40000
R21-01498,91210000,300000
R21-01499,610000,0
R21-01500,85060000,300000
R21-01501,82260000,300000
R21-01502,51880000,150000
R21-01503,53370000,150000
R21-01504,27550000,60000
R21-01505,55890000,150000
R21-01506,42280000,150000
R21-01507,21140000,60000
R21-01508,54360000,150000
R21-01509,32090000,60000
R21-01510,147470000,600000
R21-01511,40470000,150000
R21-01512,22330000,60000
R21-01513,37480000,150000
R21-01514,36950000,150000
R21-01515,44420000,150000
R21-01516,11450000,40000
R21-01517,51890000,150000
R21-01518,65090000,150000
R21-01519,17070000,40000
R21-01520,4530000,0
R21-01521,3380000,0
R21-01522,12190000,40000
R21-01523,63150000,150000
R21-01524,56450000,150000
R21-01525,43610000,150000
R21-01526,4400000,0
R21-01527,32500000,60000
R21-01528,14740000,40000
R21-01529,14460000,40000
R21-01530,84200000,300000
R21-01531,56390000,150000
R21-01532,112380000,300000
R21-01533,45590000,150000
R21-01534,9470000,20000
R21-01535,54660000,150000
R21-01536,3090000,0
R21-01537,42610000,150000
R21-01538,103350000,300000
R21-01539,44650000,150000
R21-01540,37740000,150000
R21-01541,16180000,40000
R21-01542,72000000,300000
R21-01543,95550000,300000
R21-01544,63930000,150000
R21-01545,86860000,300000
R21-01546,23480000,60000
R21-01547,25330000,60000
R21-01548,4180000,0
R21-01549,21950000,60000
R21-01550,30600000,60000
R21-01551,94510000,300000
R21-01552,4440000,0
R21-01553,13710000,40000
R21-01554,12160000,40000
R21-01555,95710000,300000
R21-01556,28130000,60000
R21-01557,95260000,300000
R21-01558,64640000,150000
R21-01559,53920000,150000
R21-01560,73930000,300000
R21-01561,91100000,300000
R21-01562,9030000,20000
R21-01563,32150000,60000
R21-01564,32380000,60000
R21-01565,52090000,150000
R21-01566,156560000,600000
R21-01567,103450000,300000
R21-01568,1620000,0
R21-01569,93240000,300000
R21-01570,54590000,150000
R21-01571,16590000,40000
R21-01572,55820000,150000
R21-01573,74970000,300000
R21-01574,72570000,300000
R21-01575,83270000,300000
R21-01576,28730000,60000
R21-01577,42470000,150000
R21-01578,78090000,300000
R21-01579,22070000,60000
R21-01580,73720000,300000
R21-01581,3560000,0
R21-01582,42930000,150000
R21-01583,45500000,150000
R21-01584,11900000,40000
R21-01585,5320000,20000
R21-01586,24640000,60000
R21-01587,11970000,40000
R21-01588,84400000,300000
R21-01589,42190000,150000
R21-01590,91680000,300000
R21-01591,90560000,300000
R21-01592,91650000,300000
R21-01593,117520000,300000
R21-01594,4130000,0
R21-01595,60910000,150000
R21-01596,60600000,150000
R21-01597,62010000,150000
R21-01598,77630000,300000
R21-01599,30760000,60000
R21-01600,40960000,150000
R21-01601,96750000,300000
R21-01602,70920000,300000
R21-01603,35550000,150000
R21-01604,63010000,150000
R21-01605,56980000,150000
R21-01606,25770000,60000
R21-01607,12820000,40000
R21-01608,21380000,60000
R21-01609,229150000,1000000
R21-01610,112470000,300000
R21-01611,3910000,0
R21-01612,42530000,150000
R21-01613,114490000,300000
R21-01614,34590000,150000
R21-01615,80410000,300000
R21-01616,16150000,40000
R21-01617,26700000,60000
R21-01618,12010000,40000
R21-01619,46650000,150000
R21-01620,21830000,60000
R21-01621,41500000,150000
R21-01622,94710000,300000
R21-01623,26560000,60000
R21-01624,42920000,150000
R21-01625,37650000,150000
R21-01626,78500000,300000
R21-01627,67100000,300000
R21-01628,6910000,20000
R21-01629,99450000,300000
R21-01630,11220000,40000
R21-01631,40710000,150000
R21-01632,74920000,300000
R21-01633,86050000,300000
R21-01634,81610000,300000
R21-01635,34550000,150000
R21-01636,54120000,150000
R21-01637,840000,0
R21-01638,34260000,150000
R21-01639,24510000,60000
R21-01640,4330000,0
R21-01641,11220000,40000
R21-01642,27390000,60000
R21-01643,16570000,40000
R21-01644,35960000,150000
R21-01645,123490000,300000
R21-01646,117110000,300000
R21-01647,5420000,20000
R21-01648,46360000,150000
R21-01649,65970000,150000
R21-01650,31070000,60000
R21-01651,22490000,60000
R21-01652,18380000,40000
R21-01653,115120000,300000
R21-01654,52070000,150000
R21-01655,23020000,60000
R21-01656,55190000,150000
R21-01657,2740000,0
R21-01658,74470000,300000
R21-01659,24770000,60000
R21-01660,56910000,150000
R21-01661,33310000,60000
R21-01662,97470000,300000
R21-01663,26280000,60000
R21-01664,22170000,60000
R21-01665,226160000,1000000
R21-01666,72210000,300000
R21-01667,22240000,60000
R21-01668,41050000,150000
R21-01669,21930000,60000
R21-01670,34580000,150000
R21-01671,13780000,40000
R21-01672,49320000,150000
R21-01673,48520000,150000
R21-01674,3580000,0
R21-01675,45950000,150000
R21-01676,26040000,60000
R21-01677,46470000,150000
R21-01678,55110000,150000
R21-01679,44570000,150000
R21-01680,24400000,60000
R21-01681,22140000,60000
R21-01682,12960000,40000
R21-01683,37650000,150000
R21-01684,112530000,300000
R21-01685,56120000,150000
R21-01686,51540000,150000
R21-01687,117700000,300000
R21-01688,51860000,150000
R21-01689,11330000,40000
R21-01690,1510000,0
R21-01691,24840000,60000
R21-01692,37920000,150000
R21-01693,47920000,150000
R21-01694,45040000,150000
R21-01695,54200000,150000
R21-01696,45820000,150000
R21-01697,3550000,0
R21-01698,4560000,0
R21-01699,20410000,60000
R21-01700,74460000,300000
R21-01701,66760000,300000
R21-01702,27650000,60000
R21-01703,84240000,300000
R21-01704,31790000,60000
R21-01705,54920000,150000
R21-01706,72150000,300000
R21-01707,133690000,600000
R21-01708,6800000,20000
R21-01709,103340000,300000
R21-01710,122310000,300000
R21-01711,6310000,20000
R21-01712,91460000,300000
R21-01713,84010000,300000
R21-01714,23230000,60000
R21-01715,21740000,60000
R21-01716,34810000,150000
R21-01717,24260000,60000
R21-01718,63330000,150000
R21-01719,22430000,60000
R21-01720,43650000,150000
R21-01721,14290000,40000
R21-01722,57170000,150000
R21-01723,50940000,150000
R21-01724,11600000,40000
R21-01725,61530000,150000
R21-01726,32530000,60000
R21-01727,3370000,0
R21-01728,33650000,150000
R21-01729,86480000,300000
R21-01730,74830000,300000
R21-01731,121060000,300000
R21-01732,84920000,300000
R21-01733,108180000,300000
R21-01734,2540000,0
R21-01735,1350000,0
R21-01736,12080000,40000
R21-01737,56530000,150000
R21-01738,52460000,150000
R21-01739,66280000,150000
R21-01740,33440000,150000
R21-01741,32740000,60000
R21-01742,73200000,300000
R21-01743,91970000,300000
R21-01744,19260000,40000
R21-01745,61770000,150000
R21-01746,62120000,150000
R21-01747,11530000,40000
R21-01748,24030000,60000
R21-01749,11750000,40000
R21-01750,70870000,300000
R21-01751,92010000,300000
R21-01752,84910000,300000
R21-01753,2190000,0
R21-01754,117320000,300000
R21-01755,5310000,20000
R21-01756,61220000,150000
R21-01757,3440000,0
R21-01758,2400000,0
R21-01759,24080000,60000
R21-01760,144610000,600000
R21-01761,83510000,300000
R21-01762,112600000,300000
R21-01763,56130000,150000
R21-01764,68940000,300000
R21-01765,62660000,150000
R21-01766,45920000,150000
R21-01767,8140000,20000
R21-01768,2440000,0
R21-01769,33470000,150000
R21-01770,32560000,60000
R21-01771,15520000,40000
R21-01772,4670000,0
R21-01773,15250000,40000
R21-01774,117860000,300000
R21-01775,34990000,150000
R21-01776,20900000,60000
R21-01777,91100000,300000
R21-01778,34950000,150000
R21-01779,18220000,40000
R21-01780,670000,0
R21-01781,66760000,300000
R21-01782,73490000,300000
R21-01783,7040000,20000
R21-01784,20590000,60000
R21-01785,43910000,150000
R21-01786,88520000,300000
R21-01787,40440000,150000
R21-01788,91350000,300000
R21-01789,52600000,150000
R21-01790,40830000,150000
R21-01791,52010000,150000
R21-01792,16180000,40000
R21-01793,20980000,60000
R21-01794,24400000,60000
R21-01795,11970000,40000
R21-01796,780000,0
R21-01797,61090000,150000
R21-01798,3340000,0
R21-01799,55570000,150000
R21-01800,62720000,150000
R21-01801,38910000,150000
R21-01802,56480000,150000
R21-01803,73640000,300000
R21-01804,36960000,150000
R21-01805,74350000,300000
R21-01806,56400000,150000
R21-01807,21860000,60000
R21-01808,71340000,300000
R21-01809,18580000,40000
R21-01810,42120000,150000
R21-01811,32440000,60000
R21-01812,15920000,40000
R21-01813,3450000,0
R21-01814,71470000,300000
R21-01815,4390000,0
R21-01816,11720000,40000
R21-01817,16550000,40000
R21-01818,104440000,300000
R21-01819,15720000,40000
R21-01820,25550000,60000
R21-01821,22440000,60000
R21-01822,7930000,20000
R21-01823,28180000,60000
R21-01824,34650000,150000
R21-01825,42380000,150000
R21-01826,33160000,60000
R21-01827,45610000,150000
R21-01828,61470000,150000
R21-01829,45460000,150000
R21-01830,75480000,300000
R21-01831,26200000,60000
R21-01832,3410000,0
R21-01833,13460000,40000
R21-01834,90360000,300000
R21-01835,1430000,0
R21-01836,35960000,150000
R21-01837,2100000,0
R21-01838,8070000,20000
R21-01839,21940000,60000
R21-01840,45650000,150000
R21-01841,22370000,60000
R21-01842,22300000,60000
R21-01843,2000000,0
R21-01844,58820000,150000
R21-01845,53880000,150000
R21-01846,41570000,150000
R21-01847,74540000,300000
R21-01848,25110000,60000
R21-01849,33770000,150000
R21-01850,29680000,60000
R21-01851,33280000,60000
R21-01852,36070000,150000
R21-01853,43820000,150000
R21-01854,32920000,60000
R21-01855,12390000,40000
R21-01856,22370000,60000
R21-01857,4360000,0
R21-01858,63340000,150000
R21-01859,41320000,150000
R21-01860,54480000,150000
R21-01861,33270000,60000
R21-01862,52950000,150000
R21-01863,32440000,60000
R21-01864,143410000,600000
R21-01865,12340000,40000
R21-01866,95030000,300000
R21-01867,43780000,150000
R21-01868,64160000,150000
R21-01869,13330000,40000
R21-01870,310000,0
R21-01871,15970000,40000
R21-01872,50500000,150000
R21-01873,51620000,150000
R21-01874,26250000,60000
R21-01875,63570000,150000
R21-01876,83970000,300000
R21-01877,23320000,60000
R21-01878,25910000,60000
R21-01879,77880000,300000
R21-01880,23620000,60000
R21-01881,32620000,60000
R21-01882,107850000,300000
R21-01883,4150000,0
R21-01884,35950000,150000
R21-01885,102080000,300000
R21-01886,103290000,300000
R21-01887,92790000,300000
R21-01888,56810000,150000
R21-01889,22260000,60000
R21-01890,33370000,150000
R21-01891,24380000,60000
R21-01892,11430000,40000
R21-01893,73110000,300000
R21-01894,122360000,300000
R21-01895,51200000,150000
R21-01896,34510000,150000
R21-01897,760000,0
R21-01898,11890000,40000
R21-01899,2870000,0
R21-01900,81210000,300000
R21-01901,34750000,150000
R21-01902,3630000,0
R21-01903,79450000,300000
R21-01904,35990000,150000
R21-01905,21550000,60000
R21-01906,84130000,300000
R21-01907,21370000,60000
R21-01908,3700000,0
R21-01909,46980000,150000
R21-01910,15780000,40000
R21-01911,35650000,150000
R21-01912,43940000,150000
R21-01913,36850000,150000
R21-01914,31330000,60000
R21-01915,22960000,60000
R21-01916,33120000,60000
R21-01917,22580000,60000
R21-01918,6860000,20000
R21-01919,15740000,40000
R21-01920,12440000,40000
R21-01921,52410000,150000
R21-01922,84200000,300000
R21-01923,26380000,60000
R21-01924,102620000,300000
R21-01925,42190000,150000
R21-01926,14500000,40000
R21-01927,22560000,60000
R21-01928,64530000,150000
R21-01929,42030000,150000
R21-01930,64440000,150000
R21-01931,13880000,40000
R21-01932,43330000,150000
R21-01933,24650000,60000
R21-01934,2310000,0
R21-01935,22440000,60000
R21-01936,23280000,60000
R21-01937,132290000,300000
R21-01938,111860000,300000
R21-01939,22450000,60000
R21-01940,84600000,300000
R21-01941,23540000,60000
R21-01942,61940000,150000
R21-01943,23040000,60000
R21-01944,22460000,60000
R21-01945,22600000,60000
R21-01946,71210000,300000
R21-01947,25310000,60000
R21-01948,15270000,40000
R21-01949,23140000,60000
R21-01950,17590000,40000
R21-01951,31800000,60000
R21-01952,36530000,150000
R21-01953,42360000,150000
R21-01954,3000000,0
R21-01955,82130000,300000
R21-01956,36200000,150000
R21-01957,12120000,40000
R21-01958,42550000,150000
R21-01959,87820000,300000
R21-01960,6460000,20000
R21-01961,42830000,150000
R21-01962,4230000,0
R21-01963,124780000,300000
R21-01964,52270000,150000
R21-01965,85030000,300000
R21-01966,54690000,150000
R21-01967,41680000,150000
R21-01968,10440000,40000
R21-01969,15890000,40000
R21-01970,32850000,60000
R21-01971,33540000,150000
R21-01972,62720000,150000
R21-01973,16040000,40000
R21-01974,34340000,150000
R21-01975,174730000,600000
R21-01976,33750000,150000
R21-01977,142590000,600000
R21-01978,65330000,150000
R21-01979,30890000,60000
R21-01980,7990000,20000
R21-01981,6050000,20000
R21-01982,28960000,60000
R21-01983,2970000,0
R21-01984,5170000,20000
R21-01985,33070000,60000
R21-01986,22810000,60000
R21-01987,34440000,150000
R21-01988,34760000,150000
R21-01989,33180000,60000
R21-01990,15600000,40000
R21-01991,1280000,0
R21-01992,21080000,60000
R21-01993,24210000,60000
R21-01994,35130000,150000
R21-01995,47940000,150000
R21-01996,74410000,300000
R21-01997,50360000,150000
R21-01998,10680000,40000
R21-01999,62810000,150000
R21-02000,43700000,150000
R21-02001,180000,0
R21-02002,31290000,60000
R21-02003,36610000,150000
R21-02004,23680000,60000
R21-02005,11330000,40000
R21-02006,12900000,40000
R21-02007,44510000,150000
R21-02008,23550000,60000
R21-02009,37910000,150000
R21-02010,104100000,300000
R21-02011,31440000,60000
R21-02012,71520000,300000
R21-02013,12690000,40000
R21-02014,16720000,40000
R21-02015,91970000,300000
R21-02016,31240000,60000
R21-02017,20910000,60000
R21-02018,48630000,150000
R21-02019,21930000,60000
R21-02020,71160000,300000
R21-02021,56160000,150000
R21-02022,60710000,150000
R21-02023,30550000,60000
R21-02024,52760000,150000
R21-02025,35220000,150000
R21-02026,25260000,60000
R21-02027,72870000,300000
R21-02028,24820000,60000
R21-02029,4570000,0
R21-02030,2010000,0
R21-02031,96320000,300000
R21-02032,51840000,150000
R21-02033,58170000,150000
R21-02034,101800000,300000
R21-02035,99930000,300000
R21-02036,74220000,300000
R21-02037,21820000,60000
R21-02038,49030000,150000
R21-02039,60940000,150000
R21-02040,33570000,150000
R21-02041,66710000,300000
R21-02042,5260000,20000
R21-02043,18270000,40000
R21-02044,25260000,60000
R21-02045,25290000,60000
R21-02046,56690000,150000
R21-02047,6300000,20000
R21-02048,24140000,60000
R21-02049,110440000,300000
R21-02050,5330000,20000
R21-02051,51190000,150000
R21-02052,51670000,150000
R21-02053,85410000,300000
R21-02054,33930000,150000
R21-02055,12470000,40000
R21-02056,71100000,300000
R21-02057,72600000,300000
R21-02058,5170000,20000
R21-02059,121230000,300000
R21-02060,1010000,0
R21-02061,24270000,60000
R21-02062,83390000,300000
R21-02063,35090000,150000
R21-02064,22200000,60000
R21-02065,5680000,20000
R21-02066,22660000,60000
R21-02067,27020000,60000
R21-02068,22690000,60000
R21-02069,2450000,0
R21-02070,4960000,0
R21-02071,34860000,150000
R21-02072,62690000,150000
R21-02073,1330000,0
R21-02074,62540000,150000
R21-02075,16060000,40000
R21-02076,41990000,150000
R21-02077,12180000,40000
R21-02078,86970000,300000
R21-02079,71060000,300000
R21-02080,94700000,300000
R21-02081,66760000,300000
R21-02082,52000000,150000
R21-02083,172010000,600000
R21-02084,64020000,150000
R21-02085,86000000,300000
R21-02086,35700000,150000
R21-02087,63240000,150000
R21-02088,42280000,150000
R21-02089,13310000,40000
R21-02090,43770000,150000
R21-02091,72280000,300000
R21-02092,66630000,150000
R21-02093,42880000,150000
R21-02094,52260000,150000
R21-02095,47730000,150000
R21-02096,67000000,300000
R21-02097,42720000,150000
R21-02098,4960000,0
R21-02099,12320000,40000
R21-02100,33670000,150000
R21-02101,93130000,300000
R21-02102,6530000,20000
R21-02103,7440000,20000
R21-02104,3800000,0
R21-02105,66930000,300000
R21-02106,104960000,300000
R21-02107,78130000,300000
R21-02108,14200000,40000
R21-02109,54100000,150000
R21-02110,46620000,150000
R21-02111,2150000,0
R21-02112,33780000,150000
R21-02113,43520000,150000
R21-02114,92060000,300000
R21-02115,11310000,40000
R21-02116,32560000,60000
R21-02117,35010000,150000
R21-02118,36920000,150000
R21-02119,59210000,150000
R21-02120,62210000,150000
R21-02121,22940000,60000
R21-02122,47560000,150000
R21-02123,106680000,300000
R21-02124,51430000,150000
R21-02125,92000000,300000
R21-02126,63160000,150000
R21-02127,19030000,40000
R21-02128,80920000,300000
R21-02129,32410000,60000
R21-02130,54140000,150000
R21-02131,105520000,300000
R21-02132,73840000,300000
R21-02133,4150000,0
R21-02134,44140000,150000
R21-02135,133890000,600000
R21-02136,32840000,60000
R21-02137,45050000,150000
R21-02138,82400000,300000
R21-02139,42710000,150000
R21-02140,31940000,60000
R21-02141,1940000,0
R21-02142,51090000,150000
R21-02143,23270000,60000
R21-02144,4760000,0
R21-02145,13040000,40000
R21-02146,13760000,40000
R21-02147,98770000,300000
R21-02148,53360000,150000
R21-02149,12470000,40000
R21-02150,105230000,300000
R21-02151,12130000,40000
R21-02152,62680000,150000
R21-02153,2440000,0
R21-02154,31750000,60000
R21-02155,12440000,40000
R21-02156,63910000,150000
R21-02157,2180000,0
R21-02158,62710000,150000
R21-02159,125660000,300000
R21-02160,24730000,60000
R21-02161,14760000,40000
R21-02162,11480000,40000
R21-02163,14930000,40000
R21-02164,32790000,60000
R21-02165,70360000,300000
R21-02166,64900000,150000
R21-02167,98460000,300000
R21-02168,73100000,300000
R21-02169,15410000,40000
R21-02170,51490000,150000
R21-02171,53360000,150000
R21-02172,2750000,0
R21-02173,25770000,60000
R21-02174,32710000,60000
R21-02175,72610000,300000
R21-02176,84960000,300000
R21-02177,38160000,150000
R21-02178,41380000,150000
R21-02179,66640000,150000
R21-02180,12290000,40000
R21-02181,36600000,150000
R21-02182,33920000,150000
R21-02183,43350000,150000
R21-02184,58540000,150000
R21-02185,14240000,40000
R21-02186,3020000,0
R21-02187,12140000,40000
R21-02188,52920000,150000
R21-02189,61870000,150000
R21-02190,56440000,150000
R21-02191,24110000,60000
R21-02192,44990000,150000
R21-02193,4210000,0
R21-02194,4870000,0
R21-02195,124560000,300000
R21-02196,3460000,0
R21-02197,92190000,300000
R21-02198,2380000,0
R21-02199,25280000,60000
R21-02200,82980000,300000
R21-02201,20560000,60000
R21-02202,16380000,40000
R21-02203,24010000,60000
R21-02204,920000,0
R21-02205,15440000,40000
R21-02206,43590000,150000
R21-02207,44000000,150000
R21-02208,14080000,40000
R21-02209,11710000,40000
R21-02210,64380000,150000
R21-02211,42500000,150000
R21-02212,26410000,60000
R21-02213,2530000,0
R21-02214,1870000,0
R21-02215,40670000,150000
R21-02216,32780000,60000
R21-02217,81130000,300000
R21-02218,44400000,150000
R21-02219,25480000,60000
R21-02220,56400000,150000
R21-02221,24990000,60000
R21-02222,23470000,60000
R21-02223,13900000,40000
R21-02224,42170000,150000
R21-02225,36720000,150000
R21-02226,36010000,150000
R21-02227,92520000,300000
R21-02228,34230000,150000
R21-02229,28350000,60000
R21-02230,22640000,60000
R21-02231,91580000,300000
R21-02232,11800000,40000
R21-02233,105160000,300000
R21-02234,44920000,150000
R21-02235,71080000,300000
R21-02236,23080000,60000
R21-02237,63340000,150000
R21-02238,73880000,300000
R21-02239,5540000,20000
R21-02240,18850000,40000
R21-02241,68050000,300000
R21-02242,50970000,150000
R21-02243,16600000,40000
R21-02244,32230000,60000
R21-02245,43660000,150000
R21-02246,84390000,300000
R21-02247,43620000,150000
R21-02248,52240000,150000
R21-02249,23180000,60000
R21-02250,113210000,300000
R21-02251,104760000,300000
R21-02252,40740000,150000
R21-02253,106950000,300000
R21-02254,42600000,150000
R21-02255,51510000,150000
R21-02256,55870000,150000
R21-02257,41410000,150000
R21-02258,25400000,60000
R21-02259,25460000,60000
R21-02260,35750000,150000
R21-02261,47980000,150000
R21-02262,35240000,150000
R21-02263,86830000,300000
R21-02264,6420000,20000
R21-02265,33390000,150000
R21-02266,14880000,40000
R21-02267,61750000,150000
R21-02268,102810000,300000
R21-02269,3570000,0
R21-02270,45870000,150000
R21-02271,41170000,150000
R21-02272,63530000,150000
R21-02273,52020000,150000
R21-02274,13380000,40000
R21-02275,43680000,150000
R21-02276,30060000,60000
R21-02277,56660000,150000
R21-02278,410000,0
R21-02279,84100000,300000
R21-02280,12030000,40000
R21-02281,44060000,150000
R21-02282,94490000,300000
R21-02283,25280000,60000
R21-02284,36840000,150000
R21-02285,8720000,20000
R21-02286,49390000,150000
R21-02287,83030000,300000
R21-02288,42340000,150000
R21-02289,100410000,300000
R21-02290,71060000,300000
R21-02291,111990000,300000
R21-02292,13200000,40000
R21-02293,55590000,150000
R21-02294,40420000,150000
R21-02295,35790000,150000
R21-02296,980000,0
R21-02297,72140000,300000
R21-02298,62560000,150000
R21-02299,63250000,150000
R21-02300,108610000,300000
R21-02301,97180000,300000
R21-02302,87190000,300000
R21-02303,16500000,40000
R21-02304,54380000,150000
R21-02305,5800000,20000
R21-02306,12670000,40000
R21-02307,75090000,300000
R21-02308,5260000,20000
R21-02309,84090000,300000
R21-02310,42090000,150000
R21-02311,41250000,150000
R21-02312,51800000,150000
R21-02313,104790000,300000
R21-02314,53440000,150000
R21-02315,41980000,150000
R21-02316,13040000,40000
R21-02317,53540000,150000
R21-02318,87770000,300000
R21-02319,43720000,150000
R21-02320,71660000,300000
R21-02321,80550000,300000
R21-02322,17530000,40000
R21-02323,66380000,150000
R21-02324,3460000,0
R21-02325,44620000,150000
R21-02326,73210000,300000
R21-02327,70060000,300000
R21-02328,17260000,40000
R21-02329,73800000,300000
R21-02330,6750000,20000
R21-02331,4660000,0
R21-02332,106590000,300000
R21-02333,1260000,0
R21-02334,32160000,60000
R21-02335,3170000,0
R21-02336,27410000,60000
R21-02337,25320000,60000
R21-02338,75330000,300000
R21-02339,54190000,150000
R21-02340,71880000,300000
R21-02341,101860000,300000
R21-02342,13060000,40000
R21-02343,56400000,150000
R21-02344,21830000,60000
R21-02345,36650000,150000
R21-02346,25000000,60000
R21-02347,92290000,300000
R21-02348,121230000,300000
R21-02349,65950000,150000
R21-02350,35150000,150000
R21-02351,104230000,300000
R21-02352,17980000,40000
R21-02353,6830000,20000
R21-02354,44220000,150000
R21-02355,27600000,60000
R21-02356,22430000,60000
R21-02357,135350000,600000
R21-02358,62250000,150000
R21-02359,17010000,40000
R21-02360,35730000,150000
R21-02361,72960000,300000
R21-02362,147170000,600000
R21-02363,18800000,40000
R21-02364,92960000,300000
R21-02365,35970000,150000
R21-02366,49240000,150000
R21-02367,3860000,0
R21-02368,84560000,300000
R21-02369,1610000,0
R21-02370,3350000,0
R21-02371,24350000,60000
R21-02372,25240000,60000
R21-02373,133250000,300000
R21-02374,81970000,300000
R21-02375,71610000,300000
R21-02376,83060000,300000
R21-02377,152820000,600000
R21-02378,13590000,40000
R21-02379,27720000,60000
R21-02380,20770000,60000
R21-02381,25390000,60000
R21-02382,32090000,60000
R21-02383,43660000,150000
R21-02384,45510000,150000
R21-02385,13340000,40000
R21-02386,35340000,150000
R21-02387,54340000,150000
R21-02388,21950000,60000
R21-02389,5570000,20000
R21-02390,45430000,150000
R21-02391,64390000,150000
R21-02392,72330000,300000
R21-02393,54640000,150000
R21-02394,55150000,150000
R21-02395,72220000,300000
R21-02396,15010000,40000
R21-02397,18000000,40000
R21-02398,1550000,0
R21-02399,52100000,150000
R21-02400,44310000,150000
R21-02401,58770000,150000
R21-02402,44220000,150000
R21-02403,16290000,40000
R21-02404,15650000,40000
R21-02405,600000,0
R21-02406,65970000,150000
R21-02407,62640000,150000
R21-02408,62070000,150000
R21-02409,91940000,300000
R21-02410,4570000,0
R21-02411,33510000,150000
R21-02412,26590000,60000
R21-02413,12490000,40000
R21-02414,35010000,150000
R21-02415,850000,0
R21-02416,27210000,60000
R21-02417,107170000,300000
R21-02418,35360000,150000
R21-02419,42550000,150000
R21-02420,73510000,300000
R21-02421,14030000,40000
R21-02422,3660000,0
R21-02423,82550000,300000
R21-02424,84390000,300000
R21-02425,20540000,60000
R21-02426,93460000,300000
R21-02427,33430000,150000
R21-02428,22470000,60000
R21-02429,25610000,60000
R21-02430,78360000,300000
R21-02431,44450000,150000
R21-02432,53800000,150000
R21-02433,22920000,60000
R21-02434,92800000,300000
R21-02435,3890000,0
R21-02436,17160000,40000
R21-02437,108010000,300000
R21-02438,15370000,40000
R21-02439,3000000,0
R21-02440,28970000,60000
R21-02441,80830000,300000
R21-02442,102260000,300000
R21-02443,84320000,300000
R21-02444,24280000,60000
R21-02445,13250000,40000
R21-02446,67740000,300000
R21-02447,35630000,150000
R21-02448,111250000,300000
R21-02449,21890000,60000
R21-02450,31540000,60000
R21-02451,42020000,150000
R21-02452,63510000,150000
R21-02453,6760000,20000
R21-02454,62190000,150000
R21-02455,65300000,150000
R21-02456,14390000,40000
R21-02457,77100000,300000
R21-02458,36220000,150000
R21-02459,62620000,150000
R21-02460,67680000,300000
R21-02461,34360000,150000
R21-02462,75800000,300000
R21-02463,25400000,60000
R21-02464,12620000,40000
R21-02465,53060000,150000
R21-02466,12730000,40000
R21-02467,32200000,60000
R21-02468,3650000,0
R21-02469,11780000,40000
R21-02470,45100000,150000
R21-02471,10990000,40000
R21-02472,21740000,60000
R21-02473,42970000,150000
R21-02474,44360000,150000
R21-02475,40930000,150000
R21-02476,12630000,40000
R21-02477,70980000,300000
R21-02478,11670000,40000
R21-02479,14300000,40000
R21-02480,50890000,150000
R21-02481,34140000,150000
R21-02482,84420000,300000
R21-02483,84170000,300000
R21-02484,7530000,20000
R21-02485,88560000,300000
R21-02486,13820000,40000
R21-02487,31810000,60000
R21-02488,4740000,0
R21-02489,2720000,0
R21-02490,6990000,20000
R21-02491,34350000,150000
R21-02492,73310000,300000
R21-02493,22830000,60000
R21-02494,108570000,300000
R21-02495,47190000,150000
R21-02496,54000000,150000
R21-02497,122350000,300000
R21-02498,3420000,0
R21-02499,122110000,300000
R21-02500,57360000,150000
R21-02501,25340000,60000
R21-02502,22320000,60000
R21-02503,10570000,40000
R21-02504,1320000,0
R21-02505,18830000,40000
R21-02506,103960000,300000
R21-02507,35430000,150000
R21-02508,15430000,40000
R21-02509,54710000,150000
R21-02510,74300000,300000
R21-02511,54570000,150000
R21-02512,10360000,40000
R21-02513,870000,0
R21-02514,36600000,150000
R21-02515,3950000,0
R21-02516,21850000,60000
R21-02517,72600000,300000
R21-02518,31270000,60000
R21-02519,25590000,60000
R21-02520,95000000,300000
R21-02521,34180000,150000
R21-02522,53670000,150000
R21-02523,46890000,150000
R21-02524,720000,0
R21-02525,56530000,150000
R21-02526,44230000,150000
R21-02527,34410000,150000
R21-02528,31520000,60000
R21-02529,20800000,60000
R21-02530,15270000,40000
R21-02531,70820000,300000
R21-02532,6200000,20000
R21-02533,4280000,0
R21-02534,1240000,0
R21-02535,63480000,150000
R21-02536,65230000,150000
R21-02537,75280000,300000
R21-02538,14970000,40000
R21-02539,62790000,150000
R21-02540,58030000,150000
R21-02541,32500000,60000
R21-02542,63730000,150000
R21-02543,53530000,150000
R21-02544,8310000,20000
R21-02545,14860000,40000
R21-02546,23620000,60000
R21-02547,81770000,300000
R21-02548,23130000,60000
R21-02549,3400000,0
R21-02550,34340000,150000
R21-02551,44600000,150000
R21-02552,35030000,150000
R21-02553,1600000,0
R21-02554,22780000,60000
R21-02555,55640000,150000
R21-02556,44590000,150000
R21-02557,88050000,300000
R21-02558,26160000,60000
R21-02559,20790000,60000
R21-02560,55550000,150000
R21-02561,11450000,40000
R21-02562,33810000,150000
R21-02563,22670000,60000
R21-02564,4270000,0
R21-02565,124660000,300000
R21-02566,48250000,150000
R21-02567,36890000,150000
R21-02568,68340000,300000
R21-02569,42160000,150000
R21-02570,22470000,60000
R21-02571,78740000,300000
R21-02572,4310000,0
R21-02573,4670000,0
R21-02574,23570000,60000
R21-02575,34050000,150000
R21-02576,5300000,20000
R21-02577,35350000,150000
R21-02578,4090000,0
R21-02579,35030000,150000
R21-02580,97650000,300000
R21-02581,25280000,60000
R21-02582,16210000,40000
R21-02583,15030000,40000
R21-02584,41010000,150000
R21-02585,15510000,40000
R21-02586,56900000,150000
R21-02587,64990000,150000
R21-02588,54050000,150000
R21-02589,22650000,60000
R21-02590,1210000,0
R21-02591,101990000,300000
R21-02592,6630000,20000
R21-02593,57150000,150000
R21-02594,42430000,150000
R21-02595,70550000,300000
R21-02596,19610000,40000
R21-02597,21270000,60000
R21-02598,85680000,300000
R21-02599,34180000,150000
R21-02600,14370000,40000
R21-02601,6220000,20000
R21-02602,105080000,300000
R21-02603,31590000,60000
R21-02604,1990000,0
R21-02605,12440000,40000
R21-02606,41820000,150000
R21-02607,31310000,60000
R21-02608,83200000,300000
R21-02609,63770000,150000
R21-02610,63790000,150000
R21-02611,48310000,150000
R21-02612,47420000,150000
R21-02613,53300000,150000
R21-02614,4730000,0
R21-02615,73780000,300000
R21-02616,52460000,150000
R21-02617,2770000,0
R21-02618,86290000,300000
R21-02619,72270000,300000
R21-02620,2540000,0
R21-02621,114850000,300000
R21-02622,23990000,60000
R21-02623,64110000,150000
R21-02624,41960000,150000
R21-02625,34230000,150000
R21-02626,7860000,20000
R21-02627,1580000,0
R21-02628,57150000,150000
R21-02629,64720000,150000
R21-02630,28220000,60000
R21-02631,21170000,60000
R21-02632,54480000,150000
R21-02633,13220000,40000
R21-02634,26370000,60000
R21-02635,75030000,300000
R21-02636,12540000,40000
R21-02637,12180000,40000
R21-02638,13140000,40000
R21-02639,13240000,40000
R21-02640,54450000,150000
R21-02641,75510000,300000
R21-02642,58020000,150000
R21-02643,21520000,60000
R21-02644,31270000,60000
R21-02645,53390000,150000
R21-02646,78040000,300000
R21-02647,132250000,300000
R21-02648,102540000,300000
R21-02649,92050000,300000
R21-02650,154830000,600000
R21-02651,93740000,300000
R21-02652,3570000,0
R21-02653,4490000,0
R21-02654,82870000,300000
R21-02655,21170000,60000
R21-02656,62730000,150000
R21-02657,54270000,150000
R21-02658,72640000,300000
R21-02659,13010000,40000
R21-02660,35020000,150000
R21-02661,3470000,0
R21-02662,22300000,60000
R21-02663,28320000,60000
R21-02664,47810000,150000
R21-02665,7490000,20000
R21-02666,33760000,150000
R21-02667,44330000,150000
R21-02668,3360000,0
R21-02669,30960000,60000
R21-02670,64720000,150000
R21-02671,21020000,60000
R21-02672,33980000,150000
R21-02673,42750000,150000
R21-02674,74940000,300000
R21-02675,98230000,300000
R21-02676,62890000,150000
R21-02677,113950000,300000
R21-02678,112290000,300000
R21-02679,32010000,60000
R21-02680,61650000,150000
R21-02681,45250000,150000
R21-02682,33690000,150000
R21-02683,5940000,20000
R21-02684,60900000,150000
R21-02685,73200000,300000
R21-02686,103270000,300000
R21-02687,44160000,150000
R21-02688,102960000,300000
R21-02689,25290000,60000
R21-02690,176190000,600000
R21-02691,5820000,20000
R21-02692,42810000,150000
R21-02693,57560000,150000
R21-02694,55040000,150000
R21-02695,41300000,150000
R21-02696,18270000,40000
R21-02697,106710000,300000
R21-02698,8430000,20000
R21-02699,46090000,150000
R21-02700,114470000,300000
R21-02701,3000000,0
R21-02702,35250000,150000
R21-02703,35270000,150000
R21-02704,67860000,300000
R21-02705,63910000,150000
R21-02706,13480000,40000
R21-02707,152320000,600000
R21-02708,12440000,40000
R21-02709,104550000,300000
R21-02710,72230000,300000
R21-02711,51570000,150000
R21-02712,51880000,150000
R21-02713,17630000,40000
R21-02714,31860000,60000
R21-02715,56440000,150000
R21-02716,14520000,40000
R21-02717,94390000,300000
R21-02718,270000,0
R21-02719,16020000,40000
R21-02720,5730000,20000
R21-02721,39300000,150000
R21-02722,34480000,150000
R21-02723,44110000,150000
R21-02724,71850000,300000
R21-02725,125380000,300000
R21-02726,31410000,60000
R21-02727,35430000,150000
R21-02728,54780000,150000
R21-02729,31760000,60000
R21-02730,2100000,0
R21-02731,3180000,0
R21-02732,11890000,40000
R21-02733,69480000,300000
R21-02734,58280000,150000
R21-02735,24980000,60000
R21-02736,46940000,150000
R21-02737,35030000,150000
R21-02738,20630000,60000
R21-02739,100740000,300000
R21-02740,92840000,300000
R21-02741,23940000,60000
R21-02742,780000,0
R21-02743,25180000,60000
R21-02744,12080000,40000
R21-02745,1030000,0
R21-02746,41390000,150000
R21-02747,2980000,0
R21-02748,132080000,300000
R21-02749,87930000,300000
R21-02750,2970000,0
R21-02751,28010000,60000
R21-02752,22620000,60000
R21-02753,52100000,150000
R21-02754,101810000,300000
R21-02755,63730000,150000
R21-02756,51190000,150000
R21-02757,55530000,150000
R21-02758,89190000,300000
R21-02759,48870000,150000
R21-02760,46010000,150000
R21-02761,16440000,40000
R21-02762,22500000,60000
R21-02763,85770000,300000
R21-02764,44260000,150000
R21-02765,27010000,60000
R21-02766,80980000,300000
R21-02767,13240000,40000
R21-02768,72310000,300000
R21-02769,21540000,60000
R21-02770,47850000,150000
R21-02771,68160000,300000
R21-02772,47140000,150000
R21-02773,31400000,60000
R21-02774,21390000,60000
R21-02775,74100000,300000
R21-02776,113310000,300000
R21-02777,94900000,300000
R21-02778,73990000,300000
R21-02779,1670000,0
R21-02780,112430000,300000
R21-02781,1480000,0
R21-02782,66140000,150000
R21-02783,15400000,40000
R21-02784,75010000,300000
R21-02785,45430000,150000
R21-02786,14740000,40000
R21-02787,84030000,300000
R21-02788,17960000,40000
R21-02789,67570000,300000
R21-02790,62560000,150000
R21-02791,11050000,40000
R21-02792,54580000,150000
R21-02793,31450000,60000
R21-02794,32870000,60000
R21-02795,42130000,150000
R21-02796,12320000,40000
R21-02797,700000,0
R21-02798,122770000,300000
R21-02799,42340000,150000
R21-02800,15060000,40000
R21-02801,88030000,300000
R21-02802,21100000,60000
R21-02803,60540000,150000
R21-02804,44750000,150000
R21-02805,42420000,150000
R21-02806,77000000,300000
R21-02807,41540000,150000
R21-02808,5980000,20000
R21-02809,53790000,150000
R21-02810,52460000,150000
R21-02811,46840000,150000
R21-02812,52710000,150000
R21-02813,37780000,150000
R21-02814,131770000,300000
R21-02815,32890000,60000
R21-02816,51990000,150000
R21-02817,21530000,60000
R21-02818,6070000,20000
R21-02819,48740000,150000
R21-02820,22960000,60000
R21-02821,94710000,300000
R21-02822,43240000,150000
R21-02823,12860000,40000
R21-02824,1560000,0
R21-02825,4270000,0
R21-02826,33540000,150000
R21-02827,27070000,60000
R21-02828,23500000,60000
R21-02829,54360000,150000
R21-02830,12000000,40000
R21-02831,64610000,150000
R21-02832,6140000,20000
R21-02833,14330000,40000
R21-02834,18650000,40000
R21-02835,43390000,150000
R21-02836,32670000,60000
R21-02837,2550000,0
R21-02838,63450000,150000
R21-02839,58030000,150000
R21-02840,21060000,60000
R21-02841,12520000,40000
R21-02842,25130000,60000
R21-02843,22030000,60000
R21-02844,5740000,20000
R21-02845,32730000,60000
R21-02846,46570000,150000
R21-02847,5080000,20000
R21-02848,76270000,300000
R21-02849,3930000,0
R21-02850,82110000,300000
R21-02851,64660000,150000
R21-02852,37330000,150000
R21-02853,52970000,150000
R21-02854,10420000,40000
R21-02855,76350000,300000
R21-02856,1640000,0
R21-02857,22040000,60000
R21-02858,54510000,150000
R21-02859,1250000,0
R21-02860,36800000,150000
R21-02861,45520000,150000
R21-02862,81760000,300000
R21-02863,32390000,60000
R21-02864,32370000,60000
R21-02865,79630000,300000
R21-02866,33200000,60000
R21-02867,103490000,300000
R21-02868,61810000,150000
R21-02869,11550000,40000
R21-02870,20830000,60000
R21-02871,23630000,60000
R21-02872,2390000,0
R21-02873,13590000,40000
R21-02874,105280000,300000
R21-02875,106590000,300000
R21-02876,45310000,150000
R21-02877,121070000,300000
R21-02878,63740000,150000
R21-02879,94000000,300000
R21-02880,47950000,150000
R21-02881,5060000,20000
R21-02882,24230000,60000
R21-02883,2560000,0
R21-02884,52340000,150000
R21-02885,4390000,0
R21-02886,56540000,150000
R21-02887,2440000,0
R21-02888,24130000,60000
R21-02889,42470000,150000
R21-02890,26680000,60000
R21-02891,11020000,40000
R21-02892,4910000,0
R21-02893,71850000,300000
R21-02894,37150000,150000
R21-02895,61650000,150000
R21-02896,58680000,150000
R21-02897,118800000,300000
R21-02898,24610000,60000
R21-02899,2180000,0
R21-02900,3370000,0
R21-02901,47160000,150000
R21-02902,41850000,150000
R21-02903,44460000,150000
R21-02904,105090000,300000
R21-02905,47040000,150000
R21-02906,14240000,40000
R21-02907,34340000,150000
R21-02908,65520000,150000
R21-02909,25970000,60000
R21-02910,3950000,0
R21-02911,81420000,300000
R21-02912,103770000,300000
R21-02913,65630000,150000
R21-02914,21500000,60000
R21-02915,47640000,150000
R21-02916,7300000,20000
R21-02917,5000000,20000
R21-02918,91240000,300000
R21-02919,64250000,150000
R21-02920,23220000,60000
R21-02921,2760000,0
R21-02922,190000,0
R21-02923,75960000,300000
R21-02924,33670000,150000
R21-02925,34800000,150000
R21-02926,54250000,150000
R21-02927,34980000,150000
R21-02928,94260000,300000
R21-02929,62300000,150000
R21-02930,38080000,150000
R21-02931,55050000,150000
R21-02932,71980000,300000
R21-02933,46180000,150000
R21-02934,41160000,150000
R21-02935,14130000,40000
R21-02936,35540000,150000
R21-02937,46700000,150000
R21-02938,82450000,300000
R21-02939,126430000,300000
R21-02940,43880000,150000
R21-02941,112320000,300000
R21-02942,21610000,60000
R21-02943,134270000,600000
R21-02944,20480000,60000
R21-02945,93000000,300000
R21-02946,1400000,0
R21-02947,11750000,40000
R21-02948,45300000,150000
R21-02949,22940000,60000
R21-02950,34050000,150000
R21-02951,51390000,150000
R21-02952,27700000,60000
R21-02953,14170000,40000
R21-02954,64980000,150000
R21-02955,47730000,150000
R21-02956,81660000,300000
R21-02957,1360000,0
R21-02958,56000000,150000
R21-02959,32870000,60000
R21-02960,54440000,150000
R21-02961,26610000,60000
R21-02962,30680000,60000
R21-02963,23900000,60000
R21-02964,12870000,40000
R21-02965,54230000,150000
R21-02966,21830000,60000
R21-02967,12260000,40000
R21-02968,53730000,150000
R21-02969,2420000,0
R21-02970,44470000,150000
R21-02971,63850000,150000
R21-02972,41730000,150000
R21-02973,1290000,0
R21-02974,103310000,300000
R21-02975,61630000,150000
R21-02976,520000,0
R21-02977,45510000,150000
R21-02978,11990000,40000
R21-02979,93160000,300000
R21-02980,13180000,40000
R21-02981,56050000,150000
R21-02982,16520000,40000
R21-02983,74380000,300000
R21-02984,6560000,20000
R21-02985,41410000,150000
R21-02986,47230000,150000
R21-02987,43720000,150000
R21-02988,68930000,300000
R21-02989,21990000,60000
R21-02990,111870000,300000
R21-02991,23680000,60000
R21-02992,72990000,300000
R21-02993,55320000,150000
R21-02994,22670000,60000
R21-02995,7150000,20000
R21-02996,52000000,150000
R21-02997,12280000,40000
R21-02998,12910000,40000
R21-02999,26130000,60000
R21-03000,33810000,150000
R21-03001,37500000,150000
R21-03002,13040000,40000
R21-03003,44730000,150000
R21-03004,42210000,150000
R21-03005,118490000,300000
R21-03006,92130000,300000
R21-03007,1900000,0
R21-03008,74770000,300000
R21-03009,62030000,150000
R21-03010,65120000,150000
R21-03011,3790000,0
R21-03012,690000,0
R21-03013,78690000,300000
R21-03014,25610000,60000
R21-03015,32710000,60000
R21-03016,1980000,0
R21-03017,47600000,150000
R21-03018,11630000,40000
R21-03019,20410000,60000
R21-03020,22250000,60000
R21-03021,21060000,60000
R21-03022,131060000,300000
R21-03023,5640000,20000
R21-03024,22710000,60000
R21-03025,20900000,60000
R21-03026,104150000,300000
R21-03027,3300000,0
R21-03028,82390000,300000
R21-03029,17200000,40000
R21-03030,24380000,60000
R21-03031,54080000,150000
R21-03032,21640000,60000
R21-03033,51580000,150000
R21-03034,54960000,150000
R21-03035,64580000,150000
R21-03036,63400000,150000
R21-03037,25010000,60000
R21-03038,144210000,600000
R21-03039,55640000,150000
R21-03040,86460000,300000
R21-03041,25340000,60000
R21-03042,48270000,150000
R21-03043,81420000,300000
R21-03044,17280000,40000
R21-03045,74840000,300000
R21-03046,66750000,300000
R21-03047,2280000,0
R21-03048,11840000,40000
R21-03049,30980000,60000
R21-03050,73290000,300000
R21-03051,13580000,40000
R21-03052,65480000,150000
R21-03053,133200000,300000
R21-03054,52950000,150000
R21-03055,54120000,150000
R21-03056,33070000,60000
R21-03057,42560000,150000
R21-03058,62130000,150000
R21-03059,31720000,60000
R21-03060,32890000,60000
R21-03061,43010000,150000
R21-03062,11790000,40000
R21-03063,11800000,40000
R21-03064,46110000,150000
R21-03065,31530000,60000
R21-03066,105580000,300000
R21-03067,21230000,60000
R21-03068,65730000,150000
R21-03069,40480000,150000
R21-03070,25570000,60000
R21-03071,96480000,300000
R21-03072,12260000,40000
R21-03073,23110000,60000
R21-03074,28740000,60000
R21-03075,47800000,150000
R21-03076,84160000,300000
R21-03077,76470000,300000
R21-03078,13790000,40000
R21-03079,91630000,300000
R21-03080,1740000,0
R21-03081,3970000,0
R21-03082,26850000,60000
R21-03083,23130000,60000
R21-03084,54730000,150000
R21-03085,24550000,60000
R21-03086,100810000,300000
R21-03087,11320000,40000
R21-03088,65120000,150000
R21-03089,155840000,600000
R21-03090,31760000,60000
R21-03091,12920000,40000
R21-03092,23200000,60000
R21-03093,41630000,150000
R21-03094,61750000,150000
R21-03095,36260000,150000
R21-03096,5970000,20000
R21-03097,36890000,150000
R21-03098,16330000,40000
R21-03099,42480000,150000
R21-03100,53450000,150000
R21-03101,45270000,150000
R21-03102,2050000,0
R21-03103,36690000,150000
R21-03104,96020000,300000
R21-03105,32370000,60000
R21-03106,6810000,20000
R21-03107,33300000,60000
R21-03108,32830000,60000
R21-03109,77480000,300000
R21-03110,6570000,20000
R21-03111,10800000,40000
R21-03112,23550000,60000
R21-03113,56170000,150000
R21-03114,103860000,300000
R21-03115,51920000,150000
R21-03116,41850000,150000
R21-03117,2720000,0
R21-03118,55620000,150000
R21-03119,5410000,20000
R21-03120,86250000,300000
R21-03121,74570000,300000
R21-03122,22240000,60000
R21-03123,21960000,60000
R21-03124,31740000,60000
R21-03125,75960000,300000
R21-03126,50610000,150000
R21-03127,16210000,40000
R21-03128,151390000,600000
R21-03129,47240000,150000
R21-03130,13940000,40000
R21-03131,56650000,150000
R21-03132,11910000,40000
R21-03133,27550000,60000
R21-03134,62740000,150000
R21-03135,61130000,150000
R21-03136,16130000,40000
R21-03137,5910000,20000
R21-03138,10100000,40000
R21-03139,31420000,60000
R21-03140,75260000,300000
R21-03141,31560000,60000
R21-03142,74860000,300000
R21-03143,35970000,150000
R21-03144,42780000,150000
R21-03145,12940000,40000
R21-03146,5770000,20000
R21-03147,43130000,150000
R21-03148,8710000,20000
R21-03149,33010000,60000
R21-03150,86850000,300000
R21-03151,222610000,1000000
R21-03152,36520000,150000
R21-03153,52320000,150000
R21-03154,84390000,300000
R21-03155,30460000,60000
R21-03156,12090000,40000
R21-03157,8250000,20000
R21-03158,1600000,0
R21-03159,67280000,300000
R21-03160,31010000,60000
R21-03161,51580000,150000
R21-03162,81990000,300000
R21-03163,50930000,150000
R21-03164,171970000,600000
R21-03165,33200000,60000
R21-03166,83780000,300000
R21-03167,54230000,150000
R21-03168,55450000,150000
R21-03169,63330000,150000
R21-03170,11650000,40000
R21-03171,83380000,300000
R21-03172,35500000,150000
R21-03173,17300000,40000
R21-03174,32260000,60000
R21-03175,74980000,300000
R21-03176,52810000,150000
R21-03177,13970000,40000
R21-03178,35230000,150000
R21-03179,35490000,150000
R21-03180,11320000,40000
R21-03181,12420000,40000
R21-03182,27910000,60000
R21-03183,50650000,150000
R21-03184,25930000,60000
R21-03185,25230000,60000
R21-03186,123820000,300000
R21-03187,52450000,150000
R21-03188,22760000,60000
R21-03189,2630000,0
R21-03190,17590000,40000
R21-03191,14330000,40000
R21-03192,11180000,40000
R21-03193,17270000,40000
R21-03194,3280000,0
R21-03195,4360000,0
R21-03196,62510000,150000
R21-03197,48370000,150000
R21-03198,13240000,40000
R21-03199,77510000,300000
R21-03200,24980000,60000
R21-03201,1890000,0
R21-03202,56310000,150000
R21-03203,156380000,600000
R21-03204,53370000,150000
R21-03205,52470000,150000
R21-03206,24350000,60000
R21-03207,64050000,150000
R21-03208,32990000,60000
R21-03209,22880000,60000
R21-03210,1110000,0
R21-03211,21810000,60000
R21-03212,2190000,0
R21-03213,45610000,150000
R21-03214,22590000,60000
R21-03215,41810000,150000
R21-03216,43350000,150000
R21-03217,51850000,150000
R21-03218,35470000,150000
R21-03219,5420000,20000
R21-03220,52480000,150000
R21-03221,820000,0
R21-03222,3500000,0
R21-03223,42930000,150000
R21-03224,43760000,150000
R21-03225,62810000,150000
R21-03226,5230000,20000
R21-03227,3670000,0
R21-03228,83660000,300000
R21-03229,12800000,40000
R21-03230,16400000,40000
R21-03231,68920000,300000
R21-03232,14000000,40000
R21-03233,68210000,300000
R21-03234,14310000,40000
R21-03235,91990000,300000
R21-03236,56680000,150000
R21-03237,43330000,150000
R21-03238,114970000,300000
R21-03239,32170000,60000
R21-03240,21170000,60000
R21-03241,2790000,0
R21-03242,62760000,150000
R21-03243,32890000,60000
R21-03244,21090000,60000
R21-03245,3450000,0
R21-03246,81890000,300000
R21-03247,31050000,60000
R21-03248,1790000,0
R21-03249,14570000,40000
R21-03250,46650000,150000
R21-03251,4180000,0
R21-03252,1910000,0
R21-03253,32990000,60000
R21-03254,33280000,60000
R21-03255,5180000,20000
R21-03256,64870000,150000
R21-03257,2870000,0
R21-03258,14770000,40000
R21-03259,62040000,150000
R21-03260,32520000,60000
R21-03261,52980000,150000
R21-03262,154600000,600000
R21-03263,1660000,0
R21-03264,73340000,300000
R21-03265,48560000,150000
R21-03266,213010000,1000000
R21-03267,42400000,150000
R21-03268,52890000,150000
R21-03269,31490000,60000
R21-03270,64060000,150000
R21-03271,15500000,40000
R21-03272,35680000,150000
R21-03273,27800000,60000
R21-03274,3980000,0
R21-03275,75620000,300000
R21-03276,76420000,300000
R21-03277,43130000,150000
R21-03278,13700000,40000
R21-03279,41250000,150000
R21-03280,71560000,300000
R21-03281,3480000,0
R21-03282,41430000,150000
R21-03283,73360000,300000
R21-03284,70710000,300000
R21-03285,64240000,150000
R21-03286,96560000,300000
R21-03287,31500000,60000
R21-03288,15580000,40000
R21-03289,56070000,150000
R21-03290,35440000,150000
R21-03291,84130000,300000
R21-03292,112900000,300000
R21-03293,5650000,20000
R21-03294,42670000,150000
R21-03295,55490000,150000
R21-03296,57340000,150000
R21-03297,14380000,40000
R21-03298,126560000,300000
R21-03299,28660000,60000
R21-03300,23630000,60000
R21-03301,62890000,150000
R21-03302,45100000,150000
R21-03303,83780000,300000
R21-03304,4960000,0
R21-03305,3860000,0
R21-03306,30880000,60000
R21-03307,5000000,20000
R21-03308,12290000,40000
R21-03309,106290000,300000
R21-03310,44580000,150000
R21-03311,11970000,40000
R21-03312,15520000,40000
R21-03313,2840000,0
R21-03314,71700000,300000
R21-03315,6380000,20000
R21-03316,31940000,60000
R21-03317,40900000,150000
R21-03318,4570000,0
R21-03319,91410000,300000
R21-03320,23740000,60000
R21-03321,31550000,60000
R21-03322,7820000,20000
R21-03323,13520000,40000
R21-03324,12340000,40000
R21-03325,52370000,150000
R21-03326,77910000,300000
R21-03327,36550000,150000
R21-03328,25020000,60000
R21-03329,17910000,40000
R21-03330,14200000,40000
R21-03331,102270000,300000
R21-03332,43820000,150000
R21-03333,10860000,40000
R21-03334,4900000,0
R21-03335,35320000,150000
R21-03336,62630000,150000
R21-03337,88560000,300000
R21-03338,86390000,300000
R21-03339,22990000,60000
R21-03340,53420000,150000
R21-03341,3220000,0
R21-03342,13990000,40000
R21-03343,24330000,60000
R21-03344,1650000,0
R21-03345,12020000,40000
R21-03346,62290000,150000
R21-03347,33310000,60000
R21-03348,1320000,0
R21-03349,3350000,0
R21-03350,56500000,150000
R21-03351,45540000,150000
R21-03352,88010000,300000
R21-03353,14110000,40000
R21-03354,22320000,60000
R21-03355,44980000,150000
R21-03356,21340000,60000
R21-03357,45110000,150000
R21-03358,51930000,150000
R21-03359,18570000,40000
R21-03360,50490000,150000
R21-03361,2050000,0
R21-03362,62190000,150000
R21-03363,26550000,60000
R21-03364,36590000,150000
R21-03365,21550000,60000
R21-03366,25350000,60000
R21-03367,11060000,40000
R21-03368,35960000,150000
R21-03369,6840000,20000
R21-03370,7670000,20000
R21-03371,61390000,150000
R21-03372,61640000,150000
R21-03373,11270000,40000
R21-03374,33870000,150000
R21-03375,62450000,150000
R21-03376,4150000,0
R21-03377,12050000,40000
R21-03378,42460000,150000
R21-03379,16120000,40000
R21-03380,46060000,150000
R21-03381,82610000,300000
R21-03382,17310000,40000
R21-03383,73650000,300000
R21-03384,8560000,20000
R21-03385,5380000,20000
R21-03386,57010000,150000
R21-03387,74940000,300000
R21-03388,23340000,60000
R21-03389,117180000,300000
R21-03390,86320000,300000
R21-03391,31400000,60000
R21-03392,3580000,0
R21-03393,21120000,60000
R21-03394,44570000,150000
R21-03395,34090000,150000
R21-03396,15010000,40000
R21-03397,131300000,300000
R21-03398,20870000,60000
R21-03399,66560000,150000
R21-03400,27900000,60000
R21-03401,73960000,300000
R21-03402,4860000,0
R21-03403,2540000,0
R21-03404,75170000,300000
R21-03405,1530000,0
R21-03406,1960000,0
R21-03407,8700000,20000
R21-03408,62220000,150000
R21-03409,5610000,20000
R21-03410,51260000,150000
R21-03411,87720000,300000
R21-03412,55590000,150000
R21-03413,71780000,300000
R21-03414,18950000,40000
R21-03415,50980000,150000
R21-03416,131860000,300000
R21-03417,54440000,150000
R21-03418,55430000,150000
R21-03419,13240000,40000
R21-03420,53110000,150000
R21-03421,58410000,150000
R21-03422,14240000,40000
R21-03423,46320000,150000
R21-03424,42620000,150000
R21-03425,104280000,300000
R21-03426,6020000,20000
R21-03427,14360000,40000
R21-03428,46340000,150000
R21-03429,67670000,300000
R21-03430,5280000,20000
R21-03431,11890000,40000
R21-03432,11870000,40000
R21-03433,1720000,0
R21-03434,71390000,300000
R21-03435,41400000,150000
R21-03436,16210000,40000
R21-03437,75750000,300000
R21-03438,94130000,300000
R21-03439,41880000,150000
R21-03440,7770000,20000
R21-03441,2340000,0
R21-03442,4410000,0
R21-03443,93800000,300000
R21-03444,103570000,300000
R21-03445,58300000,150000
R21-03446,44540000,150000
R21-03447,54100000,150000
R21-03448,22750000,60000
R21-03449,46190000,150000
R21-03450,22150000,60000
R21-03451,24240000,60000
R21-03452,3190000,0
R21-03453,10970000,40000
R21-03454,25100000,60000
R21-03455,66210000,150000
R21-03456,5550000,20000
R21-03457,46150000,150000
R21-03458,9190000,20000
R21-03459,25610000,60000
R21-03460,3770000,0
R21-03461,7870000,20000
R21-03462,74640000,300000
R21-03463,129160000,300000
R21-03464,122430000,300000
R21-03465,3450000,0
R21-03466,71050000,300000
R21-03467,14160000,40000
R21-03468,63440000,150000
R21-03469,34890000,150000
R21-03470,13800000,40000
R21-03471,43530000,150000
R21-03472,12010000,40000
R21-03473,50240000,150000
R21-03474,36160000,150000
R21-03475,57620000,150000
R21-03476,25960000,60000
R21-03477,22300000,60000
R21-03478,51910000,150000
R21-03479,41800000,150000
R21-03480,92760000,300000
R21-03481,68200000,300000
R21-03482,21720000,60000
R21-03483,114470000,300000
R21-03484,53880000,150000
R21-03485,74440000,300000
R21-03486,33620000,150000
R21-03487,27590000,60000
R21-03488,93170000,300000
R21-03489,43170000,150000
R21-03490,56370000,150000
R21-03491,153630000,600000
R21-03492,25200000,60000
R21-03493,48090000,150000
R21-03494,5010000,20000
R21-03495,115420000,300000
R21-03496,37200000,150000
R21-03497,103820000,300000
R21-03498,45200000,150000
R21-03499,13430000,40000
R21-03500,94630000,300000
R21-03501,53770000,150000
R21-03502,4460000,0
R21-03503,2370000,0
R21-03504,66680000,300000
R21-03505,82320000,300000
R21-03506,124340000,300000
R21-03507,21940000,60000
R21-03508,64410000,150000
R21-03509,4940000,0
R21-03510,41150000,150000
R21-03511,29580000,60000
R21-03512,106420000,300000
R21-03513,21760000,60000
R21-03514,1820000,0
R21-03515,31810000,60000
R21-03516,30480000,60000
R21-03517,110680000,300000
R21-03518,83220000,300000
R21-03519,35450000,150000
R21-03520,58260000,150000
R21-03521,62440000,150000
R21-03522,45430000,150000
R21-03523,55610000,150000
R21-03524,53160000,150000
R21-03525,94140000,300000
R21-03526,52750000,150000
R21-03527,31750000,60000
R21-03528,61800000,150000
R21-03529,28910000,60000
R21-03530,4220000,0
R21-03531,26040000,60000
R21-03532,43670000,150000
R21-03533,84050000,300000
R21-03534,44850000,150000
R21-03535,5510000,20000
R21-03536,51340000,150000
R21-03537,111870000,300000
R21-03538,66670000,300000
R21-03539,75080000,300000
R21-03540,30990000,60000
R21-03541,3110000,0
R21-03542,13030000,40000
R21-03543,15360000,40000
R21-03544,54090000,150000
R21-03545,52780000,150000
R21-03546,101530000,300000
R21-03547,56710000,150000
R21-03548,71500000,300000
R21-03549,10990000,40000
R21-03550,13260000,40000
R21-03551,23720000,60000
R21-03552,57110000,150000
R21-03553,81900000,300000
R21-03554,44360000,150000
R21-03555,3610000,0
R21-03556,47730000,150000
R21-03557,82990000,300000
R21-03558,24930000,60000
R21-03559,43980000,150000
R21-03560,590000,0
R21-03561,27020000,60000
R21-03562,84350000,300000
R21-03563,15450000,40000
R21-03564,53150000,150000
R21-03565,17590000,40000
R21-03566,40410000,150000
R21-03567,13680000,40000
R21-03568,125050000,300000
R21-03569,31780000,60000
R21-03570,15220000,40000
R21-03571,40740000,150000
R21-03572,87710000,300000
R21-03573,1780000,0
R21-03574,2330000,0
R21-03575,31490000,60000
R21-03576,73590000,300000
R21-03577,24710000,60000
R21-03578,27690000,60000
R21-03579,90920000,300000
R21-03580,112800000,300000
R21-03581,14450000,40000
R21-03582,24430000,60000
R21-03583,800000,0
R21-03584,112880000,300000
R21-03585,16410000,40000
R21-03586,32980000,60000
R21-03587,131920000,300000
R21-03588,55020000,150000
R21-03589,10950000,40000
R21-03590,90710000,300000
R21-03591,31990000,60000
R21-03592,14220000,40000
R21-03593,2100000,0
R21-03594,11670000,40000
R21-03595,82210000,300000
R21-03596,133310000,300000
R21-03597,72970000,300000
R21-03598,73960000,300000
R21-03599,42310000,150000
R21-03600,63270000,150000
R21-03601,126200000,300000
R21-03602,5740000,20000
R21-03603,6080000,20000
R21-03604,76390000,300000
R21-03605,24970000,60000
R21-03606,42940000,150000
R21-03607,47040000,150000
R21-03608,13280000,40000
R21-03609,72880000,300000
R21-03610,46080000,150000
R21-03611,46130000,150000
R21-03612,27270000,60000
R21-03613,33920000,150000
R21-03614,61850000,150000
R21-03615,16030000,40000
R21-03616,76240000,300000
R21-03617,127300000,300000
R21-03618,16460000,40000
R21-03619,4570000,0
R21-03620,43010000,150000
R21-03621,71790000,300000
R21-03622,51820000,150000
R21-03623,5790000,20000
R21-03624,60700000,150000
R21-03625,21460000,60000
R21-03626,82810000,300000
R21-03627,6090000,20000
R21-03628,7240000,20000
R21-03629,52250000,150000
R21-03630,51930000,150000
R21-03631,20910000,60000
R21-03632,15320000,40000
R21-03633,44580000,150000
R21-03634,32280000,60000
R21-03635,24150000,60000
R21-03636,51550000,150000
R21-03637,48200000,150000
R21-03638,73520000,300000
R21-03639,46050000,150000
R21-03640,14450000,40000
R21-03641,32680000,60000
R21-03642,6220000,20000
R21-03643,28680000,60000
R21-03644,35630000,150000
R21-03645,33870000,150000
R21-03646,6580000,20000
R21-03647,51190000,150000
R21-03648,72240000,300000
R21-03649,81110000,300000
R21-03650,24480000,60000
R21-03651,32830000,60000
R21-03652,60800000,150000
R21-03653,42820000,150000
R21-03654,5340000,20000
R21-03655,2660000,0
R21-03656,12830000,40000
R21-03657,98590000,300000
R21-03658,84760000,300000
R21-03659,22790000,60000
R21-03660,44690000,150000
R21-03661,55450000,150000
R21-03662,13770000,40000
R21-03663,42290000,150000
R21-03664,22150000,60000
R21-03665,52290000,150000
R21-03666,24090000,60000
R21-03667,2550000,0
R21-03668,65560000,150000
R21-03669,25050000,60000
R21-03670,42670000,150000
R21-03671,51220000,150000
R21-03672,51410000,150000
R21-03673,116220000,300000
R21-03674,7510000,20000
R21-03675,47150000,150000
R21-03676,35690000,150000
R21-03677,11560000,40000
R21-03678,61910000,150000
R21-03679,45530000,150000
R21-03680,74090000,300000
R21-03681,2370000,0
R21-03682,42890000,150000
R21-03683,42880000,150000
R21-03684,36940000,150000
R21-03685,42740000,150000
R21-03686,1220000,0
R21-03687,16780000,40000
R21-03688,25960000,60000
R21-03689,1670000,0
R21-03690,147700000,600000
R21-03691,2940000,0
R21-03692,12930000,40000
R21-03693,1090000,0
R21-03694,83140000,300000
R21-03695,34870000,150000
R21-03696,74190000,300000
R21-03697,25740000,60000
R21-03698,38100000,150000
R21-03699,21450000,60000
R21-03700,82520000,300000
R21-03701,16160000,40000
R21-03702,53210000,150000
R21-03703,67980000,300000
R21-03704,222890000,1000000
R21-03705,10760000,40000
R21-03706,141360000,600000
R21-03707,84310000,300000
R21-03708,23340000,60000
R21-03709,94850000,300000
R21-03710,53340000,150000
R21-03711,33220000,60000
R21-03712,89040000,300000
R21-03713,16260000,40000
R21-03714,68090000,300000
R21-03715,17090000,40000
R21-03716,84440000,300000
R21-03717,200000,0
R21-03718,32870000,60000
R21-03719,13040000,40000
R21-03720,73570000,300000
R21-03721,21780000,60000
R21-03722,85200000,300000
R21-03723,63330000,150000
R21-03724,102090000,300000
R21-03725,14490000,40000
R21-03726,6690000,20000
R21-03727,146130000,600000
R21-03728,2790000,0
R21-03729,104700000,300000
R21-03730,74420000,300000
R21-03731,20860000,60000
R21-03732,13880000,40000
R21-03733,12450000,40000
R21-03734,11950000,40000
R21-03735,23250000,60000
R21-03736,42110000,150000
R21-03737,42680000,150000
R21-03738,11190000,40000
R21-03739,115840000,300000
R21-03740,32030000,60000
R21-03741,86190000,300000
R21-03742,48550000,150000
R21-03743,20840000,60000
R21-03744,15490000,40000
R21-03745,101130000,300000
R21-03746,32920000,60000
R21-03747,6120000,20000
R21-03748,85300000,300000
R21-03749,90850000,300000
R21-03750,64160000,150000
R21-03751,114670000,300000
R21-03752,41710000,150000
R21-03753,102490000,300000
R21-03754,76260000,300000
R21-03755,96790000,300000
R21-03756,51340000,150000
R21-03757,75200000,300000
R21-03758,20620000,60000
R21-03759,43780000,150000
R21-03760,16480000,40000
R21-03761,12220000,40000
R21-03762,11660000,40000
R21-03763,13830000,40000
R21-03764,41350000,150000
R21-03765,92230000,300000
R21-03766,24670000,60000
R21-03767,28730000,60000
R21-03768,5160000,20000
R21-03769,44600000,150000
R21-03770,93120000,300000
R21-03771,25360000,60000
R21-03772,30980000,60000
R21-03773,115530000,300000
R21-03774,28560000,60000
R21-03775,27060000,60000
R21-03776,24220000,60000
R21-03777,45250000,150000
R21-03778,22760000,60000
R21-03779,57560000,150000
R21-03780,95010000,300000
R21-03781,65970000,150000
R21-03782,31120000,60000
R21-03783,50390000,150000
R21-03784,17110000,40000
R21-03785,82540000,300000
R21-03786,37590000,150000
R21-03787,56870000,150000
R21-03788,75080000,300000
R21-03789,152230000,600000
R21-03790,16670000,40000
R21-03791,21930000,60000
R21-03792,24690000,60000
R21-03793,22560000,60000
R21-03794,94500000,300000
R21-03795,13030000,40000
R21-03796,55420000,150000
R21-03797,86240000,300000
R21-03798,4430000,0
R21-03799,141820000,600000
R21-03800,45490000,150000
R21-03801,82770000,300000
R21-03802,175450000,600000
R21-03803,2420000,0
R21-03804,112510000,300000
R21-03805,52570000,150000
R21-03806,4100000,0
R21-03807,31790000,60000
R21-03808,44310000,150000
R21-03809,49260000,150000
R21-03810,21490000,60000
R21-03811,11630000,40000
R21-03812,12540000,40000
R21-03813,23250000,60000
R21-03814,32410000,60000
R21-03815,2850000,0
R21-03816,1650000,0
R21-03817,62950000,150000
R21-03818,91100000,300000
R21-03819,128000000,300000
R21-03820,104380000,300000
R21-03821,52340000,150000
R21-03822,81290000,300000
R21-03823,52810000,150000
R21-03824,6090000,20000
R21-03825,71860000,300000
R21-03826,25220000,60000
R21-03827,33670000,150000
R21-03828,63600000,150000
R21-03829,5840000,20000
R21-03830,16110000,40000
R21-03831,54370000,150000
R21-03832,24470000,60000
R21-03833,23790000,60000
R21-03834,22870000,60000
R21-03835,48820000,150000
R21-03836,13170000,40000
R21-03837,2770000,0
R21-03838,46680000,150000
R21-03839,1880000,0
R21-03840,84000000,300000
R21-03841,82680000,300000
R21-03842,10900000,40000
R21-03843,41990000,150000
R21-03844,82010000,300000
R21-03845,81660000,300000
R21-03846,86340000,300000
R21-03847,71790000,300000
R21-03848,23420000,60000
R21-03849,101220000,300000
R21-03850,70790000,300000
R21-03851,21280000,60000
R21-03852,64530000,150000
R21-03853,23000000,60000
R21-03854,26560000,60000
R21-03855,34630000,150000
R21-03856,28240000,60000
R21-03857,73580000,300000
R21-03858,47320000,150000
R21-03859,102860000,300000
R21-03860,42870000,150000
R21-03861,24190000,60000
R21-03862,73500000,300000
R21-03863,32610000,60000
R21-03864,17910000,40000
R21-03865,82480000,300000
R21-03866,53400000,150000
R21-03867,44260000,150000
R21-03868,84280000,300000
R21-03869,95200000,300000
R21-03870,14090000,40000
R21-03871,7600000,20000
R21-03872,75360000,300000
R21-03873,32070000,60000
R21-03874,31510000,60000
R21-03875,35160000,150000
R21-03876,108060000,300000
R21-03877,34530000,150000
R21-03878,15030000,40000
R21-03879,25180000,60000
R21-03880,54320000,150000
R21-03881,128140000,300000
R21-03882,20590000,60000
R21-03883,66490000,150000
R21-03884,1760000,0
R21-03885,6110000,20000
R21-03886,64170000,150000
R21-03887,13390000,40000
R21-03888,44540000,150000
R21-03889,55090000,150000
R21-03890,50460000,150000
R21-03891,76330000,300000
R21-03892,13560000,40000
R21-03893,45870000,150000
R21-03894,124270000,300000
R21-03895,80710000,300000
R21-03896,12650000,40000
R21-03897,20460000,60000
R21-03898,53020000,150000
R21-03899,23810000,60000
R21-03900,47390000,150000
R21-03901,22640000,60000
R21-03902,90700000,300000
R21-03903,127070000,300000
R21-03904,74510000,300000
R21-03905,90770000,300000
R21-03906,94440000,300000
R21-03907,14770000,40000
R21-03908,12140000,40000
R21-03909,22620000,60000
R21-03910,32210000,60000
R21-03911,7650000,20000
R21-03912,12070000,40000
R21-03913,5890000,20000
R21-03914,2130000,0
R21-03915,64160000,150000
R21-03916,34280000,150000
R21-03917,27710000,60000
R21-03918,15660000,40000
R21-03919,53750000,150000
R21-03920,32510000,60000
R21-03921,55860000,150000
R21-03922,54080000,150000
R21-03923,12750000,40000
R21-03924,52600000,150000
R21-03925,2360000,0
R21-03926,75640000,300000
R21-03927,61760000,150000
R21-03928,77520000,300000
R21-03929,5910000,20000
R21-03930,32960000,60000
R21-03931,47560000,150000
R21-03932,82060000,300000
R21-03933,63100000,150000
R21-03934,3000000,0
R21-03935,30930000,60000
R21-03936,62390000,150000
R21-03937,95530000,300000
R21-03938,43820000,150000
R21-03939,3890000,0
R21-03940,5050000,20000
R21-03941,86300000,300000
R21-03942,27720000,60000
R21-03943,3790000,0
R21-03944,1310000,0
R21-03945,56100000,150000
R21-03946,101900000,300000
R21-03947,31790000,60000
R21-03948,16080000,40000
R21-03949,47600000,150000
R21-03950,11770000,40000
R21-03951,55550000,150000
R21-03952,91950000,300000
R21-03953,12380000,40000
R21-03954,143920000,600000
R21-03955,63430000,150000
R21-03956,72390000,300000
R21-03957,81680000,300000
R21-03958,61370000,150000
R21-03959,135500000,600000
R21-03960,27540000,60000
R21-03961,43010000,150000
R21-03962,72840000,300000
R21-03963,12280000,40000
R21-03964,74610000,300000
R21-03965,1590000,0
R21-03966,91880000,300000
R21-03967,5190000,20000
R21-03968,55840000,150000
R21-03969,4440000,0
R21-03970,35270000,150000
R21-03971,66460000,150000
R21-03972,5770000,20000
R21-03973,152020000,600000
R21-03974,44960000,150000
R21-03975,83900000,300000
R21-03976,41030000,150000
R21-03977,121780000,300000
R21-03978,2090000,0
R21-03979,41940000,150000
R21-03980,22320000,60000
R21-03981,86710000,300000
R21-03982,21040000,60000
R21-03983,12960000,40000
R21-03984,15630000,40000
R21-03985,34740000,150000
R21-03986,62270000,150000
R21-03987,62560000,150000
R21-03988,6160000,20000
R21-03989,35490000,150000
R21-03990,101420000,300000
R21-03991,86450000,300000
R21-03992,98330000,300000
R21-03993,55050000,150000
R21-03994,67970000,300000
R21-03995,71790000,300000
R21-03996,16800000,40000
R21-03997,20860000,60000
R21-03998,3880000,0
R21-03999,45680000,150000
R21-04000,1640000,0
R21-04001,31080000,60000
R21-04002,53960000,150000
R21-04003,89250000,300000
R21-04004,51310000,150000
R21-04005,31190000,60000
R21-04006,1430000,0
R21-04007,42950000,150000
R21-04008,101460000,300000
R21-04009,94900000,300000
R21-04010,33520000,150000
R21-04011,16570000,40000
R21-04012,53020000,150000
R21-04013,31820000,60000
R21-04014,3430000,0
R21-04015,32180000,60000
R21-04016,33480000,150000
R21-04017,32130000,60000
R21-04018,7750000,20000
R21-04019,21230000,60000
R21-04020,143360000,600000
R21-04021,41770000,150000
R21-04022,42620000,150000
R21-04023,67100000,300000
R21-04024,24770000,60000
R21-04025,62350000,150000
R21-04026,90680000,300000
R21-04027,14080000,40000
R21-04028,32510000,60000
R21-04029,83820000,300000
R21-04030,38630000,150000
R21-04031,44660000,150000
R21-04032,122720000,300000
R21-04033,55410000,150000
R21-04034,23690000,60000
R21-04035,56080000,150000
R21-04036,25550000,60000
R21-04037,66320000,150000
R21-04038,75090000,300000
R21-04039,92390000,300000
R21-04040,5570000,20000
R21-04041,2640000,0
R21-04042,20670000,60000
R21-04043,30950000,60000
R21-04044,42610000,150000
R21-04045,42730000,150000
R21-04046,16920000,40000
R21-04047,4140000,0
R21-04048,28840000,60000
R21-04049,5270000,20000
R21-04050,35490000,150000
R21-04051,35540000,150000
R21-04052,45360000,150000
R21-04053,93450000,300000
R21-04054,12340000,40000
R21-04055,114970000,300000
R21-04056,54790000,150000
R21-04057,5860000,20000
R21-04058,16540000,40000
R21-04059,55690000,150000
R21-04060,7210000,20000
R21-04061,54390000,150000
R21-04062,30770000,60000
R21-04063,6800000,20000
R21-04064,3430000,0
R21-04065,125340000,300000
R21-04066,11970000,40000
R21-04067,5020000,20000
R21-04068,10500000,40000
R21-04069,2280000,0
R21-04070,54160000,150000
R21-04071,31540000,60000
R21-04072,65530000,150000
R21-04073,85670000,300000
R21-04074,42680000,150000
R21-04075,93440000,300000
R21-04076,43500000,150000
R21-04077,23430000,60000
R21-04078,33070000,60000
R21-04079,92350000,300000
R21-04080,34650000,150000
R21-04081,22590000,60000
