고객ID,타사이전금액,혜택금액
R14-00000,3990000,0
R14-00001,83680000,300000
R14-00002,2680000,0
R14-00003,34860000,150000
R14-00004,52550000,150000
R14-00005,13940000,40000
R14-00006,23170000,60000
R14-00007,64990000,150000
R14-00008,42290000,150000
R14-00009,25990000,60000
R14-00010,23610000,60000
R14-00011,43240000,150000
R14-00012,1550000,0
R14-00013,63580000,150000
R14-00014,93310000,300000
R14-00015,16050000,40000
R14-00016,24370000,60000
R14-00017,3000000,0
R14-00018,23310000,60000
R14-00019,24370000,60000
R14-00020,27090000,60000
R14-00021,102640000,300000
R14-00022,54440000,150000
R14-00023,36580000,150000
R14-00024,16530000,40000
R14-00025,51440000,150000
R14-00026,63300000,150000
R14-00027,52730000,150000
R14-00028,50980000,150000
R14-00029,66960000,300000
R14-00030,6130000,20000
R14-00031,66130000,150000
R14-00032,32390000,60000
R14-00033,12240000,40000
R14-00034,68120000,300000
R14-00035,82270000,300000
R14-00036,35150000,150000
R14-00037,57320000,150000
R14-00038,71750000,300000
R14-00039,21770000,60000
R14-00040,52240000,150000
R14-00041,34210000,150000
R14-00042,2430000,0
R14-00043,65760000,150000
R14-00044,25330000,60000
R14-00045,36230000,150000
R14-00046,33200000,60000
R14-00047,15240000,40000
R14-00048,18910000,40000
R14-00049,33460000,150000
R14-00050,94430000,300000
R14-00051,13400000,40000
R14-00052,3620000,0
R14-00053,32770000,60000
R14-00054,116480000,300000
R14-00055,27570000,60000
R14-00056,480000,0
R14-00057,42540000,150000
R14-00058,4660000,0
R14-00059,59500000,150000
R14-00060,15240000,40000
R14-00061,22880000,60000
R14-00062,4070000,0
R14-00063,53960000,150000
R14-00064,81970000,300000
R14-00065,2050000,0
R14-00066,710000,0
R14-00067,31780000,60000
R14-00068,31820000,60000
R14-00069,94010000,300000
R14-00070,14020000,40000
R14-00071,61100000,150000
R14-00072,2340000,0
R14-00073,12330000,40000
R14-00074,6250000,20000
R14-00075,98050000,300000
R14-00076,45300000,150000
R14-00077,24140000,60000
R14-00078,6660000,20000
R14-00079,62310000,150000
R14-00080,30180000,60000
R14-00081,66580000,150000
R14-00082,77390000,300000
R14-00083,1300000,0
R14-00084,740000,0
R14-00085,6510000,20000
R14-00086,15940000,40000
R14-00087,34970000,150000
R14-00088,41660000,150000
R14-00089,75700000,300000
R14-00090,22990000,60000
R14-00091,42260000,150000
R14-00092,120550000,300000
R14-00093,92210000,300000
R14-00094,12690000,40000
R14-00095,36760000,150000
R14-00096,24400000,60000
R14-00097,24980000,60000
R14-00098,53260000,150000
R14-00099,12620000,40000
R14-00100,3610000,0
R14-00101,3850000,0
R14-00102,122840000,300000
R14-00103,5610000,20000
R14-00104,26280000,60000
R14-00105,73760000,300000
R14-00106,4240000,0
R14-00107,151860000,600000
R14-00108,35500000,150000
R14-00109,32820000,60000
R14-00110,152950000,600000
R14-00111,102650000,300000
R14-00112,14060000,40000
R14-00113,99820000,300000
R14-00114,22480000,60000
R14-00115,4280000,0
R14-00116,15220000,40000
R14-00117,85820000,300000
R14-00118,1760000,0
R14-00119,31740000,60000
R14-00120,77130000,300000
R14-00121,45550000,150000
R14-00122,65760000,150000
R14-00123,51820000,150000
R14-00124,43970000,150000
R14-00125,51200000,150000
R14-00126,33540000,150000
R14-00127,76470000,300000
R14-00128,63810000,150000
R14-00129,31810000,60000
R14-00130,32040000,60000
R14-00131,25550000,60000
R14-00132,71020000,300000
R14-00133,4600000,0
R14-00134,15800000,40000
R14-00135,51930000,150000
R14-00136,52610000,150000
R14-00137,20140000,60000
R14-00138,2590000,0
R14-00139,2150000,0
R14-00140,94830000,300000
R14-00141,3200000,0
R14-00142,114230000,300000
R14-00143,43490000,150000
R14-00144,92850000,300000
R14-00145,86530000,300000
R14-00146,1810000,0
R14-00147,18150000,40000
R14-00148,100980000,300000
R14-00149,85760000,300000
R14-00150,11870000,40000
R14-00151,81700000,300000
R14-00152,53460000,150000
R14-00153,65960000,150000
R14-00154,34690000,150000
R14-00155,3900000,0
R14-00156,43680000,150000
R14-00157,62200000,150000
R14-00158,63920000,150000
R14-00159,23640000,60000
R14-00160,146260000,600000
R14-00161,34910000,150000
R14-00162,43390000,150000
R14-00163,21700000,60000
R14-00164,62960000,150000
R14-00165,25880000,60000
R14-00166,80660000,300000
R14-00167,62750000,150000
R14-00168,54990000,150000
R14-00169,22880000,60000
R14-00170,14100000,40000
R14-00171,5960000,20000
R14-00172,27310000,60000
R14-00173,33860000,150000
R14-00174,119080000,300000
R14-00175,28300000,60000
R14-00176,84390000,300000
R14-00177,28480000,60000
R14-00178,1380000,0
R14-00179,84030000,300000
R14-00180,44350000,150000
R14-00181,25930000,60000
R14-00182,86020000,300000
R14-00183,9310000,20000
R14-00184,31140000,60000
R14-00185,3750000,0
R14-00186,35120000,150000
R14-00187,53500000,150000
R14-00188,41830000,150000
R14-00189,47630000,150000
R14-00190,530000,0
R14-00191,18680000,40000
R14-00192,43330000,150000
R14-00193,940000,0
R14-00194,46650000,150000
R14-00195,7480000,20000
R14-00196,47560000,150000
R14-00197,1950000,0
R14-00198,6430000,20000
R14-00199,21690000,60000
R14-00200,5270000,20000
R14-00201,56290000,150000
R14-00202,6400000,20000
R14-00203,71330000,300000
R14-00204,51510000,150000
R14-00205,13830000,40000
R14-00206,94210000,300000
R14-00207,22200000,60000
R14-00208,4690000,0
R14-00209,85520000,300000
R14-00210,73900000,300000
R14-00211,20770000,60000
R14-00212,54540000,150000
R14-00213,75830000,300000
R14-00214,65530000,150000
R14-00215,27360000,60000
R14-00216,36990000,150000
R14-00217,64160000,150000
R14-00218,83220000,300000
R14-00219,23140000,60000
R14-00220,53440000,150000
R14-00221,42910000,150000
R14-00222,102130000,300000
R14-00223,132430000,300000
R14-00224,97690000,300000
R14-00225,28350000,60000
R14-00226,32270000,60000
R14-00227,68140000,300000
R14-00228,12840000,40000
R14-00229,75150000,300000
R14-00230,32040000,60000
R14-00231,22030000,60000
R14-00232,36740000,150000
R14-00233,71570000,300000
R14-00234,11980000,40000
R14-00235,65430000,150000
R14-00236,24770000,60000
R14-00237,35040000,150000
R14-00238,4100000,0
R14-00239,1950000,0
R14-00240,10970000,40000
R14-00241,2610000,0
R14-00242,30750000,60000
R14-00243,91450000,300000
R14-00244,22350000,60000
R14-00245,35340000,150000
R14-00246,24680000,60000
R14-00247,3930000,0
R14-00248,42930000,150000
R14-00249,83420000,300000
R14-00250,112420000,300000
R14-00251,6320000,20000
R14-00252,22210000,60000
R14-00253,2450000,0
R14-00254,61760000,150000
R14-00255,125070000,300000
R14-00256,114620000,300000
R14-00257,1530000,0
R14-00258,111510000,300000
R14-00259,33560000,150000
R14-00260,38840000,150000
R14-00261,81940000,300000
R14-00262,95760000,300000
R14-00263,54690000,150000
R14-00264,63350000,150000
R14-00265,37330000,150000
R14-00266,24560000,60000
R14-00267,14300000,40000
R14-00268,94080000,300000
R14-00269,112070000,300000
R14-00270,11780000,40000
R14-00271,53920000,150000
R14-00272,14890000,40000
R14-00273,65040000,150000
R14-00274,61490000,150000
R14-00275,38390000,150000
R14-00276,34820000,150000
R14-00277,35730000,150000
R14-00278,22560000,60000
R14-00279,1410000,0
R14-00280,44680000,150000
R14-00281,2490000,0
R14-00282,22430000,60000
R14-00283,42960000,150000
R14-00284,3480000,0
R14-00285,9260000,20000
R14-00286,2060000,0
R14-00287,32040000,60000
R14-00288,62440000,150000
R14-00289,92470000,300000
R14-00290,31790000,60000
R14-00291,59550000,150000
R14-00292,11000000,40000
R14-00293,55520000,150000
R14-00294,11000000,40000
R14-00295,31750000,60000
R14-00296,102600000,300000
R14-00297,53770000,150000
R14-00298,22750000,60000
R14-00299,44270000,150000
R14-00300,33030000,60000
R14-00301,18040000,40000
R14-00302,71320000,300000
R14-00303,81330000,300000
R14-00304,61720000,150000
R14-00305,42010000,150000
R14-00306,38750000,150000
R14-00307,102240000,300000
R14-00308,41360000,150000
R14-00309,85950000,300000
R14-00310,106950000,300000
R14-00311,13510000,40000
R14-00312,44730000,150000
R14-00313,56810000,150000
R14-00314,103550000,300000
R14-00315,6320000,20000
R14-00316,44290000,150000
R14-00317,7080000,20000
R14-00318,3400000,0
R14-00319,64110000,150000
R14-00320,33360000,150000
R14-00321,13970000,40000
R14-00322,53050000,150000
R14-00323,36060000,150000
R14-00324,2310000,0
R14-00325,37880000,150000
R14-00326,37670000,150000
R14-00327,24790000,60000
R14-00328,32630000,60000
R14-00329,50440000,150000
R14-00330,32730000,60000
R14-00331,84050000,300000
R14-00332,31590000,60000
R14-00333,41900000,150000
R14-00334,76750000,300000
R14-00335,6680000,20000
R14-00336,13380000,40000
R14-00337,57150000,150000
R14-00338,35740000,150000
R14-00339,42000000,150000
R14-00340,82360000,300000
R14-00341,73080000,300000
R14-00342,83670000,300000
R14-00343,6040000,20000
R14-00344,77840000,300000
R14-00345,73120000,300000
R14-00346,14990000,40000
R14-00347,4390000,0
R14-00348,40970000,150000
R14-00349,34000000,150000
R14-00350,25320000,60000
R14-00351,25550000,60000
R14-00352,142150000,600000
R14-00353,34950000,150000
R14-00354,92760000,300000
R14-00355,32190000,60000
R14-00356,111370000,300000
R14-00357,62820000,150000
R14-00358,123560000,300000
R14-00359,74800000,300000
R14-00360,24910000,60000
R14-00361,91850000,300000
R14-00362,24330000,60000
R14-00363,85580000,300000
R14-00364,41530000,150000
R14-00365,52950000,150000
R14-00366,73500000,300000
R14-00367,56210000,150000
R14-00368,63190000,150000
R14-00369,5030000,20000
R14-00370,77440000,300000
R14-00371,1600000,0
R14-00372,108250000,300000
R14-00373,14010000,40000
R14-00374,52830000,150000
R14-00375,63980000,150000
R14-00376,62450000,150000
R14-00377,50940000,150000
R14-00378,61390000,150000
R14-00379,35650000,150000
R14-00380,104150000,300000
R14-00381,4470000,0
R14-00382,107810000,300000
R14-00383,58180000,150000
R14-00384,26630000,60000
R14-00385,95080000,300000
R14-00386,4150000,0
R14-00387,142280000,600000
R14-00388,31070000,60000
R14-00389,43450000,150000
R14-00390,950000,0
R14-00391,65430000,150000
R14-00392,32280000,60000
R14-00393,2940000,0
R14-00394,92670000,300000
R14-00395,72520000,300000
R14-00396,35560000,150000
R14-00397,33230000,60000
R14-00398,113400000,300000
R14-00399,2640000,0
R14-00400,21340000,60000
R14-00401,40990000,150000
R14-00402,64780000,150000
R14-00403,23620000,60000
R14-00404,93900000,300000
R14-00405,2190000,0
R14-00406,18630000,40000
R14-00407,122080000,300000
R14-00408,2440000,0
R14-00409,21530000,60000
R14-00410,2480000,0
R14-00411,14440000,40000
R14-00412,37340000,150000
R14-00413,34110000,150000
R14-00414,26350000,60000
R14-00415,26410000,60000
R14-00416,74090000,300000
R14-00417,64430000,150000
R14-00418,147210000,600000
R14-00419,72800000,300000
R14-00420,27120000,60000
R14-00421,21430000,60000
R14-00422,83710000,300000
R14-00423,92450000,300000
R14-00424,35850000,150000
R14-00425,11880000,40000
R14-00426,7750000,20000
R14-00427,24440000,60000
R14-00428,224440000,1000000
R14-00429,104140000,300000
R14-00430,22390000,60000
R14-00431,34470000,150000
R14-00432,102180000,300000
R14-00433,21050000,60000
R14-00434,36340000,150000
R14-00435,62940000,150000
R14-00436,41680000,150000
R14-00437,62370000,150000
R14-00438,34730000,150000
R14-00439,16720000,40000
R14-00440,75190000,300000
R14-00441,32310000,60000
R14-00442,35630000,150000
R14-00443,6340000,20000
R14-00444,217810000,1000000
R14-00445,13100000,40000
R14-00446,37700000,150000
R14-00447,83460000,300000
R14-00448,93250000,300000
R14-00449,21760000,60000
R14-00450,32320000,60000
R14-00451,6000000,20000
R14-00452,43730000,150000
R14-00453,61370000,150000
R14-00454,56710000,150000
R14-00455,81110000,300000
R14-00456,81520000,300000
R14-00457,53180000,150000
R14-00458,66890000,300000
R14-00459,2350000,0
R14-00460,32620000,60000
R14-00461,56990000,150000
R14-00462,118290000,300000
R14-00463,14200000,40000
R14-00464,12430000,40000
R14-00465,15080000,40000
R14-00466,35300000,150000
R14-00467,75800000,300000
R14-00468,145870000,600000
R14-00469,36010000,150000
R14-00470,1860000,0
R14-00471,94850000,300000
R14-00472,33600000,150000
R14-00473,102610000,300000
R14-00474,61590000,150000
R14-00475,77200000,300000
R14-00476,22230000,60000
R14-00477,77260000,300000
R14-00478,21460000,60000
R14-00479,62790000,150000
R14-00480,36810000,150000
R14-00481,53510000,150000
R14-00482,5270000,20000
R14-00483,2900000,0
R14-00484,34680000,150000
R14-00485,28720000,60000
R14-00486,62270000,150000
R14-00487,9640000,20000
R14-00488,21810000,60000
R14-00489,70320000,300000
R14-00490,4490000,0
R14-00491,62660000,150000
R14-00492,25260000,60000
R14-00493,61720000,150000
R14-00494,35940000,150000
R14-00495,63590000,150000
R14-00496,64160000,150000
R14-00497,27290000,60000
R14-00498,4090000,0
R14-00499,56200000,150000
R14-00500,14110000,40000
R14-00501,25870000,60000
R14-00502,82670000,300000
R14-00503,42960000,150000
R14-00504,11200000,40000
R14-00505,25980000,60000
R14-00506,131010000,300000
R14-00507,71980000,300000
R14-00508,1330000,0
R14-00509,22260000,60000
R14-00510,100510000,300000
R14-00511,95050000,300000
R14-00512,71340000,300000
R14-00513,22720000,60000
R14-00514,136550000,600000
R14-00515,33640000,150000
R14-00516,37440000,150000
R14-00517,1910000,0
R14-00518,104200000,300000
R14-00519,22570000,60000
R14-00520,111050000,300000
R14-00521,66960000,300000
R14-00522,570000,0
R14-00523,41200000,150000
R14-00524,35590000,150000
R14-00525,77010000,300000
R14-00526,42350000,150000
R14-00527,21670000,60000
R14-00528,2710000,0
R14-00529,2020000,0
R14-00530,36070000,150000
R14-00531,18720000,40000
R14-00532,125370000,300000
R14-00533,1610000,0
R14-00534,42430000,150000
R14-00535,11140000,40000
R14-00536,1730000,0
R14-00537,44450000,150000
R14-00538,29390000,60000
R14-00539,12400000,40000
R14-00540,12270000,40000
R14-00541,51420000,150000
R14-00542,82570000,300000
R14-00543,69010000,300000
R14-00544,2670000,0
R14-00545,44480000,150000
R14-00546,64920000,150000
R14-00547,32810000,60000
R14-00548,51770000,150000
R14-00549,144850000,600000
R14-00550,64850000,150000
R14-00551,38040000,150000
R14-00552,2620000,0
R14-00553,141840000,600000
R14-00554,12170000,40000
R14-00555,52270000,150000
R14-00556,44830000,150000
R14-00557,24840000,60000
R14-00558,24510000,60000
R14-00559,12180000,40000
R14-00560,111930000,300000
R14-00561,2370000,0
R14-00562,48060000,150000
R14-00563,73530000,300000
R14-00564,26420000,60000
R14-00565,74990000,300000
R14-00566,34190000,150000
R14-00567,73200000,300000
R14-00568,23590000,60000
R14-00569,55070000,150000
R14-00570,47940000,150000
R14-00571,24460000,60000
R14-00572,21900000,60000
R14-00573,71350000,300000
R14-00574,35970000,150000
R14-00575,34510000,150000
R14-00576,63080000,150000
R14-00577,85310000,300000
R14-00578,103780000,300000
R14-00579,83730000,300000
R14-00580,50530000,150000
R14-00581,90530000,300000
R14-00582,36910000,150000
R14-00583,118180000,300000
R14-00584,3630000,0
R14-00585,73570000,300000
R14-00586,71760000,300000
R14-00587,73420000,300000
R14-00588,33170000,60000
R14-00589,53270000,150000
R14-00590,78730000,300000
R14-00591,66080000,150000
R14-00592,11720000,40000
R14-00593,25020000,60000
R14-00594,123630000,300000
R14-00595,52110000,150000
R14-00596,32970000,60000
R14-00597,92670000,300000
R14-00598,108450000,300000
R14-00599,46090000,150000
R14-00600,36860000,150000
R14-00601,22370000,60000
R14-00602,22750000,60000
R14-00603,1110000,0
R14-00604,45420000,150000
R14-00605,35150000,150000
R14-00606,5910000,20000
R14-00607,33550000,150000
R14-00608,25010000,60000
R14-00609,10290000,40000
R14-00610,7900000,20000
R14-00611,30210000,60000
R14-00612,16650000,40000
R14-00613,36190000,150000
R14-00614,98430000,300000
R14-00615,7440000,20000
R14-00616,96450000,300000
R14-00617,62750000,150000
R14-00618,43980000,150000
R14-00619,82040000,300000
R14-00620,92790000,300000
R14-00621,5140000,20000
R14-00622,170000,0
R14-00623,3820000,0
R14-00624,71180000,300000
R14-00625,20700000,60000
R14-00626,2910000,0
R14-00627,4820000,0
R14-00628,16430000,40000
R14-00629,21370000,60000
R14-00630,95760000,300000
R14-00631,13390000,40000
R14-00632,22360000,60000
R14-00633,60210000,150000
R14-00634,13110000,40000
R14-00635,62000000,150000
R14-00636,41240000,150000
R14-00637,37480000,150000
R14-00638,54290000,150000
R14-00639,6170000,20000
R14-00640,44760000,150000
R14-00641,23710000,60000
R14-00642,32560000,60000
R14-00643,114310000,300000
R14-00644,44230000,150000
R14-00645,53070000,150000
R14-00646,74340000,300000
R14-00647,4790000,0
R14-00648,21870000,60000
R14-00649,81220000,300000
R14-00650,112460000,300000
R14-00651,84060000,300000
R14-00652,65960000,150000
R14-00653,133930000,600000
R14-00654,84910000,300000
R14-00655,71950000,300000
R14-00656,75450000,300000
R14-00657,41810000,150000
R14-00658,113760000,300000
R14-00659,92240000,300000
R14-00660,53140000,150000
R14-00661,3610000,0
R14-00662,68550000,300000
R14-00663,66920000,300000
R14-00664,12550000,40000
R14-00665,27750000,60000
R14-00666,74870000,300000
R14-00667,86080000,300000
R14-00668,11880000,40000
R14-00669,73390000,300000
R14-00670,90360000,300000
R14-00671,4010000,0
R14-00672,16380000,40000
R14-00673,11730000,40000
R14-00674,90500000,300000
R14-00675,3730000,0
R14-00676,8910000,20000
R14-00677,11800000,40000
R14-00678,85810000,300000
R14-00679,540000,0
R14-00680,73150000,300000
R14-00681,43660000,150000
R14-00682,156300000,600000
R14-00683,32800000,60000
R14-00684,23530000,60000
R14-00685,63390000,150000
R14-00686,103230000,300000
R14-00687,53160000,150000
R14-00688,21140000,60000
R14-00689,113320000,300000
R14-00690,21230000,60000
R14-00691,42970000,150000
R14-00692,50830000,150000
R14-00693,27780000,60000
R14-00694,32770000,60000
R14-00695,66980000,300000
R14-00696,53500000,150000
R14-00697,2570000,0
R14-00698,93440000,300000
R14-00699,760000,0
R14-00700,15250000,40000
R14-00701,13870000,40000
R14-00702,14710000,40000
R14-00703,51860000,150000
R14-00704,59020000,150000
R14-00705,42110000,150000
R14-00706,21770000,60000
R14-00707,45690000,150000
R14-00708,61560000,150000
R14-00709,37130000,150000
R14-00710,63330000,150000
R14-00711,74290000,300000
R14-00712,21390000,60000
R14-00713,6040000,20000
R14-00714,65920000,150000
R14-00715,31800000,60000
R14-00716,17070000,40000
R14-00717,5090000,20000
R14-00718,17470000,40000
R14-00719,52760000,150000
R14-00720,26830000,60000
R14-00721,48320000,150000
R14-00722,5540000,20000
R14-00723,5620000,20000
R14-00724,140700000,600000
R14-00725,6530000,20000
R14-00726,53840000,150000
R14-00727,52370000,150000
R14-00728,99480000,300000
R14-00729,70980000,300000
R14-00730,2800000,0
R14-00731,36630000,150000
R14-00732,8320000,20000
R14-00733,22850000,60000
R14-00734,21350000,60000
R14-00735,82000000,300000
R14-00736,32510000,60000
R14-00737,35560000,150000
R14-00738,46150000,150000
R14-00739,42540000,150000
R14-00740,1020000,0
R14-00741,42110000,150000
R14-00742,34700000,150000
R14-00743,24370000,60000
R14-00744,66240000,150000
R14-00745,5810000,20000
R14-00746,13560000,40000
R14-00747,50930000,150000
R14-00748,20700000,60000
R14-00749,23060000,60000
R14-00750,87150000,300000
R14-00751,12410000,40000
R14-00752,41920000,150000
R14-00753,13760000,40000
R14-00754,22280000,60000
R14-00755,62620000,150000
R14-00756,2970000,0
R14-00757,43440000,150000
R14-00758,82160000,300000
R14-00759,25700000,60000
R14-00760,340000,0
R14-00761,43240000,150000
R14-00762,52150000,150000
R14-00763,21840000,60000
R14-00764,21420000,60000
R14-00765,65710000,150000
R14-00766,32180000,60000
R14-00767,83780000,300000
R14-00768,11730000,40000
R14-00769,4120000,0
R14-00770,3340000,0
R14-00771,123270000,300000
R14-00772,32360000,60000
R14-00773,85020000,300000
R14-00774,42050000,150000
R14-00775,82030000,300000
R14-00776,42080000,150000
R14-00777,95040000,300000
R14-00778,1160000,0
R14-00779,22160000,60000
R14-00780,35620000,150000
R14-00781,14610000,40000
R14-00782,93480000,300000
R14-00783,32240000,60000
R14-00784,44550000,150000
R14-00785,53690000,150000
R14-00786,81300000,300000
R14-00787,61770000,150000
R14-00788,83630000,300000
R14-00789,61400000,150000
R14-00790,101970000,300000
R14-00791,69120000,300000
R14-00792,88110000,300000
R14-00793,11980000,40000
R14-00794,29040000,60000
R14-00795,51000000,150000
R14-00796,46540000,150000
R14-00797,73990000,300000
R14-00798,12110000,40000
R14-00799,51640000,150000
R14-00800,94540000,300000
R14-00801,64030000,150000
R14-00802,63150000,150000
R14-00803,32780000,60000
R14-00804,51680000,150000
R14-00805,28060000,60000
R14-00806,2210000,0
R14-00807,76650000,300000
R14-00808,17110000,40000
R14-00809,1640000,0
R14-00810,7160000,20000
R14-00811,41910000,150000
R14-00812,33470000,150000
R14-00813,89410000,300000
R14-00814,28350000,60000
R14-00815,77050000,300000
R14-00816,15760000,40000
R14-00817,65400000,150000
R14-00818,57560000,150000
R14-00819,34250000,150000
R14-00820,41180000,150000
R14-00821,23490000,60000
R14-00822,35180000,150000
R14-00823,12490000,40000
R14-00824,41540000,150000
R14-00825,20510000,60000
R14-00826,48640000,150000
R14-00827,33590000,150000
R14-00828,32720000,60000
R14-00829,97320000,300000
R14-00830,23290000,60000
R14-00831,14870000,40000
R14-00832,10280000,40000
R14-00833,33630000,150000
R14-00834,3710000,0
R14-00835,30840000,60000
R14-00836,3420000,0
R14-00837,97030000,300000
R14-00838,5570000,20000
R14-00839,32380000,60000
R14-00840,3100000,0
R14-00841,6520000,20000
R14-00842,76120000,300000
R14-00843,19520000,40000
R14-00844,16220000,40000
R14-00845,75010000,300000
R14-00846,31130000,60000
R14-00847,22860000,60000
R14-00848,35320000,150000
R14-00849,67310000,300000
R14-00850,26190000,60000
R14-00851,23460000,60000
R14-00852,151400000,600000
R14-00853,29500000,60000
R14-00854,36880000,150000
R14-00855,11000000,40000
R14-00856,106500000,300000
R14-00857,94270000,300000
R14-00858,82490000,300000
R14-00859,91150000,300000
R14-00860,74640000,300000
R14-00861,21710000,60000
R14-00862,36010000,150000
R14-00863,32030000,60000
R14-00864,32050000,60000
R14-00865,11530000,40000
R14-00866,81830000,300000
R14-00867,36580000,150000
R14-00868,93840000,300000
R14-00869,152940000,600000
R14-00870,52080000,150000
R14-00871,23480000,60000
R14-00872,40660000,150000
R14-00873,55380000,150000
R14-00874,97560000,300000
R14-00875,20900000,60000
R14-00876,56430000,150000
R14-00877,14710000,40000
R14-00878,73460000,300000
R14-00879,13480000,40000
R14-00880,45100000,150000
R14-00881,22630000,60000
R14-00882,48680000,150000
R14-00883,24350000,60000
R14-00884,44180000,150000
R14-00885,47680000,150000
R14-00886,55810000,150000
R14-00887,2480000,0
R14-00888,63610000,150000
R14-00889,72010000,300000
R14-00890,5740000,20000
R14-00891,26900000,60000
R14-00892,71510000,300000
R14-00893,67740000,300000
R14-00894,55560000,150000
R14-00895,25550000,60000
R14-00896,21570000,60000
R14-00897,122000000,300000
R14-00898,1210000,0
R14-00899,25790000,60000
R14-00900,27330000,60000
R14-00901,67570000,300000
R14-00902,43920000,150000
R14-00903,15670000,40000
R14-00904,15340000,40000
R14-00905,35930000,150000
R14-00906,2200000,0
R14-00907,22740000,60000
R14-00908,18630000,40000
R14-00909,17170000,40000
R14-00910,70930000,300000
R14-00911,13160000,40000
R14-00912,31830000,60000
R14-00913,42170000,150000
R14-00914,6900000,20000
R14-00915,20300000,60000
R14-00916,62060000,150000
R14-00917,85470000,300000
R14-00918,133370000,600000
R14-00919,64730000,150000
R14-00920,47130000,150000
R14-00921,2770000,0
R14-00922,1660000,0
R14-00923,4170000,0
R14-00924,1450000,0
R14-00925,81480000,300000
R14-00926,20270000,60000
R14-00927,84550000,300000
R14-00928,630000,0
R14-00929,14290000,40000
R14-00930,23770000,60000
R14-00931,82870000,300000
R14-00932,146010000,600000
R14-00933,25720000,60000
R14-00934,56600000,150000
R14-00935,32780000,60000
R14-00936,38880000,150000
R14-00937,61420000,150000
R14-00938,45330000,150000
R14-00939,15390000,40000
R14-00940,380000,0
R14-00941,23410000,60000
R14-00942,73050000,300000
R14-00943,21890000,60000
R14-00944,33850000,150000
R14-00945,25060000,60000
R14-00946,51670000,150000
R14-00947,44740000,150000
R14-00948,41620000,150000
R14-00949,1990000,0
R14-00950,103350000,300000
R14-00951,18890000,40000
R14-00952,12440000,40000
R14-00953,51520000,150000
R14-00954,83190000,300000
R14-00955,81880000,300000
R14-00956,33080000,60000
R14-00957,10540000,40000
R14-00958,650000,0
R14-00959,40690000,150000
R14-00960,31840000,60000
R14-00961,87080000,300000
R14-00962,62030000,150000
R14-00963,28120000,60000
R14-00964,2280000,0
R14-00965,22580000,60000
R14-00966,24320000,60000
R14-00967,520000,0
R14-00968,7190000,20000
R14-00969,22710000,60000
R14-00970,51980000,150000
R14-00971,3230000,0
R14-00972,5340000,20000
R14-00973,42380000,150000
R14-00974,139760000,600000
R14-00975,39240000,150000
R14-00976,15880000,40000
R14-00977,61720000,150000
R14-00978,72570000,300000
R14-00979,101970000,300000
R14-00980,74690000,300000
R14-00981,27000000,60000
R14-00982,102750000,300000
R14-00983,76990000,300000
R14-00984,51010000,150000
R14-00985,15190000,40000
R14-00986,28550000,60000
R14-00987,38110000,150000
R14-00988,59180000,150000
R14-00989,37590000,150000
R14-00990,30650000,60000
R14-00991,11690000,40000
R14-00992,17850000,40000
R14-00993,52230000,150000
R14-00994,21460000,60000
R14-00995,68470000,300000
R14-00996,48640000,150000
R14-00997,91940000,300000
R14-00998,35850000,150000
R14-00999,37080000,150000
R14-01000,35410000,150000
R14-01001,92380000,300000
R14-01002,420000,0
R14-01003,22140000,60000
R14-01004,27230000,60000
R14-01005,11150000,40000
R14-01006,65190000,150000
R14-01007,101440000,300000
R14-01008,21350000,60000
R14-01009,135430000,600000
R14-01010,24820000,60000
R14-01011,25840000,60000
R14-01012,8880000,20000
R14-01013,34650000,150000
R14-01014,3990000,0
R14-01015,82110000,300000
R14-01016,16650000,40000
R14-01017,1610000,0
R14-01018,22430000,60000
R14-01019,1540000,0
R14-01020,38590000,150000
R14-01021,53020000,150000
R14-01022,73710000,300000
R14-01023,76790000,300000
R14-01024,5360000,20000
R14-01025,12950000,40000
R14-01026,3590000,0
R14-01027,27260000,60000
R14-01028,46450000,150000
R14-01029,34440000,150000
R14-01030,13510000,40000
R14-01031,43790000,150000
R14-01032,88670000,300000
R14-01033,33740000,150000
R14-01034,4190000,0
R14-01035,4180000,0
R14-01036,5250000,20000
R14-01037,3690000,0
R14-01038,32530000,60000
R14-01039,51720000,150000
R14-01040,93500000,300000
R14-01041,13250000,40000
R14-01042,43170000,150000
R14-01043,42930000,150000
R14-01044,52300000,150000
R14-01045,36190000,150000
R14-01046,13290000,40000
R14-01047,34350000,150000
R14-01048,142860000,600000
R14-01049,18140000,40000
R14-01050,84100000,300000
R14-01051,15270000,40000
R14-01052,64920000,150000
R14-01053,55990000,150000
R14-01054,137790000,600000
R14-01055,74190000,300000
R14-01056,3050000,0
R14-01057,22030000,60000
R14-01058,9060000,20000
R14-01059,61630000,150000
R14-01060,35860000,150000
R14-01061,53620000,150000
R14-01062,3530000,0
R14-01063,97760000,300000
R14-01064,22540000,60000
R14-01065,55530000,150000
R14-01066,77210000,300000
R14-01067,23030000,60000
R14-01068,14850000,40000
R14-01069,73640000,300000
R14-01070,4760000,0
R14-01071,124690000,300000
R14-01072,3200000,0
R14-01073,52860000,150000
R14-01074,45440000,150000
R14-01075,91490000,300000
R14-01076,100580000,300000
R14-01077,720000,0
R14-01078,71650000,300000
R14-01079,10850000,40000
R14-01080,33860000,150000
R14-01081,5150000,20000
R14-01082,4400000,0
R14-01083,77360000,300000
R14-01084,26930000,60000
R14-01085,33900000,150000
R14-01086,4040000,0
R14-01087,44990000,150000
R14-01088,12860000,40000
R14-01089,21960000,60000
R14-01090,11770000,40000
R14-01091,21830000,60000
R14-01092,64480000,150000
R14-01093,40550000,150000
R14-01094,2350000,0
R14-01095,48440000,150000
R14-01096,46220000,150000
R14-01097,3140000,0
R14-01098,23980000,60000
R14-01099,31850000,60000
R14-01100,6630000,20000
R14-01101,12590000,40000
R14-01102,52650000,150000
R14-01103,31210000,60000
R14-01104,52110000,150000
R14-01105,2860000,0
R14-01106,85880000,300000
R14-01107,11620000,40000
R14-01108,11340000,40000
R14-01109,13480000,40000
R14-01110,30980000,60000
R14-01111,680000,0
R14-01112,3020000,0
R14-01113,15850000,40000
R14-01114,15970000,40000
R14-01115,2030000,0
R14-01116,1500000,0
R14-01117,23240000,60000
R14-01118,81200000,300000
R14-01119,73380000,300000
R14-01120,76830000,300000
R14-01121,73750000,300000
R14-01122,20380000,60000
R14-01123,20870000,60000
R14-01124,64090000,150000
R14-01125,34920000,150000
R14-01126,34050000,150000
R14-01127,18370000,40000
R14-01128,118060000,300000
R14-01129,83220000,300000
R14-01130,83140000,300000
R14-01131,33870000,150000
R14-01132,7770000,20000
R14-01133,12320000,40000
R14-01134,63620000,150000
R14-01135,32760000,60000
R14-01136,31410000,60000
R14-01137,92720000,300000
R14-01138,72640000,300000
R14-01139,28730000,60000
R14-01140,67450000,300000
R14-01141,16770000,40000
R14-01142,71280000,300000
R14-01143,26660000,60000
R14-01144,3490000,0
R14-01145,21040000,60000
R14-01146,3920000,0
R14-01147,32500000,60000
R14-01148,20620000,60000
R14-01149,1560000,0
R14-01150,11950000,40000
R14-01151,4850000,0
R14-01152,46520000,150000
R14-01153,16080000,40000
R14-01154,93670000,300000
R14-01155,115810000,300000
R14-01156,84680000,300000
R14-01157,33630000,150000
R14-01158,32710000,60000
R14-01159,14970000,40000
R14-01160,81600000,300000
R14-01161,60750000,150000
R14-01162,41330000,150000
R14-01163,21940000,60000
R14-01164,173330000,600000
R14-01165,13110000,40000
R14-01166,101890000,300000
R14-01167,23330000,60000
R14-01168,43250000,150000
R14-01169,24980000,60000
R14-01170,21720000,60000
R14-01171,21830000,60000
R14-01172,54210000,150000
R14-01173,1900000,0
R14-01174,26150000,60000
R14-01175,54070000,150000
R14-01176,44510000,150000
R14-01177,4340000,0
R14-01178,16630000,40000
R14-01179,14630000,40000
R14-01180,76690000,300000
R14-01181,470000,0
R14-01182,32070000,60000
R14-01183,37770000,150000
R14-01184,104830000,300000
R14-01185,11480000,40000
R14-01186,43880000,150000
R14-01187,54240000,150000
R14-01188,42890000,150000
R14-01189,66470000,150000
R14-01190,63750000,150000
R14-01191,34150000,150000
R14-01192,50800000,150000
R14-01193,4230000,0
R14-01194,6730000,20000
R14-01195,2440000,0
R14-01196,142720000,600000
R14-01197,63230000,150000
R14-01198,62850000,150000
R14-01199,118960000,300000
R14-01200,95250000,300000
R14-01201,22590000,60000
R14-01202,52050000,150000
R14-01203,3900000,0
R14-01204,3170000,0
R14-01205,24460000,60000
R14-01206,51640000,150000
R14-01207,103430000,300000
R14-01208,73770000,300000
R14-01209,2880000,0
R14-01210,7460000,20000
R14-01211,65800000,150000
R14-01212,21910000,60000
R14-01213,45160000,150000
R14-01214,102220000,300000
R14-01215,41200000,150000
R14-01216,35500000,150000
R14-01217,36640000,150000
R14-01218,106880000,300000
R14-01219,73660000,300000
R14-01220,25600000,60000
R14-01221,66310000,150000
R14-01222,4980000,0
R14-01223,101750000,300000
R14-01224,80620000,300000
R14-01225,22070000,60000
R14-01226,21840000,60000
R14-01227,22420000,60000
R14-01228,35310000,150000
R14-01229,41520000,150000
R14-01230,105490000,300000
R14-01231,27960000,60000
R14-01232,84960000,300000
R14-01233,39610000,150000
R14-01234,12830000,40000
R14-01235,8540000,20000
R14-01236,3330000,0
R14-01237,28130000,60000
R14-01238,2400000,0
R14-01239,23230000,60000
R14-01240,76600000,300000
R14-01241,102530000,300000
R14-01242,58290000,150000
R14-01243,2940000,0
R14-01244,12520000,40000
R14-01245,41840000,150000
R14-01246,56700000,150000
R14-01247,61630000,150000
R14-01248,75070000,300000
R14-01249,10760000,40000
R14-01250,33320000,60000
R14-01251,30710000,60000
R14-01252,23070000,60000
R14-01253,74030000,300000
R14-01254,82420000,300000
R14-01255,90320000,300000
R14-01256,31880000,60000
R14-01257,6140000,20000
R14-01258,70730000,300000
R14-01259,13100000,40000
R14-01260,31830000,60000
R14-01261,134380000,600000
R14-01262,1960000,0
R14-01263,47290000,150000
R14-01264,54830000,150000
R14-01265,25620000,60000
R14-01266,33220000,60000
R14-01267,2320000,0
R14-01268,500000,0
R14-01269,57620000,150000
R14-01270,51430000,150000
R14-01271,54230000,150000
R14-01272,14380000,40000
R14-01273,24540000,60000
R14-01274,6780000,20000
R14-01275,123560000,300000
R14-01276,2490000,0
R14-01277,52010000,150000
R14-01278,81280000,300000
R14-01279,55600000,150000
R14-01280,13350000,40000
R14-01281,52880000,150000
R14-01282,970000,0
R14-01283,26570000,60000
R14-01284,31580000,60000
R14-01285,85380000,300000
R14-01286,25650000,60000
R14-01287,72610000,300000
R14-01288,2320000,0
R14-01289,35570000,150000
R14-01290,11830000,40000
R14-01291,77300000,300000
R14-01292,41090000,150000
R14-01293,32910000,60000
R14-01294,32530000,60000
R14-01295,118210000,300000
R14-01296,31960000,60000
R14-01297,22280000,60000
R14-01298,52850000,150000
R14-01299,16040000,40000
R14-01300,21870000,60000
R14-01301,72540000,300000
R14-01302,143910000,600000
R14-01303,24000000,60000
R14-01304,81990000,300000
R14-01305,26520000,60000
R14-01306,55310000,150000
R14-01307,54260000,150000
R14-01308,14510000,40000
R14-01309,4850000,0
R14-01310,91340000,300000
R14-01311,32140000,60000
R14-01312,45930000,150000
R14-01313,31810000,60000
R14-01314,84390000,300000
R14-01315,14720000,40000
R14-01316,13770000,40000
R14-01317,43560000,150000
R14-01318,21900000,60000
R14-01319,1520000,0
R14-01320,145280000,600000
R14-01321,26950000,60000
R14-01322,41600000,150000
R14-01323,42210000,150000
R14-01324,5500000,20000
R14-01325,22250000,60000
R14-01326,5960000,20000
R14-01327,23210000,60000
R14-01328,65350000,150000
R14-01329,99650000,300000
R14-01330,45090000,150000
R14-01331,51940000,150000
R14-01332,51380000,150000
R14-01333,57080000,150000
R14-01334,24900000,60000
R14-01335,82910000,300000
R14-01336,82720000,300000
R14-01337,2430000,0
R14-01338,66940000,300000
R14-01339,42210000,150000
R14-01340,24010000,60000
R14-01341,7360000,20000
R14-01342,20580000,60000
R14-01343,26700000,60000
R14-01344,92150000,300000
R14-01345,27160000,60000
R14-01346,57960000,150000
R14-01347,8660000,20000
R14-01348,6580000,20000
R14-01349,21960000,60000
R14-01350,23120000,60000
R14-01351,1130000,0
R14-01352,3440000,0
R14-01353,41000000,150000
R14-01354,11870000,40000
R14-01355,30950000,60000
R14-01356,7120000,20000
R14-01357,21300000,60000
R14-01358,81230000,300000
R14-01359,45180000,150000
R14-01360,12690000,40000
R14-01361,5560000,20000
R14-01362,55640000,150000
R14-01363,54080000,150000
R14-01364,49180000,150000
R14-01365,2750000,0
R14-01366,36660000,150000
R14-01367,23770000,60000
R14-01368,37790000,150000
R14-01369,82580000,300000
R14-01370,32880000,60000
R14-01371,43570000,150000
R14-01372,95060000,300000
R14-01373,21980000,60000
R14-01374,32540000,60000
R14-01375,95010000,300000
R14-01376,5920000,20000
R14-01377,24360000,60000
R14-01378,2050000,0
R14-01379,14170000,40000
R14-01380,1620000,0
R14-01381,55010000,150000
R14-01382,87300000,300000
R14-01383,23680000,60000
R14-01384,25460000,60000
R14-01385,14050000,40000
R14-01386,123880000,300000
R14-01387,91740000,300000
R14-01388,72290000,300000
R14-01389,62150000,150000
R14-01390,50350000,150000
R14-01391,47010000,150000
R14-01392,131590000,300000
R14-01393,12480000,40000
R14-01394,105620000,300000
R14-01395,91310000,300000
R14-01396,3790000,0
R14-01397,23640000,60000
R14-01398,47400000,150000
R14-01399,73220000,300000
R14-01400,103680000,300000
R14-01401,2810000,0
R14-01402,38550000,150000
R14-01403,57030000,150000
R14-01404,22990000,60000
R14-01405,52150000,150000
R14-01406,14280000,40000
R14-01407,61560000,150000
R14-01408,33960000,150000
R14-01409,63910000,150000
R14-01410,25320000,60000
R14-01411,56920000,150000
R14-01412,54740000,150000
R14-01413,81430000,300000
R14-01414,127560000,300000
R14-01415,31010000,60000
R14-01416,2570000,0
R14-01417,21770000,60000
R14-01418,93630000,300000
R14-01419,3040000,0
R14-01420,41560000,150000
R14-01421,30380000,60000
R14-01422,97030000,300000
R14-01423,63310000,150000
R14-01424,103460000,300000
R14-01425,82680000,300000
R14-01426,31620000,60000
R14-01427,31330000,60000
R14-01428,30140000,60000
R14-01429,30470000,60000
R14-01430,4090000,0
R14-01431,21770000,60000
R14-01432,32620000,60000
R14-01433,103590000,300000
R14-01434,83000000,300000
R14-01435,1570000,0
R14-01436,23900000,60000
R14-01437,13410000,40000
R14-01438,6210000,20000
R14-01439,65920000,150000
R14-01440,104090000,300000
R14-01441,141340000,600000
R14-01442,112460000,300000
R14-01443,2040000,0
R14-01444,35930000,150000
R14-01445,51990000,150000
R14-01446,37020000,150000
R14-01447,53150000,150000
R14-01448,38960000,150000
R14-01449,32180000,60000
R14-01450,93490000,300000
R14-01451,77320000,300000
R14-01452,2120000,0
R14-01453,97390000,300000
R14-01454,43410000,150000
R14-01455,26220000,60000
R14-01456,21380000,60000
R14-01457,34700000,150000
R14-01458,14070000,40000
R14-01459,12990000,40000
R14-01460,31380000,60000
R14-01461,2290000,0
R14-01462,45700000,150000
R14-01463,15190000,40000
R14-01464,49330000,150000
R14-01465,113340000,300000
R14-01466,53910000,150000
R14-01467,24420000,60000
R14-01468,133020000,300000
R14-01469,21540000,60000
R14-01470,53510000,150000
R14-01471,82680000,300000
R14-01472,54070000,150000
R14-01473,62220000,150000
R14-01474,143930000,600000
R14-01475,107100000,300000
R14-01476,21960000,60000
R14-01477,20940000,60000
R14-01478,61500000,150000
R14-01479,71200000,300000
R14-01480,26590000,60000
R14-01481,4000000,0
R14-01482,2900000,0
R14-01483,14880000,40000
R14-01484,96520000,300000
R14-01485,32440000,60000
R14-01486,3060000,0
R14-01487,98520000,300000
R14-01488,75910000,300000
R14-01489,69120000,300000
R14-01490,28730000,60000
R14-01491,81520000,300000
R14-01492,21460000,60000
R14-01493,7510000,20000
R14-01494,12880000,40000
R14-01495,12390000,40000
R14-01496,24770000,60000
R14-01497,17140000,40000
R14-01498,26540000,60000
R14-01499,5030000,20000
R14-01500,67300000,300000
R14-01501,10900000,40000
R14-01502,102870000,300000
R14-01503,97800000,300000
R14-01504,13240000,40000
R14-01505,113410000,300000
R14-01506,56800000,150000
R14-01507,22930000,60000
R14-01508,14680000,40000
R14-01509,95510000,300000
R14-01510,65890000,150000
R14-01511,12050000,40000
R14-01512,13790000,40000
R14-01513,21680000,60000
R14-01514,26590000,60000
R14-01515,4260000,0
R14-01516,43180000,150000
R14-01517,15490000,40000
R14-01518,21710000,60000
R14-01519,27140000,60000
R14-01520,61740000,150000
R14-01521,36090000,150000
R14-01522,45840000,150000
R14-01523,71450000,300000
R14-01524,43810000,150000
R14-01525,44580000,150000
R14-01526,18340000,40000
R14-01527,11460000,40000
R14-01528,5970000,20000
R14-01529,2820000,0
R14-01530,33540000,150000
R14-01531,13570000,40000
R14-01532,93020000,300000
R14-01533,62220000,150000
R14-01534,2390000,0
R14-01535,60710000,150000
R14-01536,46320000,150000
R14-01537,64820000,150000
R14-01538,12430000,40000
R14-01539,72050000,300000
R14-01540,35500000,150000
R14-01541,2400000,0
R14-01542,61840000,150000
R14-01543,102830000,300000
R14-01544,102410000,300000
R14-01545,18590000,40000
R14-01546,43610000,150000
R14-01547,56900000,150000
R14-01548,22760000,60000
R14-01549,2400000,0
R14-01550,22920000,60000
R14-01551,55450000,150000
R14-01552,8150000,20000
R14-01553,13740000,40000
R14-01554,27010000,60000
R14-01555,12700000,40000
R14-01556,52380000,150000
R14-01557,51540000,150000
R14-01558,34780000,150000
R14-01559,2020000,0
R14-01560,22320000,60000
R14-01561,1400000,0
R14-01562,122680000,300000
R14-01563,33130000,60000
R14-01564,38580000,150000
R14-01565,23110000,60000
R14-01566,52120000,150000
R14-01567,60900000,150000
R14-01568,21640000,60000
R14-01569,55130000,150000
R14-01570,62160000,150000
R14-01571,21540000,60000
R14-01572,3760000,0
R14-01573,85890000,300000
R14-01574,36040000,150000
R14-01575,2890000,0
R14-01576,28790000,60000
R14-01577,12870000,40000
R14-01578,46580000,150000
R14-01579,33560000,150000
R14-01580,6490000,20000
R14-01581,26950000,60000
R14-01582,65220000,150000
R14-01583,22410000,60000
R14-01584,39180000,150000
R14-01585,33770000,150000
R14-01586,73130000,300000
R14-01587,73870000,300000
R14-01588,11870000,40000
R14-01589,51220000,150000
R14-01590,62360000,150000
R14-01591,84060000,300000
R14-01592,3180000,0
R14-01593,63310000,150000
R14-01594,22410000,60000
R14-01595,80400000,300000
R14-01596,89450000,300000
R14-01597,68670000,300000
R14-01598,87490000,300000
R14-01599,51700000,150000
R14-01600,5280000,20000
R14-01601,94950000,300000
R14-01602,3130000,0
R14-01603,21460000,60000
R14-01604,22280000,60000
R14-01605,2920000,0
R14-01606,90860000,300000
R14-01607,23280000,60000
R14-01608,13250000,40000
R14-01609,25710000,60000
R14-01610,29050000,60000
R14-01611,60870000,150000
R14-01612,34140000,150000
R14-01613,5420000,20000
R14-01614,10200000,40000
R14-01615,6200000,20000
R14-01616,82850000,300000
R14-01617,5550000,20000
R14-01618,20310000,60000
R14-01619,22900000,60000
R14-01620,62970000,150000
R14-01621,46430000,150000
R14-01622,60760000,150000
R14-01623,33610000,150000
R14-01624,77420000,300000
R14-01625,43910000,150000
R14-01626,46990000,150000
R14-01627,3880000,0
R14-01628,6240000,20000
R14-01629,43010000,150000
R14-01630,13110000,40000
R14-01631,14380000,40000
R14-01632,52480000,150000
R14-01633,51390000,150000
R14-01634,25900000,60000
R14-01635,43220000,150000
R14-01636,2140000,0
R14-01637,32990000,60000
R14-01638,13700000,40000
R14-01639,62350000,150000
R14-01640,82460000,300000
R14-01641,151340000,600000
R14-01642,22290000,60000
R14-01643,13040000,40000
R14-01644,83450000,300000
R14-01645,24470000,60000
R14-01646,37320000,150000
R14-01647,26670000,60000
R14-01648,24720000,60000
R14-01649,13630000,40000
R14-01650,33570000,150000
R14-01651,16400000,40000
R14-01652,101000000,300000
R14-01653,23010000,60000
R14-01654,23700000,60000
R14-01655,55840000,150000
R14-01656,24440000,60000
R14-01657,67660000,300000
R14-01658,52880000,150000
R14-01659,51330000,150000
R14-01660,222450000,1000000
R14-01661,37040000,150000
R14-01662,7000000,20000
R14-01663,13410000,40000
R14-01664,66260000,150000
R14-01665,13250000,40000
R14-01666,18950000,40000
R14-01667,41240000,150000
R14-01668,52280000,150000
R14-01669,3870000,0
R14-01670,44460000,150000
R14-01671,72780000,300000
R14-01672,34250000,150000
R14-01673,3600000,0
R14-01674,22620000,60000
R14-01675,33150000,60000
R14-01676,31860000,60000
R14-01677,33110000,60000
R14-01678,43960000,150000
R14-01679,6210000,20000
R14-01680,4500000,0
R14-01681,40710000,150000
R14-01682,106290000,300000
R14-01683,56190000,150000
R14-01684,8360000,20000
R14-01685,54440000,150000
R14-01686,122600000,300000
R14-01687,11470000,40000
R14-01688,99220000,300000
R14-01689,22690000,60000
R14-01690,60530000,150000
R14-01691,103730000,300000
R14-01692,2570000,0
R14-01693,40150000,150000
R14-01694,108970000,300000
R14-01695,32070000,60000
R14-01696,103530000,300000
R14-01697,13290000,40000
R14-01698,116620000,300000
R14-01699,107290000,300000
R14-01700,102500000,300000
R14-01701,130930000,300000
R14-01702,14600000,40000
R14-01703,42730000,150000
R14-01704,40720000,150000
R14-01705,41820000,150000
R14-01706,3840000,0
R14-01707,5060000,20000
R14-01708,34660000,150000
R14-01709,33940000,150000
R14-01710,17710000,40000
R14-01711,32940000,60000
R14-01712,4600000,0
R14-01713,7990000,20000
R14-01714,24130000,60000
R14-01715,10210000,40000
R14-01716,52570000,150000
R14-01717,350000,0
R14-01718,26620000,60000
R14-01719,107280000,300000
R14-01720,11910000,40000
R14-01721,14010000,40000
R14-01722,62700000,150000
R14-01723,34940000,150000
R14-01724,23750000,60000
R14-01725,45880000,150000
R14-01726,66660000,150000
R14-01727,3030000,0
R14-01728,23310000,60000
R14-01729,27280000,60000
R14-01730,101450000,300000
R14-01731,94560000,300000
R14-01732,54790000,150000
R14-01733,8300000,20000
R14-01734,76460000,300000
R14-01735,43120000,150000
R14-01736,23350000,60000
R14-01737,14760000,40000
R14-01738,33080000,60000
R14-01739,30330000,60000
R14-01740,30360000,60000
R14-01741,5540000,20000
R14-01742,51680000,150000
R14-01743,90340000,300000
R14-01744,33290000,60000
R14-01745,33580000,150000
R14-01746,23810000,60000
R14-01747,24560000,60000
R14-01748,2360000,0
R14-01749,7280000,20000
R14-01750,63830000,150000
R14-01751,6550000,20000
R14-01752,141350000,600000
R14-01753,75870000,300000
R14-01754,102730000,300000
R14-01755,25140000,60000
R14-01756,7220000,20000
R14-01757,101070000,300000
R14-01758,84560000,300000
R14-01759,23770000,60000
R14-01760,93820000,300000
R14-01761,27150000,60000
R14-01762,51290000,150000
R14-01763,6640000,20000
R14-01764,72190000,300000
R14-01765,31750000,60000
R14-01766,32420000,60000
R14-01767,76490000,300000
R14-01768,71180000,300000
R14-01769,2340000,0
R14-01770,41990000,150000
R14-01771,37690000,150000
R14-01772,51460000,150000
R14-01773,96710000,300000
R14-01774,39030000,150000
R14-01775,61770000,150000
R14-01776,42810000,150000
R14-01777,22280000,60000
R14-01778,3840000,0
R14-01779,1380000,0
R14-01780,15530000,40000
R14-01781,76070000,300000
R14-01782,76850000,300000
R14-01783,104590000,300000
R14-01784,43950000,150000
R14-01785,17030000,40000
R14-01786,15930000,40000
R14-01787,41660000,150000
R14-01788,2590000,0
R14-01789,24680000,60000
R14-01790,35240000,150000
R14-01791,62150000,150000
R14-01792,24380000,60000
R14-01793,28290000,60000
R14-01794,6390000,20000
R14-01795,36420000,150000
R14-01796,60910000,150000
R14-01797,71640000,300000
R14-01798,12580000,40000
R14-01799,56270000,150000
R14-01800,85650000,300000
R14-01801,51560000,150000
R14-01802,52600000,150000
R14-01803,1520000,0
R14-01804,25870000,60000
R14-01805,26260000,60000
R14-01806,29180000,60000
R14-01807,31340000,60000
R14-01808,79870000,300000
R14-01809,37310000,150000
R14-01810,61950000,150000
R14-01811,7410000,20000
R14-01812,8970000,20000
R14-01813,97680000,300000
R14-01814,6370000,20000
R14-01815,11950000,40000
R14-01816,114060000,300000
R14-01817,74500000,300000
R14-01818,12050000,40000
R14-01819,33730000,150000
R14-01820,5010000,20000
R14-01821,56510000,150000
R14-01822,5710000,20000
R14-01823,14920000,40000
R14-01824,13350000,40000
R14-01825,54660000,150000
R14-01826,222020000,1000000
R14-01827,72530000,300000
R14-01828,24170000,60000
R14-01829,37940000,150000
R14-01830,21280000,60000
R14-01831,7620000,20000
R14-01832,51490000,150000
R14-01833,142840000,600000
R14-01834,15150000,40000
R14-01835,63540000,150000
R14-01836,2550000,0
R14-01837,2070000,0
R14-01838,2920000,0
R14-01839,46000000,150000
R14-01840,6060000,20000
R14-01841,84620000,300000
R14-01842,55440000,150000
R14-01843,2640000,0
R14-01844,86710000,300000
R14-01845,21970000,60000
R14-01846,66570000,150000
R14-01847,15870000,40000
R14-01848,42060000,150000
R14-01849,3550000,0
R14-01850,31860000,60000
R14-01851,52530000,150000
R14-01852,72890000,300000
R14-01853,24680000,60000
R14-01854,112250000,300000
R14-01855,14980000,40000
R14-01856,51790000,150000
R14-01857,31200000,60000
R14-01858,5170000,20000
R14-01859,13170000,40000
R14-01860,128010000,300000
R14-01861,74810000,300000
R14-01862,12660000,40000
R14-01863,69510000,300000
R14-01864,18900000,40000
R14-01865,23650000,60000
R14-01866,29000000,60000
R14-01867,20830000,60000
R14-01868,880000,0
R14-01869,68170000,300000
R14-01870,22300000,60000
R14-01871,26340000,60000
R14-01872,17670000,40000
R14-01873,990000,0
R14-01874,4950000,0
R14-01875,42920000,150000
R14-01876,51630000,150000
R14-01877,6950000,20000
R14-01878,88930000,300000
R14-01879,3040000,0
R14-01880,53140000,150000
R14-01881,32640000,60000
R14-01882,65140000,150000
R14-01883,57440000,150000
R14-01884,45570000,150000
R14-01885,17500000,40000
R14-01886,7460000,20000
R14-01887,3990000,0
R14-01888,4530000,0
R14-01889,35120000,150000
R14-01890,67460000,300000
R14-01891,12290000,40000
R14-01892,33350000,150000
R14-01893,22770000,60000
R14-01894,44130000,150000
R14-01895,3180000,0
R14-01896,71950000,300000
R14-01897,82550000,300000
R14-01898,23290000,60000
R14-01899,81790000,300000
R14-01900,13640000,40000
R14-01901,54850000,150000
R14-01902,79730000,300000
R14-01903,2990000,0
R14-01904,27060000,60000
R14-01905,45100000,150000
R14-01906,56140000,150000
R14-01907,75430000,300000
R14-01908,108770000,300000
R14-01909,44560000,150000
R14-01910,3870000,0
R14-01911,114020000,300000
R14-01912,43230000,150000
R14-01913,25040000,60000
R14-01914,62890000,150000
R14-01915,75820000,300000
R14-01916,91790000,300000
R14-01917,52180000,150000
R14-01918,55610000,150000
R14-01919,81690000,300000
R14-01920,63280000,150000
R14-01921,92360000,300000
R14-01922,51170000,150000
R14-01923,62720000,150000
R14-01924,8350000,20000
R14-01925,91560000,300000
R14-01926,19350000,40000
R14-01927,121400000,300000
R14-01928,126010000,300000
R14-01929,7690000,20000
R14-01930,24140000,60000
R14-01931,1960000,0
R14-01932,46080000,150000
R14-01933,30880000,60000
R14-01934,76910000,300000
R14-01935,92040000,300000
R14-01936,32820000,60000
R14-01937,23700000,60000
R14-01938,30590000,60000
R14-01939,43530000,150000
R14-01940,10670000,40000
R14-01941,63600000,150000
R14-01942,11650000,40000
R14-01943,42730000,150000
R14-01944,72200000,300000
R14-01945,45510000,150000
R14-01946,37670000,150000
R14-01947,113010000,300000
R14-01948,35510000,150000
R14-01949,159200000,600000
R14-01950,60820000,150000
R14-01951,64120000,150000
R14-01952,63870000,150000
R14-01953,35740000,150000
R14-01954,221820000,1000000
R14-01955,131520000,300000
R14-01956,510000,0
R14-01957,32130000,60000
R14-01958,38280000,150000
R14-01959,97340000,300000
R14-01960,51960000,150000
R14-01961,31560000,60000
R14-01962,11270000,40000
R14-01963,83870000,300000
R14-01964,72240000,300000
R14-01965,31710000,60000
R14-01966,11010000,40000
R14-01967,66270000,150000
R14-01968,21390000,60000
R14-01969,11360000,40000
R14-01970,21230000,60000
R14-01971,44540000,150000
R14-01972,3300000,0
R14-01973,120430000,300000
R14-01974,19860000,40000
R14-01975,9000000,20000
R14-01976,93680000,300000
R14-01977,1980000,0
R14-01978,31530000,60000
R14-01979,78670000,300000
R14-01980,64660000,150000
R14-01981,115010000,300000
R14-01982,28100000,60000
R14-01983,133240000,300000
R14-01984,2840000,0
R14-01985,41150000,150000
R14-01986,26060000,60000
R14-01987,3360000,0
R14-01988,61440000,150000
R14-01989,52130000,150000
R14-01990,12780000,40000
R14-01991,32300000,60000
R14-01992,107400000,300000
R14-01993,7500000,20000
R14-01994,71050000,300000
R14-01995,84980000,300000
R14-01996,62030000,150000
R14-01997,5470000,20000
R14-01998,44030000,150000
R14-01999,61340000,150000
R14-02000,1760000,0
R14-02001,2350000,0
R14-02002,28340000,60000
R14-02003,10930000,40000
R14-02004,30880000,60000
R14-02005,2200000,0
R14-02006,15860000,40000
R14-02007,35140000,150000
R14-02008,35920000,150000
R14-02009,12200000,40000
R14-02010,128290000,300000
R14-02011,21660000,60000
R14-02012,24210000,60000
R14-02013,61940000,150000
R14-02014,64970000,150000
R14-02015,6470000,20000
R14-02016,41860000,150000
R14-02017,11860000,40000
R14-02018,38060000,150000
R14-02019,7320000,20000
R14-02020,51520000,150000
R14-02021,123080000,300000
R14-02022,32680000,60000
R14-02023,32500000,60000
R14-02024,82710000,300000
R14-02025,11880000,40000
R14-02026,32980000,60000
R14-02027,6420000,20000
R14-02028,52890000,150000
R14-02029,51930000,150000
R14-02030,22590000,60000
R14-02031,53960000,150000
R14-02032,36550000,150000
R14-02033,43890000,150000
R14-02034,53810000,150000
R14-02035,26180000,60000
R14-02036,78720000,300000
R14-02037,66630000,150000
R14-02038,71490000,300000
R14-02039,2410000,0
R14-02040,61600000,150000
R14-02041,35020000,150000
R14-02042,68410000,300000
R14-02043,8240000,20000
R14-02044,22390000,60000
R14-02045,22620000,60000
R14-02046,55590000,150000
R14-02047,62400000,150000
R14-02048,64840000,150000
R14-02049,23580000,60000
R14-02050,75400000,300000
R14-02051,65700000,150000
R14-02052,25280000,60000
R14-02053,32260000,60000
R14-02054,3670000,0
R14-02055,14300000,40000
R14-02056,23150000,60000
R14-02057,21980000,60000
R14-02058,26570000,60000
R14-02059,31050000,60000
R14-02060,5450000,20000
R14-02061,12690000,40000
R14-02062,33380000,150000
R14-02063,60760000,150000
R14-02064,13780000,40000
R14-02065,121720000,300000
R14-02066,16170000,40000
R14-02067,52280000,150000
R14-02068,143870000,600000
R14-02069,26020000,60000
R14-02070,31310000,60000
R14-02071,13010000,40000
R14-02072,79370000,300000
R14-02073,42780000,150000
R14-02074,25710000,60000
R14-02075,11360000,40000
R14-02076,62880000,150000
R14-02077,23670000,60000
R14-02078,44200000,150000
R14-02079,14960000,40000
R14-02080,50320000,150000
R14-02081,8460000,20000
R14-02082,42670000,150000
R14-02083,23570000,60000
R14-02084,62200000,150000
R14-02085,27220000,60000
R14-02086,75010000,300000
R14-02087,11540000,40000
R14-02088,32890000,60000
R14-02089,31480000,60000
R14-02090,28000000,60000
R14-02091,92090000,300000
R14-02092,24930000,60000
R14-02093,52670000,150000
R14-02094,124190000,300000
R14-02095,4740000,0
R14-02096,54030000,150000
R14-02097,10780000,40000
R14-02098,84240000,300000
R14-02099,37000000,150000
R14-02100,37760000,150000
R14-02101,24980000,60000
R14-02102,51600000,150000
R14-02103,21550000,60000
R14-02104,76090000,300000
R14-02105,6130000,20000
R14-02106,157110000,600000
R14-02107,31830000,60000
R14-02108,32400000,60000
R14-02109,47290000,150000
R14-02110,8270000,20000
R14-02111,20100000,60000
R14-02112,2610000,0
R14-02113,36090000,150000
R14-02114,32230000,60000
R14-02115,41980000,150000
R14-02116,23400000,60000
R14-02117,16190000,40000
R14-02118,37650000,150000
R14-02119,53680000,150000
R14-02120,32680000,60000
R14-02121,12750000,40000
R14-02122,26310000,60000
R14-02123,35270000,150000
R14-02124,32240000,60000
R14-02125,93030000,300000
R14-02126,21210000,60000
R14-02127,21290000,60000
R14-02128,24530000,60000
R14-02129,42420000,150000
R14-02130,52420000,150000
R14-02131,43370000,150000
R14-02132,67200000,300000
R14-02133,28280000,60000
R14-02134,62350000,150000
R14-02135,3030000,0
R14-02136,52210000,150000
R14-02137,3970000,0
R14-02138,13080000,40000
R14-02139,44770000,150000
R14-02140,94100000,300000
R14-02141,36880000,150000
R14-02142,12200000,40000
R14-02143,23230000,60000
R14-02144,32240000,60000
R14-02145,42500000,150000
R14-02146,45940000,150000
R14-02147,12940000,40000
R14-02148,54680000,150000
R14-02149,47000000,150000
R14-02150,3020000,0
R14-02151,16010000,40000
R14-02152,42670000,150000
R14-02153,3990000,0
R14-02154,82110000,300000
R14-02155,53480000,150000
R14-02156,51210000,150000
R14-02157,12280000,40000
R14-02158,24110000,60000
R14-02159,16980000,40000
R14-02160,76370000,300000
R14-02161,62600000,150000
R14-02162,5090000,20000
R14-02163,54510000,150000
R14-02164,2000000,0
R14-02165,24730000,60000
R14-02166,34880000,150000
R14-02167,32530000,60000
R14-02168,17000000,40000
R14-02169,43940000,150000
R14-02170,124520000,300000
R14-02171,710000,0
R14-02172,38430000,150000
R14-02173,12140000,40000
R14-02174,42210000,150000
R14-02175,5360000,20000
R14-02176,7320000,20000
R14-02177,20190000,60000
R14-02178,36800000,150000
R14-02179,86130000,300000
R14-02180,55170000,150000
R14-02181,72720000,300000
R14-02182,4900000,0
R14-02183,105060000,300000
R14-02184,1910000,0
R14-02185,3490000,0
R14-02186,4390000,0
R14-02187,16440000,40000
R14-02188,86930000,300000
R14-02189,98130000,300000
R14-02190,86610000,300000
R14-02191,55470000,150000
R14-02192,34770000,150000
R14-02193,33990000,150000
R14-02194,101350000,300000
R14-02195,37660000,150000
R14-02196,70730000,300000
R14-02197,22310000,60000
R14-02198,28960000,60000
R14-02199,62170000,150000
R14-02200,20990000,60000
R14-02201,1690000,0
R14-02202,25490000,60000
R14-02203,213200000,1000000
R14-02204,56360000,150000
R14-02205,95600000,300000
R14-02206,7680000,20000
R14-02207,62440000,150000
R14-02208,92540000,300000
R14-02209,134530000,600000
R14-02210,61800000,150000
R14-02211,3280000,0
R14-02212,81460000,300000
R14-02213,5940000,20000
R14-02214,103570000,300000
R14-02215,26290000,60000
R14-02216,65360000,150000
R14-02217,68260000,300000
R14-02218,140880000,600000
R14-02219,25460000,60000
R14-02220,25160000,60000
R14-02221,13240000,40000
R14-02222,36430000,150000
R14-02223,84400000,300000
R14-02224,51900000,150000
R14-02225,3450000,0
R14-02226,105630000,300000
R14-02227,61450000,150000
R14-02228,54950000,150000
R14-02229,95240000,300000
R14-02230,77450000,300000
R14-02231,33020000,60000
R14-02232,2890000,0
R14-02233,46010000,150000
R14-02234,86370000,300000
R14-02235,13950000,40000
R14-02236,21830000,60000
R14-02237,45160000,150000
R14-02238,130620000,300000
R14-02239,4620000,0
R14-02240,67030000,300000
R14-02241,22200000,60000
R14-02242,52810000,150000
R14-02243,43090000,150000
R14-02244,83390000,300000
R14-02245,73930000,300000
R14-02246,2430000,0
R14-02247,74600000,300000
R14-02248,26020000,60000
R14-02249,6260000,20000
R14-02250,44180000,150000
R14-02251,1300000,0
R14-02252,34220000,150000
R14-02253,47330000,150000
R14-02254,76780000,300000
R14-02255,174100000,600000
R14-02256,12280000,40000
R14-02257,21930000,60000
R14-02258,71700000,300000
R14-02259,12110000,40000
R14-02260,2800000,0
R14-02261,13410000,40000
R14-02262,33520000,150000
R14-02263,80680000,300000
R14-02264,70440000,300000
R14-02265,23570000,60000
R14-02266,73510000,300000
R14-02267,53310000,150000
R14-02268,23940000,60000
R14-02269,2290000,0
R14-02270,7780000,20000
R14-02271,85400000,300000
R14-02272,58460000,150000
R14-02273,92350000,300000
R14-02274,72800000,300000
R14-02275,19130000,40000
R14-02276,39700000,150000
R14-02277,65690000,150000
R14-02278,96210000,300000
R14-02279,42100000,150000
R14-02280,51250000,150000
R14-02281,77050000,300000
R14-02282,1570000,0
R14-02283,65360000,150000
R14-02284,42420000,150000
R14-02285,67510000,300000
R14-02286,3920000,0
R14-02287,25220000,60000
R14-02288,51430000,150000
R14-02289,21570000,60000
R14-02290,31760000,60000
R14-02291,42420000,150000
R14-02292,22540000,60000
R14-02293,32720000,60000
R14-02294,31300000,60000
R14-02295,84620000,300000
R14-02296,25780000,60000
R14-02297,12990000,40000
R14-02298,10580000,40000
R14-02299,46340000,150000
R14-02300,64840000,150000
R14-02301,7770000,20000
R14-02302,22520000,60000
R14-02303,65030000,150000
R14-02304,1820000,0
R14-02305,41330000,150000
R14-02306,103930000,300000
R14-02307,62760000,150000
R14-02308,92930000,300000
R14-02309,84420000,300000
R14-02310,12660000,40000
R14-02311,11660000,40000
R14-02312,65040000,150000
R14-02313,52950000,150000
R14-02314,59030000,150000
R14-02315,61990000,150000
R14-02316,81330000,300000
R14-02317,25690000,60000
R14-02318,42580000,150000
R14-02319,23300000,60000
R14-02320,42820000,150000
R14-02321,11690000,40000
R14-02322,32550000,60000
R14-02323,13120000,40000
R14-02324,26360000,60000
R14-02325,7020000,20000
R14-02326,11270000,40000
R14-02327,1740000,0
R14-02328,52760000,150000
R14-02329,23180000,60000
R14-02330,32510000,60000
R14-02331,43190000,150000
R14-02332,73820000,300000
R14-02333,76690000,300000
R14-02334,22930000,60000
R14-02335,51940000,150000
R14-02336,22750000,60000
R14-02337,11010000,40000
R14-02338,42930000,150000
R14-02339,23340000,60000
R14-02340,36070000,150000
R14-02341,23700000,60000
R14-02342,122970000,300000
R14-02343,22630000,60000
R14-02344,2100000,0
R14-02345,14170000,40000
R14-02346,127600000,300000
R14-02347,1890000,0
R14-02348,91440000,300000
R14-02349,53980000,150000
R14-02350,23420000,60000
R14-02351,1350000,0
R14-02352,16550000,40000
R14-02353,40840000,150000
R14-02354,25660000,60000
R14-02355,42290000,150000
R14-02356,105400000,300000
R14-02357,7280000,20000
R14-02358,36490000,150000
R14-02359,86810000,300000
R14-02360,52390000,150000
R14-02361,73500000,300000
R14-02362,3590000,0
R14-02363,111330000,300000
R14-02364,66100000,150000
R14-02365,3090000,0
R14-02366,70890000,300000
R14-02367,13340000,40000
R14-02368,22290000,60000
R14-02369,1480000,0
R14-02370,11040000,40000
R14-02371,27160000,60000
R14-02372,94010000,300000
R14-02373,102180000,300000
R14-02374,23690000,60000
R14-02375,136220000,600000
R14-02376,3270000,0
R14-02377,8500000,20000
R14-02378,44850000,150000
R14-02379,52220000,150000
R14-02380,95620000,300000
R14-02381,26500000,60000
R14-02382,23250000,60000
R14-02383,5490000,20000
R14-02384,3010000,0
R14-02385,3470000,0
R14-02386,27970000,60000
R14-02387,6000000,20000
R14-02388,14650000,40000
R14-02389,64420000,150000
R14-02390,30760000,60000
R14-02391,64790000,150000
R14-02392,52220000,150000
R14-02393,34920000,150000
R14-02394,21570000,60000
R14-02395,2280000,0
R14-02396,3650000,0
R14-02397,6630000,20000
R14-02398,72050000,300000
R14-02399,120960000,300000
R14-02400,54050000,150000
R14-02401,144130000,600000
R14-02402,7110000,20000
R14-02403,2550000,0
R14-02404,43070000,150000
R14-02405,110910000,300000
R14-02406,62070000,150000
R14-02407,31920000,60000
R14-02408,25120000,60000
R14-02409,93360000,300000
R14-02410,72690000,300000
R14-02411,44420000,150000
R14-02412,22860000,60000
R14-02413,57530000,150000
R14-02414,9000000,20000
R14-02415,71860000,300000
R14-02416,54160000,150000
R14-02417,5110000,20000
R14-02418,45980000,150000
R14-02419,72250000,300000
R14-02420,40860000,150000
R14-02421,38990000,150000
R14-02422,94060000,300000
R14-02423,4610000,0
R14-02424,72120000,300000
R14-02425,7270000,20000
R14-02426,53970000,150000
R14-02427,250000,0
R14-02428,95480000,300000
R14-02429,10890000,40000
R14-02430,4550000,0
R14-02431,3640000,0
R14-02432,54110000,150000
R14-02433,73890000,300000
R14-02434,83980000,300000
R14-02435,22730000,60000
R14-02436,23560000,60000
R14-02437,103600000,300000
R14-02438,26690000,60000
R14-02439,2610000,0
R14-02440,41330000,150000
R14-02441,51210000,150000
R14-02442,75690000,300000
R14-02443,13960000,40000
R14-02444,2770000,0
R14-02445,59110000,150000
R14-02446,60840000,150000
R14-02447,56590000,150000
R14-02448,2220000,0
R14-02449,26160000,60000
R14-02450,124140000,300000
R14-02451,23140000,60000
R14-02452,122020000,300000
R14-02453,51280000,150000
R14-02454,21400000,60000
R14-02455,62860000,150000
R14-02456,27600000,60000
R14-02457,42540000,150000
R14-02458,22140000,60000
R14-02459,66320000,150000
R14-02460,24780000,60000
R14-02461,13160000,40000
R14-02462,27800000,60000
R14-02463,125080000,300000
R14-02464,42030000,150000
R14-02465,15330000,40000
R14-02466,34680000,150000
R14-02467,61680000,150000
R14-02468,73370000,300000
R14-02469,5440000,20000
R14-02470,7320000,20000
R14-02471,46210000,150000
R14-02472,141770000,600000
R14-02473,57590000,150000
R14-02474,3310000,0
R14-02475,1800000,0
R14-02476,47870000,150000
R14-02477,73010000,300000
R14-02478,51030000,150000
R14-02479,980000,0
R14-02480,74050000,300000
R14-02481,42590000,150000
R14-02482,32420000,60000
R14-02483,30200000,60000
R14-02484,3870000,0
R14-02485,24450000,60000
R14-02486,41510000,150000
R14-02487,57150000,150000
R14-02488,35140000,150000
R14-02489,22430000,60000
R14-02490,1430000,0
R14-02491,36380000,150000
R14-02492,57060000,150000
R14-02493,2690000,0
R14-02494,54890000,150000
R14-02495,1080000,0
R14-02496,26080000,60000
R14-02497,26350000,60000
R14-02498,21850000,60000
R14-02499,82730000,300000
R14-02500,20900000,60000
R14-02501,52100000,150000
R14-02502,101750000,300000
R14-02503,72660000,300000
R14-02504,27810000,60000
R14-02505,24630000,60000
R14-02506,23730000,60000
R14-02507,33370000,150000
R14-02508,33070000,60000
R14-02509,94920000,300000
R14-02510,22210000,60000
R14-02511,25240000,60000
R14-02512,81540000,300000
R14-02513,65030000,150000
R14-02514,11930000,40000
R14-02515,1340000,0
R14-02516,44080000,150000
R14-02517,63540000,150000
R14-02518,93420000,300000
R14-02519,43810000,150000
R14-02520,2550000,0
R14-02521,32170000,60000
R14-02522,42330000,150000
R14-02523,33520000,150000
R14-02524,21680000,60000
R14-02525,12440000,40000
R14-02526,27200000,60000
R14-02527,76850000,300000
R14-02528,65530000,150000
R14-02529,66740000,300000
R14-02530,36650000,150000
R14-02531,43150000,150000
R14-02532,98230000,300000
R14-02533,61930000,150000
R14-02534,3610000,0
R14-02535,75310000,300000
R14-02536,91930000,300000
R14-02537,55330000,150000
R14-02538,27640000,60000
R14-02539,17510000,40000
R14-02540,2200000,0
R14-02541,71340000,300000
R14-02542,82650000,300000
R14-02543,26550000,60000
R14-02544,6010000,20000
R14-02545,147610000,600000
R14-02546,4750000,0
R14-02547,4760000,0
R14-02548,43890000,150000
R14-02549,25360000,60000
R14-02550,44880000,150000
R14-02551,95910000,300000
R14-02552,22940000,60000
R14-02553,3590000,0
R14-02554,52280000,150000
R14-02555,33240000,60000
R14-02556,53810000,150000
R14-02557,65250000,150000
R14-02558,52620000,150000
R14-02559,15390000,40000
R14-02560,7580000,20000
R14-02561,107390000,300000
R14-02562,7250000,20000
R14-02563,21480000,60000
R14-02564,46750000,150000
R14-02565,73290000,300000
R14-02566,5530000,20000
R14-02567,4430000,0
R14-02568,23470000,60000
R14-02569,1460000,0
R14-02570,34280000,150000
R14-02571,43730000,150000
R14-02572,52030000,150000
R14-02573,11000000,40000
R14-02574,96890000,300000
R14-02575,4050000,0
R14-02576,3720000,0
R14-02577,11170000,40000
R14-02578,4520000,0
R14-02579,72000000,300000
R14-02580,760000,0
R14-02581,21210000,60000
R14-02582,84200000,300000
R14-02583,27480000,60000
R14-02584,25260000,60000
R14-02585,9220000,20000
R14-02586,600000,0
R14-02587,46120000,150000
R14-02588,18180000,40000
R14-02589,64940000,150000
R14-02590,33400000,150000
R14-02591,44600000,150000
R14-02592,36040000,150000
R14-02593,113450000,300000
R14-02594,42890000,150000
R14-02595,53670000,150000
R14-02596,72870000,300000
R14-02597,17710000,40000
R14-02598,24720000,60000
R14-02599,84840000,300000
R14-02600,36910000,150000
R14-02601,25240000,60000
R14-02602,30970000,60000
R14-02603,33070000,60000
R14-02604,212320000,1000000
R14-02605,64580000,150000
R14-02606,4900000,0
R14-02607,16240000,40000
R14-02608,43900000,150000
R14-02609,34440000,150000
R14-02610,65290000,150000
R14-02611,44490000,150000
R14-02612,860000,0
R14-02613,19320000,40000
R14-02614,107210000,300000
R14-02615,108430000,300000
R14-02616,20490000,60000
R14-02617,53770000,150000
R14-02618,32550000,60000
R14-02619,61480000,150000
R14-02620,14030000,40000
R14-02621,44460000,150000
R14-02622,135350000,600000
R14-02623,2090000,0
R14-02624,5590000,20000
R14-02625,3640000,0
R14-02626,55130000,150000
R14-02627,4450000,0
R14-02628,52210000,150000
R14-02629,5180000,20000
R14-02630,3200000,0
R14-02631,5410000,20000
R14-02632,41470000,150000
R14-02633,16390000,40000
R14-02634,37500000,150000
R14-02635,23680000,60000
R14-02636,74960000,300000
R14-02637,64490000,150000
R14-02638,7570000,20000
R14-02639,52280000,150000
R14-02640,2680000,0
R14-02641,53900000,150000
R14-02642,53690000,150000
R14-02643,99020000,300000
R14-02644,50340000,150000
R14-02645,8470000,20000
R14-02646,21920000,60000
R14-02647,36190000,150000
R14-02648,52850000,150000
R14-02649,35180000,150000
R14-02650,52010000,150000
R14-02651,14040000,40000
R14-02652,61540000,150000
R14-02653,63520000,150000
R14-02654,24040000,60000
R14-02655,71190000,300000
R14-02656,52070000,150000
R14-02657,36830000,150000
R14-02658,23390000,60000
R14-02659,7430000,20000
R14-02660,27000000,60000
R14-02661,5420000,20000
R14-02662,800000,0
R14-02663,59310000,150000
R14-02664,32600000,60000
R14-02665,26410000,60000
R14-02666,3870000,0
R14-02667,133600000,600000
R14-02668,68300000,300000
R14-02669,5990000,20000
R14-02670,50570000,150000
R14-02671,6490000,20000
R14-02672,76150000,300000
R14-02673,4850000,0
R14-02674,58610000,150000
R14-02675,44630000,150000
R14-02676,31490000,60000
R14-02677,55900000,150000
R14-02678,1320000,0
R14-02679,55090000,150000
R14-02680,52160000,150000
R14-02681,56590000,150000
R14-02682,21160000,60000
R14-02683,35960000,150000
R14-02684,14360000,40000
R14-02685,121940000,300000
R14-02686,106440000,300000
R14-02687,80840000,300000
R14-02688,2950000,0
R14-02689,77650000,300000
R14-02690,11930000,40000
R14-02691,14110000,40000
R14-02692,11400000,40000
R14-02693,53800000,150000
R14-02694,94450000,300000
R14-02695,42440000,150000
R14-02696,51070000,150000
R14-02697,13290000,40000
R14-02698,136380000,600000
R14-02699,13420000,40000
R14-02700,12300000,40000
R14-02701,2250000,0
R14-02702,35930000,150000
R14-02703,57690000,150000
R14-02704,3930000,0
R14-02705,76200000,300000
R14-02706,34020000,150000
R14-02707,91230000,300000
R14-02708,62010000,150000
R14-02709,34270000,150000
R14-02710,87490000,300000
R14-02711,75230000,300000
R14-02712,42360000,150000
R14-02713,25220000,60000
R14-02714,42900000,150000
R14-02715,34170000,150000
R14-02716,1700000,0
R14-02717,22410000,60000
R14-02718,111690000,300000
R14-02719,23810000,60000
R14-02720,101210000,300000
R14-02721,56150000,150000
R14-02722,51840000,150000
R14-02723,24740000,60000
R14-02724,35760000,150000
R14-02725,17200000,40000
R14-02726,2110000,0
R14-02727,25890000,60000
R14-02728,83900000,300000
R14-02729,12630000,40000
R14-02730,85660000,300000
R14-02731,40270000,150000
R14-02732,21320000,60000
R14-02733,56530000,150000
R14-02734,76640000,300000
R14-02735,45240000,150000
R14-02736,56570000,150000
R14-02737,86210000,300000
R14-02738,11960000,40000
R14-02739,4700000,0
R14-02740,12160000,40000
R14-02741,32390000,60000
R14-02742,72810000,300000
R14-02743,32630000,60000
R14-02744,22620000,60000
R14-02745,12720000,40000
R14-02746,4420000,0
R14-02747,64640000,150000
R14-02748,54320000,150000
R14-02749,33850000,150000
R14-02750,76400000,300000
R14-02751,3680000,0
R14-02752,78260000,300000
R14-02753,24410000,60000
R14-02754,54380000,150000
R14-02755,57760000,150000
R14-02756,141600000,600000
R14-02757,73300000,300000
R14-02758,42150000,150000
R14-02759,7460000,20000
R14-02760,38300000,150000
R14-02761,53710000,150000
R14-02762,15230000,40000
R14-02763,34070000,150000
R14-02764,6590000,20000
R14-02765,11690000,40000
R14-02766,61080000,150000
R14-02767,36520000,150000
R14-02768,1890000,0
R14-02769,118360000,300000
R14-02770,31890000,60000
R14-02771,48960000,150000
R14-02772,4040000,0
R14-02773,52710000,150000
R14-02774,104300000,300000
R14-02775,12880000,40000
R14-02776,40350000,150000
R14-02777,232370000,1000000
R14-02778,41700000,150000
R14-02779,56000000,150000
R14-02780,22830000,60000
R14-02781,33310000,60000
R14-02782,21180000,60000
R14-02783,36050000,150000
R14-02784,800000,0
R14-02785,11700000,40000
R14-02786,3070000,0
R14-02787,2560000,0
R14-02788,51020000,150000
R14-02789,72780000,300000
R14-02790,73850000,300000
R14-02791,64270000,150000
R14-02792,95040000,300000
R14-02793,32120000,60000
R14-02794,44430000,150000
R14-02795,2420000,0
R14-02796,31870000,60000
R14-02797,25120000,60000
R14-02798,16960000,40000
R14-02799,82400000,300000
R14-02800,25620000,60000
R14-02801,36890000,150000
R14-02802,52540000,150000
R14-02803,67120000,300000
R14-02804,380000,0
R14-02805,72140000,300000
R14-02806,7530000,20000
R14-02807,3590000,0
R14-02808,3250000,0
R14-02809,37580000,150000
R14-02810,13830000,40000
R14-02811,51870000,150000
R14-02812,23730000,60000
R14-02813,11580000,40000
R14-02814,37550000,150000
R14-02815,53290000,150000
R14-02816,7170000,20000
R14-02817,128600000,300000
R14-02818,41620000,150000
R14-02819,3580000,0
R14-02820,5250000,20000
R14-02821,64970000,150000
R14-02822,106160000,300000
R14-02823,36430000,150000
R14-02824,84840000,300000
R14-02825,34060000,150000
R14-02826,22100000,60000
R14-02827,86730000,300000
R14-02828,25410000,60000
R14-02829,4620000,0
R14-02830,33340000,150000
R14-02831,13140000,40000
R14-02832,42530000,150000
R14-02833,13410000,40000
R14-02834,43980000,150000
R14-02835,750000,0
R14-02836,29030000,60000
R14-02837,22870000,60000
R14-02838,62280000,150000
R14-02839,2970000,0
R14-02840,46060000,150000
R14-02841,156610000,600000
R14-02842,44230000,150000
R14-02843,2960000,0
R14-02844,41190000,150000
R14-02845,52740000,150000
R14-02846,23870000,60000
R14-02847,25590000,60000
R14-02848,23040000,60000
R14-02849,54210000,150000
R14-02850,51640000,150000
R14-02851,52380000,150000
R14-02852,33810000,150000
R14-02853,95710000,300000
R14-02854,107350000,300000
R14-02855,81620000,300000
R14-02856,22530000,60000
R14-02857,62570000,150000
R14-02858,72620000,300000
R14-02859,5420000,20000
R14-02860,12130000,40000
R14-02861,62720000,150000
R14-02862,23060000,60000
R14-02863,28750000,60000
R14-02864,21070000,60000
R14-02865,51780000,150000
R14-02866,44820000,150000
R14-02867,91460000,300000
R14-02868,64590000,150000
R14-02869,42970000,150000
R14-02870,71660000,300000
R14-02871,34070000,150000
R14-02872,43720000,150000
R14-02873,49620000,150000
R14-02874,73290000,300000
R14-02875,47710000,150000
R14-02876,11460000,40000
R14-02877,4170000,0
R14-02878,96630000,300000
R14-02879,17960000,40000
R14-02880,2070000,0
R14-02881,113530000,300000
R14-02882,92220000,300000
R14-02883,21350000,60000
R14-02884,34560000,150000
R14-02885,55270000,150000
R14-02886,31280000,60000
R14-02887,33410000,150000
R14-02888,2960000,0
R14-02889,102710000,300000
R14-02890,47750000,150000
R14-02891,33690000,150000
R14-02892,71340000,300000
R14-02893,13720000,40000
R14-02894,91390000,300000
R14-02895,37890000,150000
R14-02896,28380000,60000
R14-02897,44860000,150000
R14-02898,42200000,150000
R14-02899,21960000,60000
R14-02900,3940000,0
R14-02901,40790000,150000
R14-02902,25180000,60000
R14-02903,25760000,60000
R14-02904,64520000,150000
R14-02905,40520000,150000
R14-02906,45740000,150000
R14-02907,1390000,0
R14-02908,2970000,0
R14-02909,135680000,600000
R14-02910,6520000,20000
R14-02911,14570000,40000
R14-02912,71140000,300000
R14-02913,51930000,150000
R14-02914,44320000,150000
R14-02915,54420000,150000
R14-02916,25440000,60000
R14-02917,2380000,0
R14-02918,80790000,300000
R14-02919,42340000,150000
R14-02920,24700000,60000
R14-02921,32690000,60000
R14-02922,54370000,150000
R14-02923,6220000,20000
R14-02924,7540000,20000
R14-02925,18580000,40000
R14-02926,84960000,300000
R14-02927,4550000,0
R14-02928,72700000,300000
R14-02929,4860000,0
R14-02930,133810000,600000
R14-02931,73900000,300000
R14-02932,42120000,150000
R14-02933,5390000,20000
R14-02934,3330000,0
R14-02935,47710000,150000
R14-02936,12130000,40000
R14-02937,16380000,40000
R14-02938,2880000,0
R14-02939,7080000,20000
R14-02940,8650000,20000
R14-02941,26320000,60000
R14-02942,92350000,300000
R14-02943,46690000,150000
R14-02944,34130000,150000
R14-02945,3440000,0
R14-02946,42880000,150000
R14-02947,21730000,60000
R14-02948,26740000,60000
R14-02949,93800000,300000
R14-02950,63940000,150000
R14-02951,20630000,60000
R14-02952,35400000,150000
R14-02953,24140000,60000
R14-02954,133740000,600000
R14-02955,172990000,600000
R14-02956,33960000,150000
R14-02957,56080000,150000
R14-02958,12390000,40000
R14-02959,2050000,0
R14-02960,3610000,0
R14-02961,84990000,300000
R14-02962,64810000,150000
R14-02963,104110000,300000
R14-02964,5460000,20000
R14-02965,1400000,0
R14-02966,1290000,0
R14-02967,10610000,40000
R14-02968,27970000,60000
R14-02969,2020000,0
R14-02970,73130000,300000
R14-02971,46380000,150000
R14-02972,56880000,150000
R14-02973,4670000,0
R14-02974,12980000,40000
R14-02975,114540000,300000
R14-02976,51390000,150000
R14-02977,17050000,40000
R14-02978,53220000,150000
R14-02979,8500000,20000
R14-02980,14140000,40000
R14-02981,33620000,150000
R14-02982,95320000,300000
R14-02983,22500000,60000
R14-02984,12170000,40000
R14-02985,103850000,300000
R14-02986,21170000,60000
R14-02987,53070000,150000
R14-02988,5680000,20000
R14-02989,57080000,150000
R14-02990,42270000,150000
R14-02991,14740000,40000
R14-02992,24160000,60000
R14-02993,35970000,150000
R14-02994,65660000,150000
R14-02995,63300000,150000
R14-02996,32180000,60000
R14-02997,144910000,600000
R14-02998,74630000,300000
R14-02999,22600000,60000
R14-03000,29130000,60000
R14-03001,12330000,40000
R14-03002,145910000,600000
R14-03003,10910000,40000
R14-03004,45370000,150000
R14-03005,1060000,0
R14-03006,1280000,0
R14-03007,22280000,60000
R14-03008,21850000,60000
R14-03009,60770000,150000
R14-03010,1020000,0
R14-03011,2830000,0
R14-03012,21310000,60000
R14-03013,45900000,150000
R14-03014,3650000,0
R14-03015,45370000,150000
R14-03016,33050000,60000
R14-03017,62160000,150000
R14-03018,117240000,300000
R14-03019,21820000,60000
R14-03020,84310000,300000
R14-03021,53010000,150000
R14-03022,46280000,150000
R14-03023,96310000,300000
R14-03024,57680000,150000
R14-03025,63570000,150000
R14-03026,3340000,0
R14-03027,44070000,150000
R14-03028,70730000,300000
R14-03029,3090000,0
R14-03030,23930000,60000
R14-03031,31710000,60000
R14-03032,94920000,300000
R14-03033,1150000,0
R14-03034,56800000,150000
R14-03035,46870000,150000
R14-03036,2380000,0
R14-03037,3420000,0
R14-03038,36310000,150000
R14-03039,46250000,150000
R14-03040,66700000,300000
R14-03041,2650000,0
R14-03042,2950000,0
R14-03043,130350000,300000
R14-03044,73120000,300000
R14-03045,54360000,150000
R14-03046,64900000,150000
R14-03047,60740000,150000
R14-03048,23300000,60000
R14-03049,12820000,40000
R14-03050,52790000,150000
R14-03051,31060000,60000
R14-03052,68390000,300000
R14-03053,33410000,150000
R14-03054,83030000,300000
R14-03055,111040000,300000
R14-03056,7700000,20000
R14-03057,93300000,300000
R14-03058,32760000,60000
R14-03059,15050000,40000
R14-03060,16570000,40000
R14-03061,46550000,150000
R14-03062,45650000,150000
R14-03063,32510000,60000
R14-03064,24880000,60000
R14-03065,74570000,300000
R14-03066,24210000,60000
R14-03067,62890000,150000
R14-03068,81740000,300000
R14-03069,11130000,40000
R14-03070,54620000,150000
R14-03071,171690000,600000
R14-03072,2800000,0
R14-03073,14780000,40000
R14-03074,5720000,20000
R14-03075,62780000,150000
R14-03076,105140000,300000
R14-03077,101860000,300000
R14-03078,123760000,300000
R14-03079,85940000,300000
R14-03080,62840000,150000
R14-03081,96600000,300000
R14-03082,122930000,300000
R14-03083,4500000,0
R14-03084,66550000,150000
R14-03085,22310000,60000
R14-03086,62630000,150000
R14-03087,84480000,300000
R14-03088,80940000,300000
R14-03089,51780000,150000
R14-03090,64060000,150000
R14-03091,5750000,20000
R14-03092,3570000,0
R14-03093,24770000,60000
R14-03094,52860000,150000
R14-03095,21990000,60000
R14-03096,35280000,150000
R14-03097,43460000,150000
R14-03098,23330000,60000
R14-03099,153740000,600000
R14-03100,2400000,0
R14-03101,82290000,300000
R14-03102,3770000,0
R14-03103,92690000,300000
R14-03104,2980000,0
R14-03105,30600000,60000
R14-03106,54420000,150000
R14-03107,25370000,60000
R14-03108,32210000,60000
R14-03109,4190000,0
R14-03110,4690000,0
R14-03111,14930000,40000
R14-03112,56800000,150000
R14-03113,57280000,150000
R14-03114,67160000,300000
R14-03115,4770000,0
R14-03116,33030000,60000
R14-03117,35740000,150000
R14-03118,84130000,300000
R14-03119,25730000,60000
R14-03120,5800000,20000
R14-03121,34960000,150000
R14-03122,23210000,60000
R14-03123,3830000,0
R14-03124,87000000,300000
R14-03125,60500000,150000
R14-03126,24670000,60000
R14-03127,73490000,300000
R14-03128,52370000,150000
R14-03129,61320000,150000
R14-03130,30780000,60000
R14-03131,51770000,150000
R14-03132,222530000,1000000
R14-03133,47320000,150000
R14-03134,42700000,150000
R14-03135,1230000,0
R14-03136,27940000,60000
R14-03137,24190000,60000
R14-03138,42990000,150000
R14-03139,62840000,150000
R14-03140,4770000,0
R14-03141,126880000,300000
R14-03142,14020000,40000
R14-03143,43250000,150000
R14-03144,13750000,40000
R14-03145,30170000,60000
R14-03146,71770000,300000
R14-03147,17290000,40000
R14-03148,54430000,150000
R14-03149,55100000,150000
R14-03150,74690000,300000
R14-03151,26210000,60000
R14-03152,33710000,150000
R14-03153,52880000,150000
R14-03154,12620000,40000
R14-03155,43890000,150000
R14-03156,22790000,60000
R14-03157,35610000,150000
R14-03158,92510000,300000
R14-03159,87200000,300000
R14-03160,50780000,150000
R14-03161,2190000,0
R14-03162,11710000,40000
R14-03163,44680000,150000
R14-03164,26950000,60000
R14-03165,118310000,300000
R14-03166,24240000,60000
R14-03167,73870000,300000
R14-03168,177970000,600000
R14-03169,24410000,60000
R14-03170,53950000,150000
R14-03171,102420000,300000
R14-03172,30730000,60000
R14-03173,12260000,40000
R14-03174,120960000,300000
R14-03175,17520000,40000
R14-03176,142040000,600000
R14-03177,35120000,150000
R14-03178,63350000,150000
R14-03179,34550000,150000
R14-03180,61370000,150000
R14-03181,25670000,60000
R14-03182,52410000,150000
R14-03183,14330000,40000
R14-03184,83300000,300000
R14-03185,53170000,150000
R14-03186,34420000,150000
R14-03187,15130000,40000
R14-03188,24920000,60000
R14-03189,45290000,150000
R14-03190,57040000,150000
R14-03191,14990000,40000
R14-03192,11490000,40000
R14-03193,26170000,60000
R14-03194,14940000,40000
R14-03195,92020000,300000
R14-03196,2880000,0
R14-03197,48280000,150000
R14-03198,55900000,150000
R14-03199,5290000,20000
R14-03200,85010000,300000
R14-03201,53720000,150000
R14-03202,35930000,150000
R14-03203,94320000,300000
R14-03204,142350000,600000
R14-03205,22360000,60000
R14-03206,13940000,40000
R14-03207,4910000,0
R14-03208,95700000,300000
R14-03209,14550000,40000
R14-03210,16680000,40000
R14-03211,860000,0
R14-03212,35070000,150000
R14-03213,3130000,0
R14-03214,52540000,150000
R14-03215,3580000,0
R14-03216,25050000,60000
R14-03217,32780000,60000
R14-03218,57840000,150000
R14-03219,124740000,300000
R14-03220,63300000,150000
R14-03221,4570000,0
R14-03222,6580000,20000
R14-03223,14770000,40000
R14-03224,18200000,40000
R14-03225,102890000,300000
R14-03226,104290000,300000
R14-03227,12300000,40000
R14-03228,24080000,60000
R14-03229,54230000,150000
R14-03230,60850000,150000
R14-03231,69050000,300000
R14-03232,490000,0
R14-03233,101170000,300000
R14-03234,28730000,60000
R14-03235,49120000,150000
R14-03236,2360000,0
R14-03237,80730000,300000
R14-03238,32340000,60000
R14-03239,56120000,150000
R14-03240,78100000,300000
R14-03241,63230000,150000
R14-03242,4800000,0
R14-03243,133880000,600000
R14-03244,77190000,300000
R14-03245,89010000,300000
R14-03246,102880000,300000
R14-03247,11250000,40000
R14-03248,2690000,0
R14-03249,32320000,60000
R14-03250,22230000,60000
R14-03251,33040000,60000
R14-03252,64620000,150000
R14-03253,21990000,60000
R14-03254,44240000,150000
R14-03255,16270000,40000
R14-03256,5970000,20000
R14-03257,30520000,60000
R14-03258,55970000,150000
R14-03259,42980000,150000
R14-03260,42620000,150000
R14-03261,53530000,150000
R14-03262,74380000,300000
R14-03263,45620000,150000
R14-03264,41310000,150000
R14-03265,117230000,300000
R14-03266,41770000,150000
R14-03267,3050000,0
R14-03268,97040000,300000
R14-03269,54270000,150000
R14-03270,84200000,300000
R14-03271,47540000,150000
R14-03272,123720000,300000
R14-03273,63310000,150000
R14-03274,31650000,60000
R14-03275,52030000,150000
R14-03276,47590000,150000
R14-03277,22340000,60000
R14-03278,1770000,0
R14-03279,3960000,0
R14-03280,22110000,60000
R14-03281,35590000,150000
R14-03282,12620000,40000
R14-03283,64410000,150000
R14-03284,74960000,300000
R14-03285,63760000,150000
R14-03286,6010000,20000
R14-03287,68930000,300000
R14-03288,14670000,40000
R14-03289,16640000,40000
R14-03290,56660000,150000
R14-03291,22090000,60000
R14-03292,86630000,300000
R14-03293,22860000,60000
R14-03294,2190000,0
R14-03295,24130000,60000
R14-03296,81550000,300000
R14-03297,156560000,600000
R14-03298,64940000,150000
R14-03299,6070000,20000
R14-03300,42140000,150000
R14-03301,6190000,20000
R14-03302,66440000,150000
R14-03303,81990000,300000
R14-03304,76220000,300000
R14-03305,46900000,150000
R14-03306,56070000,150000
R14-03307,46110000,150000
R14-03308,14590000,40000
R14-03309,27490000,60000
R14-03310,36730000,150000
R14-03311,22300000,60000
R14-03312,59430000,150000
R14-03313,22560000,60000
R14-03314,13730000,40000
R14-03315,68490000,300000
R14-03316,22900000,60000
R14-03317,5940000,20000
R14-03318,16640000,40000
R14-03319,16700000,40000
R14-03320,34790000,150000
R14-03321,43940000,150000
R14-03322,82380000,300000
R14-03323,64740000,150000
R14-03324,17800000,40000
R14-03325,22600000,60000
R14-03326,21810000,60000
R14-03327,400000,0
R14-03328,56720000,150000
R14-03329,45570000,150000
R14-03330,82760000,300000
R14-03331,3550000,0
R14-03332,41670000,150000
R14-03333,66670000,300000
R14-03334,35040000,150000
R14-03335,12890000,40000
R14-03336,51340000,150000
R14-03337,62290000,150000
R14-03338,23500000,60000
R14-03339,5630000,20000
R14-03340,5910000,20000
R14-03341,104530000,300000
R14-03342,105900000,300000
R14-03343,51570000,150000
R14-03344,15030000,40000
R14-03345,15680000,40000
R14-03346,62230000,150000
R14-03347,3570000,0
R14-03348,80590000,300000
R14-03349,3250000,0
R14-03350,82550000,300000
R14-03351,96680000,300000
R14-03352,45050000,150000
R14-03353,84210000,300000
R14-03354,52660000,150000
R14-03355,23890000,60000
R14-03356,8630000,20000
R14-03357,23930000,60000
R14-03358,45540000,150000
R14-03359,56280000,150000
R14-03360,21420000,60000
R14-03361,12750000,40000
R14-03362,98630000,300000
R14-03363,2630000,0
R14-03364,1770000,0
R14-03365,77680000,300000
R14-03366,51550000,150000
R14-03367,23960000,60000
R14-03368,5400000,20000
R14-03369,93730000,300000
R14-03370,17350000,40000
R14-03371,4170000,0
R14-03372,12750000,40000
R14-03373,54900000,150000
R14-03374,118630000,300000
R14-03375,43040000,150000
R14-03376,33660000,150000
R14-03377,47950000,150000
R14-03378,23930000,60000
R14-03379,23630000,60000
R14-03380,115030000,300000
R14-03381,22730000,60000
R14-03382,54970000,150000
R14-03383,47050000,150000
R14-03384,28160000,60000
R14-03385,62520000,150000
R14-03386,44460000,150000
R14-03387,24180000,60000
R14-03388,1430000,0
R14-03389,143000000,600000
R14-03390,2960000,0
R14-03391,155690000,600000
R14-03392,35590000,150000
R14-03393,32840000,60000
R14-03394,27750000,60000
R14-03395,4390000,0
R14-03396,34370000,150000
R14-03397,32330000,60000
R14-03398,52610000,150000
R14-03399,61460000,150000
R14-03400,4900000,0
R14-03401,7220000,20000
R14-03402,41910000,150000
R14-03403,32630000,60000
R14-03404,4610000,0
R14-03405,56500000,150000
R14-03406,36190000,150000
R14-03407,44600000,150000
R14-03408,82270000,300000
R14-03409,14380000,40000
R14-03410,17910000,40000
R14-03411,31920000,60000
R14-03412,30400000,60000
R14-03413,34910000,150000
R14-03414,75880000,300000
R14-03415,47340000,150000
R14-03416,31800000,60000
R14-03417,25280000,60000
R14-03418,62870000,150000
R14-03419,62780000,150000
R14-03420,4630000,0
R14-03421,61260000,150000
R14-03422,53460000,150000
R14-03423,35160000,150000
R14-03424,28270000,60000
R14-03425,86100000,300000
R14-03426,54160000,150000
R14-03427,66380000,150000
R14-03428,82690000,300000
R14-03429,3580000,0
R14-03430,22100000,60000
R14-03431,52530000,150000
R14-03432,74610000,300000
R14-03433,53220000,150000
R14-03434,35650000,150000
R14-03435,32320000,60000
R14-03436,74830000,300000
R14-03437,52230000,150000
R14-03438,31010000,60000
R14-03439,4490000,0
R14-03440,42770000,150000
R14-03441,15330000,40000
R14-03442,93590000,300000
R14-03443,13580000,40000
R14-03444,43130000,150000
R14-03445,24050000,60000
R14-03446,41950000,150000
R14-03447,34150000,150000
R14-03448,172750000,600000
R14-03449,11900000,40000
R14-03450,53330000,150000
R14-03451,2440000,0
R14-03452,3240000,0
R14-03453,82880000,300000
R14-03454,14650000,40000
R14-03455,11530000,40000
R14-03456,21290000,60000
R14-03457,1950000,0
R14-03458,62630000,150000
R14-03459,45120000,150000
R14-03460,51050000,150000
R14-03461,85910000,300000
R14-03462,34530000,150000
R14-03463,74440000,300000
R14-03464,63810000,150000
R14-03465,13900000,40000
R14-03466,2760000,0
R14-03467,52920000,150000
R14-03468,113280000,300000
R14-03469,2760000,0
R14-03470,93910000,300000
R14-03471,34290000,150000
R14-03472,5530000,20000
R14-03473,77340000,300000
R14-03474,24160000,60000
R14-03475,71330000,300000
R14-03476,26590000,60000
R14-03477,46520000,150000
R14-03478,46050000,150000
R14-03479,61940000,150000
R14-03480,76600000,300000
R14-03481,34480000,150000
R14-03482,8200000,20000
R14-03483,14280000,40000
R14-03484,13380000,40000
R14-03485,21430000,60000
R14-03486,6300000,20000
R14-03487,11890000,40000
R14-03488,42820000,150000
R14-03489,97100000,300000
R14-03490,37370000,150000
R14-03491,75340000,300000
R14-03492,16360000,40000
R14-03493,62090000,150000
R14-03494,83880000,300000
R14-03495,18400000,40000
R14-03496,67980000,300000
R14-03497,66190000,150000
R14-03498,5700000,20000
R14-03499,56770000,150000
R14-03500,12670000,40000
R14-03501,23400000,60000
R14-03502,52380000,150000
R14-03503,55220000,150000
R14-03504,87010000,300000
R14-03505,83280000,300000
R14-03506,46420000,150000
R14-03507,41610000,150000
R14-03508,67420000,300000
R14-03509,55110000,150000
R14-03510,63560000,150000
R14-03511,36220000,150000
R14-03512,65590000,150000
R14-03513,63530000,150000
R14-03514,21840000,60000
R14-03515,75950000,300000
R14-03516,62430000,150000
R14-03517,94320000,300000
R14-03518,14240000,40000
R14-03519,26040000,60000
R14-03520,51640000,150000
R14-03521,137380000,600000
R14-03522,71670000,300000
R14-03523,4050000,0
R14-03524,65140000,150000
R14-03525,111800000,300000
R14-03526,41200000,150000
R14-03527,14180000,40000
R14-03528,21940000,60000
R14-03529,1570000,0
R14-03530,36770000,150000
R14-03531,96270000,300000
R14-03532,71150000,300000
R14-03533,72400000,300000
R14-03534,16980000,40000
R14-03535,25160000,60000
R14-03536,125120000,300000
R14-03537,56270000,150000
R14-03538,82760000,300000
R14-03539,13350000,40000
R14-03540,122360000,300000
R14-03541,35760000,150000
R14-03542,35120000,150000
R14-03543,15910000,40000
R14-03544,34470000,150000
R14-03545,61940000,150000
R14-03546,49490000,150000
R14-03547,5190000,20000
R14-03548,117590000,300000
R14-03549,73530000,300000
R14-03550,81420000,300000
R14-03551,37020000,150000
R14-03552,3380000,0
R14-03553,46930000,150000
R14-03554,13410000,40000
R14-03555,2230000,0
R14-03556,14860000,40000
R14-03557,31900000,60000
R14-03558,43540000,150000
R14-03559,35690000,150000
R14-03560,81760000,300000
R14-03561,21210000,60000
R14-03562,93440000,300000
R14-03563,38220000,150000
R14-03564,23350000,60000
R14-03565,42240000,150000
R14-03566,21620000,60000
R14-03567,4380000,0
R14-03568,8000000,20000
R14-03569,5460000,20000
R14-03570,2820000,0
R14-03571,67620000,300000
R14-03572,27170000,60000
R14-03573,54630000,150000
R14-03574,104610000,300000
R14-03575,1990000,0
R14-03576,23840000,60000
R14-03577,66040000,150000
R14-03578,15160000,40000
R14-03579,30980000,60000
R14-03580,55240000,150000
R14-03581,93680000,300000
R14-03582,105620000,300000
R14-03583,18020000,40000
R14-03584,37060000,150000
R14-03585,1330000,0
R14-03586,31680000,60000
R14-03587,11910000,40000
R14-03588,11570000,40000
R14-03589,87580000,300000
R14-03590,26530000,60000
R14-03591,95010000,300000
R14-03592,63560000,150000
R14-03593,24180000,60000
R14-03594,52810000,150000
R14-03595,67000000,300000
R14-03596,106810000,300000
R14-03597,93610000,300000
R14-03598,63740000,150000
R14-03599,32410000,60000
R14-03600,24350000,60000
R14-03601,96240000,300000
R14-03602,31370000,60000
R14-03603,24090000,60000
R14-03604,61250000,150000
R14-03605,94580000,300000
R14-03606,34540000,150000
R14-03607,52170000,150000
R14-03608,34700000,150000
R14-03609,81870000,300000
R14-03610,85620000,300000
R14-03611,124390000,300000
R14-03612,61550000,150000
R14-03613,56950000,150000
R14-03614,53330000,150000
R14-03615,75320000,300000
R14-03616,102860000,300000
R14-03617,60900000,150000
R14-03618,41700000,150000
R14-03619,43790000,150000
R14-03620,73310000,300000
R14-03621,24960000,60000
R14-03622,50060000,150000
R14-03623,13730000,40000
R14-03624,22810000,60000
R14-03625,52290000,150000
R14-03626,36790000,150000
R14-03627,44360000,150000
R14-03628,12820000,40000
R14-03629,15780000,40000
R14-03630,62560000,150000
R14-03631,11860000,40000
R14-03632,83170000,300000
R14-03633,112820000,300000
R14-03634,13720000,40000
R14-03635,62910000,150000
R14-03636,24930000,60000
R14-03637,45250000,150000
R14-03638,42260000,150000
R14-03639,28210000,60000
R14-03640,61390000,150000
R14-03641,94880000,300000
R14-03642,62470000,150000
R14-03643,101750000,300000
R14-03644,32770000,60000
R14-03645,47940000,150000
R14-03646,54080000,150000
R14-03647,87110000,300000
R14-03648,66410000,150000
R14-03649,5330000,20000
R14-03650,1010000,0
R14-03651,15440000,40000
R14-03652,3330000,0
R14-03653,25360000,60000
R14-03654,62710000,150000
R14-03655,3240000,0
R14-03656,95360000,300000
R14-03657,22780000,60000
R14-03658,27110000,60000
R14-03659,26790000,60000
R14-03660,42640000,150000
R14-03661,51040000,150000
R14-03662,68730000,300000
R14-03663,40710000,150000
R14-03664,24970000,60000
R14-03665,47240000,150000
R14-03666,1570000,0
R14-03667,86480000,300000
R14-03668,22420000,60000
R14-03669,2340000,0
R14-03670,33660000,150000
R14-03671,25330000,60000
R14-03672,135670000,600000
R14-03673,112320000,300000
R14-03674,4210000,0
R14-03675,48870000,150000
R14-03676,68970000,300000
R14-03677,91470000,300000
R14-03678,51880000,150000
R14-03679,36380000,150000
R14-03680,85090000,300000
R14-03681,8220000,20000
R14-03682,87070000,300000
R14-03683,12240000,40000
R14-03684,11280000,40000
R14-03685,25690000,60000
R14-03686,92440000,300000
R14-03687,25030000,60000
R14-03688,24880000,60000
R14-03689,2310000,0
R14-03690,5970000,20000
R14-03691,26610000,60000
R14-03692,2300000,0
R14-03693,17280000,40000
R14-03694,11530000,40000
R14-03695,90750000,300000
R14-03696,73740000,300000
R14-03697,85860000,300000
R14-03698,130840000,300000
R14-03699,21740000,60000
R14-03700,21300000,60000
R14-03701,1760000,0
R14-03702,14410000,40000
R14-03703,74070000,300000
R14-03704,24860000,60000
R14-03705,45980000,150000
R14-03706,61850000,150000
R14-03707,25860000,60000
R14-03708,35980000,150000
R14-03709,23390000,60000
R14-03710,33930000,150000
R14-03711,22670000,60000
R14-03712,222980000,1000000
R14-03713,123360000,300000
R14-03714,82160000,300000
R14-03715,26480000,60000
R14-03716,64440000,150000
R14-03717,46030000,150000
R14-03718,13040000,40000
R14-03719,80530000,300000
R14-03720,23260000,60000
R14-03721,18590000,40000
R14-03722,11440000,40000
R14-03723,22430000,60000
R14-03724,23950000,60000
R14-03725,2310000,0
R14-03726,96710000,300000
R14-03727,42060000,150000
R14-03728,104700000,300000
R14-03729,25090000,60000
R14-03730,95980000,300000
R14-03731,71910000,300000
R14-03732,7480000,20000
R14-03733,16420000,40000
R14-03734,11100000,40000
R14-03735,73520000,300000
R14-03736,72960000,300000
R14-03737,550000,0
R14-03738,12490000,40000
R14-03739,82940000,300000
R14-03740,82470000,300000
R14-03741,12440000,40000
R14-03742,28010000,60000
R14-03743,75880000,300000
R14-03744,53330000,150000
R14-03745,4480000,0
R14-03746,36620000,150000
R14-03747,52620000,150000
R14-03748,54210000,150000
R14-03749,46180000,150000
R14-03750,48970000,150000
R14-03751,5590000,20000
R14-03752,52120000,150000
R14-03753,73580000,300000
R14-03754,1260000,0
R14-03755,39640000,150000
R14-03756,97250000,300000
R14-03757,72100000,300000
R14-03758,84040000,300000
R14-03759,37830000,150000
R14-03760,42720000,150000
R14-03761,88040000,300000
R14-03762,44920000,150000
R14-03763,77340000,300000
R14-03764,92960000,300000
R14-03765,2860000,0
R14-03766,92320000,300000
R14-03767,13470000,40000
R14-03768,46530000,150000
R14-03769,32150000,60000
R14-03770,2130000,0
R14-03771,13960000,40000
R14-03772,25950000,60000
R14-03773,60540000,150000
R14-03774,13520000,40000
R14-03775,32080000,60000
R14-03776,113010000,300000
R14-03777,55060000,150000
R14-03778,23050000,60000
R14-03779,21250000,60000
R14-03780,2760000,0
R14-03781,25430000,60000
R14-03782,13650000,40000
R14-03783,6550000,20000
R14-03784,22480000,60000
R14-03785,25210000,60000
R14-03786,34120000,150000
R14-03787,83090000,300000
R14-03788,82100000,300000
R14-03789,82190000,300000
R14-03790,105600000,300000
R14-03791,4600000,0
R14-03792,42490000,150000
R14-03793,40920000,150000
R14-03794,34720000,150000
R14-03795,73120000,300000
R14-03796,72450000,300000
R14-03797,12460000,40000
R14-03798,104730000,300000
R14-03799,25170000,60000
R14-03800,33860000,150000
R14-03801,100320000,300000
R14-03802,83400000,300000
R14-03803,38100000,150000
R14-03804,84770000,300000
R14-03805,26800000,60000
R14-03806,45430000,150000
R14-03807,41610000,150000
R14-03808,13470000,40000
R14-03809,155930000,600000
R14-03810,112250000,300000
R14-03811,23820000,60000
R14-03812,50710000,150000
R14-03813,22280000,60000
R14-03814,30990000,60000
R14-03815,1710000,0
R14-03816,3760000,0
R14-03817,9090000,20000
R14-03818,32570000,60000
R14-03819,46030000,150000
R14-03820,770000,0
R14-03821,62120000,150000
R14-03822,40800000,150000
R14-03823,105250000,300000
R14-03824,14620000,40000
R14-03825,13050000,40000
R14-03826,790000,0
R14-03827,87540000,300000
R14-03828,64590000,150000
R14-03829,35990000,150000
R14-03830,12840000,40000
R14-03831,53430000,150000
R14-03832,21250000,60000
R14-03833,6640000,20000
R14-03834,2340000,0
R14-03835,41950000,150000
R14-03836,3790000,0
R14-03837,4950000,0
R14-03838,11770000,40000
R14-03839,72050000,300000
R14-03840,92590000,300000
R14-03841,66620000,150000
R14-03842,82440000,300000
R14-03843,13970000,40000
R14-03844,62720000,150000
R14-03845,79180000,300000
R14-03846,84350000,300000
R14-03847,73450000,300000
R14-03848,53520000,150000
R14-03849,123990000,300000
R14-03850,30240000,60000
R14-03851,77140000,300000
R14-03852,76790000,300000
R14-03853,92670000,300000
R14-03854,55850000,150000
R14-03855,93230000,300000
R14-03856,13820000,40000
R14-03857,24590000,60000
R14-03858,1570000,0
R14-03859,71440000,300000
R14-03860,37610000,150000
R14-03861,31720000,60000
R14-03862,117080000,300000
R14-03863,31580000,60000
R14-03864,25160000,60000
R14-03865,710000,0
R14-03866,64980000,150000
R14-03867,34550000,150000
R14-03868,12120000,40000
R14-03869,12620000,40000
R14-03870,3450000,0
R14-03871,51640000,150000
R14-03872,75810000,300000
R14-03873,92770000,300000
R14-03874,72980000,300000
R14-03875,10260000,40000
R14-03876,99010000,300000
R14-03877,100280000,300000
R14-03878,84650000,300000
R14-03879,3960000,0
R14-03880,32840000,60000
R14-03881,13620000,40000
R14-03882,8260000,20000
R14-03883,32880000,60000
R14-03884,17690000,40000
R14-03885,5550000,20000
R14-03886,37740000,150000
R14-03887,22820000,60000
R14-03888,131430000,300000
R14-03889,24590000,60000
R14-03890,63500000,150000
R14-03891,43810000,150000
R14-03892,20630000,60000
R14-03893,3200000,0
R14-03894,30720000,60000
R14-03895,23240000,60000
R14-03896,34400000,150000
R14-03897,13070000,40000
R14-03898,43370000,150000
R14-03899,91810000,300000
R14-03900,42790000,150000
R14-03901,55130000,150000
R14-03902,34220000,150000
R14-03903,15060000,40000
R14-03904,102580000,300000
R14-03905,92270000,300000
R14-03906,1810000,0
R14-03907,77730000,300000
R14-03908,20650000,60000
R14-03909,22370000,60000
R14-03910,75300000,300000
R14-03911,37380000,150000
R14-03912,5740000,20000
R14-03913,12000000,40000
R14-03914,550000,0
R14-03915,13010000,40000
R14-03916,2580000,0
R14-03917,2090000,0
R14-03918,12310000,40000
R14-03919,35160000,150000
R14-03920,152830000,600000
R14-03921,22590000,60000
R14-03922,12300000,40000
R14-03923,23320000,60000
R14-03924,20570000,60000
R14-03925,45940000,150000
R14-03926,13700000,40000
R14-03927,63110000,150000
R14-03928,131500000,300000
R14-03929,147450000,600000
R14-03930,43270000,150000
R14-03931,22940000,60000
R14-03932,101780000,300000
R14-03933,76780000,300000
R14-03934,36420000,150000
R14-03935,10220000,40000
R14-03936,3270000,0
R14-03937,178780000,600000
R14-03938,21730000,60000
R14-03939,25010000,60000
R14-03940,3380000,0
R14-03941,17540000,40000
R14-03942,4000000,0
R14-03943,53920000,150000
R14-03944,42910000,150000
R14-03945,3870000,0
R14-03946,10520000,40000
R14-03947,42430000,150000
R14-03948,36240000,150000
R14-03949,34900000,150000
R14-03950,55300000,150000
R14-03951,41140000,150000
R14-03952,98190000,300000
R14-03953,86420000,300000
R14-03954,20220000,60000
R14-03955,2380000,0
R14-03956,4700000,0
R14-03957,103060000,300000
R14-03958,20990000,60000
R14-03959,7390000,20000
R14-03960,14770000,40000
R14-03961,22140000,60000
R14-03962,21680000,60000
R14-03963,17480000,40000
R14-03964,1390000,0
R14-03965,31610000,60000
R14-03966,22660000,60000
R14-03967,12900000,40000
R14-03968,28300000,60000
R14-03969,65060000,150000
R14-03970,65670000,150000
R14-03971,41790000,150000
R14-03972,32020000,60000
R14-03973,61840000,150000
R14-03974,33760000,150000
R14-03975,31860000,60000
R14-03976,23620000,60000
R14-03977,56470000,150000
R14-03978,14950000,40000
R14-03979,33250000,60000
R14-03980,32510000,60000
R14-03981,60510000,150000
R14-03982,880000,0
R14-03983,22730000,60000
R14-03984,71010000,300000
R14-03985,26110000,60000
R14-03986,42260000,150000
R14-03987,16510000,40000
R14-03988,22800000,60000
R14-03989,66390000,150000
R14-03990,13250000,40000
R14-03991,84740000,300000
R14-03992,21690000,60000
R14-03993,42470000,150000
R14-03994,22800000,60000
R14-03995,12630000,40000
R14-03996,14020000,40000
R14-03997,3150000,0
R14-03998,14410000,40000
R14-03999,2380000,0
R14-04000,8990000,20000
R14-04001,23120000,60000
R14-04002,172600000,600000
R14-04003,24820000,60000
R14-04004,94300000,300000
R14-04005,2250000,0
R14-04006,55850000,150000
R14-04007,73670000,300000
R14-04008,880000,0
R14-04009,84570000,300000
R14-04010,78360000,300000
R14-04011,23030000,60000
R14-04012,6880000,20000
R14-04013,8260000,20000
R14-04014,23460000,60000
R14-04015,25050000,60000
R14-04016,22540000,60000
R14-04017,73440000,300000
R14-04018,58110000,150000
R14-04019,13510000,40000
R14-04020,84950000,300000
R14-04021,16430000,40000
R14-04022,31880000,60000
R14-04023,111870000,300000
R14-04024,880000,0
R14-04025,24230000,60000
R14-04026,35000000,150000
R14-04027,2870000,0
R14-04028,54510000,150000
R14-04029,103250000,300000
R14-04030,36220000,150000
R14-04031,1560000,0
R14-04032,103270000,300000
R14-04033,25080000,60000
R14-04034,51360000,150000
R14-04035,41800000,150000
R14-04036,2530000,0
R14-04037,10830000,40000
R14-04038,22350000,60000
R14-04039,41120000,150000
R14-04040,56440000,150000
R14-04041,92460000,300000
R14-04042,91040000,300000
R14-04043,42340000,150000
R14-04044,38150000,150000
R14-04045,85540000,300000
R14-04046,31690000,60000
R14-04047,34440000,150000
R14-04048,16570000,40000
R14-04049,13200000,40000
R14-04050,44520000,150000
R14-04051,33990000,150000
R14-04052,24220000,60000
R14-04053,64270000,150000
R14-04054,17060000,40000
R14-04055,7060000,20000
R14-04056,60270000,150000
R14-04057,100720000,300000
R14-04058,6590000,20000
R14-04059,41740000,150000
R14-04060,22020000,60000
R14-04061,51470000,150000
R14-04062,8730000,20000
R14-04063,82930000,300000
R14-04064,63170000,150000
R14-04065,49510000,150000
R14-04066,156280000,600000
R14-04067,51800000,150000
R14-04068,78560000,300000
R14-04069,23420000,60000
R14-04070,2180000,0
R14-04071,52090000,150000
R14-04072,22590000,60000
R14-04073,72510000,300000
R14-04074,11920000,40000
R14-04075,36280000,150000
R14-04076,24390000,60000
R14-04077,11720000,40000
R14-04078,8130000,20000
R14-04079,16630000,40000
R14-04080,15910000,40000
R14-04081,3090000,0
R14-04082,62280000,150000
R14-04083,42340000,150000
R14-04084,6760000,20000
R14-04085,76750000,300000
R14-04086,24370000,60000
R14-04087,115120000,300000
R14-04088,104300000,300000
R14-04089,122880000,300000
R14-04090,64580000,150000
R14-04091,85020000,300000
R14-04092,32200000,60000
R14-04093,59270000,150000
R14-04094,52140000,150000
R14-04095,54950000,150000
R14-04096,1310000,0
R14-04097,6560000,20000
R14-04098,35850000,150000
R14-04099,83330000,300000
R14-04100,107140000,300000
R14-04101,1800000,0
R14-04102,1810000,0
R14-04103,54160000,150000
R14-04104,2110000,0
R14-04105,33110000,60000
R14-04106,17280000,40000
R14-04107,20580000,60000
R14-04108,22870000,60000
R14-04109,32390000,60000
R14-04110,136340000,600000
R14-04111,75880000,300000
R14-04112,44290000,150000
R14-04113,2550000,0
R14-04114,73730000,300000
R14-04115,42190000,150000
R14-04116,22590000,60000
R14-04117,20570000,60000
R14-04118,103070000,300000
R14-04119,106190000,300000
R14-04120,70900000,300000
R14-04121,72180000,300000
R14-04122,152320000,600000
R14-04123,44550000,150000
R14-04124,50840000,150000
R14-04125,84290000,300000
R14-04126,11720000,40000
R14-04127,14010000,40000
R14-04128,2880000,0
R14-04129,63050000,150000
R14-04130,14320000,40000
R14-04131,36260000,150000
R14-04132,16650000,40000
R14-04133,24560000,60000
R14-04134,53170000,150000
R14-04135,41690000,150000
R14-04136,24940000,60000
R14-04137,81960000,300000
R14-04138,23130000,60000
R14-04139,38450000,150000
R14-04140,51280000,150000
R14-04141,35090000,150000
R14-04142,34210000,150000
R14-04143,4780000,0
R14-04144,35160000,150000
R14-04145,27250000,60000
R14-04146,53820000,150000
R14-04147,26610000,60000
R14-04148,43470000,150000
R14-04149,45690000,150000
R14-04150,6760000,20000
R14-04151,52970000,150000
R14-04152,16410000,40000
R14-04153,21970000,60000
R14-04154,450000,0
R14-04155,13360000,40000
R14-04156,35230000,150000
R14-04157,66520000,150000
R14-04158,6600000,20000
R14-04159,6040000,20000
R14-04160,24460000,60000
R14-04161,62500000,150000
R14-04162,44960000,150000
R14-04163,14400000,40000
R14-04164,22170000,60000
R14-04165,46980000,150000
R14-04166,22100000,60000
R14-04167,4000000,0
R14-04168,35810000,150000
R14-04169,106150000,300000
R14-04170,28380000,60000
R14-04171,31260000,60000
R14-04172,22230000,60000
R14-04173,34840000,150000
R14-04174,32530000,60000
R14-04175,71230000,300000
R14-04176,12100000,40000
R14-04177,94350000,300000
R14-04178,54470000,150000
R14-04179,3150000,0
R14-04180,66890000,300000
R14-04181,31350000,60000
R14-04182,41050000,150000
R14-04183,39130000,150000
R14-04184,17810000,40000
R14-04185,12670000,40000
R14-04186,13510000,40000
R14-04187,16150000,40000
R14-04188,64040000,150000
R14-04189,42510000,150000
R14-04190,24690000,60000
R14-04191,115160000,300000
R14-04192,2270000,0
R14-04193,52830000,150000
R14-04194,72410000,300000
R14-04195,36530000,150000
R14-04196,14130000,40000
R14-04197,31930000,60000
R14-04198,6390000,20000
R14-04199,34590000,150000
R14-04200,2390000,0
R14-04201,51400000,150000
R14-04202,24800000,60000
R14-04203,1570000,0
R14-04204,42490000,150000
R14-04205,11500000,40000
R14-04206,20820000,60000
R14-04207,37160000,150000
R14-04208,26510000,60000
R14-04209,31830000,60000
R14-04210,65030000,150000
R14-04211,33700000,150000
R14-04212,25040000,60000
R14-04213,21670000,60000
R14-04214,111460000,300000
R14-04215,2910000,0
R14-04216,75290000,300000
R14-04217,23630000,60000
R14-04218,41690000,150000
R14-04219,17560000,40000
R14-04220,99070000,300000
R14-04221,4620000,0
R14-04222,52160000,150000
R14-04223,51910000,150000
R14-04224,34020000,150000
R14-04225,34970000,150000
R14-04226,5610000,20000
R14-04227,102550000,300000
R14-04228,34520000,150000
R14-04229,43350000,150000
R14-04230,12470000,40000
R14-04231,44670000,150000
R14-04232,91570000,300000
R14-04233,1480000,0
R14-04234,32730000,60000
R14-04235,64900000,150000
R14-04236,102530000,300000
R14-04237,52170000,150000
R14-04238,112570000,300000
R14-04239,92720000,300000
R14-04240,85250000,300000
R14-04241,32560000,60000
R14-04242,2150000,0
R14-04243,14240000,40000
R14-04244,132050000,300000
R14-04245,31980000,60000
R14-04246,25100000,60000
R14-04247,33860000,150000
R14-04248,172440000,600000
R14-04249,25710000,60000
R14-04250,12300000,40000
R14-04251,15590000,40000
R14-04252,52280000,150000
R14-04253,36300000,150000
R14-04254,26340000,60000
R14-04255,121940000,300000
R14-04256,25130000,60000
R14-04257,74700000,300000
R14-04258,51330000,150000
R14-04259,61990000,150000
R14-04260,42310000,150000
R14-04261,131040000,300000
R14-04262,3400000,0
R14-04263,74260000,300000
R14-04264,13650000,40000
R14-04265,24140000,60000
R14-04266,52770000,150000
R14-04267,8930000,20000
R14-04268,82380000,300000
R14-04269,5580000,20000
R14-04270,30920000,60000
R14-04271,52830000,150000
R14-04272,75560000,300000
R14-04273,5220000,20000
R14-04274,2400000,0
R14-04275,227800000,1000000
R14-04276,41990000,150000
R14-04277,94530000,300000
R14-04278,5100000,20000
R14-04279,43920000,150000
R14-04280,71310000,300000
R14-04281,21560000,60000
R14-04282,131040000,300000
R14-04283,44470000,150000
R14-04284,71840000,300000
R14-04285,63250000,150000
R14-04286,123690000,300000
R14-04287,20630000,60000
R14-04288,53930000,150000
R14-04289,2250000,0
R14-04290,6710000,20000
R14-04291,37230000,150000
R14-04292,131730000,300000
R14-04293,11630000,40000
R14-04294,76780000,300000
R14-04295,6590000,20000
R14-04296,101390000,300000
R14-04297,62800000,150000
R14-04298,82020000,300000
R14-04299,65510000,150000
R14-04300,12560000,40000
R14-04301,7250000,20000
R14-04302,47510000,150000
R14-04303,106550000,300000
R14-04304,34250000,150000
R14-04305,47870000,150000
R14-04306,44920000,150000
R14-04307,4770000,0
R14-04308,73190000,300000
R14-04309,14830000,40000
R14-04310,63590000,150000
R14-04311,32260000,60000
R14-04312,100930000,300000
R14-04313,61880000,150000
R14-04314,122150000,300000
R14-04315,11400000,40000
R14-04316,2470000,0
R14-04317,4550000,0
R14-04318,53230000,150000
R14-04319,26620000,60000
R14-04320,26650000,60000
R14-04321,21500000,60000
R14-04322,16860000,40000
R14-04323,32070000,60000
R14-04324,59010000,150000
R14-04325,81620000,300000
R14-04326,23580000,60000
R14-04327,77360000,300000
R14-04328,16620000,40000
R14-04329,14550000,40000
R14-04330,20550000,60000
R14-04331,51930000,150000
R14-04332,31940000,60000
R14-04333,12150000,40000
R14-04334,81510000,300000
R14-04335,64210000,150000
R14-04336,115500000,300000
R14-04337,81940000,300000
R14-04338,62670000,150000
R14-04339,4850000,0
R14-04340,2030000,0
R14-04341,73840000,300000
R14-04342,74230000,300000
R14-04343,3950000,0
R14-04344,32770000,60000
R14-04345,2140000,0
R14-04346,72090000,300000
R14-04347,13350000,40000
R14-04348,71460000,300000
R14-04349,24250000,60000
R14-04350,55040000,150000
R14-04351,11310000,40000
R14-04352,133970000,600000
R14-04353,35620000,150000
R14-04354,24900000,60000
R14-04355,3400000,0
R14-04356,2240000,0
R14-04357,10190000,40000
R14-04358,42020000,150000
R14-04359,5470000,20000
R14-04360,13200000,40000
R14-04361,62610000,150000
R14-04362,12490000,40000
R14-04363,214310000,1000000
R14-04364,60890000,150000
R14-04365,42540000,150000
R14-04366,15180000,40000
R14-04367,4090000,0
R14-04368,15350000,40000
R14-04369,3070000,0
R14-04370,92910000,300000
R14-04371,82330000,300000
R14-04372,50950000,150000
R14-04373,44970000,150000
R14-04374,73520000,300000
R14-04375,13250000,40000
R14-04376,110710000,300000
R14-04377,15270000,40000
R14-04378,42780000,150000
R14-04379,13170000,40000
R14-04380,4770000,0
R14-04381,160000,0
R14-04382,74070000,300000
R14-04383,1760000,0
R14-04384,32020000,60000
R14-04385,75210000,300000
R14-04386,54200000,150000
R14-04387,103410000,300000
R14-04388,72480000,300000
R14-04389,13540000,40000
R14-04390,31160000,60000
R14-04391,126840000,300000
R14-04392,52120000,150000
R14-04393,22500000,60000
R14-04394,2180000,0
R14-04395,72640000,300000
R14-04396,102410000,300000
R14-04397,26060000,60000
R14-04398,42560000,150000
R14-04399,7640000,20000
R14-04400,64470000,150000
R14-04401,134170000,600000
R14-04402,32110000,60000
R14-04403,24620000,60000
R14-04404,370000,0
R14-04405,55860000,150000
R14-04406,31100000,60000
R14-04407,81160000,300000
R14-04408,101460000,300000
R14-04409,63750000,150000
R14-04410,22670000,60000
R14-04411,22070000,60000
R14-04412,71240000,300000
R14-04413,93370000,300000
R14-04414,4170000,0
R14-04415,13980000,40000
R14-04416,74100000,300000
R14-04417,64270000,150000
R14-04418,1680000,0
R14-04419,4600000,0
R14-04420,33920000,150000
R14-04421,35690000,150000
R14-04422,11770000,40000
R14-04423,43110000,150000
R14-04424,51920000,150000
R14-04425,32440000,60000
R14-04426,11830000,40000
R14-04427,35310000,150000
R14-04428,74610000,300000
R14-04429,36000000,150000
R14-04430,33280000,60000
R14-04431,81350000,300000
R14-04432,16360000,40000
R14-04433,100810000,300000
R14-04434,6110000,20000
R14-04435,44520000,150000
R14-04436,46490000,150000
R14-04437,3580000,0
R14-04438,14000000,40000
R14-04439,51270000,150000
R14-04440,64690000,150000
R14-04441,24280000,60000
R14-04442,32390000,60000
R14-04443,106460000,300000
R14-04444,34250000,150000
R14-04445,31470000,60000
R14-04446,103620000,300000
R14-04447,8100000,20000
R14-04448,74220000,300000
R14-04449,11930000,40000
R14-04450,52970000,150000
R14-04451,105380000,300000
R14-04452,43270000,150000
R14-04453,52790000,150000
R14-04454,85010000,300000
R14-04455,36060000,150000
R14-04456,54540000,150000
R14-04457,61830000,150000
R14-04458,31380000,60000
R14-04459,54860000,150000
R14-04460,16900000,40000
R14-04461,53400000,150000
R14-04462,33210000,60000
R14-04463,85300000,300000
R14-04464,35840000,150000
R14-04465,11030000,40000
R14-04466,44100000,150000
R14-04467,26720000,60000
R14-04468,56400000,150000
R14-04469,21870000,60000
R14-04470,103980000,300000
R14-04471,3460000,0
R14-04472,35950000,150000
R14-04473,121640000,300000
R14-04474,7800000,20000
R14-04475,7590000,20000
R14-04476,53130000,150000
R14-04477,47900000,150000
R14-04478,85010000,300000
R14-04479,101970000,300000
R14-04480,42680000,150000
R14-04481,84080000,300000
R14-04482,62330000,150000
R14-04483,49470000,150000
R14-04484,44140000,150000
R14-04485,4900000,0
R14-04486,21420000,60000
R14-04487,21300000,60000
R14-04488,5650000,20000
R14-04489,43850000,150000
R14-04490,101730000,300000
R14-04491,21750000,60000
R14-04492,61830000,150000
R14-04493,151810000,600000
R14-04494,43310000,150000
R14-04495,6190000,20000
R14-04496,28370000,60000
R14-04497,45560000,150000
R14-04498,114730000,300000
R14-04499,111230000,300000
R14-04500,2790000,0
R14-04501,32230000,60000
R14-04502,5310000,20000
R14-04503,91440000,300000
R14-04504,145310000,600000
R14-04505,2580000,0
R14-04506,41760000,150000
R14-04507,3380000,0
R14-04508,132690000,300000
R14-04509,35140000,150000
R14-04510,7410000,20000
R14-04511,11590000,40000
R14-04512,41370000,150000
R14-04513,47400000,150000
R14-04514,91990000,300000
R14-04515,26990000,60000
R14-04516,85630000,300000
R14-04517,30620000,60000
R14-04518,41590000,150000
R14-04519,62740000,150000
R14-04520,3400000,0
R14-04521,82780000,300000
R14-04522,34320000,150000
R14-04523,44160000,150000
R14-04524,26050000,60000
R14-04525,17040000,40000
R14-04526,61660000,150000
R14-04527,77520000,300000
R14-04528,5980000,20000
R14-04529,51060000,150000
R14-04530,51560000,150000
R14-04531,61610000,150000
R14-04532,34850000,150000
R14-04533,80900000,300000
R14-04534,86680000,300000
R14-04535,45650000,150000
R14-04536,1100000,0
R14-04537,61370000,150000
R14-04538,14800000,40000
R14-04539,83460000,300000
R14-04540,1440000,0
R14-04541,40480000,150000
R14-04542,54050000,150000
R14-04543,101560000,300000
R14-04544,30600000,60000
R14-04545,107560000,300000
R14-04546,23300000,60000
R14-04547,111930000,300000
R14-04548,5610000,20000
R14-04549,25310000,60000
R14-04550,3600000,0
R14-04551,85460000,300000
R14-04552,22760000,60000
R14-04553,21750000,60000
R14-04554,3920000,0
R14-04555,56300000,150000
R14-04556,22170000,60000
R14-04557,6380000,20000
R14-04558,105010000,300000
R14-04559,84520000,300000
R14-04560,15300000,40000
R14-04561,13050000,40000
R14-04562,34800000,150000
R14-04563,3170000,0
R14-04564,129220000,300000
R14-04565,73550000,300000
R14-04566,63030000,150000
R14-04567,83630000,300000
R14-04568,4970000,0
R14-04569,6300000,20000
R14-04570,111530000,300000
R14-04571,47580000,150000
R14-04572,50120000,150000
R14-04573,24020000,60000
R14-04574,9670000,20000
R14-04575,42980000,150000
R14-04576,35330000,150000
R14-04577,4170000,0
R14-04578,34080000,150000
R14-04579,98130000,300000
R14-04580,18090000,40000
R14-04581,28130000,60000
R14-04582,4310000,0
R14-04583,31210000,60000
R14-04584,11370000,40000
R14-04585,84130000,300000
R14-04586,12840000,40000
R14-04587,21840000,60000
R14-04588,62510000,150000
R14-04589,51730000,150000
R14-04590,103610000,300000
R14-04591,26870000,60000
R14-04592,61970000,150000
R14-04593,4900000,0
R14-04594,64090000,150000
R14-04595,30850000,60000
R14-04596,133700000,600000
R14-04597,16650000,40000
R14-04598,23810000,60000
R14-04599,42070000,150000
R14-04600,46430000,150000
R14-04601,32300000,60000
R14-04602,2620000,0
R14-04603,87890000,300000
R14-04604,20840000,60000
R14-04605,95480000,300000
R14-04606,24390000,60000
R14-04607,30700000,60000
R14-04608,126150000,300000
R14-04609,34100000,150000
R14-04610,30990000,60000
R14-04611,12160000,40000
R14-04612,8170000,20000
R14-04613,16210000,40000
R14-04614,42450000,150000
R14-04615,53810000,150000
R14-04616,27090000,60000
R14-04617,102150000,300000
R14-04618,83900000,300000
R14-04619,9090000,20000
R14-04620,12880000,40000
R14-04621,22030000,60000
R14-04622,11430000,40000
R14-04623,47610000,150000
R14-04624,72610000,300000
R14-04625,25510000,60000
R14-04626,22920000,60000
R14-04627,20490000,60000
R14-04628,133040000,300000
R14-04629,37830000,150000
R14-04630,4900000,0
R14-04631,1650000,0
R14-04632,21420000,60000
R14-04633,3940000,0
R14-04634,105350000,300000
R14-04635,42480000,150000
R14-04636,155870000,600000
R14-04637,35570000,150000
R14-04638,1100000,0
R14-04639,12240000,40000
R14-04640,34480000,150000
R14-04641,81730000,300000
R14-04642,112140000,300000
R14-04643,22500000,60000
R14-04644,32160000,60000
R14-04645,56000000,150000
R14-04646,52900000,150000
R14-04647,72520000,300000
R14-04648,1690000,0
R14-04649,53970000,150000
R14-04650,52520000,150000
R14-04651,79190000,300000
R14-04652,1060000,0
R14-04653,74500000,300000
R14-04654,13850000,40000
R14-04655,22980000,60000
R14-04656,30660000,60000
R14-04657,5160000,20000
R14-04658,65760000,150000
R14-04659,58600000,150000
R14-04660,4210000,0
R14-04661,21410000,60000
R14-04662,24500000,60000
R14-04663,11980000,40000
R14-04664,37700000,150000
R14-04665,22430000,60000
R14-04666,21050000,60000
R14-04667,43620000,150000
R14-04668,116030000,300000
R14-04669,53250000,150000
R14-04670,2500000,0
R14-04671,51800000,150000
R14-04672,73170000,300000
R14-04673,3920000,0
R14-04674,72540000,300000
R14-04675,83620000,300000
R14-04676,74600000,300000
R14-04677,34910000,150000
R14-04678,710000,0
R14-04679,101840000,300000
R14-04680,104670000,300000
R14-04681,23970000,60000
R14-04682,22530000,60000
R14-04683,43780000,150000
R14-04684,66300000,150000
R14-04685,1190000,0
R14-04686,143240000,600000
R14-04687,45950000,150000
R14-04688,112780000,300000
R14-04689,27300000,60000
R14-04690,33080000,60000
R14-04691,32870000,60000
R14-04692,38640000,150000
R14-04693,10620000,40000
R14-04694,31040000,60000
R14-04695,79670000,300000
R14-04696,31520000,60000
R14-04697,55530000,150000
R14-04698,96630000,300000
R14-04699,34040000,150000
R14-04700,22020000,60000
R14-04701,23130000,60000
R14-04702,31140000,60000
R14-04703,26810000,60000
R14-04704,11150000,40000
R14-04705,143740000,600000
R14-04706,37770000,150000
R14-04707,3940000,0
R14-04708,76120000,300000
R14-04709,13440000,40000
R14-04710,26340000,60000
R14-04711,5670000,20000
R14-04712,44180000,150000
R14-04713,45120000,150000
R14-04714,37060000,150000
R14-04715,37210000,150000
R14-04716,22770000,60000
R14-04717,10660000,40000
R14-04718,92720000,300000
R14-04719,50970000,150000
R14-04720,10390000,40000
R14-04721,26740000,60000
R14-04722,86180000,300000
R14-04723,30930000,60000
R14-04724,75860000,300000
R14-04725,32490000,60000
R14-04726,62630000,150000
R14-04727,96850000,300000
R14-04728,77000000,300000
R14-04729,47680000,150000
R14-04730,82440000,300000
R14-04731,56560000,150000
R14-04732,22700000,60000
R14-04733,2900000,0
R14-04734,44600000,150000
R14-04735,1770000,0
R14-04736,750000,0
R14-04737,23610000,60000
R14-04738,51790000,150000
R14-04739,83650000,300000
R14-04740,23040000,60000
R14-04741,20920000,60000
R14-04742,32350000,60000
R14-04743,27260000,60000
R14-04744,138940000,600000
R14-04745,63200000,150000
R14-04746,87280000,300000
R14-04747,100860000,300000
R14-04748,115910000,300000
R14-04749,82550000,300000
R14-04750,104980000,300000
R14-04751,41780000,150000
R14-04752,4900000,0
R14-04753,2120000,0
R14-04754,37000000,150000
R14-04755,5680000,20000
R14-04756,61880000,150000
R14-04757,34940000,150000
R14-04758,13210000,40000
R14-04759,85110000,300000
R14-04760,46650000,150000
R14-04761,14420000,40000
R14-04762,8580000,20000
R14-04763,75630000,300000
R14-04764,3500000,0
R14-04765,52160000,150000
R14-04766,5790000,20000
R14-04767,26860000,60000
R14-04768,37840000,150000
R14-04769,63070000,150000
R14-04770,2700000,0
R14-04771,110670000,300000
R14-04772,45470000,150000
R14-04773,33190000,60000
R14-04774,31200000,60000
R14-04775,5180000,20000
R14-04776,68510000,300000
R14-04777,34840000,150000
R14-04778,75780000,300000
R14-04779,34930000,150000
R14-04780,75930000,300000
