고객ID,타사이전금액,혜택금액
R18-00000,124650000,300000
R18-00001,24310000,60000
R18-00002,73110000,300000
R18-00003,81750000,300000
R18-00004,41800000,150000
R18-00005,5700000,20000
R18-00006,72180000,300000
R18-00007,32060000,60000
R18-00008,34010000,150000
R18-00009,45850000,150000
R18-00010,43300000,150000
R18-00011,32810000,60000
R18-00012,75980000,300000
R18-00013,32700000,60000
R18-00014,22640000,60000
R18-00015,81650000,300000
R18-00016,12710000,40000
R18-00017,64200000,150000
R18-00018,2330000,0
R18-00019,133580000,600000
R18-00020,66800000,300000
R18-00021,111220000,300000
R18-00022,51060000,150000
R18-00023,52580000,150000
R18-00024,62330000,150000
R18-00025,132560000,300000
R18-00026,46500000,150000
R18-00027,95030000,300000
R18-00028,43970000,150000
R18-00029,21440000,60000
R18-00030,52760000,150000
R18-00031,1550000,0
R18-00032,93850000,300000
R18-00033,7450000,20000
R18-00034,35670000,150000
R18-00035,940000,0
R18-00036,44180000,150000
R18-00037,42750000,150000
R18-00038,2020000,0
R18-00039,63380000,150000
R18-00040,52970000,150000
R18-00041,34000000,150000
R18-00042,34420000,150000
R18-00043,31070000,60000
R18-00044,73720000,300000
R18-00045,26770000,60000
R18-00046,46730000,150000
R18-00047,2830000,0
R18-00048,72910000,300000
R18-00049,62670000,150000
R18-00050,34150000,150000
R18-00051,23510000,60000
R18-00052,8120000,20000
R18-00053,31660000,60000
R18-00054,30730000,60000
R18-00055,91210000,300000
R18-00056,141650000,600000
R18-00057,13380000,40000
R18-00058,68820000,300000
R18-00059,14200000,40000
R18-00060,14790000,40000
R18-00061,36160000,150000
R18-00062,54400000,150000
R18-00063,25570000,60000
R18-00064,30940000,60000
R18-00065,73460000,300000
R18-00066,21440000,60000
R18-00067,28490000,60000
R18-00068,42660000,150000
R18-00069,53520000,150000
R18-00070,35520000,150000
R18-00071,63800000,150000
R18-00072,36490000,150000
R18-00073,76690000,300000
R18-00074,53440000,150000
R18-00075,25240000,60000
R18-00076,34450000,150000
R18-00077,4850000,0
R18-00078,12210000,40000
R18-00079,67440000,300000
R18-00080,101660000,300000
R18-00081,24020000,60000
R18-00082,24230000,60000
R18-00083,55730000,150000
R18-00084,23800000,60000
R18-00085,7200000,20000
R18-00086,46320000,150000
R18-00087,5610000,20000
R18-00088,32110000,60000
R18-00089,63560000,150000
R18-00090,82940000,300000
R18-00091,43100000,150000
R18-00092,103320000,300000
R18-00093,87040000,300000
R18-00094,1770000,0
R18-00095,211220000,1000000
R18-00096,28810000,60000
R18-00097,85490000,300000
R18-00098,970000,0
R18-00099,1140000,0
R18-00100,65260000,150000
R18-00101,66730000,300000
R18-00102,34510000,150000
R18-00103,4460000,0
R18-00104,72180000,300000
R18-00105,22640000,60000
R18-00106,45900000,150000
R18-00107,23050000,60000
R18-00108,81500000,300000
R18-00109,78080000,300000
R18-00110,10460000,40000
R18-00111,93280000,300000
R18-00112,25030000,60000
R18-00113,72620000,300000
R18-00114,63770000,150000
R18-00115,5610000,20000
R18-00116,37750000,150000
R18-00117,55460000,150000
R18-00118,26310000,60000
R18-00119,21840000,60000
R18-00120,92530000,300000
R18-00121,81900000,300000
R18-00122,21820000,60000
R18-00123,3500000,0
R18-00124,84190000,300000
R18-00125,70930000,300000
R18-00126,51110000,150000
R18-00127,3670000,0
R18-00128,23120000,60000
R18-00129,20560000,60000
R18-00130,33300000,60000
R18-00131,53850000,150000
R18-00132,43430000,150000
R18-00133,21340000,60000
R18-00134,5120000,20000
R18-00135,12690000,40000
R18-00136,47100000,150000
R18-00137,24850000,60000
R18-00138,25940000,60000
R18-00139,64910000,150000
R18-00140,25900000,60000
R18-00141,5370000,20000
R18-00142,32770000,60000
R18-00143,105330000,300000
R18-00144,93000000,300000
R18-00145,16070000,40000
R18-00146,3870000,0
R18-00147,31050000,60000
R18-00148,21070000,60000
R18-00149,15370000,40000
R18-00150,20910000,60000
R18-00151,22170000,60000
R18-00152,64170000,150000
R18-00153,1530000,0
R18-00154,75650000,300000
R18-00155,63880000,150000
R18-00156,24060000,60000
R18-00157,30670000,60000
R18-00158,14870000,40000
R18-00159,112000000,300000
R18-00160,590000,0
R18-00161,73990000,300000
R18-00162,72300000,300000
R18-00163,65190000,150000
R18-00164,56230000,150000
R18-00165,44970000,150000
R18-00166,43190000,150000
R18-00167,27860000,60000
R18-00168,31900000,60000
R18-00169,73950000,300000
R18-00170,22390000,60000
R18-00171,32580000,60000
R18-00172,13040000,40000
R18-00173,61090000,150000
R18-00174,64370000,150000
R18-00175,23600000,60000
R18-00176,21930000,60000
R18-00177,31290000,60000
R18-00178,37140000,150000
R18-00179,23540000,60000
R18-00180,60720000,150000
R18-00181,16900000,40000
R18-00182,62170000,150000
R18-00183,1840000,0
R18-00184,23870000,60000
R18-00185,146290000,600000
R18-00186,13640000,40000
R18-00187,7430000,20000
R18-00188,25970000,60000
R18-00189,43910000,150000
R18-00190,41780000,150000
R18-00191,48930000,150000
R18-00192,74090000,300000
R18-00193,56100000,150000
R18-00194,28580000,60000
R18-00195,22290000,60000
R18-00196,42010000,150000
R18-00197,88340000,300000
R18-00198,46490000,150000
R18-00199,47320000,150000
R18-00200,48610000,150000
R18-00201,48220000,150000
R18-00202,22440000,60000
R18-00203,7000000,20000
R18-00204,54100000,150000
R18-00205,21540000,60000
R18-00206,3340000,0
R18-00207,14100000,40000
R18-00208,75340000,300000
R18-00209,75380000,300000
R18-00210,11080000,40000
R18-00211,41550000,150000
R18-00212,43770000,150000
R18-00213,54710000,150000
R18-00214,61880000,150000
R18-00215,20450000,60000
R18-00216,28980000,60000
R18-00217,76850000,300000
R18-00218,21320000,60000
R18-00219,53230000,150000
R18-00220,55170000,150000
R18-00221,12860000,40000
R18-00222,121930000,300000
R18-00223,73990000,300000
R18-00224,55630000,150000
R18-00225,21780000,60000
R18-00226,3750000,0
R18-00227,34880000,150000
R18-00228,57110000,150000
R18-00229,7570000,20000
R18-00230,13590000,40000
R18-00231,97380000,300000
R18-00232,41750000,150000
R18-00233,13260000,40000
R18-00234,117010000,300000
R18-00235,32430000,60000
R18-00236,13390000,40000
R18-00237,24590000,60000
R18-00238,101310000,300000
R18-00239,14910000,40000
R18-00240,122150000,300000
R18-00241,71250000,300000
R18-00242,2580000,0
R18-00243,41560000,150000
R18-00244,13710000,40000
R18-00245,12790000,40000
R18-00246,32810000,60000
R18-00247,38580000,150000
R18-00248,2330000,0
R18-00249,61720000,150000
R18-00250,95430000,300000
R18-00251,47140000,150000
R18-00252,32600000,60000
R18-00253,46040000,150000
R18-00254,22080000,60000
R18-00255,2100000,0
R18-00256,73610000,300000
R18-00257,510000,0
R18-00258,32250000,60000
R18-00259,8740000,20000
R18-00260,18530000,40000
R18-00261,33850000,150000
R18-00262,75910000,300000
R18-00263,23980000,60000
R18-00264,34520000,150000
R18-00265,40240000,150000
R18-00266,25790000,60000
R18-00267,63960000,150000
R18-00268,60330000,150000
R18-00269,52590000,150000
R18-00270,50480000,150000
R18-00271,31980000,60000
R18-00272,115880000,300000
R18-00273,50860000,150000
R18-00274,86840000,300000
R18-00275,45140000,150000
R18-00276,73400000,300000
R18-00277,70890000,300000
R18-00278,1300000,0
R18-00279,96380000,300000
R18-00280,21420000,60000
R18-00281,14650000,40000
R18-00282,3420000,0
R18-00283,90290000,300000
R18-00284,10910000,40000
R18-00285,74950000,300000
R18-00286,34990000,150000
R18-00287,72080000,300000
R18-00288,30840000,60000
R18-00289,44140000,150000
R18-00290,34740000,150000
R18-00291,12500000,40000
R18-00292,24340000,60000
R18-00293,1020000,0
R18-00294,45360000,150000
R18-00295,1880000,0
R18-00296,980000,0
R18-00297,52310000,150000
R18-00298,33700000,150000
R18-00299,15560000,40000
R18-00300,3930000,0
R18-00301,14950000,40000
R18-00302,34220000,150000
R18-00303,67650000,300000
R18-00304,2660000,0
R18-00305,22690000,60000
R18-00306,34230000,150000
R18-00307,13110000,40000
R18-00308,7390000,20000
R18-00309,54440000,150000
R18-00310,35330000,150000
R18-00311,2700000,0
R18-00312,21040000,60000
R18-00313,63550000,150000
R18-00314,65020000,150000
R18-00315,34400000,150000
R18-00316,10300000,40000
R18-00317,11220000,40000
R18-00318,82010000,300000
R18-00319,25340000,60000
R18-00320,173570000,600000
R18-00321,73300000,300000
R18-00322,75520000,300000
R18-00323,43210000,150000
R18-00324,5400000,20000
R18-00325,7030000,20000
R18-00326,6810000,20000
R18-00327,46450000,150000
R18-00328,1810000,0
R18-00329,64540000,150000
R18-00330,66780000,300000
R18-00331,22580000,60000
R18-00332,14620000,40000
R18-00333,66480000,150000
R18-00334,54620000,150000
R18-00335,64270000,150000
R18-00336,64510000,150000
R18-00337,27160000,60000
R18-00338,64640000,150000
R18-00339,34680000,150000
R18-00340,62370000,150000
R18-00341,75710000,300000
R18-00342,62220000,150000
R18-00343,111550000,300000
R18-00344,11360000,40000
R18-00345,72920000,300000
R18-00346,42380000,150000
R18-00347,70850000,300000
R18-00348,24800000,60000
R18-00349,32380000,60000
R18-00350,97890000,300000
R18-00351,15020000,40000
R18-00352,76530000,300000
R18-00353,66220000,150000
R18-00354,15050000,40000
R18-00355,21860000,60000
R18-00356,28950000,60000
R18-00357,66210000,150000
R18-00358,91910000,300000
R18-00359,38270000,150000
R18-00360,82450000,300000
R18-00361,23310000,60000
R18-00362,38580000,150000
R18-00363,63540000,150000
R18-00364,96500000,300000
R18-00365,7340000,20000
R18-00366,8670000,20000
R18-00367,51210000,150000
R18-00368,32670000,60000
R18-00369,54810000,150000
R18-00370,23180000,60000
R18-00371,58300000,150000
R18-00372,47880000,150000
R18-00373,1460000,0
R18-00374,42530000,150000
R18-00375,52030000,150000
R18-00376,12320000,40000
R18-00377,30480000,60000
R18-00378,22930000,60000
R18-00379,7850000,20000
R18-00380,51060000,150000
R18-00381,55810000,150000
R18-00382,35310000,150000
R18-00383,35620000,150000
R18-00384,5900000,20000
R18-00385,16770000,40000
R18-00386,63150000,150000
R18-00387,33110000,60000
R18-00388,52460000,150000
R18-00389,81850000,300000
R18-00390,23040000,60000
R18-00391,53350000,150000
R18-00392,11140000,40000
R18-00393,32430000,60000
R18-00394,41110000,150000
R18-00395,62970000,150000
R18-00396,21820000,60000
R18-00397,14320000,40000
R18-00398,72580000,300000
R18-00399,42030000,150000
R18-00400,32470000,60000
R18-00401,33810000,150000
R18-00402,5870000,20000
R18-00403,14900000,40000
R18-00404,27830000,60000
R18-00405,52390000,150000
R18-00406,15590000,40000
R18-00407,12310000,40000
R18-00408,4840000,0
R18-00409,37020000,150000
R18-00410,131720000,300000
R18-00411,95980000,300000
R18-00412,52050000,150000
R18-00413,25020000,60000
R18-00414,22400000,60000
R18-00415,43830000,150000
R18-00416,66350000,150000
R18-00417,41700000,150000
R18-00418,17590000,40000
R18-00419,113350000,300000
R18-00420,1180000,0
R18-00421,12410000,40000
R18-00422,3930000,0
R18-00423,3670000,0
R18-00424,36240000,150000
R18-00425,97140000,300000
R18-00426,63230000,150000
R18-00427,82100000,300000
R18-00428,53750000,150000
R18-00429,13680000,40000
R18-00430,7470000,20000
R18-00431,13150000,40000
R18-00432,81210000,300000
R18-00433,83510000,300000
R18-00434,117100000,300000
R18-00435,4340000,0
R18-00436,18000000,40000
R18-00437,24560000,60000
R18-00438,34660000,150000
R18-00439,63720000,150000
R18-00440,63290000,150000
R18-00441,36490000,150000
R18-00442,50690000,150000
R18-00443,2520000,0
R18-00444,52650000,150000
R18-00445,53560000,150000
R18-00446,98070000,300000
R18-00447,34280000,150000
R18-00448,54220000,150000
R18-00449,1310000,0
R18-00450,43920000,150000
R18-00451,45300000,150000
R18-00452,87840000,300000
R18-00453,14550000,40000
R18-00454,44300000,150000
R18-00455,37180000,150000
R18-00456,29250000,60000
R18-00457,3900000,0
R18-00458,34310000,150000
R18-00459,710000,0
R18-00460,61840000,150000
R18-00461,42050000,150000
R18-00462,21670000,60000
R18-00463,23290000,60000
R18-00464,83910000,300000
R18-00465,71250000,300000
R18-00466,102900000,300000
R18-00467,42560000,150000
R18-00468,111810000,300000
R18-00469,87270000,300000
R18-00470,96320000,300000
R18-00471,91970000,300000
R18-00472,87490000,300000
R18-00473,66930000,300000
R18-00474,22790000,60000
R18-00475,74960000,300000
R18-00476,7420000,20000
R18-00477,42630000,150000
R18-00478,125260000,300000
R18-00479,58030000,150000
R18-00480,4260000,0
R18-00481,53220000,150000
R18-00482,105900000,300000
R18-00483,990000,0
R18-00484,53950000,150000
R18-00485,44950000,150000
R18-00486,112080000,300000
R18-00487,23890000,60000
R18-00488,56960000,150000
R18-00489,62850000,150000
R18-00490,1210000,0
R18-00491,22320000,60000
R18-00492,24400000,60000
R18-00493,7640000,20000
R18-00494,43840000,150000
R18-00495,77030000,300000
R18-00496,32600000,60000
R18-00497,52520000,150000
R18-00498,51890000,150000
R18-00499,5560000,20000
R18-00500,64590000,150000
R18-00501,3660000,0
R18-00502,75520000,300000
R18-00503,111100000,300000
R18-00504,63960000,150000
R18-00505,41890000,150000
R18-00506,34440000,150000
R18-00507,16060000,40000
R18-00508,105990000,300000
R18-00509,1740000,0
R18-00510,12180000,40000
R18-00511,46940000,150000
R18-00512,1500000,0
R18-00513,31100000,60000
R18-00514,33760000,150000
R18-00515,19380000,40000
R18-00516,108500000,300000
R18-00517,21940000,60000
R18-00518,48060000,150000
R18-00519,63240000,150000
R18-00520,20650000,60000
R18-00521,26840000,60000
R18-00522,33610000,150000
R18-00523,57270000,150000
R18-00524,112630000,300000
R18-00525,23350000,60000
R18-00526,134050000,600000
R18-00527,45360000,150000
R18-00528,2580000,0
R18-00529,53920000,150000
R18-00530,74240000,300000
R18-00531,113110000,300000
R18-00532,250000,0
R18-00533,51190000,150000
R18-00534,65060000,150000
R18-00535,13970000,40000
R18-00536,42430000,150000
R18-00537,52470000,150000
R18-00538,90680000,300000
R18-00539,4220000,0
R18-00540,1000000,0
R18-00541,31640000,60000
R18-00542,5540000,20000
R18-00543,50450000,150000
R18-00544,73630000,300000
R18-00545,13860000,40000
R18-00546,83740000,300000
R18-00547,3400000,0
R18-00548,62850000,150000
R18-00549,60240000,150000
R18-00550,62540000,150000
R18-00551,34420000,150000
R18-00552,45440000,150000
R18-00553,57810000,150000
R18-00554,7690000,20000
R18-00555,2630000,0
R18-00556,91300000,300000
R18-00557,43560000,150000
R18-00558,13030000,40000
R18-00559,43700000,150000
R18-00560,40440000,150000
R18-00561,290000,0
R18-00562,74160000,300000
R18-00563,3300000,0
R18-00564,15080000,40000
R18-00565,25380000,60000
R18-00566,44960000,150000
R18-00567,2170000,0
R18-00568,12710000,40000
R18-00569,23090000,60000
R18-00570,6440000,20000
R18-00571,63300000,150000
R18-00572,34970000,150000
R18-00573,27830000,60000
R18-00574,2950000,0
R18-00575,21370000,60000
R18-00576,73160000,300000
R18-00577,45280000,150000
R18-00578,35640000,150000
R18-00579,126740000,300000
R18-00580,32930000,60000
R18-00581,32430000,60000
R18-00582,16930000,40000
R18-00583,33440000,150000
R18-00584,1550000,0
R18-00585,102340000,300000
R18-00586,55210000,150000
R18-00587,31740000,60000
R18-00588,100690000,300000
R18-00589,21120000,60000
R18-00590,55140000,150000
R18-00591,2260000,0
R18-00592,123020000,300000
R18-00593,5020000,20000
R18-00594,67360000,300000
R18-00595,22520000,60000
R18-00596,25460000,60000
R18-00597,43160000,150000
R18-00598,35430000,150000
R18-00599,75510000,300000
R18-00600,23130000,60000
R18-00601,500000,0
R18-00602,71550000,300000
R18-00603,21980000,60000
R18-00604,63040000,150000
R18-00605,51870000,150000
R18-00606,40420000,150000
R18-00607,30400000,60000
R18-00608,13190000,40000
R18-00609,2200000,0
R18-00610,23570000,60000
R18-00611,42420000,150000
R18-00612,47270000,150000
R18-00613,4430000,0
R18-00614,22060000,60000
R18-00615,57850000,150000
R18-00616,80120000,300000
R18-00617,44720000,150000
R18-00618,14140000,40000
R18-00619,32730000,60000
R18-00620,48020000,150000
R18-00621,47770000,150000
R18-00622,111970000,300000
R18-00623,34240000,150000
R18-00624,81790000,300000
R18-00625,22220000,60000
R18-00626,14650000,40000
R18-00627,63650000,150000
R18-00628,53550000,150000
R18-00629,12750000,40000
R18-00630,83220000,300000
R18-00631,92900000,300000
R18-00632,42750000,150000
R18-00633,15410000,40000
R18-00634,47350000,150000
R18-00635,96110000,300000
R18-00636,13930000,40000
R18-00637,1920000,0
R18-00638,34140000,150000
R18-00639,34840000,150000
R18-00640,53260000,150000
R18-00641,46310000,150000
R18-00642,2030000,0
R18-00643,52500000,150000
R18-00644,42490000,150000
R18-00645,23490000,60000
R18-00646,54640000,150000
R18-00647,42940000,150000
R18-00648,60910000,150000
R18-00649,43860000,150000
R18-00650,102760000,300000
R18-00651,11590000,40000
R18-00652,42370000,150000
R18-00653,45180000,150000
R18-00654,71020000,300000
R18-00655,7840000,20000
R18-00656,98790000,300000
R18-00657,133100000,300000
R18-00658,45470000,150000
R18-00659,51560000,150000
R18-00660,2400000,0
R18-00661,37240000,150000
R18-00662,17580000,40000
R18-00663,22210000,60000
R18-00664,86250000,300000
R18-00665,84890000,300000
R18-00666,53880000,150000
R18-00667,11390000,40000
R18-00668,1240000,0
R18-00669,15190000,40000
R18-00670,43380000,150000
R18-00671,35230000,150000
R18-00672,5260000,20000
R18-00673,53000000,150000
R18-00674,720000,0
R18-00675,131160000,300000
R18-00676,95160000,300000
R18-00677,85280000,300000
R18-00678,2540000,0
R18-00679,111800000,300000
R18-00680,63410000,150000
R18-00681,49360000,150000
R18-00682,2270000,0
R18-00683,4170000,0
R18-00684,26720000,60000
R18-00685,5740000,20000
R18-00686,34000000,150000
R18-00687,65780000,150000
R18-00688,1390000,0
R18-00689,98680000,300000
R18-00690,64460000,150000
R18-00691,22520000,60000
R18-00692,2190000,0
R18-00693,55490000,150000
R18-00694,20190000,60000
R18-00695,1460000,0
R18-00696,74490000,300000
R18-00697,53230000,150000
R18-00698,44330000,150000
R18-00699,3930000,0
R18-00700,54680000,150000
R18-00701,102460000,300000
R18-00702,31910000,60000
R18-00703,25000000,60000
R18-00704,56010000,150000
R18-00705,4600000,0
R18-00706,21770000,60000
R18-00707,23060000,60000
R18-00708,74000000,300000
R18-00709,5780000,20000
R18-00710,41770000,150000
R18-00711,2040000,0
R18-00712,12070000,40000
R18-00713,10860000,40000
R18-00714,45450000,150000
R18-00715,105470000,300000
R18-00716,63080000,150000
R18-00717,54260000,150000
R18-00718,40400000,150000
R18-00719,32840000,60000
R18-00720,38140000,150000
R18-00721,24840000,60000
R18-00722,64670000,150000
R18-00723,103070000,300000
R18-00724,12680000,40000
R18-00725,24340000,60000
R18-00726,64620000,150000
R18-00727,76020000,300000
R18-00728,53440000,150000
R18-00729,82980000,300000
R18-00730,15470000,40000
R18-00731,73320000,300000
R18-00732,26480000,60000
R18-00733,44970000,150000
R18-00734,55310000,150000
R18-00735,11050000,40000
R18-00736,22720000,60000
R18-00737,47840000,150000
R18-00738,63380000,150000
R18-00739,12390000,40000
R18-00740,26790000,60000
R18-00741,53200000,150000
R18-00742,2590000,0
R18-00743,2810000,0
R18-00744,71150000,300000
R18-00745,81090000,300000
R18-00746,74700000,300000
R18-00747,61330000,150000
R18-00748,2660000,0
R18-00749,51020000,150000
R18-00750,12340000,40000
R18-00751,71470000,300000
R18-00752,13640000,40000
R18-00753,52980000,150000
R18-00754,47210000,150000
R18-00755,12230000,40000
R18-00756,6030000,20000
R18-00757,87370000,300000
R18-00758,54050000,150000
R18-00759,52130000,150000
R18-00760,83600000,300000
R18-00761,26250000,60000
R18-00762,56270000,150000
R18-00763,103350000,300000
R18-00764,14310000,40000
R18-00765,76330000,300000
R18-00766,60950000,150000
R18-00767,12470000,40000
R18-00768,22370000,60000
R18-00769,83640000,300000
R18-00770,17230000,40000
R18-00771,102110000,300000
R18-00772,13900000,40000
R18-00773,27450000,60000
R18-00774,11390000,40000
R18-00775,23310000,60000
R18-00776,60980000,150000
R18-00777,98830000,300000
R18-00778,45350000,150000
R18-00779,3310000,0
R18-00780,117460000,300000
R18-00781,12950000,40000
R18-00782,12610000,40000
R18-00783,45090000,150000
R18-00784,15440000,40000
R18-00785,37930000,150000
R18-00786,45280000,150000
R18-00787,13490000,40000
R18-00788,15110000,40000
R18-00789,3630000,0
R18-00790,5000000,20000
R18-00791,145100000,600000
R18-00792,65560000,150000
R18-00793,3200000,0
R18-00794,41900000,150000
R18-00795,23850000,60000
R18-00796,16280000,40000
R18-00797,34270000,150000
R18-00798,75450000,300000
R18-00799,71220000,300000
R18-00800,1250000,0
R18-00801,35810000,150000
R18-00802,25260000,60000
R18-00803,34110000,150000
R18-00804,42890000,150000
R18-00805,21250000,60000
R18-00806,14880000,40000
R18-00807,1170000,0
R18-00808,6770000,20000
R18-00809,50280000,150000
R18-00810,3990000,0
R18-00811,63730000,150000
R18-00812,66170000,150000
R18-00813,72260000,300000
R18-00814,97400000,300000
R18-00815,27510000,60000
R18-00816,51800000,150000
R18-00817,63350000,150000
R18-00818,24250000,60000
R18-00819,37780000,150000
R18-00820,133320000,300000
R18-00821,22920000,60000
R18-00822,5000000,20000
R18-00823,63090000,150000
R18-00824,100400000,300000
R18-00825,5560000,20000
R18-00826,4280000,0
R18-00827,36640000,150000
R18-00828,55070000,150000
R18-00829,71170000,300000
R18-00830,22120000,60000
R18-00831,21210000,60000
R18-00832,23350000,60000
R18-00833,82420000,300000
R18-00834,79950000,300000
R18-00835,51070000,150000
R18-00836,86500000,300000
R18-00837,18960000,40000
R18-00838,38030000,150000
R18-00839,21180000,60000
R18-00840,64960000,150000
R18-00841,54860000,150000
R18-00842,48190000,150000
R18-00843,57730000,150000
R18-00844,47230000,150000
R18-00845,23850000,60000
R18-00846,59260000,150000
R18-00847,51390000,150000
R18-00848,42060000,150000
R18-00849,64700000,150000
R18-00850,23700000,60000
R18-00851,46000000,150000
R18-00852,14140000,40000
R18-00853,24770000,60000
R18-00854,84010000,300000
R18-00855,2620000,0
R18-00856,21870000,60000
R18-00857,26120000,60000
R18-00858,13930000,40000
R18-00859,73860000,300000
R18-00860,62380000,150000
R18-00861,34220000,150000
R18-00862,63660000,150000
R18-00863,41520000,150000
R18-00864,63540000,150000
R18-00865,27860000,60000
R18-00866,64240000,150000
R18-00867,76470000,300000
R18-00868,47540000,150000
R18-00869,88180000,300000
R18-00870,73480000,300000
R18-00871,22970000,60000
R18-00872,44890000,150000
R18-00873,47780000,150000
R18-00874,61390000,150000
R18-00875,83740000,300000
R18-00876,35870000,150000
R18-00877,12980000,40000
R18-00878,38190000,150000
R18-00879,131970000,300000
R18-00880,90230000,300000
R18-00881,3190000,0
R18-00882,55100000,150000
R18-00883,41280000,150000
R18-00884,21380000,60000
R18-00885,93030000,300000
R18-00886,47410000,150000
R18-00887,10950000,40000
R18-00888,84790000,300000
R18-00889,21230000,60000
R18-00890,51720000,150000
R18-00891,53880000,150000
R18-00892,2750000,0
R18-00893,45410000,150000
R18-00894,61510000,150000
R18-00895,22370000,60000
R18-00896,12680000,40000
R18-00897,26120000,60000
R18-00898,43720000,150000
R18-00899,61720000,150000
R18-00900,43660000,150000
R18-00901,24230000,60000
R18-00902,63030000,150000
R18-00903,5160000,20000
R18-00904,38580000,150000
R18-00905,1490000,0
R18-00906,26560000,60000
R18-00907,94280000,300000
R18-00908,35780000,150000
R18-00909,4690000,0
R18-00910,63810000,150000
R18-00911,76480000,300000
R18-00912,21330000,60000
R18-00913,46990000,150000
R18-00914,86420000,300000
R18-00915,250000,0
R18-00916,83080000,300000
R18-00917,42350000,150000
R18-00918,116340000,300000
R18-00919,44260000,150000
R18-00920,26120000,60000
R18-00921,56760000,150000
R18-00922,6170000,20000
R18-00923,82830000,300000
R18-00924,3840000,0
R18-00925,42130000,150000
R18-00926,23270000,60000
R18-00927,24410000,60000
R18-00928,6360000,20000
R18-00929,340000,0
R18-00930,20910000,60000
R18-00931,14520000,40000
R18-00932,7010000,20000
R18-00933,21460000,60000
R18-00934,125120000,300000
R18-00935,3970000,0
R18-00936,67340000,300000
R18-00937,42210000,150000
R18-00938,34370000,150000
R18-00939,26760000,60000
R18-00940,12140000,40000
R18-00941,7670000,20000
R18-00942,4850000,0
R18-00943,3070000,0
R18-00944,85060000,300000
R18-00945,13780000,40000
R18-00946,42000000,150000
R18-00947,4620000,0
R18-00948,36200000,150000
R18-00949,33520000,150000
R18-00950,61350000,150000
R18-00951,86320000,300000
R18-00952,4260000,0
R18-00953,5140000,20000
R18-00954,3180000,0
R18-00955,34570000,150000
R18-00956,6280000,20000
R18-00957,4050000,0
R18-00958,15710000,40000
R18-00959,53010000,150000
R18-00960,21530000,60000
R18-00961,51940000,150000
R18-00962,44830000,150000
R18-00963,104200000,300000
R18-00964,72740000,300000
R18-00965,4800000,0
R18-00966,96160000,300000
R18-00967,62390000,150000
R18-00968,34630000,150000
R18-00969,30800000,60000
R18-00970,135250000,600000
R18-00971,3320000,0
R18-00972,51880000,150000
R18-00973,61820000,150000
R18-00974,34390000,150000
R18-00975,33000000,60000
R18-00976,84500000,300000
R18-00977,94220000,300000
R18-00978,43310000,150000
R18-00979,23150000,60000
R18-00980,60920000,150000
R18-00981,54190000,150000
R18-00982,10950000,40000
R18-00983,53560000,150000
R18-00984,55230000,150000
R18-00985,53460000,150000
R18-00986,43990000,150000
R18-00987,61930000,150000
R18-00988,45080000,150000
R18-00989,91950000,300000
R18-00990,52910000,150000
R18-00991,80620000,300000
R18-00992,25320000,60000
R18-00993,200000,0
R18-00994,34070000,150000
R18-00995,141700000,600000
R18-00996,51670000,150000
R18-00997,85060000,300000
R18-00998,53900000,150000
R18-00999,65370000,150000
R18-01000,73110000,300000
R18-01001,53980000,150000
R18-01002,53350000,150000
R18-01003,128240000,300000
R18-01004,2010000,0
R18-01005,95800000,300000
R18-01006,11740000,40000
R18-01007,83470000,300000
R18-01008,104910000,300000
R18-01009,14730000,40000
R18-01010,74500000,300000
R18-01011,20460000,60000
R18-01012,54850000,150000
R18-01013,24920000,60000
R18-01014,73740000,300000
R18-01015,22640000,60000
R18-01016,32430000,60000
R18-01017,72770000,300000
R18-01018,2810000,0
R18-01019,42250000,150000
R18-01020,72660000,300000
R18-01021,21930000,60000
R18-01022,24100000,60000
R18-01023,23000000,60000
R18-01024,134900000,600000
R18-01025,41440000,150000
R18-01026,25710000,60000
R18-01027,26840000,60000
R18-01028,2810000,0
R18-01029,25240000,60000
R18-01030,84560000,300000
R18-01031,106230000,300000
R18-01032,74670000,300000
R18-01033,20700000,60000
R18-01034,2370000,0
R18-01035,61420000,150000
R18-01036,35990000,150000
R18-01037,65760000,150000
R18-01038,12460000,40000
R18-01039,53210000,150000
R18-01040,12440000,40000
R18-01041,71650000,300000
R18-01042,2000000,0
R18-01043,97100000,300000
R18-01044,40670000,150000
R18-01045,55630000,150000
R18-01046,8350000,20000
R18-01047,22580000,60000
R18-01048,72740000,300000
R18-01049,41600000,150000
R18-01050,22120000,60000
R18-01051,32140000,60000
R18-01052,55200000,150000
R18-01053,7660000,20000
R18-01054,78170000,300000
R18-01055,56940000,150000
R18-01056,71640000,300000
R18-01057,64610000,150000
R18-01058,91690000,300000
R18-01059,55140000,150000
R18-01060,86530000,300000
R18-01061,48280000,150000
R18-01062,62810000,150000
R18-01063,6510000,20000
R18-01064,3250000,0
R18-01065,72130000,300000
R18-01066,43020000,150000
R18-01067,62370000,150000
R18-01068,52470000,150000
R18-01069,63780000,150000
R18-01070,14350000,40000
R18-01071,127630000,300000
R18-01072,21920000,60000
R18-01073,12830000,40000
R18-01074,3980000,0
R18-01075,66620000,150000
R18-01076,151290000,600000
R18-01077,23120000,60000
R18-01078,32300000,60000
R18-01079,62820000,150000
R18-01080,74390000,300000
R18-01081,36340000,150000
R18-01082,15180000,40000
R18-01083,20290000,60000
R18-01084,4350000,0
R18-01085,120510000,300000
R18-01086,52780000,150000
R18-01087,73110000,300000
R18-01088,52970000,150000
R18-01089,82350000,300000
R18-01090,60850000,150000
R18-01091,3060000,0
R18-01092,31930000,60000
R18-01093,32220000,60000
R18-01094,30520000,60000
R18-01095,34510000,150000
R18-01096,92000000,300000
R18-01097,60840000,150000
R18-01098,105360000,300000
R18-01099,20640000,60000
R18-01100,63650000,150000
R18-01101,92800000,300000
R18-01102,107940000,300000
R18-01103,52470000,150000
R18-01104,52660000,150000
R18-01105,970000,0
R18-01106,23550000,60000
R18-01107,16210000,40000
R18-01108,15270000,40000
R18-01109,81400000,300000
R18-01110,82210000,300000
R18-01111,3540000,0
R18-01112,72470000,300000
R18-01113,53240000,150000
R18-01114,64650000,150000
R18-01115,6610000,20000
R18-01116,51310000,150000
R18-01117,56380000,150000
R18-01118,94360000,300000
R18-01119,26020000,60000
R18-01120,30650000,60000
R18-01121,81300000,300000
R18-01122,57610000,150000
R18-01123,83850000,300000
R18-01124,76220000,300000
R18-01125,3240000,0
R18-01126,14250000,40000
R18-01127,34810000,150000
R18-01128,53670000,150000
R18-01129,63920000,150000
R18-01130,93080000,300000
R18-01131,22860000,60000
R18-01132,58590000,150000
R18-01133,37210000,150000
R18-01134,53300000,150000
R18-01135,65760000,150000
R18-01136,11930000,40000
R18-01137,65120000,150000
R18-01138,28520000,60000
R18-01139,33400000,150000
R18-01140,27520000,60000
R18-01141,50910000,150000
R18-01142,11980000,40000
R18-01143,31650000,60000
R18-01144,12490000,40000
R18-01145,4360000,0
R18-01146,74580000,300000
R18-01147,145640000,600000
R18-01148,32350000,60000
R18-01149,22250000,60000
R18-01150,46550000,150000
R18-01151,5720000,20000
R18-01152,94890000,300000
R18-01153,62850000,150000
R18-01154,4860000,0
R18-01155,10910000,40000
R18-01156,34450000,150000
R18-01157,22400000,60000
R18-01158,4000000,0
R18-01159,91780000,300000
R18-01160,43630000,150000
R18-01161,61990000,150000
R18-01162,2220000,0
R18-01163,2020000,0
R18-01164,26630000,60000
R18-01165,3510000,0
R18-01166,122680000,300000
R18-01167,54300000,150000
R18-01168,43410000,150000
R18-01169,24900000,60000
R18-01170,6050000,20000
R18-01171,35220000,150000
R18-01172,11340000,40000
R18-01173,1020000,0
R18-01174,3400000,0
R18-01175,32260000,60000
R18-01176,6140000,20000
R18-01177,12180000,40000
R18-01178,3000000,0
R18-01179,1030000,0
R18-01180,2190000,0
R18-01181,5600000,20000
R18-01182,56320000,150000
R18-01183,86800000,300000
R18-01184,6680000,20000
R18-01185,75850000,300000
R18-01186,12990000,40000
R18-01187,93030000,300000
R18-01188,49190000,150000
R18-01189,84160000,300000
R18-01190,136310000,600000
R18-01191,32020000,60000
R18-01192,16860000,40000
R18-01193,15880000,40000
R18-01194,14430000,40000
R18-01195,53000000,150000
R18-01196,104430000,300000
R18-01197,2840000,0
R18-01198,22500000,60000
R18-01199,67340000,300000
R18-01200,1820000,0
R18-01201,6280000,20000
R18-01202,3870000,0
R18-01203,53100000,150000
R18-01204,142150000,600000
R18-01205,13850000,40000
R18-01206,6500000,20000
R18-01207,21430000,60000
R18-01208,27600000,60000
R18-01209,24960000,60000
R18-01210,46230000,150000
R18-01211,33490000,150000
R18-01212,28150000,60000
R18-01213,62980000,150000
R18-01214,42160000,150000
R18-01215,24120000,60000
R18-01216,40360000,150000
R18-01217,31580000,60000
R18-01218,55590000,150000
R18-01219,12800000,40000
R18-01220,61440000,150000
R18-01221,25420000,60000
R18-01222,74720000,300000
R18-01223,23200000,60000
R18-01224,31840000,60000
R18-01225,33980000,150000
R18-01226,18780000,40000
R18-01227,91080000,300000
R18-01228,22920000,60000
R18-01229,22180000,60000
R18-01230,31540000,60000
R18-01231,30970000,60000
R18-01232,115480000,300000
R18-01233,91130000,300000
R18-01234,96720000,300000
R18-01235,47350000,150000
R18-01236,22530000,60000
R18-01237,15260000,40000
R18-01238,84230000,300000
R18-01239,43320000,150000
R18-01240,52590000,150000
R18-01241,23750000,60000
R18-01242,39100000,150000
R18-01243,2640000,0
R18-01244,4110000,0
R18-01245,52380000,150000
R18-01246,72280000,300000
R18-01247,43460000,150000
R18-01248,14610000,40000
R18-01249,16180000,40000
R18-01250,23250000,60000
R18-01251,1460000,0
R18-01252,23820000,60000
R18-01253,21050000,60000
R18-01254,73330000,300000
R18-01255,77560000,300000
R18-01256,12880000,40000
R18-01257,23650000,60000
R18-01258,102620000,300000
R18-01259,52380000,150000
R18-01260,53050000,150000
R18-01261,25460000,60000
R18-01262,53990000,150000
R18-01263,54130000,150000
R18-01264,33070000,60000
R18-01265,23320000,60000
R18-01266,15490000,40000
R18-01267,6430000,20000
R18-01268,51460000,150000
R18-01269,44910000,150000
R18-01270,74450000,300000
R18-01271,34030000,150000
R18-01272,5150000,20000
R18-01273,44450000,150000
R18-01274,32510000,60000
R18-01275,77750000,300000
R18-01276,14360000,40000
R18-01277,105310000,300000
R18-01278,11400000,40000
R18-01279,66500000,150000
R18-01280,45140000,150000
R18-01281,24770000,60000
R18-01282,42340000,150000
R18-01283,67330000,300000
R18-01284,18010000,40000
R18-01285,73990000,300000
R18-01286,34800000,150000
R18-01287,52620000,150000
R18-01288,81670000,300000
R18-01289,15720000,40000
R18-01290,10350000,40000
R18-01291,52750000,150000
R18-01292,6570000,20000
R18-01293,12030000,40000
R18-01294,51390000,150000
R18-01295,31090000,60000
R18-01296,65590000,150000
R18-01297,3490000,0
R18-01298,12890000,40000
R18-01299,12970000,40000
R18-01300,45630000,150000
R18-01301,20830000,60000
R18-01302,12910000,40000
R18-01303,155570000,600000
R18-01304,33720000,150000
R18-01305,23630000,60000
R18-01306,2900000,0
R18-01307,222340000,1000000
R18-01308,8160000,20000
R18-01309,55370000,150000
R18-01310,50690000,150000
R18-01311,1460000,0
R18-01312,46430000,150000
R18-01313,19110000,40000
R18-01314,11760000,40000
R18-01315,21930000,60000
R18-01316,114470000,300000
R18-01317,43750000,150000
R18-01318,44580000,150000
R18-01319,40750000,150000
R18-01320,31780000,60000
R18-01321,980000,0
R18-01322,80930000,300000
R18-01323,12260000,40000
R18-01324,31370000,60000
R18-01325,31880000,60000
R18-01326,53600000,150000
R18-01327,10570000,40000
R18-01328,4470000,0
R18-01329,31050000,60000
R18-01330,27500000,60000
R18-01331,53940000,150000
R18-01332,93750000,300000
R18-01333,20690000,60000
R18-01334,8260000,20000
R18-01335,85020000,300000
R18-01336,13780000,40000
R18-01337,27040000,60000
R18-01338,23540000,60000
R18-01339,102000000,300000
R18-01340,5240000,20000
R18-01341,21500000,60000
R18-01342,23390000,60000
R18-01343,58990000,150000
R18-01344,19390000,40000
R18-01345,34070000,150000
R18-01346,22070000,60000
R18-01347,12290000,40000
R18-01348,84230000,300000
R18-01349,11860000,40000
R18-01350,81990000,300000
R18-01351,15390000,40000
R18-01352,112560000,300000
R18-01353,11990000,40000
R18-01354,7990000,20000
R18-01355,47950000,150000
R18-01356,5980000,20000
R18-01357,73750000,300000
R18-01358,44720000,150000
R18-01359,4740000,0
R18-01360,174140000,600000
R18-01361,3170000,0
R18-01362,25560000,60000
R18-01363,2860000,0
R18-01364,46590000,150000
R18-01365,61530000,150000
R18-01366,118280000,300000
R18-01367,62630000,150000
R18-01368,102640000,300000
R18-01369,125610000,300000
R18-01370,43370000,150000
R18-01371,35430000,150000
R18-01372,90910000,300000
R18-01373,64250000,150000
R18-01374,12000000,40000
R18-01375,23720000,60000
R18-01376,92740000,300000
R18-01377,74810000,300000
R18-01378,13900000,40000
R18-01379,41820000,150000
R18-01380,46790000,150000
R18-01381,43560000,150000
R18-01382,78300000,300000
R18-01383,42940000,150000
R18-01384,123250000,300000
R18-01385,3970000,0
R18-01386,40250000,150000
R18-01387,64940000,150000
R18-01388,76470000,300000
R18-01389,44160000,150000
R18-01390,48780000,150000
R18-01391,81660000,300000
R18-01392,93910000,300000
R18-01393,32590000,60000
R18-01394,3600000,0
R18-01395,13360000,40000
R18-01396,12930000,40000
R18-01397,5350000,20000
R18-01398,11510000,40000
R18-01399,4000000,0
R18-01400,25160000,60000
R18-01401,93960000,300000
R18-01402,31820000,60000
R18-01403,17060000,40000
R18-01404,41600000,150000
R18-01405,151160000,600000
R18-01406,11720000,40000
R18-01407,74650000,300000
R18-01408,35590000,150000
R18-01409,51290000,150000
R18-01410,23220000,60000
R18-01411,62320000,150000
R18-01412,25370000,60000
R18-01413,62720000,150000
R18-01414,2850000,0
R18-01415,59060000,150000
R18-01416,86700000,300000
R18-01417,52270000,150000
R18-01418,17600000,40000
R18-01419,87840000,300000
R18-01420,102910000,300000
R18-01421,61670000,150000
R18-01422,52640000,150000
R18-01423,21340000,60000
R18-01424,46340000,150000
R18-01425,46870000,150000
R18-01426,66370000,150000
R18-01427,96520000,300000
R18-01428,17490000,40000
R18-01429,24100000,60000
R18-01430,34980000,150000
R18-01431,31650000,60000
R18-01432,43510000,150000
R18-01433,34300000,150000
R18-01434,33940000,150000
R18-01435,84970000,300000
R18-01436,34850000,150000
R18-01437,44700000,150000
R18-01438,92410000,300000
R18-01439,24770000,60000
R18-01440,62910000,150000
R18-01441,27150000,60000
R18-01442,43100000,150000
R18-01443,66380000,150000
R18-01444,4560000,0
R18-01445,6000000,20000
R18-01446,64810000,150000
R18-01447,81260000,300000
R18-01448,57600000,150000
R18-01449,13420000,40000
R18-01450,65800000,150000
R18-01451,4710000,0
R18-01452,70410000,300000
R18-01453,26830000,60000
R18-01454,52150000,150000
R18-01455,23270000,60000
R18-01456,21690000,60000
R18-01457,64920000,150000
R18-01458,34900000,150000
R18-01459,95680000,300000
R18-01460,53720000,150000
R18-01461,72810000,300000
R18-01462,61490000,150000
R18-01463,35310000,150000
R18-01464,10860000,40000
R18-01465,82070000,300000
R18-01466,5660000,20000
R18-01467,75970000,300000
R18-01468,660000,0
R18-01469,37040000,150000
R18-01470,36780000,150000
R18-01471,1370000,0
R18-01472,51940000,150000
R18-01473,92870000,300000
R18-01474,51660000,150000
R18-01475,43240000,150000
R18-01476,43140000,150000
R18-01477,3470000,0
R18-01478,6940000,20000
R18-01479,4750000,0
R18-01480,34170000,150000
R18-01481,84160000,300000
R18-01482,30230000,60000
R18-01483,26320000,60000
R18-01484,15520000,40000
R18-01485,31720000,60000
R18-01486,21710000,60000
R18-01487,1650000,0
R18-01488,42670000,150000
R18-01489,53630000,150000
R18-01490,59190000,150000
R18-01491,1090000,0
R18-01492,82260000,300000
R18-01493,37420000,150000
R18-01494,24910000,60000
R18-01495,4050000,0
R18-01496,2310000,0
R18-01497,33680000,150000
R18-01498,55800000,150000
R18-01499,84330000,300000
R18-01500,41290000,150000
R18-01501,154960000,600000
R18-01502,3140000,0
R18-01503,4730000,0
R18-01504,35200000,150000
R18-01505,34180000,150000
R18-01506,31840000,60000
R18-01507,88050000,300000
R18-01508,72180000,300000
R18-01509,52030000,150000
R18-01510,48790000,150000
R18-01511,63450000,150000
R18-01512,21840000,60000
R18-01513,22030000,60000
R18-01514,31620000,60000
R18-01515,93930000,300000
R18-01516,62770000,150000
R18-01517,90610000,300000
R18-01518,33240000,60000
R18-01519,43920000,150000
R18-01520,46980000,150000
R18-01521,72810000,300000
R18-01522,46340000,150000
R18-01523,36690000,150000
R18-01524,43570000,150000
R18-01525,53110000,150000
R18-01526,42890000,150000
R18-01527,5720000,20000
R18-01528,82800000,300000
R18-01529,14750000,40000
R18-01530,62300000,150000
R18-01531,43720000,150000
R18-01532,46460000,150000
R18-01533,820000,0
R18-01534,105940000,300000
R18-01535,6890000,20000
R18-01536,81800000,300000
R18-01537,14590000,40000
R18-01538,1670000,0
R18-01539,54670000,150000
R18-01540,25650000,60000
R18-01541,35230000,150000
R18-01542,1860000,0
R18-01543,73420000,300000
R18-01544,12050000,40000
R18-01545,64200000,150000
R18-01546,113440000,300000
R18-01547,36810000,150000
R18-01548,62120000,150000
R18-01549,73680000,300000
R18-01550,34100000,150000
R18-01551,14540000,40000
R18-01552,3930000,0
R18-01553,54760000,150000
R18-01554,42850000,150000
R18-01555,55120000,150000
R18-01556,55710000,150000
R18-01557,91430000,300000
R18-01558,101020000,300000
R18-01559,8110000,20000
R18-01560,13450000,40000
R18-01561,51910000,150000
R18-01562,10660000,40000
R18-01563,20350000,60000
R18-01564,55750000,150000
R18-01565,51800000,150000
R18-01566,28000000,60000
R18-01567,33160000,60000
R18-01568,21770000,60000
R18-01569,65340000,150000
R18-01570,52620000,150000
R18-01571,63810000,150000
R18-01572,3560000,0
R18-01573,36430000,150000
R18-01574,102760000,300000
R18-01575,46730000,150000
R18-01576,31810000,60000
R18-01577,74080000,300000
R18-01578,176300000,600000
R18-01579,4960000,0
R18-01580,45180000,150000
R18-01581,22230000,60000
R18-01582,75000000,300000
R18-01583,35110000,150000
R18-01584,43420000,150000
R18-01585,34680000,150000
R18-01586,15170000,40000
R18-01587,14270000,40000
R18-01588,64780000,150000
R18-01589,73840000,300000
R18-01590,54470000,150000
R18-01591,2700000,0
R18-01592,98630000,300000
R18-01593,66600000,150000
R18-01594,44830000,150000
R18-01595,106420000,300000
R18-01596,101110000,300000
R18-01597,55490000,150000
R18-01598,57820000,150000
R18-01599,94030000,300000
R18-01600,3760000,0
R18-01601,82530000,300000
R18-01602,23810000,60000
R18-01603,74880000,300000
R18-01604,16010000,40000
R18-01605,7130000,20000
R18-01606,111730000,300000
R18-01607,61900000,150000
R18-01608,13720000,40000
R18-01609,44040000,150000
R18-01610,221150000,1000000
R18-01611,32470000,60000
R18-01612,47180000,150000
R18-01613,81440000,300000
R18-01614,21040000,60000
R18-01615,14410000,40000
R18-01616,21320000,60000
R18-01617,12890000,40000
R18-01618,36180000,150000
R18-01619,88160000,300000
R18-01620,6540000,20000
R18-01621,72180000,300000
R18-01622,36680000,150000
R18-01623,43880000,150000
R18-01624,42750000,150000
R18-01625,47180000,150000
R18-01626,38330000,150000
R18-01627,31530000,60000
R18-01628,13900000,40000
R18-01629,2280000,0
R18-01630,20450000,60000
R18-01631,39260000,150000
R18-01632,85920000,300000
R18-01633,41690000,150000
R18-01634,56770000,150000
R18-01635,6950000,20000
R18-01636,33880000,150000
R18-01637,24750000,60000
R18-01638,5860000,20000
R18-01639,23830000,60000
R18-01640,5170000,20000
R18-01641,83430000,300000
R18-01642,37060000,150000
R18-01643,53260000,150000
R18-01644,72320000,300000
R18-01645,100740000,300000
R18-01646,54090000,150000
R18-01647,32210000,60000
R18-01648,92140000,300000
R18-01649,25250000,60000
R18-01650,2150000,0
R18-01651,5410000,20000
R18-01652,56600000,150000
R18-01653,43060000,150000
R18-01654,74040000,300000
R18-01655,85630000,300000
R18-01656,64500000,150000
R18-01657,45620000,150000
R18-01658,50230000,150000
R18-01659,74210000,300000
R18-01660,73050000,300000
R18-01661,55830000,150000
R18-01662,41320000,150000
R18-01663,44800000,150000
R18-01664,30390000,60000
R18-01665,12710000,40000
R18-01666,33820000,150000
R18-01667,24700000,60000
R18-01668,61180000,150000
R18-01669,67580000,300000
R18-01670,25380000,60000
R18-01671,58330000,150000
R18-01672,55800000,150000
R18-01673,34270000,150000
R18-01674,45310000,150000
R18-01675,58000000,150000
R18-01676,23190000,60000
R18-01677,15100000,40000
R18-01678,3410000,0
R18-01679,45830000,150000
R18-01680,3320000,0
R18-01681,3750000,0
R18-01682,32270000,60000
R18-01683,3600000,0
R18-01684,5970000,20000
R18-01685,84100000,300000
R18-01686,26390000,60000
R18-01687,43080000,150000
R18-01688,85900000,300000
R18-01689,7930000,20000
R18-01690,74060000,300000
R18-01691,5850000,20000
R18-01692,2580000,0
R18-01693,82250000,300000
R18-01694,23980000,60000
R18-01695,59100000,150000
R18-01696,41510000,150000
R18-01697,63090000,150000
R18-01698,3140000,0
R18-01699,4390000,0
R18-01700,11560000,40000
R18-01701,6480000,20000
R18-01702,51110000,150000
R18-01703,4590000,0
R18-01704,107780000,300000
R18-01705,75330000,300000
R18-01706,16060000,40000
R18-01707,95870000,300000
R18-01708,52010000,150000
R18-01709,118340000,300000
R18-01710,34340000,150000
R18-01711,5660000,20000
R18-01712,11500000,40000
R18-01713,213710000,1000000
R18-01714,67700000,300000
R18-01715,6420000,20000
R18-01716,75030000,300000
R18-01717,14220000,40000
R18-01718,2580000,0
R18-01719,5740000,20000
R18-01720,6960000,20000
R18-01721,83230000,300000
R18-01722,14280000,40000
R18-01723,2400000,0
R18-01724,101180000,300000
R18-01725,56470000,150000
R18-01726,72210000,300000
R18-01727,12560000,40000
R18-01728,25610000,60000
R18-01729,142600000,600000
R18-01730,22000000,60000
R18-01731,53850000,150000
R18-01732,910000,0
R18-01733,41650000,150000
R18-01734,133980000,600000
R18-01735,55210000,150000
R18-01736,1770000,0
R18-01737,44110000,150000
R18-01738,25130000,60000
R18-01739,54210000,150000
R18-01740,13310000,40000
R18-01741,12010000,40000
R18-01742,21170000,60000
R18-01743,175360000,600000
R18-01744,85170000,300000
R18-01745,14460000,40000
R18-01746,42930000,150000
R18-01747,53260000,150000
R18-01748,34360000,150000
R18-01749,5360000,20000
R18-01750,1510000,0
R18-01751,52260000,150000
R18-01752,113730000,300000
R18-01753,22790000,60000
R18-01754,52220000,150000
R18-01755,18370000,40000
R18-01756,55160000,150000
R18-01757,5340000,20000
R18-01758,14720000,40000
R18-01759,26100000,60000
R18-01760,101390000,300000
R18-01761,15530000,40000
R18-01762,82190000,300000
R18-01763,16090000,40000
R18-01764,50500000,150000
R18-01765,71550000,300000
R18-01766,180000,0
R18-01767,32310000,60000
R18-01768,2990000,0
R18-01769,48100000,150000
R18-01770,54900000,150000
R18-01771,35990000,150000
R18-01772,43000000,150000
R18-01773,11290000,40000
R18-01774,5010000,20000
R18-01775,27490000,60000
R18-01776,62570000,150000
R18-01777,24470000,60000
R18-01778,43090000,150000
R18-01779,7560000,20000
R18-01780,111410000,300000
R18-01781,5080000,20000
R18-01782,30740000,60000
R18-01783,14830000,40000
R18-01784,25740000,60000
R18-01785,23550000,60000
R18-01786,43630000,150000
R18-01787,44660000,150000
R18-01788,112150000,300000
R18-01789,2920000,0
R18-01790,62830000,150000
R18-01791,12110000,40000
R18-01792,34450000,150000
R18-01793,62480000,150000
R18-01794,41310000,150000
R18-01795,43440000,150000
R18-01796,84040000,300000
R18-01797,73540000,300000
R18-01798,81880000,300000
R18-01799,41330000,150000
R18-01800,11620000,40000
R18-01801,1390000,0
R18-01802,9300000,20000
R18-01803,61830000,150000
R18-01804,32080000,60000
R18-01805,81930000,300000
R18-01806,112250000,300000
R18-01807,2920000,0
R18-01808,34020000,150000
R18-01809,6970000,20000
R18-01810,3900000,0
R18-01811,61360000,150000
R18-01812,5910000,20000
R18-01813,11220000,40000
R18-01814,10380000,40000
R18-01815,23630000,60000
R18-01816,370000,0
R18-01817,97690000,300000
R18-01818,76610000,300000
R18-01819,122690000,300000
R18-01820,33430000,150000
R18-01821,3400000,0
R18-01822,32250000,60000
R18-01823,1770000,0
R18-01824,74480000,300000
R18-01825,24270000,60000
R18-01826,25580000,60000
R18-01827,24350000,60000
R18-01828,2450000,0
R18-01829,20890000,60000
R18-01830,23420000,60000
R18-01831,61470000,150000
R18-01832,125360000,300000
R18-01833,66630000,150000
R18-01834,42870000,150000
R18-01835,5580000,20000
R18-01836,22610000,60000
R18-01837,42580000,150000
R18-01838,10950000,40000
R18-01839,76330000,300000
R18-01840,42150000,150000
R18-01841,27550000,60000
R18-01842,92800000,300000
R18-01843,54700000,150000
R18-01844,80590000,300000
R18-01845,51640000,150000
R18-01846,75290000,300000
R18-01847,14760000,40000
R18-01848,52790000,150000
R18-01849,56410000,150000
R18-01850,61620000,150000
R18-01851,44160000,150000
R18-01852,7060000,20000
R18-01853,82880000,300000
R18-01854,64590000,150000
R18-01855,22280000,60000
R18-01856,22860000,60000
R18-01857,79180000,300000
R18-01858,33850000,150000
R18-01859,370000,0
R18-01860,63450000,150000
R18-01861,62080000,150000
R18-01862,23720000,60000
R18-01863,43370000,150000
R18-01864,42330000,150000
R18-01865,33040000,60000
R18-01866,92780000,300000
R18-01867,11980000,40000
R18-01868,44350000,150000
R18-01869,93500000,300000
R18-01870,81050000,300000
R18-01871,23990000,60000
R18-01872,6240000,20000
R18-01873,13840000,40000
R18-01874,52830000,150000
R18-01875,1420000,0
R18-01876,62640000,150000
R18-01877,52620000,150000
R18-01878,61990000,150000
R18-01879,32580000,60000
R18-01880,41290000,150000
R18-01881,44950000,150000
R18-01882,12960000,40000
R18-01883,1400000,0
R18-01884,141220000,600000
R18-01885,66580000,150000
R18-01886,2900000,0
R18-01887,95240000,300000
R18-01888,41410000,150000
R18-01889,31370000,60000
R18-01890,90510000,300000
R18-01891,70470000,300000
R18-01892,72820000,300000
R18-01893,32950000,60000
R18-01894,24990000,60000
R18-01895,44650000,150000
R18-01896,52180000,150000
R18-01897,44240000,150000
R18-01898,3800000,0
R18-01899,32460000,60000
R18-01900,33600000,150000
R18-01901,17330000,40000
R18-01902,2280000,0
R18-01903,25410000,60000
R18-01904,21170000,60000
R18-01905,31030000,60000
R18-01906,44940000,150000
R18-01907,14000000,40000
R18-01908,2400000,0
R18-01909,3060000,0
R18-01910,62350000,150000
R18-01911,92130000,300000
R18-01912,11720000,40000
R18-01913,46360000,150000
R18-01914,64710000,150000
R18-01915,33510000,150000
R18-01916,43210000,150000
R18-01917,106200000,300000
R18-01918,94130000,300000
R18-01919,23520000,60000
R18-01920,670000,0
R18-01921,73090000,300000
R18-01922,60680000,150000
R18-01923,33360000,150000
R18-01924,31930000,60000
R18-01925,8870000,20000
R18-01926,6530000,20000
R18-01927,34260000,150000
R18-01928,128400000,300000
R18-01929,64440000,150000
R18-01930,34660000,150000
R18-01931,106390000,300000
R18-01932,52450000,150000
R18-01933,16870000,40000
R18-01934,6550000,20000
R18-01935,60630000,150000
R18-01936,20680000,60000
R18-01937,73520000,300000
R18-01938,6430000,20000
R18-01939,3930000,0
R18-01940,1470000,0
R18-01941,3480000,0
R18-01942,3830000,0
R18-01943,53650000,150000
R18-01944,4410000,0
R18-01945,7840000,20000
R18-01946,12720000,40000
R18-01947,66240000,150000
R18-01948,45250000,150000
R18-01949,67130000,300000
R18-01950,24690000,60000
R18-01951,34500000,150000
R18-01952,87760000,300000
R18-01953,42230000,150000
R18-01954,3440000,0
R18-01955,1410000,0
R18-01956,15710000,40000
R18-01957,23210000,60000
R18-01958,53570000,150000
R18-01959,13170000,40000
R18-01960,92040000,300000
R18-01961,41020000,150000
R18-01962,66030000,150000
R18-01963,53410000,150000
R18-01964,43650000,150000
R18-01965,23320000,60000
R18-01966,54340000,150000
R18-01967,3380000,0
R18-01968,82050000,300000
R18-01969,23980000,60000
R18-01970,64780000,150000
R18-01971,95370000,300000
R18-01972,6520000,20000
R18-01973,80730000,300000
R18-01974,31420000,60000
R18-01975,26800000,60000
R18-01976,72020000,300000
R18-01977,43650000,150000
R18-01978,6900000,20000
R18-01979,43230000,150000
R18-01980,22180000,60000
R18-01981,62050000,150000
R18-01982,116010000,300000
R18-01983,41080000,150000
R18-01984,28840000,60000
R18-01985,2450000,0
R18-01986,56090000,150000
R18-01987,42340000,150000
R18-01988,3530000,0
R18-01989,63250000,150000
R18-01990,7280000,20000
R18-01991,92500000,300000
R18-01992,85930000,300000
R18-01993,74650000,300000
R18-01994,55250000,150000
R18-01995,21080000,60000
R18-01996,67590000,300000
R18-01997,112820000,300000
R18-01998,33250000,60000
R18-01999,42970000,150000
R18-02000,34050000,150000
R18-02001,42830000,150000
R18-02002,32250000,60000
R18-02003,32570000,60000
R18-02004,33200000,60000
R18-02005,45580000,150000
R18-02006,122090000,300000
R18-02007,470000,0
R18-02008,22560000,60000
R18-02009,103450000,300000
R18-02010,81530000,300000
R18-02011,12740000,40000
R18-02012,69060000,300000
R18-02013,38560000,150000
R18-02014,95360000,300000
R18-02015,21480000,60000
R18-02016,46430000,150000
R18-02017,73130000,300000
R18-02018,62910000,150000
R18-02019,46590000,150000
R18-02020,54960000,150000
R18-02021,104730000,300000
R18-02022,105140000,300000
R18-02023,14010000,40000
R18-02024,87980000,300000
R18-02025,51330000,150000
R18-02026,33300000,60000
R18-02027,64260000,150000
R18-02028,25850000,60000
R18-02029,102380000,300000
R18-02030,36190000,150000
R18-02031,112240000,300000
R18-02032,3880000,0
R18-02033,88360000,300000
R18-02034,23270000,60000
R18-02035,17150000,40000
R18-02036,21740000,60000
R18-02037,21220000,60000
R18-02038,3700000,0
R18-02039,65050000,150000
R18-02040,13370000,40000
R18-02041,23420000,60000
R18-02042,24600000,60000
R18-02043,620000,0
R18-02044,71320000,300000
R18-02045,91980000,300000
R18-02046,15590000,40000
R18-02047,57590000,150000
R18-02048,3300000,0
R18-02049,13770000,40000
R18-02050,123570000,300000
R18-02051,20360000,60000
R18-02052,22420000,60000
R18-02053,21980000,60000
R18-02054,63660000,150000
R18-02055,73390000,300000
R18-02056,44060000,150000
R18-02057,45880000,150000
R18-02058,66230000,150000
R18-02059,21850000,60000
R18-02060,53190000,150000
R18-02061,22540000,60000
R18-02062,83720000,300000
R18-02063,17150000,40000
R18-02064,13740000,40000
R18-02065,14250000,40000
R18-02066,27100000,60000
R18-02067,13550000,40000
R18-02068,63460000,150000
R18-02069,46020000,150000
R18-02070,3740000,0
R18-02071,61490000,150000
R18-02072,40950000,150000
R18-02073,32630000,60000
R18-02074,2060000,0
R18-02075,55340000,150000
R18-02076,52440000,150000
R18-02077,31680000,60000
R18-02078,12430000,40000
R18-02079,45530000,150000
R18-02080,20950000,60000
R18-02081,42750000,150000
R18-02082,63160000,150000
R18-02083,61760000,150000
R18-02084,6870000,20000
R18-02085,132210000,300000
R18-02086,17640000,40000
R18-02087,102010000,300000
R18-02088,43330000,150000
R18-02089,72170000,300000
R18-02090,74930000,300000
R18-02091,22680000,60000
R18-02092,21430000,60000
R18-02093,53190000,150000
R18-02094,73470000,300000
R18-02095,21140000,60000
R18-02096,17540000,40000
R18-02097,2200000,0
R18-02098,61500000,150000
R18-02099,2470000,0
R18-02100,26520000,60000
R18-02101,1870000,0
R18-02102,71760000,300000
R18-02103,14810000,40000
R18-02104,81980000,300000
R18-02105,71760000,300000
R18-02106,52750000,150000
R18-02107,53630000,150000
R18-02108,73890000,300000
R18-02109,85560000,300000
R18-02110,57050000,150000
R18-02111,51120000,150000
R18-02112,53560000,150000
R18-02113,1050000,0
R18-02114,73320000,300000
R18-02115,3540000,0
R18-02116,30900000,60000
R18-02117,53820000,150000
R18-02118,62500000,150000
R18-02119,14280000,40000
R18-02120,51940000,150000
R18-02121,1100000,0
R18-02122,13870000,40000
R18-02123,63940000,150000
R18-02124,48070000,150000
R18-02125,31970000,60000
R18-02126,36340000,150000
R18-02127,1410000,0
R18-02128,14540000,40000
R18-02129,25610000,60000
R18-02130,41780000,150000
R18-02131,73390000,300000
R18-02132,15100000,40000
R18-02133,70580000,300000
R18-02134,1000000,0
R18-02135,31000000,60000
R18-02136,2170000,0
R18-02137,3300000,0
R18-02138,11230000,40000
R18-02139,27650000,60000
R18-02140,2060000,0
R18-02141,24890000,60000
R18-02142,17610000,40000
R18-02143,72190000,300000
R18-02144,71760000,300000
R18-02145,8340000,20000
R18-02146,43140000,150000
R18-02147,10210000,40000
R18-02148,5590000,20000
R18-02149,2190000,0
R18-02150,53080000,150000
R18-02151,88190000,300000
R18-02152,105410000,300000
R18-02153,84600000,300000
R18-02154,2250000,0
R18-02155,76690000,300000
R18-02156,20560000,60000
R18-02157,23330000,60000
R18-02158,73630000,300000
R18-02159,23930000,60000
R18-02160,42860000,150000
R18-02161,13320000,40000
R18-02162,61490000,150000
R18-02163,33730000,150000
R18-02164,24350000,60000
R18-02165,33170000,60000
R18-02166,2260000,0
R18-02167,6760000,20000
R18-02168,14480000,40000
R18-02169,25090000,60000
R18-02170,12290000,40000
R18-02171,19340000,40000
R18-02172,70540000,300000
R18-02173,44590000,150000
R18-02174,38270000,150000
R18-02175,82390000,300000
R18-02176,35190000,150000
R18-02177,24370000,60000
R18-02178,62480000,150000
R18-02179,44920000,150000
R18-02180,81480000,300000
R18-02181,75740000,300000
R18-02182,77990000,300000
R18-02183,55810000,150000
R18-02184,11780000,40000
R18-02185,100510000,300000
R18-02186,5140000,20000
R18-02187,62140000,150000
R18-02188,32080000,60000
R18-02189,47810000,150000
R18-02190,1230000,0
R18-02191,44310000,150000
R18-02192,21170000,60000
R18-02193,2620000,0
R18-02194,13570000,40000
R18-02195,64260000,150000
R18-02196,65920000,150000
R18-02197,42530000,150000
R18-02198,3770000,0
R18-02199,91590000,300000
R18-02200,136390000,600000
R18-02201,10830000,40000
R18-02202,173390000,600000
R18-02203,14160000,40000
R18-02204,15160000,40000
R18-02205,27830000,60000
R18-02206,6880000,20000
R18-02207,69450000,300000
R18-02208,53940000,150000
R18-02209,72480000,300000
R18-02210,112750000,300000
R18-02211,45780000,150000
R18-02212,3800000,0
R18-02213,70940000,300000
R18-02214,10850000,40000
R18-02215,71880000,300000
R18-02216,21170000,60000
R18-02217,32670000,60000
R18-02218,22960000,60000
R18-02219,3710000,0
R18-02220,94180000,300000
R18-02221,4940000,0
R18-02222,73130000,300000
R18-02223,20970000,60000
R18-02224,3470000,0
R18-02225,104880000,300000
R18-02226,32190000,60000
R18-02227,12670000,40000
R18-02228,35060000,150000
R18-02229,23620000,60000
R18-02230,22860000,60000
R18-02231,24900000,60000
R18-02232,62280000,150000
R18-02233,1910000,0
R18-02234,67980000,300000
R18-02235,82780000,300000
R18-02236,30980000,60000
R18-02237,3160000,0
R18-02238,45010000,150000
R18-02239,54250000,150000
R18-02240,64910000,150000
R18-02241,4140000,0
R18-02242,47090000,150000
R18-02243,94080000,300000
R18-02244,26170000,60000
R18-02245,72010000,300000
R18-02246,75340000,300000
R18-02247,67560000,300000
R18-02248,1980000,0
R18-02249,31710000,60000
R18-02250,700000,0
R18-02251,85280000,300000
R18-02252,54950000,150000
R18-02253,61230000,150000
R18-02254,72810000,300000
R18-02255,132370000,300000
R18-02256,40620000,150000
R18-02257,33680000,150000
R18-02258,35630000,150000
R18-02259,151480000,600000
R18-02260,4250000,0
R18-02261,21590000,60000
R18-02262,148520000,600000
R18-02263,36550000,150000
R18-02264,111660000,300000
R18-02265,4020000,0
R18-02266,124980000,300000
R18-02267,67250000,300000
R18-02268,66950000,300000
R18-02269,2090000,0
R18-02270,2010000,0
R18-02271,44750000,150000
R18-02272,21070000,60000
R18-02273,7070000,20000
R18-02274,6100000,20000
R18-02275,46020000,150000
R18-02276,114740000,300000
R18-02277,72420000,300000
R18-02278,6650000,20000
R18-02279,12840000,40000
R18-02280,3610000,0
R18-02281,4290000,0
R18-02282,9400000,20000
R18-02283,5110000,20000
R18-02284,54290000,150000
R18-02285,81790000,300000
R18-02286,72070000,300000
R18-02287,32490000,60000
R18-02288,53690000,150000
R18-02289,54750000,150000
R18-02290,22530000,60000
R18-02291,38920000,150000
R18-02292,41370000,150000
R18-02293,36570000,150000
R18-02294,21550000,60000
R18-02295,24910000,60000
R18-02296,62580000,150000
R18-02297,23240000,60000
R18-02298,38560000,150000
R18-02299,97860000,300000
R18-02300,30980000,60000
R18-02301,5600000,20000
R18-02302,98640000,300000
R18-02303,64160000,150000
R18-02304,43170000,150000
R18-02305,26440000,60000
R18-02306,52140000,150000
R18-02307,24630000,60000
R18-02308,44660000,150000
R18-02309,22420000,60000
R18-02310,61840000,150000
R18-02311,53520000,150000
R18-02312,72530000,300000
R18-02313,114310000,300000
R18-02314,103760000,300000
R18-02315,21990000,60000
R18-02316,55690000,150000
R18-02317,61930000,150000
R18-02318,64420000,150000
R18-02319,44990000,150000
R18-02320,11750000,40000
R18-02321,55220000,150000
R18-02322,2820000,0
R18-02323,53650000,150000
R18-02324,24130000,60000
R18-02325,26820000,60000
R18-02326,58150000,150000
R18-02327,10630000,40000
R18-02328,12770000,40000
R18-02329,97810000,300000
R18-02330,86350000,300000
R18-02331,31760000,60000
R18-02332,36480000,150000
R18-02333,52790000,150000
R18-02334,21160000,60000
R18-02335,32110000,60000
R18-02336,2560000,0
R18-02337,23240000,60000
R18-02338,24220000,60000
R18-02339,5490000,20000
R18-02340,75290000,300000
R18-02341,4250000,0
R18-02342,7620000,20000
R18-02343,106340000,300000
R18-02344,52380000,150000
R18-02345,3090000,0
R18-02346,4110000,0
R18-02347,46350000,150000
R18-02348,62990000,150000
R18-02349,52160000,150000
R18-02350,53260000,150000
R18-02351,44540000,150000
R18-02352,27160000,60000
R18-02353,22490000,60000
R18-02354,57660000,150000
R18-02355,22650000,60000
R18-02356,113100000,300000
R18-02357,93040000,300000
R18-02358,7340000,20000
R18-02359,10660000,40000
R18-02360,45630000,150000
R18-02361,43210000,150000
R18-02362,45890000,150000
R18-02363,54760000,150000
R18-02364,38500000,150000
R18-02365,1490000,0
R18-02366,29450000,60000
R18-02367,101680000,300000
R18-02368,11920000,40000
R18-02369,53280000,150000
R18-02370,27300000,60000
R18-02371,48330000,150000
R18-02372,33490000,150000
R18-02373,17040000,40000
R18-02374,44480000,150000
R18-02375,65320000,150000
R18-02376,31100000,60000
R18-02377,21370000,60000
R18-02378,32720000,60000
R18-02379,45060000,150000
R18-02380,3910000,0
R18-02381,23590000,60000
R18-02382,7950000,20000
R18-02383,7690000,20000
R18-02384,31690000,60000
R18-02385,25140000,60000
R18-02386,32770000,60000
R18-02387,45440000,150000
R18-02388,12640000,40000
R18-02389,32740000,60000
R18-02390,63390000,150000
R18-02391,22320000,60000
R18-02392,25180000,60000
R18-02393,21500000,60000
R18-02394,14190000,40000
R18-02395,61590000,150000
R18-02396,23850000,60000
R18-02397,15120000,40000
R18-02398,55710000,150000
R18-02399,12740000,40000
R18-02400,42530000,150000
R18-02401,12750000,40000
R18-02402,26370000,60000
R18-02403,11810000,40000
R18-02404,131430000,300000
R18-02405,42570000,150000
R18-02406,78690000,300000
R18-02407,45470000,150000
R18-02408,108340000,300000
R18-02409,36720000,150000
R18-02410,4980000,0
R18-02411,62540000,150000
R18-02412,35320000,150000
R18-02413,15550000,40000
R18-02414,35610000,150000
R18-02415,29630000,60000
R18-02416,44660000,150000
R18-02417,53450000,150000
R18-02418,72550000,300000
R18-02419,47690000,150000
R18-02420,36430000,150000
R18-02421,550000,0
R18-02422,112020000,300000
R18-02423,72830000,300000
R18-02424,60700000,150000
R18-02425,2370000,0
R18-02426,106950000,300000
R18-02427,87810000,300000
R18-02428,25790000,60000
R18-02429,35880000,150000
R18-02430,26690000,60000
R18-02431,71470000,300000
R18-02432,82580000,300000
R18-02433,102220000,300000
R18-02434,30890000,60000
R18-02435,72340000,300000
R18-02436,38960000,150000
R18-02437,18190000,40000
R18-02438,27170000,60000
R18-02439,15240000,40000
R18-02440,41730000,150000
R18-02441,2720000,0
R18-02442,16890000,40000
R18-02443,26610000,60000
R18-02444,112030000,300000
R18-02445,41260000,150000
R18-02446,1510000,0
R18-02447,53480000,150000
R18-02448,13300000,40000
R18-02449,5650000,20000
R18-02450,15140000,40000
R18-02451,4490000,0
R18-02452,770000,0
R18-02453,17890000,40000
R18-02454,35910000,150000
R18-02455,27630000,60000
R18-02456,221020000,1000000
R18-02457,2300000,0
R18-02458,23000000,60000
R18-02459,7030000,20000
R18-02460,52410000,150000
R18-02461,33100000,60000
R18-02462,42880000,150000
R18-02463,82880000,300000
R18-02464,13580000,40000
R18-02465,51130000,150000
R18-02466,63690000,150000
R18-02467,53490000,150000
R18-02468,52580000,150000
R18-02469,32430000,60000
R18-02470,116930000,300000
R18-02471,33920000,150000
R18-02472,77360000,300000
R18-02473,95310000,300000
R18-02474,114460000,300000
R18-02475,53750000,150000
R18-02476,52130000,150000
R18-02477,26270000,60000
R18-02478,36200000,150000
R18-02479,6550000,20000
R18-02480,11610000,40000
R18-02481,13100000,40000
R18-02482,49010000,150000
R18-02483,52220000,150000
R18-02484,26230000,60000
R18-02485,21660000,60000
R18-02486,15050000,40000
R18-02487,71900000,300000
R18-02488,26360000,60000
R18-02489,84050000,300000
R18-02490,41860000,150000
R18-02491,55000000,150000
R18-02492,36210000,150000
R18-02493,64300000,150000
R18-02494,76670000,300000
R18-02495,16260000,40000
R18-02496,3210000,0
R18-02497,45290000,150000
R18-02498,20480000,60000
R18-02499,41030000,150000
R18-02500,13490000,40000
R18-02501,34690000,150000
R18-02502,23620000,60000
R18-02503,42770000,150000
R18-02504,2700000,0
R18-02505,1870000,0
R18-02506,61720000,150000
R18-02507,21340000,60000
R18-02508,33440000,150000
R18-02509,21600000,60000
R18-02510,23810000,60000
R18-02511,117430000,300000
R18-02512,2090000,0
R18-02513,7460000,20000
R18-02514,39320000,150000
R18-02515,63690000,150000
R18-02516,21680000,60000
R18-02517,3320000,0
R18-02518,42660000,150000
R18-02519,152670000,600000
R18-02520,24260000,60000
R18-02521,24120000,60000
R18-02522,2300000,0
R18-02523,51860000,150000
R18-02524,24750000,60000
R18-02525,10980000,40000
R18-02526,41150000,150000
R18-02527,107500000,300000
R18-02528,2290000,0
R18-02529,44230000,150000
R18-02530,560000,0
R18-02531,22130000,60000
R18-02532,73090000,300000
R18-02533,51290000,150000
R18-02534,54740000,150000
R18-02535,76060000,300000
R18-02536,144860000,600000
R18-02537,106600000,300000
R18-02538,53290000,150000
R18-02539,12720000,40000
R18-02540,72380000,300000
R18-02541,107880000,300000
R18-02542,43830000,150000
R18-02543,66820000,300000
R18-02544,5470000,20000
R18-02545,66700000,300000
R18-02546,2270000,0
R18-02547,30830000,60000
R18-02548,14560000,40000
R18-02549,94880000,300000
R18-02550,2490000,0
R18-02551,3530000,0
R18-02552,11760000,40000
R18-02553,53210000,150000
R18-02554,7280000,20000
R18-02555,44230000,150000
R18-02556,42000000,150000
R18-02557,62250000,150000
R18-02558,3200000,0
R18-02559,1190000,0
R18-02560,25440000,60000
R18-02561,53350000,150000
R18-02562,21240000,60000
R18-02563,53120000,150000
R18-02564,50850000,150000
R18-02565,61520000,150000
R18-02566,3820000,0
R18-02567,22520000,60000
R18-02568,2980000,0
R18-02569,40290000,150000
R18-02570,32810000,60000
R18-02571,1160000,0
R18-02572,78880000,300000
R18-02573,24500000,60000
R18-02574,39000000,150000
R18-02575,15490000,40000
R18-02576,13370000,40000
R18-02577,65010000,150000
R18-02578,44160000,150000
R18-02579,65410000,150000
R18-02580,31640000,60000
R18-02581,52600000,150000
R18-02582,12210000,40000
R18-02583,101410000,300000
R18-02584,8690000,20000
R18-02585,27010000,60000
R18-02586,3750000,0
R18-02587,63990000,150000
R18-02588,14580000,40000
R18-02589,71020000,300000
R18-02590,111500000,300000
R18-02591,42460000,150000
R18-02592,67940000,300000
R18-02593,75810000,300000
R18-02594,73250000,300000
R18-02595,26270000,60000
R18-02596,38940000,150000
R18-02597,26080000,60000
R18-02598,16400000,40000
R18-02599,13330000,40000
R18-02600,4010000,0
R18-02601,42020000,150000
R18-02602,4700000,0
R18-02603,34370000,150000
R18-02604,12630000,40000
R18-02605,14810000,40000
R18-02606,62430000,150000
R18-02607,930000,0
R18-02608,64490000,150000
R18-02609,82680000,300000
R18-02610,66940000,300000
R18-02611,4460000,0
R18-02612,134630000,600000
R18-02613,4760000,0
R18-02614,1620000,0
R18-02615,71190000,300000
R18-02616,35950000,150000
R18-02617,53700000,150000
R18-02618,40560000,150000
R18-02619,72080000,300000
R18-02620,88490000,300000
R18-02621,42920000,150000
R18-02622,61530000,150000
R18-02623,42020000,150000
R18-02624,106100000,300000
R18-02625,43020000,150000
R18-02626,1750000,0
R18-02627,12050000,40000
R18-02628,102190000,300000
R18-02629,75110000,300000
R18-02630,5200000,20000
R18-02631,11380000,40000
R18-02632,87200000,300000
R18-02633,32070000,60000
R18-02634,113230000,300000
R18-02635,42450000,150000
R18-02636,4770000,0
R18-02637,2240000,0
R18-02638,65830000,150000
R18-02639,42420000,150000
R18-02640,6730000,20000
R18-02641,12640000,40000
R18-02642,72080000,300000
R18-02643,2910000,0
R18-02644,42380000,150000
R18-02645,22550000,60000
R18-02646,32680000,60000
R18-02647,21570000,60000
R18-02648,84490000,300000
R18-02649,12060000,40000
R18-02650,72100000,300000
R18-02651,77140000,300000
R18-02652,81890000,300000
R18-02653,21340000,60000
R18-02654,41740000,150000
R18-02655,41620000,150000
R18-02656,13860000,40000
R18-02657,57820000,150000
R18-02658,7760000,20000
R18-02659,65130000,150000
R18-02660,1460000,0
R18-02661,64760000,150000
R18-02662,41560000,150000
R18-02663,76300000,300000
R18-02664,40720000,150000
R18-02665,90550000,300000
R18-02666,15900000,40000
R18-02667,28760000,60000
R18-02668,55470000,150000
R18-02669,13070000,40000
R18-02670,14460000,40000
R18-02671,1580000,0
R18-02672,224460000,1000000
R18-02673,390000,0
R18-02674,42670000,150000
R18-02675,12790000,40000
R18-02676,4860000,0
R18-02677,45190000,150000
R18-02678,65680000,150000
R18-02679,3380000,0
R18-02680,1640000,0
R18-02681,24310000,60000
R18-02682,10210000,40000
R18-02683,3380000,0
R18-02684,62060000,150000
R18-02685,21880000,60000
R18-02686,82540000,300000
R18-02687,53810000,150000
R18-02688,43230000,150000
R18-02689,25610000,60000
R18-02690,3690000,0
R18-02691,8990000,20000
R18-02692,53860000,150000
R18-02693,65130000,150000
R18-02694,82900000,300000
R18-02695,26970000,60000
R18-02696,3510000,0
R18-02697,6570000,20000
R18-02698,33800000,150000
R18-02699,2070000,0
R18-02700,24660000,60000
R18-02701,3080000,0
R18-02702,30080000,60000
R18-02703,75490000,300000
R18-02704,111940000,300000
R18-02705,29050000,60000
R18-02706,105480000,300000
R18-02707,12760000,40000
R18-02708,1990000,0
R18-02709,93440000,300000
R18-02710,43550000,150000
R18-02711,69390000,300000
R18-02712,4660000,0
R18-02713,88350000,300000
R18-02714,62960000,150000
R18-02715,115020000,300000
R18-02716,91070000,300000
R18-02717,104740000,300000
R18-02718,93880000,300000
R18-02719,4860000,0
R18-02720,26560000,60000
R18-02721,1750000,0
R18-02722,41740000,150000
R18-02723,24930000,60000
R18-02724,77650000,300000
R18-02725,52020000,150000
R18-02726,45720000,150000
R18-02727,52210000,150000
R18-02728,52190000,150000
R18-02729,136380000,600000
R18-02730,23800000,60000
R18-02731,53720000,150000
R18-02732,77570000,300000
R18-02733,42620000,150000
R18-02734,94790000,300000
R18-02735,72720000,300000
R18-02736,63750000,150000
R18-02737,5160000,20000
R18-02738,21750000,60000
R18-02739,15260000,40000
R18-02740,65140000,150000
R18-02741,5230000,20000
R18-02742,75810000,300000
R18-02743,11450000,40000
R18-02744,31190000,60000
R18-02745,54560000,150000
R18-02746,93370000,300000
R18-02747,56860000,150000
R18-02748,18280000,40000
R18-02749,32520000,60000
R18-02750,73400000,300000
R18-02751,74470000,300000
R18-02752,33890000,150000
R18-02753,157440000,600000
R18-02754,54180000,150000
R18-02755,6620000,20000
R18-02756,76730000,300000
R18-02757,13520000,40000
R18-02758,78770000,300000
R18-02759,43070000,150000
R18-02760,112440000,300000
R18-02761,51680000,150000
R18-02762,13680000,40000
R18-02763,2450000,0
R18-02764,97850000,300000
R18-02765,65060000,150000
R18-02766,5390000,20000
R18-02767,36290000,150000
R18-02768,36960000,150000
R18-02769,63500000,150000
R18-02770,134290000,600000
R18-02771,22210000,60000
R18-02772,26620000,60000
R18-02773,56320000,150000
R18-02774,44420000,150000
R18-02775,43930000,150000
R18-02776,58180000,150000
R18-02777,13890000,40000
R18-02778,82680000,300000
R18-02779,74840000,300000
R18-02780,62070000,150000
R18-02781,3920000,0
R18-02782,8120000,20000
R18-02783,7890000,20000
R18-02784,41300000,150000
R18-02785,21760000,60000
R18-02786,32800000,60000
R18-02787,3700000,0
R18-02788,37010000,150000
R18-02789,5800000,20000
R18-02790,24630000,60000
R18-02791,90270000,300000
R18-02792,21910000,60000
R18-02793,84290000,300000
R18-02794,62660000,150000
R18-02795,27750000,60000
R18-02796,25090000,60000
R18-02797,4950000,0
R18-02798,63790000,150000
R18-02799,103500000,300000
R18-02800,33190000,60000
R18-02801,21460000,60000
R18-02802,24060000,60000
R18-02803,31820000,60000
R18-02804,71640000,300000
R18-02805,71250000,300000
R18-02806,44420000,150000
R18-02807,71330000,300000
R18-02808,4790000,0
R18-02809,42260000,150000
R18-02810,4030000,0
R18-02811,110780000,300000
R18-02812,26780000,60000
R18-02813,12100000,40000
R18-02814,52850000,150000
R18-02815,27280000,60000
R18-02816,21540000,60000
R18-02817,26900000,60000
R18-02818,34220000,150000
R18-02819,21010000,60000
R18-02820,134050000,600000
R18-02821,11810000,40000
R18-02822,62610000,150000
R18-02823,21850000,60000
R18-02824,53500000,150000
R18-02825,2890000,0
R18-02826,54260000,150000
R18-02827,46600000,150000
R18-02828,63970000,150000
R18-02829,7590000,20000
R18-02830,7200000,20000
R18-02831,45700000,150000
R18-02832,36450000,150000
R18-02833,91940000,300000
R18-02834,52670000,150000
R18-02835,93270000,300000
R18-02836,58640000,150000
R18-02837,55860000,150000
R18-02838,81520000,300000
R18-02839,23470000,60000
R18-02840,22240000,60000
R18-02841,5900000,20000
R18-02842,22410000,60000
R18-02843,48340000,150000
R18-02844,7270000,20000
R18-02845,6050000,20000
R18-02846,54180000,150000
R18-02847,44820000,150000
R18-02848,52910000,150000
R18-02849,56750000,150000
R18-02850,4570000,0
R18-02851,5290000,20000
R18-02852,24730000,60000
R18-02853,72780000,300000
R18-02854,650000,0
R18-02855,103290000,300000
R18-02856,7970000,20000
R18-02857,102660000,300000
R18-02858,114460000,300000
R18-02859,37100000,150000
R18-02860,2800000,0
R18-02861,24770000,60000
R18-02862,138060000,600000
R18-02863,50980000,150000
R18-02864,2200000,0
R18-02865,42210000,150000
R18-02866,18520000,40000
R18-02867,31420000,60000
R18-02868,40980000,150000
R18-02869,23440000,60000
R18-02870,70900000,300000
R18-02871,7910000,20000
R18-02872,15750000,40000
R18-02873,101290000,300000
R18-02874,37190000,150000
R18-02875,53090000,150000
R18-02876,1300000,0
R18-02877,64470000,150000
R18-02878,153550000,600000
R18-02879,97230000,300000
R18-02880,3460000,0
R18-02881,4690000,0
R18-02882,68870000,300000
R18-02883,64960000,150000
R18-02884,103430000,300000
R18-02885,21420000,60000
R18-02886,12770000,40000
R18-02887,26770000,60000
R18-02888,820000,0
R18-02889,43510000,150000
R18-02890,82210000,300000
R18-02891,32770000,60000
R18-02892,1950000,0
R18-02893,72360000,300000
R18-02894,47410000,150000
R18-02895,56230000,150000
R18-02896,43340000,150000
R18-02897,84180000,300000
R18-02898,3920000,0
R18-02899,33600000,150000
R18-02900,73960000,300000
R18-02901,42370000,150000
R18-02902,15140000,40000
R18-02903,48390000,150000
R18-02904,23100000,60000
R18-02905,12210000,40000
R18-02906,2110000,0
R18-02907,31650000,60000
R18-02908,41210000,150000
R18-02909,1110000,0
R18-02910,16560000,40000
R18-02911,29290000,60000
R18-02912,14690000,40000
R18-02913,60420000,150000
R18-02914,45030000,150000
R18-02915,43430000,150000
R18-02916,44930000,150000
R18-02917,32030000,60000
R18-02918,71660000,300000
R18-02919,15830000,40000
R18-02920,6380000,20000
R18-02921,16700000,40000
R18-02922,42540000,150000
R18-02923,6640000,20000
R18-02924,72480000,300000
R18-02925,24760000,60000
R18-02926,33410000,150000
R18-02927,5270000,20000
R18-02928,46810000,150000
R18-02929,35010000,150000
R18-02930,77450000,300000
R18-02931,15050000,40000
R18-02932,32960000,60000
R18-02933,44660000,150000
R18-02934,3160000,0
R18-02935,73030000,300000
R18-02936,81540000,300000
R18-02937,115000000,300000
R18-02938,42010000,150000
R18-02939,12460000,40000
R18-02940,67170000,300000
R18-02941,9020000,20000
R18-02942,4400000,0
R18-02943,44830000,150000
R18-02944,23490000,60000
R18-02945,76700000,300000
R18-02946,53910000,150000
R18-02947,28860000,60000
R18-02948,64200000,150000
R18-02949,3840000,0
R18-02950,42840000,150000
R18-02951,27820000,60000
R18-02952,13980000,40000
R18-02953,102470000,300000
R18-02954,109030000,300000
R18-02955,2840000,0
R18-02956,35320000,150000
R18-02957,42180000,150000
R18-02958,38440000,150000
R18-02959,2470000,0
R18-02960,7690000,20000
R18-02961,73240000,300000
R18-02962,61910000,150000
R18-02963,72150000,300000
R18-02964,29310000,60000
R18-02965,23110000,60000
R18-02966,35790000,150000
R18-02967,91980000,300000
R18-02968,46790000,150000
R18-02969,4350000,0
R18-02970,54650000,150000
R18-02971,116170000,300000
R18-02972,41520000,150000
R18-02973,39280000,150000
R18-02974,17200000,40000
R18-02975,82540000,300000
R18-02976,47940000,150000
R18-02977,35910000,150000
R18-02978,24320000,60000
R18-02979,42730000,150000
R18-02980,31770000,60000
R18-02981,74630000,300000
R18-02982,21410000,60000
R18-02983,15200000,40000
R18-02984,43500000,150000
R18-02985,63370000,150000
R18-02986,10960000,40000
R18-02987,46860000,150000
R18-02988,94120000,300000
R18-02989,85440000,300000
R18-02990,61350000,150000
R18-02991,52730000,150000
R18-02992,23410000,60000
R18-02993,86530000,300000
R18-02994,32050000,60000
R18-02995,45010000,150000
R18-02996,31470000,60000
R18-02997,1320000,0
R18-02998,1020000,0
R18-02999,2800000,0
R18-03000,6180000,20000
R18-03001,13590000,40000
R18-03002,1500000,0
R18-03003,56170000,150000
R18-03004,65460000,150000
R18-03005,28070000,60000
R18-03006,73270000,300000
R18-03007,50630000,150000
R18-03008,2990000,0
R18-03009,34900000,150000
R18-03010,44740000,150000
R18-03011,45720000,150000
R18-03012,4520000,0
R18-03013,3220000,0
R18-03014,34430000,150000
R18-03015,75420000,300000
R18-03016,44830000,150000
R18-03017,12980000,40000
R18-03018,155000000,600000
R18-03019,35000000,150000
R18-03020,75390000,300000
R18-03021,91600000,300000
R18-03022,73260000,300000
R18-03023,41470000,150000
R18-03024,14510000,40000
R18-03025,70300000,300000
R18-03026,24180000,60000
R18-03027,12470000,40000
R18-03028,113240000,300000
R18-03029,35860000,150000
R18-03030,33470000,150000
R18-03031,3830000,0
R18-03032,64400000,150000
R18-03033,41940000,150000
R18-03034,2050000,0
R18-03035,27590000,60000
R18-03036,56610000,150000
R18-03037,88720000,300000
R18-03038,33740000,150000
R18-03039,28340000,60000
R18-03040,12040000,40000
R18-03041,27750000,60000
R18-03042,55320000,150000
R18-03043,72730000,300000
R18-03044,1630000,0
R18-03045,87990000,300000
R18-03046,3980000,0
R18-03047,32600000,60000
R18-03048,93450000,300000
R18-03049,31250000,60000
R18-03050,13010000,40000
R18-03051,19150000,40000
R18-03052,154340000,600000
R18-03053,42840000,150000
R18-03054,72660000,300000
R18-03055,26600000,60000
R18-03056,91250000,300000
R18-03057,51320000,150000
R18-03058,103040000,300000
R18-03059,36440000,150000
R18-03060,34160000,150000
R18-03061,8900000,20000
R18-03062,3380000,0
R18-03063,63100000,150000
R18-03064,22710000,60000
R18-03065,72630000,300000
R18-03066,3470000,0
R18-03067,13100000,40000
R18-03068,83290000,300000
R18-03069,94260000,300000
R18-03070,51870000,150000
R18-03071,71780000,300000
R18-03072,14210000,40000
R18-03073,97340000,300000
R18-03074,13820000,40000
R18-03075,28190000,60000
R18-03076,1870000,0
R18-03077,102120000,300000
R18-03078,44450000,150000
R18-03079,133830000,600000
R18-03080,53710000,150000
R18-03081,25630000,60000
R18-03082,51760000,150000
R18-03083,23080000,60000
R18-03084,35120000,150000
R18-03085,46160000,150000
R18-03086,2170000,0
R18-03087,23540000,60000
R18-03088,32360000,60000
R18-03089,91240000,300000
R18-03090,53270000,150000
R18-03091,76160000,300000
R18-03092,47950000,150000
R18-03093,2170000,0
R18-03094,40870000,150000
R18-03095,40740000,150000
R18-03096,75440000,300000
R18-03097,12170000,40000
R18-03098,56690000,150000
R18-03099,22580000,60000
R18-03100,23780000,60000
R18-03101,2090000,0
R18-03102,61070000,150000
R18-03103,35520000,150000
R18-03104,24920000,60000
R18-03105,86990000,300000
R18-03106,33670000,150000
R18-03107,13350000,40000
R18-03108,52400000,150000
R18-03109,2160000,0
R18-03110,97270000,300000
R18-03111,226490000,1000000
R18-03112,5820000,20000
R18-03113,3400000,0
R18-03114,73890000,300000
R18-03115,50490000,150000
R18-03116,56580000,150000
R18-03117,44420000,150000
R18-03118,146990000,600000
R18-03119,64490000,150000
R18-03120,62560000,150000
R18-03121,51460000,150000
R18-03122,43630000,150000
R18-03123,75670000,300000
R18-03124,11280000,40000
R18-03125,117420000,300000
R18-03126,68070000,300000
R18-03127,1270000,0
R18-03128,330000,0
R18-03129,36380000,150000
R18-03130,31540000,60000
R18-03131,117210000,300000
R18-03132,41950000,150000
R18-03133,8900000,20000
R18-03134,123600000,300000
R18-03135,62550000,150000
R18-03136,6540000,20000
R18-03137,26420000,60000
R18-03138,21870000,60000
R18-03139,17780000,40000
R18-03140,13850000,40000
R18-03141,61550000,150000
R18-03142,2280000,0
R18-03143,52130000,150000
R18-03144,310000,0
R18-03145,80990000,300000
R18-03146,42890000,150000
R18-03147,3480000,0
R18-03148,8060000,20000
R18-03149,72950000,300000
R18-03150,60960000,150000
R18-03151,6040000,20000
R18-03152,17200000,40000
R18-03153,890000,0
R18-03154,22870000,60000
R18-03155,44930000,150000
R18-03156,50940000,150000
R18-03157,32040000,60000
R18-03158,10740000,40000
R18-03159,2470000,0
R18-03160,63220000,150000
R18-03161,132690000,300000
R18-03162,1800000,0
R18-03163,560000,0
R18-03164,54720000,150000
R18-03165,24020000,60000
R18-03166,32600000,60000
R18-03167,42730000,150000
R18-03168,45210000,150000
R18-03169,46760000,150000
R18-03170,54680000,150000
R18-03171,42100000,150000
R18-03172,62750000,150000
R18-03173,33130000,60000
R18-03174,70930000,300000
R18-03175,8230000,20000
R18-03176,13820000,40000
R18-03177,14200000,40000
R18-03178,45990000,150000
R18-03179,13070000,40000
R18-03180,47380000,150000
R18-03181,3290000,0
R18-03182,14510000,40000
R18-03183,113330000,300000
R18-03184,14060000,40000
R18-03185,52880000,150000
R18-03186,3420000,0
R18-03187,24020000,60000
R18-03188,83400000,300000
R18-03189,15940000,40000
R18-03190,67810000,300000
R18-03191,77750000,300000
R18-03192,44090000,150000
R18-03193,97170000,300000
R18-03194,41550000,150000
R18-03195,86780000,300000
R18-03196,72770000,300000
R18-03197,31960000,60000
R18-03198,102250000,300000
R18-03199,4410000,0
R18-03200,61010000,150000
R18-03201,51220000,150000
R18-03202,92490000,300000
R18-03203,7360000,20000
R18-03204,85770000,300000
R18-03205,4810000,0
R18-03206,22240000,60000
R18-03207,151880000,600000
R18-03208,32800000,60000
R18-03209,71920000,300000
R18-03210,63130000,150000
R18-03211,82220000,300000
R18-03212,53490000,150000
R18-03213,71580000,300000
R18-03214,31650000,60000
R18-03215,22600000,60000
R18-03216,41050000,150000
R18-03217,38250000,150000
R18-03218,5380000,20000
R18-03219,60800000,150000
R18-03220,15170000,40000
R18-03221,65170000,150000
R18-03222,46940000,150000
R18-03223,30980000,60000
R18-03224,136150000,600000
R18-03225,5100000,20000
R18-03226,13300000,40000
R18-03227,61400000,150000
R18-03228,23670000,60000
R18-03229,18050000,40000
R18-03230,93790000,300000
R18-03231,42550000,150000
R18-03232,29290000,60000
R18-03233,35790000,150000
R18-03234,70250000,300000
R18-03235,73620000,300000
R18-03236,84390000,300000
R18-03237,71350000,300000
R18-03238,12150000,40000
R18-03239,68900000,300000
R18-03240,4080000,0
R18-03241,72560000,300000
R18-03242,66940000,300000
R18-03243,45660000,150000
R18-03244,65210000,150000
R18-03245,54310000,150000
R18-03246,95220000,300000
R18-03247,21960000,60000
R18-03248,53540000,150000
R18-03249,5750000,20000
R18-03250,16040000,40000
R18-03251,53000000,150000
R18-03252,24150000,60000
R18-03253,22270000,60000
R18-03254,10650000,40000
R18-03255,11500000,40000
R18-03256,4480000,0
R18-03257,34640000,150000
R18-03258,42720000,150000
R18-03259,92350000,300000
R18-03260,46290000,150000
R18-03261,72790000,300000
R18-03262,5810000,20000
R18-03263,52170000,150000
R18-03264,2900000,0
R18-03265,131630000,300000
R18-03266,85710000,300000
R18-03267,51810000,150000
R18-03268,33770000,150000
R18-03269,63360000,150000
R18-03270,3680000,0
R18-03271,52520000,150000
R18-03272,95810000,300000
R18-03273,75700000,300000
R18-03274,47600000,150000
R18-03275,53420000,150000
R18-03276,12200000,40000
R18-03277,47180000,150000
R18-03278,22460000,60000
R18-03279,32790000,60000
R18-03280,73630000,300000
R18-03281,3470000,0
R18-03282,2860000,0
R18-03283,96380000,300000
R18-03284,26050000,60000
R18-03285,105020000,300000
R18-03286,2650000,0
R18-03287,28650000,60000
R18-03288,18280000,40000
R18-03289,4960000,0
R18-03290,44190000,150000
R18-03291,72740000,300000
R18-03292,123110000,300000
R18-03293,62670000,150000
R18-03294,13970000,40000
R18-03295,41010000,150000
R18-03296,41990000,150000
R18-03297,2670000,0
R18-03298,4490000,0
R18-03299,11350000,40000
R18-03300,51560000,150000
R18-03301,74050000,300000
R18-03302,32240000,60000
R18-03303,97380000,300000
R18-03304,53930000,150000
R18-03305,43880000,150000
R18-03306,31020000,60000
R18-03307,1070000,0
R18-03308,41180000,150000
R18-03309,62650000,150000
R18-03310,16560000,40000
R18-03311,34810000,150000
R18-03312,34730000,150000
R18-03313,44360000,150000
R18-03314,46800000,150000
R18-03315,22600000,60000
R18-03316,102750000,300000
R18-03317,3770000,0
R18-03318,62010000,150000
R18-03319,1420000,0
R18-03320,36850000,150000
R18-03321,5270000,20000
R18-03322,43850000,150000
R18-03323,59310000,150000
R18-03324,72680000,300000
R18-03325,16550000,40000
R18-03326,20200000,60000
R18-03327,500000,0
R18-03328,61400000,150000
R18-03329,23710000,60000
R18-03330,33080000,60000
R18-03331,91700000,300000
R18-03332,36700000,150000
R18-03333,97380000,300000
R18-03334,72130000,300000
R18-03335,68170000,300000
R18-03336,71370000,300000
R18-03337,4070000,0
R18-03338,73050000,300000
R18-03339,51310000,150000
R18-03340,71930000,300000
R18-03341,4560000,0
R18-03342,51020000,150000
R18-03343,36100000,150000
R18-03344,22170000,60000
R18-03345,53380000,150000
R18-03346,15140000,40000
R18-03347,1890000,0
R18-03348,42430000,150000
R18-03349,53500000,150000
R18-03350,72110000,300000
R18-03351,23210000,60000
R18-03352,3520000,0
R18-03353,3170000,0
R18-03354,35380000,150000
R18-03355,85280000,300000
R18-03356,93850000,300000
R18-03357,2990000,0
R18-03358,44170000,150000
R18-03359,72290000,300000
R18-03360,43140000,150000
R18-03361,14190000,40000
R18-03362,53030000,150000
R18-03363,47440000,150000
R18-03364,14280000,40000
R18-03365,51970000,150000
R18-03366,23030000,60000
R18-03367,21990000,60000
R18-03368,3130000,0
R18-03369,121600000,300000
R18-03370,27420000,60000
R18-03371,24230000,60000
R18-03372,125160000,300000
R18-03373,11030000,40000
R18-03374,48680000,150000
R18-03375,11840000,40000
R18-03376,73080000,300000
R18-03377,42210000,150000
R18-03378,93680000,300000
R18-03379,48300000,150000
R18-03380,44310000,150000
R18-03381,102370000,300000
R18-03382,1440000,0
R18-03383,75560000,300000
R18-03384,45170000,150000
R18-03385,127060000,300000
R18-03386,56290000,150000
R18-03387,3290000,0
R18-03388,46630000,150000
R18-03389,22510000,60000
R18-03390,9510000,20000
R18-03391,58870000,150000
R18-03392,13570000,40000
R18-03393,16930000,40000
R18-03394,52490000,150000
R18-03395,3370000,0
R18-03396,8490000,20000
R18-03397,36070000,150000
R18-03398,31980000,60000
R18-03399,17230000,40000
R18-03400,42370000,150000
R18-03401,640000,0
R18-03402,34540000,150000
R18-03403,53710000,150000
R18-03404,73940000,300000
R18-03405,62800000,150000
R18-03406,25450000,60000
R18-03407,11830000,40000
R18-03408,28370000,60000
R18-03409,33690000,150000
R18-03410,67020000,300000
R18-03411,33570000,150000
R18-03412,32390000,60000
R18-03413,12800000,40000
R18-03414,6670000,20000
R18-03415,7910000,20000
R18-03416,1360000,0
R18-03417,4720000,0
R18-03418,85150000,300000
R18-03419,46320000,150000
R18-03420,53370000,150000
R18-03421,43840000,150000
R18-03422,111020000,300000
R18-03423,12670000,40000
R18-03424,23150000,60000
R18-03425,33650000,150000
R18-03426,26080000,60000
R18-03427,91860000,300000
R18-03428,4930000,0
R18-03429,62770000,150000
R18-03430,43510000,150000
R18-03431,52150000,150000
R18-03432,27260000,60000
R18-03433,34120000,150000
R18-03434,83370000,300000
R18-03435,1650000,0
R18-03436,74330000,300000
R18-03437,75340000,300000
R18-03438,2460000,0
R18-03439,21130000,60000
R18-03440,15690000,40000
R18-03441,32570000,60000
R18-03442,22070000,60000
R18-03443,1360000,0
R18-03444,20790000,60000
R18-03445,22290000,60000
R18-03446,101230000,300000
R18-03447,65280000,150000
R18-03448,26200000,60000
R18-03449,42790000,150000
R18-03450,35220000,150000
R18-03451,13910000,40000
R18-03452,44160000,150000
R18-03453,42290000,150000
R18-03454,23150000,60000
R18-03455,12250000,40000
R18-03456,11920000,40000
R18-03457,21660000,60000
R18-03458,53390000,150000
R18-03459,6100000,20000
R18-03460,13210000,40000
R18-03461,43940000,150000
R18-03462,25590000,60000
R18-03463,3390000,0
R18-03464,70910000,300000
R18-03465,54850000,150000
R18-03466,23190000,60000
R18-03467,71640000,300000
R18-03468,32880000,60000
R18-03469,3200000,0
R18-03470,56340000,150000
R18-03471,82080000,300000
R18-03472,53110000,150000
R18-03473,62410000,150000
R18-03474,66210000,150000
R18-03475,63570000,150000
R18-03476,5640000,20000
R18-03477,132470000,300000
R18-03478,47210000,150000
R18-03479,41370000,150000
R18-03480,12210000,40000
R18-03481,32160000,60000
R18-03482,97060000,300000
R18-03483,1550000,0
R18-03484,51840000,150000
R18-03485,71920000,300000
R18-03486,72390000,300000
R18-03487,32330000,60000
R18-03488,66690000,300000
R18-03489,25550000,60000
R18-03490,74840000,300000
R18-03491,21970000,60000
R18-03492,23010000,60000
R18-03493,6620000,20000
R18-03494,6460000,20000
R18-03495,25510000,60000
R18-03496,6600000,20000
R18-03497,106900000,300000
R18-03498,26220000,60000
R18-03499,63790000,150000
R18-03500,55700000,150000
R18-03501,50780000,150000
R18-03502,45830000,150000
R18-03503,20300000,60000
R18-03504,53910000,150000
R18-03505,1080000,0
R18-03506,73050000,300000
R18-03507,35790000,150000
R18-03508,234660000,1000000
R18-03509,32760000,60000
R18-03510,32890000,60000
R18-03511,15410000,40000
R18-03512,1040000,0
R18-03513,103900000,300000
R18-03514,48880000,150000
R18-03515,75290000,300000
R18-03516,11470000,40000
R18-03517,56560000,150000
R18-03518,40600000,150000
R18-03519,15910000,40000
R18-03520,62180000,150000
R18-03521,56200000,150000
R18-03522,70960000,300000
R18-03523,2900000,0
R18-03524,630000,0
R18-03525,1930000,0
R18-03526,53490000,150000
R18-03527,108440000,300000
R18-03528,90920000,300000
R18-03529,25320000,60000
R18-03530,8810000,20000
R18-03531,26670000,60000
R18-03532,1350000,0
R18-03533,14300000,40000
R18-03534,8390000,20000
R18-03535,20700000,60000
R18-03536,21400000,60000
R18-03537,82580000,300000
R18-03538,35170000,150000
R18-03539,83020000,300000
R18-03540,210000,0
R18-03541,5650000,20000
R18-03542,32160000,60000
R18-03543,93980000,300000
R18-03544,75500000,300000
R18-03545,36500000,150000
R18-03546,45600000,150000
R18-03547,14460000,40000
R18-03548,13930000,40000
R18-03549,29580000,60000
R18-03550,32250000,60000
R18-03551,64570000,150000
R18-03552,62850000,150000
R18-03553,83790000,300000
R18-03554,3850000,0
R18-03555,25620000,60000
R18-03556,3460000,0
R18-03557,1040000,0
R18-03558,71940000,300000
R18-03559,3100000,0
R18-03560,116950000,300000
R18-03561,38220000,150000
R18-03562,74330000,300000
R18-03563,25440000,60000
R18-03564,72410000,300000
R18-03565,97030000,300000
R18-03566,7460000,20000
R18-03567,42660000,150000
R18-03568,41950000,150000
R18-03569,72220000,300000
R18-03570,40850000,150000
R18-03571,61240000,150000
R18-03572,2150000,0
R18-03573,45260000,150000
R18-03574,32140000,60000
R18-03575,1190000,0
R18-03576,72040000,300000
R18-03577,46280000,150000
R18-03578,35720000,150000
R18-03579,75740000,300000
R18-03580,64610000,150000
R18-03581,67630000,300000
R18-03582,1920000,0
R18-03583,30530000,60000
R18-03584,6440000,20000
R18-03585,14740000,40000
R18-03586,62470000,150000
R18-03587,60180000,150000
R18-03588,98520000,300000
R18-03589,12520000,40000
R18-03590,1140000,0
R18-03591,64000000,150000
R18-03592,71890000,300000
R18-03593,37900000,150000
R18-03594,43800000,150000
R18-03595,25120000,60000
R18-03596,57990000,150000
R18-03597,39080000,150000
R18-03598,84020000,300000
R18-03599,35550000,150000
R18-03600,26070000,60000
R18-03601,2340000,0
R18-03602,78000000,300000
R18-03603,2560000,0
R18-03604,61710000,150000
R18-03605,26890000,60000
R18-03606,52360000,150000
R18-03607,63120000,150000
R18-03608,36290000,150000
R18-03609,24290000,60000
R18-03610,1640000,0
R18-03611,60590000,150000
R18-03612,24430000,60000
R18-03613,53860000,150000
R18-03614,62100000,150000
R18-03615,34380000,150000
R18-03616,12120000,40000
R18-03617,42220000,150000
R18-03618,23170000,60000
R18-03619,43980000,150000
R18-03620,12880000,40000
R18-03621,85520000,300000
R18-03622,5520000,20000
R18-03623,124410000,300000
R18-03624,16560000,40000
R18-03625,72280000,300000
R18-03626,43080000,150000
R18-03627,113050000,300000
R18-03628,61210000,150000
R18-03629,1500000,0
R18-03630,41900000,150000
R18-03631,43450000,150000
R18-03632,32140000,60000
R18-03633,13370000,40000
R18-03634,145210000,600000
R18-03635,55710000,150000
R18-03636,65320000,150000
R18-03637,33260000,60000
R18-03638,26200000,60000
R18-03639,71470000,300000
R18-03640,35940000,150000
R18-03641,22920000,60000
R18-03642,16010000,40000
R18-03643,14250000,40000
R18-03644,13040000,40000
R18-03645,43280000,150000
R18-03646,27940000,60000
R18-03647,5310000,20000
R18-03648,31220000,60000
R18-03649,80810000,300000
R18-03650,1860000,0
R18-03651,53170000,150000
R18-03652,145280000,600000
R18-03653,4110000,0
R18-03654,43070000,150000
R18-03655,15830000,40000
R18-03656,13900000,40000
R18-03657,23460000,60000
R18-03658,30570000,60000
R18-03659,154340000,600000
R18-03660,78100000,300000
R18-03661,52320000,150000
R18-03662,4320000,0
R18-03663,85350000,300000
R18-03664,21140000,60000
R18-03665,63060000,150000
R18-03666,45110000,150000
R18-03667,42170000,150000
R18-03668,53120000,150000
R18-03669,4900000,0
R18-03670,13960000,40000
R18-03671,3190000,0
R18-03672,220300000,1000000
R18-03673,51380000,150000
R18-03674,3180000,0
R18-03675,10180000,40000
R18-03676,23770000,60000
R18-03677,43380000,150000
R18-03678,87320000,300000
R18-03679,82570000,300000
R18-03680,22370000,60000
R18-03681,50710000,150000
R18-03682,3900000,0
R18-03683,12170000,40000
R18-03684,20200000,60000
R18-03685,11890000,40000
R18-03686,57860000,150000
R18-03687,30310000,60000
R18-03688,127590000,300000
R18-03689,92150000,300000
R18-03690,72290000,300000
R18-03691,43470000,150000
R18-03692,53450000,150000
R18-03693,25420000,60000
R18-03694,29130000,60000
R18-03695,10350000,40000
R18-03696,61770000,150000
R18-03697,20770000,60000
R18-03698,9260000,20000
R18-03699,4440000,0
R18-03700,62660000,150000
R18-03701,74650000,300000
R18-03702,24750000,60000
R18-03703,54840000,150000
R18-03704,66660000,150000
R18-03705,6210000,20000
R18-03706,2440000,0
R18-03707,40470000,150000
R18-03708,133720000,600000
R18-03709,61880000,150000
R18-03710,24040000,60000
R18-03711,24690000,60000
R18-03712,104010000,300000
R18-03713,40380000,150000
R18-03714,76880000,300000
R18-03715,145940000,600000
R18-03716,51100000,150000
R18-03717,87710000,300000
R18-03718,2160000,0
R18-03719,57990000,150000
R18-03720,43940000,150000
R18-03721,65110000,150000
R18-03722,35480000,150000
R18-03723,16120000,40000
R18-03724,45650000,150000
R18-03725,52010000,150000
R18-03726,31220000,60000
R18-03727,67890000,300000
R18-03728,93020000,300000
R18-03729,52560000,150000
R18-03730,910000,0
R18-03731,64680000,150000
R18-03732,82150000,300000
R18-03733,22520000,60000
R18-03734,28400000,60000
R18-03735,24030000,60000
R18-03736,44290000,150000
R18-03737,3250000,0
R18-03738,21560000,60000
R18-03739,76070000,300000
R18-03740,57700000,150000
R18-03741,86280000,300000
R18-03742,82540000,300000
R18-03743,22420000,60000
R18-03744,33570000,150000
R18-03745,22320000,60000
R18-03746,24330000,60000
R18-03747,23180000,60000
R18-03748,27910000,60000
R18-03749,2580000,0
R18-03750,12610000,40000
R18-03751,66110000,150000
R18-03752,83850000,300000
R18-03753,97600000,300000
R18-03754,51300000,150000
R18-03755,900000,0
R18-03756,113940000,300000
R18-03757,86010000,300000
R18-03758,33830000,150000
R18-03759,64200000,150000
R18-03760,86000000,300000
R18-03761,41500000,150000
R18-03762,20280000,60000
R18-03763,8530000,20000
R18-03764,107380000,300000
R18-03765,4030000,0
R18-03766,35950000,150000
R18-03767,23430000,60000
R18-03768,3250000,0
R18-03769,24420000,60000
R18-03770,970000,0
R18-03771,92260000,300000
R18-03772,81960000,300000
R18-03773,42490000,150000
R18-03774,41730000,150000
R18-03775,21830000,60000
R18-03776,74120000,300000
R18-03777,2760000,0
R18-03778,12950000,40000
R18-03779,21830000,60000
R18-03780,70690000,300000
R18-03781,52850000,150000
R18-03782,26100000,60000
R18-03783,5950000,20000
R18-03784,116670000,300000
R18-03785,61010000,150000
R18-03786,122700000,300000
R18-03787,3920000,0
R18-03788,34030000,150000
R18-03789,141250000,600000
R18-03790,83490000,300000
R18-03791,36880000,150000
R18-03792,72660000,300000
R18-03793,43120000,150000
R18-03794,61160000,150000
R18-03795,57310000,150000
R18-03796,64990000,150000
R18-03797,54640000,150000
R18-03798,62400000,150000
R18-03799,4140000,0
R18-03800,41640000,150000
R18-03801,35970000,150000
R18-03802,127770000,300000
R18-03803,23580000,60000
R18-03804,45640000,150000
R18-03805,2100000,0
R18-03806,1740000,0
R18-03807,53240000,150000
R18-03808,83270000,300000
R18-03809,63580000,150000
R18-03810,45830000,150000
R18-03811,30740000,60000
R18-03812,43540000,150000
R18-03813,50350000,150000
R18-03814,1600000,0
R18-03815,73270000,300000
R18-03816,28120000,60000
R18-03817,43720000,150000
R18-03818,5330000,20000
R18-03819,7580000,20000
R18-03820,7300000,20000
R18-03821,68640000,300000
R18-03822,46750000,150000
R18-03823,65720000,150000
R18-03824,17400000,40000
R18-03825,2200000,0
R18-03826,22170000,60000
R18-03827,7320000,20000
R18-03828,31010000,60000
R18-03829,57740000,150000
R18-03830,112930000,300000
R18-03831,25140000,60000
R18-03832,1000000,0
R18-03833,17530000,40000
R18-03834,42150000,150000
R18-03835,32020000,60000
R18-03836,23080000,60000
R18-03837,64390000,150000
R18-03838,32550000,60000
R18-03839,56560000,150000
R18-03840,11960000,40000
R18-03841,14040000,40000
R18-03842,1710000,0
R18-03843,65250000,150000
R18-03844,142120000,600000
R18-03845,1910000,0
R18-03846,104230000,300000
R18-03847,32540000,60000
R18-03848,32000000,60000
R18-03849,22850000,60000
R18-03850,44170000,150000
R18-03851,12370000,40000
R18-03852,6270000,20000
R18-03853,44710000,150000
R18-03854,53500000,150000
R18-03855,98560000,300000
R18-03856,74780000,300000
R18-03857,70940000,300000
R18-03858,31330000,60000
R18-03859,83530000,300000
R18-03860,55830000,150000
R18-03861,16150000,40000
R18-03862,62790000,150000
R18-03863,36090000,150000
R18-03864,70530000,300000
R18-03865,174250000,600000
R18-03866,23950000,60000
R18-03867,31300000,60000
R18-03868,73100000,300000
R18-03869,16330000,40000
R18-03870,25640000,60000
R18-03871,91450000,300000
R18-03872,33840000,150000
R18-03873,21720000,60000
R18-03874,54130000,150000
R18-03875,53280000,150000
R18-03876,2960000,0
R18-03877,14860000,40000
R18-03878,3830000,0
R18-03879,75860000,300000
R18-03880,6920000,20000
R18-03881,12730000,40000
R18-03882,51280000,150000
R18-03883,81010000,300000
R18-03884,11490000,40000
R18-03885,87290000,300000
R18-03886,18250000,40000
R18-03887,53050000,150000
R18-03888,53970000,150000
R18-03889,65030000,150000
R18-03890,22100000,60000
R18-03891,5290000,20000
R18-03892,44400000,150000
R18-03893,90950000,300000
R18-03894,51510000,150000
R18-03895,44040000,150000
R18-03896,43280000,150000
R18-03897,41490000,150000
R18-03898,12880000,40000
R18-03899,71200000,300000
R18-03900,105610000,300000
R18-03901,97540000,300000
R18-03902,22890000,60000
R18-03903,82110000,300000
R18-03904,84050000,300000
R18-03905,55840000,150000
R18-03906,47450000,150000
R18-03907,25320000,60000
R18-03908,21520000,60000
R18-03909,105030000,300000
R18-03910,62660000,150000
R18-03911,4940000,0
R18-03912,12520000,40000
R18-03913,4610000,0
R18-03914,34240000,150000
R18-03915,23050000,60000
R18-03916,44390000,150000
R18-03917,98140000,300000
R18-03918,68220000,300000
R18-03919,5600000,20000
R18-03920,23960000,60000
R18-03921,45980000,150000
R18-03922,2130000,0
R18-03923,30300000,60000
R18-03924,12330000,40000
R18-03925,106020000,300000
R18-03926,54990000,150000
R18-03927,830000,0
R18-03928,93900000,300000
R18-03929,5940000,20000
R18-03930,74310000,300000
R18-03931,1190000,0
R18-03932,36900000,150000
R18-03933,49620000,150000
R18-03934,14930000,40000
R18-03935,32160000,60000
R18-03936,22140000,60000
R18-03937,15850000,40000
R18-03938,31780000,60000
R18-03939,67500000,300000
R18-03940,6550000,20000
R18-03941,57060000,150000
R18-03942,8050000,20000
R18-03943,3710000,0
R18-03944,90640000,300000
R18-03945,32990000,60000
R18-03946,30460000,60000
R18-03947,26550000,60000
R18-03948,63640000,150000
R18-03949,31690000,60000
R18-03950,53840000,150000
R18-03951,730000,0
R18-03952,71180000,300000
R18-03953,51630000,150000
R18-03954,32440000,60000
R18-03955,37210000,150000
R18-03956,62930000,150000
R18-03957,26220000,60000
R18-03958,46380000,150000
R18-03959,5430000,20000
R18-03960,3970000,0
R18-03961,36170000,150000
R18-03962,11840000,40000
R18-03963,1890000,0
R18-03964,38910000,150000
R18-03965,32590000,60000
R18-03966,25450000,60000
R18-03967,4190000,0
R18-03968,49140000,150000
R18-03969,71930000,300000
R18-03970,31340000,60000
R18-03971,2930000,0
R18-03972,32760000,60000
R18-03973,11700000,40000
R18-03974,2570000,0
R18-03975,24960000,60000
R18-03976,31860000,60000
R18-03977,44810000,150000
R18-03978,61700000,150000
R18-03979,44520000,150000
R18-03980,2860000,0
R18-03981,3540000,0
R18-03982,58100000,150000
R18-03983,71950000,300000
R18-03984,99350000,300000
R18-03985,52450000,150000
R18-03986,146490000,600000
R18-03987,32740000,60000
R18-03988,34090000,150000
R18-03989,72960000,300000
R18-03990,30080000,60000
R18-03991,32290000,60000
R18-03992,53270000,150000
R18-03993,31830000,60000
R18-03994,43240000,150000
R18-03995,1270000,0
R18-03996,82550000,300000
R18-03997,26000000,60000
R18-03998,15320000,40000
R18-03999,18970000,40000
R18-04000,21020000,60000
R18-04001,4600000,0
R18-04002,54970000,150000
R18-04003,91330000,300000
R18-04004,135930000,600000
R18-04005,14160000,40000
R18-04006,86660000,300000
R18-04007,30230000,60000
R18-04008,25930000,60000
R18-04009,54000000,150000
R18-04010,2500000,0
R18-04011,71320000,300000
R18-04012,51630000,150000
R18-04013,32210000,60000
R18-04014,33530000,150000
R18-04015,7590000,20000
R18-04016,13590000,40000
R18-04017,17170000,40000
R18-04018,24020000,60000
R18-04019,12270000,40000
R18-04020,11350000,40000
R18-04021,33150000,60000
R18-04022,117150000,300000
R18-04023,27220000,60000
R18-04024,57690000,150000
R18-04025,52800000,150000
R18-04026,35880000,150000
R18-04027,11900000,40000
R18-04028,63790000,150000
R18-04029,63360000,150000
R18-04030,41970000,150000
R18-04031,35760000,150000
R18-04032,93060000,300000
R18-04033,3680000,0
R18-04034,62250000,150000
R18-04035,33970000,150000
R18-04036,50930000,150000
R18-04037,33270000,60000
R18-04038,27580000,60000
R18-04039,62580000,150000
R18-04040,1520000,0
R18-04041,31810000,60000
R18-04042,13920000,40000
R18-04043,63310000,150000
R18-04044,31700000,60000
R18-04045,9250000,20000
R18-04046,2970000,0
R18-04047,43540000,150000
R18-04048,11390000,40000
R18-04049,43600000,150000
R18-04050,107840000,300000
R18-04051,23690000,60000
R18-04052,51450000,150000
R18-04053,23660000,60000
R18-04054,43160000,150000
R18-04055,1610000,0
R18-04056,27610000,60000
R18-04057,63840000,150000
R18-04058,54230000,150000
R18-04059,75480000,300000
R18-04060,28430000,60000
R18-04061,44440000,150000
R18-04062,46340000,150000
R18-04063,134430000,600000
R18-04064,8540000,20000
R18-04065,52760000,150000
R18-04066,15770000,40000
R18-04067,32800000,60000
R18-04068,32330000,60000
R18-04069,70690000,300000
R18-04070,62630000,150000
R18-04071,121260000,300000
R18-04072,33330000,60000
R18-04073,32760000,60000
R18-04074,39170000,150000
R18-04075,73520000,300000
R18-04076,73650000,300000
R18-04077,9450000,20000
R18-04078,54460000,150000
R18-04079,50960000,150000
R18-04080,84940000,300000
R18-04081,62380000,150000
R18-04082,4920000,0
R18-04083,5990000,20000
R18-04084,18230000,40000
R18-04085,35020000,150000
R18-04086,50880000,150000
R18-04087,86080000,300000
R18-04088,46990000,150000
R18-04089,48040000,150000
R18-04090,2960000,0
R18-04091,5550000,20000
R18-04092,35270000,150000
R18-04093,26050000,60000
R18-04094,12380000,40000
R18-04095,23610000,60000
R18-04096,1620000,0
R18-04097,22090000,60000
R18-04098,16480000,40000
R18-04099,2700000,0
R18-04100,16160000,40000
R18-04101,52780000,150000
R18-04102,6220000,20000
R18-04103,26500000,60000
R18-04104,61880000,150000
R18-04105,21680000,60000
R18-04106,40750000,150000
R18-04107,49010000,150000
R18-04108,22110000,60000
R18-04109,42980000,150000
R18-04110,2210000,0
R18-04111,92410000,300000
R18-04112,82460000,300000
R18-04113,15970000,40000
R18-04114,34400000,150000
R18-04115,23860000,60000
R18-04116,85400000,300000
R18-04117,52110000,150000
R18-04118,54590000,150000
R18-04119,15400000,40000
R18-04120,68860000,300000
R18-04121,32500000,60000
R18-04122,10890000,40000
R18-04123,47730000,150000
R18-04124,15560000,40000
R18-04125,6050000,20000
R18-04126,3220000,0
R18-04127,21490000,60000
R18-04128,84680000,300000
R18-04129,7330000,20000
R18-04130,91800000,300000
R18-04131,85890000,300000
R18-04132,64730000,150000
R18-04133,33880000,150000
R18-04134,15800000,40000
R18-04135,22080000,60000
R18-04136,45730000,150000
R18-04137,44800000,150000
R18-04138,157170000,600000
R18-04139,3300000,0
R18-04140,12850000,40000
R18-04141,72590000,300000
R18-04142,1640000,0
R18-04143,47820000,150000
R18-04144,1280000,0
R18-04145,2790000,0
R18-04146,19280000,40000
R18-04147,37070000,150000
R18-04148,14960000,40000
R18-04149,7040000,20000
R18-04150,14890000,40000
R18-04151,68070000,300000
R18-04152,30530000,60000
R18-04153,2870000,0
R18-04154,51540000,150000
R18-04155,52200000,150000
R18-04156,30720000,60000
R18-04157,24280000,60000
R18-04158,29180000,60000
R18-04159,102490000,300000
R18-04160,22700000,60000
R18-04161,17710000,40000
R18-04162,2140000,0
R18-04163,26200000,60000
R18-04164,57550000,150000
R18-04165,40320000,150000
R18-04166,33860000,150000
R18-04167,48000000,150000
R18-04168,32460000,60000
R18-04169,3510000,0
R18-04170,61190000,150000
R18-04171,22950000,60000
R18-04172,31520000,60000
R18-04173,42490000,150000
R18-04174,2550000,0
R18-04175,32360000,60000
R18-04176,42990000,150000
R18-04177,14690000,40000
R18-04178,5260000,20000
R18-04179,32830000,60000
R18-04180,4680000,0
R18-04181,55740000,150000
R18-04182,123200000,300000
R18-04183,46270000,150000
R18-04184,38630000,150000
R18-04185,30770000,60000
R18-04186,121410000,300000
R18-04187,25110000,60000
R18-04188,15840000,40000
R18-04189,63790000,150000
R18-04190,35900000,150000
R18-04191,22270000,60000
R18-04192,2430000,0
R18-04193,64290000,150000
R18-04194,146060000,600000
R18-04195,33820000,150000
R18-04196,2800000,0
R18-04197,51800000,150000
R18-04198,52880000,150000
R18-04199,83590000,300000
R18-04200,41740000,150000
R18-04201,10920000,40000
R18-04202,14310000,40000
R18-04203,71430000,300000
R18-04204,6830000,20000
R18-04205,62100000,150000
R18-04206,52430000,150000
R18-04207,72600000,300000
R18-04208,55730000,150000
