고객ID,타사이전금액,혜택금액
R00-00000,95000000,300000
R00-00001,2760000,0
R00-00002,51180000,150000
R00-00003,92790000,300000
R00-00004,37760000,150000
R00-00005,157980000,600000
R00-00006,104950000,300000
R00-00007,43750000,150000
R00-00008,72160000,300000
R00-00009,38240000,150000
R00-00010,83090000,300000
R00-00011,66700000,300000
R00-00012,32530000,60000
R00-00013,26800000,60000
R00-00014,32140000,60000
R00-00015,95440000,300000
R00-00016,23300000,60000
R00-00017,52910000,150000
R00-00018,54920000,150000
R00-00019,930000,0
R00-00020,28470000,60000
R00-00021,64150000,150000
R00-00022,81140000,300000
R00-00023,5950000,20000
R00-00024,13090000,40000
R00-00025,52170000,150000
R00-00026,32570000,60000
R00-00027,29020000,60000
R00-00028,1830000,0
R00-00029,41880000,150000
R00-00030,3650000,0
R00-00031,61880000,150000
R00-00032,42300000,150000
R00-00033,24440000,60000
R00-00034,22760000,60000
R00-00035,63540000,150000
R00-00036,5570000,20000
R00-00037,34250000,150000
R00-00038,17530000,40000
R00-00039,11850000,40000
R00-00040,56040000,150000
R00-00041,4130000,0
R00-00042,93060000,300000
R00-00043,890000,0
R00-00044,53240000,150000
R00-00045,20650000,60000
R00-00046,21620000,60000
R00-00047,62330000,150000
R00-00048,27840000,60000
R00-00049,16500000,40000
R00-00050,24000000,60000
R00-00051,22770000,60000
R00-00052,95740000,300000
R00-00053,51270000,150000
R00-00054,52610000,150000
R00-00055,6220000,20000
R00-00056,76880000,300000
R00-00057,118980000,300000
R00-00058,72260000,300000
R00-00059,2620000,0
R00-00060,64520000,150000
R00-00061,71960000,300000
R00-00062,76880000,300000
R00-00063,60460000,150000
R00-00064,10940000,40000
R00-00065,7190000,20000
R00-00066,43420000,150000
R00-00067,4570000,0
R00-00068,4000000,0
R00-00069,41740000,150000
R00-00070,3870000,0
R00-00071,13570000,40000
R00-00072,54560000,150000
R00-00073,82870000,300000
R00-00074,82770000,300000
R00-00075,43910000,150000
R00-00076,25930000,60000
R00-00077,10700000,40000
R00-00078,63150000,150000
R00-00079,58190000,150000
R00-00080,14760000,40000
R00-00081,53410000,150000
R00-00082,114500000,300000
R00-00083,70860000,300000
R00-00084,14000000,40000
R00-00085,63030000,150000
R00-00086,51960000,150000
R00-00087,14200000,40000
R00-00088,74530000,300000
R00-00089,1790000,0
R00-00090,64430000,150000
R00-00091,91650000,300000
R00-00092,56900000,150000
R00-00093,86140000,300000
R00-00094,138090000,600000
R00-00095,106210000,300000
R00-00096,26030000,60000
R00-00097,35340000,150000
R00-00098,25940000,60000
R00-00099,52440000,150000
R00-00100,40680000,150000
R00-00101,87280000,300000
R00-00102,24020000,60000
R00-00103,40460000,150000
R00-00104,95060000,300000
R00-00105,3900000,0
R00-00106,1420000,0
R00-00107,16750000,40000
R00-00108,60440000,150000
R00-00109,48910000,150000
R00-00110,78070000,300000
R00-00111,13120000,40000
R00-00112,51460000,150000
R00-00113,54430000,150000
R00-00114,1810000,0
R00-00115,1700000,0
R00-00116,61280000,150000
R00-00117,52530000,150000
R00-00118,25310000,60000
R00-00119,4360000,0
R00-00120,13740000,40000
R00-00121,84700000,300000
R00-00122,31860000,60000
R00-00123,22160000,60000
R00-00124,24330000,60000
R00-00125,73180000,300000
R00-00126,44650000,150000
R00-00127,74270000,300000
R00-00128,55780000,150000
R00-00129,112650000,300000
R00-00130,1050000,0
R00-00131,8430000,20000
R00-00132,64300000,150000
R00-00133,62050000,150000
R00-00134,9720000,20000
R00-00135,32080000,60000
R00-00136,22880000,60000
R00-00137,114320000,300000
R00-00138,5200000,20000
R00-00139,23080000,60000
R00-00140,43290000,150000
R00-00141,91440000,300000
R00-00142,22910000,60000
R00-00143,22270000,60000
R00-00144,65690000,150000
R00-00145,11280000,40000
R00-00146,31360000,60000
R00-00147,75880000,300000
R00-00148,107670000,300000
R00-00149,32330000,60000
R00-00150,20770000,60000
R00-00151,72870000,300000
R00-00152,8230000,20000
R00-00153,31320000,60000
R00-00154,42290000,150000
R00-00155,9070000,20000
R00-00156,74960000,300000
R00-00157,96510000,300000
R00-00158,113730000,300000
R00-00159,66840000,300000
R00-00160,16210000,40000
R00-00161,93580000,300000
R00-00162,45530000,150000
R00-00163,81550000,300000
R00-00164,73910000,300000
R00-00165,55090000,150000
R00-00166,42400000,150000
R00-00167,71040000,300000
R00-00168,104470000,300000
R00-00169,33480000,150000
R00-00170,91520000,300000
R00-00171,14030000,40000
R00-00172,11410000,40000
R00-00173,96600000,300000
R00-00174,20660000,60000
R00-00175,81210000,300000
R00-00176,3530000,0
R00-00177,6380000,20000
R00-00178,41920000,150000
R00-00179,55590000,150000
R00-00180,36940000,150000
R00-00181,34420000,150000
R00-00182,8360000,20000
R00-00183,23200000,60000
R00-00184,106350000,300000
R00-00185,64240000,150000
R00-00186,20550000,60000
R00-00187,6080000,20000
R00-00188,22980000,60000
R00-00189,21950000,60000
R00-00190,3710000,0
R00-00191,141170000,600000
R00-00192,61300000,150000
R00-00193,95730000,300000
R00-00194,44050000,150000
R00-00195,92370000,300000
R00-00196,62250000,150000
R00-00197,5990000,20000
R00-00198,14210000,40000
R00-00199,43620000,150000
R00-00200,2270000,0
R00-00201,71830000,300000
R00-00202,10510000,40000
R00-00203,52140000,150000
R00-00204,132090000,300000
R00-00205,68390000,300000
R00-00206,14470000,40000
R00-00207,3410000,0
R00-00208,760000,0
R00-00209,2800000,0
R00-00210,23420000,60000
R00-00211,2250000,0
R00-00212,41890000,150000
R00-00213,18640000,40000
R00-00214,13430000,40000
R00-00215,52010000,150000
R00-00216,56410000,150000
R00-00217,52020000,150000
R00-00218,44920000,150000
R00-00219,25140000,60000
R00-00220,92530000,300000
R00-00221,35060000,150000
R00-00222,40860000,150000
R00-00223,4170000,0
R00-00224,71530000,300000
R00-00225,15090000,40000
R00-00226,12020000,40000
R00-00227,27130000,60000
R00-00228,85660000,300000
R00-00229,62960000,150000
R00-00230,20920000,60000
R00-00231,102260000,300000
R00-00232,36090000,150000
R00-00233,11700000,40000
R00-00234,1810000,0
R00-00235,78550000,300000
R00-00236,52350000,150000
R00-00237,15730000,40000
R00-00238,23520000,60000
R00-00239,65700000,150000
R00-00240,11990000,40000
R00-00241,68950000,300000
R00-00242,71030000,300000
R00-00243,64320000,150000
R00-00244,70850000,300000
R00-00245,44710000,150000
R00-00246,14390000,40000
R00-00247,16410000,40000
R00-00248,74360000,300000
R00-00249,1150000,0
R00-00250,66030000,150000
R00-00251,5340000,20000
R00-00252,14380000,40000
R00-00253,11410000,40000
R00-00254,3530000,0
R00-00255,66960000,300000
R00-00256,2730000,0
R00-00257,23290000,60000
R00-00258,9850000,20000
R00-00259,61590000,150000
R00-00260,90390000,300000
R00-00261,101740000,300000
R00-00262,1420000,0
R00-00263,121890000,300000
R00-00264,77560000,300000
R00-00265,5280000,20000
R00-00266,171360000,600000
R00-00267,4960000,0
R00-00268,57620000,150000
R00-00269,91770000,300000
R00-00270,62090000,150000
R00-00271,44950000,150000
R00-00272,43250000,150000
R00-00273,83170000,300000
R00-00274,22400000,60000
R00-00275,42260000,150000
R00-00276,7600000,20000
R00-00277,20460000,60000
R00-00278,53760000,150000
R00-00279,33270000,60000
R00-00280,25330000,60000
R00-00281,31920000,60000
R00-00282,56160000,150000
R00-00283,2970000,0
R00-00284,1870000,0
R00-00285,1260000,0
R00-00286,13830000,40000
R00-00287,62280000,150000
R00-00288,13820000,40000
R00-00289,94560000,300000
R00-00290,15630000,40000
R00-00291,3630000,0
R00-00292,33470000,150000
R00-00293,56910000,150000
R00-00294,37520000,150000
R00-00295,31590000,60000
R00-00296,6200000,20000
R00-00297,950000,0
R00-00298,34700000,150000
R00-00299,115640000,300000
R00-00300,3430000,0
R00-00301,32780000,60000
R00-00302,4630000,0
R00-00303,34370000,150000
R00-00304,46760000,150000
R00-00305,21960000,60000
R00-00306,2510000,0
R00-00307,32940000,60000
R00-00308,25160000,60000
R00-00309,7500000,20000
R00-00310,115000000,300000
R00-00311,4250000,0
R00-00312,6760000,20000
R00-00313,86030000,300000
R00-00314,11850000,40000
R00-00315,54580000,150000
R00-00316,23980000,60000
R00-00317,85100000,300000
R00-00318,92280000,300000
R00-00319,29210000,60000
R00-00320,8050000,20000
R00-00321,35900000,150000
R00-00322,1400000,0
R00-00323,44330000,150000
R00-00324,39390000,150000
R00-00325,53820000,150000
R00-00326,57460000,150000
R00-00327,8690000,20000
R00-00328,101490000,300000
R00-00329,23670000,60000
R00-00330,83810000,300000
R00-00331,4730000,0
R00-00332,83090000,300000
R00-00333,51760000,150000
R00-00334,23510000,60000
R00-00335,31950000,60000
R00-00336,670000,0
R00-00337,85660000,300000
R00-00338,44590000,150000
R00-00339,173960000,600000
R00-00340,93820000,300000
R00-00341,11970000,40000
R00-00342,40560000,150000
R00-00343,34180000,150000
R00-00344,66190000,150000
R00-00345,66100000,150000
R00-00346,41840000,150000
R00-00347,11560000,40000
R00-00348,43330000,150000
R00-00349,45290000,150000
R00-00350,71770000,300000
R00-00351,64020000,150000
R00-00352,2820000,0
R00-00353,24200000,60000
R00-00354,43040000,150000
R00-00355,22050000,60000
R00-00356,13930000,40000
R00-00357,20520000,60000
R00-00358,2520000,0
R00-00359,73050000,300000
R00-00360,14220000,40000
R00-00361,22410000,60000
R00-00362,24220000,60000
R00-00363,31460000,60000
R00-00364,31560000,60000
R00-00365,22220000,60000
R00-00366,41380000,150000
R00-00367,44630000,150000
R00-00368,47260000,150000
R00-00369,137050000,600000
R00-00370,112620000,300000
R00-00371,41330000,150000
R00-00372,2440000,0
R00-00373,23290000,60000
R00-00374,93150000,300000
R00-00375,64940000,150000
R00-00376,113230000,300000
R00-00377,82030000,300000
R00-00378,34950000,150000
R00-00379,7170000,20000
R00-00380,94270000,300000
R00-00381,17810000,40000
R00-00382,46810000,150000
R00-00383,82640000,300000
R00-00384,22060000,60000
R00-00385,23000000,60000
R00-00386,93160000,300000
R00-00387,12320000,40000
R00-00388,22460000,60000
R00-00389,9270000,20000
R00-00390,32490000,60000
R00-00391,32950000,60000
R00-00392,26060000,60000
R00-00393,53390000,150000
R00-00394,31950000,60000
R00-00395,34200000,150000
R00-00396,12520000,40000
R00-00397,4380000,0
R00-00398,41540000,150000
R00-00399,5140000,20000
R00-00400,6380000,20000
R00-00401,68940000,300000
R00-00402,12340000,40000
R00-00403,13910000,40000
R00-00404,67460000,300000
R00-00405,16780000,40000
R00-00406,51320000,150000
R00-00407,23230000,60000
R00-00408,44090000,150000
R00-00409,65160000,150000
R00-00410,8030000,20000
R00-00411,32380000,60000
R00-00412,42990000,150000
R00-00413,31810000,60000
R00-00414,42430000,150000
R00-00415,122050000,300000
R00-00416,51630000,150000
R00-00417,36910000,150000
R00-00418,54620000,150000
R00-00419,42690000,150000
R00-00420,32620000,60000
R00-00421,31610000,60000
R00-00422,43750000,150000
R00-00423,4660000,0
R00-00424,11850000,40000
R00-00425,102750000,300000
R00-00426,39140000,150000
R00-00427,1840000,0
R00-00428,69230000,300000
R00-00429,15040000,40000
R00-00430,14830000,40000
R00-00431,33950000,150000
R00-00432,32330000,60000
R00-00433,74430000,300000
R00-00434,90440000,300000
R00-00435,4130000,0
R00-00436,35410000,150000
R00-00437,63980000,150000
R00-00438,96800000,300000
R00-00439,21420000,60000
R00-00440,250000,0
R00-00441,14550000,40000
R00-00442,4200000,0
R00-00443,31760000,60000
R00-00444,86980000,300000
R00-00445,64780000,150000
R00-00446,71620000,300000
R00-00447,33160000,60000
R00-00448,6580000,20000
R00-00449,22460000,60000
R00-00450,26800000,60000
R00-00451,117860000,300000
R00-00452,56300000,150000
R00-00453,31890000,60000
R00-00454,36820000,150000
R00-00455,5130000,20000
R00-00456,32750000,60000
R00-00457,52710000,150000
R00-00458,28870000,60000
R00-00459,21290000,60000
R00-00460,3080000,0
R00-00461,19680000,40000
R00-00462,145540000,600000
R00-00463,84230000,300000
R00-00464,64830000,150000
R00-00465,147840000,600000
R00-00466,46080000,150000
R00-00467,63980000,150000
R00-00468,94620000,300000
R00-00469,21920000,60000
R00-00470,17620000,40000
R00-00471,32440000,60000
R00-00472,44180000,150000
R00-00473,76690000,300000
R00-00474,5310000,20000
R00-00475,32180000,60000
R00-00476,27920000,60000
R00-00477,88190000,300000
R00-00478,16040000,40000
R00-00479,12770000,40000
R00-00480,235250000,1000000
R00-00481,35810000,150000
R00-00482,2700000,0
R00-00483,92640000,300000
R00-00484,13030000,40000
R00-00485,1740000,0
R00-00486,42790000,150000
R00-00487,1220000,0
R00-00488,17680000,40000
R00-00489,109690000,300000
R00-00490,16350000,40000
R00-00491,42370000,150000
R00-00492,71850000,300000
R00-00493,2130000,0
R00-00494,12260000,40000
R00-00495,36440000,150000
R00-00496,14230000,40000
R00-00497,55320000,150000
R00-00498,31540000,60000
R00-00499,73970000,300000
R00-00500,73530000,300000
R00-00501,86460000,300000
R00-00502,2110000,0
R00-00503,156520000,600000
R00-00504,3940000,0
R00-00505,56080000,150000
R00-00506,45150000,150000
R00-00507,23610000,60000
R00-00508,8150000,20000
R00-00509,32590000,60000
R00-00510,2660000,0
R00-00511,2590000,0
R00-00512,23390000,60000
R00-00513,137410000,600000
R00-00514,13380000,40000
R00-00515,2280000,0
R00-00516,23990000,60000
R00-00517,52890000,150000
R00-00518,125680000,300000
R00-00519,14990000,40000
R00-00520,25520000,60000
R00-00521,103550000,300000
R00-00522,76730000,300000
R00-00523,24890000,60000
R00-00524,43520000,150000
R00-00525,23360000,60000
R00-00526,38790000,150000
R00-00527,82320000,300000
R00-00528,33170000,60000
R00-00529,52520000,150000
R00-00530,10870000,40000
R00-00531,106190000,300000
R00-00532,96330000,300000
R00-00533,16000000,40000
R00-00534,44530000,150000
R00-00535,13180000,40000
R00-00536,64380000,150000
R00-00537,84250000,300000
R00-00538,16370000,40000
R00-00539,63830000,150000
R00-00540,36620000,150000
R00-00541,148410000,600000
R00-00542,12790000,40000
R00-00543,42760000,150000
R00-00544,35240000,150000
R00-00545,1370000,0
R00-00546,49840000,150000
R00-00547,64450000,150000
R00-00548,50520000,150000
R00-00549,42960000,150000
R00-00550,93800000,300000
R00-00551,27340000,60000
R00-00552,27470000,60000
R00-00553,37690000,150000
R00-00554,17280000,40000
R00-00555,64000000,150000
R00-00556,54670000,150000
R00-00557,115620000,300000
R00-00558,116060000,300000
R00-00559,75160000,300000
R00-00560,5050000,20000
R00-00561,4270000,0
R00-00562,133840000,600000
R00-00563,54680000,150000
R00-00564,67020000,300000
R00-00565,52280000,150000
R00-00566,16300000,40000
R00-00567,63800000,150000
R00-00568,34590000,150000
R00-00569,32880000,60000
R00-00570,6570000,20000
R00-00571,41620000,150000
R00-00572,102710000,300000
R00-00573,82320000,300000
R00-00574,54070000,150000
R00-00575,12920000,40000
R00-00576,7500000,20000
R00-00577,172730000,600000
R00-00578,70210000,300000
R00-00579,53090000,150000
R00-00580,17110000,40000
R00-00581,2560000,0
R00-00582,84730000,300000
R00-00583,71320000,300000
R00-00584,1490000,0
R00-00585,111770000,300000
R00-00586,32340000,60000
R00-00587,31560000,60000
R00-00588,10960000,40000
R00-00589,22590000,60000
R00-00590,44400000,150000
R00-00591,25330000,60000
R00-00592,15590000,40000
R00-00593,55010000,150000
R00-00594,24730000,60000
R00-00595,75470000,300000
R00-00596,64970000,150000
R00-00597,22680000,60000
R00-00598,72060000,300000
R00-00599,21920000,60000
R00-00600,23800000,60000
R00-00601,2530000,0
R00-00602,101800000,300000
R00-00603,21420000,60000
R00-00604,64580000,150000
R00-00605,42220000,150000
R00-00606,5600000,20000
R00-00607,72620000,300000
R00-00608,21280000,60000
R00-00609,4710000,0
R00-00610,7430000,20000
R00-00611,4770000,0
R00-00612,44090000,150000
R00-00613,23390000,60000
R00-00614,72360000,300000
R00-00615,136970000,600000
R00-00616,63580000,150000
R00-00617,32890000,60000
R00-00618,66220000,150000
R00-00619,43330000,150000
R00-00620,53620000,150000
R00-00621,82350000,300000
R00-00622,82770000,300000
R00-00623,54260000,150000
R00-00624,680000,0
R00-00625,14030000,40000
R00-00626,36030000,150000
R00-00627,72010000,300000
R00-00628,42280000,150000
R00-00629,81180000,300000
R00-00630,37870000,150000
R00-00631,18580000,40000
R00-00632,71550000,300000
R00-00633,22220000,60000
R00-00634,43020000,150000
R00-00635,105780000,300000
R00-00636,134150000,600000
R00-00637,35450000,150000
R00-00638,56290000,150000
R00-00639,1520000,0
R00-00640,22020000,60000
R00-00641,55440000,150000
R00-00642,123370000,300000
R00-00643,6060000,20000
R00-00644,12090000,40000
R00-00645,32330000,60000
R00-00646,51290000,150000
R00-00647,11790000,40000
R00-00648,31870000,60000
R00-00649,13880000,40000
R00-00650,5930000,20000
R00-00651,96360000,300000
R00-00652,41510000,150000
R00-00653,37600000,150000
R00-00654,86680000,300000
R00-00655,44840000,150000
R00-00656,8860000,20000
R00-00657,12230000,40000
R00-00658,25880000,60000
R00-00659,3830000,0
R00-00660,34250000,150000
R00-00661,105130000,300000
R00-00662,14040000,40000
R00-00663,63480000,150000
R00-00664,44930000,150000
R00-00665,8310000,20000
R00-00666,61720000,150000
R00-00667,85720000,300000
R00-00668,32470000,60000
R00-00669,57500000,150000
R00-00670,4970000,0
R00-00671,61640000,150000
R00-00672,57760000,150000
R00-00673,3170000,0
R00-00674,53540000,150000
R00-00675,28840000,60000
R00-00676,75160000,300000
R00-00677,32520000,60000
R00-00678,14120000,40000
R00-00679,1570000,0
R00-00680,58090000,150000
R00-00681,52950000,150000
R00-00682,92980000,300000
R00-00683,51020000,150000
R00-00684,52650000,150000
R00-00685,30450000,60000
R00-00686,61290000,150000
R00-00687,73660000,300000
R00-00688,35450000,150000
R00-00689,94020000,300000
R00-00690,54720000,150000
R00-00691,16360000,40000
R00-00692,24980000,60000
R00-00693,33950000,150000
R00-00694,21970000,60000
R00-00695,97260000,300000
R00-00696,14080000,40000
R00-00697,55350000,150000
R00-00698,136410000,600000
R00-00699,172200000,600000
R00-00700,72780000,300000
R00-00701,75270000,300000
R00-00702,45930000,150000
R00-00703,56610000,150000
R00-00704,48160000,150000
R00-00705,84780000,300000
R00-00706,46600000,150000
R00-00707,1260000,0
R00-00708,71500000,300000
R00-00709,53650000,150000
R00-00710,22720000,60000
R00-00711,13460000,40000
R00-00712,7450000,20000
R00-00713,3510000,0
R00-00714,27490000,60000
R00-00715,1810000,0
R00-00716,52070000,150000
R00-00717,25690000,60000
R00-00718,60520000,150000
R00-00719,102870000,300000
R00-00720,2200000,0
R00-00721,14310000,40000
R00-00722,23380000,60000
R00-00723,21240000,60000
R00-00724,23800000,60000
R00-00725,12850000,40000
R00-00726,62890000,150000
R00-00727,21430000,60000
R00-00728,16640000,40000
R00-00729,37290000,150000
R00-00730,53490000,150000
R00-00731,1880000,0
R00-00732,31940000,60000
R00-00733,51440000,150000
R00-00734,112220000,300000
R00-00735,54700000,150000
R00-00736,34850000,150000
R00-00737,11140000,40000
R00-00738,62350000,150000
R00-00739,96740000,300000
R00-00740,22690000,60000
R00-00741,22900000,60000
R00-00742,133140000,300000
R00-00743,3890000,0
R00-00744,4430000,0
R00-00745,23090000,60000
R00-00746,63090000,150000
R00-00747,37710000,150000
R00-00748,24800000,60000
R00-00749,22290000,60000
R00-00750,44390000,150000
R00-00751,17250000,40000
R00-00752,63850000,150000
R00-00753,63770000,150000
R00-00754,4850000,0
R00-00755,4180000,0
R00-00756,5770000,20000
R00-00757,16070000,40000
R00-00758,70360000,300000
R00-00759,55050000,150000
R00-00760,22800000,60000
R00-00761,47320000,150000
R00-00762,13950000,40000
R00-00763,64680000,150000
R00-00764,151930000,600000
R00-00765,35240000,150000
R00-00766,4460000,0
R00-00767,3980000,0
R00-00768,6560000,20000
R00-00769,13350000,40000
R00-00770,102470000,300000
R00-00771,75710000,300000
R00-00772,3110000,0
R00-00773,54940000,150000
R00-00774,88660000,300000
R00-00775,43310000,150000
R00-00776,93060000,300000
R00-00777,38160000,150000
R00-00778,23200000,60000
R00-00779,25040000,60000
R00-00780,55680000,150000
R00-00781,84040000,300000
R00-00782,54060000,150000
R00-00783,63900000,150000
R00-00784,31690000,60000
R00-00785,92510000,300000
R00-00786,35130000,150000
R00-00787,96320000,300000
R00-00788,17130000,40000
R00-00789,63140000,150000
R00-00790,57360000,150000
R00-00791,32280000,60000
R00-00792,5040000,20000
R00-00793,74400000,300000
R00-00794,32190000,60000
R00-00795,3870000,0
R00-00796,33810000,150000
R00-00797,3420000,0
R00-00798,44360000,150000
R00-00799,83190000,300000
R00-00800,73690000,300000
R00-00801,23420000,60000
R00-00802,47770000,150000
R00-00803,61010000,150000
R00-00804,114080000,300000
R00-00805,12060000,40000
R00-00806,16570000,40000
R00-00807,40960000,150000
R00-00808,32320000,60000
R00-00809,5790000,20000
R00-00810,27150000,60000
R00-00811,91000000,300000
R00-00812,12880000,40000
R00-00813,5310000,20000
R00-00814,22260000,60000
R00-00815,2170000,0
R00-00816,6470000,20000
R00-00817,13680000,40000
R00-00818,95520000,300000
R00-00819,1680000,0
R00-00820,54250000,150000
R00-00821,39130000,150000
R00-00822,21380000,60000
R00-00823,51510000,150000
R00-00824,48010000,150000
R00-00825,81100000,300000
R00-00826,34330000,150000
R00-00827,53640000,150000
R00-00828,13840000,40000
R00-00829,21710000,60000
R00-00830,36280000,150000
R00-00831,117980000,300000
R00-00832,91310000,300000
R00-00833,31400000,60000
R00-00834,74730000,300000
R00-00835,26050000,60000
R00-00836,24000000,60000
R00-00837,35920000,150000
R00-00838,32080000,60000
R00-00839,42240000,150000
R00-00840,64170000,150000
R00-00841,102370000,300000
R00-00842,71480000,300000
R00-00843,32260000,60000
R00-00844,2570000,0
R00-00845,21940000,60000
R00-00846,71280000,300000
R00-00847,23830000,60000
R00-00848,27880000,60000
R00-00849,25500000,60000
R00-00850,10630000,40000
R00-00851,56370000,150000
R00-00852,6160000,20000
R00-00853,36120000,150000
R00-00854,1680000,0
R00-00855,4600000,0
R00-00856,33000000,60000
R00-00857,15290000,40000
R00-00858,43230000,150000
R00-00859,42860000,150000
R00-00860,75200000,300000
R00-00861,62700000,150000
R00-00862,23750000,60000
R00-00863,3090000,0
R00-00864,134520000,600000
R00-00865,23110000,60000
R00-00866,3470000,0
R00-00867,3230000,0
R00-00868,32380000,60000
R00-00869,17640000,40000
R00-00870,11660000,40000
R00-00871,64600000,150000
R00-00872,32350000,60000
R00-00873,33050000,60000
R00-00874,23770000,60000
R00-00875,61730000,150000
R00-00876,66480000,150000
R00-00877,34480000,150000
R00-00878,61810000,150000
R00-00879,20200000,60000
R00-00880,780000,0
R00-00881,61310000,150000
R00-00882,51230000,150000
R00-00883,95790000,300000
R00-00884,23740000,60000
R00-00885,52590000,150000
R00-00886,15730000,40000
R00-00887,41200000,150000
R00-00888,58160000,150000
R00-00889,5650000,20000
R00-00890,45440000,150000
R00-00891,74520000,300000
R00-00892,67140000,300000
R00-00893,23010000,60000
R00-00894,15010000,40000
R00-00895,33430000,150000
R00-00896,35370000,150000
R00-00897,3730000,0
R00-00898,13170000,40000
R00-00899,84400000,300000
R00-00900,98110000,300000
R00-00901,86580000,300000
R00-00902,76120000,300000
R00-00903,54470000,150000
R00-00904,1990000,0
R00-00905,57360000,150000
R00-00906,4370000,0
R00-00907,15630000,40000
R00-00908,34700000,150000
R00-00909,32430000,60000
R00-00910,11420000,40000
R00-00911,53110000,150000
R00-00912,3510000,0
R00-00913,22030000,60000
R00-00914,92740000,300000
R00-00915,30760000,60000
R00-00916,43090000,150000
R00-00917,5060000,20000
R00-00918,105100000,300000
R00-00919,1720000,0
R00-00920,31770000,60000
R00-00921,21070000,60000
R00-00922,35370000,150000
R00-00923,39280000,150000
R00-00924,12920000,40000
R00-00925,13020000,40000
R00-00926,44500000,150000
R00-00927,27170000,60000
R00-00928,23000000,60000
R00-00929,36320000,150000
R00-00930,56500000,150000
R00-00931,94160000,300000
R00-00932,12860000,40000
R00-00933,22680000,60000
R00-00934,23690000,60000
R00-00935,17020000,40000
R00-00936,122050000,300000
R00-00937,68000000,300000
R00-00938,52450000,150000
R00-00939,25800000,60000
R00-00940,24080000,60000
R00-00941,41280000,150000
R00-00942,30540000,60000
R00-00943,11340000,40000
R00-00944,1790000,0
R00-00945,3160000,0
R00-00946,105320000,300000
R00-00947,62740000,150000
R00-00948,62780000,150000
R00-00949,720000,0
R00-00950,53430000,150000
R00-00951,11550000,40000
R00-00952,12360000,40000
R00-00953,14180000,40000
R00-00954,76790000,300000
R00-00955,22860000,60000
R00-00956,14200000,40000
R00-00957,24510000,60000
R00-00958,95620000,300000
R00-00959,22760000,60000
R00-00960,73090000,300000
R00-00961,23080000,60000
R00-00962,3060000,0
R00-00963,34610000,150000
R00-00964,122840000,300000
R00-00965,54580000,150000
R00-00966,92280000,300000
R00-00967,22370000,60000
R00-00968,88040000,300000
R00-00969,1970000,0
R00-00970,24590000,60000
R00-00971,32130000,60000
R00-00972,52290000,150000
R00-00973,2930000,0
R00-00974,65150000,150000
R00-00975,23030000,60000
R00-00976,36330000,150000
R00-00977,92370000,300000
R00-00978,10930000,40000
R00-00979,60380000,150000
R00-00980,62390000,150000
R00-00981,85960000,300000
R00-00982,29300000,60000
R00-00983,42400000,150000
R00-00984,16870000,40000
R00-00985,116430000,300000
R00-00986,100820000,300000
R00-00987,4870000,0
R00-00988,34170000,150000
R00-00989,7200000,20000
R00-00990,88880000,300000
R00-00991,1020000,0
R00-00992,51570000,150000
R00-00993,62500000,150000
R00-00994,68050000,300000
R00-00995,27210000,60000
R00-00996,5100000,20000
R00-00997,88140000,300000
R00-00998,70460000,300000
R00-00999,61420000,150000
R00-01000,42770000,150000
R00-01001,41540000,150000
R00-01002,54940000,150000
R00-01003,25690000,60000
R00-01004,11130000,40000
R00-01005,52570000,150000
R00-01006,60700000,150000
R00-01007,17870000,40000
R00-01008,32180000,60000
R00-01009,16680000,40000
R00-01010,5540000,20000
R00-01011,57200000,150000
R00-01012,106290000,300000
R00-01013,41550000,150000
R00-01014,2140000,0
R00-01015,5600000,20000
R00-01016,29450000,60000
R00-01017,1960000,0
R00-01018,11960000,40000
R00-01019,104630000,300000
R00-01020,103360000,300000
R00-01021,213610000,1000000
R00-01022,92690000,300000
R00-01023,5790000,20000
R00-01024,68210000,300000
R00-01025,52670000,150000
R00-01026,5640000,20000
R00-01027,26500000,60000
R00-01028,52150000,150000
R00-01029,56530000,150000
R00-01030,22410000,60000
R00-01031,65700000,150000
R00-01032,54770000,150000
R00-01033,27760000,60000
R00-01034,61680000,150000
R00-01035,22480000,60000
R00-01036,73740000,300000
R00-01037,30910000,60000
R00-01038,45760000,150000
R00-01039,52040000,150000
R00-01040,27550000,60000
R00-01041,4170000,0
R00-01042,45060000,150000
R00-01043,2100000,0
R00-01044,13570000,40000
R00-01045,5670000,20000
R00-01046,3350000,0
R00-01047,63350000,150000
R00-01048,36610000,150000
R00-01049,45440000,150000
R00-01050,1590000,0
R00-01051,43650000,150000
R00-01052,31820000,60000
R00-01053,228960000,1000000
R00-01054,72820000,300000
R00-01055,3060000,0
R00-01056,84560000,300000
R00-01057,17700000,40000
R00-01058,56510000,150000
R00-01059,24460000,60000
R00-01060,28590000,60000
R00-01061,36460000,150000
R00-01062,4910000,0
R00-01063,121760000,300000
R00-01064,11140000,40000
R00-01065,40840000,150000
R00-01066,1610000,0
R00-01067,32100000,60000
R00-01068,35020000,150000
R00-01069,5280000,20000
R00-01070,25720000,60000
R00-01071,27280000,60000
R00-01072,11930000,40000
R00-01073,7400000,20000
R00-01074,47630000,150000
R00-01075,118820000,300000
R00-01076,51010000,150000
R00-01077,5820000,20000
R00-01078,94050000,300000
R00-01079,77490000,300000
R00-01080,75500000,300000
R00-01081,21230000,60000
R00-01082,33620000,150000
R00-01083,26990000,60000
R00-01084,55450000,150000
R00-01085,63640000,150000
R00-01086,48770000,150000
R00-01087,3560000,0
R00-01088,5340000,20000
R00-01089,86320000,300000
R00-01090,4840000,0
R00-01091,22560000,60000
R00-01092,117550000,300000
R00-01093,2560000,0
R00-01094,2520000,0
R00-01095,56910000,150000
R00-01096,34340000,150000
R00-01097,37560000,150000
R00-01098,24770000,60000
R00-01099,73130000,300000
R00-01100,3180000,0
R00-01101,82250000,300000
R00-01102,226780000,1000000
R00-01103,21850000,60000
R00-01104,40860000,150000
R00-01105,55460000,150000
R00-01106,22750000,60000
R00-01107,44630000,150000
R00-01108,62380000,150000
R00-01109,73860000,300000
R00-01110,14140000,40000
R00-01111,70480000,300000
R00-01112,40370000,150000
R00-01113,91900000,300000
R00-01114,1340000,0
R00-01115,86820000,300000
R00-01116,12600000,40000
R00-01117,14710000,40000
R00-01118,156160000,600000
R00-01119,82290000,300000
R00-01120,6660000,20000
R00-01121,58070000,150000
R00-01122,3600000,0
R00-01123,132610000,300000
R00-01124,33730000,150000
R00-01125,59100000,150000
R00-01126,23840000,60000
R00-01127,36820000,150000
R00-01128,45320000,150000
R00-01129,33760000,150000
R00-01130,43870000,150000
R00-01131,2320000,0
R00-01132,82970000,300000
R00-01133,890000,0
R00-01134,4930000,0
R00-01135,21980000,60000
R00-01136,62890000,150000
R00-01137,790000,0
R00-01138,51420000,150000
R00-01139,63100000,150000
R00-01140,34000000,150000
R00-01141,51530000,150000
R00-01142,41260000,150000
R00-01143,66760000,300000
R00-01144,2140000,0
R00-01145,52610000,150000
R00-01146,46780000,150000
R00-01147,52960000,150000
R00-01148,58350000,150000
R00-01149,145030000,600000
R00-01150,107700000,300000
R00-01151,80390000,300000
R00-01152,145000000,600000
R00-01153,22630000,60000
R00-01154,65980000,150000
R00-01155,68920000,300000
R00-01156,44960000,150000
R00-01157,6230000,20000
R00-01158,12080000,40000
R00-01159,11920000,40000
R00-01160,42750000,150000
R00-01161,5020000,20000
R00-01162,29000000,60000
R00-01163,76300000,300000
R00-01164,69450000,300000
R00-01165,13270000,40000
R00-01166,34160000,150000
R00-01167,32040000,60000
R00-01168,74300000,300000
R00-01169,11080000,40000
R00-01170,4910000,0
R00-01171,1940000,0
R00-01172,7290000,20000
R00-01173,101840000,300000
R00-01174,27280000,60000
R00-01175,13860000,40000
R00-01176,124430000,300000
R00-01177,2220000,0
R00-01178,15760000,40000
R00-01179,121410000,300000
R00-01180,60850000,150000
R00-01181,135470000,600000
R00-01182,13980000,40000
R00-01183,63290000,150000
R00-01184,37700000,150000
R00-01185,81640000,300000
R00-01186,6900000,20000
R00-01187,5420000,20000
R00-01188,24780000,60000
R00-01189,211410000,1000000
R00-01190,151390000,600000
R00-01191,56670000,150000
R00-01192,11240000,40000
R00-01193,41790000,150000
R00-01194,53540000,150000
R00-01195,4120000,0
R00-01196,83000000,300000
R00-01197,36590000,150000
R00-01198,21860000,60000
R00-01199,102900000,300000
R00-01200,35980000,150000
R00-01201,102760000,300000
R00-01202,22880000,60000
R00-01203,10880000,40000
R00-01204,7410000,20000
R00-01205,62360000,150000
R00-01206,41840000,150000
R00-01207,48930000,150000
R00-01208,4180000,0
R00-01209,12410000,40000
R00-01210,84640000,300000
R00-01211,95670000,300000
R00-01212,1910000,0
R00-01213,14240000,40000
R00-01214,32420000,60000
R00-01215,64730000,150000
R00-01216,71640000,300000
R00-01217,12280000,40000
R00-01218,32540000,60000
R00-01219,146200000,600000
R00-01220,45510000,150000
R00-01221,52080000,150000
R00-01222,56700000,150000
R00-01223,16440000,40000
R00-01224,43160000,150000
R00-01225,105300000,300000
R00-01226,77770000,300000
R00-01227,74360000,300000
R00-01228,13510000,40000
R00-01229,70930000,300000
R00-01230,14930000,40000
R00-01231,43490000,150000
R00-01232,23090000,60000
R00-01233,25260000,60000
R00-01234,51430000,150000
R00-01235,53550000,150000
R00-01236,37140000,150000
R00-01237,61520000,150000
R00-01238,20780000,60000
R00-01239,44320000,150000
R00-01240,16460000,40000
R00-01241,41510000,150000
R00-01242,98780000,300000
R00-01243,44400000,150000
R00-01244,6370000,20000
R00-01245,97380000,300000
R00-01246,53390000,150000
R00-01247,32590000,60000
R00-01248,23020000,60000
R00-01249,1250000,0
R00-01250,14170000,40000
R00-01251,68340000,300000
R00-01252,17890000,40000
R00-01253,11390000,40000
R00-01254,36130000,150000
R00-01255,111370000,300000
R00-01256,14290000,40000
R00-01257,71270000,300000
R00-01258,11410000,40000
R00-01259,980000,0
R00-01260,18780000,40000
R00-01261,1940000,0
R00-01262,35830000,150000
R00-01263,24350000,60000
R00-01264,42300000,150000
R00-01265,36930000,150000
R00-01266,13950000,40000
R00-01267,22250000,60000
R00-01268,80930000,300000
R00-01269,101270000,300000
R00-01270,25870000,60000
R00-01271,58200000,150000
R00-01272,77590000,300000
R00-01273,84500000,300000
R00-01274,24560000,60000
R00-01275,26540000,60000
R00-01276,53730000,150000
R00-01277,13130000,40000
R00-01278,43330000,150000
R00-01279,104460000,300000
R00-01280,12620000,40000
R00-01281,18060000,40000
R00-01282,27650000,60000
R00-01283,52640000,150000
R00-01284,115770000,300000
R00-01285,7700000,20000
R00-01286,3010000,0
R00-01287,13940000,40000
R00-01288,11820000,40000
R00-01289,83300000,300000
R00-01290,71010000,300000
R00-01291,15000000,40000
R00-01292,23550000,60000
R00-01293,34700000,150000
R00-01294,8330000,20000
R00-01295,73430000,300000
R00-01296,43670000,150000
R00-01297,76570000,300000
R00-01298,2710000,0
R00-01299,41870000,150000
R00-01300,24190000,60000
R00-01301,32820000,60000
R00-01302,12590000,40000
R00-01303,82590000,300000
R00-01304,860000,0
R00-01305,33830000,150000
R00-01306,63840000,150000
R00-01307,12540000,40000
R00-01308,1810000,0
R00-01309,33590000,150000
R00-01310,69430000,300000
R00-01311,27150000,60000
R00-01312,37200000,150000
R00-01313,41510000,150000
R00-01314,225950000,1000000
R00-01315,27010000,60000
R00-01316,47220000,150000
R00-01317,42300000,150000
R00-01318,61910000,150000
R00-01319,83900000,300000
R00-01320,54220000,150000
R00-01321,18810000,40000
R00-01322,32260000,60000
R00-01323,5390000,20000
R00-01324,67600000,300000
R00-01325,41740000,150000
R00-01326,71730000,300000
R00-01327,24960000,60000
R00-01328,143680000,600000
R00-01329,31560000,60000
R00-01330,149040000,600000
R00-01331,17550000,40000
R00-01332,74400000,300000
R00-01333,23000000,60000
R00-01334,61680000,150000
R00-01335,37060000,150000
R00-01336,121420000,300000
R00-01337,27050000,60000
R00-01338,33040000,60000
R00-01339,55830000,150000
R00-01340,54780000,150000
R00-01341,81470000,300000
R00-01342,50540000,150000
R00-01343,3410000,0
R00-01344,46240000,150000
R00-01345,37180000,150000
R00-01346,73050000,300000
R00-01347,48790000,150000
R00-01348,76300000,300000
R00-01349,22850000,60000
R00-01350,2260000,0
R00-01351,56330000,150000
R00-01352,1490000,0
R00-01353,64020000,150000
R00-01354,36700000,150000
R00-01355,42080000,150000
R00-01356,28510000,60000
R00-01357,72550000,300000
R00-01358,93380000,300000
R00-01359,83610000,300000
R00-01360,31740000,60000
R00-01361,31790000,60000
R00-01362,14100000,40000
R00-01363,53870000,150000
R00-01364,98200000,300000
R00-01365,54270000,150000
R00-01366,2590000,0
R00-01367,48220000,150000
R00-01368,21450000,60000
R00-01369,54960000,150000
R00-01370,24120000,60000
R00-01371,5800000,20000
R00-01372,68220000,300000
R00-01373,43390000,150000
R00-01374,1230000,0
R00-01375,124490000,300000
R00-01376,31100000,60000
R00-01377,13270000,40000
R00-01378,51300000,150000
R00-01379,56440000,150000
R00-01380,6420000,20000
R00-01381,30790000,60000
R00-01382,54850000,150000
R00-01383,32310000,60000
R00-01384,53980000,150000
R00-01385,11640000,40000
R00-01386,3570000,0
R00-01387,70560000,300000
R00-01388,26740000,60000
R00-01389,4010000,0
R00-01390,23390000,60000
R00-01391,12390000,40000
R00-01392,2460000,0
R00-01393,23260000,60000
R00-01394,53190000,150000
R00-01395,32000000,60000
R00-01396,82150000,300000
R00-01397,23240000,60000
R00-01398,3620000,0
R00-01399,124980000,300000
R00-01400,46880000,150000
R00-01401,125820000,300000
R00-01402,2470000,0
R00-01403,134930000,600000
R00-01404,71950000,300000
R00-01405,46640000,150000
R00-01406,46410000,150000
R00-01407,12040000,40000
R00-01408,14320000,40000
R00-01409,19340000,40000
R00-01410,41210000,150000
R00-01411,62760000,150000
R00-01412,8350000,20000
R00-01413,45430000,150000
R00-01414,51330000,150000
R00-01415,3190000,0
R00-01416,54540000,150000
R00-01417,23510000,60000
R00-01418,56280000,150000
R00-01419,23540000,60000
R00-01420,61970000,150000
R00-01421,56580000,150000
R00-01422,16000000,40000
R00-01423,83560000,300000
R00-01424,13130000,40000
R00-01425,36210000,150000
R00-01426,103780000,300000
R00-01427,16560000,40000
R00-01428,93120000,300000
R00-01429,105610000,300000
R00-01430,48570000,150000
R00-01431,3330000,0
R00-01432,39150000,150000
R00-01433,55300000,150000
R00-01434,25980000,60000
R00-01435,8300000,20000
R00-01436,2920000,0
R00-01437,103380000,300000
R00-01438,4280000,0
R00-01439,15600000,40000
R00-01440,23670000,60000
R00-01441,23930000,60000
R00-01442,31200000,60000
R00-01443,91600000,300000
R00-01444,84030000,300000
R00-01445,47250000,150000
R00-01446,5540000,20000
R00-01447,66410000,150000
R00-01448,33540000,150000
R00-01449,21820000,60000
R00-01450,61710000,150000
R00-01451,32350000,60000
R00-01452,53470000,150000
R00-01453,132070000,300000
R00-01454,52630000,150000
R00-01455,114800000,300000
R00-01456,14150000,40000
R00-01457,91670000,300000
R00-01458,11450000,40000
R00-01459,31410000,60000
R00-01460,12260000,40000
R00-01461,56860000,150000
R00-01462,71810000,300000
R00-01463,42320000,150000
R00-01464,35830000,150000
R00-01465,24630000,60000
R00-01466,5730000,20000
R00-01467,31850000,60000
R00-01468,4380000,0
R00-01469,4400000,0
R00-01470,54140000,150000
R00-01471,32080000,60000
R00-01472,1280000,0
R00-01473,2320000,0
R00-01474,11910000,40000
R00-01475,82050000,300000
R00-01476,41160000,150000
R00-01477,61870000,150000
R00-01478,3170000,0
R00-01479,16370000,40000
R00-01480,16340000,40000
R00-01481,12200000,40000
R00-01482,25620000,60000
R00-01483,2780000,0
R00-01484,2440000,0
R00-01485,61370000,150000
R00-01486,2870000,0
R00-01487,4940000,0
R00-01488,64400000,150000
R00-01489,6050000,20000
R00-01490,76240000,300000
R00-01491,57030000,150000
R00-01492,52910000,150000
R00-01493,33820000,150000
R00-01494,4000000,0
R00-01495,13600000,40000
R00-01496,30350000,60000
R00-01497,21110000,60000
R00-01498,13750000,40000
R00-01499,94490000,300000
R00-01500,24660000,60000
R00-01501,6770000,20000
R00-01502,32720000,60000
R00-01503,47840000,150000
R00-01504,41060000,150000
R00-01505,77390000,300000
R00-01506,51690000,150000
R00-01507,92970000,300000
R00-01508,6080000,20000
R00-01509,31330000,60000
R00-01510,33890000,150000
R00-01511,18900000,40000
R00-01512,2050000,0
R00-01513,15760000,40000
R00-01514,21720000,60000
R00-01515,40590000,150000
R00-01516,84290000,300000
R00-01517,48070000,150000
R00-01518,104170000,300000
R00-01519,90810000,300000
R00-01520,55090000,150000
R00-01521,8770000,20000
R00-01522,3310000,0
R00-01523,106070000,300000
R00-01524,3250000,0
R00-01525,52960000,150000
R00-01526,33900000,150000
R00-01527,480000,0
R00-01528,77660000,300000
R00-01529,1630000,0
R00-01530,50670000,150000
R00-01531,12340000,40000
R00-01532,41820000,150000
R00-01533,51700000,150000
R00-01534,104300000,300000
R00-01535,13870000,40000
R00-01536,2560000,0
R00-01537,73860000,300000
R00-01538,46560000,150000
R00-01539,14440000,40000
R00-01540,32400000,60000
R00-01541,15620000,40000
R00-01542,62360000,150000
R00-01543,34990000,150000
R00-01544,144400000,600000
R00-01545,15250000,40000
R00-01546,84350000,300000
R00-01547,37290000,150000
R00-01548,81830000,300000
R00-01549,1870000,0
R00-01550,14720000,40000
R00-01551,12290000,40000
R00-01552,1700000,0
R00-01553,31640000,60000
R00-01554,12190000,40000
R00-01555,62230000,150000
R00-01556,32270000,60000
R00-01557,3850000,0
R00-01558,34910000,150000
R00-01559,70510000,300000
R00-01560,45670000,150000
R00-01561,29350000,60000
R00-01562,48230000,150000
R00-01563,56060000,150000
R00-01564,17540000,40000
R00-01565,36480000,150000
R00-01566,5890000,20000
R00-01567,94640000,300000
R00-01568,101360000,300000
R00-01569,1680000,0
R00-01570,44690000,150000
R00-01571,11510000,40000
R00-01572,33770000,150000
R00-01573,81320000,300000
R00-01574,5890000,20000
R00-01575,54770000,150000
R00-01576,32790000,60000
R00-01577,92860000,300000
R00-01578,81310000,300000
R00-01579,30160000,60000
R00-01580,11760000,40000
R00-01581,146630000,600000
R00-01582,64590000,150000
R00-01583,10980000,40000
R00-01584,57520000,150000
R00-01585,13960000,40000
R00-01586,15190000,40000
R00-01587,23270000,60000
R00-01588,18550000,40000
R00-01589,3940000,0
R00-01590,4230000,0
R00-01591,7200000,20000
R00-01592,31700000,60000
R00-01593,1800000,0
R00-01594,11180000,40000
R00-01595,63410000,150000
R00-01596,24050000,60000
R00-01597,7560000,20000
R00-01598,52370000,150000
R00-01599,51600000,150000
R00-01600,146450000,600000
R00-01601,12810000,40000
R00-01602,81950000,300000
R00-01603,86160000,300000
R00-01604,10770000,40000
R00-01605,31170000,60000
R00-01606,2100000,0
R00-01607,30860000,60000
R00-01608,29230000,60000
R00-01609,25610000,60000
R00-01610,22390000,60000
R00-01611,41520000,150000
R00-01612,125000000,300000
R00-01613,102940000,300000
R00-01614,67040000,300000
R00-01615,26390000,60000
R00-01616,63170000,150000
R00-01617,15210000,40000
R00-01618,52950000,150000
R00-01619,20540000,60000
R00-01620,1570000,0
R00-01621,6660000,20000
R00-01622,23060000,60000
R00-01623,34320000,150000
R00-01624,22120000,60000
R00-01625,52880000,150000
R00-01626,55060000,150000
R00-01627,23710000,60000
R00-01628,74950000,300000
R00-01629,51350000,150000
R00-01630,13870000,40000
R00-01631,60770000,150000
R00-01632,65960000,150000
R00-01633,13340000,40000
R00-01634,34780000,150000
R00-01635,74270000,300000
R00-01636,22100000,60000
R00-01637,58470000,150000
R00-01638,81990000,300000
R00-01639,83420000,300000
R00-01640,217560000,1000000
R00-01641,23240000,60000
R00-01642,42460000,150000
R00-01643,52940000,150000
R00-01644,46070000,150000
R00-01645,83680000,300000
R00-01646,35490000,150000
R00-01647,73400000,300000
R00-01648,51760000,150000
R00-01649,5980000,20000
R00-01650,64120000,150000
R00-01651,31410000,60000
R00-01652,62530000,150000
R00-01653,35080000,150000
R00-01654,58820000,150000
R00-01655,21420000,60000
R00-01656,26350000,60000
R00-01657,16820000,40000
R00-01658,82060000,300000
R00-01659,82730000,300000
R00-01660,63960000,150000
R00-01661,42470000,150000
R00-01662,78900000,300000
R00-01663,12530000,40000
R00-01664,52210000,150000
R00-01665,13650000,40000
R00-01666,70170000,300000
R00-01667,56020000,150000
R00-01668,6780000,20000
R00-01669,13270000,40000
R00-01670,25060000,60000
R00-01671,53260000,150000
R00-01672,53720000,150000
R00-01673,32620000,60000
R00-01674,107900000,300000
R00-01675,1730000,0
R00-01676,52120000,150000
R00-01677,55490000,150000
R00-01678,22150000,60000
R00-01679,23370000,60000
R00-01680,40980000,150000
R00-01681,27620000,60000
R00-01682,24880000,60000
R00-01683,34680000,150000
R00-01684,62670000,150000
R00-01685,32730000,60000
R00-01686,32020000,60000
R00-01687,26810000,60000
R00-01688,20330000,60000
R00-01689,33570000,150000
R00-01690,86730000,300000
R00-01691,91890000,300000
R00-01692,14460000,40000
R00-01693,7820000,20000
R00-01694,23980000,60000
R00-01695,57560000,150000
R00-01696,151730000,600000
R00-01697,27860000,60000
R00-01698,68100000,300000
R00-01699,54850000,150000
R00-01700,126420000,300000
R00-01701,94490000,300000
R00-01702,32020000,60000
R00-01703,54270000,150000
R00-01704,51100000,150000
R00-01705,33770000,150000
R00-01706,12790000,40000
R00-01707,50800000,150000
R00-01708,46790000,150000
R00-01709,48590000,150000
R00-01710,59320000,150000
R00-01711,11120000,40000
R00-01712,24040000,60000
R00-01713,96720000,300000
R00-01714,84140000,300000
R00-01715,48990000,150000
R00-01716,14540000,40000
R00-01717,13450000,40000
R00-01718,32200000,60000
R00-01719,48320000,150000
R00-01720,73500000,300000
R00-01721,54080000,150000
R00-01722,53620000,150000
R00-01723,54080000,150000
R00-01724,4250000,0
R00-01725,73460000,300000
R00-01726,14560000,40000
R00-01727,13550000,40000
R00-01728,11490000,40000
R00-01729,34130000,150000
R00-01730,137710000,600000
R00-01731,121380000,300000
R00-01732,5230000,20000
R00-01733,4460000,0
R00-01734,63970000,150000
R00-01735,2220000,0
R00-01736,21570000,60000
R00-01737,81560000,300000
R00-01738,35140000,150000
R00-01739,123580000,300000
R00-01740,7610000,20000
R00-01741,40370000,150000
R00-01742,2640000,0
R00-01743,57060000,150000
R00-01744,103840000,300000
R00-01745,2650000,0
R00-01746,52210000,150000
R00-01747,53470000,150000
R00-01748,23100000,60000
R00-01749,1940000,0
R00-01750,65170000,150000
R00-01751,26050000,60000
R00-01752,40370000,150000
R00-01753,33170000,60000
R00-01754,22230000,60000
R00-01755,78570000,300000
R00-01756,75890000,300000
R00-01757,15250000,40000
R00-01758,10890000,40000
R00-01759,133660000,600000
R00-01760,21160000,60000
R00-01761,52190000,150000
R00-01762,11020000,40000
R00-01763,3190000,0
R00-01764,22320000,60000
R00-01765,4960000,0
R00-01766,4500000,0
R00-01767,23130000,60000
R00-01768,32870000,60000
R00-01769,64020000,150000
R00-01770,62580000,150000
R00-01771,23820000,60000
R00-01772,65880000,150000
R00-01773,7830000,20000
R00-01774,1890000,0
R00-01775,22420000,60000
R00-01776,102140000,300000
R00-01777,1750000,0
R00-01778,62150000,150000
R00-01779,132320000,300000
R00-01780,56270000,150000
R00-01781,41470000,150000
R00-01782,44340000,150000
R00-01783,84610000,300000
R00-01784,21610000,60000
R00-01785,51500000,150000
R00-01786,67370000,300000
R00-01787,72280000,300000
R00-01788,137600000,600000
R00-01789,61500000,150000
R00-01790,81840000,300000
R00-01791,11870000,40000
R00-01792,34230000,150000
R00-01793,85730000,300000
R00-01794,88630000,300000
R00-01795,25340000,60000
R00-01796,42650000,150000
R00-01797,16240000,40000
R00-01798,14060000,40000
R00-01799,1230000,0
R00-01800,127000000,300000
R00-01801,8310000,20000
R00-01802,56990000,150000
R00-01803,12590000,40000
R00-01804,24860000,60000
R00-01805,7410000,20000
R00-01806,13840000,40000
R00-01807,33300000,60000
R00-01808,44850000,150000
R00-01809,63550000,150000
R00-01810,23290000,60000
R00-01811,22510000,60000
R00-01812,21550000,60000
R00-01813,22940000,60000
R00-01814,43690000,150000
R00-01815,3450000,0
R00-01816,53310000,150000
R00-01817,41090000,150000
R00-01818,1690000,0
R00-01819,4550000,0
R00-01820,14630000,40000
R00-01821,34810000,150000
R00-01822,43240000,150000
R00-01823,111220000,300000
R00-01824,17150000,40000
R00-01825,227880000,1000000
R00-01826,43480000,150000
R00-01827,72090000,300000
R00-01828,5430000,20000
R00-01829,24680000,60000
R00-01830,35420000,150000
R00-01831,102830000,300000
R00-01832,6670000,20000
R00-01833,13880000,40000
R00-01834,47570000,150000
R00-01835,53090000,150000
R00-01836,61590000,150000
R00-01837,23890000,60000
R00-01838,42150000,150000
R00-01839,32150000,60000
R00-01840,66240000,150000
R00-01841,58010000,150000
R00-01842,16780000,40000
R00-01843,2770000,0
R00-01844,12190000,40000
R00-01845,95890000,300000
R00-01846,14330000,40000
R00-01847,63830000,150000
R00-01848,34120000,150000
R00-01849,52370000,150000
R00-01850,43640000,150000
R00-01851,11820000,40000
R00-01852,36260000,150000
R00-01853,44120000,150000
R00-01854,24150000,60000
R00-01855,51860000,150000
R00-01856,2310000,0
R00-01857,33930000,150000
R00-01858,83780000,300000
R00-01859,40390000,150000
R00-01860,53620000,150000
R00-01861,22490000,60000
R00-01862,55180000,150000
R00-01863,43450000,150000
R00-01864,21960000,60000
R00-01865,71590000,300000
R00-01866,64310000,150000
R00-01867,2340000,0
R00-01868,104310000,300000
R00-01869,2020000,0
R00-01870,92280000,300000
R00-01871,18820000,40000
R00-01872,14170000,40000
R00-01873,22230000,60000
R00-01874,5710000,20000
R00-01875,54290000,150000
R00-01876,14920000,40000
R00-01877,46630000,150000
R00-01878,2470000,0
R00-01879,117320000,300000
R00-01880,11470000,40000
R00-01881,131310000,300000
R00-01882,28070000,60000
R00-01883,36930000,150000
R00-01884,20460000,60000
R00-01885,23240000,60000
R00-01886,15860000,40000
R00-01887,95390000,300000
R00-01888,42900000,150000
R00-01889,30730000,60000
R00-01890,63470000,150000
R00-01891,51670000,150000
R00-01892,23700000,60000
R00-01893,37320000,150000
R00-01894,3510000,0
R00-01895,17410000,40000
R00-01896,37130000,150000
R00-01897,50850000,150000
R00-01898,43330000,150000
R00-01899,2470000,0
R00-01900,112620000,300000
R00-01901,42620000,150000
R00-01902,68380000,300000
R00-01903,72410000,300000
R00-01904,22480000,60000
R00-01905,53030000,150000
R00-01906,43430000,150000
R00-01907,3830000,0
R00-01908,2970000,0
R00-01909,52400000,150000
R00-01910,2520000,0
R00-01911,87140000,300000
R00-01912,87630000,300000
R00-01913,62520000,150000
R00-01914,72770000,300000
R00-01915,31440000,60000
R00-01916,12830000,40000
R00-01917,11410000,40000
R00-01918,12510000,40000
R00-01919,32480000,60000
R00-01920,106240000,300000
R00-01921,21830000,60000
R00-01922,83460000,300000
R00-01923,5460000,20000
R00-01924,22100000,60000
R00-01925,11020000,40000
R00-01926,61440000,150000
R00-01927,27380000,60000
R00-01928,6230000,20000
R00-01929,7440000,20000
R00-01930,32900000,60000
R00-01931,32160000,60000
R00-01932,29030000,60000
R00-01933,6510000,20000
R00-01934,3010000,0
R00-01935,5830000,20000
R00-01936,2570000,0
R00-01937,81670000,300000
R00-01938,32990000,60000
R00-01939,12180000,40000
R00-01940,55690000,150000
R00-01941,14190000,40000
R00-01942,60900000,150000
R00-01943,21060000,60000
R00-01944,3870000,0
R00-01945,36380000,150000
R00-01946,11510000,40000
R00-01947,7920000,20000
R00-01948,22630000,60000
R00-01949,2650000,0
R00-01950,35480000,150000
R00-01951,2050000,0
R00-01952,27040000,60000
R00-01953,23500000,60000
R00-01954,5860000,20000
R00-01955,64870000,150000
R00-01956,51980000,150000
R00-01957,11450000,40000
R00-01958,58360000,150000
R00-01959,31110000,60000
R00-01960,42930000,150000
R00-01961,32560000,60000
R00-01962,35820000,150000
R00-01963,24730000,60000
R00-01964,5110000,20000
R00-01965,94320000,300000
R00-01966,1810000,0
R00-01967,51490000,150000
R00-01968,104930000,300000
R00-01969,22440000,60000
R00-01970,15860000,40000
R00-01971,52560000,150000
R00-01972,32910000,60000
R00-01973,11160000,40000
R00-01974,71010000,300000
R00-01975,11810000,40000
R00-01976,46440000,150000
R00-01977,21910000,60000
R00-01978,175750000,600000
R00-01979,98320000,300000
R00-01980,62320000,150000
R00-01981,44740000,150000
R00-01982,31950000,60000
R00-01983,159610000,600000
R00-01984,53310000,150000
R00-01985,53480000,150000
R00-01986,2480000,0
R00-01987,63410000,150000
R00-01988,98190000,300000
R00-01989,13330000,40000
R00-01990,36710000,150000
R00-01991,9370000,20000
R00-01992,72770000,300000
R00-01993,63780000,150000
R00-01994,23250000,60000
R00-01995,6280000,20000
R00-01996,26050000,60000
R00-01997,4070000,0
R00-01998,7860000,20000
R00-01999,80820000,300000
R00-02000,21930000,60000
R00-02001,23710000,60000
R00-02002,31550000,60000
R00-02003,120340000,300000
R00-02004,61910000,150000
R00-02005,4030000,0
R00-02006,91440000,300000
R00-02007,13040000,40000
R00-02008,18910000,40000
R00-02009,1210000,0
R00-02010,32800000,60000
R00-02011,21810000,60000
R00-02012,6040000,20000
R00-02013,62070000,150000
R00-02014,16340000,40000
R00-02015,104550000,300000
R00-02016,64220000,150000
R00-02017,88900000,300000
R00-02018,32280000,60000
R00-02019,2570000,0
R00-02020,7920000,20000
R00-02021,43840000,150000
R00-02022,101390000,300000
R00-02023,133440000,600000
R00-02024,31810000,60000
R00-02025,26400000,60000
R00-02026,60630000,150000
R00-02027,47550000,150000
R00-02028,13100000,40000
R00-02029,11660000,40000
R00-02030,14120000,40000
R00-02031,21970000,60000
R00-02032,55900000,150000
R00-02033,63950000,150000
R00-02034,54380000,150000
R00-02035,32830000,60000
R00-02036,100660000,300000
R00-02037,57610000,150000
R00-02038,81680000,300000
R00-02039,4090000,0
R00-02040,82150000,300000
R00-02041,49090000,150000
R00-02042,35590000,150000
R00-02043,30750000,60000
R00-02044,41710000,150000
R00-02045,64480000,150000
R00-02046,27160000,60000
R00-02047,56910000,150000
R00-02048,65740000,150000
R00-02049,53580000,150000
R00-02050,3210000,0
R00-02051,35740000,150000
R00-02052,7610000,20000
R00-02053,27810000,60000
R00-02054,3910000,0
R00-02055,20620000,60000
R00-02056,1820000,0
R00-02057,52230000,150000
R00-02058,65790000,150000
R00-02059,2580000,0
R00-02060,2360000,0
R00-02061,18140000,40000
R00-02062,31970000,60000
R00-02063,77010000,300000
R00-02064,72930000,300000
R00-02065,25190000,60000
R00-02066,67990000,300000
R00-02067,47180000,150000
R00-02068,13930000,40000
R00-02069,20190000,60000
R00-02070,32200000,60000
R00-02071,23310000,60000
R00-02072,141920000,600000
R00-02073,11280000,40000
R00-02074,44350000,150000
R00-02075,96580000,300000
R00-02076,46410000,150000
R00-02077,22870000,60000
R00-02078,43700000,150000
R00-02079,45140000,150000
R00-02080,107000000,300000
R00-02081,23980000,60000
R00-02082,36490000,150000
R00-02083,13340000,40000
R00-02084,70210000,300000
R00-02085,3600000,0
R00-02086,31500000,60000
R00-02087,45570000,150000
R00-02088,226550000,1000000
R00-02089,1930000,0
R00-02090,63150000,150000
R00-02091,155560000,600000
R00-02092,7950000,20000
R00-02093,83560000,300000
R00-02094,77780000,300000
R00-02095,31940000,60000
R00-02096,70890000,300000
R00-02097,5900000,20000
R00-02098,31580000,60000
R00-02099,21610000,60000
R00-02100,44660000,150000
R00-02101,103020000,300000
R00-02102,76710000,300000
R00-02103,103270000,300000
R00-02104,66510000,150000
R00-02105,105380000,300000
R00-02106,42320000,150000
R00-02107,25540000,60000
R00-02108,62880000,150000
R00-02109,12900000,40000
R00-02110,88100000,300000
R00-02111,44120000,150000
R00-02112,37110000,150000
R00-02113,73610000,300000
R00-02114,84230000,300000
R00-02115,53280000,150000
R00-02116,28980000,60000
R00-02117,21850000,60000
R00-02118,72660000,300000
R00-02119,42120000,150000
R00-02120,49380000,150000
R00-02121,95630000,300000
R00-02122,1720000,0
R00-02123,25180000,60000
R00-02124,42910000,150000
R00-02125,71910000,300000
R00-02126,65450000,150000
R00-02127,60830000,150000
R00-02128,4980000,0
R00-02129,23310000,60000
R00-02130,4470000,0
R00-02131,75030000,300000
R00-02132,122140000,300000
R00-02133,114190000,300000
R00-02134,35450000,150000
R00-02135,28100000,60000
R00-02136,20790000,60000
R00-02137,120690000,300000
R00-02138,41860000,150000
R00-02139,38300000,150000
R00-02140,25240000,60000
R00-02141,52200000,150000
R00-02142,26040000,60000
R00-02143,105500000,300000
R00-02144,54070000,150000
R00-02145,42130000,150000
R00-02146,85190000,300000
R00-02147,32660000,60000
R00-02148,53130000,150000
R00-02149,33970000,150000
R00-02150,50390000,150000
R00-02151,31770000,60000
R00-02152,8280000,20000
R00-02153,115040000,300000
R00-02154,75940000,300000
R00-02155,4160000,0
R00-02156,45930000,150000
R00-02157,52140000,150000
R00-02158,3700000,0
R00-02159,6140000,20000
R00-02160,1700000,0
R00-02161,13090000,40000
R00-02162,22500000,60000
R00-02163,150690000,600000
R00-02164,36600000,150000
R00-02165,54860000,150000
R00-02166,44400000,150000
R00-02167,11360000,40000
R00-02168,45480000,150000
R00-02169,16580000,40000
R00-02170,21920000,60000
R00-02171,55370000,150000
R00-02172,65770000,150000
R00-02173,57090000,150000
R00-02174,2200000,0
R00-02175,12250000,40000
R00-02176,52550000,150000
R00-02177,42930000,150000
R00-02178,2200000,0
R00-02179,34640000,150000
R00-02180,21150000,60000
R00-02181,81750000,300000
R00-02182,14070000,40000
R00-02183,55830000,150000
R00-02184,37330000,150000
R00-02185,3460000,0
R00-02186,97380000,300000
R00-02187,50950000,150000
R00-02188,8830000,20000
R00-02189,25850000,60000
R00-02190,111140000,300000
R00-02191,18230000,40000
R00-02192,11470000,40000
R00-02193,76540000,300000
R00-02194,680000,0
R00-02195,23340000,60000
R00-02196,133960000,600000
R00-02197,151560000,600000
R00-02198,42800000,150000
R00-02199,2620000,0
R00-02200,4730000,0
R00-02201,34760000,150000
R00-02202,40310000,150000
R00-02203,51900000,150000
R00-02204,30740000,60000
R00-02205,26430000,60000
R00-02206,15460000,40000
R00-02207,15350000,40000
R00-02208,67190000,300000
R00-02209,42960000,150000
R00-02210,23100000,60000
R00-02211,23740000,60000
R00-02212,22840000,60000
R00-02213,31990000,60000
R00-02214,35750000,150000
R00-02215,22330000,60000
R00-02216,22930000,60000
R00-02217,76660000,300000
R00-02218,10700000,40000
R00-02219,31560000,60000
R00-02220,37230000,150000
R00-02221,71310000,300000
R00-02222,16510000,40000
R00-02223,22860000,60000
R00-02224,51810000,150000
R00-02225,5430000,20000
R00-02226,36060000,150000
R00-02227,31100000,60000
R00-02228,12000000,40000
R00-02229,123850000,300000
R00-02230,40390000,150000
R00-02231,84500000,300000
R00-02232,44370000,150000
R00-02233,36940000,150000
R00-02234,11770000,40000
R00-02235,91220000,300000
R00-02236,35020000,150000
R00-02237,67270000,300000
R00-02238,3560000,0
R00-02239,33210000,60000
R00-02240,22080000,60000
R00-02241,23530000,60000
R00-02242,26130000,60000
R00-02243,71030000,300000
R00-02244,4590000,0
R00-02245,32370000,60000
R00-02246,67160000,300000
R00-02247,82670000,300000
R00-02248,66010000,150000
R00-02249,32350000,60000
R00-02250,19430000,40000
R00-02251,11640000,40000
R00-02252,81030000,300000
R00-02253,72040000,300000
R00-02254,1340000,0
R00-02255,112780000,300000
R00-02256,70770000,300000
R00-02257,21450000,60000
R00-02258,1400000,0
R00-02259,7470000,20000
R00-02260,5660000,20000
R00-02261,17400000,40000
R00-02262,36030000,150000
R00-02263,27270000,60000
R00-02264,23400000,60000
R00-02265,41110000,150000
R00-02266,41610000,150000
R00-02267,2100000,0
R00-02268,48740000,150000
R00-02269,113240000,300000
R00-02270,40600000,150000
R00-02271,71640000,300000
R00-02272,81420000,300000
R00-02273,13360000,40000
R00-02274,65770000,150000
R00-02275,60670000,150000
R00-02276,13750000,40000
R00-02277,62990000,150000
R00-02278,85570000,300000
R00-02279,53810000,150000
R00-02280,11210000,40000
R00-02281,22060000,60000
R00-02282,12060000,40000
R00-02283,43890000,150000
R00-02284,6240000,20000
R00-02285,15250000,40000
R00-02286,104890000,300000
R00-02287,42440000,150000
R00-02288,22990000,60000
R00-02289,125440000,300000
R00-02290,51620000,150000
R00-02291,72420000,300000
R00-02292,1990000,0
R00-02293,46470000,150000
R00-02294,45540000,150000
R00-02295,94420000,300000
R00-02296,18050000,40000
R00-02297,154700000,600000
R00-02298,34850000,150000
R00-02299,35300000,150000
R00-02300,52260000,150000
R00-02301,59390000,150000
R00-02302,6690000,20000
R00-02303,13750000,40000
R00-02304,14710000,40000
R00-02305,21950000,60000
R00-02306,53940000,150000
R00-02307,71680000,300000
R00-02308,13600000,40000
R00-02309,62230000,150000
R00-02310,15960000,40000
R00-02311,66100000,150000
R00-02312,4910000,0
R00-02313,65060000,150000
R00-02314,58300000,150000
R00-02315,41990000,150000
R00-02316,16620000,40000
R00-02317,22510000,60000
R00-02318,1960000,0
R00-02319,31540000,60000
R00-02320,32230000,60000
R00-02321,52390000,150000
R00-02322,6490000,20000
R00-02323,21290000,60000
R00-02324,36100000,150000
R00-02325,34610000,150000
R00-02326,91980000,300000
R00-02327,37250000,150000
R00-02328,143650000,600000
R00-02329,88250000,300000
R00-02330,137240000,600000
R00-02331,26330000,60000
R00-02332,35000000,150000
R00-02333,55550000,150000
R00-02334,42820000,150000
R00-02335,45910000,150000
R00-02336,25610000,60000
R00-02337,86890000,300000
R00-02338,6560000,20000
R00-02339,41070000,150000
R00-02340,107000000,300000
R00-02341,15990000,40000
R00-02342,14530000,40000
R00-02343,1030000,0
R00-02344,51020000,150000
R00-02345,5950000,20000
R00-02346,13650000,40000
R00-02347,92020000,300000
R00-02348,50320000,150000
R00-02349,43270000,150000
R00-02350,65450000,150000
R00-02351,155510000,600000
R00-02352,17330000,40000
R00-02353,24570000,60000
R00-02354,43540000,150000
R00-02355,85380000,300000
R00-02356,12170000,40000
R00-02357,41070000,150000
R00-02358,30980000,60000
R00-02359,44420000,150000
R00-02360,11010000,40000
R00-02361,116240000,300000
R00-02362,53540000,150000
R00-02363,34750000,150000
R00-02364,14620000,40000
R00-02365,2990000,0
R00-02366,52150000,150000
R00-02367,38210000,150000
R00-02368,28430000,60000
R00-02369,66960000,300000
R00-02370,23560000,60000
R00-02371,24980000,60000
R00-02372,33150000,60000
R00-02373,18330000,40000
R00-02374,8700000,20000
R00-02375,61640000,150000
R00-02376,94890000,300000
R00-02377,16590000,40000
R00-02378,38070000,150000
R00-02379,24630000,60000
R00-02380,11970000,40000
R00-02381,25790000,60000
R00-02382,36690000,150000
R00-02383,43710000,150000
R00-02384,45450000,150000
R00-02385,35010000,150000
R00-02386,16480000,40000
R00-02387,36490000,150000
R00-02388,45260000,150000
R00-02389,1860000,0
R00-02390,41990000,150000
R00-02391,20300000,60000
R00-02392,46220000,150000
R00-02393,31000000,60000
R00-02394,93820000,300000
R00-02395,53250000,150000
R00-02396,43850000,150000
R00-02397,47330000,150000
R00-02398,75020000,300000
R00-02399,13720000,40000
R00-02400,810000,0
R00-02401,77680000,300000
R00-02402,57160000,150000
R00-02403,56290000,150000
R00-02404,22500000,60000
R00-02405,65740000,150000
R00-02406,71520000,300000
R00-02407,72950000,300000
R00-02408,103340000,300000
R00-02409,63370000,150000
R00-02410,58870000,150000
R00-02411,91300000,300000
R00-02412,92710000,300000
R00-02413,22130000,60000
R00-02414,3590000,0
R00-02415,5270000,20000
R00-02416,22450000,60000
R00-02417,32360000,60000
R00-02418,44180000,150000
R00-02419,14540000,40000
R00-02420,54050000,150000
R00-02421,54410000,150000
R00-02422,22610000,60000
R00-02423,12400000,40000
R00-02424,104600000,300000
R00-02425,12810000,40000
R00-02426,62950000,150000
R00-02427,63780000,150000
R00-02428,45910000,150000
R00-02429,45170000,150000
R00-02430,116230000,300000
R00-02431,66140000,150000
R00-02432,82270000,300000
R00-02433,71590000,300000
R00-02434,80900000,300000
R00-02435,13810000,40000
R00-02436,41060000,150000
R00-02437,3620000,0
R00-02438,8080000,20000
R00-02439,2110000,0
R00-02440,48940000,150000
R00-02441,106250000,300000
R00-02442,104360000,300000
R00-02443,21560000,60000
R00-02444,17160000,40000
R00-02445,51850000,150000
R00-02446,11750000,40000
R00-02447,74950000,300000
R00-02448,63200000,150000
R00-02449,62780000,150000
R00-02450,12150000,40000
R00-02451,41340000,150000
R00-02452,45390000,150000
R00-02453,41970000,150000
R00-02454,85560000,300000
R00-02455,131990000,300000
R00-02456,72660000,300000
R00-02457,78880000,300000
R00-02458,56450000,150000
R00-02459,105770000,300000
R00-02460,65850000,150000
R00-02461,121070000,300000
R00-02462,3780000,0
R00-02463,27450000,60000
R00-02464,6900000,20000
R00-02465,54040000,150000
R00-02466,52770000,150000
R00-02467,44260000,150000
R00-02468,73490000,300000
R00-02469,11680000,40000
R00-02470,36050000,150000
R00-02471,71830000,300000
R00-02472,15340000,40000
R00-02473,6380000,20000
R00-02474,3590000,0
R00-02475,5580000,20000
R00-02476,5390000,20000
R00-02477,62380000,150000
R00-02478,10740000,40000
R00-02479,92490000,300000
R00-02480,24160000,60000
R00-02481,32660000,60000
R00-02482,11510000,40000
R00-02483,34710000,150000
R00-02484,87080000,300000
R00-02485,31120000,60000
R00-02486,41960000,150000
R00-02487,43280000,150000
R00-02488,54950000,150000
R00-02489,112000000,300000
R00-02490,61940000,150000
R00-02491,1960000,0
R00-02492,84070000,300000
R00-02493,32440000,60000
R00-02494,15730000,40000
R00-02495,24640000,60000
R00-02496,51700000,150000
R00-02497,30670000,60000
R00-02498,16230000,40000
R00-02499,53290000,150000
R00-02500,42150000,150000
R00-02501,2340000,0
R00-02502,53570000,150000
R00-02503,4010000,0
R00-02504,113590000,300000
R00-02505,123420000,300000
R00-02506,116780000,300000
R00-02507,4890000,0
R00-02508,70170000,300000
R00-02509,6230000,20000
R00-02510,23980000,60000
R00-02511,12490000,40000
R00-02512,52760000,150000
R00-02513,24820000,60000
R00-02514,36700000,150000
R00-02515,71510000,300000
R00-02516,37140000,150000
R00-02517,24210000,60000
R00-02518,43190000,150000
R00-02519,790000,0
R00-02520,7310000,20000
R00-02521,83690000,300000
R00-02522,41180000,150000
R00-02523,52490000,150000
R00-02524,50920000,150000
R00-02525,38510000,150000
R00-02526,51310000,150000
R00-02527,32700000,60000
R00-02528,33520000,150000
R00-02529,72970000,300000
R00-02530,18040000,40000
R00-02531,84490000,300000
R00-02532,26260000,60000
R00-02533,13640000,40000
R00-02534,3190000,0
R00-02535,3430000,0
R00-02536,47330000,150000
R00-02537,5310000,20000
R00-02538,74270000,300000
R00-02539,53830000,150000
R00-02540,81160000,300000
R00-02541,23810000,60000
R00-02542,61800000,150000
R00-02543,87190000,300000
R00-02544,33180000,60000
R00-02545,60370000,150000
R00-02546,5830000,20000
R00-02547,50020000,150000
R00-02548,92310000,300000
R00-02549,82320000,300000
R00-02550,73220000,300000
R00-02551,2970000,0
R00-02552,105210000,300000
R00-02553,21410000,60000
R00-02554,156840000,600000
R00-02555,73950000,300000
R00-02556,12980000,40000
R00-02557,37350000,150000
R00-02558,11380000,40000
R00-02559,3220000,0
R00-02560,27600000,60000
R00-02561,45360000,150000
R00-02562,5240000,20000
R00-02563,24380000,60000
R00-02564,77580000,300000
R00-02565,105320000,300000
R00-02566,52540000,150000
R00-02567,58850000,150000
R00-02568,112290000,300000
R00-02569,5370000,20000
R00-02570,22470000,60000
R00-02571,37560000,150000
R00-02572,4640000,0
R00-02573,12020000,40000
R00-02574,131680000,300000
R00-02575,23960000,60000
R00-02576,25420000,60000
R00-02577,107090000,300000
R00-02578,112010000,300000
R00-02579,20890000,60000
R00-02580,22000000,60000
R00-02581,53100000,150000
R00-02582,13240000,40000
R00-02583,34080000,150000
R00-02584,6370000,20000
R00-02585,27720000,60000
R00-02586,15160000,40000
R00-02587,92600000,300000
R00-02588,66410000,150000
R00-02589,14310000,40000
R00-02590,43580000,150000
R00-02591,81110000,300000
R00-02592,41100000,150000
R00-02593,37850000,150000
R00-02594,88000000,300000
R00-02595,3340000,0
R00-02596,64360000,150000
R00-02597,2580000,0
R00-02598,60880000,150000
R00-02599,14220000,40000
R00-02600,5230000,20000
R00-02601,11470000,40000
R00-02602,31220000,60000
R00-02603,52440000,150000
R00-02604,50580000,150000
R00-02605,101520000,300000
R00-02606,24570000,60000
R00-02607,114880000,300000
R00-02608,46940000,150000
R00-02609,5900000,20000
R00-02610,60850000,150000
R00-02611,31210000,60000
R00-02612,4480000,0
R00-02613,65300000,150000
R00-02614,58530000,150000
R00-02615,16130000,40000
R00-02616,21990000,60000
R00-02617,6660000,20000
R00-02618,11530000,40000
R00-02619,78150000,300000
R00-02620,3020000,0
R00-02621,77940000,300000
R00-02622,5610000,20000
R00-02623,34350000,150000
R00-02624,112860000,300000
R00-02625,72970000,300000
R00-02626,32700000,60000
R00-02627,22240000,60000
R00-02628,88580000,300000
R00-02629,35180000,150000
R00-02630,41620000,150000
R00-02631,43210000,150000
R00-02632,73180000,300000
R00-02633,66120000,150000
R00-02634,75060000,300000
R00-02635,21720000,60000
R00-02636,12890000,40000
R00-02637,58800000,150000
R00-02638,44090000,150000
R00-02639,1930000,0
R00-02640,113020000,300000
R00-02641,45530000,150000
R00-02642,102810000,300000
R00-02643,94330000,300000
R00-02644,41530000,150000
R00-02645,12740000,40000
R00-02646,62570000,150000
R00-02647,5270000,20000
R00-02648,33580000,150000
R00-02649,81840000,300000
R00-02650,14940000,40000
R00-02651,2450000,0
R00-02652,80670000,300000
R00-02653,29630000,60000
R00-02654,45170000,150000
R00-02655,90620000,300000
R00-02656,2490000,0
R00-02657,57560000,150000
R00-02658,7020000,20000
R00-02659,53010000,150000
R00-02660,143050000,600000
R00-02661,83120000,300000
R00-02662,37600000,150000
R00-02663,13840000,40000
R00-02664,3190000,0
R00-02665,5260000,20000
R00-02666,790000,0
R00-02667,1230000,0
R00-02668,76200000,300000
R00-02669,52720000,150000
R00-02670,2430000,0
R00-02671,33300000,60000
R00-02672,51460000,150000
R00-02673,51610000,150000
R00-02674,25030000,60000
R00-02675,26300000,60000
R00-02676,4130000,0
R00-02677,103110000,300000
R00-02678,56360000,150000
R00-02679,43420000,150000
R00-02680,31450000,60000
R00-02681,71320000,300000
R00-02682,81200000,300000
R00-02683,33590000,150000
R00-02684,3150000,0
R00-02685,4690000,0
R00-02686,32330000,60000
R00-02687,76760000,300000
R00-02688,6840000,20000
R00-02689,93230000,300000
R00-02690,41720000,150000
R00-02691,24530000,60000
R00-02692,51940000,150000
R00-02693,76440000,300000
R00-02694,53140000,150000
R00-02695,2750000,0
R00-02696,25960000,60000
R00-02697,36050000,150000
R00-02698,153270000,600000
R00-02699,43710000,150000
R00-02700,108580000,300000
R00-02701,73850000,300000
R00-02702,92070000,300000
R00-02703,22250000,60000
R00-02704,22780000,60000
R00-02705,108970000,300000
R00-02706,112980000,300000
R00-02707,26440000,60000
R00-02708,47830000,150000
R00-02709,22710000,60000
R00-02710,24640000,60000
R00-02711,2710000,0
R00-02712,2860000,0
R00-02713,127400000,300000
R00-02714,23520000,60000
R00-02715,4340000,0
R00-02716,11230000,40000
R00-02717,12760000,40000
R00-02718,56340000,150000
R00-02719,85900000,300000
R00-02720,22730000,60000
R00-02721,13530000,40000
R00-02722,53840000,150000
R00-02723,60250000,150000
R00-02724,11860000,40000
R00-02725,62710000,150000
R00-02726,63710000,150000
R00-02727,8400000,20000
R00-02728,13890000,40000
R00-02729,52630000,150000
R00-02730,36990000,150000
R00-02731,44780000,150000
R00-02732,16020000,40000
R00-02733,22190000,60000
R00-02734,54960000,150000
R00-02735,32160000,60000
R00-02736,112330000,300000
R00-02737,23260000,60000
R00-02738,2930000,0
R00-02739,22820000,60000
R00-02740,42640000,150000
R00-02741,24270000,60000
R00-02742,3330000,0
R00-02743,87540000,300000
R00-02744,86950000,300000
R00-02745,77380000,300000
R00-02746,2110000,0
R00-02747,11600000,40000
R00-02748,33020000,60000
R00-02749,103100000,300000
R00-02750,74910000,300000
R00-02751,47180000,150000
R00-02752,37320000,150000
R00-02753,66420000,150000
R00-02754,31320000,60000
R00-02755,58950000,150000
R00-02756,11530000,40000
R00-02757,1790000,0
R00-02758,91330000,300000
R00-02759,57890000,150000
R00-02760,33410000,150000
R00-02761,93780000,300000
R00-02762,53570000,150000
R00-02763,3910000,0
R00-02764,12050000,40000
R00-02765,43040000,150000
R00-02766,3520000,0
R00-02767,22770000,60000
R00-02768,16100000,40000
R00-02769,990000,0
R00-02770,10790000,40000
R00-02771,21970000,60000
R00-02772,73330000,300000
R00-02773,33010000,60000
R00-02774,6120000,20000
R00-02775,75230000,300000
R00-02776,21590000,60000
R00-02777,38040000,150000
R00-02778,51790000,150000
R00-02779,52820000,150000
R00-02780,3630000,0
R00-02781,142190000,600000
R00-02782,31420000,60000
R00-02783,47330000,150000
R00-02784,1670000,0
R00-02785,33910000,150000
R00-02786,5460000,20000
R00-02787,34490000,150000
R00-02788,67380000,300000
R00-02789,31000000,60000
R00-02790,65520000,150000
R00-02791,45420000,150000
R00-02792,69740000,300000
R00-02793,117570000,300000
R00-02794,72450000,300000
R00-02795,42900000,150000
R00-02796,4620000,0
R00-02797,101150000,300000
R00-02798,21990000,60000
R00-02799,63050000,150000
R00-02800,45160000,150000
R00-02801,63190000,150000
R00-02802,33990000,150000
R00-02803,48210000,150000
R00-02804,97850000,300000
R00-02805,50950000,150000
R00-02806,32060000,60000
R00-02807,4860000,0
R00-02808,81880000,300000
R00-02809,3200000,0
R00-02810,52670000,150000
R00-02811,31730000,60000
R00-02812,105900000,300000
R00-02813,2610000,0
R00-02814,23900000,60000
R00-02815,73170000,300000
R00-02816,12940000,40000
R00-02817,31860000,60000
R00-02818,12600000,40000
R00-02819,31420000,60000
R00-02820,86660000,300000
R00-02821,21190000,60000
R00-02822,3480000,0
R00-02823,5000000,20000
R00-02824,25490000,60000
R00-02825,57320000,150000
R00-02826,73220000,300000
R00-02827,24790000,60000
R00-02828,22530000,60000
R00-02829,34830000,150000
R00-02830,45490000,150000
R00-02831,35950000,150000
R00-02832,156010000,600000
R00-02833,3010000,0
R00-02834,23590000,60000
R00-02835,63810000,150000
R00-02836,5070000,20000
R00-02837,960000,0
R00-02838,43450000,150000
R00-02839,34660000,150000
R00-02840,71340000,300000
R00-02841,43770000,150000
R00-02842,73470000,300000
R00-02843,12050000,40000
R00-02844,43450000,150000
R00-02845,51220000,150000
R00-02846,142860000,600000
R00-02847,35150000,150000
R00-02848,24930000,60000
R00-02849,86230000,300000
R00-02850,43510000,150000
R00-02851,50530000,150000
R00-02852,56200000,150000
R00-02853,33640000,150000
R00-02854,12470000,40000
R00-02855,12780000,40000
R00-02856,23450000,60000
R00-02857,91540000,300000
R00-02858,24890000,60000
R00-02859,13350000,40000
R00-02860,21390000,60000
R00-02861,94910000,300000
R00-02862,95390000,300000
R00-02863,24720000,60000
R00-02864,27250000,60000
R00-02865,13670000,40000
R00-02866,44510000,150000
R00-02867,124800000,300000
R00-02868,42470000,150000
R00-02869,64830000,150000
R00-02870,60470000,150000
R00-02871,75800000,300000
R00-02872,158780000,600000
R00-02873,93840000,300000
R00-02874,93930000,300000
R00-02875,58650000,150000
R00-02876,22300000,60000
R00-02877,44320000,150000
R00-02878,55400000,150000
R00-02879,1540000,0
R00-02880,26410000,60000
R00-02881,21230000,60000
R00-02882,12450000,40000
R00-02883,2510000,0
R00-02884,54200000,150000
R00-02885,52950000,150000
R00-02886,14450000,40000
R00-02887,30920000,60000
R00-02888,11940000,40000
R00-02889,12470000,40000
R00-02890,13110000,40000
R00-02891,93910000,300000
R00-02892,5040000,20000
R00-02893,32920000,60000
R00-02894,111410000,300000
R00-02895,63750000,150000
R00-02896,7790000,20000
R00-02897,3890000,0
R00-02898,88880000,300000
R00-02899,42530000,150000
R00-02900,24110000,60000
R00-02901,34370000,150000
R00-02902,15660000,40000
R00-02903,123500000,300000
R00-02904,106140000,300000
R00-02905,43070000,150000
R00-02906,61850000,150000
R00-02907,76820000,300000
R00-02908,32680000,60000
R00-02909,25800000,60000
R00-02910,82080000,300000
R00-02911,81400000,300000
R00-02912,6940000,20000
R00-02913,2230000,0
R00-02914,7590000,20000
R00-02915,45430000,150000
R00-02916,172770000,600000
R00-02917,60150000,150000
R00-02918,11900000,40000
R00-02919,61830000,150000
R00-02920,79000000,300000
R00-02921,32070000,60000
R00-02922,22640000,60000
R00-02923,23900000,60000
R00-02924,8440000,20000
R00-02925,83150000,300000
R00-02926,62660000,150000
R00-02927,41260000,150000
R00-02928,62580000,150000
R00-02929,82370000,300000
R00-02930,25250000,60000
R00-02931,3090000,0
R00-02932,33810000,150000
R00-02933,43280000,150000
R00-02934,30660000,60000
R00-02935,46150000,150000
R00-02936,25280000,60000
R00-02937,36410000,150000
R00-02938,25250000,60000
R00-02939,72650000,300000
R00-02940,92100000,300000
R00-02941,90790000,300000
R00-02942,5230000,20000
R00-02943,41370000,150000
R00-02944,87550000,300000
R00-02945,146370000,600000
R00-02946,14340000,40000
R00-02947,35950000,150000
R00-02948,51110000,150000
R00-02949,17220000,40000
R00-02950,3930000,0
R00-02951,62410000,150000
R00-02952,42930000,150000
R00-02953,17090000,40000
R00-02954,11450000,40000
R00-02955,7000000,20000
R00-02956,3920000,0
R00-02957,17780000,40000
R00-02958,81220000,300000
R00-02959,21310000,60000
R00-02960,23540000,60000
R00-02961,23420000,60000
R00-02962,63550000,150000
R00-02963,32240000,60000
R00-02964,50660000,150000
R00-02965,12580000,40000
R00-02966,70730000,300000
R00-02967,103520000,300000
R00-02968,32160000,60000
R00-02969,22760000,60000
R00-02970,56230000,150000
R00-02971,10770000,40000
R00-02972,52370000,150000
R00-02973,11380000,40000
R00-02974,42050000,150000
R00-02975,13140000,40000
R00-02976,57560000,150000
R00-02977,16100000,40000
R00-02978,65700000,150000
R00-02979,73230000,300000
R00-02980,35600000,150000
R00-02981,9780000,20000
R00-02982,12440000,40000
R00-02983,136180000,600000
R00-02984,22420000,60000
R00-02985,46000000,150000
R00-02986,55220000,150000
R00-02987,64980000,150000
R00-02988,111050000,300000
R00-02989,27160000,60000
R00-02990,42810000,150000
R00-02991,16710000,40000
R00-02992,23680000,60000
R00-02993,32830000,60000
R00-02994,56160000,150000
R00-02995,65610000,150000
R00-02996,69410000,300000
R00-02997,24110000,60000
R00-02998,16710000,40000
R00-02999,44670000,150000
R00-03000,22210000,60000
R00-03001,62250000,150000
R00-03002,42080000,150000
R00-03003,30920000,60000
R00-03004,83530000,300000
R00-03005,53590000,150000
R00-03006,72910000,300000
R00-03007,113860000,300000
R00-03008,17490000,40000
R00-03009,16880000,40000
R00-03010,15840000,40000
R00-03011,53280000,150000
R00-03012,3600000,0
R00-03013,83070000,300000
R00-03014,83000000,300000
R00-03015,63080000,150000
R00-03016,33950000,150000
R00-03017,9530000,20000
R00-03018,15480000,40000
R00-03019,74620000,300000
R00-03020,34700000,150000
R00-03021,25930000,60000
R00-03022,13060000,40000
R00-03023,5290000,20000
R00-03024,73770000,300000
R00-03025,4680000,0
R00-03026,52250000,150000
R00-03027,75710000,300000
R00-03028,34360000,150000
R00-03029,23320000,60000
R00-03030,170710000,600000
R00-03031,21200000,60000
R00-03032,4790000,0
R00-03033,51890000,150000
R00-03034,6690000,20000
R00-03035,82790000,300000
R00-03036,24670000,60000
R00-03037,52570000,150000
R00-03038,24050000,60000
R00-03039,115440000,300000
R00-03040,51470000,150000
R00-03041,74490000,300000
R00-03042,5950000,20000
R00-03043,33830000,150000
R00-03044,3340000,0
R00-03045,1830000,0
R00-03046,25900000,60000
R00-03047,3070000,0
R00-03048,75580000,300000
R00-03049,3630000,0
R00-03050,12820000,40000
R00-03051,21670000,60000
R00-03052,40590000,150000
R00-03053,46400000,150000
R00-03054,4920000,0
R00-03055,13610000,40000
R00-03056,22690000,60000
R00-03057,3120000,0
R00-03058,145160000,600000
R00-03059,35670000,150000
R00-03060,141730000,600000
R00-03061,64890000,150000
R00-03062,17730000,40000
R00-03063,48880000,150000
R00-03064,14090000,40000
R00-03065,90450000,300000
R00-03066,62540000,150000
R00-03067,50360000,150000
R00-03068,46520000,150000
R00-03069,145460000,600000
R00-03070,35280000,150000
R00-03071,11290000,40000
R00-03072,46530000,150000
R00-03073,115030000,300000
R00-03074,52950000,150000
R00-03075,76590000,300000
R00-03076,41480000,150000
R00-03077,52550000,150000
R00-03078,73480000,300000
R00-03079,52290000,150000
R00-03080,27500000,60000
R00-03081,7440000,20000
R00-03082,62120000,150000
R00-03083,25840000,60000
R00-03084,33350000,150000
R00-03085,81350000,300000
R00-03086,35730000,150000
R00-03087,42340000,150000
R00-03088,77620000,300000
R00-03089,60100000,150000
R00-03090,12440000,40000
R00-03091,1930000,0
R00-03092,62560000,150000
R00-03093,12500000,40000
R00-03094,71480000,300000
R00-03095,2830000,0
R00-03096,61660000,150000
R00-03097,5890000,20000
R00-03098,61920000,150000
R00-03099,41650000,150000
R00-03100,35330000,150000
R00-03101,51920000,150000
R00-03102,12950000,40000
R00-03103,67460000,300000
R00-03104,56000000,150000
R00-03105,34450000,150000
R00-03106,6200000,20000
R00-03107,52790000,150000
R00-03108,32610000,60000
R00-03109,104690000,300000
R00-03110,67090000,300000
R00-03111,12560000,40000
R00-03112,3830000,0
R00-03113,53280000,150000
R00-03114,4840000,0
R00-03115,30890000,60000
R00-03116,34660000,150000
R00-03117,87280000,300000
R00-03118,53960000,150000
R00-03119,112140000,300000
R00-03120,28560000,60000
R00-03121,73990000,300000
R00-03122,52340000,150000
R00-03123,24370000,60000
R00-03124,63250000,150000
R00-03125,41030000,150000
R00-03126,1970000,0
R00-03127,72840000,300000
R00-03128,94660000,300000
R00-03129,94460000,300000
R00-03130,2000000,0
R00-03131,47090000,150000
R00-03132,53420000,150000
R00-03133,6260000,20000
R00-03134,4950000,0
R00-03135,39220000,150000
R00-03136,42310000,150000
R00-03137,23060000,60000
R00-03138,11760000,40000
R00-03139,42200000,150000
R00-03140,141990000,600000
R00-03141,53030000,150000
R00-03142,152800000,600000
R00-03143,34060000,150000
R00-03144,26630000,60000
R00-03145,32340000,60000
R00-03146,63430000,150000
R00-03147,21360000,60000
R00-03148,45930000,150000
R00-03149,83910000,300000
R00-03150,36290000,150000
R00-03151,21640000,60000
R00-03152,27070000,60000
R00-03153,2760000,0
R00-03154,7850000,20000
R00-03155,72020000,300000
R00-03156,5050000,20000
R00-03157,62520000,150000
R00-03158,40990000,150000
R00-03159,21490000,60000
R00-03160,22310000,60000
R00-03161,83000000,300000
R00-03162,3030000,0
R00-03163,15380000,40000
R00-03164,4470000,0
R00-03165,620000,0
R00-03166,35280000,150000
R00-03167,67650000,300000
R00-03168,22010000,60000
R00-03169,23700000,60000
R00-03170,41770000,150000
R00-03171,45730000,150000
R00-03172,76970000,300000
R00-03173,31500000,60000
R00-03174,33940000,150000
R00-03175,28340000,60000
R00-03176,51670000,150000
R00-03177,23240000,60000
R00-03178,81580000,300000
R00-03179,55310000,150000
R00-03180,74630000,300000
R00-03181,5520000,20000
R00-03182,50850000,150000
R00-03183,33940000,150000
R00-03184,3810000,0
R00-03185,2850000,0
R00-03186,14130000,40000
R00-03187,22410000,60000
R00-03188,21160000,60000
R00-03189,62530000,150000
R00-03190,140370000,600000
R00-03191,11190000,40000
R00-03192,57070000,150000
R00-03193,122690000,300000
R00-03194,14940000,40000
R00-03195,3300000,0
R00-03196,21890000,60000
R00-03197,94620000,300000
R00-03198,30830000,60000
R00-03199,47020000,150000
R00-03200,34740000,150000
R00-03201,57350000,150000
R00-03202,21710000,60000
R00-03203,2060000,0
R00-03204,75710000,300000
R00-03205,42290000,150000
R00-03206,83540000,300000
R00-03207,31670000,60000
R00-03208,11000000,40000
R00-03209,25960000,60000
R00-03210,13590000,40000
R00-03211,44410000,150000
R00-03212,14220000,40000
R00-03213,12340000,40000
R00-03214,22000000,60000
R00-03215,23330000,60000
R00-03216,4090000,0
R00-03217,64010000,150000
R00-03218,12700000,40000
R00-03219,2060000,0
R00-03220,147720000,600000
R00-03221,16500000,40000
R00-03222,61860000,150000
R00-03223,21970000,60000
R00-03224,45240000,150000
R00-03225,67860000,300000
R00-03226,46250000,150000
R00-03227,53190000,150000
R00-03228,101210000,300000
R00-03229,61770000,150000
R00-03230,2270000,0
R00-03231,18250000,40000
R00-03232,54460000,150000
R00-03233,32410000,60000
R00-03234,27800000,60000
R00-03235,44000000,150000
R00-03236,51700000,150000
R00-03237,53630000,150000
R00-03238,82660000,300000
R00-03239,86150000,300000
R00-03240,75010000,300000
R00-03241,57530000,150000
R00-03242,43500000,150000
R00-03243,1820000,0
R00-03244,4970000,0
R00-03245,4100000,0
R00-03246,35990000,150000
R00-03247,33460000,150000
R00-03248,22740000,60000
R00-03249,52130000,150000
R00-03250,14190000,40000
R00-03251,37220000,150000
R00-03252,4510000,0
R00-03253,3670000,0
R00-03254,24610000,60000
R00-03255,73570000,300000
R00-03256,4500000,0
R00-03257,27850000,60000
R00-03258,58030000,150000
R00-03259,20570000,60000
R00-03260,16050000,40000
R00-03261,61440000,150000
R00-03262,63960000,150000
R00-03263,2230000,0
R00-03264,4710000,0
R00-03265,34350000,150000
R00-03266,3950000,0
R00-03267,67240000,300000
R00-03268,31940000,60000
R00-03269,50450000,150000
R00-03270,72040000,300000
R00-03271,36550000,150000
R00-03272,11980000,40000
R00-03273,32200000,60000
R00-03274,82730000,300000
R00-03275,42040000,150000
R00-03276,61730000,150000
R00-03277,48310000,150000
R00-03278,4540000,0
R00-03279,66390000,150000
R00-03280,77560000,300000
R00-03281,3250000,0
R00-03282,16420000,40000
R00-03283,55050000,150000
R00-03284,52170000,150000
R00-03285,76760000,300000
R00-03286,21480000,60000
R00-03287,22040000,60000
R00-03288,73630000,300000
R00-03289,17340000,40000
R00-03290,12680000,40000
R00-03291,34460000,150000
R00-03292,25370000,60000
R00-03293,44070000,150000
R00-03294,3170000,0
R00-03295,3280000,0
R00-03296,1430000,0
R00-03297,105030000,300000
R00-03298,32090000,60000
R00-03299,4710000,0
R00-03300,23710000,60000
R00-03301,1410000,0
R00-03302,24570000,60000
R00-03303,50330000,150000
R00-03304,75050000,300000
R00-03305,14320000,40000
R00-03306,13000000,40000
R00-03307,5870000,20000
R00-03308,4760000,0
R00-03309,25850000,60000
R00-03310,16340000,40000
R00-03311,12770000,40000
R00-03312,32030000,60000
R00-03313,41450000,150000
R00-03314,34200000,150000
R00-03315,51800000,150000
R00-03316,5630000,20000
R00-03317,52380000,150000
R00-03318,45090000,150000
R00-03319,36330000,150000
R00-03320,81980000,300000
R00-03321,12970000,40000
R00-03322,26360000,60000
R00-03323,6570000,20000
R00-03324,101010000,300000
R00-03325,62710000,150000
R00-03326,14800000,40000
R00-03327,34890000,150000
R00-03328,39340000,150000
R00-03329,61610000,150000
R00-03330,43370000,150000
R00-03331,44110000,150000
R00-03332,38200000,150000
R00-03333,3710000,0
R00-03334,65630000,150000
R00-03335,14580000,40000
R00-03336,16130000,40000
R00-03337,72500000,300000
R00-03338,2330000,0
R00-03339,14850000,40000
R00-03340,16930000,40000
R00-03341,7700000,20000
R00-03342,91340000,300000
R00-03343,32860000,60000
R00-03344,21110000,60000
R00-03345,4480000,0
R00-03346,18440000,40000
R00-03347,1680000,0
R00-03348,34680000,150000
R00-03349,1270000,0
R00-03350,24670000,60000
R00-03351,47030000,150000
R00-03352,1560000,0
R00-03353,6860000,20000
R00-03354,11490000,40000
R00-03355,83010000,300000
R00-03356,64610000,150000
R00-03357,52430000,150000
R00-03358,111610000,300000
R00-03359,14000000,40000
R00-03360,70700000,300000
R00-03361,10930000,40000
R00-03362,71610000,300000
R00-03363,122060000,300000
R00-03364,3060000,0
R00-03365,66550000,150000
R00-03366,12570000,40000
R00-03367,68210000,300000
R00-03368,12720000,40000
R00-03369,151940000,600000
R00-03370,31920000,60000
R00-03371,2920000,0
R00-03372,28240000,60000
R00-03373,20780000,60000
R00-03374,63670000,150000
R00-03375,22280000,60000
R00-03376,23680000,60000
R00-03377,16940000,40000
R00-03378,51830000,150000
R00-03379,74310000,300000
R00-03380,20390000,60000
R00-03381,63480000,150000
R00-03382,2320000,0
R00-03383,43340000,150000
R00-03384,124760000,300000
R00-03385,53350000,150000
R00-03386,23640000,60000
R00-03387,2180000,0
R00-03388,2320000,0
R00-03389,27600000,60000
R00-03390,46150000,150000
R00-03391,24550000,60000
R00-03392,85460000,300000
R00-03393,105120000,300000
R00-03394,19340000,40000
R00-03395,4320000,0
R00-03396,25020000,60000
R00-03397,22850000,60000
R00-03398,14500000,40000
R00-03399,218640000,1000000
R00-03400,54770000,150000
R00-03401,39100000,150000
R00-03402,48350000,150000
R00-03403,113080000,300000
R00-03404,3520000,0
R00-03405,76410000,300000
R00-03406,1880000,0
R00-03407,72170000,300000
R00-03408,75670000,300000
R00-03409,42080000,150000
R00-03410,67900000,300000
R00-03411,84540000,300000
R00-03412,25940000,60000
R00-03413,97630000,300000
R00-03414,13510000,40000
R00-03415,85980000,300000
R00-03416,51060000,150000
R00-03417,93440000,300000
R00-03418,82600000,300000
R00-03419,73550000,300000
R00-03420,21030000,60000
R00-03421,20570000,60000
R00-03422,51030000,150000
R00-03423,35850000,150000
R00-03424,46220000,150000
R00-03425,6630000,20000
R00-03426,55140000,150000
R00-03427,23720000,60000
R00-03428,73480000,300000
R00-03429,26870000,60000
R00-03430,2590000,0
R00-03431,32370000,60000
R00-03432,12140000,40000
R00-03433,4900000,0
R00-03434,107610000,300000
R00-03435,33290000,60000
R00-03436,11550000,40000
R00-03437,81280000,300000
R00-03438,95450000,300000
R00-03439,2580000,0
R00-03440,3330000,0
R00-03441,6070000,20000
R00-03442,42950000,150000
R00-03443,66980000,300000
R00-03444,58690000,150000
R00-03445,72510000,300000
R00-03446,28480000,60000
R00-03447,63930000,150000
R00-03448,86690000,300000
R00-03449,73280000,300000
R00-03450,11190000,40000
R00-03451,3380000,0
R00-03452,6360000,20000
R00-03453,8320000,20000
R00-03454,126490000,300000
R00-03455,31190000,60000
R00-03456,93260000,300000
R00-03457,21590000,60000
R00-03458,4400000,0
R00-03459,2270000,0
R00-03460,61650000,150000
R00-03461,33470000,150000
R00-03462,29760000,60000
R00-03463,6160000,20000
R00-03464,15040000,40000
R00-03465,27430000,60000
R00-03466,122100000,300000
R00-03467,51900000,150000
R00-03468,133910000,600000
R00-03469,33380000,150000
R00-03470,44160000,150000
R00-03471,45940000,150000
R00-03472,51420000,150000
R00-03473,44010000,150000
R00-03474,36470000,150000
R00-03475,42230000,150000
R00-03476,52070000,150000
R00-03477,85710000,300000
R00-03478,75250000,300000
R00-03479,236890000,1000000
R00-03480,11440000,40000
R00-03481,650000,0
R00-03482,2080000,0
R00-03483,27400000,60000
R00-03484,13710000,40000
R00-03485,68980000,300000
R00-03486,141390000,600000
R00-03487,47510000,150000
R00-03488,93830000,300000
R00-03489,13210000,40000
R00-03490,33150000,60000
R00-03491,24800000,60000
R00-03492,67830000,300000
R00-03493,73390000,300000
R00-03494,82950000,300000
R00-03495,34600000,150000
R00-03496,3380000,0
R00-03497,11600000,40000
R00-03498,34230000,150000
R00-03499,16410000,40000
R00-03500,154130000,600000
R00-03501,78350000,300000
R00-03502,45700000,150000
R00-03503,82010000,300000
R00-03504,31540000,60000
R00-03505,810000,0
R00-03506,32640000,60000
R00-03507,51720000,150000
R00-03508,1340000,0
R00-03509,22730000,60000
R00-03510,13070000,40000
R00-03511,63540000,150000
R00-03512,99100000,300000
R00-03513,64040000,150000
R00-03514,85570000,300000
R00-03515,54940000,150000
R00-03516,31610000,60000
R00-03517,22030000,60000
R00-03518,72120000,300000
R00-03519,52130000,150000
R00-03520,71520000,300000
R00-03521,23140000,60000
R00-03522,5190000,20000
R00-03523,56540000,150000
R00-03524,68070000,300000
R00-03525,2700000,0
R00-03526,560000,0
R00-03527,69890000,300000
R00-03528,43640000,150000
R00-03529,52830000,150000
R00-03530,47990000,150000
R00-03531,72350000,300000
R00-03532,36060000,150000
R00-03533,62990000,150000
R00-03534,38500000,150000
R00-03535,82600000,300000
R00-03536,55450000,150000
R00-03537,24910000,60000
R00-03538,22490000,60000
R00-03539,12230000,40000
R00-03540,52330000,150000
R00-03541,16840000,40000
R00-03542,82260000,300000
R00-03543,36750000,150000
R00-03544,115070000,300000
R00-03545,82720000,300000
R00-03546,93870000,300000
R00-03547,61820000,150000
R00-03548,12460000,40000
R00-03549,66610000,150000
R00-03550,91680000,300000
R00-03551,25740000,60000
R00-03552,1750000,0
R00-03553,42590000,150000
R00-03554,27700000,60000
R00-03555,11640000,40000
R00-03556,151750000,600000
R00-03557,58340000,150000
R00-03558,41590000,150000
R00-03559,20850000,60000
R00-03560,38590000,150000
R00-03561,35100000,150000
R00-03562,24270000,60000
R00-03563,6560000,20000
R00-03564,14760000,40000
R00-03565,91060000,300000
R00-03566,22460000,60000
R00-03567,83250000,300000
R00-03568,96110000,300000
R00-03569,22430000,60000
R00-03570,32890000,60000
R00-03571,76420000,300000
R00-03572,41860000,150000
R00-03573,53740000,150000
R00-03574,56490000,150000
R00-03575,2780000,0
R00-03576,64500000,150000
R00-03577,35960000,150000
R00-03578,27900000,60000
R00-03579,45880000,150000
R00-03580,14910000,40000
R00-03581,74090000,300000
R00-03582,44390000,150000
R00-03583,22300000,60000
R00-03584,25160000,60000
R00-03585,77130000,300000
R00-03586,81590000,300000
R00-03587,43090000,150000
R00-03588,51860000,150000
R00-03589,6510000,20000
R00-03590,92700000,300000
R00-03591,2330000,0
R00-03592,66640000,150000
R00-03593,2310000,0
R00-03594,13460000,40000
R00-03595,42220000,150000
R00-03596,57510000,150000
R00-03597,104310000,300000
R00-03598,22380000,60000
R00-03599,121980000,300000
R00-03600,91920000,300000
R00-03601,22610000,60000
R00-03602,11710000,40000
R00-03603,62390000,150000
R00-03604,116120000,300000
R00-03605,74100000,300000
R00-03606,13850000,40000
R00-03607,10850000,40000
R00-03608,1120000,0
R00-03609,62640000,150000
R00-03610,45220000,150000
R00-03611,101200000,300000
R00-03612,26280000,60000
R00-03613,27030000,60000
R00-03614,2140000,0
R00-03615,61770000,150000
R00-03616,17840000,40000
R00-03617,47400000,150000
R00-03618,84120000,300000
R00-03619,2400000,0
R00-03620,42820000,150000
R00-03621,500000,0
R00-03622,54920000,150000
R00-03623,1570000,0
R00-03624,92000000,300000
R00-03625,24510000,60000
R00-03626,2000000,0
R00-03627,143650000,600000
R00-03628,92060000,300000
R00-03629,21610000,60000
R00-03630,112480000,300000
R00-03631,14170000,40000
R00-03632,102250000,300000
R00-03633,4640000,0
R00-03634,13750000,40000
R00-03635,57170000,150000
R00-03636,45630000,150000
R00-03637,25860000,60000
R00-03638,11010000,40000
R00-03639,103940000,300000
R00-03640,45290000,150000
R00-03641,12730000,40000
R00-03642,72900000,300000
R00-03643,32860000,60000
R00-03644,54590000,150000
R00-03645,1250000,0
R00-03646,65760000,150000
R00-03647,75810000,300000
R00-03648,92550000,300000
R00-03649,81800000,300000
R00-03650,22720000,60000
R00-03651,13420000,40000
R00-03652,91670000,300000
R00-03653,3010000,0
R00-03654,15780000,40000
R00-03655,14420000,40000
R00-03656,61220000,150000
R00-03657,62190000,150000
R00-03658,85820000,300000
R00-03659,74960000,300000
R00-03660,23200000,60000
R00-03661,52350000,150000
R00-03662,63180000,150000
R00-03663,11980000,40000
R00-03664,52070000,150000
R00-03665,92330000,300000
R00-03666,92960000,300000
R00-03667,32390000,60000
R00-03668,126750000,300000
R00-03669,93710000,300000
R00-03670,80750000,300000
R00-03671,114020000,300000
R00-03672,37140000,150000
R00-03673,103860000,300000
R00-03674,44240000,150000
R00-03675,40370000,150000
R00-03676,35460000,150000
R00-03677,41150000,150000
R00-03678,36710000,150000
R00-03679,55610000,150000
R00-03680,22050000,60000
R00-03681,77430000,300000
R00-03682,64400000,150000
R00-03683,81630000,300000
R00-03684,91180000,300000
R00-03685,23900000,60000
R00-03686,51600000,150000
R00-03687,63540000,150000
R00-03688,93080000,300000
R00-03689,30990000,60000
R00-03690,7440000,20000
R00-03691,25020000,60000
R00-03692,23810000,60000
R00-03693,83820000,300000
R00-03694,36490000,150000
R00-03695,62940000,150000
R00-03696,15180000,40000
R00-03697,64260000,150000
R00-03698,84420000,300000
R00-03699,24390000,60000
R00-03700,22430000,60000
R00-03701,54870000,150000
R00-03702,64580000,150000
R00-03703,14750000,40000
R00-03704,22660000,60000
R00-03705,73660000,300000
R00-03706,112650000,300000
R00-03707,14380000,40000
R00-03708,52400000,150000
R00-03709,53970000,150000
R00-03710,74600000,300000
R00-03711,23830000,60000
R00-03712,30770000,60000
R00-03713,47100000,150000
R00-03714,11720000,40000
R00-03715,2080000,0
R00-03716,96110000,300000
R00-03717,101360000,300000
R00-03718,46240000,150000
R00-03719,36180000,150000
R00-03720,24040000,60000
R00-03721,22540000,60000
R00-03722,92440000,300000
R00-03723,20810000,60000
R00-03724,6060000,20000
R00-03725,21040000,60000
R00-03726,14790000,40000
R00-03727,133850000,600000
R00-03728,61870000,150000
R00-03729,38500000,150000
R00-03730,13240000,40000
R00-03731,104690000,300000
R00-03732,4610000,0
R00-03733,67710000,300000
R00-03734,24400000,60000
R00-03735,56160000,150000
R00-03736,6740000,20000
R00-03737,47880000,150000
R00-03738,24820000,60000
R00-03739,33400000,150000
R00-03740,41290000,150000
R00-03741,56620000,150000
R00-03742,7760000,20000
R00-03743,31030000,60000
R00-03744,3400000,0
R00-03745,5010000,20000
R00-03746,24130000,60000
R00-03747,87020000,300000
R00-03748,52840000,150000
R00-03749,6750000,20000
R00-03750,20540000,60000
R00-03751,81970000,300000
R00-03752,59430000,150000
R00-03753,26470000,60000
R00-03754,8080000,20000
R00-03755,53420000,150000
R00-03756,48100000,150000
R00-03757,2880000,0
R00-03758,143760000,600000
R00-03759,34770000,150000
R00-03760,137060000,600000
R00-03761,16890000,40000
R00-03762,24030000,60000
R00-03763,13640000,40000
R00-03764,51910000,150000
R00-03765,105190000,300000
R00-03766,41520000,150000
R00-03767,142460000,600000
R00-03768,34540000,150000
R00-03769,12080000,40000
R00-03770,93890000,300000
R00-03771,7510000,20000
R00-03772,7220000,20000
R00-03773,12590000,40000
R00-03774,33920000,150000
R00-03775,7320000,20000
R00-03776,151980000,600000
R00-03777,23740000,60000
R00-03778,42580000,150000
R00-03779,52690000,150000
R00-03780,12430000,40000
R00-03781,42810000,150000
R00-03782,3000000,0
R00-03783,21370000,60000
R00-03784,11640000,40000
R00-03785,45570000,150000
R00-03786,1890000,0
R00-03787,97930000,300000
R00-03788,65280000,150000
R00-03789,52990000,150000
R00-03790,12200000,40000
R00-03791,34940000,150000
R00-03792,77050000,300000
R00-03793,14340000,40000
R00-03794,38420000,150000
R00-03795,73130000,300000
R00-03796,31210000,60000
R00-03797,57490000,150000
R00-03798,54070000,150000
R00-03799,71150000,300000
R00-03800,14960000,40000
R00-03801,23640000,60000
R00-03802,5320000,20000
R00-03803,930000,0
R00-03804,5360000,20000
R00-03805,7080000,20000
R00-03806,52740000,150000
R00-03807,49560000,150000
R00-03808,42020000,150000
R00-03809,12790000,40000
R00-03810,7610000,20000
R00-03811,34700000,150000
R00-03812,136530000,600000
R00-03813,65030000,150000
R00-03814,91930000,300000
R00-03815,11560000,40000
R00-03816,112610000,300000
R00-03817,116590000,300000
R00-03818,24840000,60000
R00-03819,21710000,60000
R00-03820,1700000,0
R00-03821,24260000,60000
R00-03822,66040000,150000
R00-03823,43210000,150000
R00-03824,44330000,150000
R00-03825,103050000,300000
R00-03826,25450000,60000
R00-03827,43840000,150000
R00-03828,11510000,40000
R00-03829,23600000,60000
R00-03830,6120000,20000
R00-03831,43820000,150000
R00-03832,138690000,600000
R00-03833,51590000,150000
R00-03834,16740000,40000
R00-03835,103380000,300000
R00-03836,2100000,0
R00-03837,8520000,20000
R00-03838,36810000,150000
R00-03839,58880000,150000
R00-03840,78790000,300000
R00-03841,18230000,40000
R00-03842,12350000,40000
R00-03843,46140000,150000
R00-03844,23780000,60000
R00-03845,3660000,0
R00-03846,113660000,300000
R00-03847,15750000,40000
R00-03848,24260000,60000
R00-03849,3300000,0
R00-03850,93790000,300000
R00-03851,61930000,150000
R00-03852,21720000,60000
R00-03853,25430000,60000
R00-03854,37160000,150000
R00-03855,87920000,300000
R00-03856,230000,0
R00-03857,43780000,150000
R00-03858,16330000,40000
R00-03859,120940000,300000
R00-03860,41670000,150000
R00-03861,113660000,300000
R00-03862,57440000,150000
R00-03863,5010000,20000
R00-03864,50910000,150000
R00-03865,13030000,40000
R00-03866,66600000,150000
R00-03867,112440000,300000
R00-03868,72400000,300000
R00-03869,28070000,60000
R00-03870,23470000,60000
R00-03871,55190000,150000
R00-03872,52000000,150000
R00-03873,2510000,0
R00-03874,97930000,300000
R00-03875,82450000,300000
R00-03876,21900000,60000
R00-03877,63260000,150000
R00-03878,14090000,40000
R00-03879,41620000,150000
R00-03880,18080000,40000
R00-03881,90870000,300000
R00-03882,115440000,300000
R00-03883,55080000,150000
R00-03884,2590000,0
R00-03885,2820000,0
R00-03886,13340000,40000
R00-03887,66550000,150000
R00-03888,47780000,150000
R00-03889,38530000,150000
R00-03890,41860000,150000
R00-03891,13550000,40000
R00-03892,11250000,40000
R00-03893,2430000,0
R00-03894,31960000,60000
R00-03895,53920000,150000
R00-03896,132360000,300000
R00-03897,144830000,600000
R00-03898,3660000,0
R00-03899,14090000,40000
R00-03900,53100000,150000
R00-03901,14080000,40000
R00-03902,48450000,150000
R00-03903,63340000,150000
R00-03904,61380000,150000
R00-03905,23190000,60000
R00-03906,12090000,40000
R00-03907,76350000,300000
R00-03908,2660000,0
R00-03909,72680000,300000
R00-03910,3810000,0
R00-03911,9360000,20000
R00-03912,54290000,150000
R00-03913,51410000,150000
R00-03914,35990000,150000
R00-03915,45730000,150000
R00-03916,61370000,150000
R00-03917,25370000,60000
R00-03918,48100000,150000
R00-03919,34480000,150000
R00-03920,95150000,300000
R00-03921,62420000,150000
R00-03922,36120000,150000
R00-03923,14740000,40000
R00-03924,14190000,40000
R00-03925,23110000,60000
R00-03926,50720000,150000
R00-03927,13200000,40000
R00-03928,24090000,60000
R00-03929,63560000,150000
R00-03930,2740000,0
R00-03931,62590000,150000
R00-03932,1450000,0
R00-03933,62860000,150000
R00-03934,102280000,300000
R00-03935,91660000,300000
R00-03936,32700000,60000
R00-03937,3070000,0
R00-03938,83610000,300000
R00-03939,32940000,60000
R00-03940,44450000,150000
R00-03941,1800000,0
R00-03942,96860000,300000
R00-03943,24830000,60000
R00-03944,24670000,60000
R00-03945,25890000,60000
R00-03946,41340000,150000
R00-03947,21360000,60000
R00-03948,24560000,60000
R00-03949,21660000,60000
R00-03950,52230000,150000
R00-03951,60900000,150000
R00-03952,2820000,0
R00-03953,93970000,300000
R00-03954,46800000,150000
R00-03955,105640000,300000
R00-03956,43470000,150000
R00-03957,7590000,20000
R00-03958,620000,0
R00-03959,21260000,60000
R00-03960,41470000,150000
R00-03961,45400000,150000
R00-03962,63880000,150000
R00-03963,31570000,60000
R00-03964,4810000,0
R00-03965,36880000,150000
R00-03966,23080000,60000
R00-03967,73770000,300000
R00-03968,43150000,150000
R00-03969,15720000,40000
R00-03970,65250000,150000
R00-03971,53080000,150000
R00-03972,11620000,40000
R00-03973,4620000,0
R00-03974,76980000,300000
R00-03975,41700000,150000
R00-03976,23840000,60000
R00-03977,91430000,300000
R00-03978,22540000,60000
R00-03979,8140000,20000
R00-03980,12390000,40000
R00-03981,92350000,300000
R00-03982,4550000,0
R00-03983,54370000,150000
R00-03984,50950000,150000
R00-03985,7650000,20000
R00-03986,53260000,150000
R00-03987,15620000,40000
R00-03988,63360000,150000
R00-03989,52200000,150000
R00-03990,6370000,20000
R00-03991,47970000,150000
R00-03992,55810000,150000
R00-03993,11670000,40000
R00-03994,60240000,150000
R00-03995,34790000,150000
R00-03996,76620000,300000
R00-03997,42520000,150000
R00-03998,37790000,150000
R00-03999,33700000,150000
R00-04000,84320000,300000
R00-04001,2530000,0
R00-04002,26220000,60000
R00-04003,16920000,40000
R00-04004,11460000,40000
R00-04005,42000000,150000
R00-04006,76680000,300000
R00-04007,2520000,0
R00-04008,31480000,60000
R00-04009,65430000,150000
R00-04010,73800000,300000
R00-04011,6980000,20000
R00-04012,22650000,60000
R00-04013,13380000,40000
R00-04014,21790000,60000
R00-04015,15560000,40000
R00-04016,44710000,150000
R00-04017,640000,0
R00-04018,2750000,0
R00-04019,33270000,60000
R00-04020,48280000,150000
R00-04021,21920000,60000
R00-04022,45230000,150000
R00-04023,12820000,40000
R00-04024,44620000,150000
R00-04025,26410000,60000
R00-04026,32820000,60000
R00-04027,24520000,60000
R00-04028,32970000,60000
R00-04029,35870000,150000
R00-04030,42670000,150000
R00-04031,32510000,60000
R00-04032,3890000,0
R00-04033,53590000,150000
R00-04034,131400000,300000
R00-04035,3370000,0
R00-04036,66720000,300000
R00-04037,32080000,60000
R00-04038,79090000,300000
R00-04039,52360000,150000
R00-04040,144970000,600000
R00-04041,63180000,150000
R00-04042,31860000,60000
R00-04043,3640000,0
R00-04044,25510000,60000
R00-04045,56100000,150000
R00-04046,21140000,60000
R00-04047,22940000,60000
R00-04048,85660000,300000
R00-04049,63460000,150000
R00-04050,75590000,300000
R00-04051,45710000,150000
R00-04052,2880000,0
R00-04053,13930000,40000
R00-04054,22720000,60000
R00-04055,1790000,0
R00-04056,36180000,150000
R00-04057,23520000,60000
R00-04058,31780000,60000
R00-04059,2370000,0
R00-04060,16480000,40000
R00-04061,27280000,60000
R00-04062,96800000,300000
R00-04063,5120000,20000
R00-04064,42120000,150000
R00-04065,1860000,0
R00-04066,91130000,300000
R00-04067,52150000,150000
R00-04068,33290000,60000
R00-04069,4120000,0
R00-04070,1460000,0
R00-04071,31830000,60000
R00-04072,3590000,0
R00-04073,34260000,150000
R00-04074,1290000,0
R00-04075,54010000,150000
R00-04076,7110000,20000
R00-04077,73840000,300000
R00-04078,63500000,150000
R00-04079,41740000,150000
R00-04080,21560000,60000
R00-04081,32850000,60000
R00-04082,84590000,300000
R00-04083,23350000,60000
R00-04084,55370000,150000
R00-04085,71870000,300000
R00-04086,31820000,60000
R00-04087,17830000,40000
R00-04088,21830000,60000
R00-04089,1910000,0
R00-04090,12160000,40000
R00-04091,32440000,60000
R00-04092,30920000,60000
R00-04093,370000,0
R00-04094,67990000,300000
R00-04095,71540000,300000
R00-04096,138390000,600000
R00-04097,44130000,150000
R00-04098,47000000,150000
R00-04099,42360000,150000
R00-04100,11870000,40000
R00-04101,73020000,300000
R00-04102,2200000,0
R00-04103,114080000,300000
R00-04104,77480000,300000
R00-04105,16850000,40000
R00-04106,6290000,20000
R00-04107,45870000,150000
R00-04108,54620000,150000
R00-04109,37500000,150000
R00-04110,111730000,300000
R00-04111,80540000,300000
R00-04112,76130000,300000
R00-04113,12040000,40000
R00-04114,65000000,150000
R00-04115,14210000,40000
R00-04116,63150000,150000
R00-04117,3700000,0
R00-04118,45270000,150000
R00-04119,35890000,150000
R00-04120,2450000,0
R00-04121,8900000,20000
R00-04122,26220000,60000
R00-04123,14850000,40000
R00-04124,21820000,60000
R00-04125,16540000,40000
R00-04126,23330000,60000
R00-04127,103250000,300000
R00-04128,61800000,150000
R00-04129,3480000,0
R00-04130,12830000,40000
R00-04131,11930000,40000
R00-04132,10760000,40000
R00-04133,3100000,0
R00-04134,71500000,300000
R00-04135,3820000,0
R00-04136,22200000,60000
R00-04137,41300000,150000
R00-04138,6070000,20000
R00-04139,86900000,300000
R00-04140,91570000,300000
R00-04141,5450000,20000
R00-04142,34760000,150000
R00-04143,75620000,300000
R00-04144,7300000,20000
R00-04145,21570000,60000
R00-04146,4670000,0
R00-04147,2250000,0
R00-04148,35680000,150000
R00-04149,43720000,150000
R00-04150,94970000,300000
R00-04151,8410000,20000
R00-04152,82420000,300000
R00-04153,44060000,150000
R00-04154,13160000,40000
R00-04155,56070000,150000
R00-04156,21300000,60000
R00-04157,43050000,150000
R00-04158,56420000,150000
R00-04159,86070000,300000
R00-04160,34010000,150000
R00-04161,14730000,40000
R00-04162,86520000,300000
R00-04163,6290000,20000
R00-04164,8190000,20000
R00-04165,40510000,150000
R00-04166,96410000,300000
R00-04167,26990000,60000
R00-04168,15690000,40000
R00-04169,11760000,40000
R00-04170,34210000,150000
R00-04171,31890000,60000
R00-04172,3800000,0
R00-04173,84650000,300000
R00-04174,13770000,40000
R00-04175,13330000,40000
R00-04176,22050000,60000
R00-04177,3630000,0
R00-04178,64880000,150000
R00-04179,55170000,150000
R00-04180,14550000,40000
R00-04181,3810000,0
R00-04182,4940000,0
R00-04183,13480000,40000
R00-04184,56580000,150000
R00-04185,115090000,300000
R00-04186,66740000,300000
R00-04187,1640000,0
R00-04188,45880000,150000
R00-04189,22980000,60000
R00-04190,75750000,300000
R00-04191,62950000,150000
R00-04192,3860000,0
R00-04193,26480000,60000
R00-04194,25570000,60000
R00-04195,35170000,150000
R00-04196,73990000,300000
R00-04197,3340000,0
R00-04198,27930000,60000
R00-04199,41330000,150000
R00-04200,25640000,60000
R00-04201,62650000,150000
R00-04202,154300000,600000
R00-04203,53680000,150000
R00-04204,63630000,150000
R00-04205,61720000,150000
R00-04206,73920000,300000
R00-04207,3220000,0
R00-04208,85010000,300000
R00-04209,61170000,150000
R00-04210,11730000,40000
R00-04211,52000000,150000
R00-04212,71520000,300000
R00-04213,20850000,60000
R00-04214,27560000,60000
R00-04215,7260000,20000
R00-04216,96990000,300000
R00-04217,2420000,0
R00-04218,25420000,60000
R00-04219,62500000,150000
R00-04220,61400000,150000
R00-04221,24010000,60000
R00-04222,54000000,150000
R00-04223,3180000,0
R00-04224,5280000,20000
R00-04225,42140000,150000
R00-04226,33470000,150000
R00-04227,62800000,150000
R00-04228,54040000,150000
R00-04229,12740000,40000
R00-04230,43030000,150000
R00-04231,28200000,60000
R00-04232,94870000,300000
R00-04233,83000000,300000
R00-04234,1230000,0
R00-04235,12840000,40000
R00-04236,1110000,0
R00-04237,6120000,20000
R00-04238,5490000,20000
R00-04239,24160000,60000
R00-04240,23570000,60000
R00-04241,24750000,60000
R00-04242,62610000,150000
R00-04243,113100000,300000
R00-04244,96190000,300000
R00-04245,111700000,300000
R00-04246,75910000,300000
R00-04247,4850000,0
R00-04248,56940000,150000
R00-04249,31660000,60000
R00-04250,2000000,0
R00-04251,12350000,40000
R00-04252,75910000,300000
R00-04253,41750000,150000
R00-04254,14320000,40000
R00-04255,1750000,0
R00-04256,16310000,40000
R00-04257,6610000,20000
R00-04258,85660000,300000
R00-04259,43680000,150000
R00-04260,22060000,60000
R00-04261,43760000,150000
R00-04262,91110000,300000
R00-04263,1540000,0
R00-04264,55850000,150000
R00-04265,26370000,60000
R00-04266,39490000,150000
R00-04267,103600000,300000
R00-04268,25460000,60000
R00-04269,4750000,0
R00-04270,20710000,60000
R00-04271,35740000,150000
R00-04272,95010000,300000
R00-04273,32800000,60000
R00-04274,23080000,60000
R00-04275,74140000,300000
R00-04276,44260000,150000
R00-04277,45490000,150000
R00-04278,109000000,300000
R00-04279,11520000,40000
R00-04280,66360000,150000
R00-04281,20560000,60000
R00-04282,115240000,300000
R00-04283,55370000,150000
R00-04284,3050000,0
R00-04285,52180000,150000
R00-04286,12550000,40000
R00-04287,16260000,40000
R00-04288,38600000,150000
R00-04289,133900000,600000
R00-04290,74520000,300000
R00-04291,8060000,20000
R00-04292,34180000,150000
R00-04293,1950000,0
R00-04294,82890000,300000
R00-04295,45530000,150000
R00-04296,82870000,300000
R00-04297,53350000,150000
R00-04298,17480000,40000
R00-04299,15460000,40000
R00-04300,64050000,150000
R00-04301,56440000,150000
R00-04302,71690000,300000
R00-04303,8930000,20000
R00-04304,47620000,150000
R00-04305,54230000,150000
R00-04306,2450000,0
R00-04307,27010000,60000
R00-04308,45500000,150000
R00-04309,62620000,150000
R00-04310,37200000,150000
R00-04311,23110000,60000
R00-04312,97350000,300000
R00-04313,83420000,300000
R00-04314,63870000,150000
R00-04315,53170000,150000
R00-04316,35820000,150000
R00-04317,36880000,150000
R00-04318,121130000,300000
R00-04319,13360000,40000
R00-04320,4650000,0
R00-04321,24290000,60000
R00-04322,33830000,150000
R00-04323,5550000,20000
R00-04324,11690000,40000
R00-04325,33230000,60000
R00-04326,82830000,300000
R00-04327,31520000,60000
R00-04328,17740000,40000
R00-04329,3870000,0
R00-04330,221440000,1000000
R00-04331,61230000,150000
R00-04332,31060000,60000
R00-04333,123720000,300000
R00-04334,60820000,150000
R00-04335,31700000,60000
R00-04336,144040000,600000
R00-04337,34000000,150000
R00-04338,34150000,150000
R00-04339,2700000,0
R00-04340,14760000,40000
R00-04341,83360000,300000
R00-04342,21560000,60000
R00-04343,35020000,150000
R00-04344,63280000,150000
R00-04345,21420000,60000
R00-04346,51570000,150000
R00-04347,22360000,60000
R00-04348,32370000,60000
R00-04349,5550000,20000
R00-04350,25350000,60000
R00-04351,72670000,300000
R00-04352,31960000,60000
R00-04353,20420000,60000
R00-04354,53460000,150000
R00-04355,46940000,150000
R00-04356,27120000,60000
R00-04357,64960000,150000
R00-04358,41990000,150000
R00-04359,17680000,40000
R00-04360,78640000,300000
R00-04361,24930000,60000
R00-04362,33990000,150000
R00-04363,63230000,150000
R00-04364,14790000,40000
R00-04365,24350000,60000
R00-04366,32310000,60000
R00-04367,17510000,40000
R00-04368,15790000,40000
R00-04369,53430000,150000
R00-04370,11680000,40000
R00-04371,22700000,60000
R00-04372,72460000,300000
R00-04373,44350000,150000
R00-04374,92860000,300000
R00-04375,50870000,150000
R00-04376,34740000,150000
R00-04377,102150000,300000
R00-04378,102630000,300000
R00-04379,65010000,150000
R00-04380,1800000,0
R00-04381,85800000,300000
R00-04382,38460000,150000
R00-04383,71460000,300000
R00-04384,14110000,40000
R00-04385,4560000,0
R00-04386,2960000,0
R00-04387,12970000,40000
R00-04388,85490000,300000
R00-04389,1870000,0
R00-04390,27320000,60000
R00-04391,81580000,300000
R00-04392,35950000,150000
R00-04393,57330000,150000
R00-04394,6260000,20000
R00-04395,52950000,150000
R00-04396,63150000,150000
R00-04397,22460000,60000
R00-04398,1490000,0
R00-04399,17690000,40000
R00-04400,152080000,600000
R00-04401,60920000,150000
R00-04402,131420000,300000
R00-04403,13110000,40000
R00-04404,51420000,150000
R00-04405,11960000,40000
R00-04406,42890000,150000
R00-04407,66810000,300000
R00-04408,22950000,60000
R00-04409,81320000,300000
R00-04410,22550000,60000
R00-04411,13970000,40000
R00-04412,3640000,0
R00-04413,72190000,300000
R00-04414,65050000,150000
R00-04415,32000000,60000
R00-04416,64800000,150000
R00-04417,63160000,150000
R00-04418,82650000,300000
R00-04419,60570000,150000
R00-04420,122660000,300000
R00-04421,131920000,300000
R00-04422,48070000,150000
R00-04423,83310000,300000
R00-04424,43080000,150000
R00-04425,53030000,150000
R00-04426,172750000,600000
R00-04427,12250000,40000
R00-04428,41400000,150000
R00-04429,95870000,300000
R00-04430,94950000,300000
R00-04431,31840000,60000
R00-04432,53410000,150000
R00-04433,51980000,150000
R00-04434,10570000,40000
R00-04435,113690000,300000
R00-04436,5050000,20000
R00-04437,53420000,150000
R00-04438,32090000,60000
R00-04439,48390000,150000
R00-04440,101850000,300000
R00-04441,5700000,20000
R00-04442,121610000,300000
R00-04443,32650000,60000
R00-04444,2200000,0
R00-04445,72140000,300000
R00-04446,112420000,300000
R00-04447,14460000,40000
R00-04448,23470000,60000
R00-04449,5590000,20000
R00-04450,60910000,150000
R00-04451,12140000,40000
R00-04452,25140000,60000
R00-04453,53630000,150000
R00-04454,44880000,150000
R00-04455,4240000,0
R00-04456,34670000,150000
R00-04457,11870000,40000
R00-04458,55870000,150000
R00-04459,96230000,300000
R00-04460,25100000,60000
R00-04461,68050000,300000
R00-04462,41840000,150000
R00-04463,4970000,0
R00-04464,63510000,150000
R00-04465,12120000,40000
R00-04466,101660000,300000
R00-04467,63290000,150000
R00-04468,33710000,150000
R00-04469,15360000,40000
R00-04470,33580000,150000
R00-04471,3250000,0
R00-04472,3880000,0
R00-04473,22690000,60000
R00-04474,156630000,600000
R00-04475,57780000,150000
R00-04476,34640000,150000
R00-04477,3620000,0
R00-04478,10770000,40000
R00-04479,32980000,60000
R00-04480,88750000,300000
R00-04481,22630000,60000
R00-04482,51430000,150000
R00-04483,51130000,150000
R00-04484,85350000,300000
R00-04485,71780000,300000
R00-04486,85800000,300000
R00-04487,80640000,300000
R00-04488,7050000,20000
R00-04489,82750000,300000
R00-04490,11360000,40000
R00-04491,53230000,150000
R00-04492,12650000,40000
R00-04493,5250000,20000
R00-04494,3310000,0
R00-04495,63420000,150000
R00-04496,2430000,0
R00-04497,51980000,150000
R00-04498,85070000,300000
R00-04499,74000000,300000
R00-04500,104590000,300000
R00-04501,12590000,40000
R00-04502,22190000,60000
R00-04503,60330000,150000
R00-04504,32690000,60000
R00-04505,41230000,150000
R00-04506,5520000,20000
R00-04507,94730000,300000
R00-04508,83780000,300000
R00-04509,21130000,60000
R00-04510,58900000,150000
R00-04511,12910000,40000
R00-04512,44130000,150000
R00-04513,22690000,60000
R00-04514,23280000,60000
R00-04515,51890000,150000
R00-04516,33820000,150000
R00-04517,67310000,300000
R00-04518,80650000,300000
R00-04519,24560000,60000
R00-04520,113780000,300000
R00-04521,21470000,60000
R00-04522,43320000,150000
R00-04523,5320000,20000
R00-04524,5660000,20000
R00-04525,3230000,0
R00-04526,54200000,150000
R00-04527,33940000,150000
R00-04528,5210000,20000
R00-04529,52170000,150000
R00-04530,106220000,300000
R00-04531,51190000,150000
R00-04532,12870000,40000
R00-04533,93990000,300000
R00-04534,3460000,0
R00-04535,14020000,40000
R00-04536,38380000,150000
R00-04537,63490000,150000
R00-04538,58560000,150000
R00-04539,41380000,150000
R00-04540,42080000,150000
R00-04541,61920000,150000
R00-04542,20170000,60000
R00-04543,23390000,60000
R00-04544,27170000,60000
R00-04545,63340000,150000
R00-04546,94050000,300000
R00-04547,27680000,60000
R00-04548,64220000,150000
R00-04549,32580000,60000
R00-04550,4310000,0
R00-04551,28580000,60000
R00-04552,26190000,60000
R00-04553,28010000,60000
R00-04554,43350000,150000
R00-04555,36640000,150000
R00-04556,62900000,150000
R00-04557,66170000,150000
R00-04558,51930000,150000
R00-04559,22710000,60000
R00-04560,21750000,60000
R00-04561,23600000,60000
R00-04562,38350000,150000
R00-04563,86990000,300000
R00-04564,7760000,20000
R00-04565,131730000,300000
R00-04566,81300000,300000
R00-04567,75100000,300000
R00-04568,14220000,40000
R00-04569,12030000,40000
R00-04570,15360000,40000
R00-04571,16820000,40000
R00-04572,43660000,150000
R00-04573,27150000,60000
R00-04574,4440000,0
R00-04575,52840000,150000
R00-04576,55430000,150000
R00-04577,45190000,150000
R00-04578,30960000,60000
R00-04579,3010000,0
R00-04580,5550000,20000
R00-04581,21620000,60000
R00-04582,97900000,300000
R00-04583,87690000,300000
R00-04584,32830000,60000
R00-04585,67630000,300000
R00-04586,1800000,0
R00-04587,17210000,40000
R00-04588,52220000,150000
R00-04589,2110000,0
R00-04590,28900000,60000
R00-04591,5680000,20000
R00-04592,1770000,0
R00-04593,60970000,150000
R00-04594,12830000,40000
R00-04595,71870000,300000
R00-04596,9110000,20000
R00-04597,52460000,150000
R00-04598,34410000,150000
R00-04599,41210000,150000
R00-04600,63090000,150000
R00-04601,84480000,300000
R00-04602,54540000,150000
R00-04603,23280000,60000
R00-04604,2330000,0
R00-04605,84600000,300000
R00-04606,42360000,150000
R00-04607,3470000,0
R00-04608,53910000,150000
R00-04609,17530000,40000
R00-04610,31950000,60000
R00-04611,3760000,0
R00-04612,14620000,40000
R00-04613,62140000,150000
R00-04614,32790000,60000
R00-04615,13050000,40000
R00-04616,12040000,40000
R00-04617,2650000,0
R00-04618,14140000,40000
R00-04619,33070000,60000
R00-04620,74420000,300000
R00-04621,2500000,0
R00-04622,36900000,150000
R00-04623,32680000,60000
R00-04624,33960000,150000
R00-04625,14890000,40000
R00-04626,101620000,300000
R00-04627,122190000,300000
R00-04628,145870000,600000
R00-04629,11990000,40000
R00-04630,14410000,40000
R00-04631,29050000,60000
R00-04632,25820000,60000
R00-04633,53330000,150000
R00-04634,74420000,300000
R00-04635,26340000,60000
R00-04636,56620000,150000
R00-04637,50910000,150000
R00-04638,72330000,300000
R00-04639,42630000,150000
R00-04640,43020000,150000
R00-04641,72170000,300000
R00-04642,21860000,60000
R00-04643,2380000,0
R00-04644,12930000,40000
R00-04645,16540000,40000
R00-04646,34030000,150000
R00-04647,82220000,300000
R00-04648,121600000,300000
R00-04649,12380000,40000
R00-04650,47690000,150000
R00-04651,31610000,60000
R00-04652,47770000,150000
R00-04653,91360000,300000
R00-04654,52150000,150000
R00-04655,51810000,150000
R00-04656,16110000,40000
R00-04657,126680000,300000
R00-04658,31560000,60000
R00-04659,430000,0
R00-04660,5180000,20000
R00-04661,20640000,60000
R00-04662,31760000,60000
R00-04663,71400000,300000
R00-04664,22300000,60000
R00-04665,22070000,60000
R00-04666,56270000,150000
R00-04667,45710000,150000
R00-04668,83860000,300000
R00-04669,133080000,300000
R00-04670,85570000,300000
R00-04671,950000,0
R00-04672,36750000,150000
R00-04673,13540000,40000
R00-04674,61220000,150000
R00-04675,95700000,300000
R00-04676,12200000,40000
R00-04677,3900000,0
R00-04678,11010000,40000
R00-04679,43850000,150000
R00-04680,21890000,60000
R00-04681,9460000,20000
R00-04682,73920000,300000
R00-04683,53730000,150000
R00-04684,23090000,60000
R00-04685,32430000,60000
R00-04686,27180000,60000
R00-04687,25810000,60000
R00-04688,81460000,300000
R00-04689,36950000,150000
R00-04690,61920000,150000
R00-04691,6540000,20000
R00-04692,31240000,60000
R00-04693,62090000,150000
R00-04694,1280000,0
R00-04695,2990000,0
R00-04696,15590000,40000
R00-04697,82750000,300000
R00-04698,9240000,20000
R00-04699,94500000,300000
R00-04700,23570000,60000
R00-04701,27380000,60000
R00-04702,55550000,150000
R00-04703,86210000,300000
R00-04704,19490000,40000
R00-04705,12750000,40000
R00-04706,32330000,60000
R00-04707,73320000,300000
R00-04708,65030000,150000
R00-04709,4780000,0
R00-04710,21880000,60000
R00-04711,14950000,40000
R00-04712,11580000,40000
R00-04713,32180000,60000
R00-04714,1590000,0
R00-04715,13120000,40000
R00-04716,25390000,60000
R00-04717,31310000,60000
R00-04718,45630000,150000
R00-04719,11990000,40000
R00-04720,24880000,60000
R00-04721,53240000,150000
R00-04722,107040000,300000
R00-04723,7140000,20000
R00-04724,16020000,40000
R00-04725,19000000,40000
R00-04726,75160000,300000
R00-04727,94450000,300000
R00-04728,105690000,300000
R00-04729,23450000,60000
R00-04730,57050000,150000
R00-04731,2180000,0
R00-04732,62150000,150000
R00-04733,36930000,150000
R00-04734,24350000,60000
R00-04735,64230000,150000
R00-04736,3620000,0
R00-04737,53880000,150000
R00-04738,3970000,0
R00-04739,16030000,40000
R00-04740,2000000,0
R00-04741,34140000,150000
R00-04742,67630000,300000
R00-04743,82050000,300000
R00-04744,65280000,150000
R00-04745,33800000,150000
R00-04746,53430000,150000
R00-04747,8630000,20000
R00-04748,22020000,60000
R00-04749,35870000,150000
R00-04750,12710000,40000
R00-04751,26560000,60000
R00-04752,93050000,300000
R00-04753,22800000,60000
R00-04754,100810000,300000
R00-04755,30700000,60000
R00-04756,42160000,150000
R00-04757,5610000,20000
R00-04758,32260000,60000
R00-04759,55780000,150000
R00-04760,53860000,150000
R00-04761,730000,0
R00-04762,22670000,60000
R00-04763,3240000,0
R00-04764,15010000,40000
R00-04765,21750000,60000
R00-04766,21510000,60000
R00-04767,34170000,150000
R00-04768,20240000,60000
R00-04769,95040000,300000
R00-04770,14520000,40000
R00-04771,3830000,0
R00-04772,73510000,300000
R00-04773,133220000,300000
R00-04774,22700000,60000
R00-04775,12180000,40000
R00-04776,12070000,40000
R00-04777,26420000,60000
R00-04778,10560000,40000
R00-04779,52050000,150000
R00-04780,21520000,60000
R00-04781,15070000,40000
R00-04782,143750000,600000
R00-04783,26170000,60000
R00-04784,112780000,300000
R00-04785,72990000,300000
R00-04786,83830000,300000
R00-04787,2180000,0
R00-04788,24130000,60000
R00-04789,13690000,40000
R00-04790,55250000,150000
R00-04791,52070000,150000
R00-04792,73250000,300000
R00-04793,23890000,60000
R00-04794,56410000,150000
R00-04795,13460000,40000
R00-04796,45270000,150000
