고객ID,타사이전금액,혜택금액
R20-00000,102000000,300000
R20-00001,40780000,150000
R20-00002,3550000,0
R20-00003,57300000,150000
R20-00004,6060000,20000
R20-00005,44470000,150000
R20-00006,74400000,300000
R20-00007,82270000,300000
R20-00008,32180000,60000
R20-00009,45080000,150000
R20-00010,22660000,60000
R20-00011,73750000,300000
R20-00012,43430000,150000
R20-00013,20310000,60000
R20-00014,50910000,150000
R20-00015,42090000,150000
R20-00016,22680000,60000
R20-00017,12030000,40000
R20-00018,111230000,300000
R20-00019,2530000,0
R20-00020,51280000,150000
R20-00021,16490000,40000
R20-00022,41410000,150000
R20-00023,62320000,150000
R20-00024,7730000,20000
R20-00025,43460000,150000
R20-00026,4690000,0
R20-00027,44360000,150000
R20-00028,34470000,150000
R20-00029,1980000,0
R20-00030,65170000,150000
R20-00031,123550000,300000
R20-00032,81290000,300000
R20-00033,74380000,300000
R20-00034,2840000,0
R20-00035,115150000,300000
R20-00036,2130000,0
R20-00037,5960000,20000
R20-00038,46510000,150000
R20-00039,5730000,20000
R20-00040,11730000,40000
R20-00041,24640000,60000
R20-00042,32410000,60000
R20-00043,64860000,150000
R20-00044,81380000,300000
R20-00045,2880000,0
R20-00046,74620000,300000
R20-00047,24630000,60000
R20-00048,10490000,40000
R20-00049,7810000,20000
R20-00050,2650000,0
R20-00051,12460000,40000
R20-00052,22640000,60000
R20-00053,102220000,300000
R20-00054,31950000,60000
R20-00055,8070000,20000
R20-00056,5880000,20000
R20-00057,73270000,300000
R20-00058,4160000,0
R20-00059,7760000,20000
R20-00060,25200000,60000
R20-00061,94140000,300000
R20-00062,61300000,150000
R20-00063,55560000,150000
R20-00064,22160000,60000
R20-00065,2100000,0
R20-00066,12290000,40000
R20-00067,31300000,60000
R20-00068,16930000,40000
R20-00069,94950000,300000
R20-00070,112080000,300000
R20-00071,45290000,150000
R20-00072,17940000,40000
R20-00073,136930000,600000
R20-00074,16550000,40000
R20-00075,53190000,150000
R20-00076,2580000,0
R20-00077,52730000,150000
R20-00078,44870000,150000
R20-00079,45100000,150000
R20-00080,22000000,60000
R20-00081,35070000,150000
R20-00082,35110000,150000
R20-00083,35600000,150000
R20-00084,7240000,20000
R20-00085,34370000,150000
R20-00086,132850000,300000
R20-00087,2900000,0
R20-00088,56370000,150000
R20-00089,61420000,150000
R20-00090,30840000,60000
R20-00091,54960000,150000
R20-00092,62550000,150000
R20-00093,23210000,60000
R20-00094,21300000,60000
R20-00095,25250000,60000
R20-00096,37000000,150000
R20-00097,30890000,60000
R20-00098,36070000,150000
R20-00099,135650000,600000
R20-00100,97000000,300000
R20-00101,83840000,300000
R20-00102,42230000,150000
R20-00103,76250000,300000
R20-00104,64860000,150000
R20-00105,74110000,300000
R20-00106,44510000,150000
R20-00107,11850000,40000
R20-00108,61300000,150000
R20-00109,9030000,20000
R20-00110,44100000,150000
R20-00111,15110000,40000
R20-00112,23030000,60000
R20-00113,83740000,300000
R20-00114,55270000,150000
R20-00115,73180000,300000
R20-00116,32640000,60000
R20-00117,53090000,150000
R20-00118,31550000,60000
R20-00119,110910000,300000
R20-00120,780000,0
R20-00121,19220000,40000
R20-00122,63020000,150000
R20-00123,71580000,300000
R20-00124,25830000,60000
R20-00125,13110000,40000
R20-00126,14690000,40000
R20-00127,42500000,150000
R20-00128,37020000,150000
R20-00129,94310000,300000
R20-00130,75720000,300000
R20-00131,24050000,60000
R20-00132,23540000,60000
R20-00133,23980000,60000
R20-00134,62600000,150000
R20-00135,24020000,60000
R20-00136,32620000,60000
R20-00137,104640000,300000
R20-00138,16140000,40000
R20-00139,18250000,40000
R20-00140,8470000,20000
R20-00141,81310000,300000
R20-00142,62240000,150000
R20-00143,4500000,0
R20-00144,142660000,600000
R20-00145,87070000,300000
R20-00146,25710000,60000
R20-00147,52220000,150000
R20-00148,28060000,60000
R20-00149,45400000,150000
R20-00150,20290000,60000
R20-00151,44610000,150000
R20-00152,6170000,20000
R20-00153,17480000,40000
R20-00154,14800000,40000
R20-00155,105810000,300000
R20-00156,52600000,150000
R20-00157,40630000,150000
R20-00158,33230000,60000
R20-00159,44400000,150000
R20-00160,92540000,300000
R20-00161,2600000,0
R20-00162,33300000,60000
R20-00163,23930000,60000
R20-00164,52030000,150000
R20-00165,32820000,60000
R20-00166,37620000,150000
R20-00167,68360000,300000
R20-00168,43740000,150000
R20-00169,42290000,150000
R20-00170,22290000,60000
R20-00171,105950000,300000
R20-00172,17590000,40000
R20-00173,15560000,40000
R20-00174,82050000,300000
R20-00175,4470000,0
R20-00176,30810000,60000
R20-00177,27080000,60000
R20-00178,28550000,60000
R20-00179,15860000,40000
R20-00180,15730000,40000
R20-00181,2550000,0
R20-00182,92710000,300000
R20-00183,52840000,150000
R20-00184,2590000,0
R20-00185,44960000,150000
R20-00186,12460000,40000
R20-00187,2330000,0
R20-00188,36140000,150000
R20-00189,83080000,300000
R20-00190,23250000,60000
R20-00191,50640000,150000
R20-00192,67950000,300000
R20-00193,14710000,40000
R20-00194,82470000,300000
R20-00195,70250000,300000
R20-00196,81200000,300000
R20-00197,91990000,300000
R20-00198,103110000,300000
R20-00199,8610000,20000
R20-00200,81340000,300000
R20-00201,12650000,40000
R20-00202,41770000,150000
R20-00203,79560000,300000
R20-00204,54410000,150000
R20-00205,13220000,40000
R20-00206,1830000,0
R20-00207,43930000,150000
R20-00208,9450000,20000
R20-00209,52660000,150000
R20-00210,22880000,60000
R20-00211,24990000,60000
R20-00212,63820000,150000
R20-00213,73750000,300000
R20-00214,34230000,150000
R20-00215,74030000,300000
R20-00216,38020000,150000
R20-00217,46610000,150000
R20-00218,26670000,60000
R20-00219,12410000,40000
R20-00220,55600000,150000
R20-00221,14220000,40000
R20-00222,62850000,150000
R20-00223,52190000,150000
R20-00224,66600000,150000
R20-00225,35490000,150000
R20-00226,13680000,40000
R20-00227,45500000,150000
R20-00228,49280000,150000
R20-00229,22860000,60000
R20-00230,13760000,40000
R20-00231,56240000,150000
R20-00232,70870000,300000
R20-00233,146400000,600000
R20-00234,62050000,150000
R20-00235,21130000,60000
R20-00236,38180000,150000
R20-00237,14690000,40000
R20-00238,30790000,60000
R20-00239,25630000,60000
R20-00240,7950000,20000
R20-00241,12870000,40000
R20-00242,76560000,300000
R20-00243,41400000,150000
R20-00244,45480000,150000
R20-00245,13800000,40000
R20-00246,54760000,150000
R20-00247,23170000,60000
R20-00248,112390000,300000
R20-00249,3230000,0
R20-00250,33670000,150000
R20-00251,27400000,60000
R20-00252,10900000,40000
R20-00253,20720000,60000
R20-00254,1090000,0
R20-00255,63510000,150000
R20-00256,13470000,40000
R20-00257,61840000,150000
R20-00258,6470000,20000
R20-00259,101050000,300000
R20-00260,95960000,300000
R20-00261,64460000,150000
R20-00262,8450000,20000
R20-00263,82030000,300000
R20-00264,61740000,150000
R20-00265,1620000,0
R20-00266,44860000,150000
R20-00267,16110000,40000
R20-00268,52240000,150000
R20-00269,104460000,300000
R20-00270,54360000,150000
R20-00271,9130000,20000
R20-00272,122320000,300000
R20-00273,3990000,0
R20-00274,4930000,0
R20-00275,3690000,0
R20-00276,55270000,150000
R20-00277,125090000,300000
R20-00278,13430000,40000
R20-00279,49350000,150000
R20-00280,6600000,20000
R20-00281,24150000,60000
R20-00282,69210000,300000
R20-00283,46390000,150000
R20-00284,96880000,300000
R20-00285,94460000,300000
R20-00286,214040000,1000000
R20-00287,41620000,150000
R20-00288,22860000,60000
R20-00289,58730000,150000
R20-00290,28670000,60000
R20-00291,4020000,0
R20-00292,14980000,40000
R20-00293,73850000,300000
R20-00294,78890000,300000
R20-00295,5820000,20000
R20-00296,83700000,300000
R20-00297,64910000,150000
R20-00298,43670000,150000
R20-00299,32880000,60000
R20-00300,63860000,150000
R20-00301,24330000,60000
R20-00302,21890000,60000
R20-00303,63250000,150000
R20-00304,73650000,300000
R20-00305,5310000,20000
R20-00306,62260000,150000
R20-00307,172770000,600000
R20-00308,4510000,0
R20-00309,35770000,150000
R20-00310,72350000,300000
R20-00311,7070000,20000
R20-00312,36460000,150000
R20-00313,12190000,40000
R20-00314,32900000,60000
R20-00315,41620000,150000
R20-00316,790000,0
R20-00317,2210000,0
R20-00318,3620000,0
R20-00319,92130000,300000
R20-00320,60530000,150000
R20-00321,8150000,20000
R20-00322,62190000,150000
R20-00323,44370000,150000
R20-00324,52260000,150000
R20-00325,44460000,150000
R20-00326,8910000,20000
R20-00327,34110000,150000
R20-00328,35200000,150000
R20-00329,62100000,150000
R20-00330,44340000,150000
R20-00331,52940000,150000
R20-00332,48530000,150000
R20-00333,16700000,40000
R20-00334,2040000,0
R20-00335,12740000,40000
R20-00336,93800000,300000
R20-00337,64080000,150000
R20-00338,44760000,150000
R20-00339,52040000,150000
R20-00340,75520000,300000
R20-00341,53790000,150000
R20-00342,31060000,60000
R20-00343,4890000,0
R20-00344,6180000,20000
R20-00345,113240000,300000
R20-00346,1670000,0
R20-00347,66170000,150000
R20-00348,110920000,300000
R20-00349,73950000,300000
R20-00350,82000000,300000
R20-00351,2430000,0
R20-00352,32950000,60000
R20-00353,114240000,300000
R20-00354,77120000,300000
R20-00355,114810000,300000
R20-00356,50560000,150000
R20-00357,52440000,150000
R20-00358,13860000,40000
R20-00359,47570000,150000
R20-00360,31680000,60000
R20-00361,86830000,300000
R20-00362,12210000,40000
R20-00363,51750000,150000
R20-00364,10850000,40000
R20-00365,45620000,150000
R20-00366,53160000,150000
R20-00367,85420000,300000
R20-00368,64570000,150000
R20-00369,93110000,300000
R20-00370,1210000,0
R20-00371,1980000,0
R20-00372,75560000,300000
R20-00373,43190000,150000
R20-00374,34040000,150000
R20-00375,6220000,20000
R20-00376,43300000,150000
R20-00377,25980000,60000
R20-00378,34580000,150000
R20-00379,122180000,300000
R20-00380,11640000,40000
R20-00381,30840000,60000
R20-00382,51930000,150000
R20-00383,102160000,300000
R20-00384,41880000,150000
R20-00385,3110000,0
R20-00386,92120000,300000
R20-00387,42510000,150000
R20-00388,14890000,40000
R20-00389,58990000,150000
R20-00390,11660000,40000
R20-00391,5270000,20000
R20-00392,75580000,300000
R20-00393,25870000,60000
R20-00394,67300000,300000
R20-00395,33020000,60000
R20-00396,91430000,300000
R20-00397,6110000,20000
R20-00398,51870000,150000
R20-00399,3240000,0
R20-00400,260000,0
R20-00401,27190000,60000
R20-00402,32660000,60000
R20-00403,2440000,0
R20-00404,55830000,150000
R20-00405,35160000,150000
R20-00406,11860000,40000
R20-00407,26680000,60000
R20-00408,22160000,60000
R20-00409,31040000,60000
R20-00410,25980000,60000
R20-00411,35770000,150000
R20-00412,68820000,300000
R20-00413,31490000,60000
R20-00414,12380000,40000
R20-00415,31880000,60000
R20-00416,11650000,40000
R20-00417,90460000,300000
R20-00418,72910000,300000
R20-00419,55550000,150000
R20-00420,62120000,150000
R20-00421,27680000,60000
R20-00422,16390000,40000
R20-00423,82600000,300000
R20-00424,102390000,300000
R20-00425,23280000,60000
R20-00426,21930000,60000
R20-00427,40160000,150000
R20-00428,5250000,20000
R20-00429,46290000,150000
R20-00430,86910000,300000
R20-00431,35370000,150000
R20-00432,30740000,60000
R20-00433,30900000,60000
R20-00434,35600000,150000
R20-00435,3700000,0
R20-00436,23670000,60000
R20-00437,4540000,0
R20-00438,34300000,150000
R20-00439,84930000,300000
R20-00440,5200000,20000
R20-00441,44720000,150000
R20-00442,12130000,40000
R20-00443,32570000,60000
R20-00444,53520000,150000
R20-00445,25010000,60000
R20-00446,80430000,300000
R20-00447,8930000,20000
R20-00448,3330000,0
R20-00449,44340000,150000
R20-00450,13870000,40000
R20-00451,35670000,150000
R20-00452,710000,0
R20-00453,36830000,150000
R20-00454,110990000,300000
R20-00455,34010000,150000
R20-00456,30910000,60000
R20-00457,60850000,150000
R20-00458,33670000,150000
R20-00459,51280000,150000
R20-00460,95880000,300000
R20-00461,3140000,0
R20-00462,39060000,150000
R20-00463,26450000,60000
R20-00464,91850000,300000
R20-00465,26510000,60000
R20-00466,65650000,150000
R20-00467,24070000,60000
R20-00468,104450000,300000
R20-00469,22530000,60000
R20-00470,54960000,150000
R20-00471,45240000,150000
R20-00472,25700000,60000
R20-00473,34310000,150000
R20-00474,42020000,150000
R20-00475,34220000,150000
R20-00476,14860000,40000
R20-00477,34380000,150000
R20-00478,4490000,0
R20-00479,6600000,20000
R20-00480,106080000,300000
R20-00481,23170000,60000
R20-00482,13130000,40000
R20-00483,13440000,40000
R20-00484,13710000,40000
R20-00485,2210000,0
R20-00486,74420000,300000
R20-00487,52220000,150000
R20-00488,30950000,60000
R20-00489,10240000,40000
R20-00490,32320000,60000
R20-00491,33340000,150000
R20-00492,13360000,40000
R20-00493,54120000,150000
R20-00494,27130000,60000
R20-00495,67980000,300000
R20-00496,94330000,300000
R20-00497,2070000,0
R20-00498,31990000,60000
R20-00499,53890000,150000
R20-00500,35920000,150000
R20-00501,85510000,300000
R20-00502,3250000,0
R20-00503,65160000,150000
R20-00504,25830000,60000
R20-00505,31870000,60000
R20-00506,3400000,0
R20-00507,33290000,60000
R20-00508,5920000,20000
R20-00509,29210000,60000
R20-00510,7170000,20000
R20-00511,12940000,40000
R20-00512,21750000,60000
R20-00513,46700000,150000
R20-00514,3310000,0
R20-00515,56710000,150000
R20-00516,14620000,40000
R20-00517,5630000,20000
R20-00518,2870000,0
R20-00519,41940000,150000
R20-00520,83620000,300000
R20-00521,12050000,40000
R20-00522,6400000,20000
R20-00523,23240000,60000
R20-00524,11860000,40000
R20-00525,22310000,60000
R20-00526,42310000,150000
R20-00527,2270000,0
R20-00528,52490000,150000
R20-00529,24000000,60000
R20-00530,1450000,0
R20-00531,12410000,40000
R20-00532,81790000,300000
R20-00533,76310000,300000
R20-00534,42300000,150000
R20-00535,11210000,40000
R20-00536,56290000,150000
R20-00537,74600000,300000
R20-00538,109130000,300000
R20-00539,128960000,300000
R20-00540,2160000,0
R20-00541,43090000,150000
R20-00542,62520000,150000
R20-00543,3370000,0
R20-00544,24620000,60000
R20-00545,64040000,150000
R20-00546,12260000,40000
R20-00547,50830000,150000
R20-00548,13970000,40000
R20-00549,2560000,0
R20-00550,2630000,0
R20-00551,130520000,300000
R20-00552,46210000,150000
R20-00553,8220000,20000
R20-00554,51410000,150000
R20-00555,4040000,0
R20-00556,33160000,60000
R20-00557,15920000,40000
R20-00558,22670000,60000
R20-00559,12870000,40000
R20-00560,52710000,150000
R20-00561,23860000,60000
R20-00562,54370000,150000
R20-00563,24880000,60000
R20-00564,13710000,40000
R20-00565,11100000,40000
R20-00566,52450000,150000
R20-00567,71710000,300000
R20-00568,23540000,60000
R20-00569,790000,0
R20-00570,55110000,150000
R20-00571,58540000,150000
R20-00572,11940000,40000
R20-00573,47640000,150000
R20-00574,5670000,20000
R20-00575,103500000,300000
R20-00576,91790000,300000
R20-00577,13320000,40000
R20-00578,17970000,40000
R20-00579,5220000,20000
R20-00580,33180000,60000
R20-00581,38220000,150000
R20-00582,52470000,150000
R20-00583,64700000,150000
R20-00584,32700000,60000
R20-00585,53310000,150000
R20-00586,41880000,150000
R20-00587,33010000,60000
R20-00588,23070000,60000
R20-00589,82000000,300000
R20-00590,33630000,150000
R20-00591,36070000,150000
R20-00592,24600000,60000
R20-00593,25110000,60000
R20-00594,42820000,150000
R20-00595,37660000,150000
R20-00596,14590000,40000
R20-00597,31410000,60000
R20-00598,14890000,40000
R20-00599,48840000,150000
R20-00600,22830000,60000
R20-00601,12980000,40000
R20-00602,62590000,150000
R20-00603,25180000,60000
R20-00604,6290000,20000
R20-00605,76740000,300000
R20-00606,3090000,0
R20-00607,73240000,300000
R20-00608,100780000,300000
R20-00609,95130000,300000
R20-00610,27650000,60000
R20-00611,22630000,60000
R20-00612,74580000,300000
R20-00613,3870000,0
R20-00614,71320000,300000
R20-00615,23220000,60000
R20-00616,31180000,60000
R20-00617,27070000,60000
R20-00618,18110000,40000
R20-00619,55490000,150000
R20-00620,37310000,150000
R20-00621,26230000,60000
R20-00622,3420000,0
R20-00623,35160000,150000
R20-00624,1000000,0
R20-00625,36610000,150000
R20-00626,14510000,40000
R20-00627,36200000,150000
R20-00628,52090000,150000
R20-00629,4740000,0
R20-00630,66350000,150000
R20-00631,990000,0
R20-00632,98120000,300000
R20-00633,31730000,60000
R20-00634,18350000,40000
R20-00635,102280000,300000
R20-00636,6530000,20000
R20-00637,61470000,150000
R20-00638,157390000,600000
R20-00639,83330000,300000
R20-00640,26380000,60000
R20-00641,25530000,60000
R20-00642,5330000,20000
R20-00643,51960000,150000
R20-00644,33400000,150000
R20-00645,16510000,40000
R20-00646,115790000,300000
R20-00647,33250000,60000
R20-00648,10580000,40000
R20-00649,26860000,60000
R20-00650,580000,0
R20-00651,36870000,150000
R20-00652,1810000,0
R20-00653,2630000,0
R20-00654,51550000,150000
R20-00655,72240000,300000
R20-00656,16540000,40000
R20-00657,24740000,60000
R20-00658,13710000,40000
R20-00659,41410000,150000
R20-00660,37730000,150000
R20-00661,103150000,300000
R20-00662,154420000,600000
R20-00663,27010000,60000
R20-00664,2430000,0
R20-00665,7490000,20000
R20-00666,84280000,300000
R20-00667,41800000,150000
R20-00668,31490000,60000
R20-00669,102570000,300000
R20-00670,2700000,0
R20-00671,52240000,150000
R20-00672,45430000,150000
R20-00673,25540000,60000
R20-00674,39200000,150000
R20-00675,82010000,300000
R20-00676,13780000,40000
R20-00677,12790000,40000
R20-00678,24300000,60000
R20-00679,45680000,150000
R20-00680,2200000,0
R20-00681,77650000,300000
R20-00682,38520000,150000
R20-00683,31080000,60000
R20-00684,14900000,40000
R20-00685,61600000,150000
R20-00686,33700000,150000
R20-00687,39550000,150000
R20-00688,35260000,150000
R20-00689,13630000,40000
R20-00690,16370000,40000
R20-00691,92560000,300000
R20-00692,43170000,150000
R20-00693,84520000,300000
R20-00694,12750000,40000
R20-00695,65590000,150000
R20-00696,55450000,150000
R20-00697,73940000,300000
R20-00698,64590000,150000
R20-00699,16270000,40000
R20-00700,37400000,150000
R20-00701,34980000,150000
R20-00702,41020000,150000
R20-00703,72450000,300000
R20-00704,13000000,40000
R20-00705,3180000,0
R20-00706,12610000,40000
R20-00707,1420000,0
R20-00708,72470000,300000
R20-00709,224480000,1000000
R20-00710,3300000,0
R20-00711,91600000,300000
R20-00712,52920000,150000
R20-00713,4480000,0
R20-00714,32150000,60000
R20-00715,87380000,300000
R20-00716,34560000,150000
R20-00717,11980000,40000
R20-00718,97830000,300000
R20-00719,60180000,150000
R20-00720,113120000,300000
R20-00721,5080000,20000
R20-00722,92450000,300000
R20-00723,63240000,150000
R20-00724,53240000,150000
R20-00725,550000,0
R20-00726,32400000,60000
R20-00727,32250000,60000
R20-00728,22310000,60000
R20-00729,224960000,1000000
R20-00730,2580000,0
R20-00731,17300000,40000
R20-00732,112310000,300000
R20-00733,22510000,60000
R20-00734,102380000,300000
R20-00735,152700000,600000
R20-00736,1250000,0
R20-00737,62220000,150000
R20-00738,46690000,150000
R20-00739,3530000,0
R20-00740,12110000,40000
R20-00741,3070000,0
R20-00742,21730000,60000
R20-00743,13600000,40000
R20-00744,5610000,20000
R20-00745,25620000,60000
R20-00746,54070000,150000
R20-00747,17080000,40000
R20-00748,63320000,150000
R20-00749,70970000,300000
R20-00750,21810000,60000
R20-00751,47470000,150000
R20-00752,25270000,60000
R20-00753,43760000,150000
R20-00754,27130000,60000
R20-00755,84140000,300000
R20-00756,23470000,60000
R20-00757,53190000,150000
R20-00758,75030000,300000
R20-00759,71850000,300000
R20-00760,41830000,150000
R20-00761,54500000,150000
R20-00762,50880000,150000
R20-00763,21790000,60000
R20-00764,52430000,150000
R20-00765,22090000,60000
R20-00766,31760000,60000
R20-00767,81290000,300000
R20-00768,41730000,150000
R20-00769,53880000,150000
R20-00770,44730000,150000
R20-00771,46950000,150000
R20-00772,82260000,300000
R20-00773,22170000,60000
R20-00774,32300000,60000
R20-00775,22080000,60000
R20-00776,25550000,60000
R20-00777,13160000,40000
R20-00778,7580000,20000
R20-00779,91750000,300000
R20-00780,43680000,150000
R20-00781,53390000,150000
R20-00782,24130000,60000
R20-00783,15960000,40000
R20-00784,60520000,150000
R20-00785,18780000,40000
R20-00786,2420000,0
R20-00787,11850000,40000
R20-00788,97280000,300000
R20-00789,43350000,150000
R20-00790,11960000,40000
R20-00791,41650000,150000
R20-00792,2140000,0
R20-00793,27650000,60000
R20-00794,151720000,600000
R20-00795,42130000,150000
R20-00796,54340000,150000
R20-00797,40380000,150000
R20-00798,73330000,300000
R20-00799,21790000,60000
R20-00800,24590000,60000
R20-00801,48620000,150000
R20-00802,35570000,150000
R20-00803,30850000,60000
R20-00804,51910000,150000
R20-00805,16350000,40000
R20-00806,75110000,300000
R20-00807,43570000,150000
R20-00808,96380000,300000
R20-00809,32440000,60000
R20-00810,60320000,150000
R20-00811,114170000,300000
R20-00812,72110000,300000
R20-00813,44260000,150000
R20-00814,74040000,300000
R20-00815,40990000,150000
R20-00816,24970000,60000
R20-00817,26220000,60000
R20-00818,123640000,300000
R20-00819,11760000,40000
R20-00820,210830000,1000000
R20-00821,28420000,60000
R20-00822,33010000,60000
R20-00823,4990000,0
R20-00824,1360000,0
R20-00825,1790000,0
R20-00826,21780000,60000
R20-00827,123140000,300000
R20-00828,46110000,150000
R20-00829,35180000,150000
R20-00830,94650000,300000
R20-00831,12260000,40000
R20-00832,10570000,40000
R20-00833,64590000,150000
R20-00834,62570000,150000
R20-00835,68650000,300000
R20-00836,86900000,300000
R20-00837,61170000,150000
R20-00838,60240000,150000
R20-00839,35080000,150000
R20-00840,85460000,300000
R20-00841,33810000,150000
R20-00842,62340000,150000
R20-00843,40930000,150000
R20-00844,44330000,150000
R20-00845,36880000,150000
R20-00846,32470000,60000
R20-00847,90960000,300000
R20-00848,55240000,150000
R20-00849,23100000,60000
R20-00850,116160000,300000
R20-00851,13950000,40000
R20-00852,81370000,300000
R20-00853,45190000,150000
R20-00854,31330000,60000
R20-00855,5740000,20000
R20-00856,42090000,150000
R20-00857,32160000,60000
R20-00858,17660000,40000
R20-00859,135420000,600000
R20-00860,33430000,150000
R20-00861,41210000,150000
R20-00862,3320000,0
R20-00863,2730000,0
R20-00864,2020000,0
R20-00865,76040000,300000
R20-00866,12080000,40000
R20-00867,43980000,150000
R20-00868,77130000,300000
R20-00869,55150000,150000
R20-00870,74580000,300000
R20-00871,7700000,20000
R20-00872,42770000,150000
R20-00873,55360000,150000
R20-00874,93800000,300000
R20-00875,44640000,150000
R20-00876,15450000,40000
R20-00877,24880000,60000
R20-00878,149000000,600000
R20-00879,12370000,40000
R20-00880,21850000,60000
R20-00881,55210000,150000
R20-00882,71430000,300000
R20-00883,95810000,300000
R20-00884,63930000,150000
R20-00885,103730000,300000
R20-00886,12620000,40000
R20-00887,96080000,300000
R20-00888,45420000,150000
R20-00889,97120000,300000
R20-00890,810000,0
R20-00891,33990000,150000
R20-00892,2030000,0
R20-00893,44650000,150000
R20-00894,85490000,300000
R20-00895,32690000,60000
R20-00896,27940000,60000
R20-00897,9510000,20000
R20-00898,65140000,150000
R20-00899,13150000,40000
R20-00900,13470000,40000
R20-00901,82500000,300000
R20-00902,30740000,60000
R20-00903,23470000,60000
R20-00904,94070000,300000
R20-00905,45660000,150000
R20-00906,51610000,150000
R20-00907,7490000,20000
R20-00908,32590000,60000
R20-00909,88940000,300000
R20-00910,78090000,300000
R20-00911,55870000,150000
R20-00912,213650000,1000000
R20-00913,25070000,60000
R20-00914,91650000,300000
R20-00915,76730000,300000
R20-00916,23790000,60000
R20-00917,31260000,60000
R20-00918,38250000,150000
R20-00919,114780000,300000
R20-00920,51390000,150000
R20-00921,51430000,150000
R20-00922,1390000,0
R20-00923,43770000,150000
R20-00924,72570000,300000
R20-00925,8100000,20000
R20-00926,46770000,150000
R20-00927,11230000,40000
R20-00928,17640000,40000
R20-00929,14150000,40000
R20-00930,51410000,150000
R20-00931,7480000,20000
R20-00932,52460000,150000
R20-00933,8610000,20000
R20-00934,56270000,150000
R20-00935,86350000,300000
R20-00936,20670000,60000
R20-00937,37540000,150000
R20-00938,12530000,40000
R20-00939,7690000,20000
R20-00940,2010000,0
R20-00941,6620000,20000
R20-00942,22180000,60000
R20-00943,350000,0
R20-00944,4400000,0
R20-00945,40890000,150000
R20-00946,96910000,300000
R20-00947,66510000,150000
R20-00948,24390000,60000
R20-00949,4700000,0
R20-00950,32770000,60000
R20-00951,17400000,40000
R20-00952,20550000,60000
R20-00953,53390000,150000
R20-00954,44240000,150000
R20-00955,10890000,40000
R20-00956,75450000,300000
R20-00957,7720000,20000
R20-00958,3390000,0
R20-00959,45630000,150000
R20-00960,22620000,60000
R20-00961,115920000,300000
R20-00962,13360000,40000
R20-00963,3840000,0
R20-00964,15190000,40000
R20-00965,72480000,300000
R20-00966,3360000,0
R20-00967,104220000,300000
R20-00968,33530000,150000
R20-00969,10460000,40000
R20-00970,62900000,150000
R20-00971,111160000,300000
R20-00972,46240000,150000
R20-00973,17570000,40000
R20-00974,23680000,60000
R20-00975,91260000,300000
R20-00976,71730000,300000
R20-00977,90960000,300000
R20-00978,33440000,150000
R20-00979,23980000,60000
R20-00980,129250000,300000
R20-00981,53260000,150000
R20-00982,46190000,150000
R20-00983,5750000,20000
R20-00984,11280000,40000
R20-00985,55770000,150000
R20-00986,32680000,60000
R20-00987,4360000,0
R20-00988,53000000,150000
R20-00989,142150000,600000
R20-00990,55290000,150000
R20-00991,31020000,60000
R20-00992,64800000,150000
R20-00993,116010000,300000
R20-00994,5300000,20000
R20-00995,4730000,0
R20-00996,36200000,150000
R20-00997,42120000,150000
R20-00998,1780000,0
R20-00999,31490000,60000
R20-01000,10650000,40000
R20-01001,22580000,60000
R20-01002,105770000,300000
R20-01003,1950000,0
R20-01004,28910000,60000
R20-01005,58690000,150000
R20-01006,92210000,300000
R20-01007,5180000,20000
R20-01008,92250000,300000
R20-01009,75300000,300000
R20-01010,3460000,0
R20-01011,1480000,0
R20-01012,24560000,60000
R20-01013,84630000,300000
R20-01014,122750000,300000
R20-01015,35140000,150000
R20-01016,84030000,300000
R20-01017,32770000,60000
R20-01018,76020000,300000
R20-01019,1920000,0
R20-01020,3010000,0
R20-01021,33880000,150000
R20-01022,17250000,40000
R20-01023,132930000,300000
R20-01024,51850000,150000
R20-01025,32470000,60000
R20-01026,76660000,300000
R20-01027,33430000,150000
R20-01028,121850000,300000
R20-01029,3670000,0
R20-01030,62610000,150000
R20-01031,7280000,20000
R20-01032,52450000,150000
R20-01033,26270000,60000
R20-01034,3520000,0
R20-01035,1590000,0
R20-01036,5760000,20000
R20-01037,39910000,150000
R20-01038,155880000,600000
R20-01039,3280000,0
R20-01040,122970000,300000
R20-01041,65780000,150000
R20-01042,44280000,150000
R20-01043,61450000,150000
R20-01044,65150000,150000
R20-01045,12700000,40000
R20-01046,6750000,20000
R20-01047,33010000,60000
R20-01048,75850000,300000
R20-01049,92520000,300000
R20-01050,3300000,0
R20-01051,43690000,150000
R20-01052,45130000,150000
R20-01053,21680000,60000
R20-01054,3490000,0
R20-01055,58270000,150000
R20-01056,34250000,150000
R20-01057,121710000,300000
R20-01058,95560000,300000
R20-01059,146260000,600000
R20-01060,13140000,40000
R20-01061,13270000,40000
R20-01062,25510000,60000
R20-01063,2460000,0
R20-01064,32270000,60000
R20-01065,83990000,300000
R20-01066,51600000,150000
R20-01067,72860000,300000
R20-01068,34530000,150000
R20-01069,51780000,150000
R20-01070,30700000,60000
R20-01071,61580000,150000
R20-01072,73550000,300000
R20-01073,21790000,60000
R20-01074,34500000,150000
R20-01075,76330000,300000
R20-01076,50960000,150000
R20-01077,1980000,0
R20-01078,12940000,40000
R20-01079,132720000,300000
R20-01080,12930000,40000
R20-01081,31980000,60000
R20-01082,11980000,40000
R20-01083,35150000,150000
R20-01084,61600000,150000
R20-01085,13000000,40000
R20-01086,1830000,0
R20-01087,21990000,60000
R20-01088,4520000,0
R20-01089,113230000,300000
R20-01090,84570000,300000
R20-01091,31330000,60000
R20-01092,28780000,60000
R20-01093,43130000,150000
R20-01094,57600000,150000
R20-01095,40310000,150000
R20-01096,8030000,20000
R20-01097,25220000,60000
R20-01098,41780000,150000
R20-01099,51570000,150000
R20-01100,37520000,150000
R20-01101,58620000,150000
R20-01102,41100000,150000
R20-01103,22000000,60000
R20-01104,7010000,20000
R20-01105,12740000,40000
R20-01106,38070000,150000
R20-01107,53100000,150000
R20-01108,66710000,300000
R20-01109,91790000,300000
R20-01110,25520000,60000
R20-01111,53960000,150000
R20-01112,83190000,300000
R20-01113,44460000,150000
R20-01114,19090000,40000
R20-01115,91970000,300000
R20-01116,114870000,300000
R20-01117,71780000,300000
R20-01118,78730000,300000
R20-01119,46210000,150000
R20-01120,46890000,150000
R20-01121,113990000,300000
R20-01122,41360000,150000
R20-01123,22950000,60000
R20-01124,30980000,60000
R20-01125,45860000,150000
R20-01126,17130000,40000
R20-01127,76120000,300000
R20-01128,22510000,60000
R20-01129,8720000,20000
R20-01130,43400000,150000
R20-01131,3040000,0
R20-01132,72030000,300000
R20-01133,41750000,150000
R20-01134,44390000,150000
R20-01135,4380000,0
R20-01136,152700000,600000
R20-01137,45830000,150000
R20-01138,3220000,0
R20-01139,53300000,150000
R20-01140,10390000,40000
R20-01141,20710000,60000
R20-01142,23760000,60000
R20-01143,53040000,150000
R20-01144,40800000,150000
R20-01145,148900000,600000
R20-01146,31460000,60000
R20-01147,91890000,300000
R20-01148,78090000,300000
R20-01149,93450000,300000
R20-01150,3740000,0
R20-01151,42710000,150000
R20-01152,11420000,40000
R20-01153,34740000,150000
R20-01154,81560000,300000
R20-01155,81600000,300000
R20-01156,5150000,20000
R20-01157,21430000,60000
R20-01158,1840000,0
R20-01159,63460000,150000
R20-01160,33480000,150000
R20-01161,82510000,300000
R20-01162,4160000,0
R20-01163,76250000,300000
R20-01164,21030000,60000
R20-01165,2690000,0
R20-01166,35500000,150000
R20-01167,84820000,300000
R20-01168,36900000,150000
R20-01169,18250000,40000
R20-01170,71610000,300000
R20-01171,39160000,150000
R20-01172,44710000,150000
R20-01173,13200000,40000
R20-01174,41800000,150000
R20-01175,82660000,300000
R20-01176,4460000,0
R20-01177,3400000,0
R20-01178,37450000,150000
R20-01179,33310000,60000
R20-01180,63600000,150000
R20-01181,62070000,150000
R20-01182,61570000,150000
R20-01183,21830000,60000
R20-01184,23290000,60000
R20-01185,78720000,300000
R20-01186,33940000,150000
R20-01187,12480000,40000
R20-01188,53930000,150000
R20-01189,2690000,0
R20-01190,21970000,60000
R20-01191,103250000,300000
R20-01192,34790000,150000
R20-01193,44000000,150000
R20-01194,6630000,20000
R20-01195,1440000,0
R20-01196,4840000,0
R20-01197,16210000,40000
R20-01198,42920000,150000
R20-01199,106640000,300000
R20-01200,46800000,150000
R20-01201,3330000,0
R20-01202,10480000,40000
R20-01203,57120000,150000
R20-01204,42200000,150000
R20-01205,30830000,60000
R20-01206,101930000,300000
R20-01207,12370000,40000
R20-01208,72380000,300000
R20-01209,75600000,300000
R20-01210,72080000,300000
R20-01211,2920000,0
R20-01212,12510000,40000
R20-01213,91700000,300000
R20-01214,74120000,300000
R20-01215,80860000,300000
R20-01216,54320000,150000
R20-01217,21520000,60000
R20-01218,6760000,20000
R20-01219,12610000,40000
R20-01220,116090000,300000
R20-01221,23670000,60000
R20-01222,91370000,300000
R20-01223,15550000,40000
R20-01224,32600000,60000
R20-01225,90890000,300000
R20-01226,114400000,300000
R20-01227,77440000,300000
R20-01228,64470000,150000
R20-01229,15190000,40000
R20-01230,52500000,150000
R20-01231,54150000,150000
R20-01232,1340000,0
R20-01233,12440000,40000
R20-01234,2350000,0
R20-01235,5420000,20000
R20-01236,71570000,300000
R20-01237,61230000,150000
R20-01238,3430000,0
R20-01239,35080000,150000
R20-01240,54030000,150000
R20-01241,5780000,20000
R20-01242,36450000,150000
R20-01243,33120000,60000
R20-01244,21960000,60000
R20-01245,68320000,300000
R20-01246,34450000,150000
R20-01247,46020000,150000
R20-01248,2280000,0
R20-01249,22710000,60000
R20-01250,15050000,40000
R20-01251,60940000,150000
R20-01252,36530000,150000
R20-01253,4560000,0
R20-01254,23530000,60000
R20-01255,4830000,0
R20-01256,67380000,300000
R20-01257,5660000,20000
R20-01258,92080000,300000
R20-01259,32470000,60000
R20-01260,150000,0
R20-01261,1240000,0
R20-01262,23700000,60000
R20-01263,13140000,40000
R20-01264,44730000,150000
R20-01265,103940000,300000
R20-01266,18590000,40000
R20-01267,87520000,300000
R20-01268,52000000,150000
R20-01269,9050000,20000
R20-01270,53610000,150000
R20-01271,23380000,60000
R20-01272,11870000,40000
R20-01273,2400000,0
R20-01274,15950000,40000
R20-01275,13110000,40000
R20-01276,55330000,150000
R20-01277,33430000,150000
R20-01278,4360000,0
R20-01279,52650000,150000
R20-01280,2990000,0
R20-01281,50770000,150000
R20-01282,62030000,150000
R20-01283,12710000,40000
R20-01284,77810000,300000
R20-01285,26250000,60000
R20-01286,82310000,300000
R20-01287,11340000,40000
R20-01288,23440000,60000
R20-01289,1200000,0
R20-01290,43470000,150000
R20-01291,72360000,300000
R20-01292,42950000,150000
R20-01293,34860000,150000
R20-01294,12320000,40000
R20-01295,60560000,150000
R20-01296,22130000,60000
R20-01297,72880000,300000
R20-01298,21470000,60000
R20-01299,27030000,60000
R20-01300,41750000,150000
R20-01301,75250000,300000
R20-01302,21930000,60000
R20-01303,33450000,150000
R20-01304,85410000,300000
R20-01305,95940000,300000
R20-01306,36850000,150000
R20-01307,2400000,0
R20-01308,56970000,150000
R20-01309,42040000,150000
R20-01310,30620000,60000
R20-01311,150900000,600000
R20-01312,55740000,150000
R20-01313,102660000,300000
R20-01314,73510000,300000
R20-01315,111510000,300000
R20-01316,1620000,0
R20-01317,104350000,300000
R20-01318,44100000,150000
R20-01319,127520000,300000
R20-01320,1700000,0
R20-01321,14180000,40000
R20-01322,45390000,150000
R20-01323,87950000,300000
R20-01324,27880000,60000
R20-01325,106550000,300000
R20-01326,26590000,60000
R20-01327,103570000,300000
R20-01328,104000000,300000
R20-01329,51700000,150000
R20-01330,55220000,150000
R20-01331,4920000,0
R20-01332,4300000,0
R20-01333,94550000,300000
R20-01334,110520000,300000
R20-01335,3580000,0
R20-01336,53380000,150000
R20-01337,26180000,60000
R20-01338,13480000,40000
R20-01339,13140000,40000
R20-01340,3210000,0
R20-01341,50540000,150000
R20-01342,19190000,40000
R20-01343,11710000,40000
R20-01344,5940000,20000
R20-01345,90890000,300000
R20-01346,75870000,300000
R20-01347,27700000,60000
R20-01348,33620000,150000
R20-01349,2450000,0
R20-01350,60360000,150000
R20-01351,45460000,150000
R20-01352,61310000,150000
R20-01353,17160000,40000
R20-01354,1550000,0
R20-01355,75890000,300000
R20-01356,48800000,150000
R20-01357,26930000,60000
R20-01358,33600000,150000
R20-01359,24420000,60000
R20-01360,24880000,60000
R20-01361,28880000,60000
R20-01362,74370000,300000
R20-01363,45380000,150000
R20-01364,14630000,40000
R20-01365,5430000,20000
R20-01366,15950000,40000
R20-01367,30910000,60000
R20-01368,53210000,150000
R20-01369,71810000,300000
R20-01370,36980000,150000
R20-01371,3040000,0
R20-01372,550000,0
R20-01373,96580000,300000
R20-01374,24060000,60000
R20-01375,11880000,40000
R20-01376,82740000,300000
R20-01377,10670000,40000
R20-01378,37000000,150000
R20-01379,83030000,300000
R20-01380,86410000,300000
R20-01381,84960000,300000
R20-01382,41300000,150000
R20-01383,145940000,600000
R20-01384,131760000,300000
R20-01385,85990000,300000
R20-01386,66880000,300000
R20-01387,16480000,40000
R20-01388,128380000,300000
R20-01389,92460000,300000
R20-01390,81590000,300000
R20-01391,71990000,300000
R20-01392,24990000,60000
R20-01393,7180000,20000
R20-01394,42450000,150000
R20-01395,61820000,150000
R20-01396,17630000,40000
R20-01397,91300000,300000
R20-01398,37840000,150000
R20-01399,22590000,60000
R20-01400,8490000,20000
R20-01401,3710000,0
R20-01402,22240000,60000
R20-01403,32270000,60000
R20-01404,104050000,300000
R20-01405,60940000,150000
R20-01406,112330000,300000
R20-01407,72570000,300000
R20-01408,73780000,300000
R20-01409,77470000,300000
R20-01410,5430000,20000
R20-01411,34650000,150000
R20-01412,5290000,20000
R20-01413,55820000,150000
R20-01414,44330000,150000
R20-01415,36710000,150000
R20-01416,51650000,150000
R20-01417,102110000,300000
R20-01418,14550000,40000
R20-01419,17780000,40000
R20-01420,72530000,300000
R20-01421,3460000,0
R20-01422,36950000,150000
R20-01423,5210000,20000
R20-01424,75450000,300000
R20-01425,154930000,600000
R20-01426,103280000,300000
R20-01427,37770000,150000
R20-01428,74010000,300000
R20-01429,16630000,40000
R20-01430,35000000,150000
R20-01431,2400000,0
R20-01432,11360000,40000
R20-01433,99230000,300000
R20-01434,54320000,150000
R20-01435,51950000,150000
R20-01436,38820000,150000
R20-01437,3760000,0
R20-01438,17590000,40000
R20-01439,34500000,150000
R20-01440,41810000,150000
R20-01441,92960000,300000
R20-01442,41190000,150000
R20-01443,33430000,150000
R20-01444,95800000,300000
R20-01445,6760000,20000
R20-01446,54600000,150000
R20-01447,5200000,20000
R20-01448,2550000,0
R20-01449,102640000,300000
R20-01450,72440000,300000
R20-01451,13360000,40000
R20-01452,27880000,60000
R20-01453,72840000,300000
R20-01454,27520000,60000
R20-01455,21630000,60000
R20-01456,4830000,0
R20-01457,38330000,150000
R20-01458,23780000,60000
R20-01459,67180000,300000
R20-01460,4210000,0
R20-01461,34440000,150000
R20-01462,25970000,60000
R20-01463,106610000,300000
R20-01464,11210000,40000
R20-01465,16050000,40000
R20-01466,14600000,40000
R20-01467,52330000,150000
R20-01468,10930000,40000
R20-01469,62010000,150000
R20-01470,17750000,40000
R20-01471,73700000,300000
R20-01472,65550000,150000
R20-01473,52810000,150000
R20-01474,43900000,150000
R20-01475,82450000,300000
R20-01476,53800000,150000
R20-01477,12580000,40000
R20-01478,43330000,150000
R20-01479,42800000,150000
R20-01480,55550000,150000
R20-01481,16700000,40000
R20-01482,15930000,40000
R20-01483,98130000,300000
R20-01484,1600000,0
R20-01485,31240000,60000
R20-01486,108810000,300000
R20-01487,5400000,20000
R20-01488,102820000,300000
R20-01489,84500000,300000
R20-01490,52360000,150000
R20-01491,11990000,40000
R20-01492,87700000,300000
R20-01493,1540000,0
R20-01494,54380000,150000
R20-01495,42220000,150000
R20-01496,41950000,150000
R20-01497,17520000,40000
R20-01498,105320000,300000
R20-01499,23330000,60000
R20-01500,71650000,300000
R20-01501,2870000,0
R20-01502,45950000,150000
R20-01503,35440000,150000
R20-01504,62260000,150000
R20-01505,85260000,300000
R20-01506,172240000,600000
R20-01507,3730000,0
R20-01508,23240000,60000
R20-01509,37930000,150000
R20-01510,53460000,150000
R20-01511,32110000,60000
R20-01512,6880000,20000
R20-01513,11500000,40000
R20-01514,28680000,60000
R20-01515,233080000,1000000
R20-01516,11960000,40000
R20-01517,17280000,40000
R20-01518,121030000,300000
R20-01519,2810000,0
R20-01520,51330000,150000
R20-01521,22760000,60000
R20-01522,14120000,40000
R20-01523,129280000,300000
R20-01524,27510000,60000
R20-01525,60270000,150000
R20-01526,2830000,0
R20-01527,23350000,60000
R20-01528,6170000,20000
R20-01529,27150000,60000
R20-01530,3170000,0
R20-01531,67770000,300000
R20-01532,12130000,40000
R20-01533,52330000,150000
R20-01534,11870000,40000
R20-01535,41760000,150000
R20-01536,17390000,40000
R20-01537,44880000,150000
R20-01538,33500000,150000
R20-01539,41270000,150000
R20-01540,42880000,150000
R20-01541,3670000,0
R20-01542,127080000,300000
R20-01543,32160000,60000
R20-01544,970000,0
R20-01545,3820000,0
R20-01546,144980000,600000
R20-01547,24480000,60000
R20-01548,25930000,60000
R20-01549,21350000,60000
R20-01550,2820000,0
R20-01551,75030000,300000
R20-01552,63090000,150000
R20-01553,14800000,40000
R20-01554,5190000,20000
R20-01555,22220000,60000
R20-01556,62130000,150000
R20-01557,133140000,300000
R20-01558,23330000,60000
R20-01559,41440000,150000
R20-01560,73850000,300000
R20-01561,32810000,60000
R20-01562,41780000,150000
R20-01563,37820000,150000
R20-01564,2420000,0
R20-01565,28490000,60000
R20-01566,2800000,0
R20-01567,96510000,300000
R20-01568,51620000,150000
R20-01569,25620000,60000
R20-01570,221330000,1000000
R20-01571,21340000,60000
R20-01572,1890000,0
R20-01573,26890000,60000
R20-01574,43090000,150000
R20-01575,38840000,150000
R20-01576,75300000,300000
R20-01577,28420000,60000
R20-01578,12150000,40000
R20-01579,26020000,60000
R20-01580,55450000,150000
R20-01581,5890000,20000
R20-01582,29500000,60000
R20-01583,37360000,150000
R20-01584,5670000,20000
R20-01585,4030000,0
R20-01586,20640000,60000
R20-01587,6070000,20000
R20-01588,6230000,20000
R20-01589,4900000,0
R20-01590,5620000,20000
R20-01591,26410000,60000
R20-01592,16990000,40000
R20-01593,8050000,20000
R20-01594,17030000,40000
R20-01595,14780000,40000
R20-01596,74490000,300000
R20-01597,42360000,150000
R20-01598,92600000,300000
R20-01599,70750000,300000
R20-01600,33510000,150000
R20-01601,96190000,300000
R20-01602,20700000,60000
R20-01603,30700000,60000
R20-01604,13850000,40000
R20-01605,4460000,0
R20-01606,22280000,60000
R20-01607,43270000,150000
R20-01608,66260000,150000
R20-01609,92660000,300000
R20-01610,25620000,60000
R20-01611,13030000,40000
R20-01612,131440000,300000
R20-01613,28400000,60000
R20-01614,40510000,150000
R20-01615,46040000,150000
R20-01616,75630000,300000
R20-01617,42920000,150000
R20-01618,121370000,300000
R20-01619,73400000,300000
R20-01620,35150000,150000
R20-01621,21960000,60000
R20-01622,126470000,300000
R20-01623,55340000,150000
R20-01624,53850000,150000
R20-01625,84110000,300000
R20-01626,22500000,60000
R20-01627,44120000,150000
R20-01628,33570000,150000
R20-01629,2160000,0
R20-01630,63800000,150000
R20-01631,22040000,60000
R20-01632,18190000,40000
R20-01633,46180000,150000
R20-01634,91420000,300000
R20-01635,44060000,150000
R20-01636,33110000,60000
R20-01637,22340000,60000
R20-01638,2540000,0
R20-01639,14990000,40000
R20-01640,106410000,300000
R20-01641,42870000,150000
R20-01642,114540000,300000
R20-01643,63200000,150000
R20-01644,35290000,150000
R20-01645,62510000,150000
R20-01646,5550000,20000
R20-01647,85430000,300000
R20-01648,17520000,40000
R20-01649,12150000,40000
R20-01650,54060000,150000
R20-01651,32130000,60000
R20-01652,7190000,20000
R20-01653,13940000,40000
R20-01654,47800000,150000
R20-01655,22720000,60000
R20-01656,65950000,150000
R20-01657,1340000,0
R20-01658,13980000,40000
R20-01659,41690000,150000
R20-01660,41070000,150000
R20-01661,65820000,150000
R20-01662,38870000,150000
R20-01663,5030000,20000
R20-01664,93220000,300000
R20-01665,42260000,150000
R20-01666,3080000,0
R20-01667,21910000,60000
R20-01668,2730000,0
R20-01669,32590000,60000
R20-01670,2960000,0
R20-01671,105580000,300000
R20-01672,64120000,150000
R20-01673,55960000,150000
R20-01674,73070000,300000
R20-01675,67000000,300000
R20-01676,42530000,150000
R20-01677,12600000,40000
R20-01678,45690000,150000
R20-01679,4820000,0
R20-01680,61950000,150000
R20-01681,115820000,300000
R20-01682,73310000,300000
R20-01683,4550000,0
R20-01684,38640000,150000
R20-01685,10530000,40000
R20-01686,35920000,150000
R20-01687,64950000,150000
R20-01688,156420000,600000
R20-01689,7280000,20000
R20-01690,63510000,150000
R20-01691,35410000,150000
R20-01692,3310000,0
R20-01693,6740000,20000
R20-01694,57320000,150000
R20-01695,63550000,150000
R20-01696,3870000,0
R20-01697,83850000,300000
R20-01698,38690000,150000
R20-01699,1750000,0
R20-01700,13580000,40000
R20-01701,31050000,60000
R20-01702,6220000,20000
R20-01703,24260000,60000
R20-01704,36670000,150000
R20-01705,54300000,150000
R20-01706,104220000,300000
R20-01707,55960000,150000
R20-01708,95450000,300000
R20-01709,90980000,300000
R20-01710,103760000,300000
R20-01711,35830000,150000
R20-01712,30470000,60000
R20-01713,92610000,300000
R20-01714,44440000,150000
R20-01715,33460000,150000
R20-01716,72260000,300000
R20-01717,2220000,0
R20-01718,73540000,300000
R20-01719,86000000,300000
R20-01720,41310000,150000
R20-01721,61900000,150000
R20-01722,103000000,300000
R20-01723,37680000,150000
R20-01724,34880000,150000
R20-01725,53540000,150000
R20-01726,32790000,60000
R20-01727,105420000,300000
R20-01728,52660000,150000
R20-01729,54920000,150000
R20-01730,13980000,40000
R20-01731,43510000,150000
R20-01732,36460000,150000
R20-01733,24500000,60000
R20-01734,93830000,300000
R20-01735,95110000,300000
R20-01736,43110000,150000
R20-01737,45510000,150000
R20-01738,143440000,600000
R20-01739,28090000,60000
R20-01740,81230000,300000
R20-01741,62040000,150000
R20-01742,35280000,150000
R20-01743,81160000,300000
R20-01744,93220000,300000
R20-01745,21130000,60000
R20-01746,3920000,0
R20-01747,121850000,300000
R20-01748,113790000,300000
R20-01749,12350000,40000
R20-01750,14990000,40000
R20-01751,41300000,150000
R20-01752,14100000,40000
R20-01753,37230000,150000
R20-01754,32950000,60000
R20-01755,52500000,150000
R20-01756,23230000,60000
R20-01757,114070000,300000
R20-01758,51660000,150000
R20-01759,32070000,60000
R20-01760,32910000,60000
R20-01761,12420000,40000
R20-01762,51940000,150000
R20-01763,74040000,300000
R20-01764,24100000,60000
R20-01765,90980000,300000
R20-01766,42820000,150000
R20-01767,61100000,150000
R20-01768,13290000,40000
R20-01769,54570000,150000
R20-01770,23750000,60000
R20-01771,5540000,20000
R20-01772,1700000,0
R20-01773,63140000,150000
R20-01774,11650000,40000
R20-01775,34330000,150000
R20-01776,23590000,60000
R20-01777,15800000,40000
R20-01778,7940000,20000
R20-01779,4170000,0
R20-01780,126800000,300000
R20-01781,21720000,60000
R20-01782,12820000,40000
R20-01783,46940000,150000
R20-01784,52120000,150000
R20-01785,42850000,150000
R20-01786,10960000,40000
R20-01787,49640000,150000
R20-01788,74910000,300000
R20-01789,66440000,150000
R20-01790,12060000,40000
R20-01791,41370000,150000
R20-01792,14920000,40000
R20-01793,12700000,40000
R20-01794,31750000,60000
R20-01795,42460000,150000
R20-01796,36340000,150000
R20-01797,28110000,60000
R20-01798,46940000,150000
R20-01799,22040000,60000
R20-01800,27030000,60000
R20-01801,81820000,300000
R20-01802,55380000,150000
R20-01803,34960000,150000
R20-01804,28450000,60000
R20-01805,37700000,150000
R20-01806,44840000,150000
R20-01807,11060000,40000
R20-01808,15240000,40000
R20-01809,95950000,300000
R20-01810,46470000,150000
R20-01811,580000,0
R20-01812,36220000,150000
R20-01813,30670000,60000
R20-01814,73520000,300000
R20-01815,1670000,0
R20-01816,92510000,300000
R20-01817,21150000,60000
R20-01818,13000000,40000
R20-01819,84180000,300000
R20-01820,10740000,40000
R20-01821,64920000,150000
R20-01822,63300000,150000
R20-01823,24530000,60000
R20-01824,91830000,300000
R20-01825,98190000,300000
R20-01826,14200000,40000
R20-01827,65700000,150000
R20-01828,6570000,20000
R20-01829,91540000,300000
R20-01830,42390000,150000
R20-01831,11770000,40000
R20-01832,73100000,300000
R20-01833,44280000,150000
R20-01834,71810000,300000
R20-01835,3360000,0
R20-01836,31510000,60000
R20-01837,1300000,0
R20-01838,42360000,150000
R20-01839,95440000,300000
R20-01840,56220000,150000
R20-01841,16960000,40000
R20-01842,7130000,20000
R20-01843,17150000,40000
R20-01844,123750000,300000
R20-01845,18280000,40000
R20-01846,8360000,20000
R20-01847,92420000,300000
R20-01848,65330000,150000
R20-01849,54410000,150000
R20-01850,31930000,60000
R20-01851,23300000,60000
R20-01852,66130000,150000
R20-01853,34540000,150000
R20-01854,141680000,600000
R20-01855,66670000,300000
R20-01856,6160000,20000
R20-01857,42750000,150000
R20-01858,35920000,150000
R20-01859,42180000,150000
R20-01860,25190000,60000
R20-01861,96340000,300000
R20-01862,53470000,150000
R20-01863,45670000,150000
R20-01864,34650000,150000
R20-01865,93090000,300000
R20-01866,1810000,0
R20-01867,134610000,600000
R20-01868,22580000,60000
R20-01869,4890000,0
R20-01870,75610000,300000
R20-01871,108000000,300000
R20-01872,93500000,300000
R20-01873,74010000,300000
R20-01874,20610000,60000
R20-01875,15510000,40000
R20-01876,4690000,0
R20-01877,66200000,150000
R20-01878,58110000,150000
R20-01879,1770000,0
R20-01880,41270000,150000
R20-01881,74190000,300000
R20-01882,146540000,600000
R20-01883,14660000,40000
R20-01884,94060000,300000
R20-01885,8390000,20000
R20-01886,73300000,300000
R20-01887,4960000,0
R20-01888,5760000,20000
R20-01889,84360000,300000
R20-01890,46460000,150000
R20-01891,42360000,150000
R20-01892,36040000,150000
R20-01893,3120000,0
R20-01894,750000,0
R20-01895,61800000,150000
R20-01896,173250000,600000
R20-01897,74650000,300000
R20-01898,53670000,150000
R20-01899,6210000,20000
R20-01900,43170000,150000
R20-01901,58440000,150000
R20-01902,54050000,150000
R20-01903,22220000,60000
R20-01904,95860000,300000
R20-01905,116700000,300000
R20-01906,15520000,40000
R20-01907,72740000,300000
R20-01908,65350000,150000
R20-01909,21780000,60000
R20-01910,26000000,60000
R20-01911,2990000,0
R20-01912,43300000,150000
R20-01913,6100000,20000
R20-01914,2960000,0
R20-01915,92120000,300000
R20-01916,31720000,60000
R20-01917,31690000,60000
R20-01918,36270000,150000
R20-01919,33570000,150000
R20-01920,11910000,40000
R20-01921,74530000,300000
R20-01922,31380000,60000
R20-01923,113270000,300000
R20-01924,25990000,60000
R20-01925,33090000,60000
R20-01926,61190000,150000
R20-01927,33700000,150000
R20-01928,94840000,300000
R20-01929,57080000,150000
R20-01930,84030000,300000
R20-01931,24430000,60000
R20-01932,26540000,60000
R20-01933,96350000,300000
R20-01934,43150000,150000
R20-01935,62140000,150000
R20-01936,18200000,40000
R20-01937,123220000,300000
R20-01938,2210000,0
R20-01939,4520000,0
R20-01940,56580000,150000
R20-01941,35020000,150000
R20-01942,10890000,40000
R20-01943,13750000,40000
R20-01944,2080000,0
R20-01945,35530000,150000
R20-01946,1500000,0
R20-01947,31150000,60000
R20-01948,12200000,40000
R20-01949,34520000,150000
R20-01950,12530000,40000
R20-01951,61180000,150000
R20-01952,20630000,60000
R20-01953,28110000,60000
R20-01954,24550000,60000
R20-01955,22170000,60000
R20-01956,33790000,150000
R20-01957,1870000,0
R20-01958,43280000,150000
R20-01959,43790000,150000
R20-01960,33410000,150000
R20-01961,44870000,150000
R20-01962,32880000,60000
R20-01963,84200000,300000
R20-01964,33700000,150000
R20-01965,34830000,150000
R20-01966,3350000,0
R20-01967,48650000,150000
R20-01968,102710000,300000
R20-01969,17580000,40000
R20-01970,3990000,0
R20-01971,2450000,0
R20-01972,4980000,0
R20-01973,21800000,60000
R20-01974,41880000,150000
R20-01975,33420000,150000
R20-01976,1570000,0
R20-01977,105640000,300000
R20-01978,34720000,150000
R20-01979,53700000,150000
R20-01980,22200000,60000
R20-01981,103920000,300000
R20-01982,5320000,20000
R20-01983,73870000,300000
R20-01984,31840000,60000
R20-01985,72970000,300000
R20-01986,17120000,40000
R20-01987,7680000,20000
R20-01988,61370000,150000
R20-01989,52960000,150000
R20-01990,7200000,20000
R20-01991,21100000,60000
R20-01992,36190000,150000
R20-01993,12800000,40000
R20-01994,14130000,40000
R20-01995,22640000,60000
R20-01996,6400000,20000
R20-01997,53510000,150000
R20-01998,108180000,300000
R20-01999,53430000,150000
R20-02000,53340000,150000
R20-02001,77450000,300000
R20-02002,22870000,60000
R20-02003,64610000,150000
R20-02004,104430000,300000
R20-02005,530000,0
R20-02006,122260000,300000
R20-02007,42880000,150000
R20-02008,41640000,150000
R20-02009,65140000,150000
R20-02010,31590000,60000
R20-02011,35130000,150000
R20-02012,35120000,150000
R20-02013,102000000,300000
R20-02014,32020000,60000
R20-02015,33710000,150000
R20-02016,5700000,20000
R20-02017,71910000,300000
R20-02018,89360000,300000
R20-02019,35990000,150000
R20-02020,58440000,150000
R20-02021,21760000,60000
R20-02022,65500000,150000
R20-02023,62930000,150000
R20-02024,11900000,40000
R20-02025,20460000,60000
R20-02026,104100000,300000
R20-02027,14170000,40000
R20-02028,14360000,40000
R20-02029,115290000,300000
R20-02030,32410000,60000
R20-02031,75920000,300000
R20-02032,36970000,150000
R20-02033,72730000,300000
R20-02034,8900000,20000
R20-02035,15400000,40000
R20-02036,225510000,1000000
R20-02037,86520000,300000
R20-02038,33550000,150000
R20-02039,64730000,150000
R20-02040,15800000,40000
R20-02041,52840000,150000
R20-02042,42400000,150000
R20-02043,111000000,300000
R20-02044,35690000,150000
R20-02045,114190000,300000
R20-02046,76400000,300000
R20-02047,10770000,40000
R20-02048,5950000,20000
R20-02049,82890000,300000
R20-02050,104030000,300000
R20-02051,62960000,150000
R20-02052,7470000,20000
R20-02053,73250000,300000
R20-02054,26950000,60000
R20-02055,1250000,0
R20-02056,63320000,150000
R20-02057,22060000,60000
R20-02058,37810000,150000
R20-02059,52430000,150000
R20-02060,93450000,300000
R20-02061,12130000,40000
R20-02062,64460000,150000
R20-02063,2640000,0
R20-02064,12290000,40000
R20-02065,890000,0
R20-02066,17530000,40000
R20-02067,132400000,300000
R20-02068,72460000,300000
R20-02069,43720000,150000
R20-02070,60830000,150000
R20-02071,20860000,60000
R20-02072,86380000,300000
R20-02073,74320000,300000
R20-02074,52310000,150000
R20-02075,65790000,150000
R20-02076,27540000,60000
R20-02077,41840000,150000
R20-02078,62340000,150000
R20-02079,21410000,60000
R20-02080,53770000,150000
R20-02081,33130000,60000
R20-02082,2760000,0
R20-02083,7630000,20000
R20-02084,45580000,150000
R20-02085,15780000,40000
R20-02086,4220000,0
R20-02087,107060000,300000
R20-02088,105040000,300000
R20-02089,8120000,20000
R20-02090,83810000,300000
R20-02091,23730000,60000
R20-02092,34020000,150000
R20-02093,61220000,150000
R20-02094,43820000,150000
R20-02095,13650000,40000
R20-02096,57900000,150000
R20-02097,22390000,60000
R20-02098,14720000,40000
R20-02099,1890000,0
R20-02100,41520000,150000
R20-02101,81790000,300000
R20-02102,42120000,150000
R20-02103,2830000,0
R20-02104,41510000,150000
R20-02105,71730000,300000
R20-02106,66100000,150000
R20-02107,5950000,20000
R20-02108,81620000,300000
R20-02109,2370000,0
R20-02110,72690000,300000
R20-02111,101120000,300000
R20-02112,3390000,0
R20-02113,44240000,150000
R20-02114,32620000,60000
R20-02115,12120000,40000
R20-02116,16030000,40000
R20-02117,61280000,150000
R20-02118,14010000,40000
R20-02119,34260000,150000
R20-02120,2540000,0
R20-02121,45700000,150000
R20-02122,103730000,300000
R20-02123,13790000,40000
R20-02124,81370000,300000
R20-02125,33010000,60000
R20-02126,54060000,150000
R20-02127,67670000,300000
R20-02128,51480000,150000
R20-02129,24660000,60000
R20-02130,96290000,300000
R20-02131,127020000,300000
R20-02132,1730000,0
R20-02133,32610000,60000
R20-02134,13270000,40000
R20-02135,11320000,40000
R20-02136,32070000,60000
R20-02137,14760000,40000
R20-02138,54330000,150000
R20-02139,40940000,150000
R20-02140,82320000,300000
R20-02141,56990000,150000
R20-02142,105060000,300000
R20-02143,35310000,150000
R20-02144,28250000,60000
R20-02145,7750000,20000
R20-02146,35100000,150000
R20-02147,86700000,300000
R20-02148,52250000,150000
R20-02149,36580000,150000
R20-02150,63050000,150000
R20-02151,58080000,150000
R20-02152,83690000,300000
R20-02153,55180000,150000
R20-02154,3100000,0
R20-02155,83770000,300000
R20-02156,15670000,40000
R20-02157,41060000,150000
R20-02158,21900000,60000
R20-02159,53500000,150000
R20-02160,2920000,0
R20-02161,92180000,300000
R20-02162,60810000,150000
R20-02163,33320000,60000
R20-02164,5450000,20000
R20-02165,54420000,150000
R20-02166,5900000,20000
R20-02167,32010000,60000
R20-02168,31880000,60000
R20-02169,64820000,150000
R20-02170,25970000,60000
R20-02171,3130000,0
R20-02172,104050000,300000
R20-02173,21920000,60000
R20-02174,14110000,40000
R20-02175,63290000,150000
R20-02176,76920000,300000
R20-02177,28620000,60000
R20-02178,43910000,150000
R20-02179,47700000,150000
R20-02180,74160000,300000
R20-02181,26230000,60000
R20-02182,77270000,300000
R20-02183,32730000,60000
R20-02184,66470000,150000
R20-02185,72610000,300000
R20-02186,48360000,150000
R20-02187,11790000,40000
R20-02188,23930000,60000
R20-02189,35050000,150000
R20-02190,83170000,300000
R20-02191,34890000,150000
R20-02192,83950000,300000
R20-02193,4930000,0
R20-02194,52910000,150000
R20-02195,153840000,600000
R20-02196,5000000,20000
R20-02197,3060000,0
R20-02198,32960000,60000
R20-02199,28900000,60000
R20-02200,51840000,150000
R20-02201,72770000,300000
R20-02202,45480000,150000
R20-02203,33330000,60000
R20-02204,21470000,60000
R20-02205,16090000,40000
R20-02206,3310000,0
R20-02207,26860000,60000
R20-02208,151930000,600000
R20-02209,43270000,150000
R20-02210,33520000,150000
R20-02211,32690000,60000
R20-02212,42770000,150000
R20-02213,104520000,300000
R20-02214,37470000,150000
R20-02215,7590000,20000
R20-02216,114660000,300000
R20-02217,65550000,150000
R20-02218,72600000,300000
R20-02219,52180000,150000
R20-02220,30830000,60000
R20-02221,126780000,300000
R20-02222,96150000,300000
R20-02223,27040000,60000
R20-02224,46030000,150000
R20-02225,75900000,300000
R20-02226,47730000,150000
R20-02227,4850000,0
R20-02228,41750000,150000
R20-02229,42470000,150000
R20-02230,36020000,150000
R20-02231,31820000,60000
R20-02232,1160000,0
R20-02233,23630000,60000
R20-02234,54370000,150000
R20-02235,8540000,20000
R20-02236,57120000,150000
R20-02237,62330000,150000
R20-02238,73020000,300000
R20-02239,101630000,300000
R20-02240,54950000,150000
R20-02241,22500000,60000
R20-02242,22660000,60000
R20-02243,42130000,150000
R20-02244,87210000,300000
R20-02245,21400000,60000
R20-02246,92500000,300000
R20-02247,4830000,0
R20-02248,54570000,150000
R20-02249,43330000,150000
R20-02250,24040000,60000
R20-02251,5320000,20000
R20-02252,54570000,150000
R20-02253,61900000,150000
R20-02254,3510000,0
R20-02255,7300000,20000
R20-02256,52560000,150000
R20-02257,12040000,40000
R20-02258,20730000,60000
R20-02259,73210000,300000
R20-02260,55560000,150000
R20-02261,33890000,150000
R20-02262,63160000,150000
R20-02263,64930000,150000
R20-02264,107570000,300000
R20-02265,49610000,150000
R20-02266,43860000,150000
R20-02267,76310000,300000
R20-02268,5970000,20000
R20-02269,63390000,150000
R20-02270,13260000,40000
R20-02271,13760000,40000
R20-02272,62000000,150000
R20-02273,27290000,60000
R20-02274,25560000,60000
R20-02275,14110000,40000
R20-02276,85860000,300000
R20-02277,94500000,300000
R20-02278,1100000,0
R20-02279,38030000,150000
R20-02280,29410000,60000
R20-02281,7090000,20000
R20-02282,33860000,150000
R20-02283,64910000,150000
R20-02284,24000000,60000
R20-02285,3560000,0
R20-02286,41880000,150000
R20-02287,23480000,60000
R20-02288,131600000,300000
R20-02289,31810000,60000
R20-02290,26270000,60000
R20-02291,2440000,0
R20-02292,122990000,300000
R20-02293,24120000,60000
R20-02294,55280000,150000
R20-02295,51110000,150000
R20-02296,31640000,60000
R20-02297,2890000,0
R20-02298,84520000,300000
R20-02299,52810000,150000
R20-02300,138060000,600000
R20-02301,65260000,150000
R20-02302,11810000,40000
R20-02303,95320000,300000
R20-02304,3960000,0
R20-02305,51190000,150000
R20-02306,5140000,20000
R20-02307,16430000,40000
R20-02308,44250000,150000
R20-02309,32410000,60000
R20-02310,55840000,150000
R20-02311,62210000,150000
R20-02312,24620000,60000
R20-02313,56180000,150000
R20-02314,33030000,60000
R20-02315,4600000,0
R20-02316,7300000,20000
R20-02317,119580000,300000
R20-02318,53440000,150000
R20-02319,21800000,60000
R20-02320,62530000,150000
R20-02321,3030000,0
R20-02322,23330000,60000
R20-02323,56540000,150000
R20-02324,73110000,300000
R20-02325,142510000,600000
R20-02326,33630000,150000
R20-02327,113070000,300000
R20-02328,46390000,150000
R20-02329,42090000,150000
R20-02330,43600000,150000
R20-02331,6810000,20000
R20-02332,32100000,60000
R20-02333,35460000,150000
R20-02334,42540000,150000
R20-02335,46220000,150000
R20-02336,3490000,0
R20-02337,26270000,60000
R20-02338,29150000,60000
R20-02339,22800000,60000
R20-02340,44500000,150000
R20-02341,1460000,0
R20-02342,21270000,60000
R20-02343,84080000,300000
R20-02344,46200000,150000
R20-02345,34160000,150000
R20-02346,23950000,60000
R20-02347,42120000,150000
R20-02348,21170000,60000
R20-02349,84520000,300000
R20-02350,28160000,60000
R20-02351,10580000,40000
R20-02352,91550000,300000
R20-02353,14150000,40000
R20-02354,144760000,600000
R20-02355,141980000,600000
R20-02356,10390000,40000
R20-02357,82160000,300000
R20-02358,61180000,150000
R20-02359,52240000,150000
R20-02360,45660000,150000
R20-02361,51100000,150000
R20-02362,126040000,300000
R20-02363,87190000,300000
R20-02364,74880000,300000
R20-02365,650000,0
R20-02366,61090000,150000
R20-02367,122060000,300000
R20-02368,44840000,150000
R20-02369,43620000,150000
R20-02370,660000,0
R20-02371,20730000,60000
R20-02372,34020000,150000
R20-02373,72910000,300000
R20-02374,1200000,0
R20-02375,41130000,150000
R20-02376,52440000,150000
R20-02377,33130000,60000
R20-02378,52610000,150000
R20-02379,91340000,300000
R20-02380,22650000,60000
R20-02381,52570000,150000
R20-02382,34930000,150000
R20-02383,101130000,300000
R20-02384,8050000,20000
R20-02385,15520000,40000
R20-02386,6520000,20000
R20-02387,31360000,60000
R20-02388,84130000,300000
R20-02389,41930000,150000
R20-02390,32550000,60000
R20-02391,4810000,0
R20-02392,58470000,150000
R20-02393,101730000,300000
R20-02394,1040000,0
R20-02395,55390000,150000
R20-02396,23070000,60000
R20-02397,23000000,60000
R20-02398,46600000,150000
R20-02399,82320000,300000
R20-02400,74730000,300000
R20-02401,62540000,150000
R20-02402,5870000,20000
R20-02403,44570000,150000
R20-02404,42970000,150000
R20-02405,94380000,300000
R20-02406,96740000,300000
R20-02407,21780000,60000
R20-02408,24890000,60000
R20-02409,42840000,150000
R20-02410,14540000,40000
R20-02411,12390000,40000
R20-02412,67090000,300000
R20-02413,9490000,20000
R20-02414,21950000,60000
R20-02415,6770000,20000
R20-02416,21900000,60000
R20-02417,103600000,300000
R20-02418,52980000,150000
R20-02419,50830000,150000
R20-02420,134960000,600000
R20-02421,14110000,40000
R20-02422,32080000,60000
R20-02423,15620000,40000
R20-02424,44270000,150000
R20-02425,97190000,300000
R20-02426,61980000,150000
R20-02427,73040000,300000
R20-02428,4730000,0
R20-02429,2410000,0
R20-02430,48340000,150000
R20-02431,68410000,300000
R20-02432,65490000,150000
R20-02433,15990000,40000
R20-02434,13060000,40000
R20-02435,32690000,60000
R20-02436,1910000,0
R20-02437,52060000,150000
R20-02438,17850000,40000
R20-02439,46410000,150000
R20-02440,22650000,60000
R20-02441,84880000,300000
R20-02442,21820000,60000
R20-02443,3050000,0
R20-02444,36370000,150000
R20-02445,51920000,150000
R20-02446,72840000,300000
R20-02447,21140000,60000
R20-02448,46710000,150000
R20-02449,60700000,150000
R20-02450,1690000,0
R20-02451,22780000,60000
R20-02452,3590000,0
R20-02453,22520000,60000
R20-02454,41670000,150000
R20-02455,22620000,60000
R20-02456,42630000,150000
R20-02457,28400000,60000
R20-02458,16400000,40000
R20-02459,78030000,300000
R20-02460,86190000,300000
R20-02461,43390000,150000
R20-02462,64010000,150000
R20-02463,24460000,60000
R20-02464,3470000,0
R20-02465,57490000,150000
R20-02466,15030000,40000
R20-02467,12540000,40000
R20-02468,83470000,300000
R20-02469,21380000,60000
R20-02470,22110000,60000
R20-02471,61890000,150000
R20-02472,2920000,0
R20-02473,37670000,150000
R20-02474,34230000,150000
R20-02475,27730000,60000
R20-02476,44630000,150000
R20-02477,2640000,0
R20-02478,11180000,40000
R20-02479,73030000,300000
R20-02480,44470000,150000
R20-02481,112300000,300000
R20-02482,51110000,150000
R20-02483,2440000,0
R20-02484,33260000,60000
R20-02485,101370000,300000
R20-02486,1480000,0
R20-02487,96630000,300000
R20-02488,73450000,300000
R20-02489,57750000,150000
R20-02490,16930000,40000
R20-02491,14850000,40000
R20-02492,10920000,40000
R20-02493,5220000,20000
R20-02494,15660000,40000
R20-02495,12710000,40000
R20-02496,103920000,300000
R20-02497,38210000,150000
R20-02498,42870000,150000
R20-02499,31530000,60000
R20-02500,8260000,20000
R20-02501,33200000,60000
R20-02502,62380000,150000
R20-02503,72500000,300000
R20-02504,112450000,300000
R20-02505,22300000,60000
R20-02506,106390000,300000
R20-02507,54850000,150000
R20-02508,145210000,600000
R20-02509,15800000,40000
R20-02510,91650000,300000
R20-02511,43810000,150000
R20-02512,52710000,150000
R20-02513,38070000,150000
R20-02514,43740000,150000
R20-02515,42850000,150000
R20-02516,53310000,150000
R20-02517,112400000,300000
R20-02518,2090000,0
R20-02519,55490000,150000
R20-02520,22120000,60000
R20-02521,22010000,60000
R20-02522,72580000,300000
R20-02523,10340000,40000
R20-02524,13550000,40000
R20-02525,1960000,0
R20-02526,11480000,40000
R20-02527,11700000,40000
R20-02528,53020000,150000
R20-02529,22760000,60000
R20-02530,6060000,20000
R20-02531,12990000,40000
R20-02532,76430000,300000
R20-02533,74870000,300000
R20-02534,63820000,150000
R20-02535,62090000,150000
R20-02536,5200000,20000
R20-02537,13760000,40000
R20-02538,134790000,600000
R20-02539,73960000,300000
R20-02540,55000000,150000
R20-02541,11650000,40000
R20-02542,36850000,150000
R20-02543,2510000,0
R20-02544,74560000,300000
R20-02545,4350000,0
R20-02546,103970000,300000
R20-02547,2460000,0
R20-02548,48840000,150000
R20-02549,78480000,300000
R20-02550,55910000,150000
R20-02551,15990000,40000
R20-02552,2520000,0
R20-02553,42700000,150000
R20-02554,22120000,60000
R20-02555,43450000,150000
R20-02556,93300000,300000
R20-02557,71950000,300000
R20-02558,103460000,300000
R20-02559,61380000,150000
R20-02560,71730000,300000
R20-02561,5700000,20000
R20-02562,72000000,300000
R20-02563,52820000,150000
R20-02564,11490000,40000
R20-02565,72270000,300000
R20-02566,86050000,300000
R20-02567,85830000,300000
R20-02568,54910000,150000
R20-02569,45740000,150000
R20-02570,104550000,300000
R20-02571,67780000,300000
R20-02572,72170000,300000
R20-02573,47780000,150000
R20-02574,75550000,300000
R20-02575,15030000,40000
R20-02576,3990000,0
R20-02577,44560000,150000
R20-02578,40990000,150000
R20-02579,102770000,300000
R20-02580,44330000,150000
R20-02581,57220000,150000
R20-02582,63860000,150000
R20-02583,14520000,40000
R20-02584,15120000,40000
R20-02585,21880000,60000
R20-02586,32810000,60000
R20-02587,3260000,0
R20-02588,55160000,150000
R20-02589,121180000,300000
R20-02590,114860000,300000
R20-02591,36720000,150000
R20-02592,49460000,150000
R20-02593,5260000,20000
R20-02594,51490000,150000
R20-02595,13960000,40000
R20-02596,56680000,150000
R20-02597,36680000,150000
R20-02598,27160000,60000
R20-02599,1490000,0
R20-02600,27470000,60000
R20-02601,14900000,40000
R20-02602,36730000,150000
R20-02603,3500000,0
R20-02604,34070000,150000
R20-02605,2670000,0
R20-02606,17470000,40000
R20-02607,62800000,150000
R20-02608,56090000,150000
R20-02609,23130000,60000
R20-02610,94950000,300000
R20-02611,99620000,300000
R20-02612,21430000,60000
R20-02613,12520000,40000
R20-02614,1400000,0
R20-02615,62630000,150000
R20-02616,3730000,0
R20-02617,114360000,300000
R20-02618,43840000,150000
R20-02619,65370000,150000
R20-02620,28020000,60000
R20-02621,32960000,60000
R20-02622,33590000,150000
R20-02623,65760000,150000
R20-02624,53240000,150000
R20-02625,16720000,40000
R20-02626,35930000,150000
R20-02627,33340000,150000
R20-02628,73230000,300000
R20-02629,23100000,60000
R20-02630,75130000,300000
R20-02631,51030000,150000
R20-02632,16990000,40000
R20-02633,105240000,300000
R20-02634,12550000,40000
R20-02635,14100000,40000
R20-02636,12390000,40000
R20-02637,91950000,300000
R20-02638,12280000,40000
R20-02639,16010000,40000
R20-02640,20590000,60000
R20-02641,27020000,60000
R20-02642,126940000,300000
R20-02643,22530000,60000
R20-02644,33650000,150000
R20-02645,93600000,300000
R20-02646,27000000,60000
R20-02647,47640000,150000
R20-02648,69720000,300000
R20-02649,92520000,300000
R20-02650,64430000,150000
R20-02651,1040000,0
R20-02652,57620000,150000
R20-02653,20780000,60000
R20-02654,35600000,150000
R20-02655,71230000,300000
R20-02656,9540000,20000
R20-02657,14300000,40000
R20-02658,14430000,40000
R20-02659,66420000,150000
R20-02660,71920000,300000
R20-02661,14670000,40000
R20-02662,27630000,60000
R20-02663,21560000,60000
R20-02664,3190000,0
R20-02665,6490000,20000
R20-02666,67850000,300000
R20-02667,24560000,60000
R20-02668,17690000,40000
R20-02669,11700000,40000
R20-02670,85510000,300000
R20-02671,46830000,150000
R20-02672,223140000,1000000
R20-02673,11720000,40000
R20-02674,33100000,60000
R20-02675,98890000,300000
R20-02676,46440000,150000
R20-02677,66170000,150000
R20-02678,16390000,40000
R20-02679,21680000,60000
R20-02680,21180000,60000
R20-02681,5070000,20000
R20-02682,21430000,60000
R20-02683,53980000,150000
R20-02684,14960000,40000
R20-02685,77900000,300000
R20-02686,97880000,300000
R20-02687,48420000,150000
R20-02688,45240000,150000
R20-02689,16620000,40000
R20-02690,25010000,60000
R20-02691,103620000,300000
R20-02692,3040000,0
R20-02693,44960000,150000
R20-02694,4660000,0
R20-02695,3400000,0
R20-02696,36720000,150000
R20-02697,16690000,40000
R20-02698,60540000,150000
R20-02699,21840000,60000
R20-02700,48180000,150000
R20-02701,14330000,40000
R20-02702,44640000,150000
R20-02703,113710000,300000
R20-02704,13830000,40000
R20-02705,36510000,150000
R20-02706,24870000,60000
R20-02707,6680000,20000
R20-02708,65860000,150000
R20-02709,62690000,150000
R20-02710,24790000,60000
R20-02711,22650000,60000
R20-02712,5720000,20000
R20-02713,24210000,60000
R20-02714,86890000,300000
R20-02715,45260000,150000
R20-02716,4050000,0
R20-02717,13210000,40000
R20-02718,24090000,60000
R20-02719,112430000,300000
R20-02720,91690000,300000
R20-02721,53320000,150000
R20-02722,16510000,40000
R20-02723,71480000,300000
R20-02724,2610000,0
R20-02725,33610000,150000
R20-02726,76310000,300000
R20-02727,45640000,150000
R20-02728,82090000,300000
R20-02729,21860000,60000
R20-02730,3100000,0
R20-02731,1130000,0
R20-02732,13550000,40000
R20-02733,41310000,150000
R20-02734,33680000,150000
R20-02735,63480000,150000
R20-02736,65020000,150000
R20-02737,56420000,150000
R20-02738,62800000,150000
R20-02739,3490000,0
R20-02740,33600000,150000
R20-02741,11390000,40000
R20-02742,13700000,40000
R20-02743,64400000,150000
R20-02744,51720000,150000
R20-02745,97270000,300000
R20-02746,4710000,0
R20-02747,22260000,60000
R20-02748,4110000,0
R20-02749,35000000,150000
R20-02750,34860000,150000
R20-02751,55680000,150000
R20-02752,42380000,150000
R20-02753,21640000,60000
R20-02754,5710000,20000
R20-02755,34550000,150000
R20-02756,122970000,300000
R20-02757,53940000,150000
R20-02758,42720000,150000
R20-02759,12680000,40000
R20-02760,44440000,150000
R20-02761,41440000,150000
R20-02762,33510000,150000
R20-02763,144290000,600000
R20-02764,44020000,150000
R20-02765,44910000,150000
R20-02766,29370000,60000
R20-02767,71250000,300000
R20-02768,13020000,40000
R20-02769,146310000,600000
R20-02770,71720000,300000
R20-02771,112750000,300000
R20-02772,62940000,150000
R20-02773,53960000,150000
R20-02774,22060000,60000
R20-02775,54700000,150000
R20-02776,18810000,40000
R20-02777,12440000,40000
R20-02778,32880000,60000
R20-02779,24960000,60000
R20-02780,11350000,40000
R20-02781,14090000,40000
R20-02782,32730000,60000
R20-02783,61590000,150000
R20-02784,94590000,300000
R20-02785,43770000,150000
R20-02786,51010000,150000
R20-02787,38340000,150000
R20-02788,22140000,60000
R20-02789,21880000,60000
R20-02790,83420000,300000
R20-02791,6380000,20000
R20-02792,2100000,0
R20-02793,31210000,60000
R20-02794,57050000,150000
R20-02795,13640000,40000
R20-02796,31110000,60000
R20-02797,6900000,20000
R20-02798,57360000,150000
R20-02799,123590000,300000
R20-02800,51160000,150000
R20-02801,83230000,300000
R20-02802,35520000,150000
R20-02803,62690000,150000
R20-02804,3290000,0
R20-02805,5990000,20000
R20-02806,42550000,150000
R20-02807,14200000,40000
R20-02808,23690000,60000
R20-02809,33120000,60000
R20-02810,68240000,300000
R20-02811,93280000,300000
R20-02812,94050000,300000
R20-02813,63980000,150000
R20-02814,62280000,150000
R20-02815,14230000,40000
R20-02816,33490000,150000
R20-02817,7710000,20000
R20-02818,2760000,0
R20-02819,113800000,300000
R20-02820,16420000,40000
R20-02821,101510000,300000
R20-02822,104360000,300000
R20-02823,24700000,60000
R20-02824,65140000,150000
R20-02825,41550000,150000
R20-02826,77320000,300000
R20-02827,70260000,300000
R20-02828,23660000,60000
R20-02829,42610000,150000
R20-02830,53310000,150000
R20-02831,25160000,60000
R20-02832,34300000,150000
R20-02833,13040000,40000
R20-02834,43760000,150000
R20-02835,42070000,150000
R20-02836,55440000,150000
R20-02837,15020000,40000
R20-02838,22990000,60000
R20-02839,42600000,150000
R20-02840,19630000,40000
R20-02841,82070000,300000
R20-02842,64110000,150000
R20-02843,15210000,40000
R20-02844,32160000,60000
R20-02845,16580000,40000
R20-02846,4940000,0
R20-02847,67330000,300000
R20-02848,52490000,150000
R20-02849,2650000,0
R20-02850,63280000,150000
R20-02851,13090000,40000
R20-02852,72510000,300000
R20-02853,56750000,150000
R20-02854,46020000,150000
R20-02855,36190000,150000
R20-02856,31510000,60000
R20-02857,82260000,300000
R20-02858,97080000,300000
R20-02859,88820000,300000
R20-02860,92390000,300000
R20-02861,74900000,300000
R20-02862,123800000,300000
R20-02863,84880000,300000
R20-02864,48140000,150000
R20-02865,82090000,300000
R20-02866,30430000,60000
R20-02867,2570000,0
R20-02868,98380000,300000
R20-02869,51730000,150000
R20-02870,1250000,0
R20-02871,71800000,300000
R20-02872,7810000,20000
R20-02873,2640000,0
R20-02874,4600000,0
R20-02875,610000,0
R20-02876,35030000,150000
R20-02877,102170000,300000
R20-02878,55140000,150000
R20-02879,6160000,20000
R20-02880,21850000,60000
R20-02881,32340000,60000
R20-02882,66340000,150000
R20-02883,71150000,300000
R20-02884,46180000,150000
R20-02885,73350000,300000
R20-02886,70900000,300000
R20-02887,65370000,150000
R20-02888,54130000,150000
R20-02889,104560000,300000
R20-02890,32600000,60000
R20-02891,32500000,60000
R20-02892,22990000,60000
R20-02893,37180000,150000
R20-02894,3550000,0
R20-02895,93350000,300000
R20-02896,81330000,300000
R20-02897,47460000,150000
R20-02898,30430000,60000
R20-02899,93880000,300000
R20-02900,57220000,150000
R20-02901,1820000,0
R20-02902,44320000,150000
R20-02903,134780000,600000
R20-02904,51470000,150000
R20-02905,95790000,300000
R20-02906,73650000,300000
R20-02907,40370000,150000
R20-02908,5610000,20000
R20-02909,16710000,40000
R20-02910,34890000,150000
R20-02911,28310000,60000
R20-02912,131800000,300000
R20-02913,36180000,150000
R20-02914,46440000,150000
R20-02915,11550000,40000
R20-02916,4810000,0
R20-02917,32100000,60000
R20-02918,65720000,150000
R20-02919,16080000,40000
R20-02920,14350000,40000
R20-02921,11610000,40000
R20-02922,31310000,60000
R20-02923,43760000,150000
R20-02924,38570000,150000
R20-02925,25480000,60000
R20-02926,52280000,150000
R20-02927,73540000,300000
R20-02928,83890000,300000
R20-02929,54530000,150000
R20-02930,14870000,40000
R20-02931,105370000,300000
R20-02932,25430000,60000
R20-02933,3650000,0
R20-02934,17180000,40000
R20-02935,690000,0
R20-02936,64230000,150000
R20-02937,84170000,300000
R20-02938,40620000,150000
R20-02939,12100000,40000
R20-02940,40670000,150000
R20-02941,38720000,150000
R20-02942,23210000,60000
R20-02943,73970000,300000
R20-02944,44540000,150000
R20-02945,12000000,40000
R20-02946,33950000,150000
R20-02947,98320000,300000
R20-02948,71500000,300000
R20-02949,7450000,20000
R20-02950,5100000,20000
R20-02951,4660000,0
R20-02952,121320000,300000
R20-02953,35090000,150000
R20-02954,13850000,40000
R20-02955,45010000,150000
R20-02956,4440000,0
R20-02957,31670000,60000
R20-02958,33910000,150000
R20-02959,148260000,600000
R20-02960,125860000,300000
R20-02961,4990000,0
R20-02962,22600000,60000
R20-02963,2760000,0
R20-02964,7830000,20000
R20-02965,18550000,40000
R20-02966,106160000,300000
R20-02967,15900000,40000
R20-02968,90610000,300000
R20-02969,5010000,20000
R20-02970,20660000,60000
R20-02971,32170000,60000
R20-02972,55370000,150000
R20-02973,66050000,150000
R20-02974,21850000,60000
R20-02975,22230000,60000
R20-02976,31250000,60000
R20-02977,98830000,300000
R20-02978,57690000,150000
R20-02979,51810000,150000
R20-02980,32900000,60000
R20-02981,1570000,0
R20-02982,7250000,20000
R20-02983,6820000,20000
R20-02984,31720000,60000
R20-02985,4260000,0
R20-02986,2460000,0
R20-02987,64140000,150000
R20-02988,34490000,150000
R20-02989,35270000,150000
R20-02990,34800000,150000
R20-02991,135480000,600000
R20-02992,14280000,40000
R20-02993,5480000,20000
R20-02994,52500000,150000
R20-02995,44480000,150000
R20-02996,32920000,60000
R20-02997,68970000,300000
R20-02998,85310000,300000
R20-02999,72000000,300000
R20-03000,1980000,0
R20-03001,85590000,300000
R20-03002,105680000,300000
R20-03003,12960000,40000
R20-03004,31160000,60000
R20-03005,5620000,20000
R20-03006,15740000,40000
R20-03007,3150000,0
R20-03008,102630000,300000
R20-03009,76070000,300000
R20-03010,35040000,150000
R20-03011,10590000,40000
R20-03012,33820000,150000
R20-03013,2520000,0
R20-03014,75830000,300000
R20-03015,16600000,40000
R20-03016,2220000,0
R20-03017,34860000,150000
R20-03018,7470000,20000
R20-03019,34490000,150000
R20-03020,54540000,150000
R20-03021,14480000,40000
R20-03022,71720000,300000
R20-03023,93250000,300000
R20-03024,72770000,300000
R20-03025,94000000,300000
R20-03026,13330000,40000
R20-03027,84250000,300000
R20-03028,33340000,150000
R20-03029,22660000,60000
R20-03030,41030000,150000
R20-03031,55160000,150000
R20-03032,25700000,60000
R20-03033,57850000,150000
R20-03034,1310000,0
R20-03035,46980000,150000
R20-03036,23000000,60000
R20-03037,65870000,150000
R20-03038,16920000,40000
R20-03039,85400000,300000
R20-03040,145920000,600000
R20-03041,3110000,0
R20-03042,38000000,150000
R20-03043,11640000,40000
R20-03044,4600000,0
R20-03045,34620000,150000
R20-03046,48400000,150000
R20-03047,28930000,60000
R20-03048,22030000,60000
R20-03049,58090000,150000
R20-03050,11260000,40000
R20-03051,12160000,40000
R20-03052,31560000,60000
R20-03053,18900000,40000
R20-03054,27940000,60000
R20-03055,72420000,300000
R20-03056,43200000,150000
R20-03057,53020000,150000
R20-03058,3220000,0
R20-03059,23940000,60000
R20-03060,8820000,20000
R20-03061,23230000,60000
R20-03062,2480000,0
R20-03063,115220000,300000
R20-03064,57220000,150000
R20-03065,22490000,60000
R20-03066,44750000,150000
R20-03067,94050000,300000
R20-03068,4350000,0
R20-03069,4720000,0
R20-03070,62990000,150000
R20-03071,52590000,150000
R20-03072,34270000,150000
R20-03073,4760000,0
R20-03074,6180000,20000
R20-03075,83850000,300000
R20-03076,23150000,60000
R20-03077,3170000,0
R20-03078,76600000,300000
R20-03079,43000000,150000
R20-03080,28110000,60000
R20-03081,3640000,0
R20-03082,31750000,60000
R20-03083,13480000,40000
R20-03084,4790000,0
R20-03085,55270000,150000
R20-03086,55390000,150000
R20-03087,21860000,60000
R20-03088,94170000,300000
R20-03089,32690000,60000
R20-03090,103950000,300000
R20-03091,26180000,60000
R20-03092,73990000,300000
R20-03093,15360000,40000
R20-03094,21840000,60000
R20-03095,67060000,300000
R20-03096,52910000,150000
R20-03097,94290000,300000
R20-03098,72790000,300000
R20-03099,23770000,60000
R20-03100,13560000,40000
R20-03101,96920000,300000
R20-03102,91700000,300000
R20-03103,63130000,150000
R20-03104,94740000,300000
R20-03105,35030000,150000
R20-03106,24890000,60000
R20-03107,31820000,60000
R20-03108,74830000,300000
R20-03109,4780000,0
R20-03110,43410000,150000
R20-03111,56560000,150000
R20-03112,81520000,300000
R20-03113,28120000,60000
R20-03114,25480000,60000
R20-03115,65010000,150000
R20-03116,58260000,150000
R20-03117,102600000,300000
R20-03118,11100000,40000
R20-03119,3590000,0
R20-03120,53820000,150000
R20-03121,42390000,150000
R20-03122,14160000,40000
R20-03123,3530000,0
R20-03124,12150000,40000
R20-03125,23320000,60000
R20-03126,1290000,0
R20-03127,12650000,40000
R20-03128,61770000,150000
R20-03129,42430000,150000
R20-03130,82870000,300000
R20-03131,20620000,60000
R20-03132,82850000,300000
R20-03133,47120000,150000
R20-03134,61900000,150000
R20-03135,32220000,60000
R20-03136,84160000,300000
R20-03137,93250000,300000
R20-03138,1440000,0
R20-03139,39130000,150000
R20-03140,28290000,60000
R20-03141,154540000,600000
R20-03142,38450000,150000
R20-03143,52150000,150000
R20-03144,67720000,300000
R20-03145,35710000,150000
R20-03146,32520000,60000
R20-03147,74190000,300000
R20-03148,108800000,300000
R20-03149,113430000,300000
R20-03150,44960000,150000
R20-03151,72280000,300000
R20-03152,114390000,300000
R20-03153,22600000,60000
R20-03154,73690000,300000
R20-03155,42010000,150000
R20-03156,13350000,40000
R20-03157,43430000,150000
R20-03158,2930000,0
R20-03159,1250000,0
R20-03160,20800000,60000
R20-03161,26850000,60000
R20-03162,73720000,300000
R20-03163,31740000,60000
R20-03164,55210000,150000
R20-03165,3820000,0
R20-03166,17130000,40000
R20-03167,67670000,300000
R20-03168,1200000,0
R20-03169,34440000,150000
R20-03170,43860000,150000
R20-03171,101060000,300000
R20-03172,93480000,300000
R20-03173,32410000,60000
R20-03174,32350000,60000
R20-03175,11880000,40000
R20-03176,75950000,300000
R20-03177,13260000,40000
R20-03178,76290000,300000
R20-03179,55620000,150000
R20-03180,65570000,150000
R20-03181,20560000,60000
R20-03182,23090000,60000
R20-03183,11830000,40000
R20-03184,35090000,150000
R20-03185,44630000,150000
R20-03186,111560000,300000
R20-03187,14950000,40000
R20-03188,74310000,300000
R20-03189,72180000,300000
R20-03190,37500000,150000
R20-03191,41820000,150000
R20-03192,35330000,150000
R20-03193,42160000,150000
R20-03194,13060000,40000
R20-03195,44670000,150000
R20-03196,4770000,0
R20-03197,102430000,300000
R20-03198,45710000,150000
R20-03199,82260000,300000
R20-03200,13370000,40000
R20-03201,6440000,20000
R20-03202,3320000,0
R20-03203,33720000,150000
R20-03204,11930000,40000
R20-03205,31690000,60000
R20-03206,11700000,40000
R20-03207,22930000,60000
R20-03208,81990000,300000
R20-03209,42020000,150000
R20-03210,1380000,0
R20-03211,38910000,150000
R20-03212,61350000,150000
R20-03213,22380000,60000
R20-03214,47180000,150000
R20-03215,91460000,300000
R20-03216,55880000,150000
R20-03217,43540000,150000
R20-03218,22680000,60000
R20-03219,31550000,60000
R20-03220,43780000,150000
R20-03221,42260000,150000
R20-03222,31900000,60000
R20-03223,63160000,150000
R20-03224,20290000,60000
R20-03225,53190000,150000
R20-03226,62760000,150000
R20-03227,16020000,40000
R20-03228,39720000,150000
R20-03229,18190000,40000
R20-03230,94050000,300000
R20-03231,63020000,150000
R20-03232,12120000,40000
R20-03233,12890000,40000
R20-03234,116650000,300000
R20-03235,53340000,150000
R20-03236,55180000,150000
R20-03237,20390000,60000
R20-03238,53730000,150000
R20-03239,43590000,150000
R20-03240,35690000,150000
R20-03241,2940000,0
R20-03242,4440000,0
R20-03243,64100000,150000
R20-03244,36180000,150000
R20-03245,37230000,150000
R20-03246,4500000,0
R20-03247,14400000,40000
R20-03248,36390000,150000
R20-03249,25320000,60000
R20-03250,57970000,150000
R20-03251,108200000,300000
R20-03252,83110000,300000
R20-03253,11770000,40000
R20-03254,37830000,150000
R20-03255,7160000,20000
R20-03256,21790000,60000
R20-03257,33150000,60000
R20-03258,53430000,150000
R20-03259,33400000,150000
R20-03260,15210000,40000
R20-03261,35240000,150000
R20-03262,45260000,150000
R20-03263,35980000,150000
R20-03264,68970000,300000
R20-03265,86680000,300000
R20-03266,15590000,40000
R20-03267,43060000,150000
R20-03268,77190000,300000
R20-03269,52530000,150000
R20-03270,6350000,20000
R20-03271,41370000,150000
R20-03272,61320000,150000
R20-03273,21710000,60000
R20-03274,22950000,60000
R20-03275,60870000,150000
R20-03276,33040000,60000
R20-03277,81900000,300000
R20-03278,66640000,150000
R20-03279,16850000,40000
R20-03280,81720000,300000
R20-03281,45750000,150000
R20-03282,86920000,300000
R20-03283,6590000,20000
R20-03284,73910000,300000
R20-03285,3750000,0
R20-03286,1070000,0
R20-03287,3060000,0
R20-03288,115540000,300000
R20-03289,80770000,300000
R20-03290,83610000,300000
R20-03291,42750000,150000
R20-03292,92830000,300000
R20-03293,33770000,150000
R20-03294,13880000,40000
R20-03295,51270000,150000
R20-03296,25600000,60000
R20-03297,36180000,150000
R20-03298,4680000,0
R20-03299,16220000,40000
R20-03300,3340000,0
R20-03301,30920000,60000
R20-03302,12390000,40000
R20-03303,24740000,60000
R20-03304,30850000,60000
R20-03305,43910000,150000
R20-03306,58510000,150000
R20-03307,13130000,40000
R20-03308,53330000,150000
R20-03309,71760000,300000
R20-03310,44470000,150000
R20-03311,74220000,300000
R20-03312,46620000,150000
R20-03313,32770000,60000
R20-03314,2280000,0
R20-03315,15560000,40000
R20-03316,5810000,20000
R20-03317,54940000,150000
R20-03318,12270000,40000
R20-03319,4530000,0
R20-03320,12250000,40000
R20-03321,84230000,300000
R20-03322,2880000,0
R20-03323,27860000,60000
R20-03324,105620000,300000
R20-03325,3570000,0
R20-03326,1400000,0
R20-03327,57830000,150000
R20-03328,35220000,150000
R20-03329,55440000,150000
R20-03330,66350000,150000
R20-03331,85680000,300000
R20-03332,55430000,150000
R20-03333,43390000,150000
R20-03334,2100000,0
R20-03335,31460000,60000
R20-03336,13550000,40000
R20-03337,93100000,300000
R20-03338,41340000,150000
R20-03339,53650000,150000
R20-03340,85050000,300000
R20-03341,59510000,150000
R20-03342,176000000,600000
R20-03343,41850000,150000
R20-03344,53310000,150000
R20-03345,62710000,150000
R20-03346,21870000,60000
R20-03347,70920000,300000
R20-03348,3800000,0
R20-03349,90890000,300000
R20-03350,4530000,0
R20-03351,63320000,150000
R20-03352,35600000,150000
R20-03353,22050000,60000
R20-03354,25910000,60000
R20-03355,36130000,150000
R20-03356,15140000,40000
R20-03357,32910000,60000
R20-03358,72350000,300000
R20-03359,81510000,300000
R20-03360,82240000,300000
R20-03361,56660000,150000
R20-03362,28280000,60000
R20-03363,51580000,150000
R20-03364,61360000,150000
R20-03365,31750000,60000
R20-03366,135930000,600000
R20-03367,11710000,40000
R20-03368,11220000,40000
R20-03369,6340000,20000
R20-03370,36090000,150000
R20-03371,42620000,150000
R20-03372,18790000,40000
R20-03373,2510000,0
R20-03374,45690000,150000
R20-03375,32130000,60000
R20-03376,35100000,150000
R20-03377,76290000,300000
R20-03378,34930000,150000
R20-03379,34270000,150000
R20-03380,94060000,300000
R20-03381,2090000,0
R20-03382,1690000,0
R20-03383,72940000,300000
R20-03384,157680000,600000
R20-03385,13550000,40000
R20-03386,31080000,60000
R20-03387,4150000,0
R20-03388,38550000,150000
R20-03389,55760000,150000
R20-03390,22730000,60000
R20-03391,41940000,150000
R20-03392,52160000,150000
R20-03393,960000,0
R20-03394,101910000,300000
R20-03395,2050000,0
R20-03396,65810000,150000
R20-03397,26850000,60000
R20-03398,3480000,0
R20-03399,44220000,150000
R20-03400,25050000,60000
R20-03401,84250000,300000
R20-03402,3290000,0
R20-03403,75660000,300000
R20-03404,51570000,150000
R20-03405,5380000,20000
R20-03406,6610000,20000
R20-03407,3310000,0
R20-03408,36330000,150000
R20-03409,84420000,300000
R20-03410,2240000,0
R20-03411,34360000,150000
R20-03412,55380000,150000
R20-03413,39200000,150000
R20-03414,3110000,0
R20-03415,50110000,150000
R20-03416,45100000,150000
R20-03417,11280000,40000
R20-03418,27370000,60000
R20-03419,51740000,150000
R20-03420,43210000,150000
R20-03421,42670000,150000
R20-03422,2550000,0
R20-03423,3640000,0
R20-03424,13000000,40000
R20-03425,62710000,150000
R20-03426,1170000,0
R20-03427,8340000,20000
R20-03428,34210000,150000
R20-03429,16390000,40000
R20-03430,63830000,150000
R20-03431,5250000,20000
R20-03432,16790000,40000
R20-03433,23200000,60000
R20-03434,132080000,300000
R20-03435,57800000,150000
R20-03436,1830000,0
R20-03437,23830000,60000
R20-03438,810000,0
R20-03439,22140000,60000
R20-03440,44370000,150000
R20-03441,92890000,300000
R20-03442,13650000,40000
R20-03443,25280000,60000
R20-03444,122590000,300000
R20-03445,16860000,40000
R20-03446,13320000,40000
R20-03447,54170000,150000
R20-03448,111850000,300000
R20-03449,103850000,300000
R20-03450,12370000,40000
R20-03451,5180000,20000
R20-03452,60910000,150000
R20-03453,41540000,150000
R20-03454,73810000,300000
R20-03455,3080000,0
R20-03456,45330000,150000
R20-03457,23950000,60000
R20-03458,21000000,60000
R20-03459,22230000,60000
R20-03460,12070000,40000
R20-03461,5180000,20000
R20-03462,26730000,60000
R20-03463,65310000,150000
R20-03464,74220000,300000
R20-03465,12010000,40000
R20-03466,75000000,300000
R20-03467,5490000,20000
R20-03468,22280000,60000
R20-03469,61720000,150000
R20-03470,75990000,300000
R20-03471,65120000,150000
R20-03472,6650000,20000
R20-03473,10640000,40000
R20-03474,135220000,600000
R20-03475,5630000,20000
R20-03476,83660000,300000
R20-03477,23200000,60000
R20-03478,16200000,40000
R20-03479,190000,0
R20-03480,75070000,300000
R20-03481,84570000,300000
R20-03482,16380000,40000
R20-03483,13040000,40000
R20-03484,65610000,150000
R20-03485,117110000,300000
R20-03486,3250000,0
R20-03487,4520000,0
R20-03488,44630000,150000
R20-03489,48760000,150000
R20-03490,85460000,300000
R20-03491,26500000,60000
R20-03492,52190000,150000
R20-03493,13150000,40000
R20-03494,41440000,150000
R20-03495,62300000,150000
R20-03496,14750000,40000
R20-03497,81480000,300000
R20-03498,42650000,150000
R20-03499,1700000,0
R20-03500,73990000,300000
R20-03501,23240000,60000
R20-03502,52320000,150000
R20-03503,23780000,60000
R20-03504,10880000,40000
R20-03505,52010000,150000
R20-03506,23130000,60000
R20-03507,80920000,300000
R20-03508,12720000,40000
R20-03509,31970000,60000
R20-03510,53560000,150000
R20-03511,82490000,300000
R20-03512,53890000,150000
R20-03513,12890000,40000
R20-03514,93870000,300000
R20-03515,55750000,150000
R20-03516,32980000,60000
R20-03517,87070000,300000
R20-03518,45300000,150000
R20-03519,52460000,150000
R20-03520,5320000,20000
R20-03521,15990000,40000
R20-03522,43980000,150000
R20-03523,92500000,300000
R20-03524,55480000,150000
R20-03525,18320000,40000
R20-03526,35050000,150000
R20-03527,2350000,0
R20-03528,49110000,150000
R20-03529,57170000,150000
R20-03530,43510000,150000
R20-03531,53440000,150000
R20-03532,111870000,300000
R20-03533,51580000,150000
R20-03534,6280000,20000
R20-03535,80830000,300000
R20-03536,61890000,150000
R20-03537,1600000,0
R20-03538,11700000,40000
R20-03539,17900000,40000
R20-03540,24930000,60000
R20-03541,22850000,60000
R20-03542,51830000,150000
R20-03543,33200000,60000
R20-03544,7800000,20000
R20-03545,15040000,40000
R20-03546,6540000,20000
R20-03547,65380000,150000
R20-03548,4660000,0
R20-03549,97340000,300000
R20-03550,38510000,150000
R20-03551,14300000,40000
R20-03552,64080000,150000
R20-03553,75230000,300000
R20-03554,33990000,150000
R20-03555,42710000,150000
R20-03556,41480000,150000
R20-03557,37280000,150000
R20-03558,60890000,150000
R20-03559,14340000,40000
R20-03560,84190000,300000
R20-03561,23580000,60000
R20-03562,15930000,40000
R20-03563,1980000,0
R20-03564,53640000,150000
R20-03565,44740000,150000
R20-03566,82100000,300000
R20-03567,54890000,150000
R20-03568,1370000,0
R20-03569,95400000,300000
R20-03570,32510000,60000
R20-03571,2420000,0
R20-03572,43630000,150000
R20-03573,44310000,150000
R20-03574,71220000,300000
R20-03575,31730000,60000
R20-03576,83170000,300000
R20-03577,34950000,150000
R20-03578,40600000,150000
R20-03579,26900000,60000
R20-03580,12590000,40000
R20-03581,102360000,300000
R20-03582,32160000,60000
R20-03583,22670000,60000
R20-03584,18080000,40000
R20-03585,24830000,60000
R20-03586,1490000,0
R20-03587,43440000,150000
R20-03588,14980000,40000
R20-03589,114820000,300000
R20-03590,2420000,0
R20-03591,33640000,150000
R20-03592,9440000,20000
R20-03593,64480000,150000
R20-03594,7470000,20000
R20-03595,23870000,60000
R20-03596,91900000,300000
R20-03597,78330000,300000
R20-03598,12190000,40000
R20-03599,12920000,40000
R20-03600,63570000,150000
R20-03601,41900000,150000
R20-03602,20870000,60000
R20-03603,5010000,20000
R20-03604,91980000,300000
R20-03605,95900000,300000
R20-03606,33110000,60000
R20-03607,84920000,300000
R20-03608,42280000,150000
R20-03609,4490000,0
R20-03610,81540000,300000
R20-03611,12620000,40000
R20-03612,12330000,40000
R20-03613,38710000,150000
R20-03614,71790000,300000
R20-03615,94970000,300000
R20-03616,61750000,150000
R20-03617,3400000,0
R20-03618,38090000,150000
R20-03619,32080000,60000
R20-03620,62940000,150000
R20-03621,51840000,150000
R20-03622,146150000,600000
R20-03623,11960000,40000
R20-03624,1910000,0
R20-03625,55990000,150000
R20-03626,40910000,150000
R20-03627,61820000,150000
R20-03628,23450000,60000
R20-03629,36120000,150000
R20-03630,6460000,20000
R20-03631,26450000,60000
R20-03632,105190000,300000
R20-03633,30350000,60000
R20-03634,81680000,300000
R20-03635,13130000,40000
R20-03636,33990000,150000
R20-03637,40940000,150000
R20-03638,129660000,300000
R20-03639,144040000,600000
R20-03640,60830000,150000
R20-03641,61310000,150000
R20-03642,12550000,40000
R20-03643,32320000,60000
R20-03644,78540000,300000
R20-03645,35900000,150000
R20-03646,21510000,60000
R20-03647,2250000,0
R20-03648,91730000,300000
R20-03649,7630000,20000
R20-03650,70970000,300000
R20-03651,81520000,300000
R20-03652,8580000,20000
R20-03653,35090000,150000
R20-03654,7850000,20000
R20-03655,51760000,150000
R20-03656,82450000,300000
R20-03657,63740000,150000
R20-03658,72830000,300000
R20-03659,52910000,150000
R20-03660,134310000,600000
R20-03661,54780000,150000
R20-03662,42060000,150000
R20-03663,12150000,40000
R20-03664,96460000,300000
R20-03665,81740000,300000
R20-03666,15210000,40000
R20-03667,31990000,60000
R20-03668,2660000,0
R20-03669,222410000,1000000
R20-03670,3520000,0
R20-03671,3030000,0
R20-03672,24290000,60000
R20-03673,12950000,40000
R20-03674,6530000,20000
R20-03675,16880000,40000
R20-03676,45120000,150000
R20-03677,27050000,60000
R20-03678,13820000,40000
R20-03679,14550000,40000
R20-03680,66400000,150000
R20-03681,16520000,40000
R20-03682,54960000,150000
R20-03683,85180000,300000
R20-03684,103900000,300000
R20-03685,138050000,600000
R20-03686,19070000,40000
R20-03687,108250000,300000
R20-03688,3160000,0
R20-03689,56330000,150000
R20-03690,22780000,60000
R20-03691,23960000,60000
R20-03692,15750000,40000
R20-03693,47120000,150000
R20-03694,12870000,40000
R20-03695,29280000,60000
R20-03696,21260000,60000
R20-03697,26510000,60000
R20-03698,41700000,150000
R20-03699,52840000,150000
R20-03700,45250000,150000
R20-03701,15250000,40000
R20-03702,51020000,150000
R20-03703,14060000,40000
R20-03704,17570000,40000
R20-03705,71210000,300000
R20-03706,33700000,150000
R20-03707,4590000,0
R20-03708,16000000,40000
R20-03709,11630000,40000
R20-03710,90420000,300000
R20-03711,55310000,150000
R20-03712,13300000,40000
R20-03713,20880000,60000
R20-03714,52510000,150000
R20-03715,33920000,150000
R20-03716,75970000,300000
R20-03717,4820000,0
R20-03718,1060000,0
R20-03719,31230000,60000
R20-03720,12130000,40000
R20-03721,14000000,40000
R20-03722,34390000,150000
R20-03723,123010000,300000
R20-03724,2000000,0
R20-03725,36720000,150000
R20-03726,75110000,300000
R20-03727,28570000,60000
R20-03728,25150000,60000
R20-03729,48730000,150000
R20-03730,66110000,150000
R20-03731,62320000,150000
R20-03732,3990000,0
R20-03733,65990000,150000
R20-03734,15160000,40000
R20-03735,52870000,150000
R20-03736,21550000,60000
R20-03737,26170000,60000
R20-03738,32970000,60000
R20-03739,20590000,60000
R20-03740,25190000,60000
R20-03741,3530000,0
R20-03742,76040000,300000
R20-03743,144750000,600000
R20-03744,51460000,150000
R20-03745,81820000,300000
R20-03746,52530000,150000
R20-03747,45640000,150000
R20-03748,35660000,150000
R20-03749,13730000,40000
R20-03750,11710000,40000
R20-03751,72280000,300000
R20-03752,103870000,300000
R20-03753,4580000,0
R20-03754,24660000,60000
R20-03755,77180000,300000
R20-03756,20320000,60000
R20-03757,47530000,150000
R20-03758,55610000,150000
R20-03759,46680000,150000
R20-03760,13670000,40000
R20-03761,45910000,150000
R20-03762,52220000,150000
R20-03763,93470000,300000
R20-03764,5060000,20000
R20-03765,103290000,300000
R20-03766,91870000,300000
R20-03767,74680000,300000
R20-03768,1770000,0
R20-03769,74140000,300000
R20-03770,34610000,150000
R20-03771,14520000,40000
R20-03772,62850000,150000
R20-03773,15560000,40000
R20-03774,11940000,40000
R20-03775,103050000,300000
R20-03776,4300000,0
R20-03777,9020000,20000
R20-03778,22000000,60000
R20-03779,33050000,60000
R20-03780,47880000,150000
R20-03781,23710000,60000
R20-03782,51520000,150000
R20-03783,31560000,60000
R20-03784,2320000,0
R20-03785,113470000,300000
R20-03786,97800000,300000
R20-03787,1610000,0
R20-03788,36280000,150000
R20-03789,38680000,150000
R20-03790,24130000,60000
R20-03791,94720000,300000
R20-03792,18790000,40000
R20-03793,42290000,150000
R20-03794,22190000,60000
R20-03795,77190000,300000
R20-03796,52600000,150000
R20-03797,41490000,150000
R20-03798,35050000,150000
R20-03799,2200000,0
R20-03800,22050000,60000
R20-03801,33260000,60000
R20-03802,4980000,0
R20-03803,33250000,60000
R20-03804,52310000,150000
R20-03805,21840000,60000
R20-03806,66170000,150000
R20-03807,50600000,150000
R20-03808,91740000,300000
R20-03809,30680000,60000
R20-03810,33990000,150000
R20-03811,69370000,300000
R20-03812,12500000,40000
R20-03813,42890000,150000
R20-03814,44770000,150000
R20-03815,21190000,60000
R20-03816,57580000,150000
R20-03817,3850000,0
R20-03818,7140000,20000
R20-03819,32360000,60000
R20-03820,80840000,300000
R20-03821,13280000,40000
R20-03822,1920000,0
R20-03823,38710000,150000
R20-03824,115290000,300000
R20-03825,35280000,150000
R20-03826,36880000,150000
R20-03827,48030000,150000
R20-03828,15920000,40000
R20-03829,11990000,40000
R20-03830,13270000,40000
R20-03831,66000000,150000
R20-03832,21670000,60000
R20-03833,33280000,60000
R20-03834,21360000,60000
R20-03835,14080000,40000
R20-03836,27160000,60000
R20-03837,126150000,300000
R20-03838,62120000,150000
R20-03839,52520000,150000
R20-03840,48890000,150000
R20-03841,35190000,150000
R20-03842,37260000,150000
R20-03843,2170000,0
R20-03844,63650000,150000
R20-03845,90400000,300000
R20-03846,82330000,300000
R20-03847,34240000,150000
R20-03848,71960000,300000
R20-03849,61790000,150000
R20-03850,38300000,150000
R20-03851,17580000,40000
R20-03852,67790000,300000
R20-03853,13990000,40000
R20-03854,27990000,60000
R20-03855,14670000,40000
R20-03856,102670000,300000
R20-03857,75180000,300000
R20-03858,92660000,300000
R20-03859,6560000,20000
R20-03860,4810000,0
R20-03861,34400000,150000
R20-03862,18460000,40000
R20-03863,73280000,300000
R20-03864,2000000,0
R20-03865,5840000,20000
R20-03866,105720000,300000
R20-03867,25760000,60000
R20-03868,52930000,150000
R20-03869,106330000,300000
R20-03870,31590000,60000
R20-03871,33530000,150000
R20-03872,33650000,150000
R20-03873,3290000,0
R20-03874,63160000,150000
R20-03875,36400000,150000
R20-03876,14340000,40000
R20-03877,18210000,40000
R20-03878,27090000,60000
R20-03879,9100000,20000
R20-03880,66780000,300000
R20-03881,65270000,150000
R20-03882,32190000,60000
R20-03883,5900000,20000
R20-03884,1510000,0
R20-03885,12310000,40000
R20-03886,101020000,300000
R20-03887,65720000,150000
R20-03888,10350000,40000
R20-03889,6000000,20000
R20-03890,31210000,60000
R20-03891,53000000,150000
R20-03892,28050000,60000
R20-03893,33390000,150000
R20-03894,85130000,300000
R20-03895,15860000,40000
R20-03896,23490000,60000
R20-03897,12780000,40000
R20-03898,6850000,20000
R20-03899,5070000,20000
R20-03900,21420000,60000
R20-03901,24300000,60000
R20-03902,65480000,150000
R20-03903,14880000,40000
R20-03904,93180000,300000
R20-03905,52610000,150000
R20-03906,133820000,600000
R20-03907,13500000,40000
R20-03908,62180000,150000
R20-03909,43630000,150000
R20-03910,10880000,40000
R20-03911,3080000,0
R20-03912,15350000,40000
R20-03913,62810000,150000
R20-03914,38480000,150000
R20-03915,20890000,60000
R20-03916,2200000,0
R20-03917,31870000,60000
R20-03918,7610000,20000
R20-03919,38280000,150000
R20-03920,22570000,60000
R20-03921,17550000,40000
R20-03922,16550000,40000
R20-03923,120630000,300000
R20-03924,94450000,300000
R20-03925,124470000,300000
R20-03926,72250000,300000
R20-03927,51630000,150000
R20-03928,43650000,150000
R20-03929,27680000,60000
R20-03930,44060000,150000
R20-03931,54410000,150000
R20-03932,23770000,60000
R20-03933,64560000,150000
R20-03934,28390000,60000
R20-03935,25110000,60000
R20-03936,105640000,300000
R20-03937,102740000,300000
R20-03938,15750000,40000
R20-03939,46450000,150000
R20-03940,64710000,150000
R20-03941,60670000,150000
R20-03942,34560000,150000
R20-03943,17330000,40000
R20-03944,21050000,60000
R20-03945,62590000,150000
R20-03946,34700000,150000
R20-03947,44420000,150000
R20-03948,4430000,0
R20-03949,124820000,300000
R20-03950,32770000,60000
R20-03951,112810000,300000
R20-03952,43480000,150000
R20-03953,17860000,40000
R20-03954,78720000,300000
R20-03955,32840000,60000
R20-03956,2910000,0
R20-03957,98340000,300000
R20-03958,55610000,150000
R20-03959,21480000,60000
R20-03960,117760000,300000
R20-03961,17740000,40000
R20-03962,16070000,40000
R20-03963,43150000,150000
R20-03964,57710000,150000
R20-03965,62330000,150000
R20-03966,31150000,60000
R20-03967,37590000,150000
R20-03968,82080000,300000
R20-03969,15410000,40000
R20-03970,7480000,20000
R20-03971,820000,0
R20-03972,97220000,300000
R20-03973,21930000,60000
R20-03974,13480000,40000
R20-03975,47070000,150000
R20-03976,62060000,150000
R20-03977,55710000,150000
R20-03978,146290000,600000
R20-03979,1620000,0
R20-03980,33930000,150000
R20-03981,24330000,60000
R20-03982,36140000,150000
R20-03983,112590000,300000
R20-03984,91650000,300000
R20-03985,86350000,300000
R20-03986,24870000,60000
R20-03987,2240000,0
R20-03988,4710000,0
R20-03989,36340000,150000
R20-03990,83000000,300000
R20-03991,36440000,150000
R20-03992,23860000,60000
R20-03993,75910000,300000
R20-03994,24190000,60000
R20-03995,64640000,150000
R20-03996,22410000,60000
R20-03997,104770000,300000
R20-03998,3840000,0
R20-03999,145120000,600000
R20-04000,63520000,150000
R20-04001,95440000,300000
R20-04002,10640000,40000
R20-04003,1090000,0
R20-04004,5250000,20000
R20-04005,151760000,600000
