고객ID,타사이전금액,혜택금액
R24-00000,7150000,20000
R24-00001,44500000,150000
R24-00002,8490000,20000
R24-00003,3250000,0
R24-00004,11670000,40000
R24-00005,58630000,150000
R24-00006,32420000,60000
R24-00007,25670000,60000
R24-00008,37710000,150000
R24-00009,25090000,60000
R24-00010,5650000,20000
R24-00011,120720000,300000
R24-00012,61100000,150000
R24-00013,7680000,20000
R24-00014,63820000,150000
R24-00015,24310000,60000
R24-00016,37950000,150000
R24-00017,47910000,150000
R24-00018,41510000,150000
R24-00019,91160000,300000
R24-00020,11840000,40000
R24-00021,54530000,150000
R24-00022,12630000,40000
R24-00023,61170000,150000
R24-00024,21390000,60000
R24-00025,27440000,60000
R24-00026,41220000,150000
R24-00027,11320000,40000
R24-00028,53080000,150000
R24-00029,104480000,300000
R24-00030,102790000,300000
R24-00031,21500000,60000
R24-00032,5230000,20000
R24-00033,62970000,150000
R24-00034,46030000,150000
R24-00035,53840000,150000
R24-00036,174910000,600000
R24-00037,64190000,150000
R24-00038,16430000,40000
R24-00039,11130000,40000
R24-00040,22960000,60000
R24-00041,10050000,40000
R24-00042,16740000,40000
R24-00043,50270000,150000
R24-00044,44030000,150000
R24-00045,13680000,40000
R24-00046,42900000,150000
R24-00047,48270000,150000
R24-00048,25030000,60000
R24-00049,34200000,150000
R24-00050,65370000,150000
R24-00051,141950000,600000
R24-00052,73930000,300000
R24-00053,155660000,600000
R24-00054,44910000,150000
R24-00055,37010000,150000
R24-00056,24310000,60000
R24-00057,32020000,60000
R24-00058,22960000,60000
R24-00059,74760000,300000
R24-00060,33000000,60000
R24-00061,13760000,40000
R24-00062,24640000,60000
R24-00063,61250000,150000
R24-00064,40900000,150000
R24-00065,60650000,150000
R24-00066,72100000,300000
R24-00067,1570000,0
R24-00068,46520000,150000
R24-00069,42460000,150000
R24-00070,73970000,300000
R24-00071,24110000,60000
R24-00072,13170000,40000
R24-00073,74150000,300000
R24-00074,18550000,40000
R24-00075,119070000,300000
R24-00076,5770000,20000
R24-00077,43520000,150000
R24-00078,12190000,40000
R24-00079,14240000,40000
R24-00080,21430000,60000
R24-00081,83360000,300000
R24-00082,8120000,20000
R24-00083,93230000,300000
R24-00084,850000,0
R24-00085,85130000,300000
R24-00086,111460000,300000
R24-00087,43940000,150000
R24-00088,10770000,40000
R24-00089,62560000,150000
R24-00090,45900000,150000
R24-00091,1080000,0
R24-00092,101970000,300000
R24-00093,32750000,60000
R24-00094,1770000,0
R24-00095,21450000,60000
R24-00096,41560000,150000
R24-00097,83800000,300000
R24-00098,1770000,0
R24-00099,21410000,60000
R24-00100,18930000,40000
R24-00101,91760000,300000
R24-00102,62880000,150000
R24-00103,52600000,150000
R24-00104,48220000,150000
R24-00105,75740000,300000
R24-00106,134620000,600000
R24-00107,58660000,150000
R24-00108,9240000,20000
R24-00109,42110000,150000
R24-00110,9130000,20000
R24-00111,27120000,60000
R24-00112,22070000,60000
R24-00113,52590000,150000
R24-00114,101850000,300000
R24-00115,215930000,1000000
R24-00116,2870000,0
R24-00117,58560000,150000
R24-00118,5260000,20000
R24-00119,54960000,150000
R24-00120,62150000,150000
R24-00121,15790000,40000
R24-00122,8040000,20000
R24-00123,15110000,40000
R24-00124,65070000,150000
R24-00125,21640000,60000
R24-00126,13410000,40000
R24-00127,43200000,150000
R24-00128,71170000,300000
R24-00129,56460000,150000
R24-00130,44630000,150000
R24-00131,53700000,150000
R24-00132,71160000,300000
R24-00133,51990000,150000
R24-00134,47980000,150000
R24-00135,38920000,150000
R24-00136,37890000,150000
R24-00137,12100000,40000
R24-00138,84330000,300000
R24-00139,93860000,300000
R24-00140,45160000,150000
R24-00141,55660000,150000
R24-00142,70800000,300000
R24-00143,5230000,20000
R24-00144,3880000,0
R24-00145,48030000,150000
R24-00146,25980000,60000
R24-00147,6860000,20000
R24-00148,2890000,0
R24-00149,71270000,300000
R24-00150,15720000,40000
R24-00151,56900000,150000
R24-00152,37270000,150000
R24-00153,1710000,0
R24-00154,72010000,300000
R24-00155,53610000,150000
R24-00156,53570000,150000
R24-00157,138480000,600000
R24-00158,13950000,40000
R24-00159,18660000,40000
R24-00160,12840000,40000
R24-00161,61840000,150000
R24-00162,64920000,150000
R24-00163,76790000,300000
R24-00164,31430000,60000
R24-00165,2800000,0
R24-00166,72540000,300000
R24-00167,132540000,300000
R24-00168,3870000,0
R24-00169,52340000,150000
R24-00170,2050000,0
R24-00171,12420000,40000
R24-00172,12510000,40000
R24-00173,41580000,150000
R24-00174,8460000,20000
R24-00175,67460000,300000
R24-00176,1880000,0
R24-00177,103520000,300000
R24-00178,5580000,20000
R24-00179,4390000,0
R24-00180,103280000,300000
R24-00181,76500000,300000
R24-00182,73830000,300000
R24-00183,16720000,40000
R24-00184,1550000,0
R24-00185,12730000,40000
R24-00186,66130000,150000
R24-00187,36120000,150000
R24-00188,30540000,60000
R24-00189,2680000,0
R24-00190,21230000,60000
R24-00191,21950000,60000
R24-00192,82800000,300000
R24-00193,22950000,60000
R24-00194,81760000,300000
R24-00195,26460000,60000
R24-00196,25860000,60000
R24-00197,70670000,300000
R24-00198,54590000,150000
R24-00199,1680000,0
R24-00200,52050000,150000
R24-00201,24940000,60000
R24-00202,6130000,20000
R24-00203,51440000,150000
R24-00204,32780000,60000
R24-00205,3740000,0
R24-00206,17780000,40000
R24-00207,50800000,150000
R24-00208,67120000,300000
R24-00209,1640000,0
R24-00210,24970000,60000
R24-00211,65240000,150000
R24-00212,60310000,150000
R24-00213,27880000,60000
R24-00214,46680000,150000
R24-00215,74010000,300000
R24-00216,13120000,40000
R24-00217,13770000,40000
R24-00218,84220000,300000
R24-00219,57360000,150000
R24-00220,66200000,150000
R24-00221,26730000,60000
R24-00222,71290000,300000
R24-00223,63050000,150000
R24-00224,34580000,150000
R24-00225,151280000,600000
R24-00226,5510000,20000
R24-00227,11840000,40000
R24-00228,22480000,60000
R24-00229,42310000,150000
R24-00230,66850000,300000
R24-00231,81420000,300000
R24-00232,4180000,0
R24-00233,42550000,150000
R24-00234,27130000,60000
R24-00235,61940000,150000
R24-00236,98990000,300000
R24-00237,36300000,150000
R24-00238,92800000,300000
R24-00239,85450000,300000
R24-00240,52610000,150000
R24-00241,42080000,150000
R24-00242,84290000,300000
R24-00243,41440000,150000
R24-00244,14810000,40000
R24-00245,4550000,0
R24-00246,62110000,150000
R24-00247,44060000,150000
R24-00248,13910000,40000
R24-00249,61700000,150000
R24-00250,1550000,0
R24-00251,83440000,300000
R24-00252,33430000,150000
R24-00253,53560000,150000
R24-00254,14040000,40000
R24-00255,63600000,150000
R24-00256,59150000,150000
R24-00257,22310000,60000
R24-00258,22680000,60000
R24-00259,43040000,150000
R24-00260,65210000,150000
R24-00261,24020000,60000
R24-00262,80640000,300000
R24-00263,37820000,150000
R24-00264,41990000,150000
R24-00265,62540000,150000
R24-00266,86650000,300000
R24-00267,75620000,300000
R24-00268,34840000,150000
R24-00269,52680000,150000
R24-00270,41700000,150000
R24-00271,74840000,300000
R24-00272,12870000,40000
R24-00273,34440000,150000
R24-00274,22520000,60000
R24-00275,23850000,60000
R24-00276,2290000,0
R24-00277,51150000,150000
R24-00278,48170000,150000
R24-00279,41440000,150000
R24-00280,83910000,300000
R24-00281,18470000,40000
R24-00282,7290000,20000
R24-00283,47280000,150000
R24-00284,31750000,60000
R24-00285,2130000,0
R24-00286,41830000,150000
R24-00287,23090000,60000
R24-00288,12670000,40000
R24-00289,111410000,300000
R24-00290,11520000,40000
R24-00291,15530000,40000
R24-00292,41750000,150000
R24-00293,41570000,150000
R24-00294,65200000,150000
R24-00295,24050000,60000
R24-00296,64980000,150000
R24-00297,65820000,150000
R24-00298,2120000,0
R24-00299,91960000,300000
R24-00300,57600000,150000
R24-00301,7870000,20000
R24-00302,72110000,300000
R24-00303,64870000,150000
R24-00304,98630000,300000
R24-00305,54050000,150000
R24-00306,22530000,60000
R24-00307,11160000,40000
R24-00308,22980000,60000
R24-00309,13300000,40000
R24-00310,34130000,150000
R24-00311,11800000,40000
R24-00312,25090000,60000
R24-00313,175870000,600000
R24-00314,50250000,150000
R24-00315,120310000,300000
R24-00316,42750000,150000
R24-00317,36100000,150000
R24-00318,4030000,0
R24-00319,23240000,60000
R24-00320,96730000,300000
R24-00321,56670000,150000
R24-00322,41590000,150000
R24-00323,42520000,150000
R24-00324,34300000,150000
R24-00325,55340000,150000
R24-00326,112360000,300000
R24-00327,42790000,150000
R24-00328,1420000,0
R24-00329,4010000,0
R24-00330,10750000,40000
R24-00331,36840000,150000
R24-00332,57400000,150000
R24-00333,83110000,300000
R24-00334,65010000,150000
R24-00335,26170000,60000
R24-00336,42000000,150000
R24-00337,740000,0
R24-00338,27550000,60000
R24-00339,114920000,300000
R24-00340,23990000,60000
R24-00341,72110000,300000
R24-00342,13140000,40000
R24-00343,98980000,300000
R24-00344,51850000,150000
R24-00345,114770000,300000
R24-00346,64620000,150000
R24-00347,63570000,150000
R24-00348,11900000,40000
R24-00349,500000,0
R24-00350,22940000,60000
R24-00351,93310000,300000
R24-00352,28490000,60000
R24-00353,2400000,0
R24-00354,14940000,40000
R24-00355,63170000,150000
R24-00356,63590000,150000
R24-00357,64330000,150000
R24-00358,124210000,300000
R24-00359,13990000,40000
R24-00360,1430000,0
R24-00361,34740000,150000
R24-00362,73160000,300000
R24-00363,1320000,0
R24-00364,122970000,300000
R24-00365,21420000,60000
R24-00366,51920000,150000
R24-00367,121960000,300000
R24-00368,53400000,150000
R24-00369,50970000,150000
R24-00370,37070000,150000
R24-00371,20220000,60000
R24-00372,104770000,300000
R24-00373,14490000,40000
R24-00374,3240000,0
R24-00375,15040000,40000
R24-00376,14590000,40000
R24-00377,1260000,0
R24-00378,28560000,60000
R24-00379,32570000,60000
R24-00380,23240000,60000
R24-00381,104830000,300000
R24-00382,132330000,300000
R24-00383,52930000,150000
R24-00384,2000000,0
R24-00385,95530000,300000
R24-00386,52600000,150000
R24-00387,11640000,40000
R24-00388,26860000,60000
R24-00389,3140000,0
R24-00390,21950000,60000
R24-00391,31410000,60000
R24-00392,98780000,300000
R24-00393,21950000,60000
R24-00394,55680000,150000
R24-00395,13080000,40000
R24-00396,27490000,60000
R24-00397,11980000,40000
R24-00398,62840000,150000
R24-00399,15220000,40000
R24-00400,17210000,40000
R24-00401,44870000,150000
R24-00402,16160000,40000
R24-00403,64260000,150000
R24-00404,14710000,40000
R24-00405,2510000,0
R24-00406,43260000,150000
R24-00407,63400000,150000
R24-00408,1380000,0
R24-00409,33900000,150000
R24-00410,24540000,60000
R24-00411,35380000,150000
R24-00412,14560000,40000
R24-00413,103330000,300000
R24-00414,23780000,60000
R24-00415,56350000,150000
R24-00416,70740000,300000
R24-00417,31690000,60000
R24-00418,32550000,60000
R24-00419,27350000,60000
R24-00420,51940000,150000
R24-00421,22240000,60000
R24-00422,4060000,0
R24-00423,63260000,150000
R24-00424,36520000,150000
R24-00425,103690000,300000
R24-00426,62200000,150000
R24-00427,13980000,40000
R24-00428,3370000,0
R24-00429,34830000,150000
R24-00430,41360000,150000
R24-00431,27950000,60000
R24-00432,87960000,300000
R24-00433,73620000,300000
R24-00434,32000000,60000
R24-00435,47760000,150000
R24-00436,51200000,150000
R24-00437,12110000,40000
R24-00438,102590000,300000
R24-00439,30380000,60000
R24-00440,6370000,20000
R24-00441,37580000,150000
R24-00442,53770000,150000
R24-00443,91130000,300000
R24-00444,61090000,150000
R24-00445,68470000,300000
R24-00446,11580000,40000
R24-00447,31710000,60000
R24-00448,1930000,0
R24-00449,25620000,60000
R24-00450,54270000,150000
R24-00451,84770000,300000
R24-00452,4680000,0
R24-00453,12710000,40000
R24-00454,2780000,0
R24-00455,1570000,0
R24-00456,33470000,150000
R24-00457,91580000,300000
R24-00458,52690000,150000
R24-00459,78930000,300000
R24-00460,41990000,150000
R24-00461,23910000,60000
R24-00462,52580000,150000
R24-00463,26030000,60000
R24-00464,4780000,0
R24-00465,13280000,40000
R24-00466,23540000,60000
R24-00467,73830000,300000
R24-00468,12410000,40000
R24-00469,62310000,150000
R24-00470,52490000,150000
R24-00471,15670000,40000
R24-00472,12560000,40000
R24-00473,94120000,300000
R24-00474,52480000,150000
R24-00475,45120000,150000
R24-00476,2860000,0
R24-00477,20940000,60000
R24-00478,83100000,300000
R24-00479,5040000,20000
R24-00480,15560000,40000
R24-00481,23960000,60000
R24-00482,8280000,20000
R24-00483,103360000,300000
R24-00484,4600000,0
R24-00485,45720000,150000
R24-00486,48730000,150000
R24-00487,90240000,300000
R24-00488,1850000,0
R24-00489,42950000,150000
R24-00490,33580000,150000
R24-00491,7790000,20000
R24-00492,31040000,60000
R24-00493,62970000,150000
R24-00494,40570000,150000
R24-00495,62460000,150000
R24-00496,61880000,150000
R24-00497,44910000,150000
R24-00498,15640000,40000
R24-00499,49470000,150000
R24-00500,32910000,60000
R24-00501,34270000,150000
R24-00502,24340000,60000
R24-00503,3050000,0
R24-00504,72300000,300000
R24-00505,62510000,150000
R24-00506,41410000,150000
R24-00507,21020000,60000
R24-00508,52730000,150000
R24-00509,7340000,20000
R24-00510,14610000,40000
R24-00511,23570000,60000
R24-00512,44160000,150000
R24-00513,126420000,300000
R24-00514,93170000,300000
R24-00515,54360000,150000
R24-00516,137900000,600000
R24-00517,21640000,60000
R24-00518,86160000,300000
R24-00519,23850000,60000
R24-00520,11700000,40000
R24-00521,43860000,150000
R24-00522,12540000,40000
R24-00523,45470000,150000
R24-00524,51770000,150000
R24-00525,660000,0
R24-00526,28740000,60000
R24-00527,131410000,300000
R24-00528,43330000,150000
R24-00529,97530000,300000
R24-00530,95030000,300000
R24-00531,44770000,150000
R24-00532,65080000,150000
R24-00533,24190000,60000
R24-00534,136420000,600000
R24-00535,65110000,150000
R24-00536,34350000,150000
R24-00537,41540000,150000
R24-00538,106010000,300000
R24-00539,45480000,150000
R24-00540,4290000,0
R24-00541,43000000,150000
R24-00542,75950000,300000
R24-00543,52240000,150000
R24-00544,80590000,300000
R24-00545,70540000,300000
R24-00546,5110000,20000
R24-00547,43980000,150000
R24-00548,32060000,60000
R24-00549,31820000,60000
R24-00550,6160000,20000
R24-00551,53340000,150000
R24-00552,48970000,150000
R24-00553,33600000,150000
R24-00554,47410000,150000
R24-00555,5820000,20000
R24-00556,80770000,300000
R24-00557,28740000,60000
R24-00558,36580000,150000
R24-00559,51820000,150000
R24-00560,1970000,0
R24-00561,50540000,150000
R24-00562,91730000,300000
R24-00563,43640000,150000
R24-00564,97480000,300000
R24-00565,63960000,150000
R24-00566,27020000,60000
R24-00567,65310000,150000
R24-00568,25150000,60000
R24-00569,134910000,600000
R24-00570,11050000,40000
R24-00571,77440000,300000
R24-00572,40600000,150000
R24-00573,41040000,150000
R24-00574,26720000,60000
R24-00575,1790000,0
R24-00576,64520000,150000
R24-00577,72120000,300000
R24-00578,26190000,60000
R24-00579,122990000,300000
R24-00580,62990000,150000
R24-00581,2120000,0
R24-00582,73490000,300000
R24-00583,83430000,300000
R24-00584,42550000,150000
R24-00585,46360000,150000
R24-00586,11850000,40000
R24-00587,26350000,60000
R24-00588,47380000,150000
R24-00589,141720000,600000
R24-00590,32260000,60000
R24-00591,1650000,0
R24-00592,17630000,40000
R24-00593,5030000,20000
R24-00594,36740000,150000
R24-00595,38210000,150000
R24-00596,35840000,150000
R24-00597,4410000,0
R24-00598,12710000,40000
R24-00599,2000000,0
R24-00600,87440000,300000
R24-00601,81020000,300000
R24-00602,92700000,300000
R24-00603,64920000,150000
R24-00604,32530000,60000
R24-00605,82360000,300000
R24-00606,14870000,40000
R24-00607,46490000,150000
R24-00608,77530000,300000
R24-00609,228850000,1000000
R24-00610,2540000,0
R24-00611,27420000,60000
R24-00612,62610000,150000
R24-00613,5130000,20000
R24-00614,14390000,40000
R24-00615,102380000,300000
R24-00616,14210000,40000
R24-00617,64840000,150000
R24-00618,32400000,60000
R24-00619,10960000,40000
R24-00620,41750000,150000
R24-00621,14560000,40000
R24-00622,42540000,150000
R24-00623,62680000,150000
R24-00624,112190000,300000
R24-00625,14290000,40000
R24-00626,86180000,300000
R24-00627,4620000,0
R24-00628,36510000,150000
R24-00629,71630000,300000
R24-00630,6830000,20000
R24-00631,132210000,300000
R24-00632,62560000,150000
R24-00633,73760000,300000
R24-00634,64160000,150000
R24-00635,65620000,150000
R24-00636,52860000,150000
R24-00637,94430000,300000
R24-00638,44080000,150000
R24-00639,27480000,60000
R24-00640,137470000,600000
R24-00641,142530000,600000
R24-00642,54760000,150000
R24-00643,10920000,40000
R24-00644,7040000,20000
R24-00645,34990000,150000
R24-00646,63390000,150000
R24-00647,41740000,150000
R24-00648,54400000,150000
R24-00649,11510000,40000
R24-00650,24770000,60000
R24-00651,42790000,150000
R24-00652,34040000,150000
R24-00653,97220000,300000
R24-00654,4040000,0
R24-00655,3290000,0
R24-00656,42760000,150000
R24-00657,6430000,20000
R24-00658,40390000,150000
R24-00659,11450000,40000
R24-00660,27670000,60000
R24-00661,24210000,60000
R24-00662,63390000,150000
R24-00663,19460000,40000
R24-00664,45150000,150000
R24-00665,24320000,60000
R24-00666,125900000,300000
R24-00667,32080000,60000
R24-00668,82730000,300000
R24-00669,74820000,300000
R24-00670,4550000,0
R24-00671,94990000,300000
R24-00672,62090000,150000
R24-00673,35720000,150000
R24-00674,44630000,150000
R24-00675,64240000,150000
R24-00676,15930000,40000
R24-00677,43320000,150000
R24-00678,26660000,60000
R24-00679,82250000,300000
R24-00680,24760000,60000
R24-00681,92230000,300000
R24-00682,14910000,40000
R24-00683,11370000,40000
R24-00684,55440000,150000
R24-00685,51230000,150000
R24-00686,1160000,0
R24-00687,59300000,150000
R24-00688,4650000,0
R24-00689,3360000,0
R24-00690,42660000,150000
R24-00691,16020000,40000
R24-00692,78710000,300000
R24-00693,102870000,300000
R24-00694,43680000,150000
R24-00695,84500000,300000
R24-00696,13280000,40000
R24-00697,46380000,150000
R24-00698,6100000,20000
R24-00699,101430000,300000
R24-00700,33070000,60000
R24-00701,15040000,40000
R24-00702,25190000,60000
R24-00703,4520000,0
R24-00704,52930000,150000
R24-00705,36050000,150000
R24-00706,12430000,40000
R24-00707,43850000,150000
R24-00708,115790000,300000
R24-00709,15920000,40000
R24-00710,173930000,600000
R24-00711,65910000,150000
R24-00712,24680000,60000
R24-00713,81810000,300000
R24-00714,41760000,150000
R24-00715,96040000,300000
R24-00716,4760000,0
R24-00717,1550000,0
R24-00718,45120000,150000
R24-00719,1120000,0
R24-00720,63630000,150000
R24-00721,7440000,20000
R24-00722,62660000,150000
R24-00723,10140000,40000
R24-00724,83750000,300000
R24-00725,86800000,300000
R24-00726,3450000,0
R24-00727,2730000,0
R24-00728,64520000,150000
R24-00729,4080000,0
R24-00730,121770000,300000
R24-00731,44610000,150000
R24-00732,48230000,150000
R24-00733,102470000,300000
R24-00734,82310000,300000
R24-00735,83200000,300000
R24-00736,51290000,150000
R24-00737,15770000,40000
R24-00738,40710000,150000
R24-00739,26070000,60000
R24-00740,1740000,0
R24-00741,86190000,300000
R24-00742,31570000,60000
R24-00743,10960000,40000
R24-00744,21880000,60000
R24-00745,13420000,40000
R24-00746,44510000,150000
R24-00747,10650000,40000
R24-00748,51260000,150000
R24-00749,14890000,40000
R24-00750,71370000,300000
R24-00751,21650000,60000
R24-00752,84130000,300000
R24-00753,75600000,300000
R24-00754,112410000,300000
R24-00755,6880000,20000
R24-00756,33830000,150000
R24-00757,65840000,150000
R24-00758,4040000,0
R24-00759,33640000,150000
R24-00760,25870000,60000
R24-00761,92540000,300000
R24-00762,16400000,40000
R24-00763,11880000,40000
R24-00764,43970000,150000
R24-00765,80380000,300000
R24-00766,56100000,150000
R24-00767,64400000,150000
R24-00768,62750000,150000
R24-00769,26420000,60000
R24-00770,43850000,150000
R24-00771,14580000,40000
R24-00772,85230000,300000
R24-00773,65050000,150000
R24-00774,16950000,40000
R24-00775,14540000,40000
R24-00776,2280000,0
R24-00777,35140000,150000
R24-00778,950000,0
R24-00779,53190000,150000
R24-00780,19190000,40000
R24-00781,26480000,60000
R24-00782,55150000,150000
R24-00783,26940000,60000
R24-00784,31900000,60000
R24-00785,41040000,150000
R24-00786,62100000,150000
R24-00787,38150000,150000
R24-00788,63350000,150000
R24-00789,41880000,150000
R24-00790,33630000,150000
R24-00791,14300000,40000
R24-00792,64020000,150000
R24-00793,102620000,300000
R24-00794,44300000,150000
R24-00795,111000000,300000
R24-00796,5040000,20000
R24-00797,32870000,60000
R24-00798,31820000,60000
R24-00799,2780000,0
R24-00800,4410000,0
R24-00801,31510000,60000
R24-00802,63740000,150000
R24-00803,61500000,150000
R24-00804,34640000,150000
R24-00805,33480000,150000
R24-00806,102380000,300000
R24-00807,73100000,300000
R24-00808,21330000,60000
R24-00809,4600000,0
R24-00810,6710000,20000
R24-00811,32950000,60000
R24-00812,41340000,150000
R24-00813,32210000,60000
R24-00814,3530000,0
R24-00815,24180000,60000
R24-00816,12390000,40000
R24-00817,42960000,150000
R24-00818,52190000,150000
R24-00819,46880000,150000
R24-00820,91300000,300000
R24-00821,112600000,300000
R24-00822,12810000,40000
R24-00823,97780000,300000
R24-00824,51670000,150000
R24-00825,105020000,300000
R24-00826,25110000,60000
R24-00827,3920000,0
R24-00828,5850000,20000
R24-00829,13760000,40000
R24-00830,3320000,0
R24-00831,62970000,150000
R24-00832,48840000,150000
R24-00833,105150000,300000
R24-00834,3060000,0
R24-00835,133690000,600000
R24-00836,16850000,40000
R24-00837,44240000,150000
R24-00838,41750000,150000
R24-00839,15240000,40000
R24-00840,105020000,300000
R24-00841,58410000,150000
R24-00842,22700000,60000
R24-00843,21120000,60000
R24-00844,31450000,60000
R24-00845,44860000,150000
R24-00846,71600000,300000
R24-00847,122540000,300000
R24-00848,93240000,300000
R24-00849,38920000,150000
R24-00850,35860000,150000
R24-00851,30800000,60000
R24-00852,1350000,0
R24-00853,21120000,60000
R24-00854,1610000,0
R24-00855,15540000,40000
R24-00856,62200000,150000
R24-00857,77670000,300000
R24-00858,46530000,150000
R24-00859,45560000,150000
R24-00860,84400000,300000
R24-00861,22450000,60000
R24-00862,23230000,60000
R24-00863,32340000,60000
R24-00864,58970000,150000
R24-00865,12150000,40000
R24-00866,73900000,300000
R24-00867,93490000,300000
R24-00868,5260000,20000
R24-00869,34890000,150000
R24-00870,32000000,60000
R24-00871,2230000,0
R24-00872,44320000,150000
R24-00873,21620000,60000
R24-00874,24250000,60000
R24-00875,72100000,300000
R24-00876,67050000,300000
R24-00877,11810000,40000
R24-00878,25820000,60000
R24-00879,4410000,0
R24-00880,3160000,0
R24-00881,13860000,40000
R24-00882,94330000,300000
R24-00883,24360000,60000
R24-00884,51410000,150000
R24-00885,66180000,150000
R24-00886,28630000,60000
R24-00887,82240000,300000
R24-00888,31850000,60000
R24-00889,1940000,0
R24-00890,115170000,300000
R24-00891,6640000,20000
R24-00892,32810000,60000
R24-00893,32870000,60000
R24-00894,1140000,0
R24-00895,34960000,150000
R24-00896,32930000,60000
R24-00897,3230000,0
R24-00898,110910000,300000
R24-00899,26320000,60000
R24-00900,12130000,40000
R24-00901,21180000,60000
R24-00902,28940000,60000
R24-00903,43550000,150000
R24-00904,71870000,300000
R24-00905,92400000,300000
R24-00906,46040000,150000
R24-00907,41010000,150000
R24-00908,6190000,20000
R24-00909,44530000,150000
R24-00910,14980000,40000
R24-00911,220960000,1000000
R24-00912,14380000,40000
R24-00913,75950000,300000
R24-00914,74720000,300000
R24-00915,81770000,300000
R24-00916,3960000,0
R24-00917,63840000,150000
R24-00918,2040000,0
R24-00919,13820000,40000
R24-00920,26520000,60000
R24-00921,43880000,150000
R24-00922,35470000,150000
R24-00923,22850000,60000
R24-00924,21730000,60000
R24-00925,32170000,60000
R24-00926,16280000,40000
R24-00927,75800000,300000
R24-00928,83610000,300000
R24-00929,12110000,40000
R24-00930,53930000,150000
R24-00931,29240000,60000
R24-00932,34660000,150000
R24-00933,82570000,300000
R24-00934,32310000,60000
R24-00935,24650000,60000
R24-00936,6390000,20000
R24-00937,42630000,150000
R24-00938,12870000,40000
R24-00939,45900000,150000
R24-00940,36800000,150000
R24-00941,93050000,300000
R24-00942,51810000,150000
R24-00943,62390000,150000
R24-00944,43560000,150000
R24-00945,22830000,60000
R24-00946,21750000,60000
R24-00947,84630000,300000
R24-00948,64050000,150000
R24-00949,104210000,300000
R24-00950,62860000,150000
R24-00951,94510000,300000
R24-00952,3000000,0
R24-00953,140000,0
R24-00954,4620000,0
R24-00955,620000,0
R24-00956,42070000,150000
R24-00957,25080000,60000
R24-00958,47840000,150000
R24-00959,14690000,40000
R24-00960,15360000,40000
R24-00961,51880000,150000
R24-00962,63100000,150000
R24-00963,125590000,300000
R24-00964,71920000,300000
R24-00965,14280000,40000
R24-00966,74920000,300000
R24-00967,63810000,150000
R24-00968,74720000,300000
R24-00969,31470000,60000
R24-00970,122780000,300000
R24-00971,46800000,150000
R24-00972,53000000,150000
R24-00973,42800000,150000
R24-00974,41660000,150000
R24-00975,31770000,60000
R24-00976,92970000,300000
R24-00977,78680000,300000
R24-00978,33330000,60000
R24-00979,107980000,300000
R24-00980,76070000,300000
R24-00981,30820000,60000
R24-00982,21930000,60000
R24-00983,22770000,60000
R24-00984,12130000,40000
R24-00985,25230000,60000
R24-00986,137570000,600000
R24-00987,32600000,60000
R24-00988,84810000,300000
R24-00989,11500000,40000
R24-00990,61270000,150000
R24-00991,92130000,300000
R24-00992,55850000,150000
R24-00993,62490000,150000
R24-00994,93720000,300000
R24-00995,133340000,600000
R24-00996,53800000,150000
R24-00997,82130000,300000
R24-00998,72250000,300000
R24-00999,47190000,150000
R24-01000,36100000,150000
R24-01001,36270000,150000
R24-01002,92230000,300000
R24-01003,11910000,40000
R24-01004,33210000,60000
R24-01005,91630000,300000
R24-01006,13620000,40000
R24-01007,2460000,0
R24-01008,45370000,150000
R24-01009,6670000,20000
R24-01010,66650000,150000
R24-01011,23760000,60000
R24-01012,31290000,60000
R24-01013,43580000,150000
R24-01014,2510000,0
R24-01015,1610000,0
R24-01016,2520000,0
R24-01017,44020000,150000
R24-01018,12500000,40000
R24-01019,21950000,60000
R24-01020,2750000,0
R24-01021,32380000,60000
R24-01022,3810000,0
R24-01023,4950000,0
R24-01024,62020000,150000
R24-01025,121690000,300000
R24-01026,4000000,0
R24-01027,12860000,40000
R24-01028,82200000,300000
R24-01029,21400000,60000
R24-01030,6490000,20000
R24-01031,148220000,600000
R24-01032,137490000,600000
R24-01033,81040000,300000
R24-01034,91960000,300000
R24-01035,14450000,40000
R24-01036,113780000,300000
R24-01037,11370000,40000
R24-01038,4830000,0
R24-01039,115120000,300000
R24-01040,44530000,150000
R24-01041,81610000,300000
R24-01042,33250000,60000
R24-01043,101250000,300000
R24-01044,2620000,0
R24-01045,46350000,150000
R24-01046,22520000,60000
R24-01047,22600000,60000
R24-01048,25690000,60000
R24-01049,43300000,150000
R24-01050,17900000,40000
R24-01051,58280000,150000
R24-01052,53670000,150000
R24-01053,12740000,40000
R24-01054,53550000,150000
R24-01055,16060000,40000
R24-01056,64930000,150000
R24-01057,73640000,300000
R24-01058,95630000,300000
R24-01059,34400000,150000
R24-01060,66950000,300000
R24-01061,4180000,0
R24-01062,52240000,150000
R24-01063,12400000,40000
R24-01064,4700000,0
R24-01065,33480000,150000
R24-01066,26060000,60000
R24-01067,93460000,300000
R24-01068,8000000,20000
R24-01069,86480000,300000
R24-01070,22030000,60000
R24-01071,33570000,150000
R24-01072,120900000,300000
R24-01073,38430000,150000
R24-01074,33980000,150000
R24-01075,3460000,0
R24-01076,16460000,40000
R24-01077,47550000,150000
R24-01078,5940000,20000
R24-01079,61180000,150000
R24-01080,83380000,300000
R24-01081,40580000,150000
R24-01082,31720000,60000
R24-01083,5300000,20000
R24-01084,68270000,300000
R24-01085,9090000,20000
R24-01086,74880000,300000
R24-01087,45460000,150000
R24-01088,820000,0
R24-01089,48590000,150000
R24-01090,33490000,150000
R24-01091,52550000,150000
R24-01092,33530000,150000
R24-01093,74030000,300000
R24-01094,62060000,150000
R24-01095,62300000,150000
R24-01096,47340000,150000
R24-01097,12540000,40000
R24-01098,41710000,150000
R24-01099,17360000,40000
R24-01100,11940000,40000
R24-01101,61210000,150000
R24-01102,36300000,150000
R24-01103,51830000,150000
R24-01104,57250000,150000
R24-01105,92960000,300000
R24-01106,25450000,60000
R24-01107,84440000,300000
R24-01108,64310000,150000
R24-01109,17290000,40000
R24-01110,35870000,150000
R24-01111,2070000,0
R24-01112,53360000,150000
R24-01113,20500000,60000
R24-01114,82630000,300000
R24-01115,31270000,60000
R24-01116,63510000,150000
R24-01117,43820000,150000
R24-01118,43780000,150000
R24-01119,104000000,300000
R24-01120,20910000,60000
R24-01121,63650000,150000
R24-01122,85380000,300000
R24-01123,10600000,40000
R24-01124,12030000,40000
R24-01125,1080000,0
R24-01126,11730000,40000
R24-01127,41720000,150000
R24-01128,48270000,150000
R24-01129,62350000,150000
R24-01130,43360000,150000
R24-01131,50680000,150000
R24-01132,40870000,150000
R24-01133,3120000,0
R24-01134,45650000,150000
R24-01135,104300000,300000
R24-01136,920000,0
R24-01137,3040000,0
R24-01138,17710000,40000
R24-01139,32980000,60000
R24-01140,63270000,150000
R24-01141,7090000,20000
R24-01142,116490000,300000
R24-01143,91920000,300000
R24-01144,120520000,300000
R24-01145,42830000,150000
R24-01146,72140000,300000
R24-01147,101290000,300000
R24-01148,43840000,150000
R24-01149,81710000,300000
R24-01150,32470000,60000
R24-01151,3340000,0
R24-01152,22210000,60000
R24-01153,82000000,300000
R24-01154,52110000,150000
R24-01155,310000,0
R24-01156,23470000,60000
R24-01157,21480000,60000
R24-01158,22290000,60000
R24-01159,2710000,0
R24-01160,1840000,0
R24-01161,25130000,60000
R24-01162,41750000,150000
R24-01163,23430000,60000
R24-01164,8470000,20000
R24-01165,32200000,60000
R24-01166,21410000,60000
R24-01167,53720000,150000
R24-01168,87770000,300000
R24-01169,17070000,40000
R24-01170,66820000,300000
R24-01171,62450000,150000
R24-01172,51370000,150000
R24-01173,31020000,60000
R24-01174,23020000,60000
R24-01175,91900000,300000
R24-01176,12580000,40000
R24-01177,2820000,0
R24-01178,25170000,60000
R24-01179,3270000,0
R24-01180,36480000,150000
R24-01181,62630000,150000
R24-01182,52560000,150000
R24-01183,51770000,150000
R24-01184,101910000,300000
R24-01185,84060000,300000
R24-01186,14340000,40000
R24-01187,21650000,60000
R24-01188,41350000,150000
R24-01189,31530000,60000
R24-01190,78680000,300000
R24-01191,16920000,40000
R24-01192,42310000,150000
R24-01193,1990000,0
R24-01194,77480000,300000
R24-01195,44050000,150000
R24-01196,13940000,40000
R24-01197,75530000,300000
R24-01198,57870000,150000
R24-01199,41000000,150000
R24-01200,3040000,0
R24-01201,21990000,60000
R24-01202,2090000,0
R24-01203,13060000,40000
R24-01204,25910000,60000
R24-01205,1920000,0
R24-01206,24350000,60000
R24-01207,33240000,60000
R24-01208,13670000,40000
R24-01209,121720000,300000
R24-01210,13400000,40000
R24-01211,14940000,40000
R24-01212,15890000,40000
R24-01213,13160000,40000
R24-01214,25950000,60000
R24-01215,5550000,20000
R24-01216,15160000,40000
R24-01217,83600000,300000
R24-01218,11110000,40000
R24-01219,15700000,40000
R24-01220,23610000,60000
R24-01221,3590000,0
R24-01222,67040000,300000
R24-01223,34490000,150000
R24-01224,51940000,150000
R24-01225,141070000,600000
R24-01226,82160000,300000
R24-01227,4440000,0
R24-01228,125040000,300000
R24-01229,2840000,0
R24-01230,11680000,40000
R24-01231,55610000,150000
R24-01232,36320000,150000
R24-01233,70360000,300000
R24-01234,51340000,150000
R24-01235,3290000,0
R24-01236,46710000,150000
R24-01237,14910000,40000
R24-01238,64790000,150000
R24-01239,87280000,300000
R24-01240,52740000,150000
R24-01241,11650000,40000
R24-01242,53600000,150000
R24-01243,50640000,150000
R24-01244,14040000,40000
R24-01245,3170000,0
R24-01246,5520000,20000
R24-01247,131780000,300000
R24-01248,45620000,150000
R24-01249,13960000,40000
R24-01250,83040000,300000
R24-01251,3360000,0
R24-01252,2100000,0
R24-01253,28800000,60000
R24-01254,14970000,40000
R24-01255,52330000,150000
R24-01256,35350000,150000
R24-01257,26020000,60000
R24-01258,17720000,40000
R24-01259,62690000,150000
R24-01260,92050000,300000
R24-01261,122390000,300000
R24-01262,21710000,60000
R24-01263,73660000,300000
R24-01264,73670000,300000
R24-01265,62790000,150000
R24-01266,52510000,150000
R24-01267,44910000,150000
R24-01268,103240000,300000
R24-01269,5410000,20000
R24-01270,52340000,150000
R24-01271,33570000,150000
R24-01272,11190000,40000
R24-01273,63880000,150000
R24-01274,16200000,40000
R24-01275,32780000,60000
R24-01276,61110000,150000
R24-01277,34630000,150000
R24-01278,10640000,40000
R24-01279,40620000,150000
R24-01280,6660000,20000
R24-01281,54770000,150000
R24-01282,26720000,60000
R24-01283,4720000,0
R24-01284,65090000,150000
R24-01285,51810000,150000
R24-01286,54830000,150000
R24-01287,85650000,300000
R24-01288,530000,0
R24-01289,104270000,300000
R24-01290,37850000,150000
R24-01291,43980000,150000
R24-01292,73890000,300000
R24-01293,131150000,300000
R24-01294,42220000,150000
R24-01295,66230000,150000
R24-01296,37150000,150000
R24-01297,92910000,300000
R24-01298,35300000,150000
R24-01299,16320000,40000
R24-01300,42910000,150000
R24-01301,32000000,60000
R24-01302,34570000,150000
R24-01303,24780000,60000
R24-01304,1990000,0
R24-01305,21910000,60000
R24-01306,5360000,20000
R24-01307,66150000,150000
R24-01308,34690000,150000
R24-01309,26120000,60000
R24-01310,24340000,60000
R24-01311,43940000,150000
R24-01312,24450000,60000
R24-01313,50410000,150000
R24-01314,7160000,20000
R24-01315,25240000,60000
R24-01316,55760000,150000
R24-01317,84410000,300000
R24-01318,24810000,60000
R24-01319,81740000,300000
R24-01320,15260000,40000
R24-01321,42280000,150000
R24-01322,69550000,300000
R24-01323,11750000,40000
R24-01324,112790000,300000
R24-01325,116900000,300000
R24-01326,14340000,40000
R24-01327,47730000,150000
R24-01328,21060000,60000
R24-01329,112140000,300000
R24-01330,32350000,60000
R24-01331,22560000,60000
R24-01332,73170000,300000
R24-01333,12890000,40000
R24-01334,2850000,0
R24-01335,69150000,300000
R24-01336,3480000,0
R24-01337,22560000,60000
R24-01338,36160000,150000
R24-01339,4220000,0
R24-01340,43550000,150000
R24-01341,28870000,60000
R24-01342,105640000,300000
R24-01343,5890000,20000
R24-01344,6830000,20000
R24-01345,122940000,300000
R24-01346,13940000,40000
R24-01347,70820000,300000
R24-01348,53380000,150000
R24-01349,22850000,60000
R24-01350,110790000,300000
R24-01351,56130000,150000
R24-01352,22540000,60000
R24-01353,23040000,60000
R24-01354,29250000,60000
R24-01355,40150000,150000
R24-01356,35860000,150000
R24-01357,83210000,300000
R24-01358,42370000,150000
R24-01359,4370000,0
R24-01360,52780000,150000
R24-01361,32670000,60000
R24-01362,2470000,0
R24-01363,76490000,300000
R24-01364,44640000,150000
R24-01365,56150000,150000
R24-01366,88890000,300000
R24-01367,56060000,150000
R24-01368,31070000,60000
R24-01369,12300000,40000
R24-01370,14190000,40000
R24-01371,42930000,150000
R24-01372,37070000,150000
R24-01373,12370000,40000
R24-01374,5610000,20000
R24-01375,13060000,40000
R24-01376,100480000,300000
R24-01377,22010000,60000
R24-01378,32400000,60000
R24-01379,23100000,60000
R24-01380,98370000,300000
R24-01381,52360000,150000
R24-01382,62790000,150000
R24-01383,64950000,150000
R24-01384,8940000,20000
R24-01385,2670000,0
R24-01386,40720000,150000
R24-01387,33210000,60000
R24-01388,76450000,300000
R24-01389,231780000,1000000
R24-01390,27290000,60000
R24-01391,47530000,150000
R24-01392,80210000,300000
R24-01393,121800000,300000
R24-01394,1950000,0
R24-01395,47350000,150000
R24-01396,63660000,150000
R24-01397,42330000,150000
R24-01398,62520000,150000
R24-01399,67170000,300000
R24-01400,12530000,40000
R24-01401,15860000,40000
R24-01402,32900000,60000
R24-01403,31610000,60000
R24-01404,82110000,300000
R24-01405,12470000,40000
R24-01406,23280000,60000
R24-01407,25940000,60000
R24-01408,4940000,0
R24-01409,13550000,40000
R24-01410,106810000,300000
R24-01411,5330000,20000
R24-01412,3310000,0
R24-01413,54680000,150000
R24-01414,97530000,300000
R24-01415,2820000,0
R24-01416,106980000,300000
R24-01417,51840000,150000
R24-01418,86570000,300000
R24-01419,77190000,300000
R24-01420,64470000,150000
R24-01421,74720000,300000
R24-01422,44690000,150000
R24-01423,4960000,0
R24-01424,32160000,60000
R24-01425,20800000,60000
R24-01426,70630000,300000
R24-01427,25590000,60000
R24-01428,43100000,150000
R24-01429,31810000,60000
R24-01430,1420000,0
R24-01431,70720000,300000
R24-01432,92600000,300000
R24-01433,15550000,40000
R24-01434,54840000,150000
R24-01435,97880000,300000
R24-01436,10660000,40000
R24-01437,32750000,60000
R24-01438,43110000,150000
R24-01439,21900000,60000
R24-01440,45940000,150000
R24-01441,34050000,150000
R24-01442,44730000,150000
R24-01443,24970000,60000
R24-01444,58960000,150000
R24-01445,22500000,60000
R24-01446,112720000,300000
R24-01447,92530000,300000
R24-01448,26940000,60000
R24-01449,35690000,150000
R24-01450,40810000,150000
R24-01451,42280000,150000
R24-01452,45660000,150000
R24-01453,47220000,150000
R24-01454,98840000,300000
R24-01455,43310000,150000
R24-01456,12870000,40000
R24-01457,30440000,60000
R24-01458,53880000,150000
R24-01459,39120000,150000
R24-01460,26620000,60000
R24-01461,72450000,300000
R24-01462,17030000,40000
R24-01463,32040000,60000
R24-01464,45850000,150000
R24-01465,83100000,300000
R24-01466,31310000,60000
R24-01467,57770000,150000
R24-01468,25730000,60000
R24-01469,15920000,40000
R24-01470,39670000,150000
R24-01471,48740000,150000
R24-01472,40540000,150000
R24-01473,39540000,150000
R24-01474,46290000,150000
R24-01475,25040000,60000
R24-01476,10910000,40000
R24-01477,86170000,300000
R24-01478,46230000,150000
R24-01479,46770000,150000
R24-01480,65680000,150000
R24-01481,72760000,300000
R24-01482,48010000,150000
R24-01483,41060000,150000
R24-01484,11370000,40000
R24-01485,46310000,150000
R24-01486,54840000,150000
R24-01487,75030000,300000
R24-01488,46890000,150000
R24-01489,53660000,150000
R24-01490,74490000,300000
R24-01491,31920000,60000
R24-01492,23190000,60000
R24-01493,720000,0
R24-01494,26870000,60000
R24-01495,7730000,20000
R24-01496,45260000,150000
R24-01497,14850000,40000
R24-01498,52610000,150000
R24-01499,32650000,60000
R24-01500,15570000,40000
R24-01501,1800000,0
R24-01502,6110000,20000
R24-01503,84370000,300000
R24-01504,22790000,60000
R24-01505,13000000,40000
R24-01506,16260000,40000
R24-01507,79240000,300000
R24-01508,33870000,150000
R24-01509,2370000,0
R24-01510,34030000,150000
R24-01511,69550000,300000
R24-01512,3350000,0
R24-01513,4100000,0
R24-01514,23310000,60000
R24-01515,103980000,300000
R24-01516,4050000,0
R24-01517,14240000,40000
R24-01518,104760000,300000
R24-01519,14630000,40000
R24-01520,33430000,150000
R24-01521,15020000,40000
R24-01522,21880000,60000
R24-01523,88480000,300000
R24-01524,51480000,150000
R24-01525,64860000,150000
R24-01526,13680000,40000
R24-01527,28060000,60000
R24-01528,17150000,40000
R24-01529,5500000,20000
R24-01530,51730000,150000
R24-01531,47210000,150000
R24-01532,102390000,300000
R24-01533,23480000,60000
R24-01534,97440000,300000
R24-01535,33500000,150000
R24-01536,46300000,150000
R24-01537,44520000,150000
R24-01538,107620000,300000
R24-01539,160000,0
R24-01540,38200000,150000
R24-01541,3870000,0
R24-01542,13560000,40000
R24-01543,33110000,60000
R24-01544,34100000,150000
R24-01545,105370000,300000
R24-01546,42130000,150000
R24-01547,81940000,300000
R24-01548,43580000,150000
R24-01549,14750000,40000
R24-01550,190000,0
R24-01551,64030000,150000
R24-01552,2950000,0
R24-01553,66460000,150000
R24-01554,4750000,0
R24-01555,2880000,0
R24-01556,33030000,60000
R24-01557,63000000,150000
R24-01558,34580000,150000
R24-01559,35040000,150000
R24-01560,18650000,40000
R24-01561,53680000,150000
R24-01562,7250000,20000
R24-01563,24850000,60000
R24-01564,25150000,60000
R24-01565,23600000,60000
R24-01566,51410000,150000
R24-01567,2590000,0
R24-01568,28280000,60000
R24-01569,41760000,150000
R24-01570,33790000,150000
R24-01571,85080000,300000
R24-01572,45390000,150000
R24-01573,18550000,40000
R24-01574,56170000,150000
R24-01575,5980000,20000
R24-01576,75300000,300000
R24-01577,4320000,0
R24-01578,43870000,150000
R24-01579,2080000,0
R24-01580,31440000,60000
R24-01581,82940000,300000
R24-01582,37320000,150000
R24-01583,38410000,150000
R24-01584,25940000,60000
R24-01585,2710000,0
R24-01586,14430000,40000
R24-01587,103920000,300000
R24-01588,16100000,40000
R24-01589,66840000,300000
R24-01590,11130000,40000
R24-01591,3640000,0
R24-01592,68610000,300000
R24-01593,12470000,40000
R24-01594,57990000,150000
R24-01595,62230000,150000
R24-01596,23100000,60000
R24-01597,172060000,600000
R24-01598,2810000,0
R24-01599,153400000,600000
R24-01600,11370000,40000
R24-01601,46770000,150000
R24-01602,75810000,300000
R24-01603,136790000,600000
R24-01604,86870000,300000
R24-01605,42090000,150000
R24-01606,4600000,0
R24-01607,53180000,150000
R24-01608,46840000,150000
R24-01609,17310000,40000
R24-01610,26620000,60000
R24-01611,23390000,60000
R24-01612,15370000,40000
R24-01613,53240000,150000
R24-01614,30550000,60000
R24-01615,24800000,60000
R24-01616,850000,0
R24-01617,31910000,60000
R24-01618,58230000,150000
R24-01619,84430000,300000
R24-01620,15570000,40000
R24-01621,52420000,150000
R24-01622,20900000,60000
R24-01623,82740000,300000
R24-01624,76350000,300000
R24-01625,71810000,300000
R24-01626,87100000,300000
R24-01627,74590000,300000
R24-01628,111070000,300000
R24-01629,33020000,60000
R24-01630,27620000,60000
R24-01631,42300000,150000
R24-01632,55680000,150000
R24-01633,12120000,40000
R24-01634,2040000,0
R24-01635,28590000,60000
R24-01636,71470000,300000
R24-01637,2900000,0
R24-01638,34200000,150000
R24-01639,71120000,300000
R24-01640,77510000,300000
R24-01641,53730000,150000
R24-01642,14210000,40000
R24-01643,40590000,150000
R24-01644,138770000,600000
R24-01645,45590000,150000
R24-01646,22330000,60000
R24-01647,67580000,300000
R24-01648,55770000,150000
R24-01649,3760000,0
R24-01650,54690000,150000
R24-01651,21480000,60000
R24-01652,55520000,150000
R24-01653,67080000,300000
R24-01654,13350000,40000
R24-01655,64940000,150000
R24-01656,104900000,300000
R24-01657,44220000,150000
R24-01658,5040000,20000
R24-01659,1900000,0
R24-01660,72900000,300000
R24-01661,3850000,0
R24-01662,11990000,40000
R24-01663,33980000,150000
R24-01664,43460000,150000
R24-01665,6880000,20000
R24-01666,64180000,150000
R24-01667,55600000,150000
R24-01668,85860000,300000
R24-01669,52350000,150000
R24-01670,11500000,40000
R24-01671,55290000,150000
R24-01672,57620000,150000
R24-01673,61190000,150000
R24-01674,52600000,150000
R24-01675,52280000,150000
R24-01676,11140000,40000
R24-01677,12420000,40000
R24-01678,44320000,150000
R24-01679,117640000,300000
R24-01680,1600000,0
R24-01681,2630000,0
R24-01682,152570000,600000
R24-01683,71970000,300000
R24-01684,43130000,150000
R24-01685,53950000,150000
R24-01686,51270000,150000
R24-01687,52380000,150000
R24-01688,97070000,300000
R24-01689,43390000,150000
R24-01690,81250000,300000
R24-01691,52060000,150000
R24-01692,87950000,300000
R24-01693,41420000,150000
R24-01694,58120000,150000
R24-01695,91610000,300000
R24-01696,71880000,300000
R24-01697,24630000,60000
R24-01698,62580000,150000
R24-01699,4760000,0
R24-01700,23570000,60000
R24-01701,18260000,40000
R24-01702,71690000,300000
R24-01703,8600000,20000
R24-01704,21230000,60000
R24-01705,30970000,60000
R24-01706,114630000,300000
R24-01707,25230000,60000
R24-01708,75500000,300000
R24-01709,92890000,300000
R24-01710,43850000,150000
R24-01711,12340000,40000
R24-01712,20460000,60000
R24-01713,53960000,150000
R24-01714,21050000,60000
R24-01715,25150000,60000
R24-01716,54850000,150000
R24-01717,35450000,150000
R24-01718,27650000,60000
R24-01719,3610000,0
R24-01720,44280000,150000
R24-01721,8180000,20000
R24-01722,71230000,300000
R24-01723,93610000,300000
R24-01724,41970000,150000
R24-01725,36510000,150000
R24-01726,60510000,150000
R24-01727,1480000,0
R24-01728,80880000,300000
R24-01729,91970000,300000
R24-01730,52140000,150000
R24-01731,5560000,20000
R24-01732,70680000,300000
R24-01733,50660000,150000
R24-01734,4510000,0
R24-01735,53060000,150000
R24-01736,6630000,20000
R24-01737,73170000,300000
R24-01738,43640000,150000
R24-01739,10440000,40000
R24-01740,62170000,150000
R24-01741,51480000,150000
R24-01742,23380000,60000
R24-01743,102130000,300000
R24-01744,33340000,150000
R24-01745,46430000,150000
R24-01746,62560000,150000
R24-01747,44550000,150000
R24-01748,10820000,40000
R24-01749,11950000,40000
R24-01750,22730000,60000
R24-01751,2330000,0
R24-01752,41280000,150000
R24-01753,42280000,150000
R24-01754,31480000,60000
R24-01755,134160000,600000
R24-01756,7080000,20000
R24-01757,45730000,150000
R24-01758,48370000,150000
R24-01759,5550000,20000
R24-01760,135380000,600000
R24-01761,113180000,300000
R24-01762,67240000,300000
R24-01763,32340000,60000
R24-01764,62430000,150000
R24-01765,23730000,60000
R24-01766,35070000,150000
R24-01767,25100000,60000
R24-01768,15370000,40000
R24-01769,34140000,150000
R24-01770,94820000,300000
R24-01771,44820000,150000
R24-01772,21900000,60000
R24-01773,44720000,150000
R24-01774,23350000,60000
R24-01775,94400000,300000
R24-01776,5920000,20000
R24-01777,63050000,150000
R24-01778,80390000,300000
R24-01779,37080000,150000
R24-01780,45430000,150000
R24-01781,24230000,60000
R24-01782,99590000,300000
R24-01783,44150000,150000
R24-01784,11890000,40000
R24-01785,3480000,0
R24-01786,84830000,300000
R24-01787,22140000,60000
R24-01788,43050000,150000
R24-01789,10370000,40000
R24-01790,115180000,300000
R24-01791,56890000,150000
R24-01792,84930000,300000
R24-01793,17180000,40000
R24-01794,21920000,60000
R24-01795,4450000,0
R24-01796,23100000,60000
R24-01797,84730000,300000
R24-01798,57540000,150000
R24-01799,71840000,300000
R24-01800,22460000,60000
R24-01801,30260000,60000
R24-01802,53160000,150000
R24-01803,133950000,600000
R24-01804,75980000,300000
R24-01805,25170000,60000
R24-01806,14910000,40000
R24-01807,74590000,300000
R24-01808,14150000,40000
R24-01809,6310000,20000
R24-01810,44730000,150000
R24-01811,21240000,60000
R24-01812,47510000,150000
R24-01813,132080000,300000
R24-01814,7650000,20000
R24-01815,74520000,300000
R24-01816,2010000,0
R24-01817,88360000,300000
R24-01818,13910000,40000
R24-01819,103560000,300000
R24-01820,112580000,300000
R24-01821,131720000,300000
R24-01822,42480000,150000
R24-01823,7180000,20000
R24-01824,57610000,150000
R24-01825,112020000,300000
R24-01826,31460000,60000
R24-01827,51680000,150000
R24-01828,46150000,150000
R24-01829,66160000,150000
R24-01830,50540000,150000
R24-01831,2430000,0
R24-01832,26400000,60000
R24-01833,82280000,300000
R24-01834,72210000,300000
R24-01835,25900000,60000
R24-01836,52230000,150000
R24-01837,62040000,150000
R24-01838,31150000,60000
R24-01839,25760000,60000
R24-01840,81260000,300000
R24-01841,43520000,150000
R24-01842,50690000,150000
R24-01843,33600000,150000
R24-01844,2510000,0
R24-01845,22650000,60000
R24-01846,54050000,150000
R24-01847,7530000,20000
R24-01848,24990000,60000
R24-01849,3800000,0
R24-01850,22200000,60000
R24-01851,55210000,150000
R24-01852,3070000,0
R24-01853,1700000,0
R24-01854,11870000,40000
R24-01855,92040000,300000
R24-01856,16680000,40000
R24-01857,102770000,300000
R24-01858,68330000,300000
R24-01859,21540000,60000
R24-01860,12220000,40000
R24-01861,21880000,60000
R24-01862,67880000,300000
R24-01863,97080000,300000
R24-01864,73630000,300000
R24-01865,93710000,300000
R24-01866,132950000,300000
R24-01867,52730000,150000
R24-01868,15800000,40000
R24-01869,62130000,150000
R24-01870,1090000,0
R24-01871,42710000,150000
R24-01872,51100000,150000
R24-01873,71160000,300000
R24-01874,2320000,0
R24-01875,22870000,60000
R24-01876,63310000,150000
R24-01877,35540000,150000
R24-01878,73380000,300000
R24-01879,57000000,150000
R24-01880,71750000,300000
R24-01881,8960000,20000
R24-01882,102690000,300000
R24-01883,25540000,60000
R24-01884,22490000,60000
R24-01885,82180000,300000
R24-01886,11560000,40000
R24-01887,65120000,150000
R24-01888,26150000,60000
R24-01889,51360000,150000
R24-01890,42140000,150000
R24-01891,210110000,1000000
R24-01892,74310000,300000
R24-01893,112340000,300000
R24-01894,74720000,300000
R24-01895,37720000,150000
R24-01896,63720000,150000
R24-01897,2950000,0
R24-01898,63820000,150000
R24-01899,13230000,40000
R24-01900,36280000,150000
R24-01901,56010000,150000
R24-01902,7010000,20000
R24-01903,22430000,60000
R24-01904,15700000,40000
R24-01905,12840000,40000
R24-01906,33450000,150000
R24-01907,101780000,300000
R24-01908,83240000,300000
R24-01909,4110000,0
R24-01910,1720000,0
R24-01911,22630000,60000
R24-01912,3730000,0
R24-01913,2080000,0
R24-01914,61270000,150000
R24-01915,44180000,150000
R24-01916,64060000,150000
R24-01917,5270000,20000
R24-01918,43530000,150000
R24-01919,42230000,150000
R24-01920,114970000,300000
R24-01921,44360000,150000
R24-01922,13180000,40000
R24-01923,42810000,150000
R24-01924,23520000,60000
R24-01925,83020000,300000
R24-01926,91980000,300000
R24-01927,45530000,150000
R24-01928,62400000,150000
R24-01929,97550000,300000
R24-01930,23520000,60000
R24-01931,5310000,20000
R24-01932,14110000,40000
R24-01933,75360000,300000
R24-01934,23060000,60000
R24-01935,14190000,40000
R24-01936,50590000,150000
R24-01937,30130000,60000
R24-01938,14120000,40000
R24-01939,65080000,150000
R24-01940,5980000,20000
R24-01941,72820000,300000
R24-01942,15610000,40000
R24-01943,1980000,0
R24-01944,33300000,60000
R24-01945,50960000,150000
R24-01946,12970000,40000
R24-01947,73720000,300000
R24-01948,62830000,150000
R24-01949,24310000,60000
R24-01950,65500000,150000
R24-01951,92090000,300000
R24-01952,115880000,300000
R24-01953,33720000,150000
R24-01954,4670000,0
R24-01955,16740000,40000
R24-01956,60810000,150000
R24-01957,36830000,150000
R24-01958,83720000,300000
R24-01959,2740000,0
R24-01960,10850000,40000
R24-01961,6100000,20000
R24-01962,1290000,0
R24-01963,34640000,150000
R24-01964,3170000,0
R24-01965,2510000,0
R24-01966,3030000,0
R24-01967,32540000,60000
R24-01968,5560000,20000
R24-01969,79220000,300000
R24-01970,23520000,60000
R24-01971,18560000,40000
R24-01972,12700000,40000
R24-01973,35170000,150000
R24-01974,3210000,0
R24-01975,14390000,40000
R24-01976,31930000,60000
R24-01977,45100000,150000
R24-01978,52810000,150000
R24-01979,14540000,40000
R24-01980,94430000,300000
R24-01981,55170000,150000
R24-01982,23480000,60000
R24-01983,6900000,20000
R24-01984,16400000,40000
R24-01985,36360000,150000
R24-01986,32730000,60000
R24-01987,5010000,20000
R24-01988,31060000,60000
R24-01989,13230000,40000
R24-01990,73740000,300000
R24-01991,52600000,150000
R24-01992,26190000,60000
R24-01993,36410000,150000
R24-01994,15610000,40000
R24-01995,61660000,150000
R24-01996,12470000,40000
R24-01997,1650000,0
R24-01998,41860000,150000
R24-01999,23510000,60000
R24-02000,65260000,150000
R24-02001,45510000,150000
R24-02002,84290000,300000
R24-02003,15150000,40000
R24-02004,73230000,300000
R24-02005,87250000,300000
R24-02006,1610000,0
R24-02007,240000,0
R24-02008,45080000,150000
R24-02009,12040000,40000
R24-02010,47550000,150000
R24-02011,31780000,60000
R24-02012,53760000,150000
R24-02013,63300000,150000
R24-02014,22330000,60000
R24-02015,38290000,150000
R24-02016,44020000,150000
R24-02017,82400000,300000
R24-02018,51420000,150000
R24-02019,80870000,300000
R24-02020,63110000,150000
R24-02021,43210000,150000
R24-02022,57400000,150000
R24-02023,22980000,60000
R24-02024,3180000,0
R24-02025,75720000,300000
R24-02026,46510000,150000
R24-02027,1740000,0
R24-02028,34460000,150000
R24-02029,4340000,0
R24-02030,75470000,300000
R24-02031,10330000,40000
R24-02032,53160000,150000
R24-02033,5210000,20000
R24-02034,40980000,150000
R24-02035,22230000,60000
R24-02036,86100000,300000
R24-02037,8670000,20000
R24-02038,12020000,40000
R24-02039,13600000,40000
R24-02040,57390000,150000
R24-02041,11360000,40000
R24-02042,84240000,300000
R24-02043,47150000,150000
R24-02044,1550000,0
R24-02045,17910000,40000
R24-02046,64500000,150000
R24-02047,32230000,60000
R24-02048,13190000,40000
R24-02049,16640000,40000
R24-02050,34410000,150000
R24-02051,46900000,150000
R24-02052,2320000,0
R24-02053,13050000,40000
R24-02054,76230000,300000
R24-02055,31800000,60000
R24-02056,52960000,150000
R24-02057,2020000,0
R24-02058,64640000,150000
R24-02059,33310000,60000
R24-02060,13970000,40000
R24-02061,38160000,150000
R24-02062,66350000,150000
R24-02063,2780000,0
R24-02064,126640000,300000
R24-02065,15050000,40000
R24-02066,15850000,40000
R24-02067,104250000,300000
R24-02068,12330000,40000
R24-02069,11380000,40000
R24-02070,43150000,150000
R24-02071,73420000,300000
R24-02072,87350000,300000
R24-02073,62600000,150000
R24-02074,83370000,300000
R24-02075,32140000,60000
R24-02076,11250000,40000
R24-02077,22590000,60000
R24-02078,157270000,600000
R24-02079,2210000,0
R24-02080,27800000,60000
R24-02081,62830000,150000
R24-02082,3240000,0
R24-02083,73030000,300000
R24-02084,71040000,300000
R24-02085,65810000,150000
R24-02086,103610000,300000
R24-02087,33740000,150000
R24-02088,22320000,60000
R24-02089,270000,0
R24-02090,27840000,60000
R24-02091,83250000,300000
R24-02092,32620000,60000
R24-02093,90770000,300000
R24-02094,41860000,150000
R24-02095,61840000,150000
R24-02096,92940000,300000
R24-02097,105050000,300000
R24-02098,34410000,150000
R24-02099,101620000,300000
R24-02100,83450000,300000
R24-02101,21420000,60000
R24-02102,32520000,60000
R24-02103,30850000,60000
R24-02104,40480000,150000
R24-02105,62300000,150000
R24-02106,101960000,300000
R24-02107,12180000,40000
R24-02108,22890000,60000
R24-02109,93180000,300000
R24-02110,70660000,300000
R24-02111,65460000,150000
R24-02112,43400000,150000
R24-02113,22600000,60000
R24-02114,32330000,60000
R24-02115,6500000,20000
R24-02116,63770000,150000
R24-02117,26840000,60000
R24-02118,1110000,0
R24-02119,61820000,150000
R24-02120,63180000,150000
R24-02121,6860000,20000
R24-02122,72840000,300000
R24-02123,81810000,300000
R24-02124,5370000,20000
R24-02125,25900000,60000
R24-02126,12470000,40000
R24-02127,133330000,300000
R24-02128,32750000,60000
R24-02129,2200000,0
R24-02130,2320000,0
R24-02131,66230000,150000
R24-02132,71590000,300000
R24-02133,42820000,150000
R24-02134,22500000,60000
R24-02135,13090000,40000
R24-02136,3280000,0
R24-02137,93640000,300000
R24-02138,135920000,600000
R24-02139,13190000,40000
R24-02140,97390000,300000
R24-02141,100630000,300000
R24-02142,31090000,60000
R24-02143,8380000,20000
R24-02144,23370000,60000
R24-02145,32210000,60000
R24-02146,22180000,60000
R24-02147,88590000,300000
R24-02148,67920000,300000
R24-02149,22770000,60000
R24-02150,58080000,150000
R24-02151,112680000,300000
R24-02152,32900000,60000
R24-02153,14130000,40000
R24-02154,62100000,150000
R24-02155,43350000,150000
R24-02156,25710000,60000
R24-02157,91290000,300000
R24-02158,85980000,300000
R24-02159,67730000,300000
R24-02160,46720000,150000
R24-02161,55300000,150000
R24-02162,3500000,0
R24-02163,68360000,300000
R24-02164,12760000,40000
R24-02165,2910000,0
R24-02166,40700000,150000
R24-02167,133830000,600000
R24-02168,68030000,300000
R24-02169,1620000,0
R24-02170,51910000,150000
R24-02171,660000,0
R24-02172,25180000,60000
R24-02173,33470000,150000
R24-02174,33010000,60000
R24-02175,21920000,60000
R24-02176,15320000,40000
R24-02177,72510000,300000
R24-02178,47690000,150000
R24-02179,26330000,60000
R24-02180,103810000,300000
R24-02181,63030000,150000
R24-02182,71250000,300000
R24-02183,34380000,150000
R24-02184,43780000,150000
R24-02185,44220000,150000
R24-02186,41860000,150000
R24-02187,11480000,40000
R24-02188,80510000,300000
R24-02189,40300000,150000
R24-02190,31640000,60000
R24-02191,42810000,150000
R24-02192,74960000,300000
R24-02193,71470000,300000
R24-02194,104380000,300000
R24-02195,3970000,0
R24-02196,132120000,300000
R24-02197,133120000,300000
R24-02198,45760000,150000
R24-02199,51370000,150000
R24-02200,31790000,60000
R24-02201,26800000,60000
R24-02202,1280000,0
R24-02203,15450000,40000
R24-02204,42630000,150000
R24-02205,10920000,40000
R24-02206,44410000,150000
R24-02207,23450000,60000
R24-02208,42860000,150000
R24-02209,106860000,300000
R24-02210,51340000,150000
R24-02211,17640000,40000
R24-02212,42570000,150000
R24-02213,14970000,40000
R24-02214,12070000,40000
R24-02215,43550000,150000
R24-02216,83260000,300000
R24-02217,33420000,150000
R24-02218,41600000,150000
R24-02219,9070000,20000
R24-02220,63250000,150000
R24-02221,11640000,40000
R24-02222,74150000,300000
R24-02223,6190000,20000
R24-02224,42540000,150000
R24-02225,24230000,60000
R24-02226,30910000,60000
R24-02227,33540000,150000
R24-02228,55470000,150000
R24-02229,52170000,150000
R24-02230,21560000,60000
R24-02231,23350000,60000
R24-02232,25610000,60000
R24-02233,105710000,300000
R24-02234,95370000,300000
R24-02235,11680000,40000
R24-02236,4560000,0
R24-02237,4390000,0
R24-02238,4950000,0
R24-02239,61920000,150000
R24-02240,63090000,150000
R24-02241,32460000,60000
R24-02242,53140000,150000
R24-02243,26240000,60000
R24-02244,92130000,300000
R24-02245,21470000,60000
R24-02246,66450000,150000
R24-02247,12040000,40000
R24-02248,44250000,150000
R24-02249,52120000,150000
R24-02250,55160000,150000
R24-02251,64810000,150000
R24-02252,3200000,0
R24-02253,61010000,150000
R24-02254,2040000,0
R24-02255,17600000,40000
R24-02256,17590000,40000
R24-02257,96120000,300000
R24-02258,42760000,150000
R24-02259,52380000,150000
R24-02260,81700000,300000
R24-02261,42520000,150000
R24-02262,38070000,150000
R24-02263,93280000,300000
R24-02264,80180000,300000
R24-02265,11200000,40000
R24-02266,103750000,300000
R24-02267,41880000,150000
R24-02268,137370000,600000
R24-02269,13420000,40000
R24-02270,82460000,300000
R24-02271,26500000,60000
R24-02272,93030000,300000
R24-02273,76890000,300000
R24-02274,73640000,300000
R24-02275,53130000,150000
R24-02276,15280000,40000
R24-02277,2490000,0
R24-02278,25570000,60000
R24-02279,65380000,150000
R24-02280,7450000,20000
R24-02281,46080000,150000
R24-02282,106790000,300000
R24-02283,37830000,150000
R24-02284,46720000,150000
R24-02285,42500000,150000
R24-02286,93160000,300000
R24-02287,21670000,60000
R24-02288,12410000,40000
R24-02289,33190000,60000
R24-02290,63860000,150000
R24-02291,101350000,300000
R24-02292,64240000,150000
R24-02293,75770000,300000
R24-02294,24010000,60000
R24-02295,1270000,0
R24-02296,34010000,150000
R24-02297,62180000,150000
R24-02298,64620000,150000
R24-02299,91230000,300000
R24-02300,35590000,150000
R24-02301,63840000,150000
R24-02302,21750000,60000
R24-02303,52610000,150000
R24-02304,134950000,600000
R24-02305,50570000,150000
R24-02306,21350000,60000
R24-02307,1330000,0
R24-02308,4250000,0
R24-02309,2350000,0
R24-02310,42560000,150000
R24-02311,102370000,300000
R24-02312,70830000,300000
R24-02313,66920000,300000
R24-02314,11220000,40000
R24-02315,22650000,60000
R24-02316,3360000,0
R24-02317,4180000,0
R24-02318,13450000,40000
R24-02319,64230000,150000
R24-02320,3740000,0
R24-02321,64210000,150000
R24-02322,37850000,150000
R24-02323,69420000,300000
R24-02324,5050000,20000
R24-02325,23370000,60000
R24-02326,64860000,150000
R24-02327,56250000,150000
R24-02328,84960000,300000
R24-02329,36480000,150000
R24-02330,14270000,40000
R24-02331,33820000,150000
R24-02332,63260000,150000
R24-02333,75630000,300000
R24-02334,37460000,150000
R24-02335,46550000,150000
R24-02336,143170000,600000
R24-02337,66540000,150000
R24-02338,1950000,0
R24-02339,15430000,40000
R24-02340,16340000,40000
R24-02341,94110000,300000
R24-02342,1880000,0
R24-02343,20960000,60000
R24-02344,32090000,60000
R24-02345,53390000,150000
R24-02346,1950000,0
R24-02347,37520000,150000
R24-02348,23250000,60000
R24-02349,33280000,60000
R24-02350,23770000,60000
R24-02351,63190000,150000
R24-02352,53790000,150000
R24-02353,33120000,60000
R24-02354,78450000,300000
R24-02355,81440000,300000
R24-02356,23460000,60000
R24-02357,51230000,150000
R24-02358,66860000,300000
R24-02359,222640000,1000000
R24-02360,21310000,60000
R24-02361,64660000,150000
R24-02362,21990000,60000
R24-02363,105240000,300000
R24-02364,21950000,60000
R24-02365,71220000,300000
R24-02366,44900000,150000
R24-02367,72920000,300000
R24-02368,84000000,300000
R24-02369,34380000,150000
R24-02370,5570000,20000
R24-02371,44330000,150000
R24-02372,12960000,40000
R24-02373,12350000,40000
R24-02374,41870000,150000
R24-02375,23720000,60000
R24-02376,32040000,60000
R24-02377,42900000,150000
R24-02378,37210000,150000
R24-02379,80970000,300000
R24-02380,55280000,150000
R24-02381,680000,0
R24-02382,56890000,150000
R24-02383,91030000,300000
R24-02384,83860000,300000
R24-02385,2630000,0
R24-02386,53280000,150000
R24-02387,2800000,0
R24-02388,45680000,150000
R24-02389,14630000,40000
R24-02390,63550000,150000
R24-02391,31330000,60000
R24-02392,33110000,60000
R24-02393,81570000,300000
R24-02394,21670000,60000
R24-02395,71240000,300000
R24-02396,31090000,60000
R24-02397,14430000,40000
R24-02398,84170000,300000
R24-02399,26280000,60000
R24-02400,64510000,150000
R24-02401,55240000,150000
R24-02402,27770000,60000
R24-02403,73580000,300000
R24-02404,31710000,60000
R24-02405,22120000,60000
R24-02406,26070000,60000
R24-02407,22200000,60000
R24-02408,62720000,150000
R24-02409,8860000,20000
R24-02410,83880000,300000
R24-02411,63700000,150000
R24-02412,85530000,300000
R24-02413,144050000,600000
R24-02414,55010000,150000
R24-02415,23700000,60000
R24-02416,50880000,150000
R24-02417,12230000,40000
R24-02418,24370000,60000
R24-02419,25870000,60000
R24-02420,75890000,300000
R24-02421,17910000,40000
R24-02422,32910000,60000
R24-02423,36040000,150000
R24-02424,34150000,150000
R24-02425,1800000,0
R24-02426,23370000,60000
R24-02427,32750000,60000
R24-02428,43730000,150000
R24-02429,29050000,60000
R24-02430,102220000,300000
R24-02431,50940000,150000
R24-02432,12170000,40000
R24-02433,1610000,0
R24-02434,92260000,300000
R24-02435,12130000,40000
R24-02436,52510000,150000
R24-02437,24310000,60000
R24-02438,3400000,0
R24-02439,44120000,150000
R24-02440,730000,0
R24-02441,1710000,0
R24-02442,14800000,40000
R24-02443,23360000,60000
R24-02444,67630000,300000
R24-02445,42770000,150000
R24-02446,18000000,40000
R24-02447,22040000,60000
R24-02448,11830000,40000
R24-02449,12130000,40000
R24-02450,63350000,150000
R24-02451,51290000,150000
R24-02452,45410000,150000
R24-02453,95130000,300000
R24-02454,73770000,300000
R24-02455,85400000,300000
R24-02456,61580000,150000
R24-02457,15010000,40000
R24-02458,97120000,300000
R24-02459,7670000,20000
R24-02460,22290000,60000
R24-02461,1750000,0
R24-02462,40830000,150000
R24-02463,1390000,0
R24-02464,83300000,300000
R24-02465,36440000,150000
R24-02466,12820000,40000
R24-02467,3630000,0
R24-02468,41450000,150000
R24-02469,1600000,0
R24-02470,88480000,300000
R24-02471,63600000,150000
R24-02472,70490000,300000
R24-02473,6310000,20000
R24-02474,22770000,60000
R24-02475,2810000,0
R24-02476,18430000,40000
R24-02477,73360000,300000
R24-02478,60970000,150000
R24-02479,15960000,40000
R24-02480,35800000,150000
R24-02481,44970000,150000
R24-02482,83880000,300000
R24-02483,1130000,0
R24-02484,21110000,60000
R24-02485,53830000,150000
R24-02486,72510000,300000
R24-02487,26360000,60000
R24-02488,34230000,150000
R24-02489,62640000,150000
R24-02490,63630000,150000
R24-02491,25580000,60000
R24-02492,52310000,150000
R24-02493,81480000,300000
R24-02494,25300000,60000
R24-02495,26540000,60000
R24-02496,12070000,40000
R24-02497,27860000,60000
R24-02498,11750000,40000
R24-02499,13040000,40000
R24-02500,3570000,0
R24-02501,91390000,300000
R24-02502,83860000,300000
R24-02503,71980000,300000
R24-02504,44620000,150000
R24-02505,64470000,150000
R24-02506,42230000,150000
R24-02507,88720000,300000
R24-02508,13460000,40000
R24-02509,4120000,0
R24-02510,22350000,60000
R24-02511,7940000,20000
R24-02512,86580000,300000
R24-02513,11310000,40000
R24-02514,68260000,300000
R24-02515,44100000,150000
R24-02516,37640000,150000
R24-02517,22760000,60000
R24-02518,32970000,60000
R24-02519,63980000,150000
R24-02520,18850000,40000
R24-02521,33300000,60000
R24-02522,12140000,40000
R24-02523,14110000,40000
R24-02524,31450000,60000
R24-02525,52430000,150000
R24-02526,42820000,150000
R24-02527,82820000,300000
R24-02528,62350000,150000
R24-02529,4760000,0
R24-02530,84900000,300000
R24-02531,71900000,300000
R24-02532,26510000,60000
R24-02533,94990000,300000
R24-02534,26180000,60000
R24-02535,22180000,60000
R24-02536,3500000,0
R24-02537,20720000,60000
R24-02538,5320000,20000
R24-02539,12150000,40000
R24-02540,43660000,150000
R24-02541,43630000,150000
R24-02542,32950000,60000
R24-02543,26310000,60000
R24-02544,43550000,150000
R24-02545,101940000,300000
R24-02546,114490000,300000
R24-02547,91020000,300000
R24-02548,20670000,60000
R24-02549,24090000,60000
R24-02550,11630000,40000
R24-02551,11230000,40000
R24-02552,75920000,300000
R24-02553,68420000,300000
R24-02554,18090000,40000
R24-02555,43050000,150000
R24-02556,6420000,20000
R24-02557,54550000,150000
R24-02558,55040000,150000
R24-02559,6410000,20000
R24-02560,85950000,300000
R24-02561,56570000,150000
R24-02562,52170000,150000
R24-02563,7020000,20000
R24-02564,81360000,300000
R24-02565,45170000,150000
R24-02566,63800000,150000
R24-02567,52840000,150000
R24-02568,71880000,300000
R24-02569,24390000,60000
R24-02570,41430000,150000
R24-02571,52020000,150000
R24-02572,24400000,60000
R24-02573,4580000,0
R24-02574,36040000,150000
R24-02575,2200000,0
R24-02576,31210000,60000
R24-02577,35600000,150000
R24-02578,11980000,40000
R24-02579,62240000,150000
R24-02580,54550000,150000
R24-02581,17550000,40000
R24-02582,35270000,150000
R24-02583,17220000,40000
R24-02584,28140000,60000
R24-02585,38810000,150000
R24-02586,56470000,150000
R24-02587,55960000,150000
R24-02588,35280000,150000
R24-02589,31650000,60000
R24-02590,53940000,150000
R24-02591,35370000,150000
R24-02592,43040000,150000
R24-02593,2980000,0
R24-02594,25320000,60000
R24-02595,82370000,300000
R24-02596,45520000,150000
R24-02597,105910000,300000
R24-02598,41390000,150000
R24-02599,53760000,150000
R24-02600,131630000,300000
R24-02601,45240000,150000
R24-02602,12010000,40000
R24-02603,32320000,60000
R24-02604,84090000,300000
R24-02605,58820000,150000
R24-02606,13680000,40000
R24-02607,15200000,40000
R24-02608,85670000,300000
R24-02609,111930000,300000
R24-02610,32980000,60000
R24-02611,13900000,40000
R24-02612,6160000,20000
R24-02613,92980000,300000
R24-02614,147810000,600000
R24-02615,63290000,150000
R24-02616,15800000,40000
R24-02617,40180000,150000
R24-02618,25600000,60000
R24-02619,93680000,300000
R24-02620,66070000,150000
R24-02621,73480000,300000
R24-02622,25710000,60000
R24-02623,21900000,60000
R24-02624,33410000,150000
R24-02625,31180000,60000
R24-02626,124740000,300000
R24-02627,109000000,300000
R24-02628,37490000,150000
R24-02629,141730000,600000
R24-02630,16470000,40000
R24-02631,44540000,150000
R24-02632,61690000,150000
R24-02633,43960000,150000
R24-02634,106120000,300000
R24-02635,3280000,0
R24-02636,84210000,300000
R24-02637,4300000,0
R24-02638,32230000,60000
R24-02639,31480000,60000
R24-02640,12370000,40000
R24-02641,102880000,300000
R24-02642,74170000,300000
R24-02643,2650000,0
R24-02644,94950000,300000
R24-02645,41340000,150000
R24-02646,83170000,300000
R24-02647,73690000,300000
R24-02648,61950000,150000
R24-02649,94910000,300000
R24-02650,83440000,300000
R24-02651,15470000,40000
R24-02652,1780000,0
R24-02653,57670000,150000
R24-02654,22310000,60000
R24-02655,32700000,60000
R24-02656,4700000,0
R24-02657,26310000,60000
R24-02658,46020000,150000
R24-02659,68020000,300000
R24-02660,11780000,40000
R24-02661,2120000,0
R24-02662,64970000,150000
R24-02663,5640000,20000
R24-02664,11300000,40000
R24-02665,33510000,150000
R24-02666,2490000,0
R24-02667,54840000,150000
R24-02668,35650000,150000
R24-02669,32430000,60000
R24-02670,95630000,300000
R24-02671,111760000,300000
R24-02672,53940000,150000
R24-02673,83870000,300000
R24-02674,70340000,300000
R24-02675,2240000,0
R24-02676,174520000,600000
R24-02677,34550000,150000
R24-02678,8300000,20000
R24-02679,39310000,150000
R24-02680,7130000,20000
R24-02681,30540000,60000
R24-02682,72970000,300000
R24-02683,26340000,60000
R24-02684,16340000,40000
R24-02685,46850000,150000
R24-02686,31270000,60000
R24-02687,93740000,300000
R24-02688,13320000,40000
R24-02689,76340000,300000
R24-02690,51940000,150000
R24-02691,77680000,300000
R24-02692,55460000,150000
R24-02693,85710000,300000
R24-02694,49420000,150000
R24-02695,74790000,300000
R24-02696,45930000,150000
R24-02697,94660000,300000
R24-02698,16180000,40000
R24-02699,66410000,150000
R24-02700,33020000,60000
R24-02701,13620000,40000
R24-02702,44910000,150000
R24-02703,101430000,300000
R24-02704,56020000,150000
R24-02705,51480000,150000
R24-02706,42310000,150000
R24-02707,53950000,150000
R24-02708,7540000,20000
R24-02709,9470000,20000
R24-02710,76990000,300000
R24-02711,2590000,0
R24-02712,12510000,40000
R24-02713,71850000,300000
R24-02714,35170000,150000
R24-02715,43620000,150000
R24-02716,47210000,150000
R24-02717,68610000,300000
R24-02718,43060000,150000
R24-02719,7100000,20000
R24-02720,4300000,0
R24-02721,1140000,0
R24-02722,14210000,40000
R24-02723,72450000,300000
R24-02724,4150000,0
R24-02725,155450000,600000
R24-02726,92820000,300000
R24-02727,73770000,300000
R24-02728,72680000,300000
R24-02729,17360000,40000
R24-02730,62150000,150000
R24-02731,21790000,60000
R24-02732,49460000,150000
R24-02733,6980000,20000
R24-02734,68690000,300000
R24-02735,62140000,150000
R24-02736,72230000,300000
R24-02737,31930000,60000
R24-02738,30720000,60000
R24-02739,72250000,300000
R24-02740,62110000,150000
R24-02741,21290000,60000
R24-02742,121540000,300000
R24-02743,2480000,0
R24-02744,46030000,150000
R24-02745,47140000,150000
R24-02746,77710000,300000
R24-02747,37860000,150000
R24-02748,102450000,300000
R24-02749,6800000,20000
R24-02750,34120000,150000
R24-02751,22970000,60000
R24-02752,35860000,150000
R24-02753,68070000,300000
R24-02754,51290000,150000
R24-02755,43880000,150000
R24-02756,45910000,150000
R24-02757,87090000,300000
R24-02758,30890000,60000
R24-02759,72590000,300000
R24-02760,33890000,150000
R24-02761,24070000,60000
R24-02762,22770000,60000
R24-02763,32820000,60000
R24-02764,20680000,60000
R24-02765,81970000,300000
R24-02766,5580000,20000
R24-02767,47960000,150000
R24-02768,84870000,300000
R24-02769,76330000,300000
R24-02770,4250000,0
R24-02771,3060000,0
R24-02772,25260000,60000
R24-02773,33800000,150000
R24-02774,44130000,150000
R24-02775,20810000,60000
R24-02776,32600000,60000
R24-02777,68230000,300000
R24-02778,46070000,150000
R24-02779,22540000,60000
R24-02780,31440000,60000
R24-02781,42990000,150000
R24-02782,52180000,150000
R24-02783,111830000,300000
R24-02784,42430000,150000
R24-02785,142650000,600000
R24-02786,65330000,150000
R24-02787,148490000,600000
R24-02788,92090000,300000
R24-02789,20810000,60000
R24-02790,42440000,150000
R24-02791,71220000,300000
R24-02792,2540000,0
R24-02793,64990000,150000
R24-02794,93800000,300000
R24-02795,63920000,150000
R24-02796,33820000,150000
R24-02797,86780000,300000
R24-02798,93240000,300000
R24-02799,25390000,60000
R24-02800,62900000,150000
R24-02801,84640000,300000
R24-02802,3350000,0
R24-02803,72370000,300000
R24-02804,2180000,0
R24-02805,2080000,0
R24-02806,54180000,150000
R24-02807,61910000,150000
R24-02808,2880000,0
R24-02809,62810000,150000
R24-02810,10590000,40000
R24-02811,11970000,40000
R24-02812,67550000,300000
R24-02813,105760000,300000
R24-02814,83630000,300000
R24-02815,25520000,60000
R24-02816,71190000,300000
R24-02817,18260000,40000
R24-02818,4570000,0
R24-02819,53080000,150000
R24-02820,134070000,600000
R24-02821,34090000,150000
R24-02822,224780000,1000000
R24-02823,88740000,300000
R24-02824,45150000,150000
R24-02825,14140000,40000
R24-02826,82640000,300000
R24-02827,18810000,40000
R24-02828,97100000,300000
R24-02829,43410000,150000
R24-02830,96450000,300000
R24-02831,21820000,60000
R24-02832,21570000,60000
R24-02833,2360000,0
R24-02834,46670000,150000
R24-02835,26150000,60000
R24-02836,22800000,60000
R24-02837,5410000,20000
R24-02838,53430000,150000
R24-02839,44690000,150000
R24-02840,1420000,0
R24-02841,5020000,20000
R24-02842,7540000,20000
R24-02843,3430000,0
R24-02844,34640000,150000
R24-02845,31490000,60000
R24-02846,16900000,40000
R24-02847,71670000,300000
R24-02848,3260000,0
R24-02849,44560000,150000
R24-02850,96400000,300000
R24-02851,5180000,20000
R24-02852,8380000,20000
R24-02853,21920000,60000
R24-02854,15760000,40000
R24-02855,730000,0
R24-02856,85850000,300000
R24-02857,18060000,40000
R24-02858,72480000,300000
R24-02859,22820000,60000
R24-02860,106390000,300000
R24-02861,15660000,40000
R24-02862,84380000,300000
R24-02863,30480000,60000
R24-02864,3770000,0
R24-02865,81640000,300000
R24-02866,102960000,300000
R24-02867,52290000,150000
R24-02868,61870000,150000
R24-02869,17540000,40000
R24-02870,122140000,300000
R24-02871,38930000,150000
R24-02872,1760000,0
R24-02873,94320000,300000
R24-02874,65220000,150000
R24-02875,92600000,300000
R24-02876,117690000,300000
R24-02877,64120000,150000
R24-02878,7630000,20000
R24-02879,3780000,0
R24-02880,64470000,150000
R24-02881,45370000,150000
R24-02882,43010000,150000
R24-02883,43700000,150000
R24-02884,93110000,300000
R24-02885,5120000,20000
R24-02886,103250000,300000
R24-02887,22960000,60000
R24-02888,37690000,150000
R24-02889,123150000,300000
R24-02890,109050000,300000
R24-02891,220820000,1000000
R24-02892,700000,0
R24-02893,36390000,150000
R24-02894,82320000,300000
R24-02895,51930000,150000
R24-02896,46450000,150000
R24-02897,86980000,300000
R24-02898,46740000,150000
R24-02899,75810000,300000
R24-02900,112360000,300000
R24-02901,64990000,150000
R24-02902,22940000,60000
R24-02903,5230000,20000
R24-02904,94940000,300000
R24-02905,61690000,150000
R24-02906,63210000,150000
R24-02907,71250000,300000
R24-02908,24770000,60000
R24-02909,11860000,40000
R24-02910,2340000,0
R24-02911,31130000,60000
R24-02912,42720000,150000
R24-02913,94560000,300000
R24-02914,13880000,40000
R24-02915,42250000,150000
R24-02916,42900000,150000
R24-02917,4900000,0
R24-02918,25350000,60000
R24-02919,33630000,150000
R24-02920,44900000,150000
R24-02921,25320000,60000
R24-02922,1420000,0
R24-02923,53510000,150000
R24-02924,93360000,300000
R24-02925,51460000,150000
R24-02926,128980000,300000
R24-02927,3880000,0
R24-02928,53470000,150000
R24-02929,31560000,60000
R24-02930,1170000,0
R24-02931,26960000,60000
R24-02932,52210000,150000
R24-02933,45920000,150000
R24-02934,22150000,60000
R24-02935,31660000,60000
R24-02936,71390000,300000
R24-02937,69300000,300000
R24-02938,21510000,60000
R24-02939,23430000,60000
R24-02940,7250000,20000
R24-02941,12280000,40000
R24-02942,83900000,300000
R24-02943,11650000,40000
R24-02944,55060000,150000
R24-02945,36480000,150000
R24-02946,102310000,300000
R24-02947,3910000,0
R24-02948,3850000,0
R24-02949,114440000,300000
R24-02950,62260000,150000
R24-02951,3930000,0
R24-02952,32940000,60000
R24-02953,66080000,150000
R24-02954,103340000,300000
R24-02955,32710000,60000
R24-02956,41410000,150000
R24-02957,22730000,60000
R24-02958,56040000,150000
R24-02959,45080000,150000
R24-02960,35980000,150000
R24-02961,42880000,150000
R24-02962,41760000,150000
R24-02963,14130000,40000
R24-02964,62480000,150000
R24-02965,71150000,300000
R24-02966,75440000,300000
R24-02967,35820000,150000
R24-02968,21520000,60000
R24-02969,53980000,150000
R24-02970,74030000,300000
R24-02971,11350000,40000
R24-02972,82580000,300000
R24-02973,4850000,0
R24-02974,56850000,150000
R24-02975,92150000,300000
R24-02976,4040000,0
R24-02977,61860000,150000
R24-02978,41530000,150000
R24-02979,42500000,150000
R24-02980,113590000,300000
R24-02981,35790000,150000
R24-02982,24480000,60000
R24-02983,1170000,0
R24-02984,21580000,60000
R24-02985,2160000,0
R24-02986,51160000,150000
R24-02987,33750000,150000
R24-02988,33780000,150000
R24-02989,72390000,300000
R24-02990,37630000,150000
R24-02991,114530000,300000
R24-02992,12240000,40000
R24-02993,95920000,300000
R24-02994,40540000,150000
R24-02995,44350000,150000
R24-02996,11080000,40000
R24-02997,15290000,40000
R24-02998,46400000,150000
R24-02999,3800000,0
R24-03000,115740000,300000
R24-03001,48240000,150000
R24-03002,34740000,150000
R24-03003,11920000,40000
R24-03004,116230000,300000
R24-03005,2820000,0
R24-03006,32460000,60000
R24-03007,32440000,60000
R24-03008,62880000,150000
R24-03009,3100000,0
R24-03010,82180000,300000
R24-03011,72950000,300000
R24-03012,85530000,300000
R24-03013,14400000,40000
R24-03014,73350000,300000
R24-03015,91450000,300000
R24-03016,63300000,150000
R24-03017,47620000,150000
R24-03018,128460000,300000
R24-03019,23470000,60000
R24-03020,21640000,60000
R24-03021,53910000,150000
R24-03022,2000000,0
R24-03023,142250000,600000
R24-03024,11720000,40000
R24-03025,105090000,300000
R24-03026,20270000,60000
R24-03027,44470000,150000
R24-03028,105140000,300000
R24-03029,47650000,150000
R24-03030,36740000,150000
R24-03031,11450000,40000
R24-03032,36130000,150000
R24-03033,30600000,60000
R24-03034,34120000,150000
R24-03035,24070000,60000
R24-03036,103510000,300000
R24-03037,21020000,60000
R24-03038,8400000,20000
R24-03039,67600000,300000
R24-03040,42420000,150000
R24-03041,24850000,60000
R24-03042,23730000,60000
R24-03043,11030000,40000
R24-03044,37230000,150000
R24-03045,2530000,0
R24-03046,36220000,150000
R24-03047,21140000,60000
R24-03048,46400000,150000
R24-03049,17100000,40000
R24-03050,24240000,60000
R24-03051,52140000,150000
R24-03052,50790000,150000
R24-03053,66980000,300000
R24-03054,126540000,300000
R24-03055,99430000,300000
R24-03056,32870000,60000
R24-03057,58770000,150000
R24-03058,3250000,0
R24-03059,60870000,150000
R24-03060,2160000,0
R24-03061,17440000,40000
R24-03062,23200000,60000
R24-03063,38520000,150000
R24-03064,87930000,300000
R24-03065,26320000,60000
R24-03066,50900000,150000
R24-03067,2020000,0
R24-03068,75110000,300000
R24-03069,66250000,150000
R24-03070,13450000,40000
R24-03071,83510000,300000
R24-03072,14680000,40000
R24-03073,72270000,300000
R24-03074,62740000,150000
R24-03075,54600000,150000
R24-03076,2760000,0
R24-03077,91220000,300000
R24-03078,43850000,150000
R24-03079,103870000,300000
R24-03080,10960000,40000
R24-03081,105810000,300000
R24-03082,68990000,300000
R24-03083,124860000,300000
R24-03084,112250000,300000
R24-03085,53910000,150000
R24-03086,13640000,40000
R24-03087,14830000,40000
R24-03088,14850000,40000
R24-03089,76340000,300000
R24-03090,46400000,150000
R24-03091,44460000,150000
R24-03092,6080000,20000
R24-03093,43080000,150000
R24-03094,61060000,150000
R24-03095,52730000,150000
R24-03096,105400000,300000
R24-03097,48380000,150000
R24-03098,44090000,150000
R24-03099,820000,0
R24-03100,18060000,40000
R24-03101,6470000,20000
R24-03102,35240000,150000
R24-03103,66450000,150000
R24-03104,25790000,60000
R24-03105,13330000,40000
R24-03106,152630000,600000
R24-03107,41350000,150000
R24-03108,44930000,150000
R24-03109,100790000,300000
R24-03110,62720000,150000
R24-03111,46860000,150000
R24-03112,64260000,150000
R24-03113,141960000,600000
R24-03114,16010000,40000
R24-03115,23160000,60000
R24-03116,43680000,150000
R24-03117,44020000,150000
R24-03118,146230000,600000
R24-03119,2830000,0
R24-03120,74020000,300000
R24-03121,5830000,20000
R24-03122,52850000,150000
R24-03123,41530000,150000
R24-03124,1500000,0
R24-03125,54550000,150000
R24-03126,54010000,150000
R24-03127,1270000,0
R24-03128,12580000,40000
R24-03129,157510000,600000
R24-03130,23440000,60000
R24-03131,11910000,40000
R24-03132,95040000,300000
R24-03133,84410000,300000
R24-03134,64310000,150000
R24-03135,70620000,300000
R24-03136,35320000,150000
R24-03137,81880000,300000
R24-03138,15920000,40000
R24-03139,72210000,300000
R24-03140,66330000,150000
R24-03141,11330000,40000
R24-03142,39720000,150000
R24-03143,75650000,300000
R24-03144,51060000,150000
R24-03145,6370000,20000
R24-03146,214230000,1000000
R24-03147,76160000,300000
R24-03148,57950000,150000
R24-03149,117000000,300000
R24-03150,42440000,150000
R24-03151,43330000,150000
R24-03152,1700000,0
R24-03153,1960000,0
R24-03154,73200000,300000
R24-03155,34890000,150000
R24-03156,42340000,150000
R24-03157,63970000,150000
R24-03158,26050000,60000
R24-03159,40430000,150000
R24-03160,3880000,0
R24-03161,102830000,300000
R24-03162,45810000,150000
R24-03163,151700000,600000
R24-03164,67270000,300000
R24-03165,66280000,150000
R24-03166,62020000,150000
R24-03167,1870000,0
R24-03168,144690000,600000
R24-03169,103610000,300000
R24-03170,35590000,150000
R24-03171,71840000,300000
R24-03172,95510000,300000
R24-03173,23760000,60000
R24-03174,72100000,300000
R24-03175,81660000,300000
R24-03176,3970000,0
R24-03177,94840000,300000
R24-03178,31340000,60000
R24-03179,25650000,60000
R24-03180,84110000,300000
R24-03181,2960000,0
R24-03182,5570000,20000
R24-03183,85980000,300000
R24-03184,88050000,300000
R24-03185,65200000,150000
R24-03186,65260000,150000
R24-03187,31760000,60000
R24-03188,64800000,150000
R24-03189,45930000,150000
R24-03190,31600000,60000
R24-03191,3240000,0
R24-03192,15030000,40000
R24-03193,32900000,60000
R24-03194,2210000,0
R24-03195,15080000,40000
R24-03196,5860000,20000
R24-03197,143610000,600000
R24-03198,14730000,40000
R24-03199,46660000,150000
R24-03200,13790000,40000
R24-03201,75720000,300000
R24-03202,82660000,300000
R24-03203,86940000,300000
R24-03204,38400000,150000
R24-03205,73020000,300000
R24-03206,3880000,0
R24-03207,51650000,150000
R24-03208,15640000,40000
R24-03209,27480000,60000
R24-03210,32540000,60000
R24-03211,22680000,60000
R24-03212,32610000,60000
R24-03213,72320000,300000
R24-03214,500000,0
R24-03215,12560000,40000
R24-03216,41330000,150000
R24-03217,2720000,0
R24-03218,102520000,300000
R24-03219,24500000,60000
R24-03220,15180000,40000
R24-03221,61500000,150000
R24-03222,73360000,300000
R24-03223,84980000,300000
R24-03224,42670000,150000
R24-03225,72860000,300000
R24-03226,21080000,60000
R24-03227,14050000,40000
R24-03228,4600000,0
R24-03229,71740000,300000
R24-03230,95380000,300000
R24-03231,86110000,300000
R24-03232,103290000,300000
R24-03233,121960000,300000
R24-03234,12480000,40000
R24-03235,2260000,0
R24-03236,63990000,150000
R24-03237,122170000,300000
R24-03238,22440000,60000
R24-03239,25970000,60000
R24-03240,12350000,40000
R24-03241,12780000,40000
R24-03242,870000,0
R24-03243,77730000,300000
R24-03244,105750000,300000
R24-03245,42670000,150000
R24-03246,16490000,40000
R24-03247,102130000,300000
R24-03248,43110000,150000
R24-03249,101390000,300000
R24-03250,6810000,20000
R24-03251,23420000,60000
R24-03252,74200000,300000
R24-03253,75370000,300000
R24-03254,11280000,40000
R24-03255,44240000,150000
R24-03256,74810000,300000
R24-03257,28700000,60000
R24-03258,85270000,300000
R24-03259,63140000,150000
R24-03260,3080000,0
R24-03261,32520000,60000
R24-03262,23690000,60000
R24-03263,52540000,150000
R24-03264,72140000,300000
R24-03265,33080000,60000
R24-03266,1950000,0
R24-03267,42040000,150000
R24-03268,46540000,150000
R24-03269,2940000,0
R24-03270,2810000,0
R24-03271,22470000,60000
R24-03272,50980000,150000
R24-03273,31450000,60000
R24-03274,1880000,0
R24-03275,51280000,150000
R24-03276,16500000,40000
R24-03277,71390000,300000
R24-03278,77940000,300000
R24-03279,4410000,0
R24-03280,12270000,40000
R24-03281,41760000,150000
R24-03282,44370000,150000
R24-03283,73290000,300000
R24-03284,12320000,40000
R24-03285,74880000,300000
R24-03286,38950000,150000
R24-03287,23790000,60000
R24-03288,45450000,150000
R24-03289,74580000,300000
R24-03290,61170000,150000
R24-03291,102920000,300000
R24-03292,1440000,0
R24-03293,43310000,150000
R24-03294,21460000,60000
R24-03295,5080000,20000
R24-03296,55140000,150000
R24-03297,51480000,150000
R24-03298,106070000,300000
R24-03299,71260000,300000
R24-03300,53180000,150000
R24-03301,70760000,300000
R24-03302,65850000,150000
R24-03303,28030000,60000
R24-03304,65080000,150000
R24-03305,55050000,150000
R24-03306,1710000,0
R24-03307,126680000,300000
R24-03308,45870000,150000
R24-03309,43020000,150000
R24-03310,35970000,150000
R24-03311,31330000,60000
R24-03312,63510000,150000
R24-03313,121560000,300000
R24-03314,42040000,150000
R24-03315,60320000,150000
R24-03316,340000,0
R24-03317,171010000,600000
R24-03318,13110000,40000
R24-03319,40290000,150000
R24-03320,52340000,150000
R24-03321,72200000,300000
R24-03322,11450000,40000
R24-03323,24500000,60000
R24-03324,37640000,150000
R24-03325,2290000,0
R24-03326,21660000,60000
R24-03327,73630000,300000
R24-03328,17330000,40000
R24-03329,11980000,40000
R24-03330,51980000,150000
R24-03331,63900000,150000
R24-03332,65930000,150000
R24-03333,71260000,300000
R24-03334,23070000,60000
R24-03335,113000000,300000
R24-03336,50450000,150000
R24-03337,85570000,300000
R24-03338,37500000,150000
R24-03339,18700000,40000
R24-03340,17460000,40000
R24-03341,67000000,300000
R24-03342,102190000,300000
R24-03343,25140000,60000
R24-03344,30860000,60000
R24-03345,45450000,150000
R24-03346,2180000,0
R24-03347,81460000,300000
R24-03348,64100000,150000
R24-03349,61670000,150000
R24-03350,20770000,60000
R24-03351,95550000,300000
R24-03352,54200000,150000
R24-03353,23620000,60000
R24-03354,66400000,150000
R24-03355,80720000,300000
R24-03356,33680000,150000
R24-03357,3000000,0
R24-03358,24740000,60000
R24-03359,45280000,150000
R24-03360,45990000,150000
R24-03361,32270000,60000
R24-03362,83540000,300000
R24-03363,111620000,300000
R24-03364,36100000,150000
R24-03365,42170000,150000
R24-03366,78540000,300000
R24-03367,21680000,60000
R24-03368,25840000,60000
R24-03369,67240000,300000
R24-03370,31200000,60000
R24-03371,7950000,20000
R24-03372,12070000,40000
R24-03373,44470000,150000
R24-03374,34420000,150000
R24-03375,74750000,300000
R24-03376,35970000,150000
R24-03377,32000000,60000
R24-03378,67790000,300000
R24-03379,25050000,60000
R24-03380,24740000,60000
R24-03381,51940000,150000
R24-03382,73570000,300000
R24-03383,41080000,150000
R24-03384,3010000,0
R24-03385,73380000,300000
R24-03386,42350000,150000
R24-03387,44820000,150000
R24-03388,51860000,150000
R24-03389,51310000,150000
R24-03390,20600000,60000
R24-03391,17290000,40000
R24-03392,84050000,300000
R24-03393,44990000,150000
R24-03394,42880000,150000
R24-03395,23800000,60000
R24-03396,23520000,60000
R24-03397,42580000,150000
R24-03398,24600000,60000
R24-03399,43390000,150000
R24-03400,61620000,150000
R24-03401,83400000,300000
R24-03402,21630000,60000
R24-03403,93240000,300000
R24-03404,2100000,0
R24-03405,21350000,60000
R24-03406,53790000,150000
R24-03407,54620000,150000
R24-03408,9670000,20000
R24-03409,18310000,40000
R24-03410,10180000,40000
R24-03411,22010000,60000
R24-03412,25010000,60000
R24-03413,75840000,300000
R24-03414,33170000,60000
R24-03415,31470000,60000
R24-03416,73070000,300000
R24-03417,43030000,150000
R24-03418,23060000,60000
R24-03419,87260000,300000
R24-03420,20960000,60000
R24-03421,70980000,300000
R24-03422,5230000,20000
R24-03423,82080000,300000
R24-03424,20420000,60000
R24-03425,84590000,300000
R24-03426,43450000,150000
R24-03427,64000000,150000
R24-03428,32590000,60000
R24-03429,96020000,300000
R24-03430,23190000,60000
R24-03431,6970000,20000
R24-03432,83010000,300000
R24-03433,32710000,60000
R24-03434,34600000,150000
R24-03435,25890000,60000
R24-03436,35000000,150000
R24-03437,44430000,150000
R24-03438,47700000,150000
R24-03439,131150000,300000
R24-03440,31400000,60000
R24-03441,73800000,300000
R24-03442,81910000,300000
R24-03443,22270000,60000
R24-03444,56950000,150000
R24-03445,27720000,60000
R24-03446,75030000,300000
R24-03447,38910000,150000
R24-03448,112530000,300000
R24-03449,44950000,150000
R24-03450,14120000,40000
R24-03451,35940000,150000
R24-03452,93750000,300000
R24-03453,123850000,300000
R24-03454,4760000,0
R24-03455,118970000,300000
R24-03456,34140000,150000
R24-03457,46060000,150000
R24-03458,81980000,300000
R24-03459,24610000,60000
R24-03460,62190000,150000
R24-03461,80900000,300000
R24-03462,96230000,300000
R24-03463,23210000,60000
R24-03464,53930000,150000
R24-03465,42950000,150000
R24-03466,107780000,300000
R24-03467,27570000,60000
R24-03468,41220000,150000
R24-03469,151980000,600000
R24-03470,51810000,150000
R24-03471,86010000,300000
R24-03472,32250000,60000
R24-03473,24260000,60000
R24-03474,72490000,300000
R24-03475,24070000,60000
R24-03476,47910000,150000
R24-03477,16680000,40000
R24-03478,112820000,300000
R24-03479,33260000,60000
R24-03480,14300000,40000
R24-03481,21460000,60000
R24-03482,12040000,40000
R24-03483,3260000,0
R24-03484,42310000,150000
R24-03485,124840000,300000
R24-03486,12700000,40000
R24-03487,36820000,150000
R24-03488,11890000,40000
R24-03489,16180000,40000
R24-03490,73290000,300000
R24-03491,133350000,600000
R24-03492,22970000,60000
R24-03493,24470000,60000
R24-03494,2580000,0
R24-03495,14280000,40000
R24-03496,42110000,150000
R24-03497,64150000,150000
R24-03498,14500000,40000
R24-03499,22960000,60000
R24-03500,67100000,300000
R24-03501,3410000,0
R24-03502,7080000,20000
R24-03503,45590000,150000
R24-03504,35900000,150000
R24-03505,3070000,0
R24-03506,4380000,0
R24-03507,48660000,150000
R24-03508,72950000,300000
R24-03509,87730000,300000
R24-03510,23110000,60000
R24-03511,12430000,40000
R24-03512,10720000,40000
R24-03513,45460000,150000
R24-03514,81700000,300000
R24-03515,97720000,300000
R24-03516,1690000,0
R24-03517,65780000,150000
R24-03518,75880000,300000
R24-03519,36170000,150000
R24-03520,62670000,150000
R24-03521,73520000,300000
R24-03522,97680000,300000
R24-03523,35860000,150000
R24-03524,45480000,150000
R24-03525,117300000,300000
R24-03526,16930000,40000
R24-03527,4110000,0
R24-03528,84940000,300000
R24-03529,12930000,40000
R24-03530,6500000,20000
R24-03531,54000000,150000
R24-03532,91680000,300000
R24-03533,16010000,40000
R24-03534,51330000,150000
R24-03535,91460000,300000
R24-03536,45820000,150000
R24-03537,53600000,150000
R24-03538,43760000,150000
R24-03539,47710000,150000
R24-03540,106480000,300000
R24-03541,76430000,300000
R24-03542,21370000,60000
R24-03543,14060000,40000
R24-03544,75620000,300000
R24-03545,1000000,0
R24-03546,71710000,300000
R24-03547,3110000,0
R24-03548,9050000,20000
R24-03549,4210000,0
R24-03550,7300000,20000
R24-03551,32410000,60000
R24-03552,32910000,60000
R24-03553,62880000,150000
R24-03554,54120000,150000
R24-03555,72620000,300000
R24-03556,72850000,300000
R24-03557,51780000,150000
R24-03558,24110000,60000
R24-03559,51720000,150000
R24-03560,44140000,150000
R24-03561,43110000,150000
R24-03562,105590000,300000
R24-03563,42960000,150000
R24-03564,38830000,150000
R24-03565,3380000,0
R24-03566,23850000,60000
R24-03567,62550000,150000
R24-03568,112430000,300000
R24-03569,19110000,40000
R24-03570,62160000,150000
R24-03571,92240000,300000
R24-03572,52400000,150000
R24-03573,33390000,150000
R24-03574,83580000,300000
R24-03575,84810000,300000
R24-03576,87160000,300000
R24-03577,3200000,0
R24-03578,27700000,60000
R24-03579,67810000,300000
R24-03580,1590000,0
R24-03581,42810000,150000
R24-03582,91210000,300000
R24-03583,53960000,150000
R24-03584,82340000,300000
R24-03585,104610000,300000
R24-03586,2060000,0
R24-03587,46150000,150000
R24-03588,7380000,20000
R24-03589,52530000,150000
R24-03590,12100000,40000
R24-03591,5980000,20000
R24-03592,11800000,40000
R24-03593,43670000,150000
R24-03594,15350000,40000
R24-03595,105160000,300000
R24-03596,111990000,300000
R24-03597,100880000,300000
R24-03598,60490000,150000
R24-03599,35250000,150000
R24-03600,34570000,150000
R24-03601,83510000,300000
R24-03602,105590000,300000
R24-03603,124250000,300000
R24-03604,32010000,60000
R24-03605,43200000,150000
R24-03606,39870000,150000
R24-03607,53720000,150000
R24-03608,108430000,300000
R24-03609,62780000,150000
R24-03610,11850000,40000
R24-03611,17500000,40000
R24-03612,4740000,0
R24-03613,43110000,150000
R24-03614,12490000,40000
R24-03615,50800000,150000
R24-03616,40840000,150000
R24-03617,25700000,60000
R24-03618,37120000,150000
R24-03619,26540000,60000
R24-03620,32950000,60000
R24-03621,34850000,150000
R24-03622,6250000,20000
R24-03623,41190000,150000
R24-03624,8030000,20000
R24-03625,20600000,60000
R24-03626,101260000,300000
R24-03627,62810000,150000
R24-03628,106140000,300000
R24-03629,8710000,20000
R24-03630,2520000,0
R24-03631,75800000,300000
R24-03632,93720000,300000
R24-03633,61530000,150000
R24-03634,26490000,60000
R24-03635,73890000,300000
R24-03636,52240000,150000
R24-03637,15200000,40000
R24-03638,23650000,60000
R24-03639,114070000,300000
R24-03640,42720000,150000
R24-03641,20990000,60000
R24-03642,86860000,300000
R24-03643,101490000,300000
R24-03644,3670000,0
R24-03645,15120000,40000
R24-03646,3800000,0
R24-03647,55670000,150000
R24-03648,4400000,0
R24-03649,75070000,300000
R24-03650,70340000,300000
R24-03651,4350000,0
R24-03652,142860000,600000
R24-03653,28440000,60000
R24-03654,104050000,300000
R24-03655,60950000,150000
R24-03656,32740000,60000
R24-03657,530000,0
R24-03658,13450000,40000
R24-03659,41620000,150000
R24-03660,75770000,300000
R24-03661,100700000,300000
R24-03662,31900000,60000
R24-03663,154470000,600000
R24-03664,43320000,150000
R24-03665,64330000,150000
R24-03666,41540000,150000
R24-03667,28860000,60000
R24-03668,4290000,0
R24-03669,101700000,300000
R24-03670,71580000,300000
R24-03671,73750000,300000
R24-03672,47280000,150000
R24-03673,54230000,150000
R24-03674,42020000,150000
R24-03675,43690000,150000
R24-03676,62600000,150000
R24-03677,31560000,60000
R24-03678,43520000,150000
R24-03679,1900000,0
R24-03680,89220000,300000
R24-03681,5750000,20000
R24-03682,33680000,150000
R24-03683,38060000,150000
R24-03684,33500000,150000
R24-03685,11450000,40000
R24-03686,1770000,0
R24-03687,125380000,300000
R24-03688,44520000,150000
R24-03689,55410000,150000
R24-03690,84560000,300000
R24-03691,22570000,60000
R24-03692,67480000,300000
R24-03693,16230000,40000
R24-03694,103070000,300000
R24-03695,75800000,300000
R24-03696,34640000,150000
R24-03697,70550000,300000
R24-03698,3820000,0
R24-03699,61260000,150000
R24-03700,21330000,60000
R24-03701,29420000,60000
R24-03702,63720000,150000
R24-03703,25610000,60000
R24-03704,13330000,40000
R24-03705,22140000,60000
R24-03706,97850000,300000
R24-03707,10700000,40000
R24-03708,54240000,150000
R24-03709,54100000,150000
R24-03710,73200000,300000
R24-03711,23760000,60000
R24-03712,4170000,0
R24-03713,13590000,40000
R24-03714,51760000,150000
R24-03715,30680000,60000
R24-03716,103750000,300000
R24-03717,27160000,60000
R24-03718,44030000,150000
R24-03719,5330000,20000
R24-03720,81860000,300000
R24-03721,44740000,150000
R24-03722,55590000,150000
R24-03723,35510000,150000
R24-03724,2680000,0
R24-03725,57170000,150000
R24-03726,65100000,150000
R24-03727,32060000,60000
R24-03728,113660000,300000
R24-03729,124250000,300000
R24-03730,16510000,40000
R24-03731,41450000,150000
R24-03732,22080000,60000
R24-03733,94770000,300000
R24-03734,33600000,150000
R24-03735,105120000,300000
R24-03736,94060000,300000
R24-03737,3950000,0
R24-03738,44130000,150000
R24-03739,31880000,60000
R24-03740,106140000,300000
R24-03741,24330000,60000
R24-03742,34650000,150000
R24-03743,260000,0
R24-03744,42120000,150000
R24-03745,41120000,150000
R24-03746,22510000,60000
R24-03747,45040000,150000
R24-03748,51680000,150000
R24-03749,21930000,60000
R24-03750,2550000,0
R24-03751,76290000,300000
R24-03752,43600000,150000
R24-03753,48590000,150000
R24-03754,16420000,40000
R24-03755,133390000,600000
R24-03756,22960000,60000
R24-03757,4090000,0
R24-03758,35410000,150000
R24-03759,33910000,150000
R24-03760,66780000,300000
R24-03761,11300000,40000
R24-03762,14160000,40000
R24-03763,83100000,300000
R24-03764,100730000,300000
R24-03765,32380000,60000
R24-03766,28080000,60000
R24-03767,72750000,300000
R24-03768,1780000,0
R24-03769,88280000,300000
R24-03770,13500000,40000
R24-03771,111540000,300000
R24-03772,74120000,300000
R24-03773,61530000,150000
R24-03774,15000000,40000
R24-03775,62920000,150000
R24-03776,32720000,60000
R24-03777,53700000,150000
R24-03778,3320000,0
R24-03779,108510000,300000
R24-03780,94760000,300000
R24-03781,12810000,40000
R24-03782,30630000,60000
R24-03783,66190000,150000
R24-03784,2900000,0
R24-03785,62630000,150000
R24-03786,102180000,300000
R24-03787,93180000,300000
R24-03788,3430000,0
R24-03789,74160000,300000
R24-03790,2560000,0
R24-03791,94650000,300000
R24-03792,43880000,150000
R24-03793,42490000,150000
R24-03794,85600000,300000
R24-03795,45620000,150000
R24-03796,102440000,300000
R24-03797,43210000,150000
R24-03798,23630000,60000
R24-03799,42040000,150000
R24-03800,22680000,60000
R24-03801,24890000,60000
R24-03802,47560000,150000
R24-03803,56320000,150000
R24-03804,19630000,40000
R24-03805,22170000,60000
R24-03806,136470000,600000
R24-03807,72060000,300000
R24-03808,83290000,300000
R24-03809,2710000,0
R24-03810,11930000,40000
R24-03811,128580000,300000
R24-03812,67380000,300000
R24-03813,5310000,20000
R24-03814,19010000,40000
R24-03815,64010000,150000
R24-03816,31770000,60000
R24-03817,12010000,40000
R24-03818,76910000,300000
R24-03819,102310000,300000
R24-03820,2080000,0
R24-03821,1920000,0
R24-03822,22110000,60000
R24-03823,57560000,150000
R24-03824,75560000,300000
R24-03825,32480000,60000
R24-03826,81360000,300000
R24-03827,64130000,150000
R24-03828,46540000,150000
R24-03829,42810000,150000
R24-03830,66690000,300000
R24-03831,6330000,20000
R24-03832,36150000,150000
R24-03833,35270000,150000
R24-03834,61460000,150000
R24-03835,7650000,20000
R24-03836,45310000,150000
R24-03837,67430000,300000
R24-03838,12930000,40000
R24-03839,93040000,300000
R24-03840,31750000,60000
R24-03841,82850000,300000
R24-03842,61920000,150000
R24-03843,50880000,150000
R24-03844,66170000,150000
R24-03845,30920000,60000
R24-03846,32130000,60000
R24-03847,320000,0
R24-03848,93300000,300000
R24-03849,41620000,150000
R24-03850,21820000,60000
R24-03851,14740000,40000
R24-03852,54500000,150000
R24-03853,2500000,0
R24-03854,82740000,300000
R24-03855,47700000,150000
R24-03856,17040000,40000
R24-03857,43520000,150000
R24-03858,43320000,150000
R24-03859,37110000,150000
R24-03860,64410000,150000
R24-03861,77820000,300000
R24-03862,85540000,300000
R24-03863,22640000,60000
R24-03864,32440000,60000
R24-03865,46350000,150000
R24-03866,2580000,0
R24-03867,6870000,20000
R24-03868,22290000,60000
R24-03869,91680000,300000
R24-03870,63900000,150000
R24-03871,64590000,150000
R24-03872,35690000,150000
R24-03873,82300000,300000
R24-03874,35530000,150000
R24-03875,43560000,150000
R24-03876,6010000,20000
R24-03877,17810000,40000
R24-03878,150980000,600000
R24-03879,26480000,60000
R24-03880,4730000,0
R24-03881,49100000,150000
R24-03882,82880000,300000
R24-03883,71850000,300000
R24-03884,82110000,300000
R24-03885,44330000,150000
R24-03886,54100000,150000
R24-03887,43520000,150000
R24-03888,1230000,0
R24-03889,151790000,600000
R24-03890,34450000,150000
R24-03891,97590000,300000
R24-03892,23910000,60000
R24-03893,25240000,60000
R24-03894,55020000,150000
R24-03895,40480000,150000
R24-03896,34540000,150000
R24-03897,54610000,150000
R24-03898,73620000,300000
R24-03899,53520000,150000
R24-03900,43070000,150000
R24-03901,11350000,40000
R24-03902,51180000,150000
R24-03903,94580000,300000
R24-03904,57090000,150000
R24-03905,3580000,0
R24-03906,52910000,150000
R24-03907,65200000,150000
R24-03908,1340000,0
R24-03909,15780000,40000
R24-03910,52300000,150000
R24-03911,32520000,60000
R24-03912,44510000,150000
R24-03913,60790000,150000
R24-03914,132360000,300000
R24-03915,7010000,20000
R24-03916,104860000,300000
R24-03917,43420000,150000
R24-03918,44920000,150000
R24-03919,38030000,150000
R24-03920,32530000,60000
R24-03921,21450000,60000
R24-03922,34690000,150000
R24-03923,68510000,300000
R24-03924,39150000,150000
R24-03925,84710000,300000
R24-03926,3690000,0
R24-03927,1980000,0
R24-03928,24610000,60000
R24-03929,5760000,20000
R24-03930,10960000,40000
R24-03931,14590000,40000
R24-03932,74020000,300000
R24-03933,21920000,60000
R24-03934,7940000,20000
R24-03935,90820000,300000
R24-03936,64850000,150000
R24-03937,62640000,150000
R24-03938,22760000,60000
R24-03939,173070000,600000
R24-03940,4040000,0
R24-03941,34950000,150000
R24-03942,70770000,300000
R24-03943,39310000,150000
R24-03944,34090000,150000
R24-03945,27740000,60000
R24-03946,92990000,300000
R24-03947,114010000,300000
R24-03948,96230000,300000
R24-03949,24540000,60000
R24-03950,31330000,60000
R24-03951,69160000,300000
R24-03952,21820000,60000
R24-03953,22120000,60000
R24-03954,6010000,20000
R24-03955,44190000,150000
R24-03956,81300000,300000
R24-03957,2510000,0
R24-03958,24870000,60000
R24-03959,22450000,60000
R24-03960,16220000,40000
R24-03961,27850000,60000
R24-03962,62120000,150000
R24-03963,21440000,60000
R24-03964,43750000,150000
R24-03965,62980000,150000
R24-03966,110990000,300000
R24-03967,71650000,300000
R24-03968,112080000,300000
R24-03969,13910000,40000
R24-03970,27170000,60000
R24-03971,15050000,40000
R24-03972,112350000,300000
R24-03973,63720000,150000
R24-03974,85340000,300000
R24-03975,42650000,150000
R24-03976,65340000,150000
R24-03977,55400000,150000
R24-03978,5810000,20000
R24-03979,101750000,300000
R24-03980,93590000,300000
R24-03981,31240000,60000
R24-03982,1810000,0
R24-03983,45630000,150000
R24-03984,810000,0
R24-03985,28950000,60000
R24-03986,5910000,20000
R24-03987,25330000,60000
R24-03988,28610000,60000
R24-03989,15190000,40000
R24-03990,104070000,300000
R24-03991,1410000,0
R24-03992,35460000,150000
R24-03993,70260000,300000
R24-03994,64870000,150000
R24-03995,22910000,60000
R24-03996,23840000,60000
R24-03997,34330000,150000
R24-03998,20450000,60000
R24-03999,33440000,150000
R24-04000,22560000,60000
R24-04001,3970000,0
R24-04002,54530000,150000
R24-04003,52420000,150000
R24-04004,41390000,150000
R24-04005,75130000,300000
R24-04006,64660000,150000
R24-04007,25980000,60000
R24-04008,13150000,40000
R24-04009,62870000,150000
R24-04010,71240000,300000
R24-04011,16550000,40000
R24-04012,106220000,300000
R24-04013,1980000,0
R24-04014,3440000,0
R24-04015,71800000,300000
R24-04016,70510000,300000
R24-04017,63990000,150000
R24-04018,7050000,20000
R24-04019,56590000,150000
R24-04020,3900000,0
R24-04021,132190000,300000
R24-04022,91800000,300000
R24-04023,27380000,60000
R24-04024,12970000,40000
R24-04025,49310000,150000
R24-04026,22160000,60000
R24-04027,64740000,150000
R24-04028,48890000,150000
R24-04029,65100000,150000
R24-04030,114830000,300000
R24-04031,12770000,40000
R24-04032,14680000,40000
R24-04033,45020000,150000
R24-04034,21920000,60000
R24-04035,63890000,150000
R24-04036,72430000,300000
R24-04037,42380000,150000
R24-04038,63540000,150000
R24-04039,42950000,150000
R24-04040,24700000,60000
R24-04041,125680000,300000
R24-04042,26870000,60000
R24-04043,98780000,300000
R24-04044,61610000,150000
R24-04045,7160000,20000
R24-04046,2660000,0
R24-04047,12010000,40000
R24-04048,41760000,150000
R24-04049,81480000,300000
R24-04050,15500000,40000
R24-04051,41350000,150000
R24-04052,41950000,150000
R24-04053,8320000,20000
R24-04054,61060000,150000
R24-04055,56210000,150000
R24-04056,11940000,40000
R24-04057,122670000,300000
R24-04058,22760000,60000
R24-04059,30370000,60000
R24-04060,63750000,150000
R24-04061,96860000,300000
R24-04062,72510000,300000
R24-04063,18630000,40000
R24-04064,32440000,60000
R24-04065,45070000,150000
R24-04066,62790000,150000
R24-04067,12890000,40000
R24-04068,13280000,40000
R24-04069,1110000,0
R24-04070,34200000,150000
R24-04071,34750000,150000
R24-04072,14780000,40000
R24-04073,25830000,60000
R24-04074,42880000,150000
R24-04075,6760000,20000
R24-04076,22960000,60000
R24-04077,32610000,60000
R24-04078,44810000,150000
R24-04079,24190000,60000
R24-04080,94350000,300000
R24-04081,3570000,0
R24-04082,53300000,150000
R24-04083,2090000,0
R24-04084,72420000,300000
R24-04085,54650000,150000
R24-04086,17490000,40000
R24-04087,41930000,150000
R24-04088,71880000,300000
R24-04089,6410000,20000
R24-04090,15380000,40000
R24-04091,6700000,20000
R24-04092,1950000,0
R24-04093,81170000,300000
R24-04094,34170000,150000
R24-04095,43010000,150000
R24-04096,113560000,300000
R24-04097,3560000,0
R24-04098,41010000,150000
R24-04099,10540000,40000
R24-04100,41340000,150000
R24-04101,3390000,0
R24-04102,93650000,300000
R24-04103,2000000,0
R24-04104,4500000,0
R24-04105,12390000,40000
R24-04106,137190000,600000
R24-04107,36380000,150000
R24-04108,44640000,150000
R24-04109,33330000,60000
R24-04110,12460000,40000
R24-04111,74860000,300000
R24-04112,1840000,0
R24-04113,62080000,150000
R24-04114,56600000,150000
R24-04115,3640000,0
R24-04116,79870000,300000
R24-04117,12710000,40000
R24-04118,25830000,60000
R24-04119,44440000,150000
R24-04120,25830000,60000
R24-04121,3900000,0
R24-04122,7430000,20000
R24-04123,91830000,300000
R24-04124,34720000,150000
R24-04125,36580000,150000
R24-04126,24010000,60000
R24-04127,71140000,300000
R24-04128,1210000,0
R24-04129,13550000,40000
R24-04130,83230000,300000
R24-04131,83560000,300000
R24-04132,94830000,300000
R24-04133,91860000,300000
R24-04134,71960000,300000
R24-04135,23510000,60000
R24-04136,23750000,60000
R24-04137,15400000,40000
R24-04138,22530000,60000
R24-04139,42300000,150000
R24-04140,14120000,40000
R24-04141,63170000,150000
R24-04142,2090000,0
R24-04143,16420000,40000
R24-04144,51310000,150000
R24-04145,4480000,0
R24-04146,38070000,150000
R24-04147,4410000,0
R24-04148,41230000,150000
R24-04149,8050000,20000
R24-04150,43670000,150000
R24-04151,58170000,150000
R24-04152,44150000,150000
R24-04153,35600000,150000
R24-04154,44190000,150000
R24-04155,25030000,60000
R24-04156,23520000,60000
R24-04157,6880000,20000
R24-04158,35080000,150000
R24-04159,7800000,20000
R24-04160,146790000,600000
R24-04161,73880000,300000
R24-04162,36210000,150000
R24-04163,35540000,150000
R24-04164,41170000,150000
R24-04165,1400000,0
R24-04166,42350000,150000
R24-04167,31320000,60000
R24-04168,53370000,150000
R24-04169,13710000,40000
R24-04170,6340000,20000
R24-04171,11900000,40000
R24-04172,78920000,300000
R24-04173,53320000,150000
R24-04174,84970000,300000
R24-04175,32130000,60000
R24-04176,84860000,300000
R24-04177,7910000,20000
R24-04178,22150000,60000
