고객ID,타사이전금액,혜택금액
R25-00000,68050000,300000
R25-00001,15910000,40000
R25-00002,5090000,20000
R25-00003,61500000,150000
R25-00004,55850000,150000
R25-00005,135450000,600000
R25-00006,56550000,150000
R25-00007,47900000,150000
R25-00008,11430000,40000
R25-00009,54730000,150000
R25-00010,45500000,150000
R25-00011,2750000,0
R25-00012,60570000,150000
R25-00013,35110000,150000
R25-00014,6420000,20000
R25-00015,42650000,150000
R25-00016,39220000,150000
R25-00017,5240000,20000
R25-00018,66040000,150000
R25-00019,112050000,300000
R25-00020,92040000,300000
R25-00021,16440000,40000
R25-00022,57510000,150000
R25-00023,31470000,60000
R25-00024,1790000,0
R25-00025,3630000,0
R25-00026,62620000,150000
R25-00027,52360000,150000
R25-00028,62680000,150000
R25-00029,66640000,150000
R25-00030,80660000,300000
R25-00031,5200000,20000
R25-00032,67660000,300000
R25-00033,45280000,150000
R25-00034,142730000,600000
R25-00035,64570000,150000
R25-00036,21320000,60000
R25-00037,34050000,150000
R25-00038,56370000,150000
R25-00039,82620000,300000
R25-00040,33270000,60000
R25-00041,14170000,40000
R25-00042,37490000,150000
R25-00043,91220000,300000
R25-00044,3250000,0
R25-00045,93540000,300000
R25-00046,36130000,150000
R25-00047,63100000,150000
R25-00048,38690000,150000
R25-00049,26130000,60000
R25-00050,54690000,150000
R25-00051,44650000,150000
R25-00052,61460000,150000
R25-00053,32810000,60000
R25-00054,3380000,0
R25-00055,53210000,150000
R25-00056,61610000,150000
R25-00057,134720000,600000
R25-00058,31720000,60000
R25-00059,145970000,600000
R25-00060,12010000,40000
R25-00061,91250000,300000
R25-00062,31660000,60000
R25-00063,44800000,150000
R25-00064,103460000,300000
R25-00065,20990000,60000
R25-00066,1980000,0
R25-00067,41300000,150000
R25-00068,41720000,150000
R25-00069,1230000,0
R25-00070,12740000,40000
R25-00071,90690000,300000
R25-00072,27490000,60000
R25-00073,23440000,60000
R25-00074,55970000,150000
R25-00075,7050000,20000
R25-00076,42740000,150000
R25-00077,23360000,60000
R25-00078,2080000,0
R25-00079,2270000,0
R25-00080,46290000,150000
R25-00081,67690000,300000
R25-00082,42500000,150000
R25-00083,11700000,40000
R25-00084,32150000,60000
R25-00085,23540000,60000
R25-00086,135150000,600000
R25-00087,93090000,300000
R25-00088,61970000,150000
R25-00089,23060000,60000
R25-00090,34070000,150000
R25-00091,54590000,150000
R25-00092,79530000,300000
R25-00093,13900000,40000
R25-00094,117240000,300000
R25-00095,91880000,300000
R25-00096,38880000,150000
R25-00097,54130000,150000
R25-00098,93570000,300000
R25-00099,6240000,20000
R25-00100,7110000,20000
R25-00101,233910000,1000000
R25-00102,12150000,40000
R25-00103,26630000,60000
R25-00104,97470000,300000
R25-00105,6260000,20000
R25-00106,95830000,300000
R25-00107,14170000,40000
R25-00108,42560000,150000
R25-00109,44400000,150000
R25-00110,83130000,300000
R25-00111,43320000,150000
R25-00112,580000,0
R25-00113,31820000,60000
R25-00114,32150000,60000
R25-00115,21970000,60000
R25-00116,29690000,60000
R25-00117,26530000,60000
R25-00118,52080000,150000
R25-00119,56700000,150000
R25-00120,22970000,60000
R25-00121,57520000,150000
R25-00122,85280000,300000
R25-00123,16770000,40000
R25-00124,45060000,150000
R25-00125,93040000,300000
R25-00126,82930000,300000
R25-00127,24730000,60000
R25-00128,46790000,150000
R25-00129,67200000,300000
R25-00130,6330000,20000
R25-00131,64870000,150000
R25-00132,16450000,40000
R25-00133,62760000,150000
R25-00134,26630000,60000
R25-00135,93230000,300000
R25-00136,23930000,60000
R25-00137,76010000,300000
R25-00138,4340000,0
R25-00139,33520000,150000
R25-00140,92890000,300000
R25-00141,28200000,60000
R25-00142,82790000,300000
R25-00143,94810000,300000
R25-00144,1760000,0
R25-00145,4930000,0
R25-00146,53130000,150000
R25-00147,41650000,150000
R25-00148,52840000,150000
R25-00149,61460000,150000
R25-00150,11580000,40000
R25-00151,35810000,150000
R25-00152,57780000,150000
R25-00153,63060000,150000
R25-00154,21100000,60000
R25-00155,60840000,150000
R25-00156,6760000,20000
R25-00157,68250000,300000
R25-00158,56600000,150000
R25-00159,42220000,150000
R25-00160,91420000,300000
R25-00161,55160000,150000
R25-00162,4450000,0
R25-00163,44880000,150000
R25-00164,1450000,0
R25-00165,44870000,150000
R25-00166,131480000,300000
R25-00167,12960000,40000
R25-00168,32440000,60000
R25-00169,23160000,60000
R25-00170,81020000,300000
R25-00171,62510000,150000
R25-00172,13860000,40000
R25-00173,43270000,150000
R25-00174,42480000,150000
R25-00175,42850000,150000
R25-00176,46030000,150000
R25-00177,23670000,60000
R25-00178,13020000,40000
R25-00179,13540000,40000
R25-00180,115360000,300000
R25-00181,21640000,60000
R25-00182,38370000,150000
R25-00183,65390000,150000
R25-00184,32680000,60000
R25-00185,43710000,150000
R25-00186,22400000,60000
R25-00187,1990000,0
R25-00188,17280000,40000
R25-00189,21170000,60000
R25-00190,84270000,300000
R25-00191,5500000,20000
R25-00192,93830000,300000
R25-00193,35370000,150000
R25-00194,12320000,40000
R25-00195,18230000,40000
R25-00196,1570000,0
R25-00197,28990000,60000
R25-00198,55400000,150000
R25-00199,46110000,150000
R25-00200,52640000,150000
R25-00201,76610000,300000
R25-00202,13770000,40000
R25-00203,6550000,20000
R25-00204,2530000,0
R25-00205,63290000,150000
R25-00206,115130000,300000
R25-00207,72510000,300000
R25-00208,6440000,20000
R25-00209,4000000,0
R25-00210,88570000,300000
R25-00211,78090000,300000
R25-00212,21420000,60000
R25-00213,84280000,300000
R25-00214,82170000,300000
R25-00215,54850000,150000
R25-00216,30830000,60000
R25-00217,40380000,150000
R25-00218,27180000,60000
R25-00219,5500000,20000
R25-00220,82680000,300000
R25-00221,43440000,150000
R25-00222,29470000,60000
R25-00223,23650000,60000
R25-00224,25600000,60000
R25-00225,32660000,60000
R25-00226,28790000,60000
R25-00227,2030000,0
R25-00228,40890000,150000
R25-00229,52570000,150000
R25-00230,36150000,150000
R25-00231,113390000,300000
R25-00232,71370000,300000
R25-00233,15900000,40000
R25-00234,12920000,40000
R25-00235,45780000,150000
R25-00236,112020000,300000
R25-00237,42600000,150000
R25-00238,104150000,300000
R25-00239,21640000,60000
R25-00240,4070000,0
R25-00241,21180000,60000
R25-00242,48070000,150000
R25-00243,42360000,150000
R25-00244,122390000,300000
R25-00245,95110000,300000
R25-00246,74030000,300000
R25-00247,43640000,150000
R25-00248,31290000,60000
R25-00249,12420000,40000
R25-00250,50860000,150000
R25-00251,36560000,150000
R25-00252,78600000,300000
R25-00253,33170000,60000
R25-00254,8830000,20000
R25-00255,16810000,40000
R25-00256,22840000,60000
R25-00257,75020000,300000
R25-00258,10600000,40000
R25-00259,95710000,300000
R25-00260,46010000,150000
R25-00261,22150000,60000
R25-00262,84320000,300000
R25-00263,28100000,60000
R25-00264,16430000,40000
R25-00265,51520000,150000
R25-00266,51210000,150000
R25-00267,81250000,300000
R25-00268,31860000,60000
R25-00269,136070000,600000
R25-00270,63560000,150000
R25-00271,12010000,40000
R25-00272,61340000,150000
R25-00273,58670000,150000
R25-00274,76260000,300000
R25-00275,2770000,0
R25-00276,2040000,0
R25-00277,21380000,60000
R25-00278,63620000,150000
R25-00279,48110000,150000
R25-00280,14490000,40000
R25-00281,93910000,300000
R25-00282,43300000,150000
R25-00283,2180000,0
R25-00284,37400000,150000
R25-00285,43020000,150000
R25-00286,125310000,300000
R25-00287,31840000,60000
R25-00288,2210000,0
R25-00289,11440000,40000
R25-00290,32570000,60000
R25-00291,2960000,0
R25-00292,81880000,300000
R25-00293,32910000,60000
R25-00294,60760000,150000
R25-00295,25010000,60000
R25-00296,21420000,60000
R25-00297,10580000,40000
R25-00298,135460000,600000
R25-00299,11550000,40000
R25-00300,2000000,0
R25-00301,93270000,300000
R25-00302,64560000,150000
R25-00303,153010000,600000
R25-00304,53980000,150000
R25-00305,53060000,150000
R25-00306,79010000,300000
R25-00307,62860000,150000
R25-00308,20980000,60000
R25-00309,33800000,150000
R25-00310,63480000,150000
R25-00311,11880000,40000
R25-00312,21430000,60000
R25-00313,67060000,300000
R25-00314,96180000,300000
R25-00315,23260000,60000
R25-00316,34640000,150000
R25-00317,121020000,300000
R25-00318,82640000,300000
R25-00319,68700000,300000
R25-00320,53160000,150000
R25-00321,67810000,300000
R25-00322,44890000,150000
R25-00323,6920000,20000
R25-00324,5420000,20000
R25-00325,76310000,300000
R25-00326,15740000,40000
R25-00327,45870000,150000
R25-00328,26880000,60000
R25-00329,5170000,20000
R25-00330,43720000,150000
R25-00331,5830000,20000
R25-00332,134550000,600000
R25-00333,12570000,40000
R25-00334,82030000,300000
R25-00335,670000,0
R25-00336,22290000,60000
R25-00337,23840000,60000
R25-00338,79110000,300000
R25-00339,85020000,300000
R25-00340,35410000,150000
R25-00341,11940000,40000
R25-00342,43070000,150000
R25-00343,51930000,150000
R25-00344,111710000,300000
R25-00345,3480000,0
R25-00346,82760000,300000
R25-00347,84010000,300000
R25-00348,21650000,60000
R25-00349,36780000,150000
R25-00350,74340000,300000
R25-00351,31890000,60000
R25-00352,42810000,150000
R25-00353,52050000,150000
R25-00354,2770000,0
R25-00355,31150000,60000
R25-00356,22370000,60000
R25-00357,133350000,600000
R25-00358,73990000,300000
R25-00359,82870000,300000
R25-00360,55460000,150000
R25-00361,53140000,150000
R25-00362,1970000,0
R25-00363,33610000,150000
R25-00364,82590000,300000
R25-00365,42580000,150000
R25-00366,27030000,60000
R25-00367,66050000,150000
R25-00368,120190000,300000
R25-00369,42730000,150000
R25-00370,53130000,150000
R25-00371,33300000,60000
R25-00372,72780000,300000
R25-00373,43470000,150000
R25-00374,63470000,150000
R25-00375,26160000,60000
R25-00376,61360000,150000
R25-00377,73860000,300000
R25-00378,53290000,150000
R25-00379,31550000,60000
R25-00380,11700000,40000
R25-00381,104000000,300000
R25-00382,33360000,150000
R25-00383,13220000,40000
R25-00384,42290000,150000
R25-00385,13750000,40000
R25-00386,23690000,60000
R25-00387,63210000,150000
R25-00388,48130000,150000
R25-00389,20990000,60000
R25-00390,3230000,0
R25-00391,32660000,60000
R25-00392,46520000,150000
R25-00393,61670000,150000
R25-00394,46930000,150000
R25-00395,66810000,300000
R25-00396,13860000,40000
R25-00397,104040000,300000
R25-00398,141500000,600000
R25-00399,46160000,150000
R25-00400,11860000,40000
R25-00401,87590000,300000
R25-00402,14850000,40000
R25-00403,83540000,300000
R25-00404,28040000,60000
R25-00405,64700000,150000
R25-00406,19000000,40000
R25-00407,42770000,150000
R25-00408,5420000,20000
R25-00409,40110000,150000
R25-00410,25580000,60000
R25-00411,74010000,300000
R25-00412,33080000,60000
R25-00413,41430000,150000
R25-00414,47540000,150000
R25-00415,11370000,40000
R25-00416,4270000,0
R25-00417,11900000,40000
R25-00418,12090000,40000
R25-00419,24840000,60000
R25-00420,46320000,150000
R25-00421,56510000,150000
R25-00422,65460000,150000
R25-00423,2340000,0
R25-00424,35130000,150000
R25-00425,52680000,150000
R25-00426,77290000,300000
R25-00427,72630000,300000
R25-00428,6900000,20000
R25-00429,12740000,40000
R25-00430,3450000,0
R25-00431,58460000,150000
R25-00432,100860000,300000
R25-00433,91420000,300000
R25-00434,23060000,60000
R25-00435,141030000,600000
R25-00436,1000000,0
R25-00437,105890000,300000
R25-00438,6180000,20000
R25-00439,22890000,60000
R25-00440,36970000,150000
R25-00441,35540000,150000
R25-00442,19450000,40000
R25-00443,6440000,20000
R25-00444,3910000,0
R25-00445,2760000,0
R25-00446,65740000,150000
R25-00447,63830000,150000
R25-00448,6220000,20000
R25-00449,21060000,60000
R25-00450,20580000,60000
R25-00451,26210000,60000
R25-00452,134140000,600000
R25-00453,1690000,0
R25-00454,5340000,20000
R25-00455,22730000,60000
R25-00456,75810000,300000
R25-00457,29000000,60000
R25-00458,15310000,40000
R25-00459,34850000,150000
R25-00460,2420000,0
R25-00461,6110000,20000
R25-00462,42280000,150000
R25-00463,46280000,150000
R25-00464,54660000,150000
R25-00465,69170000,300000
R25-00466,20300000,60000
R25-00467,84510000,300000
R25-00468,32520000,60000
R25-00469,84680000,300000
R25-00470,4400000,0
R25-00471,13980000,40000
R25-00472,106200000,300000
R25-00473,55280000,150000
R25-00474,21840000,60000
R25-00475,78640000,300000
R25-00476,22840000,60000
R25-00477,52830000,150000
R25-00478,77640000,300000
R25-00479,1950000,0
R25-00480,2940000,0
R25-00481,121590000,300000
R25-00482,15310000,40000
R25-00483,1670000,0
R25-00484,71510000,300000
R25-00485,43440000,150000
R25-00486,62800000,150000
R25-00487,46010000,150000
R25-00488,23230000,60000
R25-00489,92020000,300000
R25-00490,30660000,60000
R25-00491,116180000,300000
R25-00492,82620000,300000
R25-00493,44330000,150000
R25-00494,95820000,300000
R25-00495,7250000,20000
R25-00496,9790000,20000
R25-00497,34490000,150000
R25-00498,5320000,20000
R25-00499,61710000,150000
R25-00500,95970000,300000
R25-00501,43320000,150000
R25-00502,75070000,300000
R25-00503,106260000,300000
R25-00504,550000,0
R25-00505,58290000,150000
R25-00506,65490000,150000
R25-00507,105700000,300000
R25-00508,53760000,150000
R25-00509,44540000,150000
R25-00510,41750000,150000
R25-00511,95390000,300000
R25-00512,64720000,150000
R25-00513,14250000,40000
R25-00514,145920000,600000
R25-00515,42480000,150000
R25-00516,5940000,20000
R25-00517,103750000,300000
R25-00518,22970000,60000
R25-00519,4410000,0
R25-00520,53060000,150000
R25-00521,96240000,300000
R25-00522,43620000,150000
R25-00523,72780000,300000
R25-00524,71420000,300000
R25-00525,36670000,150000
R25-00526,41570000,150000
R25-00527,54790000,150000
R25-00528,32640000,60000
R25-00529,26090000,60000
R25-00530,33250000,60000
R25-00531,3660000,0
R25-00532,77310000,300000
R25-00533,73980000,300000
R25-00534,14610000,40000
R25-00535,2180000,0
R25-00536,1610000,0
R25-00537,44750000,150000
R25-00538,72830000,300000
R25-00539,2730000,0
R25-00540,43430000,150000
R25-00541,24660000,60000
R25-00542,24160000,60000
R25-00543,56470000,150000
R25-00544,44500000,150000
R25-00545,59200000,150000
R25-00546,37090000,150000
R25-00547,14780000,40000
R25-00548,84260000,300000
R25-00549,56540000,150000
R25-00550,84540000,300000
R25-00551,1360000,0
R25-00552,54260000,150000
R25-00553,15880000,40000
R25-00554,21870000,60000
R25-00555,41510000,150000
R25-00556,53830000,150000
R25-00557,6550000,20000
R25-00558,6430000,20000
R25-00559,940000,0
R25-00560,55860000,150000
R25-00561,22260000,60000
R25-00562,750000,0
R25-00563,2590000,0
R25-00564,2020000,0
R25-00565,20360000,60000
R25-00566,39010000,150000
R25-00567,74540000,300000
R25-00568,8070000,20000
R25-00569,7120000,20000
R25-00570,44120000,150000
R25-00571,52510000,150000
R25-00572,34070000,150000
R25-00573,21820000,60000
R25-00574,51120000,150000
R25-00575,17820000,40000
R25-00576,46090000,150000
R25-00577,23380000,60000
R25-00578,63700000,150000
R25-00579,4740000,0
R25-00580,64120000,150000
R25-00581,52690000,150000
R25-00582,61460000,150000
R25-00583,3240000,0
R25-00584,13420000,40000
R25-00585,12670000,40000
R25-00586,62050000,150000
R25-00587,22700000,60000
R25-00588,16820000,40000
R25-00589,34090000,150000
R25-00590,62490000,150000
R25-00591,11960000,40000
R25-00592,5620000,20000
R25-00593,56570000,150000
R25-00594,21820000,60000
R25-00595,61100000,150000
R25-00596,55880000,150000
R25-00597,6490000,20000
R25-00598,12770000,40000
R25-00599,22730000,60000
R25-00600,16970000,40000
R25-00601,134150000,600000
R25-00602,57740000,150000
R25-00603,16740000,40000
R25-00604,14700000,40000
R25-00605,4640000,0
R25-00606,1920000,0
R25-00607,68040000,300000
R25-00608,37220000,150000
R25-00609,27410000,60000
R25-00610,35610000,150000
R25-00611,10090000,40000
R25-00612,63670000,150000
R25-00613,66630000,150000
R25-00614,64540000,150000
R25-00615,62690000,150000
R25-00616,12870000,40000
R25-00617,79090000,300000
R25-00618,35220000,150000
R25-00619,21750000,60000
R25-00620,32000000,60000
R25-00621,73010000,300000
R25-00622,115200000,300000
R25-00623,12950000,40000
R25-00624,31010000,60000
R25-00625,21240000,60000
R25-00626,33750000,150000
R25-00627,51730000,150000
R25-00628,77460000,300000
R25-00629,17250000,40000
R25-00630,65730000,150000
R25-00631,97740000,300000
R25-00632,14330000,40000
R25-00633,37790000,150000
R25-00634,21280000,60000
R25-00635,84660000,300000
R25-00636,25230000,60000
R25-00637,24480000,60000
R25-00638,42190000,150000
R25-00639,44840000,150000
R25-00640,73170000,300000
R25-00641,35180000,150000
R25-00642,2440000,0
R25-00643,4120000,0
R25-00644,3600000,0
R25-00645,24570000,60000
R25-00646,33180000,60000
R25-00647,12800000,40000
R25-00648,1380000,0
R25-00649,84780000,300000
R25-00650,33590000,150000
R25-00651,32300000,60000
R25-00652,73510000,300000
R25-00653,1590000,0
R25-00654,2490000,0
R25-00655,1230000,0
R25-00656,6740000,20000
R25-00657,94830000,300000
R25-00658,11230000,40000
R25-00659,51910000,150000
R25-00660,154670000,600000
R25-00661,25810000,60000
R25-00662,86040000,300000
R25-00663,2680000,0
R25-00664,23150000,60000
R25-00665,13680000,40000
R25-00666,32320000,60000
R25-00667,82150000,300000
R25-00668,73320000,300000
R25-00669,116520000,300000
R25-00670,68310000,300000
R25-00671,8330000,20000
R25-00672,22590000,60000
R25-00673,43060000,150000
R25-00674,1640000,0
R25-00675,33360000,150000
R25-00676,30510000,60000
R25-00677,66760000,300000
R25-00678,34080000,150000
R25-00679,87640000,300000
R25-00680,2450000,0
R25-00681,33380000,150000
R25-00682,13240000,40000
R25-00683,58260000,150000
R25-00684,14400000,40000
R25-00685,3360000,0
R25-00686,42090000,150000
R25-00687,43570000,150000
R25-00688,41640000,150000
R25-00689,88840000,300000
R25-00690,42170000,150000
R25-00691,81530000,300000
R25-00692,33710000,150000
R25-00693,24270000,60000
R25-00694,60100000,150000
R25-00695,46460000,150000
R25-00696,12040000,40000
R25-00697,15280000,40000
R25-00698,78510000,300000
R25-00699,83960000,300000
R25-00700,36640000,150000
R25-00701,66240000,150000
R25-00702,6580000,20000
R25-00703,61820000,150000
R25-00704,14300000,40000
R25-00705,62570000,150000
R25-00706,52670000,150000
R25-00707,41770000,150000
R25-00708,31490000,60000
R25-00709,104370000,300000
R25-00710,44640000,150000
R25-00711,4130000,0
R25-00712,3820000,0
R25-00713,65790000,150000
R25-00714,65850000,150000
R25-00715,53360000,150000
R25-00716,140970000,600000
R25-00717,24060000,60000
R25-00718,22370000,60000
R25-00719,92220000,300000
R25-00720,33420000,150000
R25-00721,14790000,40000
R25-00722,47980000,150000
R25-00723,21490000,60000
R25-00724,2120000,0
R25-00725,6460000,20000
R25-00726,28190000,60000
R25-00727,33380000,150000
R25-00728,74420000,300000
R25-00729,1150000,0
R25-00730,42690000,150000
R25-00731,12740000,40000
R25-00732,24860000,60000
R25-00733,66860000,300000
R25-00734,43430000,150000
R25-00735,11400000,40000
R25-00736,5890000,20000
R25-00737,5660000,20000
R25-00738,66400000,150000
R25-00739,83830000,300000
R25-00740,2080000,0
R25-00741,44650000,150000
R25-00742,43680000,150000
R25-00743,26070000,60000
R25-00744,24360000,60000
R25-00745,53250000,150000
R25-00746,43900000,150000
R25-00747,66620000,150000
R25-00748,4290000,0
R25-00749,64980000,150000
R25-00750,1420000,0
R25-00751,71870000,300000
R25-00752,37320000,150000
R25-00753,32890000,60000
R25-00754,102820000,300000
R25-00755,104320000,300000
R25-00756,53420000,150000
R25-00757,61780000,150000
R25-00758,24190000,60000
R25-00759,4830000,0
R25-00760,23570000,60000
R25-00761,32210000,60000
R25-00762,104680000,300000
R25-00763,45880000,150000
R25-00764,20970000,60000
R25-00765,77970000,300000
R25-00766,81870000,300000
R25-00767,31120000,60000
R25-00768,24660000,60000
R25-00769,77830000,300000
R25-00770,6780000,20000
R25-00771,47600000,150000
R25-00772,109430000,300000
R25-00773,35830000,150000
R25-00774,53340000,150000
R25-00775,87580000,300000
R25-00776,17480000,40000
R25-00777,5230000,20000
R25-00778,11350000,40000
R25-00779,28400000,60000
R25-00780,44680000,150000
R25-00781,3030000,0
R25-00782,11010000,40000
R25-00783,41340000,150000
R25-00784,33070000,60000
R25-00785,31800000,60000
R25-00786,65700000,150000
R25-00787,76750000,300000
R25-00788,22550000,60000
R25-00789,47790000,150000
R25-00790,32350000,60000
R25-00791,14710000,40000
R25-00792,72110000,300000
R25-00793,97010000,300000
R25-00794,214980000,1000000
R25-00795,52030000,150000
R25-00796,49220000,150000
R25-00797,85260000,300000
R25-00798,22350000,60000
R25-00799,70750000,300000
R25-00800,4090000,0
R25-00801,34330000,150000
R25-00802,12250000,40000
R25-00803,8080000,20000
R25-00804,4540000,0
R25-00805,134300000,600000
R25-00806,33120000,60000
R25-00807,26180000,60000
R25-00808,52290000,150000
R25-00809,30830000,60000
R25-00810,81680000,300000
R25-00811,136270000,600000
R25-00812,114710000,300000
R25-00813,52600000,150000
R25-00814,500000,0
R25-00815,21960000,60000
R25-00816,21330000,60000
R25-00817,13770000,40000
R25-00818,44990000,150000
R25-00819,31670000,60000
R25-00820,92000000,300000
R25-00821,72430000,300000
R25-00822,2170000,0
R25-00823,3610000,0
R25-00824,1320000,0
R25-00825,40870000,150000
R25-00826,72760000,300000
R25-00827,36730000,150000
R25-00828,74280000,300000
R25-00829,14580000,40000
R25-00830,53340000,150000
R25-00831,1980000,0
R25-00832,81880000,300000
R25-00833,62890000,150000
R25-00834,300000,0
R25-00835,32100000,60000
R25-00836,76180000,300000
R25-00837,41900000,150000
R25-00838,50250000,150000
R25-00839,3930000,0
R25-00840,102130000,300000
R25-00841,82670000,300000
R25-00842,36480000,150000
R25-00843,121630000,300000
R25-00844,42350000,150000
R25-00845,61160000,150000
R25-00846,31650000,60000
R25-00847,81750000,300000
R25-00848,33010000,60000
R25-00849,48400000,150000
R25-00850,123670000,300000
R25-00851,11800000,40000
R25-00852,31550000,60000
R25-00853,45580000,150000
R25-00854,103830000,300000
R25-00855,48180000,150000
R25-00856,27060000,60000
R25-00857,19040000,40000
R25-00858,33310000,60000
R25-00859,89020000,300000
R25-00860,15760000,40000
R25-00861,74410000,300000
R25-00862,2170000,0
R25-00863,31390000,60000
R25-00864,2160000,0
R25-00865,12380000,40000
R25-00866,15320000,40000
R25-00867,32450000,60000
R25-00868,1470000,0
R25-00869,76440000,300000
R25-00870,51910000,150000
R25-00871,20990000,60000
R25-00872,53170000,150000
R25-00873,222420000,1000000
R25-00874,31180000,60000
R25-00875,32030000,60000
R25-00876,7520000,20000
R25-00877,94810000,300000
R25-00878,13800000,40000
R25-00879,42170000,150000
R25-00880,4270000,0
R25-00881,92500000,300000
R25-00882,12940000,40000
R25-00883,12040000,40000
R25-00884,54570000,150000
R25-00885,1300000,0
R25-00886,92850000,300000
R25-00887,2470000,0
R25-00888,22590000,60000
R25-00889,63140000,150000
R25-00890,12790000,40000
R25-00891,34490000,150000
R25-00892,67200000,300000
R25-00893,52100000,150000
R25-00894,63480000,150000
R25-00895,60770000,150000
R25-00896,83110000,300000
R25-00897,82870000,300000
R25-00898,11940000,40000
R25-00899,93020000,300000
R25-00900,60970000,150000
R25-00901,24720000,60000
R25-00902,134660000,600000
R25-00903,58720000,150000
R25-00904,3260000,0
R25-00905,55970000,150000
R25-00906,38390000,150000
R25-00907,15300000,40000
R25-00908,63230000,150000
R25-00909,44820000,150000
R25-00910,12640000,40000
R25-00911,18650000,40000
R25-00912,3840000,0
R25-00913,2260000,0
R25-00914,1380000,0
R25-00915,4280000,0
R25-00916,51480000,150000
R25-00917,1340000,0
R25-00918,11890000,40000
R25-00919,1860000,0
R25-00920,66970000,300000
R25-00921,3070000,0
R25-00922,31770000,60000
R25-00923,95990000,300000
R25-00924,92840000,300000
R25-00925,46240000,150000
R25-00926,43820000,150000
R25-00927,26370000,60000
R25-00928,42190000,150000
R25-00929,106010000,300000
R25-00930,62470000,150000
R25-00931,15340000,40000
R25-00932,7360000,20000
R25-00933,6180000,20000
R25-00934,53130000,150000
R25-00935,27250000,60000
R25-00936,23710000,60000
R25-00937,5640000,20000
R25-00938,12600000,40000
R25-00939,27280000,60000
R25-00940,35660000,150000
R25-00941,7030000,20000
R25-00942,96580000,300000
R25-00943,54190000,150000
R25-00944,26360000,60000
R25-00945,107410000,300000
R25-00946,6940000,20000
R25-00947,700000,0
R25-00948,76810000,300000
R25-00949,3770000,0
R25-00950,31020000,60000
R25-00951,42410000,150000
R25-00952,24100000,60000
R25-00953,27630000,60000
R25-00954,5610000,20000
R25-00955,82390000,300000
R25-00956,23020000,60000
R25-00957,60820000,150000
R25-00958,33500000,150000
R25-00959,5020000,20000
R25-00960,14300000,40000
R25-00961,24120000,60000
R25-00962,104660000,300000
R25-00963,14330000,40000
R25-00964,50940000,150000
R25-00965,70740000,300000
R25-00966,41920000,150000
R25-00967,18540000,40000
R25-00968,2340000,0
R25-00969,82650000,300000
R25-00970,52450000,150000
R25-00971,37720000,150000
R25-00972,64570000,150000
R25-00973,64260000,150000
R25-00974,310000,0
R25-00975,1520000,0
R25-00976,1120000,0
R25-00977,43830000,150000
R25-00978,71660000,300000
R25-00979,82920000,300000
R25-00980,7260000,20000
R25-00981,106680000,300000
R25-00982,15690000,40000
R25-00983,72200000,300000
R25-00984,35070000,150000
R25-00985,74830000,300000
R25-00986,22180000,60000
R25-00987,47860000,150000
R25-00988,66980000,300000
R25-00989,62890000,150000
R25-00990,72200000,300000
R25-00991,27730000,60000
R25-00992,51260000,150000
R25-00993,25570000,60000
R25-00994,87410000,300000
R25-00995,25500000,60000
R25-00996,18490000,40000
R25-00997,2010000,0
R25-00998,67780000,300000
R25-00999,63110000,150000
R25-01000,13820000,40000
R25-01001,5590000,20000
R25-01002,23400000,60000
R25-01003,15080000,40000
R25-01004,26950000,60000
R25-01005,46600000,150000
R25-01006,45280000,150000
R25-01007,84920000,300000
R25-01008,3320000,0
R25-01009,22450000,60000
R25-01010,3620000,0
R25-01011,74030000,300000
R25-01012,12480000,40000
R25-01013,101640000,300000
R25-01014,70960000,300000
R25-01015,75920000,300000
R25-01016,83710000,300000
R25-01017,19050000,40000
R25-01018,113500000,300000
R25-01019,25580000,60000
R25-01020,14260000,40000
R25-01021,51710000,150000
R25-01022,41100000,150000
R25-01023,5870000,20000
R25-01024,43570000,150000
R25-01025,12970000,40000
R25-01026,6410000,20000
R25-01027,37470000,150000
R25-01028,58670000,150000
R25-01029,61040000,150000
R25-01030,103600000,300000
R25-01031,21920000,60000
R25-01032,3260000,0
R25-01033,7290000,20000
R25-01034,14690000,40000
R25-01035,14920000,40000
R25-01036,13110000,40000
R25-01037,62510000,150000
R25-01038,67460000,300000
R25-01039,96260000,300000
R25-01040,2490000,0
R25-01041,2410000,0
R25-01042,32270000,60000
R25-01043,3570000,0
R25-01044,47330000,150000
R25-01045,75600000,300000
R25-01046,5040000,20000
R25-01047,25220000,60000
R25-01048,21060000,60000
R25-01049,64210000,150000
R25-01050,32210000,60000
R25-01051,44250000,150000
R25-01052,32230000,60000
R25-01053,80650000,300000
R25-01054,121000000,300000
R25-01055,73810000,300000
R25-01056,4730000,0
R25-01057,176170000,600000
R25-01058,11460000,40000
R25-01059,2860000,0
R25-01060,52080000,150000
R25-01061,66140000,150000
R25-01062,32900000,60000
R25-01063,61430000,150000
R25-01064,12990000,40000
R25-01065,10610000,40000
R25-01066,24640000,60000
R25-01067,50830000,150000
R25-01068,33500000,150000
R25-01069,95960000,300000
R25-01070,4730000,0
R25-01071,16610000,40000
R25-01072,45580000,150000
R25-01073,60750000,150000
R25-01074,29090000,60000
R25-01075,22020000,60000
R25-01076,7030000,20000
R25-01077,20850000,60000
R25-01078,58530000,150000
R25-01079,73040000,300000
R25-01080,23650000,60000
R25-01081,88030000,300000
R25-01082,34870000,150000
R25-01083,3080000,0
R25-01084,33780000,150000
R25-01085,54550000,150000
R25-01086,83640000,300000
R25-01087,71950000,300000
R25-01088,94810000,300000
R25-01089,34970000,150000
R25-01090,75990000,300000
R25-01091,23050000,60000
R25-01092,54090000,150000
R25-01093,3730000,0
R25-01094,72930000,300000
R25-01095,4380000,0
R25-01096,6400000,20000
R25-01097,12400000,40000
R25-01098,83410000,300000
R25-01099,23290000,60000
R25-01100,33050000,60000
R25-01101,49180000,150000
R25-01102,102850000,300000
R25-01103,12050000,40000
R25-01104,11890000,40000
R25-01105,65630000,150000
R25-01106,12470000,40000
R25-01107,152540000,600000
R25-01108,113690000,300000
R25-01109,42970000,150000
R25-01110,144530000,600000
R25-01111,132460000,300000
R25-01112,13240000,40000
R25-01113,50610000,150000
R25-01114,26590000,60000
R25-01115,22320000,60000
R25-01116,66170000,150000
R25-01117,214600000,1000000
R25-01118,32410000,60000
R25-01119,18850000,40000
R25-01120,23610000,60000
R25-01121,90960000,300000
R25-01122,48670000,150000
R25-01123,91810000,300000
R25-01124,74480000,300000
R25-01125,33680000,150000
R25-01126,45020000,150000
R25-01127,2830000,0
R25-01128,41370000,150000
R25-01129,4920000,0
R25-01130,46410000,150000
R25-01131,100700000,300000
R25-01132,42770000,150000
R25-01133,2790000,0
R25-01134,70810000,300000
R25-01135,2330000,0
R25-01136,102500000,300000
R25-01137,12150000,40000
R25-01138,129550000,300000
R25-01139,16810000,40000
R25-01140,22390000,60000
R25-01141,21590000,60000
R25-01142,11800000,40000
R25-01143,36810000,150000
R25-01144,10870000,40000
R25-01145,24860000,60000
R25-01146,11780000,40000
R25-01147,62910000,150000
R25-01148,41080000,150000
R25-01149,690000,0
R25-01150,24820000,60000
R25-01151,43680000,150000
R25-01152,110870000,300000
R25-01153,2630000,0
R25-01154,56960000,150000
R25-01155,30370000,60000
R25-01156,65400000,150000
R25-01157,23430000,60000
R25-01158,1030000,0
R25-01159,32260000,60000
R25-01160,37130000,150000
R25-01161,21050000,60000
R25-01162,32390000,60000
R25-01163,5380000,20000
R25-01164,64500000,150000
R25-01165,36690000,150000
R25-01166,62750000,150000
R25-01167,3410000,0
R25-01168,32980000,60000
R25-01169,68440000,300000
R25-01170,142370000,600000
R25-01171,35490000,150000
R25-01172,28230000,60000
R25-01173,216290000,1000000
R25-01174,13490000,40000
R25-01175,63000000,150000
R25-01176,68490000,300000
R25-01177,10660000,40000
R25-01178,47520000,150000
R25-01179,34070000,150000
R25-01180,92740000,300000
R25-01181,16910000,40000
R25-01182,54490000,150000
R25-01183,64150000,150000
R25-01184,24650000,60000
R25-01185,65060000,150000
R25-01186,35990000,150000
R25-01187,14570000,40000
R25-01188,54330000,150000
R25-01189,85260000,300000
R25-01190,82780000,300000
R25-01191,32530000,60000
R25-01192,108420000,300000
R25-01193,21200000,60000
R25-01194,3980000,0
R25-01195,15830000,40000
R25-01196,95330000,300000
R25-01197,35130000,150000
R25-01198,20600000,60000
R25-01199,2040000,0
R25-01200,12130000,40000
R25-01201,21480000,60000
R25-01202,117150000,300000
R25-01203,2650000,0
R25-01204,22500000,60000
R25-01205,66200000,150000
R25-01206,3120000,0
R25-01207,63760000,150000
R25-01208,23280000,60000
R25-01209,74420000,300000
R25-01210,76680000,300000
R25-01211,68340000,300000
R25-01212,2670000,0
R25-01213,46360000,150000
R25-01214,15120000,40000
R25-01215,94540000,300000
R25-01216,26450000,60000
R25-01217,32210000,60000
R25-01218,14670000,40000
R25-01219,53060000,150000
R25-01220,76930000,300000
R25-01221,15480000,40000
R25-01222,19460000,40000
R25-01223,6330000,20000
R25-01224,23370000,60000
R25-01225,3610000,0
R25-01226,24020000,60000
R25-01227,27570000,60000
R25-01228,52710000,150000
R25-01229,1490000,0
R25-01230,2710000,0
R25-01231,64210000,150000
R25-01232,75440000,300000
R25-01233,64110000,150000
R25-01234,33410000,150000
R25-01235,13340000,40000
R25-01236,53810000,150000
R25-01237,114810000,300000
R25-01238,45900000,150000
R25-01239,26670000,60000
R25-01240,76210000,300000
R25-01241,57560000,150000
R25-01242,22070000,60000
R25-01243,4050000,0
R25-01244,2250000,0
R25-01245,5860000,20000
R25-01246,55400000,150000
R25-01247,720000,0
R25-01248,32400000,60000
R25-01249,23710000,60000
R25-01250,51840000,150000
R25-01251,46120000,150000
R25-01252,74680000,300000
R25-01253,53080000,150000
R25-01254,33470000,150000
R25-01255,13290000,40000
R25-01256,5750000,20000
R25-01257,71260000,300000
R25-01258,23320000,60000
R25-01259,15180000,40000
R25-01260,104540000,300000
R25-01261,39020000,150000
R25-01262,20890000,60000
R25-01263,26190000,60000
R25-01264,34350000,150000
R25-01265,3520000,0
R25-01266,43270000,150000
R25-01267,23160000,60000
R25-01268,72640000,300000
R25-01269,45400000,150000
R25-01270,83500000,300000
R25-01271,68120000,300000
R25-01272,57820000,150000
R25-01273,16380000,40000
R25-01274,1660000,0
R25-01275,1400000,0
R25-01276,5480000,20000
R25-01277,62810000,150000
R25-01278,41590000,150000
R25-01279,53370000,150000
R25-01280,16060000,40000
R25-01281,1030000,0
R25-01282,63880000,150000
R25-01283,47650000,150000
R25-01284,12850000,40000
R25-01285,54460000,150000
R25-01286,44710000,150000
R25-01287,7390000,20000
R25-01288,21070000,60000
R25-01289,36500000,150000
R25-01290,23820000,60000
R25-01291,25270000,60000
R25-01292,63920000,150000
R25-01293,23300000,60000
R25-01294,53950000,150000
R25-01295,24870000,60000
R25-01296,42180000,150000
R25-01297,72770000,300000
R25-01298,42380000,150000
R25-01299,2970000,0
R25-01300,73020000,300000
R25-01301,16670000,40000
R25-01302,1740000,0
R25-01303,13850000,40000
R25-01304,224760000,1000000
R25-01305,24330000,60000
R25-01306,44130000,150000
R25-01307,5090000,20000
R25-01308,36040000,150000
R25-01309,4240000,0
R25-01310,58090000,150000
R25-01311,6210000,20000
R25-01312,74790000,300000
R25-01313,34730000,150000
R25-01314,13890000,40000
R25-01315,41780000,150000
R25-01316,53250000,150000
R25-01317,23240000,60000
R25-01318,74490000,300000
R25-01319,31750000,60000
R25-01320,2550000,0
R25-01321,24020000,60000
R25-01322,32380000,60000
R25-01323,41760000,150000
R25-01324,56960000,150000
R25-01325,6830000,20000
R25-01326,26630000,60000
R25-01327,12260000,40000
R25-01328,5470000,20000
R25-01329,72540000,300000
R25-01330,122530000,300000
R25-01331,143320000,600000
R25-01332,76950000,300000
R25-01333,12630000,40000
R25-01334,53710000,150000
R25-01335,91710000,300000
R25-01336,32710000,60000
R25-01337,75420000,300000
R25-01338,27350000,60000
R25-01339,5000000,20000
R25-01340,92630000,300000
R25-01341,52330000,150000
R25-01342,45290000,150000
R25-01343,33710000,150000
R25-01344,74360000,300000
R25-01345,14220000,40000
R25-01346,31430000,60000
R25-01347,56370000,150000
R25-01348,41180000,150000
R25-01349,36080000,150000
R25-01350,23880000,60000
R25-01351,56080000,150000
R25-01352,35950000,150000
R25-01353,85660000,300000
R25-01354,75670000,300000
R25-01355,36710000,150000
R25-01356,3920000,0
R25-01357,93230000,300000
R25-01358,63090000,150000
R25-01359,64920000,150000
R25-01360,34540000,150000
R25-01361,103770000,300000
R25-01362,11730000,40000
R25-01363,81080000,300000
R25-01364,970000,0
R25-01365,23100000,60000
R25-01366,22520000,60000
R25-01367,43010000,150000
R25-01368,22600000,60000
R25-01369,22360000,60000
R25-01370,53570000,150000
R25-01371,63390000,150000
R25-01372,32100000,60000
R25-01373,57400000,150000
R25-01374,56370000,150000
R25-01375,65330000,150000
R25-01376,32030000,60000
R25-01377,23520000,60000
R25-01378,5630000,20000
R25-01379,23270000,60000
R25-01380,31590000,60000
R25-01381,55630000,150000
R25-01382,3320000,0
R25-01383,15640000,40000
R25-01384,23760000,60000
R25-01385,22010000,60000
R25-01386,41700000,150000
R25-01387,40530000,150000
R25-01388,27630000,60000
R25-01389,15160000,40000
R25-01390,32960000,60000
R25-01391,53510000,150000
R25-01392,2350000,0
R25-01393,43590000,150000
R25-01394,7340000,20000
R25-01395,24490000,60000
R25-01396,1280000,0
R25-01397,23020000,60000
R25-01398,41490000,150000
R25-01399,28570000,60000
R25-01400,38470000,150000
R25-01401,55690000,150000
R25-01402,81620000,300000
R25-01403,112900000,300000
R25-01404,72990000,300000
R25-01405,121640000,300000
R25-01406,12890000,40000
R25-01407,16580000,40000
R25-01408,44110000,150000
R25-01409,36700000,150000
R25-01410,52990000,150000
R25-01411,11960000,40000
R25-01412,72650000,300000
R25-01413,2260000,0
R25-01414,6490000,20000
R25-01415,2320000,0
R25-01416,66370000,150000
R25-01417,52570000,150000
R25-01418,50800000,150000
R25-01419,51270000,150000
R25-01420,63190000,150000
R25-01421,4430000,0
R25-01422,93810000,300000
R25-01423,125990000,300000
R25-01424,32390000,60000
R25-01425,63170000,150000
R25-01426,27270000,60000
R25-01427,45340000,150000
R25-01428,92070000,300000
R25-01429,67400000,300000
R25-01430,57240000,150000
R25-01431,45780000,150000
R25-01432,2090000,0
R25-01433,15810000,40000
R25-01434,62310000,150000
R25-01435,5540000,20000
R25-01436,64150000,150000
R25-01437,18390000,40000
R25-01438,84880000,300000
R25-01439,16310000,40000
R25-01440,96070000,300000
R25-01441,18810000,40000
R25-01442,14410000,40000
R25-01443,28410000,60000
R25-01444,4050000,0
R25-01445,29040000,60000
R25-01446,65720000,150000
R25-01447,12160000,40000
R25-01448,1400000,0
R25-01449,13640000,40000
R25-01450,7040000,20000
R25-01451,32510000,60000
R25-01452,53830000,150000
R25-01453,73440000,300000
R25-01454,12950000,40000
R25-01455,76760000,300000
R25-01456,31720000,60000
R25-01457,65240000,150000
R25-01458,84760000,300000
R25-01459,13620000,40000
R25-01460,45120000,150000
R25-01461,65620000,150000
R25-01462,74250000,300000
R25-01463,42130000,150000
R25-01464,63530000,150000
R25-01465,13070000,40000
R25-01466,135440000,600000
R25-01467,43890000,150000
R25-01468,43230000,150000
R25-01469,4900000,0
R25-01470,156990000,600000
R25-01471,52060000,150000
R25-01472,3920000,0
R25-01473,34860000,150000
R25-01474,42540000,150000
R25-01475,42340000,150000
R25-01476,500000,0
R25-01477,42440000,150000
R25-01478,24600000,60000
R25-01479,46490000,150000
R25-01480,54290000,150000
R25-01481,102050000,300000
R25-01482,17770000,40000
R25-01483,13080000,40000
R25-01484,25060000,60000
R25-01485,15290000,40000
R25-01486,42620000,150000
R25-01487,17040000,40000
R25-01488,34070000,150000
R25-01489,40650000,150000
R25-01490,6780000,20000
R25-01491,4130000,0
R25-01492,91690000,300000
R25-01493,62130000,150000
R25-01494,64750000,150000
R25-01495,69230000,300000
R25-01496,25000000,60000
R25-01497,64230000,150000
R25-01498,3170000,0
R25-01499,31340000,60000
R25-01500,23360000,60000
R25-01501,4110000,0
R25-01502,72290000,300000
R25-01503,35020000,150000
R25-01504,3760000,0
R25-01505,21930000,60000
R25-01506,42370000,150000
R25-01507,25610000,60000
R25-01508,82930000,300000
R25-01509,84620000,300000
R25-01510,32270000,60000
R25-01511,24500000,60000
R25-01512,880000,0
R25-01513,26520000,60000
R25-01514,131520000,300000
R25-01515,43370000,150000
R25-01516,83980000,300000
R25-01517,91670000,300000
R25-01518,55210000,150000
R25-01519,104550000,300000
R25-01520,22730000,60000
R25-01521,390000,0
R25-01522,41440000,150000
R25-01523,31090000,60000
R25-01524,22560000,60000
R25-01525,25970000,60000
R25-01526,7960000,20000
R25-01527,65020000,150000
R25-01528,76310000,300000
R25-01529,21500000,60000
R25-01530,7200000,20000
R25-01531,83760000,300000
R25-01532,7710000,20000
R25-01533,100820000,300000
R25-01534,102920000,300000
R25-01535,35110000,150000
R25-01536,51540000,150000
R25-01537,23560000,60000
R25-01538,8750000,20000
R25-01539,65740000,150000
R25-01540,82330000,300000
R25-01541,45520000,150000
R25-01542,78450000,300000
R25-01543,2940000,0
R25-01544,12850000,40000
R25-01545,41860000,150000
R25-01546,84130000,300000
R25-01547,144190000,600000
R25-01548,7160000,20000
R25-01549,3530000,0
R25-01550,18160000,40000
R25-01551,1130000,0
R25-01552,24070000,60000
R25-01553,24520000,60000
R25-01554,6420000,20000
R25-01555,7480000,20000
R25-01556,32240000,60000
R25-01557,35150000,150000
R25-01558,61420000,150000
R25-01559,35260000,150000
R25-01560,32010000,60000
R25-01561,6860000,20000
R25-01562,63710000,150000
R25-01563,43440000,150000
R25-01564,33300000,60000
R25-01565,66510000,150000
R25-01566,12060000,40000
R25-01567,31640000,60000
R25-01568,65420000,150000
R25-01569,70030000,300000
R25-01570,2610000,0
R25-01571,58190000,150000
R25-01572,2680000,0
R25-01573,97050000,300000
R25-01574,154570000,600000
R25-01575,73210000,300000
R25-01576,62260000,150000
R25-01577,16950000,40000
R25-01578,53940000,150000
R25-01579,80890000,300000
R25-01580,61390000,150000
R25-01581,95870000,300000
R25-01582,45250000,150000
R25-01583,33810000,150000
R25-01584,73060000,300000
R25-01585,6850000,20000
R25-01586,78150000,300000
R25-01587,22580000,60000
R25-01588,34810000,150000
R25-01589,5090000,20000
R25-01590,63310000,150000
R25-01591,52380000,150000
R25-01592,1720000,0
R25-01593,44250000,150000
R25-01594,57970000,150000
R25-01595,58480000,150000
R25-01596,74330000,300000
R25-01597,45370000,150000
R25-01598,21120000,60000
R25-01599,2090000,0
R25-01600,82050000,300000
R25-01601,7200000,20000
R25-01602,106100000,300000
R25-01603,5980000,20000
R25-01604,27890000,60000
R25-01605,21330000,60000
R25-01606,94200000,300000
R25-01607,26540000,60000
R25-01608,2980000,0
R25-01609,88460000,300000
R25-01610,21310000,60000
R25-01611,86930000,300000
R25-01612,72350000,300000
R25-01613,22880000,60000
R25-01614,13440000,40000
R25-01615,11830000,40000
R25-01616,21570000,60000
R25-01617,2120000,0
R25-01618,12390000,40000
R25-01619,5050000,20000
R25-01620,101490000,300000
R25-01621,12260000,40000
R25-01622,32750000,60000
R25-01623,23630000,60000
R25-01624,25210000,60000
R25-01625,35950000,150000
R25-01626,33080000,60000
R25-01627,75610000,300000
R25-01628,11690000,40000
R25-01629,62300000,150000
R25-01630,2880000,0
R25-01631,24030000,60000
R25-01632,111670000,300000
R25-01633,43530000,150000
R25-01634,45210000,150000
R25-01635,25760000,60000
R25-01636,1050000,0
R25-01637,47880000,150000
R25-01638,35780000,150000
R25-01639,24250000,60000
R25-01640,103470000,300000
R25-01641,25390000,60000
R25-01642,4230000,0
R25-01643,32920000,60000
R25-01644,94860000,300000
R25-01645,16230000,40000
R25-01646,51410000,150000
R25-01647,81420000,300000
R25-01648,111030000,300000
R25-01649,81940000,300000
R25-01650,31350000,60000
R25-01651,86180000,300000
R25-01652,14620000,40000
R25-01653,35200000,150000
R25-01654,31840000,60000
R25-01655,84390000,300000
R25-01656,25230000,60000
R25-01657,42410000,150000
R25-01658,63920000,150000
R25-01659,33920000,150000
R25-01660,14080000,40000
R25-01661,113360000,300000
R25-01662,21860000,60000
R25-01663,20960000,60000
R25-01664,118270000,300000
R25-01665,82240000,300000
R25-01666,4160000,0
R25-01667,25830000,60000
R25-01668,39540000,150000
R25-01669,53560000,150000
R25-01670,23610000,60000
R25-01671,5650000,20000
R25-01672,23660000,60000
R25-01673,2430000,0
R25-01674,81850000,300000
R25-01675,31250000,60000
R25-01676,35490000,150000
R25-01677,53620000,150000
R25-01678,32720000,60000
R25-01679,22010000,60000
R25-01680,55210000,150000
R25-01681,5710000,20000
R25-01682,73930000,300000
R25-01683,93130000,300000
R25-01684,42590000,150000
R25-01685,2180000,0
R25-01686,72860000,300000
R25-01687,46120000,150000
R25-01688,60810000,150000
R25-01689,46470000,150000
R25-01690,26300000,60000
R25-01691,24180000,60000
R25-01692,51810000,150000
R25-01693,55250000,150000
R25-01694,42140000,150000
R25-01695,2990000,0
R25-01696,1630000,0
R25-01697,21630000,60000
R25-01698,26380000,60000
R25-01699,49570000,150000
R25-01700,36740000,150000
R25-01701,68490000,300000
R25-01702,66900000,300000
R25-01703,22090000,60000
R25-01704,90920000,300000
R25-01705,46010000,150000
R25-01706,2240000,0
R25-01707,15120000,40000
R25-01708,13410000,40000
R25-01709,90830000,300000
R25-01710,35110000,150000
R25-01711,103450000,300000
R25-01712,12580000,40000
R25-01713,12060000,40000
R25-01714,36580000,150000
R25-01715,32160000,60000
R25-01716,43170000,150000
R25-01717,26250000,60000
R25-01718,33900000,150000
R25-01719,75250000,300000
R25-01720,15270000,40000
R25-01721,31110000,60000
R25-01722,26330000,60000
R25-01723,2650000,0
R25-01724,95600000,300000
R25-01725,53170000,150000
R25-01726,75020000,300000
R25-01727,74030000,300000
R25-01728,11130000,40000
R25-01729,23100000,60000
R25-01730,4500000,0
R25-01731,124550000,300000
R25-01732,20730000,60000
R25-01733,54140000,150000
R25-01734,2930000,0
R25-01735,5430000,20000
R25-01736,22530000,60000
R25-01737,12930000,40000
R25-01738,810000,0
R25-01739,14440000,40000
R25-01740,7840000,20000
R25-01741,11090000,40000
R25-01742,23070000,60000
R25-01743,52790000,150000
R25-01744,1820000,0
R25-01745,56520000,150000
R25-01746,28350000,60000
R25-01747,65730000,150000
R25-01748,51040000,150000
R25-01749,73120000,300000
R25-01750,82420000,300000
R25-01751,79180000,300000
R25-01752,15220000,40000
R25-01753,4880000,0
R25-01754,2950000,0
R25-01755,50740000,150000
R25-01756,73350000,300000
R25-01757,61900000,150000
R25-01758,3960000,0
R25-01759,40940000,150000
R25-01760,57530000,150000
R25-01761,41830000,150000
R25-01762,66650000,150000
R25-01763,52610000,150000
R25-01764,51420000,150000
R25-01765,137880000,600000
R25-01766,41910000,150000
R25-01767,20850000,60000
R25-01768,1400000,0
R25-01769,22190000,60000
R25-01770,21110000,60000
R25-01771,174200000,600000
R25-01772,31720000,60000
R25-01773,104810000,300000
R25-01774,25350000,60000
R25-01775,13620000,40000
R25-01776,13890000,40000
R25-01777,3590000,0
R25-01778,151490000,600000
R25-01779,102930000,300000
R25-01780,23120000,60000
R25-01781,94070000,300000
R25-01782,67670000,300000
R25-01783,22540000,60000
R25-01784,85990000,300000
R25-01785,2910000,0
R25-01786,6010000,20000
R25-01787,51660000,150000
R25-01788,123730000,300000
R25-01789,11970000,40000
R25-01790,6410000,20000
R25-01791,24260000,60000
R25-01792,43210000,150000
R25-01793,24420000,60000
R25-01794,25590000,60000
R25-01795,59020000,150000
R25-01796,640000,0
R25-01797,123630000,300000
R25-01798,83710000,300000
R25-01799,73110000,300000
R25-01800,121060000,300000
R25-01801,53150000,150000
R25-01802,147590000,600000
R25-01803,88300000,300000
R25-01804,33040000,60000
R25-01805,21310000,60000
R25-01806,53850000,150000
R25-01807,75200000,300000
R25-01808,35640000,150000
R25-01809,86250000,300000
R25-01810,37850000,150000
R25-01811,14550000,40000
R25-01812,123850000,300000
R25-01813,32520000,60000
R25-01814,42380000,150000
R25-01815,7500000,20000
R25-01816,43530000,150000
R25-01817,74570000,300000
R25-01818,52140000,150000
R25-01819,50400000,150000
R25-01820,1370000,0
R25-01821,42820000,150000
R25-01822,30840000,60000
R25-01823,46530000,150000
R25-01824,22040000,60000
R25-01825,18680000,40000
R25-01826,93080000,300000
R25-01827,2540000,0
R25-01828,110940000,300000
R25-01829,56870000,150000
R25-01830,33610000,150000
R25-01831,3870000,0
R25-01832,81120000,300000
R25-01833,37460000,150000
R25-01834,51610000,150000
R25-01835,54410000,150000
R25-01836,33060000,60000
R25-01837,22400000,60000
R25-01838,82570000,300000
R25-01839,56180000,150000
R25-01840,12710000,40000
R25-01841,13100000,40000
R25-01842,12810000,40000
R25-01843,21710000,60000
R25-01844,55180000,150000
R25-01845,40890000,150000
R25-01846,10300000,40000
R25-01847,36430000,150000
R25-01848,101150000,300000
R25-01849,17340000,40000
R25-01850,44210000,150000
R25-01851,43790000,150000
R25-01852,3270000,0
R25-01853,26550000,60000
R25-01854,42550000,150000
R25-01855,11240000,40000
R25-01856,66330000,150000
R25-01857,73170000,300000
R25-01858,16930000,40000
R25-01859,4600000,0
R25-01860,14590000,40000
R25-01861,4510000,0
R25-01862,14760000,40000
R25-01863,35820000,150000
R25-01864,84800000,300000
R25-01865,5750000,20000
R25-01866,77500000,300000
R25-01867,90720000,300000
R25-01868,3950000,0
R25-01869,13420000,40000
R25-01870,5680000,20000
R25-01871,68090000,300000
R25-01872,12760000,40000
R25-01873,32580000,60000
R25-01874,54800000,150000
R25-01875,75270000,300000
R25-01876,32090000,60000
R25-01877,13530000,40000
R25-01878,62800000,150000
R25-01879,127060000,300000
R25-01880,65880000,150000
R25-01881,30890000,60000
R25-01882,12460000,40000
R25-01883,16000000,40000
R25-01884,6820000,20000
R25-01885,54420000,150000
R25-01886,82810000,300000
R25-01887,23620000,60000
R25-01888,126000000,300000
R25-01889,30630000,60000
R25-01890,4260000,0
R25-01891,5140000,20000
R25-01892,16200000,40000
R25-01893,44440000,150000
R25-01894,64520000,150000
R25-01895,61960000,150000
R25-01896,43130000,150000
R25-01897,71500000,300000
R25-01898,54180000,150000
R25-01899,12590000,40000
R25-01900,32180000,60000
R25-01901,93320000,300000
R25-01902,54860000,150000
R25-01903,45630000,150000
R25-01904,15640000,40000
R25-01905,41550000,150000
R25-01906,23060000,60000
R25-01907,44310000,150000
R25-01908,8240000,20000
R25-01909,62830000,150000
R25-01910,40640000,150000
R25-01911,21620000,60000
R25-01912,3110000,0
R25-01913,4330000,0
R25-01914,12030000,40000
R25-01915,55930000,150000
R25-01916,116630000,300000
R25-01917,42300000,150000
R25-01918,12300000,40000
R25-01919,173670000,600000
R25-01920,41800000,150000
R25-01921,23460000,60000
R25-01922,56480000,150000
R25-01923,13690000,40000
R25-01924,21810000,60000
R25-01925,28380000,60000
R25-01926,13390000,40000
R25-01927,56960000,150000
R25-01928,1710000,0
R25-01929,27690000,60000
R25-01930,84760000,300000
R25-01931,22820000,60000
R25-01932,96360000,300000
R25-01933,28800000,60000
R25-01934,8010000,20000
R25-01935,71830000,300000
R25-01936,65630000,150000
R25-01937,22660000,60000
R25-01938,20540000,60000
R25-01939,26870000,60000
R25-01940,960000,0
R25-01941,54080000,150000
R25-01942,51540000,150000
R25-01943,22310000,60000
R25-01944,21320000,60000
R25-01945,76710000,300000
R25-01946,63980000,150000
R25-01947,72180000,300000
R25-01948,26910000,60000
R25-01949,34250000,150000
R25-01950,62990000,150000
R25-01951,28200000,60000
R25-01952,10860000,40000
R25-01953,44660000,150000
R25-01954,47000000,150000
R25-01955,61310000,150000
R25-01956,37770000,150000
R25-01957,6420000,20000
R25-01958,85460000,300000
R25-01959,52540000,150000
R25-01960,31500000,60000
R25-01961,44600000,150000
R25-01962,92230000,300000
R25-01963,33420000,150000
R25-01964,73630000,300000
R25-01965,1420000,0
R25-01966,6110000,20000
R25-01967,4870000,0
R25-01968,2730000,0
R25-01969,95070000,300000
R25-01970,33660000,150000
R25-01971,51500000,150000
R25-01972,15450000,40000
R25-01973,22260000,60000
R25-01974,34120000,150000
R25-01975,82840000,300000
R25-01976,90580000,300000
R25-01977,46890000,150000
R25-01978,91540000,300000
R25-01979,46190000,150000
R25-01980,52150000,150000
R25-01981,23210000,60000
R25-01982,32640000,60000
R25-01983,72510000,300000
R25-01984,44160000,150000
R25-01985,82350000,300000
R25-01986,14770000,40000
R25-01987,92130000,300000
R25-01988,2960000,0
R25-01989,30780000,60000
R25-01990,33700000,150000
R25-01991,44290000,150000
R25-01992,37350000,150000
R25-01993,53040000,150000
R25-01994,15320000,40000
R25-01995,3540000,0
R25-01996,85440000,300000
R25-01997,81820000,300000
R25-01998,2420000,0
R25-01999,15670000,40000
R25-02000,73810000,300000
R25-02001,42860000,150000
R25-02002,43760000,150000
R25-02003,13520000,40000
R25-02004,44130000,150000
R25-02005,37970000,150000
R25-02006,24560000,60000
R25-02007,135440000,600000
R25-02008,6550000,20000
R25-02009,13190000,40000
R25-02010,44300000,150000
R25-02011,24040000,60000
R25-02012,25070000,60000
R25-02013,7630000,20000
R25-02014,11970000,40000
R25-02015,23650000,60000
R25-02016,45310000,150000
R25-02017,11610000,40000
R25-02018,48150000,150000
R25-02019,102420000,300000
R25-02020,63870000,150000
R25-02021,57100000,150000
R25-02022,2140000,0
R25-02023,13870000,40000
R25-02024,54020000,150000
R25-02025,24010000,60000
R25-02026,27030000,60000
R25-02027,112270000,300000
R25-02028,94340000,300000
R25-02029,42200000,150000
R25-02030,45310000,150000
R25-02031,2780000,0
R25-02032,14470000,40000
R25-02033,74500000,300000
R25-02034,3680000,0
R25-02035,37290000,150000
R25-02036,64530000,150000
R25-02037,3270000,0
R25-02038,54690000,150000
R25-02039,6100000,20000
R25-02040,34320000,150000
R25-02041,61450000,150000
R25-02042,137110000,600000
R25-02043,22070000,60000
R25-02044,54540000,150000
R25-02045,18280000,40000
R25-02046,22620000,60000
R25-02047,23080000,60000
R25-02048,94620000,300000
R25-02049,85410000,300000
R25-02050,50620000,150000
R25-02051,32540000,60000
R25-02052,94940000,300000
R25-02053,5310000,20000
R25-02054,72230000,300000
R25-02055,41790000,150000
R25-02056,15290000,40000
R25-02057,42090000,150000
R25-02058,63530000,150000
R25-02059,34150000,150000
R25-02060,4060000,0
R25-02061,23680000,60000
R25-02062,20740000,60000
R25-02063,74130000,300000
R25-02064,14170000,40000
R25-02065,55720000,150000
R25-02066,25300000,60000
R25-02067,76430000,300000
R25-02068,40850000,150000
R25-02069,2880000,0
R25-02070,96940000,300000
R25-02071,5540000,20000
R25-02072,154840000,600000
R25-02073,13600000,40000
R25-02074,23370000,60000
R25-02075,36940000,150000
R25-02076,72840000,300000
R25-02077,72290000,300000
R25-02078,77380000,300000
R25-02079,14640000,40000
R25-02080,12830000,40000
R25-02081,104940000,300000
R25-02082,33630000,150000
R25-02083,54570000,150000
R25-02084,17210000,40000
R25-02085,25890000,60000
R25-02086,21980000,60000
R25-02087,72470000,300000
R25-02088,91590000,300000
R25-02089,32230000,60000
R25-02090,14330000,40000
R25-02091,810000,0
R25-02092,42830000,150000
R25-02093,14720000,40000
R25-02094,28340000,60000
R25-02095,74200000,300000
R25-02096,72300000,300000
R25-02097,51320000,150000
R25-02098,26900000,60000
R25-02099,62790000,150000
R25-02100,11520000,40000
R25-02101,52310000,150000
R25-02102,23750000,60000
R25-02103,81190000,300000
R25-02104,55700000,150000
R25-02105,46300000,150000
R25-02106,94150000,300000
R25-02107,1950000,0
R25-02108,34690000,150000
R25-02109,4000000,0
R25-02110,11890000,40000
R25-02111,3380000,0
R25-02112,21340000,60000
R25-02113,74610000,300000
R25-02114,65860000,150000
R25-02115,7480000,20000
R25-02116,32210000,60000
R25-02117,22420000,60000
R25-02118,2870000,0
R25-02119,48570000,150000
R25-02120,20570000,60000
R25-02121,13540000,40000
R25-02122,63300000,150000
R25-02123,1150000,0
R25-02124,62750000,150000
R25-02125,67100000,300000
R25-02126,14250000,40000
R25-02127,21440000,60000
R25-02128,25130000,60000
R25-02129,14420000,40000
R25-02130,6540000,20000
R25-02131,83260000,300000
R25-02132,2810000,0
R25-02133,117320000,300000
R25-02134,31690000,60000
R25-02135,38280000,150000
R25-02136,25490000,60000
R25-02137,54300000,150000
R25-02138,178730000,600000
R25-02139,91550000,300000
R25-02140,44050000,150000
R25-02141,15050000,40000
R25-02142,1780000,0
R25-02143,65200000,150000
R25-02144,2370000,0
R25-02145,53280000,150000
R25-02146,53230000,150000
R25-02147,55180000,150000
R25-02148,2970000,0
R25-02149,106490000,300000
R25-02150,66030000,150000
R25-02151,34710000,150000
R25-02152,13600000,40000
R25-02153,52200000,150000
R25-02154,44550000,150000
R25-02155,3050000,0
R25-02156,72510000,300000
R25-02157,4240000,0
R25-02158,850000,0
R25-02159,24540000,60000
R25-02160,65520000,150000
R25-02161,2880000,0
R25-02162,34920000,150000
R25-02163,37300000,150000
R25-02164,62050000,150000
R25-02165,13860000,40000
R25-02166,100810000,300000
R25-02167,34830000,150000
R25-02168,23760000,60000
R25-02169,22840000,60000
R25-02170,32040000,60000
R25-02171,12810000,40000
R25-02172,21960000,60000
R25-02173,3780000,0
R25-02174,4160000,0
R25-02175,1850000,0
R25-02176,31960000,60000
R25-02177,62510000,150000
R25-02178,30920000,60000
R25-02179,28610000,60000
R25-02180,112270000,300000
R25-02181,52370000,150000
R25-02182,3140000,0
R25-02183,23210000,60000
R25-02184,5050000,20000
R25-02185,2450000,0
R25-02186,13110000,40000
R25-02187,66610000,150000
R25-02188,42680000,150000
R25-02189,131660000,300000
R25-02190,6660000,20000
R25-02191,72800000,300000
R25-02192,2630000,0
R25-02193,2100000,0
R25-02194,47970000,150000
R25-02195,23690000,60000
R25-02196,9070000,20000
R25-02197,48080000,150000
R25-02198,144970000,600000
R25-02199,53120000,150000
R25-02200,63940000,150000
R25-02201,28010000,60000
R25-02202,33610000,150000
R25-02203,144920000,600000
R25-02204,17910000,40000
R25-02205,41850000,150000
R25-02206,33920000,150000
R25-02207,102390000,300000
R25-02208,51490000,150000
R25-02209,23820000,60000
R25-02210,36230000,150000
R25-02211,154250000,600000
R25-02212,4990000,0
R25-02213,30960000,60000
R25-02214,15910000,40000
R25-02215,44790000,150000
R25-02216,2140000,0
R25-02217,41900000,150000
R25-02218,41180000,150000
R25-02219,32800000,60000
R25-02220,88090000,300000
R25-02221,14090000,40000
R25-02222,53020000,150000
R25-02223,63810000,150000
R25-02224,108900000,300000
R25-02225,6380000,20000
R25-02226,7920000,20000
R25-02227,29550000,60000
R25-02228,43720000,150000
R25-02229,35460000,150000
R25-02230,18200000,40000
R25-02231,51910000,150000
R25-02232,34720000,150000
R25-02233,46640000,150000
R25-02234,66410000,150000
R25-02235,12550000,40000
R25-02236,1050000,0
R25-02237,2550000,0
R25-02238,81440000,300000
R25-02239,81750000,300000
R25-02240,8140000,20000
R25-02241,32070000,60000
R25-02242,116120000,300000
R25-02243,23130000,60000
R25-02244,85650000,300000
R25-02245,121230000,300000
R25-02246,3190000,0
R25-02247,73160000,300000
R25-02248,17970000,40000
R25-02249,23920000,60000
R25-02250,52740000,150000
R25-02251,42550000,150000
R25-02252,1040000,0
R25-02253,74960000,300000
R25-02254,27150000,60000
R25-02255,23400000,60000
R25-02256,22540000,60000
R25-02257,41700000,150000
R25-02258,94150000,300000
R25-02259,13240000,40000
R25-02260,32410000,60000
R25-02261,223700000,1000000
R25-02262,36270000,150000
R25-02263,4210000,0
R25-02264,5670000,20000
R25-02265,2810000,0
R25-02266,26930000,60000
R25-02267,43240000,150000
R25-02268,4410000,0
R25-02269,72570000,300000
R25-02270,51180000,150000
R25-02271,28290000,60000
R25-02272,52250000,150000
R25-02273,64460000,150000
R25-02274,22760000,60000
R25-02275,18300000,40000
R25-02276,13000000,40000
R25-02277,64950000,150000
R25-02278,15880000,40000
R25-02279,129010000,300000
R25-02280,23750000,60000
R25-02281,22460000,60000
R25-02282,4680000,0
R25-02283,6720000,20000
R25-02284,17790000,40000
R25-02285,11960000,40000
R25-02286,7340000,20000
R25-02287,35050000,150000
R25-02288,33270000,60000
R25-02289,20480000,60000
R25-02290,25600000,60000
R25-02291,25620000,60000
R25-02292,47390000,150000
R25-02293,41950000,150000
R25-02294,91580000,300000
R25-02295,55980000,150000
R25-02296,45320000,150000
R25-02297,18670000,40000
R25-02298,123550000,300000
R25-02299,63570000,150000
R25-02300,12630000,40000
R25-02301,5440000,20000
R25-02302,12340000,40000
R25-02303,35980000,150000
R25-02304,4380000,0
R25-02305,52300000,150000
R25-02306,22920000,60000
R25-02307,42590000,150000
R25-02308,24220000,60000
R25-02309,40470000,150000
R25-02310,104480000,300000
R25-02311,28110000,60000
R25-02312,22130000,60000
R25-02313,45970000,150000
R25-02314,11630000,40000
R25-02315,61690000,150000
R25-02316,39170000,150000
R25-02317,64290000,150000
R25-02318,71950000,300000
R25-02319,124730000,300000
R25-02320,133650000,600000
R25-02321,5650000,20000
R25-02322,64570000,150000
R25-02323,123460000,300000
R25-02324,7620000,20000
R25-02325,23260000,60000
R25-02326,23520000,60000
R25-02327,7380000,20000
R25-02328,72280000,300000
R25-02329,44160000,150000
R25-02330,111630000,300000
R25-02331,1590000,0
R25-02332,75210000,300000
R25-02333,93610000,300000
R25-02334,5600000,20000
R25-02335,51630000,150000
R25-02336,43910000,150000
R25-02337,11970000,40000
R25-02338,6430000,20000
R25-02339,12510000,40000
R25-02340,153640000,600000
R25-02341,62980000,150000
R25-02342,73410000,300000
R25-02343,21370000,60000
R25-02344,24650000,60000
R25-02345,2620000,0
R25-02346,46020000,150000
R25-02347,5170000,20000
R25-02348,88260000,300000
R25-02349,21940000,60000
R25-02350,33080000,60000
R25-02351,54130000,150000
R25-02352,3310000,0
R25-02353,61940000,150000
R25-02354,59630000,150000
R25-02355,12150000,40000
R25-02356,20760000,60000
R25-02357,41360000,150000
R25-02358,1790000,0
R25-02359,5100000,20000
R25-02360,32130000,60000
R25-02361,21050000,60000
R25-02362,65640000,150000
R25-02363,32250000,60000
R25-02364,91500000,300000
R25-02365,70970000,300000
R25-02366,73260000,300000
R25-02367,32760000,60000
R25-02368,33180000,60000
R25-02369,32130000,60000
R25-02370,50260000,150000
R25-02371,47420000,150000
R25-02372,33120000,60000
R25-02373,86020000,300000
R25-02374,13790000,40000
R25-02375,63870000,150000
R25-02376,6780000,20000
R25-02377,12510000,40000
R25-02378,102560000,300000
R25-02379,87910000,300000
R25-02380,33490000,150000
R25-02381,23070000,60000
R25-02382,13730000,40000
R25-02383,73460000,300000
R25-02384,1420000,0
R25-02385,51620000,150000
R25-02386,52210000,150000
R25-02387,42320000,150000
R25-02388,22340000,60000
R25-02389,13240000,40000
R25-02390,30500000,60000
R25-02391,27230000,60000
R25-02392,680000,0
R25-02393,69360000,300000
R25-02394,23060000,60000
R25-02395,26470000,60000
R25-02396,131910000,300000
R25-02397,1470000,0
R25-02398,42640000,150000
R25-02399,123880000,300000
R25-02400,103870000,300000
R25-02401,25170000,60000
R25-02402,34710000,150000
R25-02403,88550000,300000
R25-02404,31710000,60000
R25-02405,24230000,60000
R25-02406,22480000,60000
R25-02407,75800000,300000
R25-02408,33670000,150000
R25-02409,54610000,150000
R25-02410,6890000,20000
R25-02411,38360000,150000
R25-02412,26080000,60000
R25-02413,42940000,150000
R25-02414,41910000,150000
R25-02415,81950000,300000
R25-02416,21990000,60000
R25-02417,23780000,60000
R25-02418,62580000,150000
R25-02419,100850000,300000
R25-02420,22760000,60000
R25-02421,116470000,300000
R25-02422,62450000,150000
R25-02423,23970000,60000
R25-02424,75750000,300000
R25-02425,102530000,300000
R25-02426,94980000,300000
R25-02427,10800000,40000
R25-02428,74700000,300000
R25-02429,2830000,0
R25-02430,64910000,150000
R25-02431,56040000,150000
R25-02432,2790000,0
R25-02433,87010000,300000
R25-02434,48650000,150000
R25-02435,14840000,40000
R25-02436,34190000,150000
R25-02437,98730000,300000
R25-02438,71980000,300000
R25-02439,85330000,300000
R25-02440,22810000,60000
R25-02441,3020000,0
R25-02442,1800000,0
R25-02443,62150000,150000
R25-02444,2970000,0
R25-02445,84570000,300000
R25-02446,73660000,300000
R25-02447,80770000,300000
R25-02448,133060000,300000
R25-02449,111020000,300000
R25-02450,5160000,20000
R25-02451,116830000,300000
R25-02452,68510000,300000
R25-02453,127040000,300000
R25-02454,13390000,40000
R25-02455,14120000,40000
R25-02456,19240000,40000
R25-02457,7280000,20000
R25-02458,45510000,150000
R25-02459,48030000,150000
R25-02460,102540000,300000
R25-02461,12260000,40000
R25-02462,29030000,60000
R25-02463,92900000,300000
R25-02464,24730000,60000
R25-02465,60570000,150000
R25-02466,44070000,150000
R25-02467,34570000,150000
R25-02468,15940000,40000
R25-02469,138240000,600000
R25-02470,6640000,20000
R25-02471,22010000,60000
R25-02472,38280000,150000
R25-02473,21700000,60000
R25-02474,25070000,60000
R25-02475,34670000,150000
R25-02476,2860000,0
R25-02477,12440000,40000
R25-02478,37170000,150000
R25-02479,5750000,20000
R25-02480,100450000,300000
R25-02481,98040000,300000
R25-02482,48340000,150000
R25-02483,21670000,60000
R25-02484,93900000,300000
R25-02485,131920000,300000
R25-02486,22050000,60000
R25-02487,1730000,0
R25-02488,38240000,150000
R25-02489,135710000,600000
R25-02490,106100000,300000
R25-02491,4620000,0
R25-02492,134680000,600000
R25-02493,36870000,150000
R25-02494,64170000,150000
R25-02495,4860000,0
R25-02496,43690000,150000
R25-02497,81160000,300000
R25-02498,3660000,0
R25-02499,3020000,0
R25-02500,8270000,20000
R25-02501,3130000,0
R25-02502,36010000,150000
R25-02503,3360000,0
R25-02504,27840000,60000
R25-02505,52350000,150000
R25-02506,67940000,300000
R25-02507,33790000,150000
R25-02508,33250000,60000
R25-02509,4000000,0
R25-02510,91690000,300000
R25-02511,87160000,300000
R25-02512,14200000,40000
R25-02513,60880000,150000
R25-02514,15530000,40000
R25-02515,12750000,40000
R25-02516,144580000,600000
R25-02517,12740000,40000
R25-02518,3630000,0
R25-02519,2690000,0
R25-02520,5230000,20000
R25-02521,63070000,150000
R25-02522,16930000,40000
R25-02523,46020000,150000
R25-02524,26830000,60000
R25-02525,26040000,60000
R25-02526,3610000,0
R25-02527,68050000,300000
R25-02528,43350000,150000
R25-02529,26870000,60000
R25-02530,47260000,150000
R25-02531,72540000,300000
R25-02532,67590000,300000
R25-02533,112980000,300000
R25-02534,23590000,60000
R25-02535,16280000,40000
R25-02536,35740000,150000
R25-02537,42150000,150000
R25-02538,12150000,40000
R25-02539,67330000,300000
R25-02540,600000,0
R25-02541,23160000,60000
R25-02542,78930000,300000
R25-02543,16400000,40000
R25-02544,22740000,60000
R25-02545,26310000,60000
R25-02546,83370000,300000
R25-02547,35330000,150000
R25-02548,11960000,40000
R25-02549,7080000,20000
R25-02550,43810000,150000
R25-02551,1740000,0
R25-02552,64570000,150000
R25-02553,2490000,0
R25-02554,23620000,60000
R25-02555,62180000,150000
R25-02556,110580000,300000
R25-02557,26730000,60000
R25-02558,14690000,40000
R25-02559,66780000,300000
R25-02560,15520000,40000
R25-02561,116690000,300000
R25-02562,44310000,150000
R25-02563,85310000,300000
R25-02564,43030000,150000
R25-02565,37560000,150000
R25-02566,72620000,300000
R25-02567,222000000,1000000
R25-02568,62530000,150000
R25-02569,25600000,60000
R25-02570,2560000,0
R25-02571,42410000,150000
R25-02572,56390000,150000
R25-02573,41210000,150000
R25-02574,67820000,300000
R25-02575,42880000,150000
R25-02576,75190000,300000
R25-02577,1900000,0
R25-02578,95650000,300000
R25-02579,5770000,20000
R25-02580,43050000,150000
R25-02581,21130000,60000
R25-02582,38460000,150000
R25-02583,114700000,300000
R25-02584,136170000,600000
R25-02585,13770000,40000
R25-02586,31680000,60000
R25-02587,73080000,300000
R25-02588,62480000,150000
R25-02589,52140000,150000
R25-02590,11970000,40000
R25-02591,10590000,40000
R25-02592,45680000,150000
R25-02593,10500000,40000
R25-02594,32880000,60000
R25-02595,43820000,150000
R25-02596,73290000,300000
R25-02597,53860000,150000
R25-02598,22480000,60000
R25-02599,20480000,60000
R25-02600,23830000,60000
R25-02601,53340000,150000
R25-02602,22960000,60000
R25-02603,23480000,60000
R25-02604,22550000,60000
R25-02605,43180000,150000
R25-02606,53430000,150000
R25-02607,54660000,150000
R25-02608,6790000,20000
R25-02609,36630000,150000
R25-02610,27890000,60000
R25-02611,14220000,40000
R25-02612,41110000,150000
R25-02613,71750000,300000
R25-02614,52320000,150000
R25-02615,52700000,150000
R25-02616,152290000,600000
R25-02617,11810000,40000
R25-02618,22160000,60000
R25-02619,2950000,0
R25-02620,12500000,40000
R25-02621,17410000,40000
R25-02622,13370000,40000
R25-02623,23110000,60000
R25-02624,2790000,0
R25-02625,52380000,150000
R25-02626,85070000,300000
R25-02627,12330000,40000
R25-02628,46570000,150000
R25-02629,63210000,150000
R25-02630,13170000,40000
R25-02631,52840000,150000
R25-02632,19850000,40000
R25-02633,2440000,0
R25-02634,92630000,300000
R25-02635,24120000,60000
R25-02636,9380000,20000
R25-02637,21660000,60000
R25-02638,61760000,150000
R25-02639,730000,0
R25-02640,105020000,300000
R25-02641,22400000,60000
R25-02642,73900000,300000
R25-02643,1350000,0
R25-02644,63100000,150000
R25-02645,16570000,40000
R25-02646,44730000,150000
R25-02647,4680000,0
R25-02648,34860000,150000
R25-02649,41720000,150000
R25-02650,34290000,150000
R25-02651,6580000,20000
R25-02652,47390000,150000
R25-02653,32060000,60000
R25-02654,3950000,0
R25-02655,23390000,60000
R25-02656,32780000,60000
R25-02657,12130000,40000
R25-02658,99020000,300000
R25-02659,34030000,150000
R25-02660,65270000,150000
R25-02661,35460000,150000
R25-02662,1770000,0
R25-02663,2890000,0
R25-02664,76000000,300000
R25-02665,101680000,300000
R25-02666,15750000,40000
R25-02667,26930000,60000
R25-02668,22590000,60000
R25-02669,5660000,20000
R25-02670,36360000,150000
R25-02671,95840000,300000
R25-02672,53910000,150000
R25-02673,6850000,20000
R25-02674,12660000,40000
R25-02675,102870000,300000
R25-02676,75210000,300000
R25-02677,11400000,40000
R25-02678,4100000,0
R25-02679,71820000,300000
R25-02680,21790000,60000
R25-02681,44550000,150000
R25-02682,2540000,0
R25-02683,24270000,60000
R25-02684,24280000,60000
R25-02685,41940000,150000
R25-02686,8010000,20000
R25-02687,56290000,150000
R25-02688,42380000,150000
R25-02689,103220000,300000
R25-02690,104080000,300000
R25-02691,40720000,150000
R25-02692,128760000,300000
R25-02693,71040000,300000
R25-02694,6790000,20000
R25-02695,6490000,20000
R25-02696,32360000,60000
R25-02697,64840000,150000
R25-02698,98070000,300000
R25-02699,11350000,40000
R25-02700,42740000,150000
R25-02701,30640000,60000
R25-02702,22690000,60000
R25-02703,670000,0
R25-02704,11190000,40000
R25-02705,30460000,60000
R25-02706,94210000,300000
R25-02707,51470000,150000
R25-02708,68480000,300000
R25-02709,91790000,300000
R25-02710,1550000,0
R25-02711,27170000,60000
R25-02712,46110000,150000
R25-02713,148500000,600000
R25-02714,6280000,20000
R25-02715,34290000,150000
R25-02716,13880000,40000
R25-02717,23330000,60000
R25-02718,30110000,60000
R25-02719,23220000,60000
R25-02720,6300000,20000
R25-02721,82010000,300000
R25-02722,25420000,60000
R25-02723,105760000,300000
R25-02724,57250000,150000
R25-02725,5760000,20000
R25-02726,23690000,60000
R25-02727,41780000,150000
R25-02728,17040000,40000
R25-02729,42010000,150000
R25-02730,34770000,150000
R25-02731,93030000,300000
R25-02732,121130000,300000
R25-02733,15220000,40000
R25-02734,134220000,600000
R25-02735,47240000,150000
R25-02736,95420000,300000
R25-02737,24360000,60000
R25-02738,35820000,150000
R25-02739,23380000,60000
R25-02740,45010000,150000
R25-02741,800000,0
R25-02742,3130000,0
R25-02743,26600000,60000
R25-02744,1830000,0
R25-02745,61790000,150000
R25-02746,31340000,60000
R25-02747,113840000,300000
R25-02748,55370000,150000
R25-02749,4650000,0
R25-02750,27030000,60000
R25-02751,74600000,300000
R25-02752,84270000,300000
R25-02753,2710000,0
R25-02754,60770000,150000
R25-02755,85600000,300000
R25-02756,52080000,150000
R25-02757,41960000,150000
R25-02758,40920000,150000
R25-02759,2750000,0
R25-02760,48500000,150000
R25-02761,82160000,300000
R25-02762,11950000,40000
R25-02763,32130000,60000
R25-02764,53150000,150000
R25-02765,23140000,60000
R25-02766,41940000,150000
R25-02767,58460000,150000
R25-02768,87440000,300000
R25-02769,22360000,60000
R25-02770,93060000,300000
R25-02771,57870000,150000
R25-02772,72840000,300000
R25-02773,52400000,150000
R25-02774,17380000,40000
R25-02775,71300000,300000
R25-02776,53340000,150000
R25-02777,15980000,40000
R25-02778,22320000,60000
R25-02779,65150000,150000
R25-02780,106370000,300000
R25-02781,85270000,300000
R25-02782,52820000,150000
R25-02783,95570000,300000
R25-02784,62110000,150000
R25-02785,42140000,150000
R25-02786,65400000,150000
R25-02787,15940000,40000
R25-02788,12140000,40000
R25-02789,79010000,300000
R25-02790,24230000,60000
R25-02791,32640000,60000
R25-02792,3200000,0
R25-02793,36730000,150000
R25-02794,14700000,40000
R25-02795,32130000,60000
R25-02796,71870000,300000
R25-02797,64060000,150000
R25-02798,74930000,300000
R25-02799,23760000,60000
R25-02800,33730000,150000
R25-02801,35710000,150000
R25-02802,116520000,300000
R25-02803,73110000,300000
R25-02804,12720000,40000
R25-02805,9160000,20000
R25-02806,155360000,600000
R25-02807,86920000,300000
R25-02808,81440000,300000
R25-02809,124030000,300000
R25-02810,30740000,60000
R25-02811,53340000,150000
R25-02812,23240000,60000
R25-02813,14350000,40000
R25-02814,10730000,40000
R25-02815,43730000,150000
R25-02816,58590000,150000
R25-02817,43940000,150000
R25-02818,68970000,300000
R25-02819,8840000,20000
R25-02820,72570000,300000
R25-02821,12380000,40000
R25-02822,26820000,60000
R25-02823,2460000,0
R25-02824,72270000,300000
R25-02825,46220000,150000
R25-02826,141870000,600000
R25-02827,10990000,40000
R25-02828,35400000,150000
R25-02829,3540000,0
R25-02830,64980000,150000
R25-02831,41740000,150000
R25-02832,85400000,300000
R25-02833,22410000,60000
R25-02834,42740000,150000
R25-02835,25850000,60000
R25-02836,36480000,150000
R25-02837,13300000,40000
R25-02838,51110000,150000
R25-02839,95530000,300000
R25-02840,16940000,40000
R25-02841,118210000,300000
R25-02842,72210000,300000
R25-02843,52840000,150000
R25-02844,1870000,0
R25-02845,5830000,20000
R25-02846,17170000,40000
R25-02847,64640000,150000
R25-02848,380000,0
R25-02849,56660000,150000
R25-02850,3510000,0
R25-02851,52540000,150000
R25-02852,3240000,0
R25-02853,35270000,150000
R25-02854,21230000,60000
R25-02855,101750000,300000
R25-02856,77910000,300000
R25-02857,35360000,150000
R25-02858,42100000,150000
R25-02859,82800000,300000
R25-02860,3950000,0
R25-02861,23380000,60000
R25-02862,98060000,300000
R25-02863,24450000,60000
R25-02864,76340000,300000
R25-02865,43460000,150000
R25-02866,5500000,20000
R25-02867,53580000,150000
R25-02868,18020000,40000
R25-02869,52490000,150000
R25-02870,2040000,0
R25-02871,17470000,40000
R25-02872,13020000,40000
R25-02873,23190000,60000
R25-02874,680000,0
R25-02875,28370000,60000
R25-02876,5350000,20000
R25-02877,21040000,60000
R25-02878,44580000,150000
R25-02879,71320000,300000
R25-02880,12100000,40000
R25-02881,101930000,300000
R25-02882,11340000,40000
R25-02883,67100000,300000
R25-02884,14610000,40000
R25-02885,18350000,40000
R25-02886,7120000,20000
R25-02887,39370000,150000
R25-02888,68130000,300000
R25-02889,13520000,40000
R25-02890,120540000,300000
R25-02891,64350000,150000
R25-02892,31420000,60000
R25-02893,6040000,20000
R25-02894,35510000,150000
R25-02895,5840000,20000
R25-02896,11660000,40000
R25-02897,3080000,0
R25-02898,34830000,150000
R25-02899,106650000,300000
R25-02900,4560000,0
R25-02901,46040000,150000
R25-02902,13580000,40000
R25-02903,11350000,40000
R25-02904,97160000,300000
R25-02905,3570000,0
R25-02906,125870000,300000
R25-02907,34200000,150000
R25-02908,34370000,150000
R25-02909,43670000,150000
R25-02910,32630000,60000
R25-02911,84170000,300000
R25-02912,110640000,300000
R25-02913,61310000,150000
R25-02914,93660000,300000
R25-02915,14340000,40000
R25-02916,70840000,300000
R25-02917,1110000,0
R25-02918,23190000,60000
R25-02919,56500000,150000
R25-02920,85280000,300000
R25-02921,8220000,20000
R25-02922,44800000,150000
R25-02923,53920000,150000
R25-02924,27840000,60000
R25-02925,20990000,60000
R25-02926,22450000,60000
R25-02927,11660000,40000
R25-02928,66510000,150000
R25-02929,37760000,150000
R25-02930,32520000,60000
R25-02931,105070000,300000
R25-02932,36370000,150000
R25-02933,4410000,0
R25-02934,102000000,300000
R25-02935,6600000,20000
R25-02936,21540000,60000
R25-02937,14240000,40000
R25-02938,4460000,0
R25-02939,42540000,150000
R25-02940,1500000,0
R25-02941,31400000,60000
R25-02942,52810000,150000
R25-02943,25130000,60000
R25-02944,43930000,150000
R25-02945,34390000,150000
R25-02946,34540000,150000
R25-02947,41970000,150000
R25-02948,41400000,150000
R25-02949,86100000,300000
R25-02950,34670000,150000
R25-02951,9360000,20000
R25-02952,42980000,150000
R25-02953,102620000,300000
R25-02954,68540000,300000
R25-02955,16990000,40000
R25-02956,5920000,20000
R25-02957,13490000,40000
R25-02958,24110000,60000
R25-02959,112690000,300000
R25-02960,43060000,150000
R25-02961,76030000,300000
R25-02962,52360000,150000
R25-02963,43270000,150000
R25-02964,14890000,40000
R25-02965,134880000,600000
R25-02966,10380000,40000
R25-02967,43520000,150000
R25-02968,26110000,60000
R25-02969,10500000,40000
R25-02970,44330000,150000
R25-02971,71980000,300000
R25-02972,60160000,150000
R25-02973,4910000,0
R25-02974,27860000,60000
R25-02975,7580000,20000
R25-02976,48370000,150000
R25-02977,69380000,300000
R25-02978,92080000,300000
R25-02979,5720000,20000
R25-02980,13120000,40000
R25-02981,11260000,40000
R25-02982,14780000,40000
R25-02983,82180000,300000
R25-02984,93490000,300000
R25-02985,6310000,20000
R25-02986,12460000,40000
R25-02987,52350000,150000
R25-02988,74270000,300000
R25-02989,60900000,150000
R25-02990,56630000,150000
R25-02991,26020000,60000
R25-02992,82050000,300000
R25-02993,2960000,0
R25-02994,3580000,0
R25-02995,57950000,150000
R25-02996,66250000,150000
R25-02997,151740000,600000
R25-02998,62910000,150000
R25-02999,63470000,150000
R25-03000,12110000,40000
R25-03001,82360000,300000
R25-03002,5170000,20000
R25-03003,34920000,150000
R25-03004,53190000,150000
R25-03005,13400000,40000
R25-03006,31280000,60000
R25-03007,7150000,20000
R25-03008,32310000,60000
R25-03009,83240000,300000
R25-03010,5060000,20000
R25-03011,43130000,150000
R25-03012,116510000,300000
R25-03013,42800000,150000
R25-03014,88770000,300000
R25-03015,57130000,150000
R25-03016,62800000,150000
R25-03017,21380000,60000
R25-03018,15870000,40000
R25-03019,45920000,150000
R25-03020,83640000,300000
R25-03021,23640000,60000
R25-03022,12290000,40000
R25-03023,24200000,60000
R25-03024,2040000,0
R25-03025,62690000,150000
R25-03026,43130000,150000
R25-03027,77900000,300000
R25-03028,42330000,150000
R25-03029,44970000,150000
R25-03030,7180000,20000
R25-03031,25840000,60000
R25-03032,22530000,60000
R25-03033,43510000,150000
R25-03034,62830000,150000
R25-03035,41850000,150000
R25-03036,72640000,300000
R25-03037,89070000,300000
R25-03038,95460000,300000
R25-03039,36030000,150000
R25-03040,92730000,300000
R25-03041,44710000,150000
R25-03042,81600000,300000
R25-03043,13960000,40000
R25-03044,12360000,40000
R25-03045,22900000,60000
R25-03046,63980000,150000
R25-03047,42860000,150000
R25-03048,54250000,150000
R25-03049,46100000,150000
R25-03050,76150000,300000
R25-03051,11580000,40000
R25-03052,67100000,300000
R25-03053,72750000,300000
R25-03054,30600000,60000
R25-03055,85210000,300000
R25-03056,2350000,0
R25-03057,2080000,0
R25-03058,5330000,20000
R25-03059,43590000,150000
R25-03060,20950000,60000
R25-03061,44380000,150000
R25-03062,23960000,60000
R25-03063,62980000,150000
R25-03064,18010000,40000
R25-03065,41020000,150000
R25-03066,75160000,300000
R25-03067,1760000,0
R25-03068,47190000,150000
R25-03069,102820000,300000
R25-03070,2420000,0
R25-03071,69030000,300000
R25-03072,2320000,0
R25-03073,103160000,300000
R25-03074,87290000,300000
R25-03075,31720000,60000
R25-03076,12220000,40000
R25-03077,11260000,40000
R25-03078,42130000,150000
R25-03079,43170000,150000
R25-03080,32340000,60000
R25-03081,51390000,150000
R25-03082,4630000,0
R25-03083,25110000,60000
R25-03084,29180000,60000
R25-03085,2780000,0
R25-03086,61440000,150000
R25-03087,22100000,60000
R25-03088,2510000,0
R25-03089,54170000,150000
R25-03090,2650000,0
R25-03091,14870000,40000
R25-03092,33920000,150000
R25-03093,28420000,60000
R25-03094,33710000,150000
R25-03095,3130000,0
R25-03096,10770000,40000
R25-03097,31340000,60000
R25-03098,24330000,60000
R25-03099,3730000,0
R25-03100,31810000,60000
R25-03101,82870000,300000
R25-03102,1380000,0
R25-03103,74280000,300000
R25-03104,4180000,0
R25-03105,54610000,150000
R25-03106,156630000,600000
R25-03107,2210000,0
R25-03108,23770000,60000
R25-03109,5340000,20000
R25-03110,7780000,20000
R25-03111,86870000,300000
R25-03112,44950000,150000
R25-03113,42520000,150000
R25-03114,8380000,20000
R25-03115,34290000,150000
R25-03116,32190000,60000
R25-03117,102610000,300000
R25-03118,42050000,150000
R25-03119,37110000,150000
R25-03120,7140000,20000
R25-03121,23640000,60000
R25-03122,115370000,300000
R25-03123,67090000,300000
R25-03124,63530000,150000
R25-03125,4000000,0
R25-03126,12950000,40000
R25-03127,14970000,40000
R25-03128,1270000,0
R25-03129,31030000,60000
R25-03130,31790000,60000
R25-03131,26560000,60000
R25-03132,75800000,300000
R25-03133,17430000,40000
R25-03134,65520000,150000
R25-03135,5920000,20000
R25-03136,47980000,150000
R25-03137,11430000,40000
R25-03138,75050000,300000
R25-03139,13970000,40000
R25-03140,144700000,600000
R25-03141,14510000,40000
R25-03142,33080000,60000
R25-03143,43360000,150000
R25-03144,42820000,150000
R25-03145,64650000,150000
R25-03146,79180000,300000
R25-03147,22610000,60000
R25-03148,82980000,300000
R25-03149,21640000,60000
R25-03150,6870000,20000
R25-03151,74040000,300000
R25-03152,83850000,300000
R25-03153,7420000,20000
R25-03154,58110000,150000
R25-03155,3840000,0
R25-03156,6710000,20000
R25-03157,40640000,150000
R25-03158,22070000,60000
R25-03159,6170000,20000
R25-03160,101810000,300000
R25-03161,37240000,150000
R25-03162,63030000,150000
R25-03163,4740000,0
R25-03164,102290000,300000
R25-03165,22690000,60000
R25-03166,47750000,150000
R25-03167,3680000,0
R25-03168,13950000,40000
R25-03169,62170000,150000
R25-03170,12930000,40000
R25-03171,52700000,150000
R25-03172,25310000,60000
R25-03173,6490000,20000
R25-03174,26660000,60000
R25-03175,44550000,150000
R25-03176,91120000,300000
R25-03177,1460000,0
R25-03178,74830000,300000
R25-03179,65690000,150000
R25-03180,22110000,60000
R25-03181,65950000,150000
R25-03182,63050000,150000
R25-03183,12700000,40000
R25-03184,41400000,150000
R25-03185,22490000,60000
R25-03186,25650000,60000
R25-03187,20300000,60000
R25-03188,68770000,300000
R25-03189,10380000,40000
R25-03190,103660000,300000
R25-03191,33930000,150000
R25-03192,14710000,40000
R25-03193,54930000,150000
R25-03194,31780000,60000
R25-03195,35270000,150000
R25-03196,42690000,150000
R25-03197,16900000,40000
R25-03198,57660000,150000
R25-03199,23910000,60000
R25-03200,94440000,300000
R25-03201,10940000,40000
R25-03202,84800000,300000
R25-03203,20570000,60000
R25-03204,88990000,300000
R25-03205,63820000,150000
R25-03206,6030000,20000
R25-03207,16310000,40000
R25-03208,13230000,40000
R25-03209,2120000,0
R25-03210,14090000,40000
R25-03211,31350000,60000
R25-03212,112980000,300000
R25-03213,15300000,40000
R25-03214,33750000,150000
R25-03215,28740000,60000
R25-03216,22830000,60000
R25-03217,18880000,40000
R25-03218,42250000,150000
R25-03219,71540000,300000
R25-03220,63810000,150000
R25-03221,23740000,60000
R25-03222,5910000,20000
R25-03223,21390000,60000
R25-03224,27200000,60000
R25-03225,16970000,40000
R25-03226,85380000,300000
R25-03227,24260000,60000
R25-03228,64580000,150000
R25-03229,66860000,300000
R25-03230,11160000,40000
R25-03231,46970000,150000
R25-03232,14200000,40000
R25-03233,2920000,0
R25-03234,73700000,300000
R25-03235,3970000,0
R25-03236,3660000,0
R25-03237,102380000,300000
R25-03238,27690000,60000
R25-03239,36540000,150000
R25-03240,103470000,300000
R25-03241,27320000,60000
R25-03242,62510000,150000
R25-03243,23970000,60000
R25-03244,13510000,40000
R25-03245,15100000,40000
R25-03246,3630000,0
R25-03247,91330000,300000
R25-03248,12350000,40000
R25-03249,50300000,150000
R25-03250,6570000,20000
R25-03251,2410000,0
R25-03252,45370000,150000
R25-03253,53480000,150000
R25-03254,62320000,150000
R25-03255,172840000,600000
R25-03256,23800000,60000
R25-03257,38360000,150000
R25-03258,11440000,40000
R25-03259,73130000,300000
R25-03260,13500000,40000
R25-03261,102010000,300000
R25-03262,70480000,300000
R25-03263,24740000,60000
R25-03264,62150000,150000
R25-03265,62730000,150000
R25-03266,146710000,600000
R25-03267,4370000,0
R25-03268,17580000,40000
R25-03269,34750000,150000
R25-03270,3790000,0
R25-03271,7300000,20000
R25-03272,23360000,60000
R25-03273,31050000,60000
R25-03274,900000,0
R25-03275,61950000,150000
R25-03276,90460000,300000
R25-03277,26970000,60000
R25-03278,46490000,150000
R25-03279,77390000,300000
R25-03280,26790000,60000
R25-03281,23690000,60000
R25-03282,6770000,20000
R25-03283,14060000,40000
R25-03284,3440000,0
R25-03285,13910000,40000
R25-03286,43310000,150000
R25-03287,15140000,40000
R25-03288,125700000,300000
R25-03289,45420000,150000
R25-03290,51760000,150000
R25-03291,66130000,150000
R25-03292,22170000,60000
R25-03293,34330000,150000
R25-03294,7410000,20000
R25-03295,28570000,60000
R25-03296,57430000,150000
R25-03297,72790000,300000
R25-03298,27330000,60000
R25-03299,38280000,150000
R25-03300,1030000,0
R25-03301,54440000,150000
R25-03302,43730000,150000
R25-03303,52260000,150000
R25-03304,48200000,150000
R25-03305,16960000,40000
R25-03306,50890000,150000
R25-03307,76650000,300000
R25-03308,96650000,300000
R25-03309,2420000,0
R25-03310,61210000,150000
R25-03311,27820000,60000
R25-03312,23150000,60000
R25-03313,2290000,0
R25-03314,113950000,300000
R25-03315,63870000,150000
R25-03316,87870000,300000
R25-03317,61410000,150000
R25-03318,53730000,150000
R25-03319,44170000,150000
R25-03320,12650000,40000
R25-03321,68740000,300000
R25-03322,91110000,300000
R25-03323,55400000,150000
R25-03324,31260000,60000
R25-03325,34260000,150000
R25-03326,44670000,150000
R25-03327,63700000,150000
R25-03328,48270000,150000
R25-03329,75850000,300000
R25-03330,2660000,0
R25-03331,45580000,150000
R25-03332,70380000,300000
R25-03333,31420000,60000
R25-03334,26030000,60000
R25-03335,2610000,0
R25-03336,16310000,40000
R25-03337,6550000,20000
R25-03338,25180000,60000
R25-03339,36610000,150000
R25-03340,7010000,20000
R25-03341,12100000,40000
R25-03342,26640000,60000
R25-03343,3450000,0
R25-03344,25180000,60000
R25-03345,68350000,300000
R25-03346,46430000,150000
R25-03347,24790000,60000
R25-03348,40730000,150000
R25-03349,4420000,0
R25-03350,54280000,150000
R25-03351,83350000,300000
R25-03352,37810000,150000
R25-03353,21730000,60000
R25-03354,34020000,150000
R25-03355,23260000,60000
R25-03356,66300000,150000
R25-03357,6720000,20000
R25-03358,80850000,300000
R25-03359,17730000,40000
R25-03360,68020000,300000
R25-03361,27790000,60000
R25-03362,13290000,40000
R25-03363,62770000,150000
R25-03364,91150000,300000
R25-03365,2060000,0
R25-03366,56860000,150000
R25-03367,4060000,0
R25-03368,74140000,300000
R25-03369,51910000,150000
R25-03370,102110000,300000
R25-03371,62240000,150000
R25-03372,4960000,0
R25-03373,23920000,60000
R25-03374,65650000,150000
R25-03375,74140000,300000
R25-03376,156490000,600000
R25-03377,22490000,60000
R25-03378,4870000,0
R25-03379,2850000,0
R25-03380,4300000,0
R25-03381,13530000,40000
R25-03382,43130000,150000
R25-03383,87990000,300000
R25-03384,53210000,150000
R25-03385,44650000,150000
R25-03386,11910000,40000
R25-03387,35640000,150000
R25-03388,26590000,60000
R25-03389,50670000,150000
R25-03390,1830000,0
R25-03391,27920000,60000
R25-03392,5810000,20000
R25-03393,62690000,150000
R25-03394,44990000,150000
R25-03395,81340000,300000
R25-03396,20530000,60000
R25-03397,4320000,0
R25-03398,13130000,40000
R25-03399,41390000,150000
R25-03400,1510000,0
R25-03401,93280000,300000
R25-03402,22760000,60000
R25-03403,68040000,300000
R25-03404,54340000,150000
R25-03405,66180000,150000
R25-03406,59700000,150000
R25-03407,75240000,300000
R25-03408,52060000,150000
R25-03409,93650000,300000
R25-03410,42720000,150000
R25-03411,118650000,300000
R25-03412,112040000,300000
R25-03413,112990000,300000
R25-03414,33890000,150000
R25-03415,32710000,60000
R25-03416,83220000,300000
R25-03417,52420000,150000
R25-03418,122390000,300000
R25-03419,6390000,20000
R25-03420,72870000,300000
R25-03421,51280000,150000
R25-03422,35700000,150000
R25-03423,1740000,0
R25-03424,65800000,150000
R25-03425,22970000,60000
R25-03426,13710000,40000
R25-03427,12490000,40000
R25-03428,81970000,300000
R25-03429,63340000,150000
R25-03430,25260000,60000
R25-03431,32270000,60000
R25-03432,94590000,300000
R25-03433,67780000,300000
R25-03434,54090000,150000
R25-03435,18990000,40000
R25-03436,52590000,150000
R25-03437,85120000,300000
R25-03438,27440000,60000
R25-03439,10660000,40000
R25-03440,32630000,60000
R25-03441,2500000,0
R25-03442,43800000,150000
R25-03443,20610000,60000
R25-03444,64950000,150000
R25-03445,21040000,60000
R25-03446,20910000,60000
R25-03447,34070000,150000
R25-03448,61730000,150000
R25-03449,6310000,20000
R25-03450,34530000,150000
R25-03451,88240000,300000
R25-03452,77190000,300000
R25-03453,21460000,60000
R25-03454,3800000,0
R25-03455,3270000,0
R25-03456,93870000,300000
R25-03457,21400000,60000
R25-03458,96580000,300000
R25-03459,54730000,150000
R25-03460,76940000,300000
R25-03461,15970000,40000
R25-03462,11590000,40000
R25-03463,44590000,150000
R25-03464,33000000,60000
R25-03465,84230000,300000
R25-03466,14970000,40000
R25-03467,34460000,150000
R25-03468,3510000,0
R25-03469,111230000,300000
R25-03470,103490000,300000
R25-03471,100420000,300000
R25-03472,41460000,150000
R25-03473,83260000,300000
R25-03474,16980000,40000
R25-03475,82480000,300000
R25-03476,26170000,60000
R25-03477,12590000,40000
R25-03478,22930000,60000
R25-03479,13930000,40000
R25-03480,77370000,300000
R25-03481,81590000,300000
R25-03482,74250000,300000
R25-03483,5720000,20000
R25-03484,43320000,150000
R25-03485,5540000,20000
R25-03486,22120000,60000
R25-03487,23900000,60000
R25-03488,32360000,60000
R25-03489,103950000,300000
R25-03490,5060000,20000
R25-03491,17960000,40000
R25-03492,11460000,40000
R25-03493,63220000,150000
R25-03494,24410000,60000
R25-03495,51850000,150000
R25-03496,23500000,60000
R25-03497,13560000,40000
R25-03498,2120000,0
R25-03499,34130000,150000
R25-03500,61370000,150000
R25-03501,61860000,150000
R25-03502,34630000,150000
R25-03503,12160000,40000
R25-03504,22450000,60000
R25-03505,82150000,300000
R25-03506,54440000,150000
R25-03507,57110000,150000
R25-03508,67420000,300000
R25-03509,41490000,150000
R25-03510,31510000,60000
R25-03511,44200000,150000
R25-03512,73150000,300000
R25-03513,71700000,300000
R25-03514,5580000,20000
R25-03515,25950000,60000
R25-03516,5450000,20000
R25-03517,82770000,300000
R25-03518,14790000,40000
R25-03519,30770000,60000
R25-03520,6630000,20000
R25-03521,3100000,0
R25-03522,23540000,60000
R25-03523,24340000,60000
R25-03524,72760000,300000
R25-03525,29370000,60000
R25-03526,1460000,0
R25-03527,22610000,60000
R25-03528,44810000,150000
R25-03529,44900000,150000
R25-03530,23410000,60000
R25-03531,51670000,150000
R25-03532,33410000,150000
R25-03533,23010000,60000
R25-03534,2430000,0
R25-03535,23580000,60000
R25-03536,36260000,150000
R25-03537,23520000,60000
R25-03538,65130000,150000
R25-03539,46670000,150000
R25-03540,18910000,40000
R25-03541,4360000,0
R25-03542,24260000,60000
R25-03543,12190000,40000
R25-03544,21920000,60000
R25-03545,2080000,0
R25-03546,36530000,150000
R25-03547,35700000,150000
R25-03548,19180000,40000
R25-03549,76930000,300000
R25-03550,123030000,300000
R25-03551,118280000,300000
R25-03552,21430000,60000
R25-03553,225500000,1000000
R25-03554,111790000,300000
R25-03555,94010000,300000
R25-03556,71300000,300000
R25-03557,42860000,150000
R25-03558,11030000,40000
R25-03559,33340000,150000
R25-03560,33360000,150000
R25-03561,27200000,60000
R25-03562,42070000,150000
R25-03563,52340000,150000
R25-03564,54830000,150000
R25-03565,22340000,60000
R25-03566,24000000,60000
R25-03567,5470000,20000
R25-03568,25890000,60000
R25-03569,21920000,60000
R25-03570,24810000,60000
R25-03571,15170000,40000
R25-03572,42030000,150000
R25-03573,3480000,0
R25-03574,2520000,0
R25-03575,82100000,300000
R25-03576,3750000,0
R25-03577,15350000,40000
R25-03578,54450000,150000
R25-03579,102620000,300000
R25-03580,22530000,60000
R25-03581,123350000,300000
R25-03582,51590000,150000
R25-03583,32370000,60000
R25-03584,5210000,20000
R25-03585,12020000,40000
R25-03586,103920000,300000
R25-03587,75990000,300000
R25-03588,56900000,150000
R25-03589,120900000,300000
R25-03590,11940000,40000
R25-03591,51440000,150000
R25-03592,25520000,60000
R25-03593,10570000,40000
R25-03594,11800000,40000
R25-03595,75680000,300000
R25-03596,43260000,150000
R25-03597,63960000,150000
R25-03598,2430000,0
R25-03599,50520000,150000
R25-03600,102190000,300000
R25-03601,41870000,150000
R25-03602,55980000,150000
R25-03603,15790000,40000
R25-03604,41940000,150000
R25-03605,38090000,150000
R25-03606,12120000,40000
R25-03607,26630000,60000
R25-03608,46580000,150000
R25-03609,22650000,60000
R25-03610,11910000,40000
R25-03611,45330000,150000
R25-03612,8010000,20000
R25-03613,47150000,150000
R25-03614,20830000,60000
R25-03615,11140000,40000
R25-03616,94670000,300000
R25-03617,64970000,150000
R25-03618,43970000,150000
R25-03619,37440000,150000
R25-03620,112680000,300000
R25-03621,45110000,150000
R25-03622,4780000,0
R25-03623,45410000,150000
R25-03624,128000000,300000
R25-03625,54060000,150000
R25-03626,34100000,150000
R25-03627,14650000,40000
R25-03628,34910000,150000
R25-03629,72990000,300000
R25-03630,35390000,150000
R25-03631,22210000,60000
R25-03632,4160000,0
R25-03633,16250000,40000
R25-03634,16950000,40000
R25-03635,21330000,60000
R25-03636,34920000,150000
R25-03637,10830000,40000
R25-03638,13380000,40000
R25-03639,15130000,40000
R25-03640,4980000,0
R25-03641,66910000,300000
R25-03642,41720000,150000
R25-03643,72800000,300000
R25-03644,1730000,0
R25-03645,4360000,0
R25-03646,4650000,0
R25-03647,470000,0
R25-03648,41780000,150000
R25-03649,103190000,300000
R25-03650,16610000,40000
R25-03651,72150000,300000
R25-03652,94040000,300000
R25-03653,61970000,150000
R25-03654,27350000,60000
R25-03655,63400000,150000
R25-03656,31980000,60000
R25-03657,12380000,40000
R25-03658,83550000,300000
R25-03659,20080000,60000
R25-03660,11190000,40000
R25-03661,31760000,60000
R25-03662,19350000,40000
R25-03663,16730000,40000
R25-03664,71860000,300000
R25-03665,72380000,300000
R25-03666,8970000,20000
R25-03667,107740000,300000
R25-03668,116590000,300000
R25-03669,17040000,40000
R25-03670,141190000,600000
R25-03671,67340000,300000
R25-03672,41460000,150000
R25-03673,14780000,40000
R25-03674,64100000,150000
R25-03675,25860000,60000
R25-03676,8450000,20000
R25-03677,24930000,60000
R25-03678,34560000,150000
R25-03679,42160000,150000
R25-03680,61620000,150000
R25-03681,53050000,150000
R25-03682,53720000,150000
R25-03683,14880000,40000
R25-03684,2800000,0
R25-03685,13320000,40000
R25-03686,1340000,0
R25-03687,12640000,40000
R25-03688,2840000,0
R25-03689,105460000,300000
R25-03690,91510000,300000
R25-03691,15550000,40000
R25-03692,42450000,150000
R25-03693,31440000,60000
R25-03694,75790000,300000
R25-03695,108230000,300000
R25-03696,13680000,40000
R25-03697,8920000,20000
R25-03698,340000,0
R25-03699,131570000,300000
R25-03700,5440000,20000
R25-03701,56930000,150000
R25-03702,23770000,60000
R25-03703,12720000,40000
R25-03704,124570000,300000
R25-03705,95760000,300000
R25-03706,43210000,150000
R25-03707,63760000,150000
R25-03708,2150000,0
R25-03709,108180000,300000
R25-03710,65030000,150000
R25-03711,72810000,300000
R25-03712,2760000,0
R25-03713,69240000,300000
R25-03714,5980000,20000
R25-03715,11730000,40000
R25-03716,72740000,300000
R25-03717,34940000,150000
R25-03718,53500000,150000
R25-03719,77170000,300000
R25-03720,35240000,150000
R25-03721,93790000,300000
R25-03722,53810000,150000
R25-03723,24590000,60000
R25-03724,87220000,300000
R25-03725,12210000,40000
R25-03726,23500000,60000
R25-03727,47620000,150000
R25-03728,94740000,300000
R25-03729,2770000,0
R25-03730,51620000,150000
R25-03731,820000,0
R25-03732,154930000,600000
R25-03733,1930000,0
R25-03734,52740000,150000
R25-03735,58560000,150000
R25-03736,2510000,0
R25-03737,74640000,300000
R25-03738,57060000,150000
R25-03739,22540000,60000
R25-03740,13550000,40000
R25-03741,45990000,150000
R25-03742,22600000,60000
R25-03743,41650000,150000
R25-03744,78060000,300000
R25-03745,56170000,150000
R25-03746,17240000,40000
R25-03747,44240000,150000
R25-03748,75450000,300000
R25-03749,46760000,150000
R25-03750,67860000,300000
R25-03751,57180000,150000
R25-03752,20530000,60000
R25-03753,16980000,40000
R25-03754,53790000,150000
R25-03755,152150000,600000
R25-03756,115990000,300000
R25-03757,14690000,40000
R25-03758,3460000,0
R25-03759,53740000,150000
R25-03760,76730000,300000
R25-03761,32440000,60000
R25-03762,55120000,150000
R25-03763,4110000,0
R25-03764,13930000,40000
R25-03765,4890000,0
R25-03766,34170000,150000
R25-03767,72730000,300000
R25-03768,31950000,60000
R25-03769,71440000,300000
R25-03770,23720000,60000
R25-03771,44210000,150000
R25-03772,53290000,150000
R25-03773,63940000,150000
R25-03774,12620000,40000
R25-03775,72850000,300000
R25-03776,72730000,300000
R25-03777,32800000,60000
R25-03778,32610000,60000
R25-03779,12930000,40000
R25-03780,1230000,0
R25-03781,8020000,20000
R25-03782,2750000,0
R25-03783,35530000,150000
R25-03784,17040000,40000
R25-03785,3790000,0
R25-03786,32060000,60000
R25-03787,109110000,300000
R25-03788,42600000,150000
R25-03789,11830000,40000
R25-03790,21700000,60000
R25-03791,43300000,150000
R25-03792,87430000,300000
R25-03793,25840000,60000
R25-03794,6820000,20000
R25-03795,12880000,40000
R25-03796,3110000,0
R25-03797,6300000,20000
R25-03798,23130000,60000
R25-03799,7240000,20000
R25-03800,930000,0
R25-03801,26380000,60000
R25-03802,41430000,150000
R25-03803,38060000,150000
R25-03804,54200000,150000
R25-03805,2120000,0
R25-03806,13700000,40000
R25-03807,71960000,300000
R25-03808,3770000,0
R25-03809,82540000,300000
R25-03810,22680000,60000
R25-03811,3350000,0
R25-03812,23140000,60000
R25-03813,11410000,40000
R25-03814,86270000,300000
R25-03815,24150000,60000
R25-03816,82330000,300000
R25-03817,32130000,60000
R25-03818,51480000,150000
R25-03819,55860000,150000
R25-03820,28620000,60000
R25-03821,35740000,150000
R25-03822,1370000,0
R25-03823,55240000,150000
R25-03824,107870000,300000
R25-03825,25580000,60000
R25-03826,71680000,300000
R25-03827,68720000,300000
R25-03828,45220000,150000
R25-03829,71910000,300000
R25-03830,12180000,40000
R25-03831,72210000,300000
R25-03832,72010000,300000
R25-03833,23270000,60000
R25-03834,40580000,150000
R25-03835,15820000,40000
R25-03836,4240000,0
R25-03837,64290000,150000
R25-03838,22460000,60000
R25-03839,86330000,300000
R25-03840,25260000,60000
R25-03841,11250000,40000
R25-03842,13790000,40000
R25-03843,107080000,300000
R25-03844,112320000,300000
R25-03845,17940000,40000
R25-03846,72790000,300000
R25-03847,34690000,150000
R25-03848,116460000,300000
R25-03849,4290000,0
R25-03850,26210000,60000
R25-03851,23270000,60000
R25-03852,16390000,40000
R25-03853,23340000,60000
R25-03854,64790000,150000
R25-03855,13540000,40000
R25-03856,62080000,150000
R25-03857,7370000,20000
R25-03858,85930000,300000
R25-03859,6010000,20000
R25-03860,34500000,150000
R25-03861,5470000,20000
R25-03862,13150000,40000
R25-03863,12430000,40000
R25-03864,8310000,20000
R25-03865,7340000,20000
R25-03866,2540000,0
R25-03867,24510000,60000
R25-03868,45120000,150000
R25-03869,62110000,150000
R25-03870,13540000,40000
R25-03871,36120000,150000
R25-03872,12940000,40000
R25-03873,66710000,300000
R25-03874,65570000,150000
R25-03875,66020000,150000
R25-03876,81730000,300000
R25-03877,41370000,150000
R25-03878,122000000,300000
R25-03879,46760000,150000
R25-03880,81510000,300000
R25-03881,22100000,60000
R25-03882,3500000,0
R25-03883,3600000,0
R25-03884,27580000,60000
R25-03885,111980000,300000
R25-03886,71680000,300000
R25-03887,61480000,150000
R25-03888,81510000,300000
R25-03889,123530000,300000
R25-03890,40450000,150000
R25-03891,84730000,300000
R25-03892,106140000,300000
R25-03893,61750000,150000
R25-03894,81660000,300000
R25-03895,16810000,40000
R25-03896,4520000,0
R25-03897,53390000,150000
R25-03898,42540000,150000
R25-03899,141690000,600000
R25-03900,116540000,300000
R25-03901,40920000,150000
R25-03902,32070000,60000
R25-03903,42220000,150000
R25-03904,43020000,150000
R25-03905,64270000,150000
R25-03906,73820000,300000
R25-03907,11820000,40000
R25-03908,91140000,300000
R25-03909,1420000,0
R25-03910,3670000,0
R25-03911,33030000,60000
R25-03912,66350000,150000
R25-03913,23660000,60000
R25-03914,86370000,300000
R25-03915,21460000,60000
R25-03916,43520000,150000
R25-03917,45910000,150000
R25-03918,32970000,60000
R25-03919,64710000,150000
R25-03920,66180000,150000
R25-03921,42990000,150000
R25-03922,22000000,60000
R25-03923,84250000,300000
R25-03924,97570000,300000
R25-03925,23890000,60000
R25-03926,114800000,300000
R25-03927,82720000,300000
R25-03928,22120000,60000
R25-03929,11050000,40000
R25-03930,75910000,300000
R25-03931,72940000,300000
R25-03932,45890000,150000
R25-03933,43510000,150000
R25-03934,111830000,300000
R25-03935,66150000,150000
R25-03936,45310000,150000
R25-03937,4370000,0
R25-03938,61490000,150000
R25-03939,32040000,60000
R25-03940,3130000,0
R25-03941,27820000,60000
R25-03942,117600000,300000
R25-03943,60760000,150000
R25-03944,75350000,300000
R25-03945,40220000,150000
R25-03946,51450000,150000
R25-03947,62890000,150000
R25-03948,113010000,300000
R25-03949,54670000,150000
R25-03950,58470000,150000
R25-03951,41860000,150000
R25-03952,33340000,150000
R25-03953,71700000,300000
R25-03954,34410000,150000
R25-03955,43180000,150000
R25-03956,21830000,60000
R25-03957,74380000,300000
R25-03958,63680000,150000
R25-03959,228610000,1000000
R25-03960,94830000,300000
R25-03961,54090000,150000
R25-03962,38580000,150000
R25-03963,45120000,150000
R25-03964,46000000,150000
R25-03965,570000,0
R25-03966,13790000,40000
R25-03967,12660000,40000
R25-03968,4090000,0
R25-03969,55970000,150000
R25-03970,94400000,300000
R25-03971,96260000,300000
R25-03972,32910000,60000
R25-03973,3530000,0
R25-03974,42240000,150000
R25-03975,64930000,150000
R25-03976,6500000,20000
R25-03977,75730000,300000
R25-03978,25870000,60000
R25-03979,14400000,40000
R25-03980,73700000,300000
R25-03981,900000,0
R25-03982,65080000,150000
R25-03983,31850000,60000
R25-03984,6020000,20000
R25-03985,63380000,150000
R25-03986,38620000,150000
R25-03987,46730000,150000
R25-03988,11480000,40000
R25-03989,3840000,0
R25-03990,2890000,0
R25-03991,66270000,150000
R25-03992,890000,0
R25-03993,130650000,300000
R25-03994,111890000,300000
R25-03995,85580000,300000
R25-03996,21900000,60000
R25-03997,21440000,60000
R25-03998,61940000,150000
R25-03999,61170000,150000
R25-04000,26170000,60000
R25-04001,121100000,300000
R25-04002,21610000,60000
R25-04003,3770000,0
R25-04004,2400000,0
R25-04005,20530000,60000
R25-04006,24120000,60000
R25-04007,53140000,150000
R25-04008,34870000,150000
R25-04009,41500000,150000
R25-04010,10560000,40000
R25-04011,14060000,40000
R25-04012,24330000,60000
R25-04013,103880000,300000
R25-04014,23900000,60000
R25-04015,72210000,300000
R25-04016,91780000,300000
R25-04017,41930000,150000
R25-04018,75410000,300000
R25-04019,75580000,300000
R25-04020,73110000,300000
R25-04021,54080000,150000
R25-04022,13610000,40000
R25-04023,45090000,150000
R25-04024,76260000,300000
R25-04025,85200000,300000
R25-04026,7210000,20000
R25-04027,12040000,40000
R25-04028,65080000,150000
R25-04029,94770000,300000
R25-04030,54630000,150000
R25-04031,75470000,300000
R25-04032,65940000,150000
R25-04033,23880000,60000
R25-04034,21500000,60000
R25-04035,2730000,0
R25-04036,30770000,60000
R25-04037,14350000,40000
R25-04038,35090000,150000
R25-04039,61880000,150000
R25-04040,96700000,300000
R25-04041,41180000,150000
R25-04042,57610000,150000
R25-04043,34510000,150000
R25-04044,25530000,60000
R25-04045,34140000,150000
R25-04046,35010000,150000
R25-04047,71890000,300000
R25-04048,21940000,60000
R25-04049,4560000,0
R25-04050,13210000,40000
R25-04051,11840000,40000
R25-04052,142480000,600000
R25-04053,1970000,0
R25-04054,6930000,20000
R25-04055,21390000,60000
R25-04056,56140000,150000
R25-04057,31940000,60000
R25-04058,42430000,150000
R25-04059,34280000,150000
R25-04060,72100000,300000
R25-04061,94600000,300000
R25-04062,40230000,150000
R25-04063,2200000,0
R25-04064,14130000,40000
R25-04065,31990000,60000
R25-04066,62380000,150000
R25-04067,116610000,300000
R25-04068,44940000,150000
R25-04069,104200000,300000
R25-04070,175040000,600000
R25-04071,48990000,150000
R25-04072,42160000,150000
R25-04073,34590000,150000
R25-04074,41900000,150000
R25-04075,85370000,300000
R25-04076,83440000,300000
R25-04077,2920000,0
R25-04078,45340000,150000
R25-04079,74800000,300000
R25-04080,82230000,300000
R25-04081,23870000,60000
R25-04082,93260000,300000
R25-04083,14790000,40000
R25-04084,13340000,40000
R25-04085,81060000,300000
R25-04086,21670000,60000
R25-04087,81440000,300000
R25-04088,17540000,40000
R25-04089,54190000,150000
R25-04090,2680000,0
R25-04091,101900000,300000
R25-04092,87130000,300000
R25-04093,51640000,150000
R25-04094,33160000,60000
R25-04095,13080000,40000
R25-04096,22980000,60000
R25-04097,67580000,300000
R25-04098,20440000,60000
R25-04099,23350000,60000
R25-04100,62020000,150000
R25-04101,46420000,150000
R25-04102,42930000,150000
R25-04103,43780000,150000
R25-04104,22350000,60000
R25-04105,3980000,0
R25-04106,41280000,150000
R25-04107,59260000,150000
R25-04108,14000000,40000
R25-04109,22940000,60000
R25-04110,62860000,150000
R25-04111,83270000,300000
R25-04112,63120000,150000
R25-04113,81860000,300000
R25-04114,52210000,150000
R25-04115,25670000,60000
R25-04116,1270000,0
R25-04117,142140000,600000
R25-04118,25290000,60000
R25-04119,12050000,40000
R25-04120,22630000,60000
R25-04121,25190000,60000
R25-04122,60800000,150000
R25-04123,17760000,40000
R25-04124,84120000,300000
R25-04125,28790000,60000
R25-04126,42140000,150000
R25-04127,173170000,600000
R25-04128,33040000,60000
R25-04129,71760000,300000
R25-04130,6850000,20000
R25-04131,55680000,150000
R25-04132,81730000,300000
R25-04133,92310000,300000
R25-04134,54960000,150000
R25-04135,13070000,40000
R25-04136,63290000,150000
R25-04137,71670000,300000
R25-04138,15720000,40000
R25-04139,43450000,150000
R25-04140,12840000,40000
R25-04141,56250000,150000
R25-04142,62630000,150000
R25-04143,53370000,150000
R25-04144,101280000,300000
R25-04145,42580000,150000
R25-04146,28040000,60000
R25-04147,31910000,60000
R25-04148,51940000,150000
R25-04149,58250000,150000
R25-04150,11660000,40000
R25-04151,75730000,300000
R25-04152,63590000,150000
R25-04153,62230000,150000
R25-04154,16810000,40000
R25-04155,57360000,150000
R25-04156,22820000,60000
R25-04157,72620000,300000
R25-04158,75520000,300000
R25-04159,73630000,300000
R25-04160,5040000,20000
R25-04161,82110000,300000
R25-04162,46190000,150000
R25-04163,70700000,300000
R25-04164,43710000,150000
R25-04165,3390000,0
R25-04166,53220000,150000
R25-04167,15230000,40000
R25-04168,67910000,300000
R25-04169,2430000,0
R25-04170,23890000,60000
R25-04171,96190000,300000
R25-04172,25520000,60000
R25-04173,74680000,300000
R25-04174,36220000,150000
R25-04175,74400000,300000
R25-04176,78110000,300000
R25-04177,152150000,600000
R25-04178,12070000,40000
R25-04179,72050000,300000
R25-04180,114560000,300000
R25-04181,41980000,150000
R25-04182,1810000,0
R25-04183,23610000,60000
R25-04184,4100000,0
R25-04185,6650000,20000
R25-04186,15040000,40000
R25-04187,14090000,40000
R25-04188,11250000,40000
R25-04189,41100000,150000
R25-04190,43560000,150000
R25-04191,90470000,300000
R25-04192,3870000,0
R25-04193,11810000,40000
R25-04194,62790000,150000
R25-04195,43570000,150000
R25-04196,65300000,150000
R25-04197,63530000,150000
R25-04198,5410000,20000
R25-04199,27190000,60000
R25-04200,33850000,150000
R25-04201,8620000,20000
R25-04202,42690000,150000
R25-04203,21590000,60000
R25-04204,42820000,150000
R25-04205,20360000,60000
R25-04206,14140000,40000
R25-04207,12020000,40000
R25-04208,3560000,0
R25-04209,94290000,300000
R25-04210,57420000,150000
R25-04211,60740000,150000
R25-04212,6700000,20000
R25-04213,60880000,150000
R25-04214,14990000,40000
R25-04215,13150000,40000
R25-04216,81930000,300000
R25-04217,95150000,300000
R25-04218,101790000,300000
R25-04219,107960000,300000
R25-04220,31590000,60000
R25-04221,62940000,150000
R25-04222,26060000,60000
R25-04223,22040000,60000
R25-04224,34070000,150000
R25-04225,2410000,0
R25-04226,83070000,300000
R25-04227,51770000,150000
R25-04228,10920000,40000
R25-04229,43610000,150000
R25-04230,5600000,20000
R25-04231,20830000,60000
R25-04232,46300000,150000
R25-04233,92970000,300000
R25-04234,51680000,150000
R25-04235,51540000,150000
R25-04236,3340000,0
R25-04237,43290000,150000
R25-04238,34850000,150000
R25-04239,13500000,40000
R25-04240,27210000,60000
R25-04241,22820000,60000
R25-04242,11270000,40000
R25-04243,65110000,150000
R25-04244,82500000,300000
R25-04245,22880000,60000
R25-04246,24710000,60000
R25-04247,54850000,150000
R25-04248,52330000,150000
R25-04249,82060000,300000
R25-04250,80720000,300000
R25-04251,60320000,150000
R25-04252,73220000,300000
R25-04253,72580000,300000
R25-04254,86980000,300000
R25-04255,15890000,40000
R25-04256,31710000,60000
R25-04257,27140000,60000
R25-04258,43980000,150000
R25-04259,61540000,150000
R25-04260,32280000,60000
R25-04261,11960000,40000
R25-04262,62640000,150000
R25-04263,31250000,60000
R25-04264,47390000,150000
R25-04265,2370000,0
R25-04266,6700000,20000
R25-04267,13690000,40000
R25-04268,2330000,0
R25-04269,33680000,150000
R25-04270,26060000,60000
R25-04271,3460000,0
R25-04272,22780000,60000
R25-04273,2010000,0
R25-04274,98580000,300000
R25-04275,44460000,150000
R25-04276,22190000,60000
R25-04277,40750000,150000
R25-04278,42980000,150000
R25-04279,31820000,60000
R25-04280,10900000,40000
R25-04281,102350000,300000
R25-04282,26280000,60000
R25-04283,4580000,0
