고객ID,타사이전금액,혜택금액
R10-00000,126400000,300000
R10-00001,23770000,60000
R10-00002,23050000,60000
R10-00003,50480000,150000
R10-00004,70770000,300000
R10-00005,12800000,40000
R10-00006,12670000,40000
R10-00007,84740000,300000
R10-00008,40790000,150000
R10-00009,10920000,40000
R10-00010,81770000,300000
R10-00011,16830000,40000
R10-00012,32470000,60000
R10-00013,56190000,150000
R10-00014,121040000,300000
R10-00015,4570000,0
R10-00016,5860000,20000
R10-00017,62500000,150000
R10-00018,42790000,150000
R10-00019,49800000,150000
R10-00020,74230000,300000
R10-00021,46920000,150000
R10-00022,1410000,0
R10-00023,35990000,150000
R10-00024,114680000,300000
R10-00025,61140000,150000
R10-00026,66870000,300000
R10-00027,5100000,20000
R10-00028,32320000,60000
R10-00029,53890000,150000
R10-00030,21330000,60000
R10-00031,57090000,150000
R10-00032,7530000,20000
R10-00033,580000,0
R10-00034,91230000,300000
R10-00035,56240000,150000
R10-00036,51830000,150000
R10-00037,2590000,0
R10-00038,31860000,60000
R10-00039,24900000,60000
R10-00040,15590000,40000
R10-00041,78310000,300000
R10-00042,110340000,300000
R10-00043,53240000,150000
R10-00044,4730000,0
R10-00045,510000,0
R10-00046,3620000,0
R10-00047,7290000,20000
R10-00048,81180000,300000
R10-00049,34690000,150000
R10-00050,14930000,40000
R10-00051,25140000,60000
R10-00052,1890000,0
R10-00053,133300000,300000
R10-00054,1330000,0
R10-00055,11280000,40000
R10-00056,16180000,40000
R10-00057,5960000,20000
R10-00058,34280000,150000
R10-00059,42570000,150000
R10-00060,26590000,60000
R10-00061,50870000,150000
R10-00062,32750000,60000
R10-00063,25630000,60000
R10-00064,54140000,150000
R10-00065,10550000,40000
R10-00066,36610000,150000
R10-00067,72420000,300000
R10-00068,11000000,40000
R10-00069,54770000,150000
R10-00070,95760000,300000
R10-00071,33310000,60000
R10-00072,12320000,40000
R10-00073,84320000,300000
R10-00074,4430000,0
R10-00075,32300000,60000
R10-00076,50950000,150000
R10-00077,113440000,300000
R10-00078,103960000,300000
R10-00079,14640000,40000
R10-00080,4480000,0
R10-00081,34930000,150000
R10-00082,21170000,60000
R10-00083,44810000,150000
R10-00084,53360000,150000
R10-00085,141400000,600000
R10-00086,21930000,60000
R10-00087,27070000,60000
R10-00088,65030000,150000
R10-00089,43390000,150000
R10-00090,107890000,300000
R10-00091,153400000,600000
R10-00092,580000,0
R10-00093,13010000,40000
R10-00094,56400000,150000
R10-00095,20760000,60000
R10-00096,34250000,150000
R10-00097,41450000,150000
R10-00098,13560000,40000
R10-00099,61780000,150000
R10-00100,2630000,0
R10-00101,81950000,300000
R10-00102,45330000,150000
R10-00103,111860000,300000
R10-00104,21710000,60000
R10-00105,107850000,300000
R10-00106,8350000,20000
R10-00107,6690000,20000
R10-00108,95050000,300000
R10-00109,23060000,60000
R10-00110,5040000,20000
R10-00111,73650000,300000
R10-00112,21720000,60000
R10-00113,24350000,60000
R10-00114,112730000,300000
R10-00115,6940000,20000
R10-00116,41470000,150000
R10-00117,24660000,60000
R10-00118,66260000,150000
R10-00119,54390000,150000
R10-00120,11750000,40000
R10-00121,15900000,40000
R10-00122,71270000,300000
R10-00123,24460000,60000
R10-00124,12100000,40000
R10-00125,12610000,40000
R10-00126,75200000,300000
R10-00127,54860000,150000
R10-00128,28090000,60000
R10-00129,15590000,40000
R10-00130,46580000,150000
R10-00131,10830000,40000
R10-00132,60920000,150000
R10-00133,178080000,600000
R10-00134,17130000,40000
R10-00135,31720000,60000
R10-00136,33530000,150000
R10-00137,54290000,150000
R10-00138,34630000,150000
R10-00139,7330000,20000
R10-00140,42930000,150000
R10-00141,63690000,150000
R10-00142,52460000,150000
R10-00143,1750000,0
R10-00144,24130000,60000
R10-00145,24220000,60000
R10-00146,33760000,150000
R10-00147,131690000,300000
R10-00148,25140000,60000
R10-00149,65410000,150000
R10-00150,7050000,20000
R10-00151,93660000,300000
R10-00152,44800000,150000
R10-00153,22620000,60000
R10-00154,23290000,60000
R10-00155,63100000,150000
R10-00156,32010000,60000
R10-00157,990000,0
R10-00158,94220000,300000
R10-00159,114620000,300000
R10-00160,57590000,150000
R10-00161,36260000,150000
R10-00162,32170000,60000
R10-00163,4060000,0
R10-00164,42530000,150000
R10-00165,12950000,40000
R10-00166,14990000,40000
R10-00167,1850000,0
R10-00168,55170000,150000
R10-00169,4080000,0
R10-00170,53560000,150000
R10-00171,2270000,0
R10-00172,92310000,300000
R10-00173,34560000,150000
R10-00174,4030000,0
R10-00175,45490000,150000
R10-00176,5270000,20000
R10-00177,37790000,150000
R10-00178,4130000,0
R10-00179,5520000,20000
R10-00180,62510000,150000
R10-00181,52220000,150000
R10-00182,36890000,150000
R10-00183,31990000,60000
R10-00184,14360000,40000
R10-00185,45690000,150000
R10-00186,31110000,60000
R10-00187,26080000,60000
R10-00188,7580000,20000
R10-00189,77600000,300000
R10-00190,3940000,0
R10-00191,61090000,150000
R10-00192,32360000,60000
R10-00193,2400000,0
R10-00194,76820000,300000
R10-00195,61650000,150000
R10-00196,44070000,150000
R10-00197,42160000,150000
R10-00198,65150000,150000
R10-00199,143570000,600000
R10-00200,7880000,20000
R10-00201,7130000,20000
R10-00202,54150000,150000
R10-00203,2080000,0
R10-00204,54400000,150000
R10-00205,30670000,60000
R10-00206,46070000,150000
R10-00207,154690000,600000
R10-00208,105200000,300000
R10-00209,24530000,60000
R10-00210,88750000,300000
R10-00211,41840000,150000
R10-00212,61400000,150000
R10-00213,20920000,60000
R10-00214,83380000,300000
R10-00215,15730000,40000
R10-00216,35110000,150000
R10-00217,36640000,150000
R10-00218,5600000,20000
R10-00219,22960000,60000
R10-00220,65990000,150000
R10-00221,16980000,40000
R10-00222,700000,0
R10-00223,102860000,300000
R10-00224,48140000,150000
R10-00225,77160000,300000
R10-00226,14590000,40000
R10-00227,11050000,40000
R10-00228,72090000,300000
R10-00229,83460000,300000
R10-00230,22120000,60000
R10-00231,70820000,300000
R10-00232,38390000,150000
R10-00233,36950000,150000
R10-00234,24720000,60000
R10-00235,87290000,300000
R10-00236,16630000,40000
R10-00237,6730000,20000
R10-00238,11710000,40000
R10-00239,50590000,150000
R10-00240,33630000,150000
R10-00241,22190000,60000
R10-00242,13410000,40000
R10-00243,115200000,300000
R10-00244,107960000,300000
R10-00245,55680000,150000
R10-00246,102960000,300000
R10-00247,1500000,0
R10-00248,64250000,150000
R10-00249,15200000,40000
R10-00250,74740000,300000
R10-00251,4060000,0
R10-00252,730000,0
R10-00253,23340000,60000
R10-00254,1240000,0
R10-00255,10800000,40000
R10-00256,102270000,300000
R10-00257,152560000,600000
R10-00258,45530000,150000
R10-00259,18320000,40000
R10-00260,12230000,40000
R10-00261,31490000,60000
R10-00262,104850000,300000
R10-00263,54560000,150000
R10-00264,25480000,60000
R10-00265,7340000,20000
R10-00266,5740000,20000
R10-00267,26650000,60000
R10-00268,41660000,150000
R10-00269,63590000,150000
R10-00270,3120000,0
R10-00271,61850000,150000
R10-00272,9510000,20000
R10-00273,96070000,300000
R10-00274,12700000,40000
R10-00275,6090000,20000
R10-00276,73180000,300000
R10-00277,72160000,300000
R10-00278,5250000,20000
R10-00279,2820000,0
R10-00280,22800000,60000
R10-00281,93990000,300000
R10-00282,5720000,20000
R10-00283,88260000,300000
R10-00284,22990000,60000
R10-00285,114550000,300000
R10-00286,41260000,150000
R10-00287,4780000,0
R10-00288,66610000,150000
R10-00289,44920000,150000
R10-00290,43660000,150000
R10-00291,67420000,300000
R10-00292,73120000,300000
R10-00293,6030000,20000
R10-00294,94870000,300000
R10-00295,33230000,60000
R10-00296,3060000,0
R10-00297,33070000,60000
R10-00298,21820000,60000
R10-00299,44730000,150000
R10-00300,13050000,40000
R10-00301,36210000,150000
R10-00302,55950000,150000
R10-00303,1670000,0
R10-00304,1880000,0
R10-00305,12720000,40000
R10-00306,24190000,60000
R10-00307,17130000,40000
R10-00308,7150000,20000
R10-00309,8500000,20000
R10-00310,41550000,150000
R10-00311,92310000,300000
R10-00312,71650000,300000
R10-00313,8310000,20000
R10-00314,54460000,150000
R10-00315,11910000,40000
R10-00316,23600000,60000
R10-00317,43930000,150000
R10-00318,22650000,60000
R10-00319,25230000,60000
R10-00320,36510000,150000
R10-00321,1510000,0
R10-00322,3750000,0
R10-00323,49340000,150000
R10-00324,44460000,150000
R10-00325,24920000,60000
R10-00326,2640000,0
R10-00327,72730000,300000
R10-00328,66980000,300000
R10-00329,107730000,300000
R10-00330,92040000,300000
R10-00331,33360000,150000
R10-00332,91850000,300000
R10-00333,23750000,60000
R10-00334,3430000,0
R10-00335,113890000,300000
R10-00336,21030000,60000
R10-00337,61930000,150000
R10-00338,103410000,300000
R10-00339,88400000,300000
R10-00340,12470000,40000
R10-00341,13740000,40000
R10-00342,116950000,300000
R10-00343,4300000,0
R10-00344,26870000,60000
R10-00345,14750000,40000
R10-00346,46400000,150000
R10-00347,55860000,150000
R10-00348,33580000,150000
R10-00349,28960000,60000
R10-00350,28590000,60000
R10-00351,11710000,40000
R10-00352,62330000,150000
R10-00353,23810000,60000
R10-00354,33180000,60000
R10-00355,94900000,300000
R10-00356,57780000,150000
R10-00357,12460000,40000
R10-00358,55720000,150000
R10-00359,20840000,60000
R10-00360,3740000,0
R10-00361,23460000,60000
R10-00362,36570000,150000
R10-00363,65910000,150000
R10-00364,22260000,60000
R10-00365,92710000,300000
R10-00366,71270000,300000
R10-00367,32130000,60000
R10-00368,115390000,300000
R10-00369,35870000,150000
R10-00370,35720000,150000
R10-00371,61270000,150000
R10-00372,45480000,150000
R10-00373,101670000,300000
R10-00374,6030000,20000
R10-00375,48170000,150000
R10-00376,42080000,150000
R10-00377,71200000,300000
R10-00378,32600000,60000
R10-00379,3350000,0
R10-00380,35540000,150000
R10-00381,63990000,150000
R10-00382,49040000,150000
R10-00383,66080000,150000
R10-00384,102640000,300000
R10-00385,95350000,300000
R10-00386,13180000,40000
R10-00387,3420000,0
R10-00388,32550000,60000
R10-00389,3170000,0
R10-00390,64530000,150000
R10-00391,5240000,20000
R10-00392,2690000,0
R10-00393,14710000,40000
R10-00394,12190000,40000
R10-00395,20480000,60000
R10-00396,12050000,40000
R10-00397,3040000,0
R10-00398,31430000,60000
R10-00399,62250000,150000
R10-00400,103300000,300000
R10-00401,2040000,0
R10-00402,40760000,150000
R10-00403,13990000,40000
R10-00404,16710000,40000
R10-00405,12780000,40000
R10-00406,51010000,150000
R10-00407,42570000,150000
R10-00408,47930000,150000
R10-00409,31210000,60000
R10-00410,62800000,150000
R10-00411,11840000,40000
R10-00412,1240000,0
R10-00413,2130000,0
R10-00414,111350000,300000
R10-00415,134540000,600000
R10-00416,32520000,60000
R10-00417,17850000,40000
R10-00418,23420000,60000
R10-00419,13220000,40000
R10-00420,85530000,300000
R10-00421,110830000,300000
R10-00422,23490000,60000
R10-00423,1840000,0
R10-00424,53890000,150000
R10-00425,61850000,150000
R10-00426,86630000,300000
R10-00427,1140000,0
R10-00428,98440000,300000
R10-00429,64790000,150000
R10-00430,99470000,300000
R10-00431,18650000,40000
R10-00432,36560000,150000
R10-00433,45690000,150000
R10-00434,21950000,60000
R10-00435,75470000,300000
R10-00436,1410000,0
R10-00437,51590000,150000
R10-00438,1760000,0
R10-00439,13200000,40000
R10-00440,33820000,150000
R10-00441,21620000,60000
R10-00442,2440000,0
R10-00443,38420000,150000
R10-00444,61890000,150000
R10-00445,92630000,300000
R10-00446,64580000,150000
R10-00447,5640000,20000
R10-00448,1590000,0
R10-00449,59070000,150000
R10-00450,23260000,60000
R10-00451,11560000,40000
R10-00452,37040000,150000
R10-00453,147790000,600000
R10-00454,4350000,0
R10-00455,1390000,0
R10-00456,61400000,150000
R10-00457,2640000,0
R10-00458,42170000,150000
R10-00459,38570000,150000
R10-00460,5400000,20000
R10-00461,42120000,150000
R10-00462,61900000,150000
R10-00463,11990000,40000
R10-00464,3400000,0
R10-00465,73980000,300000
R10-00466,32740000,60000
R10-00467,33430000,150000
R10-00468,53810000,150000
R10-00469,44940000,150000
R10-00470,93670000,300000
R10-00471,86750000,300000
R10-00472,21440000,60000
R10-00473,4370000,0
R10-00474,65000000,150000
R10-00475,17590000,40000
R10-00476,83100000,300000
R10-00477,77130000,300000
R10-00478,72770000,300000
R10-00479,24170000,60000
R10-00480,25570000,60000
R10-00481,42950000,150000
R10-00482,4700000,0
R10-00483,82370000,300000
R10-00484,32260000,60000
R10-00485,6040000,20000
R10-00486,3710000,0
R10-00487,63450000,150000
R10-00488,10970000,40000
R10-00489,133270000,300000
R10-00490,94260000,300000
R10-00491,111980000,300000
R10-00492,41950000,150000
R10-00493,61970000,150000
R10-00494,105460000,300000
R10-00495,6260000,20000
R10-00496,43470000,150000
R10-00497,52540000,150000
R10-00498,137560000,600000
R10-00499,12150000,40000
R10-00500,26050000,60000
R10-00501,3280000,0
R10-00502,3950000,0
R10-00503,92730000,300000
R10-00504,41820000,150000
R10-00505,23730000,60000
R10-00506,26870000,60000
R10-00507,136390000,600000
R10-00508,21590000,60000
R10-00509,3220000,0
R10-00510,62680000,150000
R10-00511,60560000,150000
R10-00512,63570000,150000
R10-00513,29480000,60000
R10-00514,34880000,150000
R10-00515,122660000,300000
R10-00516,75550000,300000
R10-00517,41040000,150000
R10-00518,104500000,300000
R10-00519,85030000,300000
R10-00520,63100000,150000
R10-00521,33110000,60000
R10-00522,53130000,150000
R10-00523,75440000,300000
R10-00524,26460000,60000
R10-00525,83250000,300000
R10-00526,21760000,60000
R10-00527,74470000,300000
R10-00528,12740000,40000
R10-00529,27970000,60000
R10-00530,6230000,20000
R10-00531,44110000,150000
R10-00532,2750000,0
R10-00533,28280000,60000
R10-00534,45950000,150000
R10-00535,4040000,0
R10-00536,75910000,300000
R10-00537,1520000,0
R10-00538,32260000,60000
R10-00539,70840000,300000
R10-00540,3570000,0
R10-00541,2360000,0
R10-00542,3720000,0
R10-00543,2210000,0
R10-00544,15730000,40000
R10-00545,46650000,150000
R10-00546,32290000,60000
R10-00547,64520000,150000
R10-00548,24770000,60000
R10-00549,5840000,20000
R10-00550,15760000,40000
R10-00551,95180000,300000
R10-00552,51050000,150000
R10-00553,15340000,40000
R10-00554,11770000,40000
R10-00555,71960000,300000
R10-00556,61250000,150000
R10-00557,74460000,300000
R10-00558,42610000,150000
R10-00559,50840000,150000
R10-00560,68650000,300000
R10-00561,23190000,60000
R10-00562,23260000,60000
R10-00563,32200000,60000
R10-00564,52730000,150000
R10-00565,43760000,150000
R10-00566,6570000,20000
R10-00567,91010000,300000
R10-00568,22140000,60000
R10-00569,65580000,150000
R10-00570,102560000,300000
R10-00571,82070000,300000
R10-00572,62750000,150000
R10-00573,22830000,60000
R10-00574,43060000,150000
R10-00575,47780000,150000
R10-00576,51690000,150000
R10-00577,55890000,150000
R10-00578,55010000,150000
R10-00579,14300000,40000
R10-00580,43710000,150000
R10-00581,41850000,150000
R10-00582,7110000,20000
R10-00583,2590000,0
R10-00584,71030000,300000
R10-00585,112550000,300000
R10-00586,4120000,0
R10-00587,2060000,0
R10-00588,3870000,0
R10-00589,1940000,0
R10-00590,34000000,150000
R10-00591,11910000,40000
R10-00592,22650000,60000
R10-00593,3760000,0
R10-00594,81770000,300000
R10-00595,63030000,150000
R10-00596,7410000,20000
R10-00597,22830000,60000
R10-00598,14080000,40000
R10-00599,55210000,150000
R10-00600,112990000,300000
R10-00601,51150000,150000
R10-00602,10760000,40000
R10-00603,8370000,20000
R10-00604,70440000,300000
R10-00605,33880000,150000
R10-00606,1890000,0
R10-00607,32550000,60000
R10-00608,98050000,300000
R10-00609,53470000,150000
R10-00610,101870000,300000
R10-00611,17660000,40000
R10-00612,19440000,40000
R10-00613,24790000,60000
R10-00614,11600000,40000
R10-00615,26460000,60000
R10-00616,68970000,300000
R10-00617,102290000,300000
R10-00618,94380000,300000
R10-00619,54380000,150000
R10-00620,3600000,0
R10-00621,4230000,0
R10-00622,54070000,150000
R10-00623,51740000,150000
R10-00624,1950000,0
R10-00625,57040000,150000
R10-00626,41510000,150000
R10-00627,33150000,60000
R10-00628,73580000,300000
R10-00629,23330000,60000
R10-00630,45260000,150000
R10-00631,44240000,150000
R10-00632,4240000,0
R10-00633,117580000,300000
R10-00634,11500000,40000
R10-00635,101950000,300000
R10-00636,61580000,150000
R10-00637,3580000,0
R10-00638,32350000,60000
R10-00639,111480000,300000
R10-00640,52830000,150000
R10-00641,12250000,40000
R10-00642,27510000,60000
R10-00643,13320000,40000
R10-00644,26130000,60000
R10-00645,31250000,60000
R10-00646,1690000,0
R10-00647,1180000,0
R10-00648,2210000,0
R10-00649,13420000,40000
R10-00650,63400000,150000
R10-00651,101840000,300000
R10-00652,11130000,40000
R10-00653,1300000,0
R10-00654,54090000,150000
R10-00655,3360000,0
R10-00656,30990000,60000
R10-00657,73610000,300000
R10-00658,24980000,60000
R10-00659,44820000,150000
R10-00660,33880000,150000
R10-00661,46040000,150000
R10-00662,29250000,60000
R10-00663,73200000,300000
R10-00664,63490000,150000
R10-00665,115990000,300000
R10-00666,64860000,150000
R10-00667,77770000,300000
R10-00668,5580000,20000
R10-00669,153520000,600000
R10-00670,13050000,40000
R10-00671,24530000,60000
R10-00672,20130000,60000
R10-00673,32410000,60000
R10-00674,23680000,60000
R10-00675,66960000,300000
R10-00676,116210000,300000
R10-00677,54180000,150000
R10-00678,63590000,150000
R10-00679,22140000,60000
R10-00680,42390000,150000
R10-00681,63380000,150000
R10-00682,114220000,300000
R10-00683,137570000,600000
R10-00684,54100000,150000
R10-00685,31910000,60000
R10-00686,26110000,60000
R10-00687,33790000,150000
R10-00688,74640000,300000
R10-00689,62800000,150000
R10-00690,34850000,150000
R10-00691,53760000,150000
R10-00692,82940000,300000
R10-00693,33440000,150000
R10-00694,101720000,300000
R10-00695,36680000,150000
R10-00696,56690000,150000
R10-00697,92620000,300000
R10-00698,41810000,150000
R10-00699,52880000,150000
R10-00700,92750000,300000
R10-00701,47890000,150000
R10-00702,26860000,60000
R10-00703,62270000,150000
R10-00704,22990000,60000
R10-00705,23390000,60000
R10-00706,25840000,60000
R10-00707,4030000,0
R10-00708,61590000,150000
R10-00709,65280000,150000
R10-00710,6470000,20000
R10-00711,4440000,0
R10-00712,32120000,60000
R10-00713,63760000,150000
R10-00714,27100000,60000
R10-00715,51670000,150000
R10-00716,4530000,0
R10-00717,81750000,300000
R10-00718,53400000,150000
R10-00719,11410000,40000
R10-00720,55670000,150000
R10-00721,2160000,0
R10-00722,52040000,150000
R10-00723,4770000,0
R10-00724,34210000,150000
R10-00725,26050000,60000
R10-00726,52590000,150000
R10-00727,41510000,150000
R10-00728,23370000,60000
R10-00729,4290000,0
R10-00730,35560000,150000
R10-00731,33200000,60000
R10-00732,7770000,20000
R10-00733,32390000,60000
R10-00734,830000,0
R10-00735,11270000,40000
R10-00736,44730000,150000
R10-00737,56100000,150000
R10-00738,62540000,150000
R10-00739,49220000,150000
R10-00740,47900000,150000
R10-00741,63450000,150000
R10-00742,12170000,40000
R10-00743,91240000,300000
R10-00744,25560000,60000
R10-00745,97060000,300000
R10-00746,1980000,0
R10-00747,57720000,150000
R10-00748,52170000,150000
R10-00749,51200000,150000
R10-00750,40990000,150000
R10-00751,83300000,300000
R10-00752,23190000,60000
R10-00753,13600000,40000
R10-00754,30860000,60000
R10-00755,5480000,20000
R10-00756,20260000,60000
R10-00757,70360000,300000
R10-00758,73400000,300000
R10-00759,37700000,150000
R10-00760,54340000,150000
R10-00761,56000000,150000
R10-00762,141930000,600000
R10-00763,42620000,150000
R10-00764,33220000,60000
R10-00765,5260000,20000
R10-00766,21890000,60000
R10-00767,62680000,150000
R10-00768,52410000,150000
R10-00769,58430000,150000
R10-00770,101300000,300000
R10-00771,56920000,150000
R10-00772,63100000,150000
R10-00773,53660000,150000
R10-00774,44430000,150000
R10-00775,12910000,40000
R10-00776,44550000,150000
R10-00777,22720000,60000
R10-00778,53000000,150000
R10-00779,2970000,0
R10-00780,71370000,300000
R10-00781,51630000,150000
R10-00782,222540000,1000000
R10-00783,73170000,300000
R10-00784,51380000,150000
R10-00785,36400000,150000
R10-00786,56970000,150000
R10-00787,73470000,300000
R10-00788,65910000,150000
R10-00789,44570000,150000
R10-00790,18470000,40000
R10-00791,25090000,60000
R10-00792,12770000,40000
R10-00793,5840000,20000
R10-00794,14110000,40000
R10-00795,46380000,150000
R10-00796,24140000,60000
R10-00797,37330000,150000
R10-00798,94580000,300000
R10-00799,2110000,0
R10-00800,22930000,60000
R10-00801,9710000,20000
R10-00802,23980000,60000
R10-00803,70360000,300000
R10-00804,2300000,0
R10-00805,12950000,40000
R10-00806,48650000,150000
R10-00807,102640000,300000
R10-00808,74730000,300000
R10-00809,42640000,150000
R10-00810,72530000,300000
R10-00811,3020000,0
R10-00812,52280000,150000
R10-00813,32140000,60000
R10-00814,32580000,60000
R10-00815,95310000,300000
R10-00816,14350000,40000
R10-00817,52500000,150000
R10-00818,27430000,60000
R10-00819,31380000,60000
R10-00820,78610000,300000
R10-00821,12760000,40000
R10-00822,64110000,150000
R10-00823,172080000,600000
R10-00824,33390000,150000
R10-00825,96470000,300000
R10-00826,34360000,150000
R10-00827,13730000,40000
R10-00828,232770000,1000000
R10-00829,24810000,60000
R10-00830,37080000,150000
R10-00831,93890000,300000
R10-00832,71600000,300000
R10-00833,43330000,150000
R10-00834,92230000,300000
R10-00835,54700000,150000
R10-00836,51680000,150000
R10-00837,34160000,150000
R10-00838,23040000,60000
R10-00839,16870000,40000
R10-00840,32650000,60000
R10-00841,5470000,20000
R10-00842,64380000,150000
R10-00843,62150000,150000
R10-00844,2790000,0
R10-00845,12990000,40000
R10-00846,47420000,150000
R10-00847,46970000,150000
R10-00848,94980000,300000
R10-00849,2450000,0
R10-00850,71780000,300000
R10-00851,2360000,0
R10-00852,43340000,150000
R10-00853,82000000,300000
R10-00854,140930000,600000
R10-00855,30870000,60000
R10-00856,112920000,300000
R10-00857,43480000,150000
R10-00858,78910000,300000
R10-00859,22160000,60000
R10-00860,15110000,40000
R10-00861,2300000,0
R10-00862,62740000,150000
R10-00863,45350000,150000
R10-00864,42440000,150000
R10-00865,23390000,60000
R10-00866,21130000,60000
R10-00867,62010000,150000
R10-00868,6310000,20000
R10-00869,65060000,150000
R10-00870,54900000,150000
R10-00871,112030000,300000
R10-00872,81880000,300000
R10-00873,25150000,60000
R10-00874,95560000,300000
R10-00875,12990000,40000
R10-00876,15540000,40000
R10-00877,117130000,300000
R10-00878,41850000,150000
R10-00879,3900000,0
R10-00880,75980000,300000
R10-00881,72290000,300000
R10-00882,94700000,300000
R10-00883,9110000,20000
R10-00884,71620000,300000
R10-00885,102240000,300000
R10-00886,63960000,150000
R10-00887,36280000,150000
R10-00888,36730000,150000
R10-00889,34800000,150000
R10-00890,64570000,150000
R10-00891,5520000,20000
R10-00892,17950000,40000
R10-00893,41390000,150000
R10-00894,56770000,150000
R10-00895,15630000,40000
R10-00896,53180000,150000
R10-00897,31450000,60000
R10-00898,41880000,150000
R10-00899,65880000,150000
R10-00900,49030000,150000
R10-00901,35590000,150000
R10-00902,33610000,150000
R10-00903,34700000,150000
R10-00904,50800000,150000
R10-00905,42330000,150000
R10-00906,134470000,600000
R10-00907,1090000,0
R10-00908,64760000,150000
R10-00909,25660000,60000
R10-00910,14880000,40000
R10-00911,43990000,150000
R10-00912,38640000,150000
R10-00913,30690000,60000
R10-00914,52480000,150000
R10-00915,32120000,60000
R10-00916,126890000,300000
R10-00917,35080000,150000
R10-00918,57820000,150000
R10-00919,32560000,60000
R10-00920,8000000,20000
R10-00921,32560000,60000
R10-00922,6380000,20000
R10-00923,77580000,300000
R10-00924,52840000,150000
R10-00925,71720000,300000
R10-00926,7280000,20000
R10-00927,64900000,150000
R10-00928,6000000,20000
R10-00929,18470000,40000
R10-00930,101420000,300000
R10-00931,31100000,60000
R10-00932,71980000,300000
R10-00933,83430000,300000
R10-00934,7390000,20000
R10-00935,11380000,40000
R10-00936,13340000,40000
R10-00937,55290000,150000
R10-00938,26420000,60000
R10-00939,6420000,20000
R10-00940,8890000,20000
R10-00941,41720000,150000
R10-00942,113990000,300000
R10-00943,45410000,150000
R10-00944,60970000,150000
R10-00945,23230000,60000
R10-00946,61770000,150000
R10-00947,22490000,60000
R10-00948,102970000,300000
R10-00949,53620000,150000
R10-00950,34920000,150000
R10-00951,27650000,60000
R10-00952,81210000,300000
R10-00953,74650000,300000
R10-00954,5130000,20000
R10-00955,56190000,150000
R10-00956,17910000,40000
R10-00957,36180000,150000
R10-00958,93040000,300000
R10-00959,1230000,0
R10-00960,25810000,60000
R10-00961,3120000,0
R10-00962,28310000,60000
R10-00963,16230000,40000
R10-00964,52170000,150000
R10-00965,31840000,60000
R10-00966,3090000,0
R10-00967,13870000,40000
R10-00968,48260000,150000
R10-00969,32470000,60000
R10-00970,93790000,300000
R10-00971,2060000,0
R10-00972,32950000,60000
R10-00973,4720000,0
R10-00974,65940000,150000
R10-00975,24950000,60000
R10-00976,26380000,60000
R10-00977,46290000,150000
R10-00978,13550000,40000
R10-00979,34000000,150000
R10-00980,41780000,150000
R10-00981,15140000,40000
R10-00982,2650000,0
R10-00983,35260000,150000
R10-00984,13440000,40000
R10-00985,11230000,40000
R10-00986,42380000,150000
R10-00987,15900000,40000
R10-00988,6610000,20000
R10-00989,74870000,300000
R10-00990,77190000,300000
R10-00991,63580000,150000
R10-00992,41660000,150000
R10-00993,61380000,150000
R10-00994,42640000,150000
R10-00995,106410000,300000
R10-00996,45440000,150000
R10-00997,75400000,300000
R10-00998,24450000,60000
R10-00999,62640000,150000
R10-01000,7100000,20000
R10-01001,47560000,150000
R10-01002,103300000,300000
R10-01003,13890000,40000
R10-01004,36890000,150000
R10-01005,23880000,60000
R10-01006,5750000,20000
R10-01007,28640000,60000
R10-01008,26070000,60000
R10-01009,20790000,60000
R10-01010,47560000,150000
R10-01011,71470000,300000
R10-01012,108960000,300000
R10-01013,6410000,20000
R10-01014,31930000,60000
R10-01015,52380000,150000
R10-01016,20280000,60000
R10-01017,22970000,60000
R10-01018,65200000,150000
R10-01019,63040000,150000
R10-01020,14000000,40000
R10-01021,3910000,0
R10-01022,52020000,150000
R10-01023,13940000,40000
R10-01024,81330000,300000
R10-01025,6740000,20000
R10-01026,42120000,150000
R10-01027,62140000,150000
R10-01028,95310000,300000
R10-01029,81760000,300000
R10-01030,35380000,150000
R10-01031,61230000,150000
R10-01032,25790000,60000
R10-01033,55650000,150000
R10-01034,46160000,150000
R10-01035,3500000,0
R10-01036,24750000,60000
R10-01037,57400000,150000
R10-01038,31770000,60000
R10-01039,28740000,60000
R10-01040,12110000,40000
R10-01041,51760000,150000
R10-01042,21690000,60000
R10-01043,21610000,60000
R10-01044,2480000,0
R10-01045,118530000,300000
R10-01046,123660000,300000
R10-01047,50920000,150000
R10-01048,73970000,300000
R10-01049,112610000,300000
R10-01050,41260000,150000
R10-01051,112700000,300000
R10-01052,1220000,0
R10-01053,64850000,150000
R10-01054,32030000,60000
R10-01055,72500000,300000
R10-01056,17670000,40000
R10-01057,2390000,0
R10-01058,74710000,300000
R10-01059,98760000,300000
R10-01060,81590000,300000
R10-01061,4630000,0
R10-01062,85350000,300000
R10-01063,41270000,150000
R10-01064,2800000,0
R10-01065,16580000,40000
R10-01066,5330000,20000
R10-01067,6720000,20000
R10-01068,21840000,60000
R10-01069,45990000,150000
R10-01070,32980000,60000
R10-01071,26410000,60000
R10-01072,32850000,60000
R10-01073,27600000,60000
R10-01074,2840000,0
R10-01075,18090000,40000
R10-01076,35220000,150000
R10-01077,9910000,20000
R10-01078,51190000,150000
R10-01079,63850000,150000
R10-01080,68420000,300000
R10-01081,22440000,60000
R10-01082,100440000,300000
R10-01083,1060000,0
R10-01084,35890000,150000
R10-01085,30530000,60000
R10-01086,136210000,600000
R10-01087,32250000,60000
R10-01088,62220000,150000
R10-01089,43450000,150000
R10-01090,53190000,150000
R10-01091,62310000,150000
R10-01092,3460000,0
R10-01093,2470000,0
R10-01094,80540000,300000
R10-01095,35280000,150000
R10-01096,61840000,150000
R10-01097,32170000,60000
R10-01098,23220000,60000
R10-01099,22530000,60000
R10-01100,24610000,60000
R10-01101,41620000,150000
R10-01102,13870000,40000
R10-01103,93750000,300000
R10-01104,33030000,60000
R10-01105,112470000,300000
R10-01106,5290000,20000
R10-01107,47160000,150000
R10-01108,5190000,20000
R10-01109,16990000,40000
R10-01110,53660000,150000
R10-01111,3600000,0
R10-01112,42220000,150000
R10-01113,53150000,150000
R10-01114,6540000,20000
R10-01115,66180000,150000
R10-01116,82590000,300000
R10-01117,131060000,300000
R10-01118,3930000,0
R10-01119,4790000,0
R10-01120,48160000,150000
R10-01121,7060000,20000
R10-01122,72370000,300000
R10-01123,42350000,150000
R10-01124,91370000,300000
R10-01125,50910000,150000
R10-01126,81360000,300000
R10-01127,62390000,150000
R10-01128,6760000,20000
R10-01129,43840000,150000
R10-01130,34060000,150000
R10-01131,34800000,150000
R10-01132,95390000,300000
R10-01133,26730000,60000
R10-01134,62770000,150000
R10-01135,33030000,60000
R10-01136,75920000,300000
R10-01137,6950000,20000
R10-01138,2580000,0
R10-01139,12120000,40000
R10-01140,212650000,1000000
R10-01141,77720000,300000
R10-01142,11530000,40000
R10-01143,12260000,40000
R10-01144,121480000,300000
R10-01145,62020000,150000
R10-01146,40910000,150000
R10-01147,95080000,300000
R10-01148,44350000,150000
R10-01149,1710000,0
R10-01150,22420000,60000
R10-01151,24070000,60000
R10-01152,18620000,40000
R10-01153,1870000,0
R10-01154,23430000,60000
R10-01155,3180000,0
R10-01156,63440000,150000
R10-01157,40060000,150000
R10-01158,51790000,150000
R10-01159,14440000,40000
R10-01160,41850000,150000
R10-01161,9210000,20000
R10-01162,14320000,40000
R10-01163,61380000,150000
R10-01164,63020000,150000
R10-01165,62130000,150000
R10-01166,12790000,40000
R10-01167,8750000,20000
R10-01168,64590000,150000
R10-01169,33220000,60000
R10-01170,23050000,60000
R10-01171,60630000,150000
R10-01172,53100000,150000
R10-01173,24340000,60000
R10-01174,31030000,60000
R10-01175,26260000,60000
R10-01176,104320000,300000
R10-01177,16690000,40000
R10-01178,54710000,150000
R10-01179,5160000,20000
R10-01180,32300000,60000
R10-01181,22500000,60000
R10-01182,2070000,0
R10-01183,42740000,150000
R10-01184,2520000,0
R10-01185,11340000,40000
R10-01186,51690000,150000
R10-01187,21120000,60000
R10-01188,35260000,150000
R10-01189,14970000,40000
R10-01190,14820000,40000
R10-01191,67130000,300000
R10-01192,64980000,150000
R10-01193,41170000,150000
R10-01194,67910000,300000
R10-01195,51960000,150000
R10-01196,103800000,300000
R10-01197,103580000,300000
R10-01198,25220000,60000
R10-01199,22940000,60000
R10-01200,27170000,60000
R10-01201,31060000,60000
R10-01202,16000000,40000
R10-01203,8740000,20000
R10-01204,53610000,150000
R10-01205,1050000,0
R10-01206,63870000,150000
R10-01207,144840000,600000
R10-01208,54480000,150000
R10-01209,62900000,150000
R10-01210,65820000,150000
R10-01211,85290000,300000
R10-01212,92240000,300000
R10-01213,32170000,60000
R10-01214,8260000,20000
R10-01215,5270000,20000
R10-01216,35420000,150000
R10-01217,43410000,150000
R10-01218,11120000,40000
R10-01219,39580000,150000
R10-01220,21950000,60000
R10-01221,103300000,300000
R10-01222,104020000,300000
R10-01223,66510000,150000
R10-01224,23740000,60000
R10-01225,6070000,20000
R10-01226,142370000,600000
R10-01227,7570000,20000
R10-01228,26870000,60000
R10-01229,35280000,150000
R10-01230,1770000,0
R10-01231,71580000,300000
R10-01232,94970000,300000
R10-01233,4450000,0
R10-01234,41310000,150000
R10-01235,45380000,150000
R10-01236,7500000,20000
R10-01237,34100000,150000
R10-01238,113090000,300000
R10-01239,12130000,40000
R10-01240,2890000,0
R10-01241,44290000,150000
R10-01242,19360000,40000
R10-01243,25710000,60000
R10-01244,20850000,60000
R10-01245,44100000,150000
R10-01246,16580000,40000
R10-01247,25000000,60000
R10-01248,31090000,60000
R10-01249,42610000,150000
R10-01250,31760000,60000
R10-01251,2760000,0
R10-01252,44920000,150000
R10-01253,47660000,150000
R10-01254,43420000,150000
R10-01255,155510000,600000
R10-01256,31690000,60000
R10-01257,33800000,150000
R10-01258,102820000,300000
R10-01259,58040000,150000
R10-01260,52170000,150000
R10-01261,64330000,150000
R10-01262,22900000,60000
R10-01263,3660000,0
R10-01264,4400000,0
R10-01265,41260000,150000
R10-01266,100600000,300000
R10-01267,36400000,150000
R10-01268,80870000,300000
R10-01269,32010000,60000
R10-01270,28550000,60000
R10-01271,41810000,150000
R10-01272,51490000,150000
R10-01273,910000,0
R10-01274,33580000,150000
R10-01275,23990000,60000
R10-01276,65130000,150000
R10-01277,25580000,60000
R10-01278,21930000,60000
R10-01279,71520000,300000
R10-01280,63930000,150000
R10-01281,65230000,150000
R10-01282,15600000,40000
R10-01283,82690000,300000
R10-01284,11450000,40000
R10-01285,57290000,150000
R10-01286,12120000,40000
R10-01287,96140000,300000
R10-01288,82690000,300000
R10-01289,73110000,300000
R10-01290,2620000,0
R10-01291,82320000,300000
R10-01292,22310000,60000
R10-01293,14890000,40000
R10-01294,1850000,0
R10-01295,6610000,20000
R10-01296,55580000,150000
R10-01297,18910000,40000
R10-01298,10780000,40000
R10-01299,63360000,150000
R10-01300,24560000,60000
R10-01301,83340000,300000
R10-01302,84030000,300000
R10-01303,41530000,150000
R10-01304,31350000,60000
R10-01305,9220000,20000
R10-01306,46580000,150000
R10-01307,35400000,150000
R10-01308,56410000,150000
R10-01309,61360000,150000
R10-01310,22490000,60000
R10-01311,27300000,60000
R10-01312,41730000,150000
R10-01313,22550000,60000
R10-01314,21280000,60000
R10-01315,37280000,150000
R10-01316,53890000,150000
R10-01317,3090000,0
R10-01318,68320000,300000
R10-01319,15000000,40000
R10-01320,34250000,150000
R10-01321,22140000,60000
R10-01322,6670000,20000
R10-01323,23880000,60000
R10-01324,67060000,300000
R10-01325,60600000,150000
R10-01326,2390000,0
R10-01327,73440000,300000
R10-01328,1510000,0
R10-01329,54320000,150000
R10-01330,82160000,300000
R10-01331,122570000,300000
R10-01332,11910000,40000
R10-01333,22960000,60000
R10-01334,54990000,150000
R10-01335,2280000,0
R10-01336,125120000,300000
R10-01337,14050000,40000
R10-01338,33300000,60000
R10-01339,3740000,0
R10-01340,33350000,150000
R10-01341,71960000,300000
R10-01342,52820000,150000
R10-01343,43100000,150000
R10-01344,73220000,300000
R10-01345,46810000,150000
R10-01346,41620000,150000
R10-01347,23740000,60000
R10-01348,52300000,150000
R10-01349,71900000,300000
R10-01350,83990000,300000
R10-01351,94730000,300000
R10-01352,14000000,40000
R10-01353,52490000,150000
R10-01354,21920000,60000
R10-01355,23300000,60000
R10-01356,10310000,40000
R10-01357,53050000,150000
R10-01358,23860000,60000
R10-01359,216520000,1000000
R10-01360,5790000,20000
R10-01361,66390000,150000
R10-01362,14760000,40000
R10-01363,87080000,300000
R10-01364,4120000,0
R10-01365,26560000,60000
R10-01366,31870000,60000
R10-01367,28380000,60000
R10-01368,65500000,150000
R10-01369,53900000,150000
R10-01370,12370000,40000
R10-01371,12470000,40000
R10-01372,102760000,300000
R10-01373,15230000,40000
R10-01374,97840000,300000
R10-01375,55910000,150000
R10-01376,74920000,300000
R10-01377,54330000,150000
R10-01378,83450000,300000
R10-01379,96490000,300000
R10-01380,14060000,40000
R10-01381,33590000,150000
R10-01382,7620000,20000
R10-01383,3820000,0
R10-01384,6860000,20000
R10-01385,135000000,600000
R10-01386,23310000,60000
R10-01387,68410000,300000
R10-01388,4470000,0
R10-01389,52090000,150000
R10-01390,35460000,150000
R10-01391,47420000,150000
R10-01392,13610000,40000
R10-01393,12470000,40000
R10-01394,11600000,40000
R10-01395,6540000,20000
R10-01396,25910000,60000
R10-01397,21870000,60000
R10-01398,43470000,150000
R10-01399,49300000,150000
R10-01400,4990000,0
R10-01401,8170000,20000
R10-01402,43400000,150000
R10-01403,3080000,0
R10-01404,57640000,150000
R10-01405,76380000,300000
R10-01406,1360000,0
R10-01407,61030000,150000
R10-01408,12000000,40000
R10-01409,42300000,150000
R10-01410,15040000,40000
R10-01411,34320000,150000
R10-01412,11350000,40000
R10-01413,143760000,600000
R10-01414,9010000,20000
R10-01415,13960000,40000
R10-01416,8290000,20000
R10-01417,44970000,150000
R10-01418,73660000,300000
R10-01419,44510000,150000
R10-01420,71530000,300000
R10-01421,18120000,40000
R10-01422,1750000,0
R10-01423,93240000,300000
R10-01424,61460000,150000
R10-01425,5940000,20000
R10-01426,37180000,150000
R10-01427,101260000,300000
R10-01428,12400000,40000
R10-01429,54760000,150000
R10-01430,57100000,150000
R10-01431,116150000,300000
R10-01432,55140000,150000
R10-01433,46140000,150000
R10-01434,2270000,0
R10-01435,11430000,40000
R10-01436,25100000,60000
R10-01437,50710000,150000
R10-01438,16140000,40000
R10-01439,16120000,40000
R10-01440,42270000,150000
R10-01441,42010000,150000
R10-01442,62220000,150000
R10-01443,20980000,60000
R10-01444,36020000,150000
R10-01445,25370000,60000
R10-01446,22850000,60000
R10-01447,37030000,150000
R10-01448,1990000,0
R10-01449,51650000,150000
R10-01450,81950000,300000
R10-01451,112910000,300000
R10-01452,5490000,20000
R10-01453,26950000,60000
R10-01454,31580000,60000
R10-01455,12560000,40000
R10-01456,65030000,150000
R10-01457,24750000,60000
R10-01458,45810000,150000
R10-01459,14900000,40000
R10-01460,16440000,40000
R10-01461,16470000,40000
R10-01462,83670000,300000
R10-01463,42730000,150000
R10-01464,21590000,60000
R10-01465,21820000,60000
R10-01466,31560000,60000
R10-01467,23620000,60000
R10-01468,77070000,300000
R10-01469,101030000,300000
R10-01470,20730000,60000
R10-01471,2770000,0
R10-01472,2860000,0
R10-01473,27210000,60000
R10-01474,43060000,150000
R10-01475,13750000,40000
R10-01476,62460000,150000
R10-01477,61780000,150000
R10-01478,82070000,300000
R10-01479,3510000,0
R10-01480,61520000,150000
R10-01481,5890000,20000
R10-01482,99050000,300000
R10-01483,76020000,300000
R10-01484,92160000,300000
R10-01485,1600000,0
R10-01486,16600000,40000
R10-01487,13500000,40000
R10-01488,16790000,40000
R10-01489,53250000,150000
R10-01490,17410000,40000
R10-01491,64350000,150000
R10-01492,91810000,300000
R10-01493,14640000,40000
R10-01494,64290000,150000
R10-01495,32100000,60000
R10-01496,30690000,60000
R10-01497,126720000,300000
R10-01498,8770000,20000
R10-01499,65410000,150000
R10-01500,31450000,60000
R10-01501,62860000,150000
R10-01502,44230000,150000
R10-01503,119830000,300000
R10-01504,41970000,150000
R10-01505,25860000,60000
R10-01506,52190000,150000
R10-01507,42320000,150000
R10-01508,42570000,150000
R10-01509,57660000,150000
R10-01510,22110000,60000
R10-01511,26000000,60000
R10-01512,94340000,300000
R10-01513,18130000,40000
R10-01514,53160000,150000
R10-01515,1680000,0
R10-01516,36970000,150000
R10-01517,48990000,150000
R10-01518,64930000,150000
R10-01519,86800000,300000
R10-01520,1750000,0
R10-01521,82660000,300000
R10-01522,82670000,300000
R10-01523,24870000,60000
R10-01524,32340000,60000
R10-01525,71400000,300000
R10-01526,71480000,300000
R10-01527,130940000,300000
R10-01528,72080000,300000
R10-01529,12830000,40000
R10-01530,3310000,0
R10-01531,104360000,300000
R10-01532,52360000,150000
R10-01533,63770000,150000
R10-01534,91470000,300000
R10-01535,1110000,0
R10-01536,7580000,20000
R10-01537,46540000,150000
R10-01538,11270000,40000
R10-01539,4480000,0
R10-01540,2310000,0
R10-01541,23910000,60000
R10-01542,42210000,150000
R10-01543,33110000,60000
R10-01544,76100000,300000
R10-01545,24320000,60000
R10-01546,75620000,300000
R10-01547,45470000,150000
R10-01548,44990000,150000
R10-01549,51760000,150000
R10-01550,1550000,0
R10-01551,57970000,150000
R10-01552,4970000,0
R10-01553,32780000,60000
R10-01554,45260000,150000
R10-01555,52630000,150000
R10-01556,23390000,60000
R10-01557,82850000,300000
R10-01558,122690000,300000
R10-01559,80530000,300000
R10-01560,24230000,60000
R10-01561,72960000,300000
R10-01562,45950000,150000
R10-01563,3120000,0
R10-01564,47170000,150000
R10-01565,22090000,60000
R10-01566,21080000,60000
R10-01567,53400000,150000
R10-01568,6460000,20000
R10-01569,4650000,0
R10-01570,7660000,20000
R10-01571,16930000,40000
R10-01572,72530000,300000
R10-01573,26870000,60000
R10-01574,124950000,300000
R10-01575,15120000,40000
R10-01576,2240000,0
R10-01577,80790000,300000
R10-01578,108520000,300000
R10-01579,104070000,300000
R10-01580,33290000,60000
R10-01581,42260000,150000
R10-01582,63750000,150000
R10-01583,87030000,300000
R10-01584,26840000,60000
R10-01585,61010000,150000
R10-01586,8880000,20000
R10-01587,55940000,150000
R10-01588,72880000,300000
R10-01589,82400000,300000
R10-01590,122730000,300000
R10-01591,54030000,150000
R10-01592,68550000,300000
R10-01593,61910000,150000
R10-01594,62760000,150000
R10-01595,360000,0
R10-01596,31580000,60000
R10-01597,36520000,150000
R10-01598,14410000,40000
R10-01599,43270000,150000
R10-01600,24360000,60000
R10-01601,78920000,300000
R10-01602,61650000,150000
R10-01603,62940000,150000
R10-01604,46530000,150000
R10-01605,20680000,60000
R10-01606,42350000,150000
R10-01607,61540000,150000
R10-01608,24120000,60000
R10-01609,11050000,40000
R10-01610,83980000,300000
R10-01611,72740000,300000
R10-01612,330000,0
R10-01613,51110000,150000
R10-01614,3370000,0
R10-01615,63090000,150000
R10-01616,83610000,300000
R10-01617,64180000,150000
R10-01618,51950000,150000
R10-01619,14280000,40000
R10-01620,53620000,150000
R10-01621,103530000,300000
R10-01622,39150000,150000
R10-01623,44530000,150000
R10-01624,60710000,150000
R10-01625,56120000,150000
R10-01626,6500000,20000
R10-01627,2810000,0
R10-01628,57460000,150000
R10-01629,31180000,60000
R10-01630,122840000,300000
R10-01631,12210000,40000
R10-01632,5650000,20000
R10-01633,107050000,300000
R10-01634,26450000,60000
R10-01635,25480000,60000
R10-01636,23930000,60000
R10-01637,105910000,300000
R10-01638,31440000,60000
R10-01639,122130000,300000
R10-01640,25590000,60000
R10-01641,65490000,150000
R10-01642,23060000,60000
R10-01643,1820000,0
R10-01644,4680000,0
R10-01645,87190000,300000
R10-01646,73960000,300000
R10-01647,23890000,60000
R10-01648,45390000,150000
R10-01649,36870000,150000
R10-01650,126120000,300000
R10-01651,14810000,40000
R10-01652,83430000,300000
R10-01653,32530000,60000
R10-01654,56440000,150000
R10-01655,78860000,300000
R10-01656,21530000,60000
R10-01657,13710000,40000
R10-01658,62560000,150000
R10-01659,40790000,150000
R10-01660,34220000,150000
R10-01661,46630000,150000
R10-01662,102870000,300000
R10-01663,1920000,0
R10-01664,23480000,60000
R10-01665,97060000,300000
R10-01666,52000000,150000
R10-01667,32130000,60000
R10-01668,3490000,0
R10-01669,6000000,20000
R10-01670,21690000,60000
R10-01671,6210000,20000
R10-01672,17090000,40000
R10-01673,42370000,150000
R10-01674,21210000,60000
R10-01675,21750000,60000
R10-01676,52360000,150000
R10-01677,2590000,0
R10-01678,87330000,300000
R10-01679,54290000,150000
R10-01680,35420000,150000
R10-01681,40890000,150000
R10-01682,61590000,150000
R10-01683,53940000,150000
R10-01684,3260000,0
R10-01685,72850000,300000
R10-01686,134880000,600000
R10-01687,5880000,20000
R10-01688,49150000,150000
R10-01689,2860000,0
R10-01690,63070000,150000
R10-01691,92140000,300000
R10-01692,36440000,150000
R10-01693,7590000,20000
R10-01694,24670000,60000
R10-01695,24870000,60000
R10-01696,40680000,150000
R10-01697,14100000,40000
R10-01698,22490000,60000
R10-01699,46990000,150000
R10-01700,12220000,40000
R10-01701,1900000,0
R10-01702,57420000,150000
R10-01703,141430000,600000
R10-01704,23340000,60000
R10-01705,62090000,150000
R10-01706,136810000,600000
R10-01707,27730000,60000
R10-01708,48010000,150000
R10-01709,32110000,60000
R10-01710,62300000,150000
R10-01711,22510000,60000
R10-01712,78750000,300000
R10-01713,2740000,0
R10-01714,46640000,150000
R10-01715,36190000,150000
R10-01716,37490000,150000
R10-01717,54540000,150000
R10-01718,10720000,40000
R10-01719,41710000,150000
R10-01720,12020000,40000
R10-01721,66050000,150000
R10-01722,62520000,150000
R10-01723,1890000,0
R10-01724,3620000,0
R10-01725,91520000,300000
R10-01726,170000,0
R10-01727,132500000,300000
R10-01728,77640000,300000
R10-01729,51410000,150000
R10-01730,12170000,40000
R10-01731,26320000,60000
R10-01732,20550000,60000
R10-01733,35500000,150000
R10-01734,7760000,20000
R10-01735,73140000,300000
R10-01736,52850000,150000
R10-01737,97840000,300000
R10-01738,47670000,150000
R10-01739,52010000,150000
R10-01740,61310000,150000
R10-01741,92580000,300000
R10-01742,71910000,300000
R10-01743,74240000,300000
R10-01744,22300000,60000
R10-01745,35690000,150000
R10-01746,44210000,150000
R10-01747,23000000,60000
R10-01748,11280000,40000
R10-01749,42630000,150000
R10-01750,102590000,300000
R10-01751,8010000,20000
R10-01752,22550000,60000
R10-01753,100760000,300000
R10-01754,1400000,0
R10-01755,42110000,150000
R10-01756,3920000,0
R10-01757,50990000,150000
R10-01758,61730000,150000
R10-01759,15860000,40000
R10-01760,5650000,20000
R10-01761,46940000,150000
R10-01762,27060000,60000
R10-01763,3720000,0
R10-01764,7770000,20000
R10-01765,4200000,0
R10-01766,8420000,20000
R10-01767,93990000,300000
R10-01768,22120000,60000
R10-01769,2480000,0
R10-01770,34170000,150000
R10-01771,1010000,0
R10-01772,101400000,300000
R10-01773,72620000,300000
R10-01774,85000000,300000
R10-01775,63390000,150000
R10-01776,24110000,60000
R10-01777,13450000,40000
R10-01778,75320000,300000
R10-01779,28640000,60000
R10-01780,6560000,20000
R10-01781,73310000,300000
R10-01782,3770000,0
R10-01783,14080000,40000
R10-01784,36470000,150000
R10-01785,51640000,150000
R10-01786,24540000,60000
R10-01787,96280000,300000
R10-01788,51930000,150000
R10-01789,15430000,40000
R10-01790,32310000,60000
R10-01791,63520000,150000
R10-01792,75580000,300000
R10-01793,31940000,60000
R10-01794,98580000,300000
R10-01795,11360000,40000
R10-01796,7300000,20000
R10-01797,25690000,60000
R10-01798,22550000,60000
R10-01799,34040000,150000
R10-01800,76900000,300000
R10-01801,16470000,40000
R10-01802,64510000,150000
R10-01803,2460000,0
R10-01804,72650000,300000
R10-01805,13930000,40000
R10-01806,25020000,60000
R10-01807,42070000,150000
R10-01808,13270000,40000
R10-01809,27280000,60000
R10-01810,2040000,0
R10-01811,55860000,150000
R10-01812,34560000,150000
R10-01813,1830000,0
R10-01814,33880000,150000
R10-01815,53370000,150000
R10-01816,121410000,300000
R10-01817,82690000,300000
R10-01818,22190000,60000
R10-01819,4030000,0
R10-01820,35140000,150000
R10-01821,63190000,150000
R10-01822,61790000,150000
R10-01823,31760000,60000
R10-01824,13700000,40000
R10-01825,51380000,150000
R10-01826,92960000,300000
R10-01827,32960000,60000
R10-01828,30370000,60000
R10-01829,152250000,600000
R10-01830,10970000,40000
R10-01831,31140000,60000
R10-01832,3800000,0
R10-01833,22470000,60000
R10-01834,51380000,150000
R10-01835,61960000,150000
R10-01836,133610000,600000
R10-01837,35840000,150000
R10-01838,33950000,150000
R10-01839,66170000,150000
R10-01840,12290000,40000
R10-01841,12790000,40000
R10-01842,23050000,60000
R10-01843,1350000,0
R10-01844,17360000,40000
R10-01845,45770000,150000
R10-01846,7510000,20000
R10-01847,66970000,300000
R10-01848,71970000,300000
R10-01849,11180000,40000
R10-01850,45480000,150000
R10-01851,20670000,60000
R10-01852,6050000,20000
R10-01853,85090000,300000
R10-01854,54110000,150000
R10-01855,12310000,40000
R10-01856,73010000,300000
R10-01857,83920000,300000
R10-01858,36790000,150000
R10-01859,2690000,0
R10-01860,5340000,20000
R10-01861,117040000,300000
R10-01862,82870000,300000
R10-01863,42800000,150000
R10-01864,14060000,40000
R10-01865,135110000,600000
R10-01866,37020000,150000
R10-01867,48530000,150000
R10-01868,12340000,40000
R10-01869,85450000,300000
R10-01870,17440000,40000
R10-01871,111210000,300000
R10-01872,46280000,150000
R10-01873,115230000,300000
R10-01874,61870000,150000
R10-01875,1100000,0
R10-01876,3580000,0
R10-01877,44220000,150000
R10-01878,22430000,60000
R10-01879,33530000,150000
R10-01880,71600000,300000
R10-01881,82680000,300000
R10-01882,35560000,150000
R10-01883,18360000,40000
R10-01884,5810000,20000
R10-01885,16480000,40000
R10-01886,2530000,0
R10-01887,21150000,60000
R10-01888,3940000,0
R10-01889,60750000,150000
R10-01890,33190000,60000
R10-01891,18150000,40000
R10-01892,33150000,60000
R10-01893,13280000,40000
R10-01894,12530000,40000
R10-01895,45500000,150000
R10-01896,87840000,300000
R10-01897,52880000,150000
R10-01898,1510000,0
R10-01899,650000,0
R10-01900,67090000,300000
R10-01901,51900000,150000
R10-01902,42700000,150000
R10-01903,32600000,60000
R10-01904,32950000,60000
R10-01905,14240000,40000
R10-01906,104510000,300000
R10-01907,11750000,40000
R10-01908,71140000,300000
R10-01909,23460000,60000
R10-01910,67850000,300000
R10-01911,101790000,300000
R10-01912,54680000,150000
R10-01913,1990000,0
R10-01914,2980000,0
R10-01915,7980000,20000
R10-01916,3300000,0
R10-01917,43930000,150000
R10-01918,13560000,40000
R10-01919,62520000,150000
R10-01920,33640000,150000
R10-01921,110600000,300000
R10-01922,34350000,150000
R10-01923,55780000,150000
R10-01924,53470000,150000
R10-01925,152170000,600000
R10-01926,4340000,0
R10-01927,13090000,40000
R10-01928,64700000,150000
R10-01929,51590000,150000
R10-01930,4810000,0
R10-01931,47900000,150000
R10-01932,104020000,300000
R10-01933,13940000,40000
R10-01934,5400000,20000
R10-01935,40140000,150000
R10-01936,61980000,150000
R10-01937,23690000,60000
R10-01938,8840000,20000
R10-01939,61460000,150000
R10-01940,97410000,300000
R10-01941,103000000,300000
R10-01942,43360000,150000
R10-01943,37510000,150000
R10-01944,52470000,150000
R10-01945,2910000,0
R10-01946,62440000,150000
R10-01947,38530000,150000
R10-01948,43400000,150000
R10-01949,27500000,60000
R10-01950,32410000,60000
R10-01951,65340000,150000
R10-01952,29900000,60000
R10-01953,32330000,60000
R10-01954,52610000,150000
R10-01955,70350000,300000
R10-01956,222150000,1000000
R10-01957,1460000,0
R10-01958,35320000,150000
R10-01959,4520000,0
R10-01960,36580000,150000
R10-01961,12370000,40000
R10-01962,81910000,300000
R10-01963,32940000,60000
R10-01964,23680000,60000
R10-01965,23740000,60000
R10-01966,3970000,0
R10-01967,35390000,150000
R10-01968,52290000,150000
R10-01969,73930000,300000
R10-01970,81960000,300000
R10-01971,65320000,150000
R10-01972,43220000,150000
R10-01973,122810000,300000
R10-01974,23640000,60000
R10-01975,42820000,150000
R10-01976,42390000,150000
R10-01977,82730000,300000
R10-01978,15200000,40000
R10-01979,11810000,40000
R10-01980,25780000,60000
R10-01981,123770000,300000
R10-01982,32280000,60000
R10-01983,34050000,150000
R10-01984,52190000,150000
R10-01985,11830000,40000
R10-01986,21540000,60000
R10-01987,67530000,300000
R10-01988,1950000,0
R10-01989,52140000,150000
R10-01990,22560000,60000
R10-01991,1600000,0
R10-01992,17110000,40000
R10-01993,31830000,60000
R10-01994,7340000,20000
R10-01995,22530000,60000
R10-01996,40440000,150000
R10-01997,74760000,300000
R10-01998,74580000,300000
R10-01999,12960000,40000
R10-02000,34360000,150000
R10-02001,6220000,20000
R10-02002,111650000,300000
R10-02003,62350000,150000
R10-02004,10530000,40000
R10-02005,17320000,40000
R10-02006,65640000,150000
R10-02007,73500000,300000
R10-02008,85280000,300000
R10-02009,40770000,150000
R10-02010,44720000,150000
R10-02011,48090000,150000
R10-02012,15310000,40000
R10-02013,82940000,300000
R10-02014,73440000,300000
R10-02015,33380000,150000
R10-02016,62690000,150000
R10-02017,32980000,60000
R10-02018,52220000,150000
R10-02019,11760000,40000
R10-02020,62540000,150000
R10-02021,67640000,300000
R10-02022,33570000,150000
R10-02023,4120000,0
R10-02024,28570000,60000
R10-02025,740000,0
R10-02026,74800000,300000
R10-02027,42240000,150000
R10-02028,133770000,600000
R10-02029,13960000,40000
R10-02030,42370000,150000
R10-02031,52760000,150000
R10-02032,37400000,150000
R10-02033,21410000,60000
R10-02034,32640000,60000
R10-02035,13860000,40000
R10-02036,92870000,300000
R10-02037,35400000,150000
R10-02038,42690000,150000
R10-02039,1620000,0
R10-02040,3900000,0
R10-02041,71670000,300000
R10-02042,61890000,150000
R10-02043,34530000,150000
R10-02044,2390000,0
R10-02045,2860000,0
R10-02046,32830000,60000
R10-02047,5870000,20000
R10-02048,45840000,150000
R10-02049,121550000,300000
R10-02050,1190000,0
R10-02051,23490000,60000
R10-02052,3380000,0
R10-02053,104230000,300000
R10-02054,84020000,300000
R10-02055,76410000,300000
R10-02056,2900000,0
R10-02057,1710000,0
R10-02058,63730000,150000
R10-02059,44500000,150000
R10-02060,72220000,300000
R10-02061,32330000,60000
R10-02062,143710000,600000
R10-02063,53780000,150000
R10-02064,132360000,300000
R10-02065,11540000,40000
R10-02066,33510000,150000
R10-02067,2360000,0
R10-02068,33400000,150000
R10-02069,2960000,0
R10-02070,63750000,150000
R10-02071,2750000,0
R10-02072,81500000,300000
R10-02073,22640000,60000
R10-02074,22340000,60000
R10-02075,52730000,150000
R10-02076,25940000,60000
R10-02077,42000000,150000
R10-02078,67770000,300000
R10-02079,11360000,40000
R10-02080,2550000,0
R10-02081,31610000,60000
R10-02082,12080000,40000
R10-02083,29060000,60000
R10-02084,31450000,60000
R10-02085,95740000,300000
R10-02086,116890000,300000
R10-02087,172480000,600000
R10-02088,37070000,150000
R10-02089,32140000,60000
R10-02090,54020000,150000
R10-02091,17580000,40000
R10-02092,4950000,0
R10-02093,26340000,60000
R10-02094,45290000,150000
R10-02095,24020000,60000
R10-02096,75790000,300000
R10-02097,44640000,150000
R10-02098,5030000,20000
R10-02099,33980000,150000
R10-02100,52960000,150000
R10-02101,33830000,150000
R10-02102,81110000,300000
R10-02103,60470000,150000
R10-02104,53790000,150000
R10-02105,88340000,300000
R10-02106,61700000,150000
R10-02107,72750000,300000
R10-02108,24210000,60000
R10-02109,2400000,0
R10-02110,47980000,150000
R10-02111,63590000,150000
R10-02112,25470000,60000
R10-02113,8060000,20000
R10-02114,24540000,60000
R10-02115,74480000,300000
R10-02116,64410000,150000
R10-02117,26740000,60000
R10-02118,46500000,150000
R10-02119,4960000,0
R10-02120,3090000,0
R10-02121,3530000,0
R10-02122,52430000,150000
R10-02123,61350000,150000
R10-02124,52560000,150000
R10-02125,2660000,0
R10-02126,38360000,150000
R10-02127,2130000,0
R10-02128,21240000,60000
R10-02129,2830000,0
R10-02130,73820000,300000
R10-02131,72850000,300000
R10-02132,25920000,60000
R10-02133,93840000,300000
R10-02134,35500000,150000
R10-02135,65480000,150000
R10-02136,52790000,150000
R10-02137,104220000,300000
R10-02138,85660000,300000
R10-02139,95680000,300000
R10-02140,4200000,0
R10-02141,13430000,40000
R10-02142,38310000,150000
R10-02143,73440000,300000
R10-02144,46300000,150000
R10-02145,43950000,150000
R10-02146,174680000,600000
R10-02147,26380000,60000
R10-02148,14380000,40000
R10-02149,72690000,300000
R10-02150,2610000,0
R10-02151,6220000,20000
R10-02152,12360000,40000
R10-02153,33290000,60000
R10-02154,12160000,40000
R10-02155,71960000,300000
R10-02156,6280000,20000
R10-02157,40220000,150000
R10-02158,75880000,300000
R10-02159,103640000,300000
R10-02160,11950000,40000
R10-02161,14040000,40000
R10-02162,38530000,150000
R10-02163,9110000,20000
R10-02164,56280000,150000
R10-02165,33600000,150000
R10-02166,86300000,300000
R10-02167,74530000,300000
R10-02168,86360000,300000
R10-02169,1540000,0
R10-02170,76580000,300000
R10-02171,38880000,150000
R10-02172,83630000,300000
R10-02173,20520000,60000
R10-02174,22910000,60000
R10-02175,11500000,40000
R10-02176,72920000,300000
R10-02177,10720000,40000
R10-02178,72330000,300000
R10-02179,3120000,0
R10-02180,31870000,60000
R10-02181,75110000,300000
R10-02182,75170000,300000
R10-02183,82610000,300000
R10-02184,12230000,40000
R10-02185,52450000,150000
R10-02186,77270000,300000
R10-02187,103280000,300000
R10-02188,114590000,300000
R10-02189,66440000,150000
R10-02190,16660000,40000
R10-02191,44390000,150000
R10-02192,11280000,40000
R10-02193,97500000,300000
R10-02194,18740000,40000
R10-02195,51790000,150000
R10-02196,16690000,40000
R10-02197,1900000,0
R10-02198,66450000,150000
R10-02199,43040000,150000
R10-02200,2100000,0
R10-02201,5470000,20000
R10-02202,23030000,60000
R10-02203,108860000,300000
R10-02204,8040000,20000
R10-02205,65930000,150000
R10-02206,101180000,300000
R10-02207,44870000,150000
R10-02208,16050000,40000
R10-02209,16120000,40000
R10-02210,88110000,300000
R10-02211,26660000,60000
R10-02212,54280000,150000
R10-02213,11570000,40000
R10-02214,7690000,20000
R10-02215,34510000,150000
R10-02216,24840000,60000
R10-02217,42140000,150000
R10-02218,53300000,150000
R10-02219,113040000,300000
R10-02220,47490000,150000
R10-02221,780000,0
R10-02222,93750000,300000
R10-02223,21920000,60000
R10-02224,2000000,0
R10-02225,3150000,0
R10-02226,53850000,150000
R10-02227,41240000,150000
R10-02228,18740000,40000
R10-02229,80850000,300000
R10-02230,42210000,150000
R10-02231,43960000,150000
R10-02232,2820000,0
R10-02233,5330000,20000
R10-02234,125640000,300000
R10-02235,1390000,0
R10-02236,94190000,300000
R10-02237,81440000,300000
R10-02238,15060000,40000
R10-02239,23640000,60000
R10-02240,83520000,300000
R10-02241,26360000,60000
R10-02242,21430000,60000
R10-02243,25160000,60000
R10-02244,63450000,150000
R10-02245,36840000,150000
R10-02246,32880000,60000
R10-02247,21620000,60000
R10-02248,76290000,300000
R10-02249,130150000,300000
R10-02250,61700000,150000
R10-02251,43530000,150000
R10-02252,34300000,150000
R10-02253,34040000,150000
R10-02254,2350000,0
R10-02255,124660000,300000
R10-02256,53190000,150000
R10-02257,53870000,150000
R10-02258,22820000,60000
R10-02259,41900000,150000
R10-02260,38070000,150000
R10-02261,92930000,300000
R10-02262,15810000,40000
R10-02263,57260000,150000
R10-02264,63480000,150000
R10-02265,47370000,150000
R10-02266,5190000,20000
R10-02267,71240000,300000
R10-02268,70500000,300000
R10-02269,42900000,150000
R10-02270,31180000,60000
R10-02271,16180000,40000
R10-02272,145070000,600000
R10-02273,92110000,300000
R10-02274,46300000,150000
R10-02275,118080000,300000
R10-02276,44000000,150000
R10-02277,21900000,60000
R10-02278,81130000,300000
R10-02279,62260000,150000
R10-02280,17660000,40000
R10-02281,124790000,300000
R10-02282,21280000,60000
R10-02283,86870000,300000
R10-02284,12730000,40000
R10-02285,72600000,300000
R10-02286,51780000,150000
R10-02287,3000000,0
R10-02288,42130000,150000
R10-02289,4530000,0
R10-02290,153470000,600000
R10-02291,106170000,300000
R10-02292,101460000,300000
R10-02293,15880000,40000
R10-02294,75860000,300000
R10-02295,58070000,150000
R10-02296,8010000,20000
R10-02297,55080000,150000
R10-02298,24310000,60000
R10-02299,87610000,300000
R10-02300,106420000,300000
R10-02301,5310000,20000
R10-02302,80290000,300000
R10-02303,136710000,600000
R10-02304,24030000,60000
R10-02305,42550000,150000
R10-02306,63100000,150000
R10-02307,36940000,150000
R10-02308,42460000,150000
R10-02309,8830000,20000
R10-02310,65670000,150000
R10-02311,44700000,150000
R10-02312,53630000,150000
R10-02313,68160000,300000
R10-02314,41320000,150000
R10-02315,42760000,150000
R10-02316,63390000,150000
R10-02317,62150000,150000
R10-02318,34260000,150000
R10-02319,4710000,0
R10-02320,53990000,150000
R10-02321,36810000,150000
R10-02322,47140000,150000
R10-02323,36730000,150000
R10-02324,31830000,60000
R10-02325,3100000,0
R10-02326,94560000,300000
R10-02327,111850000,300000
R10-02328,5700000,20000
R10-02329,53470000,150000
R10-02330,33580000,150000
R10-02331,43100000,150000
R10-02332,1810000,0
R10-02333,66070000,150000
R10-02334,42310000,150000
R10-02335,52360000,150000
R10-02336,42190000,150000
R10-02337,26910000,60000
R10-02338,3110000,0
R10-02339,23580000,60000
R10-02340,36410000,150000
R10-02341,74330000,300000
R10-02342,23840000,60000
R10-02343,73440000,300000
R10-02344,35060000,150000
R10-02345,45550000,150000
R10-02346,61960000,150000
R10-02347,22740000,60000
R10-02348,64530000,150000
R10-02349,41660000,150000
R10-02350,24940000,60000
R10-02351,33340000,150000
R10-02352,1780000,0
R10-02353,22720000,60000
R10-02354,21980000,60000
R10-02355,72600000,300000
R10-02356,40330000,150000
R10-02357,92820000,300000
R10-02358,22180000,60000
R10-02359,111690000,300000
R10-02360,58020000,150000
R10-02361,71330000,300000
R10-02362,46640000,150000
R10-02363,73150000,300000
R10-02364,43010000,150000
R10-02365,26970000,60000
R10-02366,21590000,60000
R10-02367,107570000,300000
R10-02368,1620000,0
R10-02369,11400000,40000
R10-02370,36600000,150000
R10-02371,44820000,150000
R10-02372,64210000,150000
R10-02373,22100000,60000
R10-02374,85530000,300000
R10-02375,24470000,60000
R10-02376,33150000,60000
R10-02377,74930000,300000
R10-02378,32290000,60000
R10-02379,1650000,0
R10-02380,47360000,150000
R10-02381,73340000,300000
R10-02382,8630000,20000
R10-02383,35400000,150000
R10-02384,41770000,150000
R10-02385,15460000,40000
R10-02386,63160000,150000
R10-02387,44480000,150000
R10-02388,46110000,150000
R10-02389,72010000,300000
R10-02390,101570000,300000
R10-02391,55350000,150000
R10-02392,64230000,150000
R10-02393,66450000,150000
R10-02394,24540000,60000
R10-02395,31660000,60000
R10-02396,23220000,60000
R10-02397,5380000,20000
R10-02398,1580000,0
R10-02399,61000000,150000
R10-02400,37860000,150000
R10-02401,13850000,40000
R10-02402,36820000,150000
R10-02403,34250000,150000
R10-02404,34580000,150000
R10-02405,151400000,600000
R10-02406,53410000,150000
R10-02407,23850000,60000
R10-02408,6230000,20000
R10-02409,45150000,150000
R10-02410,56380000,150000
R10-02411,83600000,300000
R10-02412,41880000,150000
R10-02413,46990000,150000
R10-02414,42740000,150000
R10-02415,62250000,150000
R10-02416,102560000,300000
R10-02417,2030000,0
R10-02418,54470000,150000
R10-02419,12960000,40000
R10-02420,22690000,60000
R10-02421,22570000,60000
R10-02422,31340000,60000
R10-02423,83860000,300000
R10-02424,4170000,0
R10-02425,25190000,60000
R10-02426,84590000,300000
R10-02427,21590000,60000
R10-02428,95990000,300000
R10-02429,12530000,40000
R10-02430,7000000,20000
R10-02431,75480000,300000
R10-02432,52370000,150000
R10-02433,32860000,60000
R10-02434,10660000,40000
R10-02435,56070000,150000
R10-02436,27930000,60000
R10-02437,51520000,150000
R10-02438,92120000,300000
R10-02439,104310000,300000
R10-02440,46070000,150000
R10-02441,48200000,150000
R10-02442,34170000,150000
R10-02443,42460000,150000
R10-02444,22500000,60000
R10-02445,64580000,150000
R10-02446,35920000,150000
R10-02447,43920000,150000
R10-02448,33030000,60000
R10-02449,32130000,60000
R10-02450,56360000,150000
R10-02451,12480000,40000
R10-02452,1080000,0
R10-02453,7730000,20000
R10-02454,2170000,0
R10-02455,54110000,150000
R10-02456,700000,0
R10-02457,33600000,150000
R10-02458,46420000,150000
R10-02459,37170000,150000
R10-02460,84340000,300000
R10-02461,66020000,150000
R10-02462,145690000,600000
R10-02463,65820000,150000
R10-02464,41430000,150000
R10-02465,16690000,40000
R10-02466,20580000,60000
R10-02467,19360000,40000
R10-02468,1630000,0
R10-02469,71450000,300000
R10-02470,6180000,20000
R10-02471,7080000,20000
R10-02472,1540000,0
R10-02473,64650000,150000
R10-02474,4940000,0
R10-02475,91390000,300000
R10-02476,31410000,60000
R10-02477,38040000,150000
R10-02478,75480000,300000
R10-02479,70680000,300000
R10-02480,2470000,0
R10-02481,26110000,60000
R10-02482,13490000,40000
R10-02483,63350000,150000
R10-02484,2780000,0
R10-02485,25930000,60000
R10-02486,13560000,40000
R10-02487,74990000,300000
R10-02488,22630000,60000
R10-02489,60280000,150000
R10-02490,21920000,60000
R10-02491,34010000,150000
R10-02492,74610000,300000
R10-02493,51600000,150000
R10-02494,57480000,150000
R10-02495,12050000,40000
R10-02496,2180000,0
R10-02497,2170000,0
R10-02498,14040000,40000
R10-02499,93100000,300000
R10-02500,6820000,20000
R10-02501,82170000,300000
R10-02502,22700000,60000
R10-02503,59310000,150000
R10-02504,3250000,0
R10-02505,85620000,300000
R10-02506,18570000,40000
R10-02507,25250000,60000
R10-02508,44680000,150000
R10-02509,62850000,150000
R10-02510,1830000,0
R10-02511,65160000,150000
R10-02512,34450000,150000
R10-02513,11910000,40000
R10-02514,71180000,300000
R10-02515,12390000,40000
R10-02516,4870000,0
R10-02517,61400000,150000
R10-02518,97780000,300000
R10-02519,40230000,150000
R10-02520,26780000,60000
R10-02521,2640000,0
R10-02522,33370000,150000
R10-02523,46600000,150000
R10-02524,93840000,300000
R10-02525,121950000,300000
R10-02526,34130000,150000
R10-02527,33820000,150000
R10-02528,63900000,150000
R10-02529,46530000,150000
R10-02530,34940000,150000
R10-02531,5430000,20000
R10-02532,31290000,60000
R10-02533,64330000,150000
R10-02534,13140000,40000
R10-02535,3410000,0
R10-02536,54910000,150000
R10-02537,12850000,40000
R10-02538,6560000,20000
R10-02539,11600000,40000
R10-02540,82360000,300000
R10-02541,25870000,60000
R10-02542,16100000,40000
R10-02543,61320000,150000
R10-02544,93750000,300000
R10-02545,95160000,300000
R10-02546,47160000,150000
R10-02547,37210000,150000
R10-02548,93450000,300000
R10-02549,97930000,300000
R10-02550,31410000,60000
R10-02551,73800000,300000
R10-02552,11710000,40000
R10-02553,32570000,60000
R10-02554,10810000,40000
R10-02555,2900000,0
R10-02556,24330000,60000
R10-02557,35130000,150000
R10-02558,5960000,20000
R10-02559,1190000,0
R10-02560,83090000,300000
R10-02561,12300000,40000
R10-02562,68750000,300000
R10-02563,60770000,150000
R10-02564,22410000,60000
R10-02565,62660000,150000
R10-02566,30940000,60000
R10-02567,33210000,60000
R10-02568,40610000,150000
R10-02569,27060000,60000
R10-02570,3540000,0
R10-02571,37220000,150000
R10-02572,25900000,60000
R10-02573,41970000,150000
R10-02574,67690000,300000
R10-02575,35910000,150000
R10-02576,91440000,300000
R10-02577,22400000,60000
R10-02578,104580000,300000
R10-02579,61300000,150000
R10-02580,72940000,300000
R10-02581,22040000,60000
R10-02582,7750000,20000
R10-02583,105330000,300000
R10-02584,35740000,150000
R10-02585,83130000,300000
R10-02586,12530000,40000
R10-02587,36130000,150000
R10-02588,24840000,60000
R10-02589,12490000,40000
R10-02590,5630000,20000
R10-02591,4400000,0
R10-02592,120680000,300000
R10-02593,3620000,0
R10-02594,36460000,150000
R10-02595,43080000,150000
R10-02596,62530000,150000
R10-02597,14220000,40000
R10-02598,21700000,60000
R10-02599,72730000,300000
R10-02600,146400000,600000
R10-02601,102360000,300000
R10-02602,23970000,60000
R10-02603,46960000,150000
R10-02604,82470000,300000
R10-02605,11970000,40000
R10-02606,72770000,300000
R10-02607,20960000,60000
R10-02608,5460000,20000
R10-02609,55460000,150000
R10-02610,9100000,20000
R10-02611,53590000,150000
R10-02612,7980000,20000
R10-02613,51860000,150000
R10-02614,101730000,300000
R10-02615,24490000,60000
R10-02616,22800000,60000
R10-02617,73440000,300000
R10-02618,34600000,150000
R10-02619,24360000,60000
R10-02620,56100000,150000
R10-02621,52550000,150000
R10-02622,1620000,0
R10-02623,91300000,300000
R10-02624,21480000,60000
R10-02625,22760000,60000
R10-02626,93370000,300000
R10-02627,42970000,150000
R10-02628,28650000,60000
R10-02629,88120000,300000
R10-02630,13020000,40000
R10-02631,8130000,20000
R10-02632,35240000,150000
R10-02633,66450000,150000
R10-02634,90850000,300000
R10-02635,51510000,150000
R10-02636,34240000,150000
R10-02637,21640000,60000
R10-02638,93420000,300000
R10-02639,54700000,150000
R10-02640,24200000,60000
R10-02641,11130000,40000
R10-02642,3290000,0
R10-02643,3880000,0
R10-02644,41370000,150000
R10-02645,11210000,40000
R10-02646,85720000,300000
R10-02647,37470000,150000
R10-02648,59340000,150000
R10-02649,26770000,60000
R10-02650,53150000,150000
R10-02651,54710000,150000
R10-02652,42050000,150000
R10-02653,91100000,300000
R10-02654,21660000,60000
R10-02655,41160000,150000
R10-02656,42040000,150000
R10-02657,15110000,40000
R10-02658,22290000,60000
R10-02659,41630000,150000
R10-02660,2980000,0
R10-02661,18070000,40000
R10-02662,32930000,60000
R10-02663,24570000,60000
R10-02664,22540000,60000
R10-02665,113180000,300000
R10-02666,55610000,150000
R10-02667,1180000,0
R10-02668,14420000,40000
R10-02669,53890000,150000
R10-02670,38440000,150000
R10-02671,36740000,150000
R10-02672,24150000,60000
R10-02673,87830000,300000
R10-02674,3190000,0
R10-02675,43800000,150000
R10-02676,21700000,60000
R10-02677,4000000,0
R10-02678,68200000,300000
R10-02679,51310000,150000
R10-02680,72040000,300000
R10-02681,32840000,60000
R10-02682,2780000,0
R10-02683,1840000,0
R10-02684,40650000,150000
R10-02685,3120000,0
R10-02686,31790000,60000
R10-02687,5340000,20000
R10-02688,83360000,300000
R10-02689,11090000,40000
R10-02690,3850000,0
R10-02691,81030000,300000
R10-02692,32990000,60000
R10-02693,23930000,60000
R10-02694,41930000,150000
R10-02695,4190000,0
R10-02696,53560000,150000
R10-02697,2870000,0
R10-02698,21530000,60000
R10-02699,104720000,300000
R10-02700,41250000,150000
R10-02701,47970000,150000
R10-02702,21230000,60000
R10-02703,41260000,150000
R10-02704,52340000,150000
R10-02705,37650000,150000
R10-02706,2270000,0
R10-02707,42720000,150000
R10-02708,70300000,300000
R10-02709,54930000,150000
R10-02710,33130000,60000
R10-02711,43940000,150000
R10-02712,11460000,40000
R10-02713,71290000,300000
R10-02714,45190000,150000
R10-02715,21300000,60000
R10-02716,34290000,150000
R10-02717,31390000,60000
R10-02718,20530000,60000
R10-02719,5070000,20000
R10-02720,140000,0
R10-02721,101940000,300000
R10-02722,92550000,300000
R10-02723,26240000,60000
R10-02724,16520000,40000
R10-02725,83710000,300000
R10-02726,91350000,300000
R10-02727,3890000,0
R10-02728,61620000,150000
R10-02729,12350000,40000
R10-02730,96960000,300000
R10-02731,14380000,40000
R10-02732,22890000,60000
R10-02733,82230000,300000
R10-02734,21450000,60000
R10-02735,97280000,300000
R10-02736,52470000,150000
R10-02737,32620000,60000
R10-02738,1650000,0
R10-02739,44040000,150000
R10-02740,92250000,300000
R10-02741,94100000,300000
R10-02742,34040000,150000
R10-02743,41670000,150000
R10-02744,172350000,600000
R10-02745,94550000,300000
R10-02746,11010000,40000
R10-02747,16620000,40000
R10-02748,45010000,150000
R10-02749,14410000,40000
R10-02750,2740000,0
R10-02751,29690000,60000
R10-02752,103640000,300000
R10-02753,12840000,40000
R10-02754,25270000,60000
R10-02755,112580000,300000
R10-02756,43430000,150000
R10-02757,54000000,150000
R10-02758,2110000,0
R10-02759,62610000,150000
R10-02760,133720000,600000
R10-02761,93890000,300000
R10-02762,41610000,150000
R10-02763,5060000,20000
R10-02764,72810000,300000
R10-02765,54850000,150000
R10-02766,23930000,60000
R10-02767,4520000,0
R10-02768,23760000,60000
R10-02769,5630000,20000
R10-02770,45420000,150000
R10-02771,1580000,0
R10-02772,7730000,20000
R10-02773,100930000,300000
R10-02774,50710000,150000
R10-02775,5350000,20000
R10-02776,72160000,300000
R10-02777,18940000,40000
R10-02778,32070000,60000
R10-02779,33300000,60000
R10-02780,15290000,40000
R10-02781,25140000,60000
R10-02782,103460000,300000
R10-02783,152050000,600000
R10-02784,45490000,150000
R10-02785,7100000,20000
R10-02786,51880000,150000
R10-02787,19180000,40000
R10-02788,65370000,150000
R10-02789,32250000,60000
R10-02790,152420000,600000
R10-02791,91770000,300000
R10-02792,50530000,150000
R10-02793,3280000,0
R10-02794,16510000,40000
R10-02795,32510000,60000
R10-02796,52220000,150000
R10-02797,37970000,150000
R10-02798,13120000,40000
R10-02799,30700000,60000
R10-02800,64070000,150000
R10-02801,32660000,60000
R10-02802,22420000,60000
R10-02803,24250000,60000
R10-02804,58730000,150000
R10-02805,152590000,600000
R10-02806,27180000,60000
R10-02807,6880000,20000
R10-02808,132140000,300000
R10-02809,86250000,300000
R10-02810,24320000,60000
R10-02811,99620000,300000
R10-02812,36030000,150000
R10-02813,104000000,300000
R10-02814,64270000,150000
R10-02815,32120000,60000
R10-02816,27910000,60000
R10-02817,34180000,150000
R10-02818,24020000,60000
R10-02819,70670000,300000
R10-02820,125110000,300000
R10-02821,63720000,150000
R10-02822,5130000,20000
R10-02823,12290000,40000
R10-02824,33070000,60000
R10-02825,1770000,0
R10-02826,32730000,60000
R10-02827,112550000,300000
R10-02828,5320000,20000
R10-02829,41450000,150000
R10-02830,73050000,300000
R10-02831,34650000,150000
R10-02832,71070000,300000
R10-02833,92740000,300000
R10-02834,104440000,300000
R10-02835,63610000,150000
R10-02836,16740000,40000
R10-02837,91460000,300000
R10-02838,30740000,60000
R10-02839,37190000,150000
R10-02840,95380000,300000
R10-02841,21050000,60000
R10-02842,2290000,0
R10-02843,75800000,300000
R10-02844,2040000,0
R10-02845,41480000,150000
R10-02846,2550000,0
R10-02847,43020000,150000
R10-02848,73490000,300000
R10-02849,27360000,60000
R10-02850,67610000,300000
R10-02851,92880000,300000
R10-02852,68850000,300000
R10-02853,24940000,60000
R10-02854,23710000,60000
R10-02855,73330000,300000
R10-02856,750000,0
R10-02857,61090000,150000
R10-02858,23490000,60000
R10-02859,1900000,0
R10-02860,34660000,150000
R10-02861,81290000,300000
R10-02862,51830000,150000
R10-02863,65490000,150000
R10-02864,1550000,0
R10-02865,24090000,60000
R10-02866,45050000,150000
R10-02867,23400000,60000
R10-02868,23920000,60000
R10-02869,33670000,150000
R10-02870,70840000,300000
R10-02871,27880000,60000
R10-02872,31430000,60000
R10-02873,55390000,150000
R10-02874,32700000,60000
R10-02875,61520000,150000
R10-02876,82650000,300000
R10-02877,121030000,300000
R10-02878,78270000,300000
R10-02879,56420000,150000
R10-02880,81460000,300000
R10-02881,86230000,300000
R10-02882,113920000,300000
R10-02883,150530000,600000
R10-02884,116430000,300000
R10-02885,62180000,150000
R10-02886,42530000,150000
R10-02887,141930000,600000
R10-02888,13460000,40000
R10-02889,127720000,300000
R10-02890,153890000,600000
R10-02891,44840000,150000
R10-02892,27540000,60000
R10-02893,72880000,300000
R10-02894,8440000,20000
R10-02895,33110000,60000
R10-02896,2080000,0
R10-02897,28540000,60000
R10-02898,16510000,40000
R10-02899,96860000,300000
R10-02900,7920000,20000
R10-02901,11540000,40000
R10-02902,31880000,60000
R10-02903,6670000,20000
R10-02904,25280000,60000
R10-02905,115520000,300000
R10-02906,83780000,300000
R10-02907,44820000,150000
R10-02908,93690000,300000
R10-02909,55530000,150000
R10-02910,7510000,20000
R10-02911,4270000,0
R10-02912,101830000,300000
R10-02913,11060000,40000
R10-02914,106240000,300000
R10-02915,63390000,150000
R10-02916,16780000,40000
R10-02917,33490000,150000
R10-02918,32700000,60000
R10-02919,23760000,60000
R10-02920,82780000,300000
R10-02921,143330000,600000
R10-02922,37870000,150000
R10-02923,91520000,300000
R10-02924,64210000,150000
R10-02925,1450000,0
R10-02926,14990000,40000
R10-02927,76220000,300000
R10-02928,54810000,150000
R10-02929,22840000,60000
R10-02930,2010000,0
R10-02931,121110000,300000
R10-02932,31140000,60000
R10-02933,77870000,300000
R10-02934,3640000,0
R10-02935,117490000,300000
R10-02936,43500000,150000
R10-02937,54710000,150000
R10-02938,102630000,300000
R10-02939,51580000,150000
R10-02940,21640000,60000
R10-02941,45190000,150000
R10-02942,2440000,0
R10-02943,25240000,60000
R10-02944,17720000,40000
R10-02945,72400000,300000
R10-02946,10730000,40000
R10-02947,74840000,300000
R10-02948,32360000,60000
R10-02949,63930000,150000
R10-02950,43930000,150000
R10-02951,3540000,0
R10-02952,2760000,0
R10-02953,38680000,150000
R10-02954,31250000,60000
R10-02955,1460000,0
R10-02956,116420000,300000
R10-02957,20910000,60000
R10-02958,38620000,150000
R10-02959,23020000,60000
R10-02960,92760000,300000
R10-02961,14700000,40000
R10-02962,51580000,150000
R10-02963,16970000,40000
R10-02964,41210000,150000
R10-02965,34790000,150000
R10-02966,71220000,300000
R10-02967,7580000,20000
R10-02968,1960000,0
R10-02969,2770000,0
R10-02970,24870000,60000
R10-02971,29730000,60000
R10-02972,132470000,300000
R10-02973,32710000,60000
R10-02974,45080000,150000
R10-02975,13650000,40000
R10-02976,5330000,20000
R10-02977,12270000,40000
R10-02978,96780000,300000
R10-02979,15730000,40000
R10-02980,1060000,0
R10-02981,91470000,300000
R10-02982,105480000,300000
R10-02983,23630000,60000
R10-02984,43160000,150000
R10-02985,85910000,300000
R10-02986,25000000,60000
R10-02987,30800000,60000
R10-02988,31600000,60000
R10-02989,4280000,0
R10-02990,34740000,150000
R10-02991,14070000,40000
R10-02992,21570000,60000
R10-02993,21700000,60000
R10-02994,62760000,150000
R10-02995,86270000,300000
R10-02996,138710000,600000
R10-02997,66480000,150000
R10-02998,124870000,300000
R10-02999,1390000,0
R10-03000,62680000,150000
R10-03001,91120000,300000
R10-03002,80530000,300000
R10-03003,4000000,0
R10-03004,13030000,40000
R10-03005,14940000,40000
R10-03006,12260000,40000
R10-03007,20970000,60000
R10-03008,56420000,150000
R10-03009,55030000,150000
R10-03010,2780000,0
R10-03011,44250000,150000
R10-03012,93830000,300000
R10-03013,64330000,150000
R10-03014,33910000,150000
R10-03015,41800000,150000
R10-03016,54920000,150000
R10-03017,94820000,300000
R10-03018,42230000,150000
R10-03019,1800000,0
R10-03020,32930000,60000
R10-03021,4570000,0
R10-03022,56380000,150000
R10-03023,34900000,150000
R10-03024,5530000,20000
R10-03025,91750000,300000
R10-03026,46510000,150000
R10-03027,31570000,60000
R10-03028,6270000,20000
R10-03029,15900000,40000
R10-03030,1040000,0
R10-03031,51000000,150000
R10-03032,22790000,60000
R10-03033,11230000,40000
R10-03034,151590000,600000
R10-03035,63430000,150000
R10-03036,33880000,150000
R10-03037,63450000,150000
R10-03038,25480000,60000
R10-03039,105760000,300000
R10-03040,53580000,150000
R10-03041,1130000,0
R10-03042,76480000,300000
R10-03043,1600000,0
R10-03044,12240000,40000
R10-03045,45190000,150000
R10-03046,60900000,150000
R10-03047,4110000,0
R10-03048,1300000,0
R10-03049,71660000,300000
R10-03050,102710000,300000
R10-03051,23990000,60000
R10-03052,27710000,60000
R10-03053,51460000,150000
R10-03054,15910000,40000
R10-03055,44230000,150000
R10-03056,38880000,150000
R10-03057,3160000,0
R10-03058,82790000,300000
R10-03059,1420000,0
R10-03060,57670000,150000
R10-03061,6440000,20000
R10-03062,80930000,300000
R10-03063,91370000,300000
R10-03064,4990000,0
R10-03065,64760000,150000
R10-03066,54430000,150000
R10-03067,37090000,150000
R10-03068,12240000,40000
R10-03069,36340000,150000
R10-03070,11990000,40000
R10-03071,42000000,150000
R10-03072,60480000,150000
R10-03073,3180000,0
R10-03074,101610000,300000
R10-03075,15140000,40000
R10-03076,15180000,40000
R10-03077,6040000,20000
R10-03078,27270000,60000
R10-03079,42070000,150000
R10-03080,105370000,300000
R10-03081,7410000,20000
R10-03082,31150000,60000
R10-03083,15650000,40000
R10-03084,35270000,150000
R10-03085,5710000,20000
R10-03086,44860000,150000
R10-03087,2940000,0
R10-03088,23860000,60000
R10-03089,3880000,0
R10-03090,32080000,60000
R10-03091,4410000,0
R10-03092,103150000,300000
R10-03093,12640000,40000
R10-03094,123710000,300000
R10-03095,24160000,60000
R10-03096,66020000,150000
R10-03097,56860000,150000
R10-03098,81970000,300000
R10-03099,34710000,150000
R10-03100,72380000,300000
R10-03101,75760000,300000
R10-03102,3540000,0
R10-03103,41270000,150000
R10-03104,57120000,150000
R10-03105,23820000,60000
R10-03106,25750000,60000
R10-03107,65660000,150000
R10-03108,105000000,300000
R10-03109,14980000,40000
R10-03110,24150000,60000
R10-03111,86880000,300000
R10-03112,105870000,300000
R10-03113,56150000,150000
R10-03114,53890000,150000
R10-03115,74150000,300000
R10-03116,27680000,60000
R10-03117,13540000,40000
R10-03118,53880000,150000
R10-03119,52640000,150000
R10-03120,26170000,60000
R10-03121,51540000,150000
R10-03122,940000,0
R10-03123,5000000,20000
R10-03124,154300000,600000
R10-03125,32250000,60000
R10-03126,111790000,300000
R10-03127,42730000,150000
R10-03128,92530000,300000
R10-03129,2880000,0
R10-03130,53490000,150000
R10-03131,22510000,60000
R10-03132,67350000,300000
R10-03133,1610000,0
R10-03134,4140000,0
R10-03135,40920000,150000
R10-03136,52110000,150000
R10-03137,41930000,150000
R10-03138,3910000,0
R10-03139,46000000,150000
R10-03140,32380000,60000
R10-03141,95500000,300000
R10-03142,56000000,150000
R10-03143,21570000,60000
R10-03144,45330000,150000
R10-03145,23270000,60000
R10-03146,12590000,40000
R10-03147,3860000,0
R10-03148,22780000,60000
R10-03149,81910000,300000
R10-03150,62240000,150000
R10-03151,37640000,150000
R10-03152,37250000,150000
R10-03153,26070000,60000
R10-03154,33170000,60000
R10-03155,37180000,150000
R10-03156,131900000,300000
R10-03157,16150000,40000
R10-03158,88840000,300000
R10-03159,38230000,150000
R10-03160,1260000,0
R10-03161,5950000,20000
R10-03162,24660000,60000
R10-03163,66650000,150000
R10-03164,141240000,600000
R10-03165,116630000,300000
R10-03166,15660000,40000
R10-03167,2470000,0
R10-03168,56750000,150000
R10-03169,11020000,40000
R10-03170,2430000,0
R10-03171,3280000,0
R10-03172,8110000,20000
R10-03173,14080000,40000
R10-03174,25940000,60000
R10-03175,56920000,150000
R10-03176,13040000,40000
R10-03177,70950000,300000
R10-03178,46790000,150000
R10-03179,14270000,40000
R10-03180,50720000,150000
R10-03181,82720000,300000
R10-03182,31750000,60000
R10-03183,76170000,300000
R10-03184,47000000,150000
R10-03185,16130000,40000
R10-03186,36980000,150000
R10-03187,28940000,60000
R10-03188,3080000,0
R10-03189,76020000,300000
R10-03190,23470000,60000
R10-03191,4270000,0
R10-03192,12110000,40000
R10-03193,66110000,150000
R10-03194,24540000,60000
R10-03195,2480000,0
R10-03196,65070000,150000
R10-03197,4760000,0
R10-03198,33330000,60000
R10-03199,74880000,300000
R10-03200,2440000,0
R10-03201,24680000,60000
R10-03202,4880000,0
R10-03203,47840000,150000
R10-03204,43140000,150000
R10-03205,58640000,150000
R10-03206,2950000,0
R10-03207,46440000,150000
R10-03208,12820000,40000
R10-03209,64200000,150000
R10-03210,52620000,150000
R10-03211,22970000,60000
R10-03212,97850000,300000
R10-03213,101360000,300000
R10-03214,43320000,150000
R10-03215,7190000,20000
R10-03216,54080000,150000
R10-03217,42710000,150000
R10-03218,16540000,40000
R10-03219,102770000,300000
R10-03220,36560000,150000
R10-03221,91200000,300000
R10-03222,73360000,300000
R10-03223,94550000,300000
R10-03224,33380000,150000
R10-03225,24780000,60000
R10-03226,77680000,300000
R10-03227,51620000,150000
R10-03228,62480000,150000
R10-03229,12490000,40000
R10-03230,13580000,40000
R10-03231,222390000,1000000
R10-03232,4710000,0
R10-03233,84710000,300000
R10-03234,7650000,20000
R10-03235,115670000,300000
R10-03236,57990000,150000
R10-03237,1900000,0
R10-03238,12210000,40000
R10-03239,64740000,150000
R10-03240,23750000,60000
R10-03241,37600000,150000
R10-03242,12540000,40000
R10-03243,26270000,60000
R10-03244,65300000,150000
R10-03245,66230000,150000
R10-03246,2210000,0
R10-03247,5170000,20000
R10-03248,27880000,60000
R10-03249,77240000,300000
R10-03250,93350000,300000
R10-03251,23260000,60000
R10-03252,68150000,300000
R10-03253,57570000,150000
R10-03254,62440000,150000
R10-03255,41070000,150000
R10-03256,34020000,150000
R10-03257,5940000,20000
R10-03258,15850000,40000
R10-03259,24630000,60000
R10-03260,83160000,300000
R10-03261,97130000,300000
R10-03262,112770000,300000
R10-03263,940000,0
R10-03264,82980000,300000
R10-03265,51850000,150000
R10-03266,77150000,300000
R10-03267,44210000,150000
R10-03268,34160000,150000
R10-03269,4840000,0
R10-03270,4460000,0
R10-03271,62830000,150000
R10-03272,53060000,150000
R10-03273,12360000,40000
R10-03274,17050000,40000
R10-03275,3920000,0
R10-03276,36850000,150000
R10-03277,10340000,40000
R10-03278,32710000,60000
R10-03279,21170000,60000
R10-03280,52500000,150000
R10-03281,38670000,150000
R10-03282,62590000,150000
R10-03283,30680000,60000
R10-03284,54300000,150000
R10-03285,135150000,600000
R10-03286,4500000,0
R10-03287,56130000,150000
R10-03288,33500000,150000
R10-03289,6420000,20000
R10-03290,91360000,300000
R10-03291,44590000,150000
R10-03292,32290000,60000
R10-03293,101590000,300000
R10-03294,6220000,20000
R10-03295,21650000,60000
R10-03296,21320000,60000
R10-03297,5240000,20000
R10-03298,92340000,300000
R10-03299,16290000,40000
R10-03300,35340000,150000
R10-03301,41890000,150000
R10-03302,3470000,0
R10-03303,74120000,300000
R10-03304,84590000,300000
R10-03305,44940000,150000
R10-03306,93770000,300000
R10-03307,35020000,150000
R10-03308,12610000,40000
R10-03309,61780000,150000
R10-03310,18880000,40000
R10-03311,52210000,150000
R10-03312,63730000,150000
R10-03313,23560000,60000
R10-03314,8670000,20000
R10-03315,73830000,300000
R10-03316,38530000,150000
R10-03317,44830000,150000
R10-03318,65720000,150000
R10-03319,102460000,300000
R10-03320,35000000,150000
R10-03321,36190000,150000
R10-03322,2810000,0
R10-03323,32500000,60000
R10-03324,82280000,300000
R10-03325,65130000,150000
R10-03326,31160000,60000
R10-03327,24200000,60000
R10-03328,14490000,40000
R10-03329,53250000,150000
R10-03330,51500000,150000
R10-03331,72450000,300000
R10-03332,14880000,40000
R10-03333,131620000,300000
R10-03334,77630000,300000
R10-03335,38560000,150000
R10-03336,112190000,300000
R10-03337,88680000,300000
R10-03338,65530000,150000
R10-03339,620000,0
R10-03340,84810000,300000
R10-03341,141470000,600000
R10-03342,135250000,600000
R10-03343,70930000,300000
R10-03344,4730000,0
R10-03345,20700000,60000
R10-03346,12380000,40000
R10-03347,24250000,60000
R10-03348,46550000,150000
R10-03349,16680000,40000
R10-03350,216280000,1000000
R10-03351,71280000,300000
R10-03352,23670000,60000
R10-03353,33100000,60000
R10-03354,15530000,40000
R10-03355,5200000,20000
R10-03356,65430000,150000
R10-03357,3570000,0
R10-03358,72520000,300000
R10-03359,1930000,0
R10-03360,51490000,150000
R10-03361,64710000,150000
R10-03362,59420000,150000
R10-03363,63960000,150000
R10-03364,3840000,0
R10-03365,51250000,150000
R10-03366,35900000,150000
R10-03367,1700000,0
R10-03368,111430000,300000
R10-03369,47150000,150000
R10-03370,11870000,40000
R10-03371,54070000,150000
R10-03372,60420000,150000
R10-03373,2990000,0
R10-03374,23110000,60000
R10-03375,11330000,40000
R10-03376,11350000,40000
R10-03377,62760000,150000
R10-03378,41800000,150000
R10-03379,3870000,0
R10-03380,22670000,60000
R10-03381,34110000,150000
R10-03382,102430000,300000
R10-03383,6120000,20000
R10-03384,11380000,40000
R10-03385,35050000,150000
R10-03386,44430000,150000
R10-03387,47400000,150000
R10-03388,31440000,60000
R10-03389,22900000,60000
R10-03390,50950000,150000
R10-03391,5160000,20000
R10-03392,24090000,60000
R10-03393,2710000,0
R10-03394,42630000,150000
R10-03395,94900000,300000
R10-03396,41260000,150000
R10-03397,56640000,150000
R10-03398,41820000,150000
R10-03399,22200000,60000
R10-03400,24640000,60000
R10-03401,49460000,150000
R10-03402,41160000,150000
R10-03403,93490000,300000
R10-03404,61360000,150000
R10-03405,61120000,150000
R10-03406,23870000,60000
R10-03407,152350000,600000
R10-03408,2790000,0
R10-03409,14920000,40000
R10-03410,52240000,150000
R10-03411,13950000,40000
R10-03412,74700000,300000
R10-03413,24690000,60000
R10-03414,42000000,150000
R10-03415,77030000,300000
R10-03416,50980000,150000
R10-03417,71620000,300000
R10-03418,27290000,60000
R10-03419,73770000,300000
R10-03420,41480000,150000
R10-03421,54130000,150000
R10-03422,104230000,300000
R10-03423,65280000,150000
R10-03424,41290000,150000
R10-03425,33380000,150000
R10-03426,11470000,40000
R10-03427,7090000,20000
R10-03428,12460000,40000
R10-03429,22610000,60000
R10-03430,98940000,300000
R10-03431,51120000,150000
R10-03432,32130000,60000
R10-03433,30900000,60000
R10-03434,1760000,0
R10-03435,24460000,60000
R10-03436,470000,0
R10-03437,45400000,150000
R10-03438,63260000,150000
R10-03439,22810000,60000
R10-03440,106380000,300000
R10-03441,16540000,40000
R10-03442,117010000,300000
R10-03443,14620000,40000
R10-03444,66850000,300000
R10-03445,2940000,0
R10-03446,44000000,150000
R10-03447,14580000,40000
R10-03448,125350000,300000
R10-03449,60750000,150000
R10-03450,45830000,150000
R10-03451,81330000,300000
R10-03452,111840000,300000
R10-03453,126740000,300000
R10-03454,86200000,300000
R10-03455,47720000,150000
R10-03456,51350000,150000
R10-03457,61630000,150000
R10-03458,50680000,150000
R10-03459,4870000,0
R10-03460,94010000,300000
R10-03461,41190000,150000
R10-03462,4600000,0
R10-03463,83350000,300000
R10-03464,31640000,60000
R10-03465,14400000,40000
R10-03466,42200000,150000
R10-03467,41760000,150000
R10-03468,31090000,60000
R10-03469,46700000,150000
R10-03470,80530000,300000
R10-03471,32370000,60000
R10-03472,47060000,150000
R10-03473,6570000,20000
R10-03474,45550000,150000
R10-03475,83470000,300000
R10-03476,83270000,300000
R10-03477,42700000,150000
R10-03478,31560000,60000
R10-03479,35400000,150000
R10-03480,3810000,0
R10-03481,27780000,60000
R10-03482,85810000,300000
R10-03483,43310000,150000
R10-03484,18230000,40000
R10-03485,15000000,40000
R10-03486,2420000,0
R10-03487,5520000,20000
R10-03488,26850000,60000
R10-03489,64370000,150000
R10-03490,63860000,150000
R10-03491,61920000,150000
R10-03492,31720000,60000
R10-03493,61430000,150000
R10-03494,103000000,300000
R10-03495,56160000,150000
R10-03496,7480000,20000
R10-03497,4670000,0
R10-03498,64860000,150000
R10-03499,20810000,60000
R10-03500,650000,0
R10-03501,24820000,60000
R10-03502,74310000,300000
R10-03503,62070000,150000
R10-03504,12480000,40000
R10-03505,32240000,60000
R10-03506,92410000,300000
R10-03507,24680000,60000
R10-03508,53320000,150000
R10-03509,5370000,20000
R10-03510,3610000,0
R10-03511,59560000,150000
R10-03512,3190000,0
R10-03513,32650000,60000
R10-03514,2150000,0
R10-03515,50520000,150000
R10-03516,3550000,0
R10-03517,1860000,0
R10-03518,32980000,60000
R10-03519,24790000,60000
R10-03520,64380000,150000
R10-03521,42010000,150000
R10-03522,115650000,300000
R10-03523,33550000,150000
R10-03524,34820000,150000
R10-03525,3610000,0
R10-03526,75410000,300000
R10-03527,770000,0
R10-03528,139370000,600000
R10-03529,75960000,300000
R10-03530,50080000,150000
R10-03531,13460000,40000
R10-03532,1890000,0
R10-03533,73800000,300000
R10-03534,42860000,150000
R10-03535,14690000,40000
R10-03536,121640000,300000
R10-03537,113520000,300000
R10-03538,3610000,0
R10-03539,12160000,40000
R10-03540,25310000,60000
R10-03541,12090000,40000
R10-03542,4930000,0
R10-03543,11890000,40000
R10-03544,81380000,300000
R10-03545,2670000,0
R10-03546,31820000,60000
R10-03547,24530000,60000
R10-03548,6830000,20000
R10-03549,53250000,150000
R10-03550,26180000,60000
R10-03551,23090000,60000
R10-03552,73020000,300000
R10-03553,53510000,150000
R10-03554,58230000,150000
R10-03555,36220000,150000
R10-03556,72440000,300000
R10-03557,107990000,300000
R10-03558,91030000,300000
R10-03559,74940000,300000
R10-03560,91840000,300000
R10-03561,37100000,150000
R10-03562,33630000,150000
R10-03563,64200000,150000
R10-03564,24030000,60000
R10-03565,34060000,150000
R10-03566,29220000,60000
R10-03567,85390000,300000
R10-03568,51590000,150000
R10-03569,5930000,20000
R10-03570,21620000,60000
R10-03571,7430000,20000
R10-03572,2390000,0
R10-03573,25120000,60000
R10-03574,5480000,20000
R10-03575,42050000,150000
R10-03576,21230000,60000
R10-03577,54610000,150000
R10-03578,4910000,0
R10-03579,62200000,150000
R10-03580,21170000,60000
R10-03581,3190000,0
R10-03582,6060000,20000
R10-03583,212890000,1000000
R10-03584,90760000,300000
R10-03585,35890000,150000
R10-03586,51720000,150000
R10-03587,22560000,60000
R10-03588,71440000,300000
R10-03589,34110000,150000
R10-03590,13100000,40000
R10-03591,2310000,0
R10-03592,12570000,40000
R10-03593,24970000,60000
R10-03594,32190000,60000
R10-03595,44630000,150000
R10-03596,38770000,150000
R10-03597,45390000,150000
R10-03598,107310000,300000
R10-03599,17230000,40000
R10-03600,71600000,300000
R10-03601,62390000,150000
R10-03602,42620000,150000
R10-03603,55200000,150000
R10-03604,56030000,150000
R10-03605,46120000,150000
R10-03606,86450000,300000
R10-03607,12650000,40000
R10-03608,25230000,60000
R10-03609,36620000,150000
R10-03610,42830000,150000
R10-03611,76140000,300000
R10-03612,25320000,60000
R10-03613,14540000,40000
R10-03614,96820000,300000
R10-03615,2750000,0
R10-03616,96240000,300000
R10-03617,53300000,150000
R10-03618,5190000,20000
R10-03619,12100000,40000
R10-03620,2950000,0
R10-03621,63160000,150000
R10-03622,42730000,150000
R10-03623,21900000,60000
R10-03624,25440000,60000
R10-03625,32220000,60000
R10-03626,14880000,40000
R10-03627,91840000,300000
R10-03628,71930000,300000
R10-03629,37080000,150000
R10-03630,44500000,150000
R10-03631,72060000,300000
R10-03632,96190000,300000
R10-03633,53510000,150000
R10-03634,34440000,150000
R10-03635,52810000,150000
R10-03636,71850000,300000
R10-03637,46770000,150000
R10-03638,4990000,0
R10-03639,83810000,300000
R10-03640,65270000,150000
R10-03641,4310000,0
R10-03642,80720000,300000
R10-03643,13020000,40000
R10-03644,62730000,150000
R10-03645,52610000,150000
R10-03646,92920000,300000
R10-03647,12100000,40000
R10-03648,14710000,40000
R10-03649,36320000,150000
R10-03650,23300000,60000
R10-03651,64230000,150000
R10-03652,15410000,40000
R10-03653,81250000,300000
R10-03654,26250000,60000
R10-03655,63820000,150000
R10-03656,67660000,300000
R10-03657,61250000,150000
R10-03658,98270000,300000
R10-03659,11720000,40000
R10-03660,47080000,150000
R10-03661,35780000,150000
R10-03662,24410000,60000
R10-03663,64200000,150000
R10-03664,55670000,150000
R10-03665,28150000,60000
R10-03666,52290000,150000
R10-03667,22040000,60000
R10-03668,23290000,60000
R10-03669,82080000,300000
R10-03670,50600000,150000
R10-03671,142680000,600000
R10-03672,13860000,40000
R10-03673,54680000,150000
R10-03674,71860000,300000
R10-03675,58050000,150000
R10-03676,96760000,300000
R10-03677,153190000,600000
R10-03678,52540000,150000
R10-03679,72080000,300000
R10-03680,13300000,40000
R10-03681,16530000,40000
R10-03682,64090000,150000
R10-03683,24150000,60000
R10-03684,37590000,150000
R10-03685,1270000,0
R10-03686,34310000,150000
R10-03687,36900000,150000
R10-03688,48400000,150000
R10-03689,145330000,600000
R10-03690,44930000,150000
R10-03691,1970000,0
R10-03692,6770000,20000
R10-03693,72420000,300000
R10-03694,90850000,300000
R10-03695,64360000,150000
R10-03696,93870000,300000
R10-03697,5590000,20000
R10-03698,151870000,600000
R10-03699,106370000,300000
R10-03700,80970000,300000
R10-03701,116580000,300000
R10-03702,33990000,150000
R10-03703,42160000,150000
R10-03704,24090000,60000
R10-03705,31030000,60000
R10-03706,52380000,150000
R10-03707,52650000,150000
R10-03708,58470000,150000
R10-03709,61760000,150000
R10-03710,3990000,0
R10-03711,123180000,300000
R10-03712,64400000,150000
R10-03713,5950000,20000
R10-03714,470000,0
R10-03715,21730000,60000
R10-03716,41790000,150000
R10-03717,560000,0
R10-03718,94780000,300000
R10-03719,11800000,40000
R10-03720,72690000,300000
R10-03721,72220000,300000
R10-03722,3740000,0
R10-03723,12500000,40000
R10-03724,33940000,150000
R10-03725,23340000,60000
R10-03726,24960000,60000
R10-03727,22160000,60000
R10-03728,13000000,40000
R10-03729,23910000,60000
R10-03730,24430000,60000
R10-03731,94930000,300000
R10-03732,81330000,300000
R10-03733,71530000,300000
R10-03734,85250000,300000
R10-03735,103900000,300000
R10-03736,24050000,60000
R10-03737,1470000,0
R10-03738,6670000,20000
R10-03739,74910000,300000
R10-03740,240000,0
R10-03741,45460000,150000
R10-03742,16620000,40000
R10-03743,20750000,60000
R10-03744,72440000,300000
R10-03745,85170000,300000
R10-03746,83490000,300000
R10-03747,112800000,300000
R10-03748,2100000,0
R10-03749,43240000,150000
R10-03750,32140000,60000
R10-03751,52720000,150000
R10-03752,31210000,60000
R10-03753,43590000,150000
R10-03754,2620000,0
R10-03755,5750000,20000
R10-03756,44720000,150000
R10-03757,48460000,150000
R10-03758,46200000,150000
R10-03759,6650000,20000
R10-03760,66590000,150000
R10-03761,62330000,150000
R10-03762,26200000,60000
R10-03763,61780000,150000
R10-03764,83680000,300000
R10-03765,1500000,0
R10-03766,4700000,0
R10-03767,72860000,300000
R10-03768,134190000,600000
R10-03769,36020000,150000
R10-03770,7400000,20000
R10-03771,41690000,150000
R10-03772,53730000,150000
R10-03773,1240000,0
R10-03774,14980000,40000
R10-03775,4070000,0
R10-03776,42040000,150000
R10-03777,51810000,150000
R10-03778,45300000,150000
R10-03779,41870000,150000
R10-03780,83530000,300000
R10-03781,21790000,60000
R10-03782,68280000,300000
R10-03783,32600000,60000
R10-03784,22860000,60000
R10-03785,23710000,60000
R10-03786,21470000,60000
R10-03787,86400000,300000
R10-03788,15880000,40000
R10-03789,14190000,40000
R10-03790,33780000,150000
R10-03791,42670000,150000
R10-03792,65990000,150000
R10-03793,5390000,20000
R10-03794,62990000,150000
R10-03795,70850000,300000
R10-03796,84030000,300000
R10-03797,34970000,150000
R10-03798,105360000,300000
R10-03799,43940000,150000
R10-03800,10600000,40000
R10-03801,146940000,600000
R10-03802,51590000,150000
R10-03803,4170000,0
R10-03804,13420000,40000
R10-03805,8220000,20000
R10-03806,25220000,60000
R10-03807,33170000,60000
R10-03808,22670000,60000
R10-03809,27050000,60000
R10-03810,230700000,1000000
R10-03811,65750000,150000
R10-03812,37110000,150000
R10-03813,76260000,300000
R10-03814,26050000,60000
R10-03815,1780000,0
R10-03816,26990000,60000
R10-03817,44050000,150000
R10-03818,61410000,150000
R10-03819,58860000,150000
R10-03820,104500000,300000
R10-03821,46190000,150000
R10-03822,74550000,300000
R10-03823,45950000,150000
R10-03824,56660000,150000
R10-03825,32920000,60000
R10-03826,30900000,60000
R10-03827,510000,0
R10-03828,82860000,300000
R10-03829,48280000,150000
R10-03830,32290000,60000
R10-03831,32450000,60000
R10-03832,3300000,0
R10-03833,3270000,0
R10-03834,3690000,0
R10-03835,45070000,150000
R10-03836,38620000,150000
R10-03837,35000000,150000
R10-03838,65390000,150000
R10-03839,52740000,150000
R10-03840,51990000,150000
R10-03841,58160000,150000
R10-03842,81770000,300000
R10-03843,72290000,300000
R10-03844,42390000,150000
R10-03845,3090000,0
R10-03846,11600000,40000
R10-03847,33150000,60000
R10-03848,6120000,20000
R10-03849,123780000,300000
R10-03850,28180000,60000
R10-03851,77980000,300000
R10-03852,980000,0
R10-03853,3140000,0
R10-03854,96600000,300000
R10-03855,75660000,300000
R10-03856,21680000,60000
R10-03857,39580000,150000
R10-03858,22400000,60000
R10-03859,94380000,300000
R10-03860,96270000,300000
R10-03861,92710000,300000
R10-03862,44430000,150000
R10-03863,63640000,150000
R10-03864,36700000,150000
R10-03865,23660000,60000
R10-03866,73070000,300000
R10-03867,116640000,300000
R10-03868,28330000,60000
R10-03869,1350000,0
R10-03870,33360000,150000
R10-03871,92130000,300000
R10-03872,34810000,150000
R10-03873,33490000,150000
R10-03874,53500000,150000
R10-03875,24320000,60000
R10-03876,32410000,60000
R10-03877,58310000,150000
R10-03878,137730000,600000
R10-03879,2520000,0
R10-03880,1170000,0
R10-03881,115320000,300000
R10-03882,36290000,150000
R10-03883,66240000,150000
R10-03884,82710000,300000
R10-03885,26410000,60000
R10-03886,51330000,150000
R10-03887,55950000,150000
R10-03888,17990000,40000
R10-03889,53110000,150000
R10-03890,11350000,40000
R10-03891,114350000,300000
R10-03892,3000000,0
R10-03893,21540000,60000
R10-03894,22140000,60000
R10-03895,136690000,600000
R10-03896,73290000,300000
R10-03897,32280000,60000
R10-03898,61740000,150000
R10-03899,54750000,150000
R10-03900,28750000,60000
R10-03901,64740000,150000
R10-03902,6300000,20000
R10-03903,11860000,40000
R10-03904,32970000,60000
R10-03905,57070000,150000
R10-03906,52250000,150000
R10-03907,97140000,300000
R10-03908,22070000,60000
R10-03909,56130000,150000
R10-03910,110380000,300000
R10-03911,46140000,150000
R10-03912,113460000,300000
R10-03913,100700000,300000
R10-03914,25740000,60000
R10-03915,72710000,300000
R10-03916,5410000,20000
R10-03917,67580000,300000
R10-03918,2790000,0
R10-03919,55180000,150000
R10-03920,14760000,40000
R10-03921,147930000,600000
R10-03922,122090000,300000
R10-03923,22300000,60000
R10-03924,10400000,40000
R10-03925,37510000,150000
R10-03926,22200000,60000
R10-03927,43940000,150000
R10-03928,47950000,150000
R10-03929,36880000,150000
R10-03930,92670000,300000
R10-03931,11410000,40000
R10-03932,41330000,150000
R10-03933,28660000,60000
R10-03934,53260000,150000
R10-03935,20970000,60000
R10-03936,86180000,300000
R10-03937,41530000,150000
R10-03938,3170000,0
R10-03939,27530000,60000
R10-03940,15030000,40000
R10-03941,31460000,60000
R10-03942,890000,0
R10-03943,63700000,150000
R10-03944,63880000,150000
R10-03945,102700000,300000
R10-03946,52160000,150000
R10-03947,84060000,300000
R10-03948,26550000,60000
R10-03949,21580000,60000
R10-03950,2250000,0
R10-03951,12900000,40000
R10-03952,3560000,0
R10-03953,51140000,150000
R10-03954,53030000,150000
R10-03955,123480000,300000
R10-03956,40790000,150000
R10-03957,78000000,300000
R10-03958,24170000,60000
R10-03959,101650000,300000
R10-03960,105340000,300000
R10-03961,72320000,300000
R10-03962,42130000,150000
R10-03963,42190000,150000
R10-03964,64440000,150000
R10-03965,42170000,150000
R10-03966,26720000,60000
R10-03967,8070000,20000
R10-03968,22550000,60000
R10-03969,2800000,0
R10-03970,58120000,150000
R10-03971,24690000,60000
R10-03972,35140000,150000
R10-03973,103540000,300000
R10-03974,91110000,300000
R10-03975,1480000,0
R10-03976,3200000,0
R10-03977,11470000,40000
R10-03978,2750000,0
R10-03979,1450000,0
R10-03980,22190000,60000
R10-03981,11130000,40000
R10-03982,55530000,150000
R10-03983,12040000,40000
R10-03984,36290000,150000
R10-03985,1950000,0
R10-03986,23520000,60000
R10-03987,36930000,150000
R10-03988,23400000,60000
R10-03989,94020000,300000
R10-03990,72560000,300000
R10-03991,54030000,150000
R10-03992,134830000,600000
R10-03993,26690000,60000
R10-03994,145760000,600000
R10-03995,53800000,150000
R10-03996,11700000,40000
R10-03997,93540000,300000
R10-03998,117680000,300000
R10-03999,3920000,0
R10-04000,32560000,60000
R10-04001,26650000,60000
R10-04002,20330000,60000
R10-04003,33470000,150000
R10-04004,83770000,300000
R10-04005,34370000,150000
R10-04006,94670000,300000
R10-04007,6620000,20000
R10-04008,17560000,40000
R10-04009,7730000,20000
R10-04010,3820000,0
R10-04011,32990000,60000
R10-04012,23160000,60000
R10-04013,73410000,300000
R10-04014,4820000,0
R10-04015,2570000,0
R10-04016,57100000,150000
R10-04017,33020000,60000
R10-04018,920000,0
R10-04019,3360000,0
R10-04020,74020000,300000
R10-04021,13170000,40000
R10-04022,16840000,40000
R10-04023,41770000,150000
R10-04024,35200000,150000
R10-04025,53190000,150000
R10-04026,11820000,40000
R10-04027,7070000,20000
R10-04028,24480000,60000
R10-04029,43790000,150000
R10-04030,12030000,40000
R10-04031,24350000,60000
R10-04032,22180000,60000
R10-04033,23440000,60000
R10-04034,44890000,150000
R10-04035,43280000,150000
R10-04036,33500000,150000
R10-04037,73820000,300000
R10-04038,73000000,300000
R10-04039,96860000,300000
R10-04040,221910000,1000000
R10-04041,24910000,60000
R10-04042,18690000,40000
R10-04043,34940000,150000
R10-04044,84180000,300000
R10-04045,118660000,300000
R10-04046,1580000,0
R10-04047,43090000,150000
R10-04048,12980000,40000
R10-04049,23810000,60000
R10-04050,6190000,20000
R10-04051,12410000,40000
R10-04052,81990000,300000
R10-04053,3400000,0
R10-04054,33730000,150000
R10-04055,22110000,60000
R10-04056,1620000,0
R10-04057,2210000,0
R10-04058,2930000,0
R10-04059,35100000,150000
R10-04060,4140000,0
R10-04061,34700000,150000
R10-04062,51960000,150000
R10-04063,43930000,150000
R10-04064,21590000,60000
R10-04065,64010000,150000
R10-04066,13680000,40000
R10-04067,61290000,150000
R10-04068,42270000,150000
R10-04069,91320000,300000
R10-04070,32410000,60000
R10-04071,3160000,0
R10-04072,27960000,60000
R10-04073,24370000,60000
R10-04074,4940000,0
R10-04075,24680000,60000
R10-04076,51460000,150000
R10-04077,56240000,150000
R10-04078,5150000,20000
R10-04079,32290000,60000
R10-04080,63350000,150000
R10-04081,72040000,300000
R10-04082,4050000,0
R10-04083,45320000,150000
R10-04084,24460000,60000
R10-04085,31960000,60000
R10-04086,21420000,60000
R10-04087,1550000,0
R10-04088,86290000,300000
R10-04089,31240000,60000
R10-04090,22700000,60000
R10-04091,76640000,300000
R10-04092,34050000,150000
R10-04093,42600000,150000
R10-04094,40770000,150000
R10-04095,92240000,300000
R10-04096,27730000,60000
R10-04097,65650000,150000
R10-04098,25480000,60000
R10-04099,2490000,0
R10-04100,23730000,60000
R10-04101,48510000,150000
R10-04102,11690000,40000
R10-04103,33540000,150000
R10-04104,87080000,300000
R10-04105,10880000,40000
R10-04106,43400000,150000
R10-04107,105350000,300000
R10-04108,12580000,40000
R10-04109,15730000,40000
R10-04110,3360000,0
R10-04111,31930000,60000
R10-04112,2260000,0
R10-04113,52110000,150000
R10-04114,34930000,150000
R10-04115,106180000,300000
R10-04116,56420000,150000
R10-04117,22460000,60000
R10-04118,47080000,150000
R10-04119,7550000,20000
R10-04120,37150000,150000
R10-04121,55550000,150000
R10-04122,22530000,60000
R10-04123,40590000,150000
R10-04124,132990000,300000
R10-04125,66030000,150000
R10-04126,126740000,300000
R10-04127,26040000,60000
R10-04128,48790000,150000
R10-04129,26120000,60000
R10-04130,44000000,150000
R10-04131,123510000,300000
R10-04132,101060000,300000
R10-04133,9540000,20000
R10-04134,83540000,300000
R10-04135,22040000,60000
R10-04136,90960000,300000
R10-04137,71740000,300000
R10-04138,14620000,40000
R10-04139,32200000,60000
R10-04140,63740000,150000
R10-04141,41700000,150000
R10-04142,52180000,150000
R10-04143,32530000,60000
R10-04144,71850000,300000
R10-04145,24220000,60000
R10-04146,41790000,150000
R10-04147,13350000,40000
R10-04148,4770000,0
R10-04149,13660000,40000
R10-04150,12310000,40000
R10-04151,43600000,150000
R10-04152,56140000,150000
R10-04153,77540000,300000
R10-04154,46250000,150000
R10-04155,25470000,60000
R10-04156,4970000,0
R10-04157,58070000,150000
R10-04158,74320000,300000
R10-04159,81760000,300000
R10-04160,76370000,300000
R10-04161,60730000,150000
R10-04162,61340000,150000
R10-04163,78790000,300000
R10-04164,46840000,150000
R10-04165,6880000,20000
R10-04166,98140000,300000
R10-04167,14030000,40000
R10-04168,15590000,40000
R10-04169,23460000,60000
R10-04170,15990000,40000
R10-04171,71310000,300000
R10-04172,45160000,150000
R10-04173,63980000,150000
R10-04174,12800000,40000
R10-04175,41110000,150000
R10-04176,22480000,60000
R10-04177,33690000,150000
R10-04178,37800000,150000
R10-04179,12730000,40000
R10-04180,152140000,600000
R10-04181,65760000,150000
R10-04182,12850000,40000
R10-04183,70610000,300000
R10-04184,86740000,300000
R10-04185,33470000,150000
R10-04186,16230000,40000
R10-04187,43490000,150000
R10-04188,52900000,150000
R10-04189,58260000,150000
R10-04190,33840000,150000
R10-04191,13810000,40000
R10-04192,44540000,150000
R10-04193,71540000,300000
R10-04194,23690000,60000
R10-04195,4030000,0
R10-04196,22400000,60000
R10-04197,64780000,150000
R10-04198,22260000,60000
R10-04199,73340000,300000
R10-04200,16580000,40000
R10-04201,103610000,300000
R10-04202,46140000,150000
R10-04203,1980000,0
R10-04204,23450000,60000
R10-04205,36650000,150000
R10-04206,51610000,150000
R10-04207,87900000,300000
R10-04208,73800000,300000
R10-04209,26920000,60000
R10-04210,25300000,60000
R10-04211,64370000,150000
R10-04212,152560000,600000
R10-04213,15440000,40000
R10-04214,50840000,150000
R10-04215,1560000,0
R10-04216,12500000,40000
R10-04217,52380000,150000
R10-04218,23340000,60000
R10-04219,11720000,40000
R10-04220,40880000,150000
R10-04221,53250000,150000
R10-04222,37140000,150000
R10-04223,37410000,150000
R10-04224,2500000,0
R10-04225,5400000,20000
R10-04226,45310000,150000
R10-04227,43160000,150000
R10-04228,115020000,300000
R10-04229,37930000,150000
R10-04230,74540000,300000
R10-04231,84600000,300000
R10-04232,71920000,300000
R10-04233,97530000,300000
R10-04234,23250000,60000
R10-04235,41000000,150000
R10-04236,76330000,300000
R10-04237,8180000,20000
R10-04238,13700000,40000
R10-04239,44930000,150000
R10-04240,1380000,0
R10-04241,43380000,150000
R10-04242,32110000,60000
R10-04243,690000,0
R10-04244,31970000,60000
R10-04245,24390000,60000
R10-04246,12550000,40000
R10-04247,46580000,150000
R10-04248,3110000,0
R10-04249,82640000,300000
R10-04250,3370000,0
R10-04251,27200000,60000
R10-04252,81940000,300000
R10-04253,74160000,300000
R10-04254,92310000,300000
R10-04255,72160000,300000
R10-04256,33570000,150000
R10-04257,83070000,300000
R10-04258,23990000,60000
R10-04259,8560000,20000
R10-04260,23910000,60000
R10-04261,87410000,300000
R10-04262,33050000,60000
R10-04263,110950000,300000
R10-04264,24100000,60000
R10-04265,53660000,150000
R10-04266,25340000,60000
R10-04267,11810000,40000
R10-04268,50850000,150000
R10-04269,22340000,60000
R10-04270,85400000,300000
R10-04271,72830000,300000
R10-04272,1480000,0
R10-04273,34990000,150000
R10-04274,87930000,300000
R10-04275,31120000,60000
R10-04276,54320000,150000
R10-04277,92710000,300000
R10-04278,4090000,0
R10-04279,57120000,150000
R10-04280,36000000,150000
R10-04281,15820000,40000
R10-04282,51950000,150000
R10-04283,23310000,60000
R10-04284,9350000,20000
R10-04285,55300000,150000
R10-04286,32030000,60000
R10-04287,4240000,0
R10-04288,101140000,300000
R10-04289,55880000,150000
R10-04290,1470000,0
R10-04291,5340000,20000
R10-04292,93160000,300000
R10-04293,32620000,60000
R10-04294,26470000,60000
R10-04295,15800000,40000
R10-04296,70710000,300000
R10-04297,35650000,150000
R10-04298,2670000,0
R10-04299,22070000,60000
R10-04300,7730000,20000
R10-04301,46360000,150000
R10-04302,4210000,0
R10-04303,2260000,0
R10-04304,130280000,300000
R10-04305,31710000,60000
R10-04306,4850000,0
R10-04307,35900000,150000
R10-04308,42250000,150000
R10-04309,103820000,300000
R10-04310,79150000,300000
R10-04311,75780000,300000
R10-04312,2090000,0
R10-04313,62060000,150000
R10-04314,72170000,300000
R10-04315,37940000,150000
R10-04316,24680000,60000
R10-04317,4060000,0
R10-04318,13020000,40000
R10-04319,53870000,150000
R10-04320,93630000,300000
R10-04321,122310000,300000
R10-04322,47860000,150000
R10-04323,15950000,40000
R10-04324,84850000,300000
R10-04325,56730000,150000
R10-04326,87310000,300000
R10-04327,2080000,0
R10-04328,33660000,150000
R10-04329,43530000,150000
R10-04330,81740000,300000
R10-04331,81190000,300000
R10-04332,33390000,150000
R10-04333,2220000,0
R10-04334,45630000,150000
R10-04335,123730000,300000
R10-04336,22370000,60000
R10-04337,38590000,150000
R10-04338,31150000,60000
R10-04339,141650000,600000
R10-04340,31490000,60000
R10-04341,42220000,150000
R10-04342,1730000,0
R10-04343,5440000,20000
R10-04344,22320000,60000
R10-04345,42030000,150000
R10-04346,21510000,60000
R10-04347,13920000,40000
R10-04348,8680000,20000
R10-04349,30850000,60000
R10-04350,2570000,0
R10-04351,35050000,150000
R10-04352,21400000,60000
R10-04353,22320000,60000
R10-04354,4950000,0
R10-04355,91740000,300000
R10-04356,16550000,40000
R10-04357,23800000,60000
R10-04358,41120000,150000
R10-04359,54290000,150000
R10-04360,24410000,60000
R10-04361,154950000,600000
R10-04362,113230000,300000
R10-04363,24470000,60000
R10-04364,21370000,60000
R10-04365,97280000,300000
R10-04366,80080000,300000
R10-04367,70600000,300000
R10-04368,42390000,150000
R10-04369,3750000,0
R10-04370,56550000,150000
R10-04371,14520000,40000
R10-04372,63700000,150000
R10-04373,72050000,300000
R10-04374,94240000,300000
R10-04375,4580000,0
R10-04376,75130000,300000
R10-04377,23770000,60000
R10-04378,46140000,150000
R10-04379,31010000,60000
R10-04380,980000,0
R10-04381,66700000,300000
R10-04382,61070000,150000
R10-04383,3200000,0
R10-04384,11110000,40000
R10-04385,33840000,150000
R10-04386,33060000,60000
R10-04387,25110000,60000
R10-04388,24960000,60000
R10-04389,7460000,20000
R10-04390,22480000,60000
R10-04391,22680000,60000
R10-04392,61630000,150000
R10-04393,71450000,300000
R10-04394,66810000,300000
R10-04395,78560000,300000
R10-04396,32610000,60000
R10-04397,75580000,300000
R10-04398,34990000,150000
R10-04399,4030000,0
R10-04400,82650000,300000
R10-04401,144380000,600000
R10-04402,1480000,0
R10-04403,33850000,150000
R10-04404,71050000,300000
R10-04405,32160000,60000
R10-04406,44150000,150000
R10-04407,32450000,60000
R10-04408,67110000,300000
R10-04409,84850000,300000
R10-04410,83350000,300000
R10-04411,25520000,60000
R10-04412,7930000,20000
R10-04413,44050000,150000
R10-04414,51640000,150000
R10-04415,23390000,60000
R10-04416,91330000,300000
R10-04417,32310000,60000
R10-04418,63210000,150000
R10-04419,2130000,0
R10-04420,3160000,0
R10-04421,43460000,150000
R10-04422,64930000,150000
R10-04423,22350000,60000
R10-04424,27110000,60000
R10-04425,33910000,150000
R10-04426,102310000,300000
R10-04427,3470000,0
R10-04428,91100000,300000
R10-04429,21640000,60000
R10-04430,34130000,150000
R10-04431,23940000,60000
R10-04432,46270000,150000
R10-04433,54550000,150000
R10-04434,21420000,60000
R10-04435,35520000,150000
R10-04436,94020000,300000
R10-04437,8400000,20000
R10-04438,73910000,300000
R10-04439,24160000,60000
R10-04440,50520000,150000
R10-04441,73160000,300000
R10-04442,25770000,60000
R10-04443,87700000,300000
R10-04444,51880000,150000
R10-04445,12960000,40000
R10-04446,107120000,300000
R10-04447,54230000,150000
R10-04448,31870000,60000
R10-04449,24580000,60000
R10-04450,105130000,300000
R10-04451,51300000,150000
R10-04452,55260000,150000
R10-04453,94950000,300000
R10-04454,11380000,40000
R10-04455,23180000,60000
R10-04456,72060000,300000
R10-04457,36170000,150000
R10-04458,55960000,150000
R10-04459,25480000,60000
R10-04460,7030000,20000
R10-04461,138460000,600000
R10-04462,113670000,300000
R10-04463,25920000,60000
R10-04464,15230000,40000
R10-04465,12080000,40000
R10-04466,61400000,150000
R10-04467,3180000,0
R10-04468,62340000,150000
R10-04469,31720000,60000
R10-04470,35980000,150000
R10-04471,63170000,150000
R10-04472,4980000,0
R10-04473,26570000,60000
R10-04474,52100000,150000
R10-04475,13880000,40000
R10-04476,43270000,150000
R10-04477,52700000,150000
R10-04478,21880000,60000
R10-04479,80100000,300000
R10-04480,22920000,60000
R10-04481,83750000,300000
R10-04482,30560000,60000
R10-04483,3690000,0
R10-04484,17120000,40000
R10-04485,46130000,150000
R10-04486,52800000,150000
R10-04487,82400000,300000
R10-04488,23290000,60000
R10-04489,11740000,40000
R10-04490,74990000,300000
R10-04491,15670000,40000
R10-04492,69100000,300000
R10-04493,45360000,150000
R10-04494,40990000,150000
R10-04495,12760000,40000
R10-04496,23500000,60000
R10-04497,22370000,60000
R10-04498,53350000,150000
R10-04499,52250000,150000
R10-04500,25980000,60000
R10-04501,43050000,150000
R10-04502,25290000,60000
R10-04503,90640000,300000
R10-04504,13160000,40000
R10-04505,76860000,300000
R10-04506,47050000,150000
R10-04507,2390000,0
R10-04508,21920000,60000
R10-04509,54320000,150000
R10-04510,27830000,60000
R10-04511,136050000,600000
R10-04512,93770000,300000
R10-04513,71270000,300000
R10-04514,2380000,0
R10-04515,102550000,300000
R10-04516,97480000,300000
R10-04517,28820000,60000
R10-04518,3000000,0
R10-04519,82910000,300000
R10-04520,64070000,150000
R10-04521,97030000,300000
R10-04522,25380000,60000
R10-04523,72370000,300000
R10-04524,62580000,150000
R10-04525,27090000,60000
R10-04526,2790000,0
R10-04527,41260000,150000
R10-04528,3280000,0
R10-04529,42390000,150000
R10-04530,4980000,0
R10-04531,92900000,300000
R10-04532,32520000,60000
R10-04533,63320000,150000
R10-04534,42890000,150000
R10-04535,67210000,300000
R10-04536,11280000,40000
R10-04537,42910000,150000
R10-04538,33930000,150000
R10-04539,102820000,300000
R10-04540,28860000,60000
R10-04541,11840000,40000
R10-04542,52870000,150000
R10-04543,23500000,60000
R10-04544,81650000,300000
R10-04545,32560000,60000
R10-04546,35410000,150000
R10-04547,85540000,300000
R10-04548,47140000,150000
R10-04549,34400000,150000
R10-04550,95570000,300000
R10-04551,2970000,0
R10-04552,63130000,150000
R10-04553,26140000,60000
R10-04554,21730000,60000
R10-04555,68490000,300000
R10-04556,76430000,300000
R10-04557,12740000,40000
R10-04558,41910000,150000
R10-04559,24920000,60000
R10-04560,39170000,150000
R10-04561,94040000,300000
R10-04562,102900000,300000
R10-04563,63030000,150000
R10-04564,61850000,150000
R10-04565,3510000,0
R10-04566,5110000,20000
R10-04567,12790000,40000
R10-04568,24980000,60000
R10-04569,1390000,0
R10-04570,12550000,40000
R10-04571,12140000,40000
R10-04572,12950000,40000
R10-04573,81570000,300000
R10-04574,70880000,300000
R10-04575,35360000,150000
R10-04576,7010000,20000
R10-04577,225300000,1000000
R10-04578,23730000,60000
R10-04579,50820000,150000
R10-04580,67270000,300000
R10-04581,36190000,150000
R10-04582,37240000,150000
R10-04583,135470000,600000
R10-04584,32790000,60000
R10-04585,31990000,60000
R10-04586,23390000,60000
R10-04587,74670000,300000
R10-04588,52450000,150000
R10-04589,83870000,300000
R10-04590,125960000,300000
R10-04591,55910000,150000
R10-04592,82040000,300000
R10-04593,86070000,300000
R10-04594,3810000,0
R10-04595,21290000,60000
R10-04596,22340000,60000
R10-04597,12170000,40000
R10-04598,63630000,150000
R10-04599,34190000,150000
R10-04600,61700000,150000
R10-04601,94210000,300000
R10-04602,62890000,150000
R10-04603,15960000,40000
R10-04604,113950000,300000
R10-04605,63590000,150000
R10-04606,950000,0
R10-04607,1930000,0
R10-04608,172910000,600000
R10-04609,14390000,40000
R10-04610,5300000,20000
R10-04611,31780000,60000
R10-04612,41520000,150000
R10-04613,22800000,60000
R10-04614,54840000,150000
R10-04615,20210000,60000
R10-04616,47400000,150000
R10-04617,41540000,150000
R10-04618,53560000,150000
R10-04619,3850000,0
R10-04620,62370000,150000
R10-04621,43560000,150000
R10-04622,93650000,300000
R10-04623,5290000,20000
R10-04624,22310000,60000
R10-04625,52470000,150000
R10-04626,115010000,300000
R10-04627,16800000,40000
R10-04628,50800000,150000
R10-04629,65670000,150000
R10-04630,240000,0
R10-04631,51220000,150000
R10-04632,5760000,20000
R10-04633,44160000,150000
R10-04634,22010000,60000
R10-04635,37100000,150000
R10-04636,13460000,40000
R10-04637,6450000,20000
R10-04638,80850000,300000
R10-04639,62840000,150000
R10-04640,54740000,150000
R10-04641,990000,0
R10-04642,83800000,300000
R10-04643,14050000,40000
R10-04644,32200000,60000
R10-04645,22580000,60000
R10-04646,6900000,20000
R10-04647,142110000,600000
R10-04648,61880000,150000
R10-04649,84980000,300000
R10-04650,63260000,150000
R10-04651,34400000,150000
R10-04652,61550000,150000
R10-04653,22140000,60000
R10-04654,62560000,150000
R10-04655,22200000,60000
R10-04656,55130000,150000
R10-04657,46540000,150000
R10-04658,3940000,0
R10-04659,2000000,0
R10-04660,85580000,300000
R10-04661,3760000,0
R10-04662,42910000,150000
R10-04663,2860000,0
R10-04664,74360000,300000
R10-04665,6540000,20000
R10-04666,52320000,150000
R10-04667,31140000,60000
R10-04668,34370000,150000
R10-04669,13870000,40000
R10-04670,31870000,60000
R10-04671,35990000,150000
R10-04672,62720000,150000
R10-04673,11270000,40000
R10-04674,93470000,300000
R10-04675,4110000,0
R10-04676,41700000,150000
R10-04677,76180000,300000
R10-04678,25660000,60000
R10-04679,5860000,20000
R10-04680,11840000,40000
R10-04681,74710000,300000
R10-04682,100870000,300000
R10-04683,108850000,300000
R10-04684,101500000,300000
R10-04685,94060000,300000
R10-04686,23370000,60000
R10-04687,5260000,20000
R10-04688,26400000,60000
R10-04689,51420000,150000
R10-04690,175120000,600000
R10-04691,78360000,300000
R10-04692,10410000,40000
R10-04693,61730000,150000
R10-04694,5930000,20000
R10-04695,45270000,150000
R10-04696,86230000,300000
R10-04697,42090000,150000
R10-04698,5100000,20000
R10-04699,75570000,300000
R10-04700,72450000,300000
R10-04701,73730000,300000
R10-04702,3820000,0
R10-04703,90180000,300000
R10-04704,24160000,60000
R10-04705,26660000,60000
R10-04706,94010000,300000
R10-04707,34720000,150000
R10-04708,37230000,150000
R10-04709,25660000,60000
R10-04710,28030000,60000
R10-04711,98170000,300000
R10-04712,30730000,60000
R10-04713,72870000,300000
R10-04714,82640000,300000
R10-04715,105980000,300000
R10-04716,31310000,60000
R10-04717,11670000,40000
R10-04718,970000,0
R10-04719,36980000,150000
R10-04720,43770000,150000
R10-04721,20750000,60000
R10-04722,14040000,40000
R10-04723,131620000,300000
R10-04724,17610000,40000
R10-04725,6040000,20000
R10-04726,13110000,40000
R10-04727,22640000,60000
R10-04728,75640000,300000
R10-04729,81500000,300000
R10-04730,46700000,150000
R10-04731,73160000,300000
R10-04732,14090000,40000
R10-04733,91750000,300000
R10-04734,54130000,150000
R10-04735,63520000,150000
R10-04736,52600000,150000
R10-04737,62240000,150000
R10-04738,3910000,0
R10-04739,91710000,300000
R10-04740,24750000,60000
R10-04741,8140000,20000
R10-04742,3840000,0
R10-04743,14810000,40000
R10-04744,3220000,0
R10-04745,85230000,300000
R10-04746,38290000,150000
R10-04747,22690000,60000
R10-04748,30980000,60000
R10-04749,32740000,60000
R10-04750,14290000,40000
R10-04751,42760000,150000
R10-04752,1950000,0
R10-04753,72420000,300000
R10-04754,14520000,40000
R10-04755,85780000,300000
R10-04756,34070000,150000
R10-04757,31650000,60000
R10-04758,51760000,150000
R10-04759,41980000,150000
R10-04760,43180000,150000
R10-04761,46400000,150000
R10-04762,47050000,150000
R10-04763,102680000,300000
R10-04764,52790000,150000
R10-04765,41830000,150000
R10-04766,67180000,300000
R10-04767,25110000,60000
R10-04768,11090000,40000
R10-04769,21270000,60000
R10-04770,35370000,150000
R10-04771,71350000,300000
R10-04772,113700000,300000
R10-04773,2750000,0
R10-04774,35530000,150000
R10-04775,35350000,150000
R10-04776,46640000,150000
R10-04777,19460000,40000
R10-04778,103910000,300000
R10-04779,75400000,300000
R10-04780,2060000,0
R10-04781,57720000,150000
R10-04782,3450000,0
R10-04783,4390000,0
R10-04784,48520000,150000
R10-04785,6940000,20000
R10-04786,90920000,300000
R10-04787,54140000,150000
R10-04788,64030000,150000
R10-04789,41420000,150000
R10-04790,63770000,150000
R10-04791,24320000,60000
R10-04792,73950000,300000
R10-04793,480000,0
R10-04794,4470000,0
R10-04795,33870000,150000
R10-04796,23240000,60000
R10-04797,30990000,60000
R10-04798,33160000,60000
R10-04799,770000,0
R10-04800,74730000,300000
R10-04801,22720000,60000
R10-04802,33700000,150000
R10-04803,41950000,150000
R10-04804,34700000,150000
R10-04805,92920000,300000
R10-04806,54520000,150000
R10-04807,42110000,150000
R10-04808,78220000,300000
R10-04809,2000000,0
R10-04810,61220000,150000
R10-04811,95000000,300000
R10-04812,10130000,40000
R10-04813,145190000,600000
R10-04814,54760000,150000
R10-04815,42370000,150000
R10-04816,3910000,0
R10-04817,62080000,150000
R10-04818,13450000,40000
R10-04819,62670000,150000
R10-04820,16160000,40000
R10-04821,102580000,300000
R10-04822,36240000,150000
R10-04823,83250000,300000
R10-04824,92340000,300000
R10-04825,35180000,150000
R10-04826,102120000,300000
R10-04827,65790000,150000
R10-04828,21530000,60000
R10-04829,5060000,20000
R10-04830,13490000,40000
R10-04831,42470000,150000
R10-04832,72320000,300000
R10-04833,87140000,300000
R10-04834,25210000,60000
R10-04835,45370000,150000
R10-04836,94690000,300000
R10-04837,53540000,150000
R10-04838,25790000,60000
R10-04839,68350000,300000
R10-04840,4270000,0
R10-04841,36020000,150000
R10-04842,38970000,150000
R10-04843,75570000,300000
R10-04844,94980000,300000
R10-04845,11380000,40000
R10-04846,50900000,150000
R10-04847,84240000,300000
R10-04848,25650000,60000
R10-04849,32880000,60000
R10-04850,16340000,40000
R10-04851,8130000,20000
R10-04852,12330000,40000
R10-04853,82030000,300000
R10-04854,1660000,0
R10-04855,72550000,300000
R10-04856,32280000,60000
R10-04857,22460000,60000
R10-04858,92970000,300000
R10-04859,4570000,0
R10-04860,40960000,150000
R10-04861,56190000,150000
R10-04862,42540000,150000
R10-04863,4420000,0
R10-04864,25000000,60000
R10-04865,34180000,150000
R10-04866,54430000,150000
R10-04867,93500000,300000
R10-04868,72710000,300000
R10-04869,5980000,20000
R10-04870,36700000,150000
R10-04871,102350000,300000
R10-04872,32740000,60000
R10-04873,80730000,300000
R10-04874,40160000,150000
R10-04875,1400000,0
R10-04876,32970000,60000
R10-04877,26670000,60000
R10-04878,77210000,300000
R10-04879,24580000,60000
R10-04880,58840000,150000
R10-04881,3900000,0
R10-04882,2170000,0
R10-04883,65820000,150000
R10-04884,6320000,20000
R10-04885,44050000,150000
R10-04886,17960000,40000
R10-04887,134760000,600000
R10-04888,104490000,300000
R10-04889,82020000,300000
R10-04890,55850000,150000
R10-04891,47120000,150000
R10-04892,42580000,150000
R10-04893,41490000,150000
R10-04894,6330000,20000
R10-04895,74560000,300000
R10-04896,31760000,60000
R10-04897,15180000,40000
R10-04898,71270000,300000
R10-04899,44290000,150000
R10-04900,84080000,300000
R10-04901,22050000,60000
R10-04902,2870000,0
R10-04903,47300000,150000
R10-04904,12010000,40000
R10-04905,43430000,150000
R10-04906,46340000,150000
R10-04907,64600000,150000
R10-04908,4600000,0
R10-04909,740000,0
R10-04910,132030000,300000
R10-04911,24040000,60000
R10-04912,76590000,300000
R10-04913,33270000,60000
R10-04914,21190000,60000
R10-04915,15130000,40000
R10-04916,56840000,150000
R10-04917,103600000,300000
R10-04918,113260000,300000
R10-04919,55450000,150000
R10-04920,44640000,150000
R10-04921,52190000,150000
R10-04922,76350000,300000
R10-04923,30850000,60000
R10-04924,63370000,150000
R10-04925,29190000,60000
R10-04926,81860000,300000
R10-04927,3910000,0
R10-04928,76600000,300000
R10-04929,32720000,60000
R10-04930,22110000,60000
R10-04931,25390000,60000
R10-04932,31290000,60000
R10-04933,42270000,150000
R10-04934,96720000,300000
R10-04935,12030000,40000
R10-04936,41800000,150000
R10-04937,54330000,150000
R10-04938,21490000,60000
R10-04939,5360000,20000
R10-04940,93790000,300000
