고객ID,타사이전금액,혜택금액
R16-00000,110680000,300000
R16-00001,23020000,60000
R16-00002,24500000,60000
R16-00003,15060000,40000
R16-00004,26150000,60000
R16-00005,117290000,300000
R16-00006,57700000,150000
R16-00007,36200000,150000
R16-00008,45330000,150000
R16-00009,33090000,60000
R16-00010,2330000,0
R16-00011,72730000,300000
R16-00012,13680000,40000
R16-00013,97560000,300000
R16-00014,64190000,150000
R16-00015,11850000,40000
R16-00016,103150000,300000
R16-00017,25520000,60000
R16-00018,78460000,300000
R16-00019,31350000,60000
R16-00020,21770000,60000
R16-00021,110440000,300000
R16-00022,16150000,40000
R16-00023,42180000,150000
R16-00024,5280000,20000
R16-00025,61990000,150000
R16-00026,16590000,40000
R16-00027,32860000,60000
R16-00028,52730000,150000
R16-00029,1250000,0
R16-00030,177400000,600000
R16-00031,43920000,150000
R16-00032,103330000,300000
R16-00033,71920000,300000
R16-00034,81880000,300000
R16-00035,32290000,60000
R16-00036,32780000,60000
R16-00037,3060000,0
R16-00038,26930000,60000
R16-00039,35360000,150000
R16-00040,23140000,60000
R16-00041,159210000,600000
R16-00042,70640000,300000
R16-00043,13170000,40000
R16-00044,13840000,40000
R16-00045,31050000,60000
R16-00046,104710000,300000
R16-00047,2360000,0
R16-00048,17000000,40000
R16-00049,7070000,20000
R16-00050,2140000,0
R16-00051,63070000,150000
R16-00052,50380000,150000
R16-00053,45910000,150000
R16-00054,83160000,300000
R16-00055,67490000,300000
R16-00056,94640000,300000
R16-00057,71980000,300000
R16-00058,45670000,150000
R16-00059,45090000,150000
R16-00060,24510000,60000
R16-00061,45800000,150000
R16-00062,76270000,300000
R16-00063,66080000,150000
R16-00064,13740000,40000
R16-00065,11890000,40000
R16-00066,78040000,300000
R16-00067,42170000,150000
R16-00068,23340000,60000
R16-00069,121810000,300000
R16-00070,43330000,150000
R16-00071,7520000,20000
R16-00072,6180000,20000
R16-00073,93780000,300000
R16-00074,52380000,150000
R16-00075,51290000,150000
R16-00076,44970000,150000
R16-00077,5400000,20000
R16-00078,65780000,150000
R16-00079,26350000,60000
R16-00080,33360000,150000
R16-00081,15640000,40000
R16-00082,33270000,60000
R16-00083,43770000,150000
R16-00084,14410000,40000
R16-00085,65270000,150000
R16-00086,48920000,150000
R16-00087,45250000,150000
R16-00088,13510000,40000
R16-00089,24970000,60000
R16-00090,3150000,0
R16-00091,55850000,150000
R16-00092,136080000,600000
R16-00093,52250000,150000
R16-00094,35550000,150000
R16-00095,45930000,150000
R16-00096,111860000,300000
R16-00097,33290000,60000
R16-00098,64660000,150000
R16-00099,71870000,300000
R16-00100,68330000,300000
R16-00101,15330000,40000
R16-00102,62630000,150000
R16-00103,930000,0
R16-00104,21630000,60000
R16-00105,14140000,40000
R16-00106,4260000,0
R16-00107,1290000,0
R16-00108,1950000,0
R16-00109,13160000,40000
R16-00110,54530000,150000
R16-00111,32470000,60000
R16-00112,52740000,150000
R16-00113,57100000,150000
R16-00114,31980000,60000
R16-00115,63460000,150000
R16-00116,22840000,60000
R16-00117,21430000,60000
R16-00118,27220000,60000
R16-00119,90740000,300000
R16-00120,84980000,300000
R16-00121,82870000,300000
R16-00122,5400000,20000
R16-00123,15920000,40000
R16-00124,12980000,40000
R16-00125,31120000,60000
R16-00126,17220000,40000
R16-00127,8380000,20000
R16-00128,2590000,0
R16-00129,24940000,60000
R16-00130,11580000,40000
R16-00131,10260000,40000
R16-00132,92140000,300000
R16-00133,118740000,300000
R16-00134,2400000,0
R16-00135,62090000,150000
R16-00136,14290000,40000
R16-00137,25830000,60000
R16-00138,53710000,150000
R16-00139,61850000,150000
R16-00140,65710000,150000
R16-00141,80850000,300000
R16-00142,57450000,150000
R16-00143,11250000,40000
R16-00144,23540000,60000
R16-00145,74620000,300000
R16-00146,85350000,300000
R16-00147,71500000,300000
R16-00148,23940000,60000
R16-00149,42400000,150000
R16-00150,19290000,40000
R16-00151,113940000,300000
R16-00152,9320000,20000
R16-00153,4240000,0
R16-00154,62600000,150000
R16-00155,17530000,40000
R16-00156,31160000,60000
R16-00157,14420000,40000
R16-00158,86840000,300000
R16-00159,14310000,40000
R16-00160,2090000,0
R16-00161,87560000,300000
R16-00162,73880000,300000
R16-00163,20770000,60000
R16-00164,34660000,150000
R16-00165,31560000,60000
R16-00166,4700000,0
R16-00167,28310000,60000
R16-00168,52230000,150000
R16-00169,33090000,60000
R16-00170,14540000,40000
R16-00171,24050000,60000
R16-00172,14080000,40000
R16-00173,1790000,0
R16-00174,47200000,150000
R16-00175,15480000,40000
R16-00176,43560000,150000
R16-00177,65510000,150000
R16-00178,97940000,300000
R16-00179,104300000,300000
R16-00180,73250000,300000
R16-00181,42580000,150000
R16-00182,60970000,150000
R16-00183,5850000,20000
R16-00184,16470000,40000
R16-00185,115850000,300000
R16-00186,17280000,40000
R16-00187,141500000,600000
R16-00188,46120000,150000
R16-00189,43990000,150000
R16-00190,90410000,300000
R16-00191,48990000,150000
R16-00192,72030000,300000
R16-00193,400000,0
R16-00194,43500000,150000
R16-00195,54670000,150000
R16-00196,1750000,0
R16-00197,1910000,0
R16-00198,14530000,40000
R16-00199,21900000,60000
R16-00200,1750000,0
R16-00201,14330000,40000
R16-00202,62920000,150000
R16-00203,7050000,20000
R16-00204,81690000,300000
R16-00205,74320000,300000
R16-00206,12310000,40000
R16-00207,11660000,40000
R16-00208,7030000,20000
R16-00209,44340000,150000
R16-00210,1920000,0
R16-00211,14480000,40000
R16-00212,11860000,40000
R16-00213,72520000,300000
R16-00214,25500000,60000
R16-00215,11560000,40000
R16-00216,45430000,150000
R16-00217,14700000,40000
R16-00218,27450000,60000
R16-00219,33700000,150000
R16-00220,16110000,40000
R16-00221,35820000,150000
R16-00222,70710000,300000
R16-00223,106820000,300000
R16-00224,55720000,150000
R16-00225,43720000,150000
R16-00226,132690000,300000
R16-00227,65440000,150000
R16-00228,25890000,60000
R16-00229,63420000,150000
R16-00230,137610000,600000
R16-00231,33670000,150000
R16-00232,2240000,0
R16-00233,58250000,150000
R16-00234,102210000,300000
R16-00235,5590000,20000
R16-00236,61600000,150000
R16-00237,7230000,20000
R16-00238,28310000,60000
R16-00239,6420000,20000
R16-00240,50970000,150000
R16-00241,47820000,150000
R16-00242,60780000,150000
R16-00243,11800000,40000
R16-00244,95120000,300000
R16-00245,14110000,40000
R16-00246,12390000,40000
R16-00247,21040000,60000
R16-00248,67020000,300000
R16-00249,65780000,150000
R16-00250,156200000,600000
R16-00251,24620000,60000
R16-00252,65660000,150000
R16-00253,42630000,150000
R16-00254,17390000,40000
R16-00255,53660000,150000
R16-00256,11540000,40000
R16-00257,33480000,150000
R16-00258,72350000,300000
R16-00259,24940000,60000
R16-00260,40700000,150000
R16-00261,35960000,150000
R16-00262,14780000,40000
R16-00263,15630000,40000
R16-00264,24100000,60000
R16-00265,55940000,150000
R16-00266,360000,0
R16-00267,27180000,60000
R16-00268,63120000,150000
R16-00269,132590000,300000
R16-00270,72260000,300000
R16-00271,56510000,150000
R16-00272,66160000,150000
R16-00273,83170000,300000
R16-00274,2560000,0
R16-00275,102570000,300000
R16-00276,26970000,60000
R16-00277,116440000,300000
R16-00278,45160000,150000
R16-00279,5150000,20000
R16-00280,4780000,0
R16-00281,28630000,60000
R16-00282,57160000,150000
R16-00283,73590000,300000
R16-00284,5550000,20000
R16-00285,43430000,150000
R16-00286,105250000,300000
R16-00287,33030000,60000
R16-00288,11600000,40000
R16-00289,41670000,150000
R16-00290,91930000,300000
R16-00291,5940000,20000
R16-00292,32220000,60000
R16-00293,54140000,150000
R16-00294,46410000,150000
R16-00295,36030000,150000
R16-00296,83740000,300000
R16-00297,30630000,60000
R16-00298,54890000,150000
R16-00299,31360000,60000
R16-00300,31700000,60000
R16-00301,11440000,40000
R16-00302,42780000,150000
R16-00303,61150000,150000
R16-00304,83160000,300000
R16-00305,101600000,300000
R16-00306,1230000,0
R16-00307,63810000,150000
R16-00308,114420000,300000
R16-00309,6880000,20000
R16-00310,51040000,150000
R16-00311,42930000,150000
R16-00312,6010000,20000
R16-00313,12650000,40000
R16-00314,63510000,150000
R16-00315,23110000,60000
R16-00316,31940000,60000
R16-00317,37560000,150000
R16-00318,47240000,150000
R16-00319,14220000,40000
R16-00320,23020000,60000
R16-00321,26270000,60000
R16-00322,3550000,0
R16-00323,51520000,150000
R16-00324,2620000,0
R16-00325,32170000,60000
R16-00326,5910000,20000
R16-00327,81430000,300000
R16-00328,5550000,20000
R16-00329,69160000,300000
R16-00330,50200000,150000
R16-00331,88540000,300000
R16-00332,930000,0
R16-00333,81710000,300000
R16-00334,1200000,0
R16-00335,22060000,60000
R16-00336,44430000,150000
R16-00337,25110000,60000
R16-00338,82520000,300000
R16-00339,8480000,20000
R16-00340,24920000,60000
R16-00341,14160000,40000
R16-00342,2680000,0
R16-00343,64190000,150000
R16-00344,30620000,60000
R16-00345,43600000,150000
R16-00346,66680000,300000
R16-00347,45610000,150000
R16-00348,42230000,150000
R16-00349,2040000,0
R16-00350,86310000,300000
R16-00351,73990000,300000
R16-00352,20990000,60000
R16-00353,68810000,300000
R16-00354,1830000,0
R16-00355,55450000,150000
R16-00356,5500000,20000
R16-00357,20510000,60000
R16-00358,26860000,60000
R16-00359,34370000,150000
R16-00360,152040000,600000
R16-00361,13850000,40000
R16-00362,36370000,150000
R16-00363,36680000,150000
R16-00364,33750000,150000
R16-00365,23770000,60000
R16-00366,20690000,60000
R16-00367,70730000,300000
R16-00368,12820000,40000
R16-00369,53090000,150000
R16-00370,2100000,0
R16-00371,20880000,60000
R16-00372,65770000,150000
R16-00373,35200000,150000
R16-00374,610000,0
R16-00375,990000,0
R16-00376,65290000,150000
R16-00377,32330000,60000
R16-00378,54170000,150000
R16-00379,34950000,150000
R16-00380,7570000,20000
R16-00381,64880000,150000
R16-00382,73660000,300000
R16-00383,9150000,20000
R16-00384,64990000,150000
R16-00385,13240000,40000
R16-00386,670000,0
R16-00387,14390000,40000
R16-00388,13600000,40000
R16-00389,82860000,300000
R16-00390,24600000,60000
R16-00391,15830000,40000
R16-00392,34150000,150000
R16-00393,44090000,150000
R16-00394,97520000,300000
R16-00395,55580000,150000
R16-00396,13750000,40000
R16-00397,3270000,0
R16-00398,115230000,300000
R16-00399,52740000,150000
R16-00400,12700000,40000
R16-00401,1050000,0
R16-00402,23570000,60000
R16-00403,112540000,300000
R16-00404,35690000,150000
R16-00405,92700000,300000
R16-00406,4500000,0
R16-00407,6260000,20000
R16-00408,19140000,40000
R16-00409,92590000,300000
R16-00410,102640000,300000
R16-00411,2050000,0
R16-00412,51840000,150000
R16-00413,3400000,0
R16-00414,115150000,300000
R16-00415,6040000,20000
R16-00416,39670000,150000
R16-00417,115150000,300000
R16-00418,35880000,150000
R16-00419,87890000,300000
R16-00420,62640000,150000
R16-00421,94100000,300000
R16-00422,135650000,600000
R16-00423,45370000,150000
R16-00424,45360000,150000
R16-00425,42700000,150000
R16-00426,36300000,150000
R16-00427,13880000,40000
R16-00428,39270000,150000
R16-00429,61630000,150000
R16-00430,80800000,300000
R16-00431,24160000,60000
R16-00432,20880000,60000
R16-00433,50540000,150000
R16-00434,14000000,40000
R16-00435,11900000,40000
R16-00436,2820000,0
R16-00437,71330000,300000
R16-00438,52870000,150000
R16-00439,18290000,40000
R16-00440,51840000,150000
R16-00441,64600000,150000
R16-00442,42320000,150000
R16-00443,25630000,60000
R16-00444,83720000,300000
R16-00445,22570000,60000
R16-00446,38550000,150000
R16-00447,58400000,150000
R16-00448,14590000,40000
R16-00449,14350000,40000
R16-00450,13020000,40000
R16-00451,1060000,0
R16-00452,22480000,60000
R16-00453,121240000,300000
R16-00454,42160000,150000
R16-00455,42660000,150000
R16-00456,4970000,0
R16-00457,122740000,300000
R16-00458,9050000,20000
R16-00459,3720000,0
R16-00460,76490000,300000
R16-00461,34220000,150000
R16-00462,55070000,150000
R16-00463,22080000,60000
R16-00464,10850000,40000
R16-00465,43830000,150000
R16-00466,2730000,0
R16-00467,5520000,20000
R16-00468,82520000,300000
R16-00469,112760000,300000
R16-00470,106730000,300000
R16-00471,60910000,150000
R16-00472,4470000,0
R16-00473,74700000,300000
R16-00474,4840000,0
R16-00475,72160000,300000
R16-00476,32530000,60000
R16-00477,44880000,150000
R16-00478,1500000,0
R16-00479,67600000,300000
R16-00480,52660000,150000
R16-00481,113300000,300000
R16-00482,10980000,40000
R16-00483,23190000,60000
R16-00484,133040000,300000
R16-00485,51730000,150000
R16-00486,123620000,300000
R16-00487,22820000,60000
R16-00488,920000,0
R16-00489,11980000,40000
R16-00490,3100000,0
R16-00491,31370000,60000
R16-00492,42680000,150000
R16-00493,119450000,300000
R16-00494,20760000,60000
R16-00495,9290000,20000
R16-00496,28500000,60000
R16-00497,93270000,300000
R16-00498,53690000,150000
R16-00499,42390000,150000
R16-00500,17920000,40000
R16-00501,39930000,150000
R16-00502,2940000,0
R16-00503,12890000,40000
R16-00504,43950000,150000
R16-00505,33860000,150000
R16-00506,1910000,0
R16-00507,101710000,300000
R16-00508,11780000,40000
R16-00509,55880000,150000
R16-00510,27480000,60000
R16-00511,60540000,150000
R16-00512,23300000,60000
R16-00513,3260000,0
R16-00514,16470000,40000
R16-00515,7450000,20000
R16-00516,27040000,60000
R16-00517,33460000,150000
R16-00518,5640000,20000
R16-00519,32210000,60000
R16-00520,51680000,150000
R16-00521,45060000,150000
R16-00522,16050000,40000
R16-00523,31810000,60000
R16-00524,32150000,60000
R16-00525,16860000,40000
R16-00526,43730000,150000
R16-00527,22390000,60000
R16-00528,51050000,150000
R16-00529,42100000,150000
R16-00530,2530000,0
R16-00531,830000,0
R16-00532,66030000,150000
R16-00533,43760000,150000
R16-00534,35390000,150000
R16-00535,12790000,40000
R16-00536,13720000,40000
R16-00537,3980000,0
R16-00538,980000,0
R16-00539,46630000,150000
R16-00540,95640000,300000
R16-00541,42680000,150000
R16-00542,15680000,40000
R16-00543,34900000,150000
R16-00544,24640000,60000
R16-00545,23730000,60000
R16-00546,34530000,150000
R16-00547,27440000,60000
R16-00548,92920000,300000
R16-00549,21010000,60000
R16-00550,67270000,300000
R16-00551,101670000,300000
R16-00552,51330000,150000
R16-00553,62390000,150000
R16-00554,21100000,60000
R16-00555,75660000,300000
R16-00556,6910000,20000
R16-00557,43820000,150000
R16-00558,26510000,60000
R16-00559,57010000,150000
R16-00560,62610000,150000
R16-00561,22200000,60000
R16-00562,53750000,150000
R16-00563,142180000,600000
R16-00564,52540000,150000
R16-00565,12240000,40000
R16-00566,43430000,150000
R16-00567,410000,0
R16-00568,92470000,300000
R16-00569,54190000,150000
R16-00570,43590000,150000
R16-00571,24760000,60000
R16-00572,95130000,300000
R16-00573,20610000,60000
R16-00574,44170000,150000
R16-00575,3980000,0
R16-00576,11780000,40000
R16-00577,64020000,150000
R16-00578,5710000,20000
R16-00579,112000000,300000
R16-00580,47870000,150000
R16-00581,93700000,300000
R16-00582,63140000,150000
R16-00583,2120000,0
R16-00584,14880000,40000
R16-00585,75630000,300000
R16-00586,3000000,0
R16-00587,5970000,20000
R16-00588,95950000,300000
R16-00589,31710000,60000
R16-00590,54560000,150000
R16-00591,17320000,40000
R16-00592,33670000,150000
R16-00593,40560000,150000
R16-00594,21470000,60000
R16-00595,32900000,60000
R16-00596,62520000,150000
R16-00597,17170000,40000
R16-00598,25490000,60000
R16-00599,34140000,150000
R16-00600,103070000,300000
R16-00601,152200000,600000
R16-00602,73310000,300000
R16-00603,90940000,300000
R16-00604,87320000,300000
R16-00605,55030000,150000
R16-00606,69000000,300000
R16-00607,26260000,60000
R16-00608,22470000,60000
R16-00609,117300000,300000
R16-00610,53600000,150000
R16-00611,5820000,20000
R16-00612,27210000,60000
R16-00613,67290000,300000
R16-00614,1420000,0
R16-00615,92320000,300000
R16-00616,94760000,300000
R16-00617,47600000,150000
R16-00618,45530000,150000
R16-00619,14230000,40000
R16-00620,33740000,150000
R16-00621,23130000,60000
R16-00622,16180000,40000
R16-00623,146200000,600000
R16-00624,1820000,0
R16-00625,32710000,60000
R16-00626,32240000,60000
R16-00627,12320000,40000
R16-00628,72500000,300000
R16-00629,75480000,300000
R16-00630,18190000,40000
R16-00631,114040000,300000
R16-00632,32510000,60000
R16-00633,35880000,150000
R16-00634,26430000,60000
R16-00635,11200000,40000
R16-00636,60620000,150000
R16-00637,22380000,60000
R16-00638,44520000,150000
R16-00639,11880000,40000
R16-00640,5690000,20000
R16-00641,17480000,40000
R16-00642,82750000,300000
R16-00643,133000000,300000
R16-00644,91970000,300000
R16-00645,42040000,150000
R16-00646,11410000,40000
R16-00647,3540000,0
R16-00648,34830000,150000
R16-00649,27210000,60000
R16-00650,84050000,300000
R16-00651,26540000,60000
R16-00652,18160000,40000
R16-00653,32050000,60000
R16-00654,16820000,40000
R16-00655,7800000,20000
R16-00656,12440000,40000
R16-00657,25820000,60000
R16-00658,72650000,300000
R16-00659,20620000,60000
R16-00660,18390000,40000
R16-00661,57420000,150000
R16-00662,32980000,60000
R16-00663,1220000,0
R16-00664,1970000,0
R16-00665,72150000,300000
R16-00666,23370000,60000
R16-00667,44150000,150000
R16-00668,8120000,20000
R16-00669,55520000,150000
R16-00670,27200000,60000
R16-00671,72590000,300000
R16-00672,22010000,60000
R16-00673,44430000,150000
R16-00674,5680000,20000
R16-00675,102740000,300000
R16-00676,90920000,300000
R16-00677,78460000,300000
R16-00678,40710000,150000
R16-00679,37070000,150000
R16-00680,37040000,150000
R16-00681,4270000,0
R16-00682,5840000,20000
R16-00683,20700000,60000
R16-00684,11580000,40000
R16-00685,24640000,60000
R16-00686,23690000,60000
R16-00687,43640000,150000
R16-00688,32980000,60000
R16-00689,58730000,150000
R16-00690,2270000,0
R16-00691,81750000,300000
R16-00692,42240000,150000
R16-00693,44070000,150000
R16-00694,2230000,0
R16-00695,1740000,0
R16-00696,58070000,150000
R16-00697,13150000,40000
R16-00698,43610000,150000
R16-00699,32890000,60000
R16-00700,84360000,300000
R16-00701,4490000,0
R16-00702,35600000,150000
R16-00703,11090000,40000
R16-00704,12860000,40000
R16-00705,5480000,20000
R16-00706,116360000,300000
R16-00707,16240000,40000
R16-00708,1430000,0
R16-00709,45270000,150000
R16-00710,42300000,150000
R16-00711,3400000,0
R16-00712,47130000,150000
R16-00713,33660000,150000
R16-00714,65480000,150000
R16-00715,62150000,150000
R16-00716,61970000,150000
R16-00717,59500000,150000
R16-00718,82230000,300000
R16-00719,40700000,150000
R16-00720,112240000,300000
R16-00721,1510000,0
R16-00722,42730000,150000
R16-00723,71900000,300000
R16-00724,94520000,300000
R16-00725,5470000,20000
R16-00726,53940000,150000
R16-00727,46700000,150000
R16-00728,101610000,300000
R16-00729,14970000,40000
R16-00730,22390000,60000
R16-00731,47460000,150000
R16-00732,54940000,150000
R16-00733,6480000,20000
R16-00734,21280000,60000
R16-00735,14450000,40000
R16-00736,41670000,150000
R16-00737,5500000,20000
R16-00738,22040000,60000
R16-00739,4510000,0
R16-00740,83190000,300000
R16-00741,32510000,60000
R16-00742,98800000,300000
R16-00743,45950000,150000
R16-00744,6020000,20000
R16-00745,53440000,150000
R16-00746,71670000,300000
R16-00747,23000000,60000
R16-00748,74970000,300000
R16-00749,43840000,150000
R16-00750,31790000,60000
R16-00751,7770000,20000
R16-00752,4750000,0
R16-00753,82950000,300000
R16-00754,36020000,150000
R16-00755,56940000,150000
R16-00756,65970000,150000
R16-00757,3140000,0
R16-00758,51060000,150000
R16-00759,15730000,40000
R16-00760,105780000,300000
R16-00761,51050000,150000
R16-00762,143560000,600000
R16-00763,6760000,20000
R16-00764,13000000,40000
R16-00765,37540000,150000
R16-00766,24210000,60000
R16-00767,20880000,60000
R16-00768,1780000,0
R16-00769,78580000,300000
R16-00770,96330000,300000
R16-00771,47610000,150000
R16-00772,23050000,60000
R16-00773,21270000,60000
R16-00774,35250000,150000
R16-00775,17350000,40000
R16-00776,97800000,300000
R16-00777,53700000,150000
R16-00778,2180000,0
R16-00779,1800000,0
R16-00780,2630000,0
R16-00781,61920000,150000
R16-00782,115440000,300000
R16-00783,36370000,150000
R16-00784,94540000,300000
R16-00785,71820000,300000
R16-00786,3770000,0
R16-00787,73860000,300000
R16-00788,55520000,150000
R16-00789,16060000,40000
R16-00790,32340000,60000
R16-00791,45480000,150000
R16-00792,55430000,150000
R16-00793,73690000,300000
R16-00794,93360000,300000
R16-00795,61910000,150000
R16-00796,3170000,0
R16-00797,105550000,300000
R16-00798,87860000,300000
R16-00799,42790000,150000
R16-00800,74450000,300000
R16-00801,2060000,0
R16-00802,72390000,300000
R16-00803,95980000,300000
R16-00804,12900000,40000
R16-00805,114010000,300000
R16-00806,65470000,150000
R16-00807,3970000,0
R16-00808,44960000,150000
R16-00809,34440000,150000
R16-00810,51980000,150000
R16-00811,21030000,60000
R16-00812,23270000,60000
R16-00813,42690000,150000
R16-00814,22920000,60000
R16-00815,32890000,60000
R16-00816,14130000,40000
R16-00817,14490000,40000
R16-00818,11470000,40000
R16-00819,72920000,300000
R16-00820,11880000,40000
R16-00821,21680000,60000
R16-00822,12570000,40000
R16-00823,17970000,40000
R16-00824,74750000,300000
R16-00825,2620000,0
R16-00826,2060000,0
R16-00827,50870000,150000
R16-00828,16020000,40000
R16-00829,11580000,40000
R16-00830,66630000,150000
R16-00831,23130000,60000
R16-00832,52650000,150000
R16-00833,114350000,300000
R16-00834,27500000,60000
R16-00835,61540000,150000
R16-00836,61590000,150000
R16-00837,75300000,300000
R16-00838,24740000,60000
R16-00839,15330000,40000
R16-00840,84330000,300000
R16-00841,32210000,60000
R16-00842,13790000,40000
R16-00843,24810000,60000
R16-00844,51460000,150000
R16-00845,94180000,300000
R16-00846,4630000,0
R16-00847,85070000,300000
R16-00848,44650000,150000
R16-00849,19010000,40000
R16-00850,17030000,40000
R16-00851,22310000,60000
R16-00852,61370000,150000
R16-00853,42280000,150000
R16-00854,57670000,150000
R16-00855,42960000,150000
R16-00856,102620000,300000
R16-00857,12330000,40000
R16-00858,104640000,300000
R16-00859,53990000,150000
R16-00860,6280000,20000
R16-00861,26440000,60000
R16-00862,12090000,40000
R16-00863,19730000,40000
R16-00864,56240000,150000
R16-00865,2070000,0
R16-00866,73870000,300000
R16-00867,31510000,60000
R16-00868,44760000,150000
R16-00869,36840000,150000
R16-00870,35230000,150000
R16-00871,126740000,300000
R16-00872,31540000,60000
R16-00873,98740000,300000
R16-00874,52530000,150000
R16-00875,2440000,0
R16-00876,26810000,60000
R16-00877,63110000,150000
R16-00878,16490000,40000
R16-00879,48110000,150000
R16-00880,4370000,0
R16-00881,47020000,150000
R16-00882,97300000,300000
R16-00883,42810000,150000
R16-00884,130860000,300000
R16-00885,45490000,150000
R16-00886,36640000,150000
R16-00887,43720000,150000
R16-00888,52730000,150000
R16-00889,65240000,150000
R16-00890,16410000,40000
R16-00891,63890000,150000
R16-00892,17120000,40000
R16-00893,35630000,150000
R16-00894,61840000,150000
R16-00895,82250000,300000
R16-00896,35530000,150000
R16-00897,31000000,60000
R16-00898,101430000,300000
R16-00899,90760000,300000
R16-00900,3010000,0
R16-00901,22010000,60000
R16-00902,95550000,300000
R16-00903,104970000,300000
R16-00904,60370000,150000
R16-00905,45970000,150000
R16-00906,104430000,300000
R16-00907,2150000,0
R16-00908,36360000,150000
R16-00909,2290000,0
R16-00910,2650000,0
R16-00911,56560000,150000
R16-00912,75050000,300000
R16-00913,53950000,150000
R16-00914,25280000,60000
R16-00915,4810000,0
R16-00916,30500000,60000
R16-00917,105080000,300000
R16-00918,82660000,300000
R16-00919,28380000,60000
R16-00920,26520000,60000
R16-00921,63060000,150000
R16-00922,85850000,300000
R16-00923,41790000,150000
R16-00924,76690000,300000
R16-00925,1120000,0
R16-00926,82110000,300000
R16-00927,45480000,150000
R16-00928,95450000,300000
R16-00929,72850000,300000
R16-00930,20980000,60000
R16-00931,3500000,0
R16-00932,88040000,300000
R16-00933,23380000,60000
R16-00934,3230000,0
R16-00935,23340000,60000
R16-00936,35380000,150000
R16-00937,14420000,40000
R16-00938,5890000,20000
R16-00939,42650000,150000
R16-00940,64650000,150000
R16-00941,5280000,20000
R16-00942,42560000,150000
R16-00943,115830000,300000
R16-00944,12360000,40000
R16-00945,85270000,300000
R16-00946,64460000,150000
R16-00947,53610000,150000
R16-00948,5490000,20000
R16-00949,3370000,0
R16-00950,66040000,150000
R16-00951,45850000,150000
R16-00952,131280000,300000
R16-00953,66900000,300000
R16-00954,1950000,0
R16-00955,5510000,20000
R16-00956,56330000,150000
R16-00957,44760000,150000
R16-00958,6590000,20000
R16-00959,30090000,60000
R16-00960,51640000,150000
R16-00961,52100000,150000
R16-00962,112800000,300000
R16-00963,22120000,60000
R16-00964,36450000,150000
R16-00965,11570000,40000
R16-00966,30240000,60000
R16-00967,40850000,150000
R16-00968,2680000,0
R16-00969,27380000,60000
R16-00970,4430000,0
R16-00971,740000,0
R16-00972,38290000,150000
R16-00973,34980000,150000
R16-00974,1960000,0
R16-00975,4480000,0
R16-00976,51760000,150000
R16-00977,50960000,150000
R16-00978,23810000,60000
R16-00979,74100000,300000
R16-00980,102870000,300000
R16-00981,81430000,300000
R16-00982,32910000,60000
R16-00983,3140000,0
R16-00984,24340000,60000
R16-00985,55080000,150000
R16-00986,155960000,600000
R16-00987,21780000,60000
R16-00988,22500000,60000
R16-00989,45830000,150000
R16-00990,18400000,40000
R16-00991,15870000,40000
R16-00992,13110000,40000
R16-00993,12140000,40000
R16-00994,63980000,150000
R16-00995,55020000,150000
R16-00996,44860000,150000
R16-00997,71950000,300000
R16-00998,71850000,300000
R16-00999,63390000,150000
R16-01000,32200000,60000
R16-01001,17640000,40000
R16-01002,11460000,40000
R16-01003,2140000,0
R16-01004,24450000,60000
R16-01005,87600000,300000
R16-01006,42020000,150000
R16-01007,69710000,300000
R16-01008,18010000,40000
R16-01009,12380000,40000
R16-01010,68670000,300000
R16-01011,48780000,150000
R16-01012,32890000,60000
R16-01013,6480000,20000
R16-01014,48560000,150000
R16-01015,76790000,300000
R16-01016,24260000,60000
R16-01017,123230000,300000
R16-01018,34770000,150000
R16-01019,22890000,60000
R16-01020,65150000,150000
R16-01021,25250000,60000
R16-01022,15940000,40000
R16-01023,61730000,150000
R16-01024,4500000,0
R16-01025,76500000,300000
R16-01026,63330000,150000
R16-01027,63820000,150000
R16-01028,132000000,300000
R16-01029,84630000,300000
R16-01030,53970000,150000
R16-01031,31170000,60000
R16-01032,63860000,150000
R16-01033,18140000,40000
R16-01034,65410000,150000
R16-01035,32850000,60000
R16-01036,16790000,40000
R16-01037,63170000,150000
R16-01038,11650000,40000
R16-01039,3920000,0
R16-01040,21310000,60000
R16-01041,42850000,150000
R16-01042,26510000,60000
R16-01043,33870000,150000
R16-01044,63450000,150000
R16-01045,11710000,40000
R16-01046,46180000,150000
R16-01047,11400000,40000
R16-01048,12130000,40000
R16-01049,12100000,40000
R16-01050,10780000,40000
R16-01051,75180000,300000
R16-01052,43470000,150000
R16-01053,1590000,0
R16-01054,25980000,60000
R16-01055,32280000,60000
R16-01056,32940000,60000
R16-01057,51490000,150000
R16-01058,1320000,0
R16-01059,3540000,0
R16-01060,43200000,150000
R16-01061,83090000,300000
R16-01062,45350000,150000
R16-01063,21580000,60000
R16-01064,46820000,150000
R16-01065,22090000,60000
R16-01066,34780000,150000
R16-01067,10370000,40000
R16-01068,75240000,300000
R16-01069,15180000,40000
R16-01070,71930000,300000
R16-01071,12960000,40000
R16-01072,6460000,20000
R16-01073,33540000,150000
R16-01074,90760000,300000
R16-01075,84700000,300000
R16-01076,76170000,300000
R16-01077,56120000,150000
R16-01078,55810000,150000
R16-01079,28680000,60000
R16-01080,11400000,40000
R16-01081,42090000,150000
R16-01082,22870000,60000
R16-01083,72500000,300000
R16-01084,25740000,60000
R16-01085,54800000,150000
R16-01086,3360000,0
R16-01087,61250000,150000
R16-01088,44980000,150000
R16-01089,2160000,0
R16-01090,22390000,60000
R16-01091,52600000,150000
R16-01092,54120000,150000
R16-01093,18630000,40000
R16-01094,106800000,300000
R16-01095,86660000,300000
R16-01096,6310000,20000
R16-01097,112440000,300000
R16-01098,20650000,60000
R16-01099,16590000,40000
R16-01100,103340000,300000
R16-01101,146530000,600000
R16-01102,91360000,300000
R16-01103,46060000,150000
R16-01104,4640000,0
R16-01105,31790000,60000
R16-01106,54290000,150000
R16-01107,14610000,40000
R16-01108,12280000,40000
R16-01109,1660000,0
R16-01110,65700000,150000
R16-01111,14180000,40000
R16-01112,21310000,60000
R16-01113,31340000,60000
R16-01114,21210000,60000
R16-01115,46550000,150000
R16-01116,7330000,20000
R16-01117,15120000,40000
R16-01118,124990000,300000
R16-01119,65370000,150000
R16-01120,45390000,150000
R16-01121,83640000,300000
R16-01122,46780000,150000
R16-01123,36740000,150000
R16-01124,48340000,150000
R16-01125,37790000,150000
R16-01126,57720000,150000
R16-01127,36610000,150000
R16-01128,53080000,150000
R16-01129,21510000,60000
R16-01130,32800000,60000
R16-01131,78810000,300000
R16-01132,64060000,150000
R16-01133,11990000,40000
R16-01134,31630000,60000
R16-01135,5560000,20000
R16-01136,24880000,60000
R16-01137,143710000,600000
R16-01138,6580000,20000
R16-01139,75180000,300000
R16-01140,41130000,150000
R16-01141,45980000,150000
R16-01142,92500000,300000
R16-01143,12500000,40000
R16-01144,69790000,300000
R16-01145,54180000,150000
R16-01146,136650000,600000
R16-01147,43390000,150000
R16-01148,12480000,40000
R16-01149,12440000,40000
R16-01150,3060000,0
R16-01151,13650000,40000
R16-01152,94220000,300000
R16-01153,4250000,0
R16-01154,46030000,150000
R16-01155,47730000,150000
R16-01156,31500000,60000
R16-01157,63330000,150000
R16-01158,5080000,20000
R16-01159,23040000,60000
R16-01160,42390000,150000
R16-01161,2090000,0
R16-01162,14150000,40000
R16-01163,12100000,40000
R16-01164,71990000,300000
R16-01165,52250000,150000
R16-01166,80530000,300000
R16-01167,21770000,60000
R16-01168,31600000,60000
R16-01169,39210000,150000
R16-01170,21880000,60000
R16-01171,33380000,150000
R16-01172,15300000,40000
R16-01173,156520000,600000
R16-01174,41790000,150000
R16-01175,94840000,300000
R16-01176,74700000,300000
R16-01177,35890000,150000
R16-01178,98320000,300000
R16-01179,62810000,150000
R16-01180,86470000,300000
R16-01181,17340000,40000
R16-01182,64560000,150000
R16-01183,20280000,60000
R16-01184,72570000,300000
R16-01185,104590000,300000
R16-01186,52140000,150000
R16-01187,84480000,300000
R16-01188,7670000,20000
R16-01189,73710000,300000
R16-01190,10640000,40000
R16-01191,52240000,150000
R16-01192,860000,0
R16-01193,53340000,150000
R16-01194,34520000,150000
R16-01195,24370000,60000
R16-01196,89520000,300000
R16-01197,26130000,60000
R16-01198,26490000,60000
R16-01199,62920000,150000
R16-01200,13960000,40000
R16-01201,10870000,40000
R16-01202,32570000,60000
R16-01203,53630000,150000
R16-01204,11930000,40000
R16-01205,60550000,150000
R16-01206,23630000,60000
R16-01207,12880000,40000
R16-01208,27590000,60000
R16-01209,2900000,0
R16-01210,24420000,60000
R16-01211,42110000,150000
R16-01212,114310000,300000
R16-01213,12230000,40000
R16-01214,12270000,40000
R16-01215,13360000,40000
R16-01216,43000000,150000
R16-01217,6500000,20000
R16-01218,12790000,40000
R16-01219,16550000,40000
R16-01220,60700000,150000
R16-01221,24220000,60000
R16-01222,84950000,300000
R16-01223,7420000,20000
R16-01224,106150000,300000
R16-01225,31360000,60000
R16-01226,79680000,300000
R16-01227,44550000,150000
R16-01228,640000,0
R16-01229,13780000,40000
R16-01230,12910000,40000
R16-01231,32570000,60000
R16-01232,12080000,40000
R16-01233,27600000,60000
R16-01234,10910000,40000
R16-01235,35930000,150000
R16-01236,124710000,300000
R16-01237,18570000,40000
R16-01238,22610000,60000
R16-01239,8440000,20000
R16-01240,3760000,0
R16-01241,19090000,40000
R16-01242,33070000,60000
R16-01243,14010000,40000
R16-01244,37370000,150000
R16-01245,73790000,300000
R16-01246,44500000,150000
R16-01247,5220000,20000
R16-01248,10580000,40000
R16-01249,5460000,20000
R16-01250,17170000,40000
R16-01251,17850000,40000
R16-01252,960000,0
R16-01253,63530000,150000
R16-01254,1510000,0
R16-01255,11890000,40000
R16-01256,153340000,600000
R16-01257,3040000,0
R16-01258,25550000,60000
R16-01259,42070000,150000
R16-01260,42170000,150000
R16-01261,11610000,40000
R16-01262,13700000,40000
R16-01263,131910000,300000
R16-01264,640000,0
R16-01265,41450000,150000
R16-01266,62540000,150000
R16-01267,72170000,300000
R16-01268,104390000,300000
R16-01269,85010000,300000
R16-01270,65880000,150000
R16-01271,92530000,300000
R16-01272,2490000,0
R16-01273,33400000,150000
R16-01274,2170000,0
R16-01275,43160000,150000
R16-01276,21570000,60000
R16-01277,57580000,150000
R16-01278,41170000,150000
R16-01279,12750000,40000
R16-01280,96610000,300000
R16-01281,5860000,20000
R16-01282,84340000,300000
R16-01283,43700000,150000
R16-01284,12120000,40000
R16-01285,57030000,150000
R16-01286,32760000,60000
R16-01287,72400000,300000
R16-01288,63290000,150000
R16-01289,68380000,300000
R16-01290,32930000,60000
R16-01291,42220000,150000
R16-01292,17860000,40000
R16-01293,44190000,150000
R16-01294,178370000,600000
R16-01295,13520000,40000
R16-01296,71810000,300000
R16-01297,25390000,60000
R16-01298,32080000,60000
R16-01299,73870000,300000
R16-01300,12560000,40000
R16-01301,91550000,300000
R16-01302,51920000,150000
R16-01303,224980000,1000000
R16-01304,42750000,150000
R16-01305,54650000,150000
R16-01306,83180000,300000
R16-01307,62460000,150000
R16-01308,4990000,0
R16-01309,53000000,150000
R16-01310,86270000,300000
R16-01311,2220000,0
R16-01312,78260000,300000
R16-01313,31280000,60000
R16-01314,64970000,150000
R16-01315,34440000,150000
R16-01316,41800000,150000
R16-01317,22840000,60000
R16-01318,65240000,150000
R16-01319,30850000,60000
R16-01320,55470000,150000
R16-01321,151710000,600000
R16-01322,64950000,150000
R16-01323,14000000,40000
R16-01324,17580000,40000
R16-01325,16870000,40000
R16-01326,51450000,150000
R16-01327,2760000,0
R16-01328,43850000,150000
R16-01329,15450000,40000
R16-01330,23720000,60000
R16-01331,2300000,0
R16-01332,5440000,20000
R16-01333,115660000,300000
R16-01334,63200000,150000
R16-01335,22010000,60000
R16-01336,62940000,150000
R16-01337,83080000,300000
R16-01338,35670000,150000
R16-01339,27890000,60000
R16-01340,17300000,40000
R16-01341,13180000,40000
R16-01342,43210000,150000
R16-01343,63900000,150000
R16-01344,22240000,60000
R16-01345,105620000,300000
R16-01346,20190000,60000
R16-01347,25840000,60000
R16-01348,13740000,40000
R16-01349,13010000,40000
R16-01350,6900000,20000
R16-01351,6980000,20000
R16-01352,49330000,150000
R16-01353,23690000,60000
R16-01354,26630000,60000
R16-01355,76140000,300000
R16-01356,71210000,300000
R16-01357,27130000,60000
R16-01358,64180000,150000
R16-01359,133080000,300000
R16-01360,46720000,150000
R16-01361,25870000,60000
R16-01362,62780000,150000
R16-01363,33910000,150000
R16-01364,92460000,300000
R16-01365,32660000,60000
R16-01366,27390000,60000
R16-01367,32380000,60000
R16-01368,30070000,60000
R16-01369,20960000,60000
R16-01370,133420000,600000
R16-01371,22030000,60000
R16-01372,3790000,0
R16-01373,15820000,40000
R16-01374,24810000,60000
R16-01375,64320000,150000
R16-01376,37430000,150000
R16-01377,7780000,20000
R16-01378,111710000,300000
R16-01379,35800000,150000
R16-01380,56870000,150000
R16-01381,15410000,40000
R16-01382,3670000,0
R16-01383,94210000,300000
R16-01384,23090000,60000
R16-01385,45390000,150000
R16-01386,54490000,150000
R16-01387,93320000,300000
R16-01388,65270000,150000
R16-01389,9640000,20000
R16-01390,11310000,40000
R16-01391,4130000,0
R16-01392,13230000,40000
R16-01393,61440000,150000
R16-01394,28030000,60000
R16-01395,22330000,60000
R16-01396,3820000,0
R16-01397,55420000,150000
R16-01398,5540000,20000
R16-01399,62200000,150000
R16-01400,61210000,150000
R16-01401,54660000,150000
R16-01402,63720000,150000
R16-01403,12860000,40000
R16-01404,80990000,300000
R16-01405,63610000,150000
R16-01406,12550000,40000
R16-01407,93560000,300000
R16-01408,103790000,300000
R16-01409,100820000,300000
R16-01410,11650000,40000
R16-01411,51470000,150000
R16-01412,42180000,150000
R16-01413,45670000,150000
R16-01414,37730000,150000
R16-01415,30440000,60000
R16-01416,64520000,150000
R16-01417,86980000,300000
R16-01418,85930000,300000
R16-01419,111340000,300000
R16-01420,26170000,60000
R16-01421,65160000,150000
R16-01422,2430000,0
R16-01423,41580000,150000
R16-01424,71700000,300000
R16-01425,94040000,300000
R16-01426,2320000,0
R16-01427,106270000,300000
R16-01428,16260000,40000
R16-01429,64140000,150000
R16-01430,127740000,300000
R16-01431,22100000,60000
R16-01432,88300000,300000
R16-01433,2090000,0
R16-01434,46090000,150000
R16-01435,87510000,300000
R16-01436,52450000,150000
R16-01437,80260000,300000
R16-01438,42960000,150000
R16-01439,96020000,300000
R16-01440,71010000,300000
R16-01441,72190000,300000
R16-01442,3270000,0
R16-01443,14220000,40000
R16-01444,7440000,20000
R16-01445,58750000,150000
R16-01446,3350000,0
R16-01447,91310000,300000
R16-01448,153970000,600000
R16-01449,11400000,40000
R16-01450,81370000,300000
R16-01451,23330000,60000
R16-01452,25340000,60000
R16-01453,49170000,150000
R16-01454,130850000,300000
R16-01455,10690000,40000
R16-01456,11760000,40000
R16-01457,40690000,150000
R16-01458,13720000,40000
R16-01459,21620000,60000
R16-01460,62480000,150000
R16-01461,50910000,150000
R16-01462,44170000,150000
R16-01463,36050000,150000
R16-01464,35520000,150000
R16-01465,2920000,0
R16-01466,32430000,60000
R16-01467,80640000,300000
R16-01468,34640000,150000
R16-01469,2350000,0
R16-01470,54490000,150000
R16-01471,71540000,300000
R16-01472,1260000,0
R16-01473,23240000,60000
R16-01474,4690000,0
R16-01475,65160000,150000
R16-01476,6060000,20000
R16-01477,60950000,150000
R16-01478,59180000,150000
R16-01479,56360000,150000
R16-01480,55980000,150000
R16-01481,44650000,150000
R16-01482,26400000,60000
R16-01483,77480000,300000
R16-01484,25220000,60000
R16-01485,3570000,0
R16-01486,33300000,60000
R16-01487,36070000,150000
R16-01488,63950000,150000
R16-01489,5140000,20000
R16-01490,10420000,40000
R16-01491,52610000,150000
R16-01492,1460000,0
R16-01493,95390000,300000
R16-01494,15730000,40000
R16-01495,35470000,150000
R16-01496,43780000,150000
R16-01497,47390000,150000
R16-01498,21700000,60000
R16-01499,16170000,40000
R16-01500,54350000,150000
R16-01501,60880000,150000
R16-01502,42770000,150000
R16-01503,35950000,150000
R16-01504,43250000,150000
R16-01505,60430000,150000
R16-01506,23070000,60000
R16-01507,53130000,150000
R16-01508,56930000,150000
R16-01509,23210000,60000
R16-01510,37120000,150000
R16-01511,60150000,150000
R16-01512,7300000,20000
R16-01513,55890000,150000
R16-01514,25790000,60000
R16-01515,31100000,60000
R16-01516,16110000,40000
R16-01517,60860000,150000
R16-01518,51320000,150000
R16-01519,70200000,300000
R16-01520,43340000,150000
R16-01521,45650000,150000
R16-01522,35330000,150000
R16-01523,4810000,0
R16-01524,490000,0
R16-01525,94090000,300000
R16-01526,16910000,40000
R16-01527,93580000,300000
R16-01528,77650000,300000
R16-01529,11630000,40000
R16-01530,14720000,40000
R16-01531,68510000,300000
R16-01532,47190000,150000
R16-01533,18270000,40000
R16-01534,103250000,300000
R16-01535,2740000,0
R16-01536,53850000,150000
R16-01537,22850000,60000
R16-01538,1920000,0
R16-01539,61780000,150000
R16-01540,2290000,0
R16-01541,1560000,0
R16-01542,51540000,150000
R16-01543,46120000,150000
R16-01544,18560000,40000
R16-01545,3790000,0
R16-01546,82100000,300000
R16-01547,2950000,0
R16-01548,82590000,300000
R16-01549,43430000,150000
R16-01550,64900000,150000
R16-01551,72060000,300000
R16-01552,26700000,60000
R16-01553,103450000,300000
R16-01554,44580000,150000
R16-01555,101380000,300000
R16-01556,12410000,40000
R16-01557,57710000,150000
R16-01558,11180000,40000
R16-01559,44100000,150000
R16-01560,11030000,40000
R16-01561,26640000,60000
R16-01562,34850000,150000
R16-01563,74060000,300000
R16-01564,121110000,300000
R16-01565,3500000,0
R16-01566,113970000,300000
R16-01567,32830000,60000
R16-01568,55840000,150000
R16-01569,17100000,40000
R16-01570,85220000,300000
R16-01571,43660000,150000
R16-01572,43610000,150000
R16-01573,94250000,300000
R16-01574,33620000,150000
R16-01575,34740000,150000
R16-01576,62520000,150000
R16-01577,49040000,150000
R16-01578,83740000,300000
R16-01579,87780000,300000
R16-01580,71810000,300000
R16-01581,6850000,20000
R16-01582,39460000,150000
R16-01583,99150000,300000
R16-01584,65170000,150000
R16-01585,18860000,40000
R16-01586,22830000,60000
R16-01587,2600000,0
R16-01588,64320000,150000
R16-01589,26800000,60000
R16-01590,41810000,150000
R16-01591,4280000,0
R16-01592,31980000,60000
R16-01593,30850000,60000
R16-01594,45820000,150000
R16-01595,71160000,300000
R16-01596,54570000,150000
R16-01597,73030000,300000
R16-01598,33160000,60000
R16-01599,96230000,300000
R16-01600,1830000,0
R16-01601,27540000,60000
R16-01602,52340000,150000
R16-01603,820000,0
R16-01604,45560000,150000
R16-01605,73270000,300000
R16-01606,72200000,300000
R16-01607,65280000,150000
R16-01608,26140000,60000
R16-01609,25170000,60000
R16-01610,23310000,60000
R16-01611,6780000,20000
R16-01612,42760000,150000
R16-01613,51260000,150000
R16-01614,3840000,0
R16-01615,137610000,600000
R16-01616,22340000,60000
R16-01617,132710000,300000
R16-01618,3690000,0
R16-01619,96540000,300000
R16-01620,42950000,150000
R16-01621,25210000,60000
R16-01622,73630000,300000
R16-01623,32400000,60000
R16-01624,94740000,300000
R16-01625,85370000,300000
R16-01626,21990000,60000
R16-01627,31810000,60000
R16-01628,12600000,40000
R16-01629,75320000,300000
R16-01630,82620000,300000
R16-01631,32960000,60000
R16-01632,2470000,0
R16-01633,14970000,40000
R16-01634,810000,0
R16-01635,24140000,60000
R16-01636,23560000,60000
R16-01637,152160000,600000
R16-01638,60350000,150000
R16-01639,24050000,60000
R16-01640,41830000,150000
R16-01641,42190000,150000
R16-01642,63240000,150000
R16-01643,73950000,300000
R16-01644,41160000,150000
R16-01645,45880000,150000
R16-01646,71970000,300000
R16-01647,8240000,20000
R16-01648,67710000,300000
R16-01649,55690000,150000
R16-01650,104560000,300000
R16-01651,105900000,300000
R16-01652,21610000,60000
R16-01653,35450000,150000
R16-01654,13460000,40000
R16-01655,64320000,150000
R16-01656,35520000,150000
R16-01657,51860000,150000
R16-01658,44960000,150000
R16-01659,41400000,150000
R16-01660,15430000,40000
R16-01661,25360000,60000
R16-01662,41990000,150000
R16-01663,91110000,300000
R16-01664,35560000,150000
R16-01665,22100000,60000
R16-01666,11240000,40000
R16-01667,3650000,0
R16-01668,113320000,300000
R16-01669,41560000,150000
R16-01670,57390000,150000
R16-01671,41240000,150000
R16-01672,80500000,300000
R16-01673,25240000,60000
R16-01674,25170000,60000
R16-01675,3880000,0
R16-01676,13940000,40000
R16-01677,170590000,600000
R16-01678,55450000,150000
R16-01679,2370000,0
R16-01680,42630000,150000
R16-01681,57550000,150000
R16-01682,57890000,150000
R16-01683,43560000,150000
R16-01684,71600000,300000
R16-01685,26130000,60000
R16-01686,101540000,300000
R16-01687,77640000,300000
R16-01688,27450000,60000
R16-01689,53900000,150000
R16-01690,46930000,150000
R16-01691,21890000,60000
R16-01692,11980000,40000
R16-01693,95270000,300000
R16-01694,4750000,0
R16-01695,21310000,60000
R16-01696,91740000,300000
R16-01697,5350000,20000
R16-01698,10910000,40000
R16-01699,3740000,0
R16-01700,13160000,40000
R16-01701,85210000,300000
R16-01702,64500000,150000
R16-01703,37380000,150000
R16-01704,24900000,60000
R16-01705,54480000,150000
R16-01706,95070000,300000
R16-01707,6400000,20000
R16-01708,13990000,40000
R16-01709,77300000,300000
R16-01710,37170000,150000
R16-01711,63810000,150000
R16-01712,16790000,40000
R16-01713,33170000,60000
R16-01714,13780000,40000
R16-01715,105250000,300000
R16-01716,63490000,150000
R16-01717,22780000,60000
R16-01718,610000,0
R16-01719,33300000,60000
R16-01720,65070000,150000
R16-01721,37470000,150000
R16-01722,170830000,600000
R16-01723,88600000,300000
R16-01724,6290000,20000
R16-01725,4180000,0
R16-01726,37750000,150000
R16-01727,44700000,150000
R16-01728,4030000,0
R16-01729,32680000,60000
R16-01730,2810000,0
R16-01731,86630000,300000
R16-01732,34980000,150000
R16-01733,31800000,60000
R16-01734,4700000,0
R16-01735,73350000,300000
R16-01736,62170000,150000
R16-01737,10380000,40000
R16-01738,31160000,60000
R16-01739,15640000,40000
R16-01740,59490000,150000
R16-01741,153230000,600000
R16-01742,44160000,150000
R16-01743,40840000,150000
R16-01744,82900000,300000
R16-01745,1700000,0
R16-01746,18200000,40000
R16-01747,21240000,60000
R16-01748,34070000,150000
R16-01749,24700000,60000
R16-01750,13640000,40000
R16-01751,18570000,40000
R16-01752,57280000,150000
R16-01753,55140000,150000
R16-01754,51650000,150000
R16-01755,65370000,150000
R16-01756,42270000,150000
R16-01757,62100000,150000
R16-01758,42770000,150000
R16-01759,28080000,60000
R16-01760,21200000,60000
R16-01761,64840000,150000
R16-01762,52810000,150000
R16-01763,51370000,150000
R16-01764,47340000,150000
R16-01765,6760000,20000
R16-01766,32860000,60000
R16-01767,50130000,150000
R16-01768,24340000,60000
R16-01769,62000000,150000
R16-01770,20650000,60000
R16-01771,62280000,150000
R16-01772,62750000,150000
R16-01773,4710000,0
R16-01774,50480000,150000
R16-01775,2880000,0
R16-01776,12910000,40000
R16-01777,32670000,60000
R16-01778,7250000,20000
R16-01779,53220000,150000
R16-01780,1000000,0
R16-01781,9120000,20000
R16-01782,135990000,600000
R16-01783,66170000,150000
R16-01784,12530000,40000
R16-01785,82440000,300000
R16-01786,1880000,0
R16-01787,26400000,60000
R16-01788,41830000,150000
R16-01789,81860000,300000
R16-01790,75850000,300000
R16-01791,38180000,150000
R16-01792,10330000,40000
R16-01793,67430000,300000
R16-01794,17380000,40000
R16-01795,43460000,150000
R16-01796,14660000,40000
R16-01797,62280000,150000
R16-01798,2300000,0
R16-01799,22430000,60000
R16-01800,35140000,150000
R16-01801,22970000,60000
R16-01802,51560000,150000
R16-01803,30870000,60000
R16-01804,60920000,150000
R16-01805,16440000,40000
R16-01806,73720000,300000
R16-01807,53160000,150000
R16-01808,2030000,0
R16-01809,81720000,300000
R16-01810,14080000,40000
R16-01811,105210000,300000
R16-01812,6100000,20000
R16-01813,68570000,300000
R16-01814,3840000,0
R16-01815,1860000,0
R16-01816,61500000,150000
R16-01817,215630000,1000000
R16-01818,172050000,600000
R16-01819,34920000,150000
R16-01820,55820000,150000
R16-01821,16650000,40000
R16-01822,64600000,150000
R16-01823,22640000,60000
R16-01824,22690000,60000
R16-01825,13470000,40000
R16-01826,2890000,0
R16-01827,84860000,300000
R16-01828,12570000,40000
R16-01829,2080000,0
R16-01830,62410000,150000
R16-01831,133010000,300000
R16-01832,42430000,150000
R16-01833,32930000,60000
R16-01834,75660000,300000
R16-01835,65950000,150000
R16-01836,48580000,150000
R16-01837,45800000,150000
R16-01838,33730000,150000
R16-01839,24390000,60000
R16-01840,23530000,60000
R16-01841,22710000,60000
R16-01842,17880000,40000
R16-01843,22230000,60000
R16-01844,30770000,60000
R16-01845,2320000,0
R16-01846,33970000,150000
R16-01847,67150000,300000
R16-01848,45850000,150000
R16-01849,34950000,150000
R16-01850,56290000,150000
R16-01851,31330000,60000
R16-01852,1350000,0
R16-01853,14690000,40000
R16-01854,25010000,60000
R16-01855,97410000,300000
R16-01856,24780000,60000
R16-01857,4570000,0
R16-01858,133400000,600000
R16-01859,26170000,60000
R16-01860,3630000,0
R16-01861,63110000,150000
R16-01862,42470000,150000
R16-01863,1340000,0
R16-01864,84320000,300000
R16-01865,53380000,150000
R16-01866,62910000,150000
R16-01867,14670000,40000
R16-01868,1930000,0
R16-01869,105970000,300000
R16-01870,44390000,150000
R16-01871,82500000,300000
R16-01872,4420000,0
R16-01873,27580000,60000
R16-01874,15110000,40000
R16-01875,92230000,300000
R16-01876,45680000,150000
R16-01877,33830000,150000
R16-01878,16780000,40000
R16-01879,11800000,40000
R16-01880,7370000,20000
R16-01881,32560000,60000
R16-01882,4860000,0
R16-01883,13320000,40000
R16-01884,1080000,0
R16-01885,43620000,150000
R16-01886,103620000,300000
R16-01887,21340000,60000
R16-01888,32840000,60000
R16-01889,7040000,20000
R16-01890,6650000,20000
R16-01891,12470000,40000
R16-01892,24040000,60000
R16-01893,11270000,40000
R16-01894,58570000,150000
R16-01895,7450000,20000
R16-01896,122070000,300000
R16-01897,64700000,150000
R16-01898,15760000,40000
R16-01899,45500000,150000
R16-01900,19570000,40000
R16-01901,22950000,60000
R16-01902,3220000,0
R16-01903,6840000,20000
R16-01904,51950000,150000
R16-01905,92680000,300000
R16-01906,27180000,60000
R16-01907,2690000,0
R16-01908,70570000,300000
R16-01909,42430000,150000
R16-01910,5690000,20000
R16-01911,32270000,60000
R16-01912,56670000,150000
R16-01913,2620000,0
R16-01914,4980000,0
R16-01915,34340000,150000
R16-01916,107890000,300000
R16-01917,25750000,60000
R16-01918,83530000,300000
R16-01919,36340000,150000
R16-01920,42760000,150000
R16-01921,37180000,150000
R16-01922,62790000,150000
R16-01923,2210000,0
R16-01924,52960000,150000
R16-01925,34620000,150000
R16-01926,84190000,300000
R16-01927,41490000,150000
R16-01928,45980000,150000
R16-01929,14180000,40000
R16-01930,61620000,150000
R16-01931,33070000,60000
R16-01932,21200000,60000
R16-01933,2150000,0
R16-01934,58780000,150000
R16-01935,11340000,40000
R16-01936,101850000,300000
R16-01937,47310000,150000
R16-01938,25220000,60000
R16-01939,45130000,150000
R16-01940,55050000,150000
R16-01941,16720000,40000
R16-01942,54000000,150000
R16-01943,5730000,20000
R16-01944,12440000,40000
R16-01945,101770000,300000
R16-01946,34730000,150000
R16-01947,11690000,40000
R16-01948,78050000,300000
R16-01949,91790000,300000
R16-01950,52170000,150000
R16-01951,37150000,150000
R16-01952,15830000,40000
R16-01953,50950000,150000
R16-01954,72670000,300000
R16-01955,2650000,0
R16-01956,48820000,150000
R16-01957,47070000,150000
R16-01958,64510000,150000
R16-01959,41250000,150000
R16-01960,71520000,300000
R16-01961,88380000,300000
R16-01962,23080000,60000
R16-01963,41620000,150000
R16-01964,43300000,150000
R16-01965,104300000,300000
R16-01966,61890000,150000
R16-01967,36750000,150000
R16-01968,63120000,150000
R16-01969,78620000,300000
R16-01970,54180000,150000
R16-01971,4170000,0
R16-01972,34940000,150000
R16-01973,71940000,300000
R16-01974,27560000,60000
R16-01975,42160000,150000
R16-01976,21690000,60000
R16-01977,70900000,300000
R16-01978,33960000,150000
R16-01979,21830000,60000
R16-01980,12330000,40000
R16-01981,21630000,60000
R16-01982,34290000,150000
R16-01983,52150000,150000
R16-01984,12380000,40000
R16-01985,1580000,0
R16-01986,32070000,60000
R16-01987,42900000,150000
R16-01988,11840000,40000
R16-01989,30970000,60000
R16-01990,23210000,60000
R16-01991,5040000,20000
R16-01992,33050000,60000
R16-01993,66750000,300000
R16-01994,84010000,300000
R16-01995,21450000,60000
R16-01996,12780000,40000
R16-01997,52490000,150000
R16-01998,81170000,300000
R16-01999,96580000,300000
R16-02000,24810000,60000
R16-02001,64070000,150000
R16-02002,62270000,150000
R16-02003,65330000,150000
R16-02004,61940000,150000
R16-02005,45310000,150000
R16-02006,17030000,40000
R16-02007,42470000,150000
R16-02008,104830000,300000
R16-02009,54940000,150000
R16-02010,26220000,60000
R16-02011,33880000,150000
R16-02012,41860000,150000
R16-02013,17700000,40000
R16-02014,66630000,150000
R16-02015,6810000,20000
R16-02016,93360000,300000
R16-02017,51820000,150000
R16-02018,47990000,150000
R16-02019,75920000,300000
R16-02020,12940000,40000
R16-02021,43100000,150000
R16-02022,61560000,150000
R16-02023,1710000,0
R16-02024,14480000,40000
R16-02025,18480000,40000
R16-02026,13890000,40000
R16-02027,70810000,300000
R16-02028,71810000,300000
R16-02029,41580000,150000
R16-02030,44680000,150000
R16-02031,122030000,300000
R16-02032,42690000,150000
R16-02033,41330000,150000
R16-02034,16150000,40000
R16-02035,25240000,60000
R16-02036,66850000,300000
R16-02037,11620000,40000
R16-02038,45600000,150000
R16-02039,31740000,60000
R16-02040,74510000,300000
R16-02041,31460000,60000
R16-02042,42310000,150000
R16-02043,65410000,150000
R16-02044,12040000,40000
R16-02045,13110000,40000
R16-02046,40550000,150000
R16-02047,35730000,150000
R16-02048,62500000,150000
R16-02049,61160000,150000
R16-02050,222140000,1000000
R16-02051,86780000,300000
R16-02052,121420000,300000
R16-02053,32010000,60000
R16-02054,34330000,150000
R16-02055,4560000,0
R16-02056,78060000,300000
R16-02057,46570000,150000
R16-02058,46690000,150000
R16-02059,31870000,60000
R16-02060,3890000,0
R16-02061,55160000,150000
R16-02062,3160000,0
R16-02063,44420000,150000
R16-02064,2040000,0
R16-02065,3320000,0
R16-02066,44230000,150000
R16-02067,7290000,20000
R16-02068,65730000,150000
R16-02069,12960000,40000
R16-02070,86140000,300000
R16-02071,31090000,60000
R16-02072,44550000,150000
R16-02073,23230000,60000
R16-02074,39140000,150000
R16-02075,62260000,150000
R16-02076,22930000,60000
R16-02077,61150000,150000
R16-02078,23160000,60000
R16-02079,71910000,300000
R16-02080,12370000,40000
R16-02081,131440000,300000
R16-02082,34770000,150000
R16-02083,124870000,300000
R16-02084,31680000,60000
R16-02085,6050000,20000
R16-02086,44460000,150000
R16-02087,11860000,40000
R16-02088,32360000,60000
R16-02089,39450000,150000
R16-02090,14880000,40000
R16-02091,82380000,300000
R16-02092,12800000,40000
R16-02093,44070000,150000
R16-02094,77770000,300000
R16-02095,3020000,0
R16-02096,55600000,150000
R16-02097,17070000,40000
R16-02098,41840000,150000
R16-02099,1190000,0
R16-02100,51130000,150000
R16-02101,37500000,150000
R16-02102,12070000,40000
R16-02103,63810000,150000
R16-02104,36970000,150000
R16-02105,43270000,150000
R16-02106,44730000,150000
R16-02107,85850000,300000
R16-02108,52160000,150000
R16-02109,15860000,40000
R16-02110,53030000,150000
R16-02111,5110000,20000
R16-02112,29470000,60000
R16-02113,25600000,60000
R16-02114,73480000,300000
R16-02115,62580000,150000
R16-02116,13860000,40000
R16-02117,660000,0
R16-02118,54310000,150000
R16-02119,77400000,300000
R16-02120,16680000,40000
R16-02121,72120000,300000
R16-02122,14990000,40000
R16-02123,102280000,300000
R16-02124,7690000,20000
R16-02125,56940000,150000
R16-02126,76130000,300000
R16-02127,63210000,150000
R16-02128,45770000,150000
R16-02129,1720000,0
R16-02130,48100000,150000
R16-02131,7780000,20000
R16-02132,6290000,20000
R16-02133,108340000,300000
R16-02134,22110000,60000
R16-02135,81400000,300000
R16-02136,16200000,40000
R16-02137,5510000,20000
R16-02138,86080000,300000
R16-02139,48180000,150000
R16-02140,104750000,300000
R16-02141,2610000,0
R16-02142,13780000,40000
R16-02143,27500000,60000
R16-02144,40850000,150000
R16-02145,42510000,150000
R16-02146,11640000,40000
R16-02147,61400000,150000
R16-02148,95030000,300000
R16-02149,42080000,150000
R16-02150,31510000,60000
R16-02151,51140000,150000
R16-02152,34040000,150000
R16-02153,1730000,0
R16-02154,95780000,300000
R16-02155,86320000,300000
R16-02156,12400000,40000
R16-02157,41610000,150000
R16-02158,4590000,0
R16-02159,3170000,0
R16-02160,71250000,300000
R16-02161,75010000,300000
R16-02162,13290000,40000
R16-02163,2790000,0
R16-02164,52260000,150000
R16-02165,13790000,40000
R16-02166,112080000,300000
R16-02167,22080000,60000
R16-02168,23090000,60000
R16-02169,42560000,150000
R16-02170,172670000,600000
R16-02171,4200000,0
R16-02172,42120000,150000
R16-02173,74780000,300000
R16-02174,77100000,300000
R16-02175,33670000,150000
R16-02176,55690000,150000
R16-02177,94840000,300000
R16-02178,44920000,150000
R16-02179,26840000,60000
R16-02180,22600000,60000
R16-02181,46150000,150000
R16-02182,15480000,40000
R16-02183,65670000,150000
R16-02184,43090000,150000
R16-02185,31920000,60000
R16-02186,63100000,150000
R16-02187,2100000,0
R16-02188,24940000,60000
R16-02189,2980000,0
R16-02190,52420000,150000
R16-02191,24540000,60000
R16-02192,8790000,20000
R16-02193,41100000,150000
R16-02194,1860000,0
R16-02195,17850000,40000
R16-02196,48740000,150000
R16-02197,20820000,60000
R16-02198,27360000,60000
R16-02199,24420000,60000
R16-02200,3470000,0
R16-02201,15080000,40000
R16-02202,67980000,300000
R16-02203,46230000,150000
R16-02204,25760000,60000
R16-02205,14690000,40000
R16-02206,66180000,150000
R16-02207,5050000,20000
R16-02208,53140000,150000
R16-02209,23000000,60000
R16-02210,41520000,150000
R16-02211,43840000,150000
R16-02212,8540000,20000
R16-02213,13560000,40000
R16-02214,34870000,150000
R16-02215,64340000,150000
R16-02216,10900000,40000
R16-02217,4680000,0
R16-02218,19780000,40000
R16-02219,31610000,60000
R16-02220,76830000,300000
R16-02221,133420000,600000
R16-02222,32900000,60000
R16-02223,42730000,150000
R16-02224,72540000,300000
R16-02225,92190000,300000
R16-02226,33560000,150000
R16-02227,83420000,300000
R16-02228,14580000,40000
R16-02229,22870000,60000
R16-02230,20490000,60000
R16-02231,42860000,150000
R16-02232,13420000,40000
R16-02233,36260000,150000
R16-02234,25790000,60000
R16-02235,23170000,60000
R16-02236,39600000,150000
R16-02237,2540000,0
R16-02238,17900000,40000
R16-02239,30820000,60000
R16-02240,33000000,60000
R16-02241,22590000,60000
R16-02242,45920000,150000
R16-02243,112250000,300000
R16-02244,152870000,600000
R16-02245,71590000,300000
R16-02246,1900000,0
R16-02247,33010000,60000
R16-02248,55660000,150000
R16-02249,41910000,150000
R16-02250,27220000,60000
R16-02251,22130000,60000
R16-02252,21460000,60000
R16-02253,63290000,150000
R16-02254,32070000,60000
R16-02255,71410000,300000
R16-02256,6140000,20000
R16-02257,32420000,60000
R16-02258,15130000,40000
R16-02259,13580000,40000
R16-02260,12440000,40000
R16-02261,64870000,150000
R16-02262,13870000,40000
R16-02263,124370000,300000
R16-02264,52620000,150000
R16-02265,11110000,40000
R16-02266,14410000,40000
R16-02267,6460000,20000
R16-02268,116010000,300000
R16-02269,53680000,150000
R16-02270,50450000,150000
R16-02271,63600000,150000
R16-02272,56890000,150000
R16-02273,51820000,150000
R16-02274,55200000,150000
R16-02275,23160000,60000
R16-02276,17310000,40000
R16-02277,46840000,150000
R16-02278,76470000,300000
R16-02279,81530000,300000
R16-02280,42880000,150000
R16-02281,32100000,60000
R16-02282,32930000,60000
R16-02283,102900000,300000
R16-02284,84180000,300000
R16-02285,17040000,40000
R16-02286,24790000,60000
R16-02287,72170000,300000
R16-02288,27780000,60000
R16-02289,82500000,300000
R16-02290,14260000,40000
R16-02291,73020000,300000
R16-02292,38370000,150000
R16-02293,35280000,150000
R16-02294,28180000,60000
R16-02295,43610000,150000
R16-02296,36730000,150000
R16-02297,45860000,150000
R16-02298,29010000,60000
R16-02299,76740000,300000
R16-02300,5040000,20000
R16-02301,53510000,150000
R16-02302,57340000,150000
R16-02303,58260000,150000
R16-02304,1960000,0
R16-02305,4710000,0
R16-02306,6270000,20000
R16-02307,22940000,60000
R16-02308,22150000,60000
R16-02309,34370000,150000
R16-02310,72100000,300000
R16-02311,14180000,40000
R16-02312,14260000,40000
R16-02313,43200000,150000
R16-02314,1500000,0
R16-02315,91400000,300000
R16-02316,12830000,40000
R16-02317,24960000,60000
R16-02318,33160000,60000
R16-02319,65700000,150000
R16-02320,28160000,60000
R16-02321,5740000,20000
R16-02322,11480000,40000
R16-02323,61880000,150000
R16-02324,23070000,60000
R16-02325,70820000,300000
R16-02326,3420000,0
R16-02327,44060000,150000
R16-02328,44040000,150000
R16-02329,21300000,60000
R16-02330,44480000,150000
R16-02331,76880000,300000
R16-02332,14170000,40000
R16-02333,102360000,300000
R16-02334,14430000,40000
R16-02335,35550000,150000
R16-02336,25330000,60000
R16-02337,81790000,300000
R16-02338,66080000,150000
R16-02339,71690000,300000
R16-02340,76710000,300000
R16-02341,44190000,150000
R16-02342,84090000,300000
R16-02343,64520000,150000
R16-02344,12130000,40000
R16-02345,122330000,300000
R16-02346,22610000,60000
R16-02347,24960000,60000
R16-02348,52460000,150000
R16-02349,52120000,150000
R16-02350,92360000,300000
R16-02351,84950000,300000
R16-02352,16200000,40000
R16-02353,42230000,150000
R16-02354,79350000,300000
R16-02355,34080000,150000
R16-02356,12910000,40000
R16-02357,156020000,600000
R16-02358,4000000,0
R16-02359,8310000,20000
R16-02360,5410000,20000
R16-02361,47520000,150000
R16-02362,142160000,600000
R16-02363,45020000,150000
R16-02364,14490000,40000
R16-02365,93650000,300000
R16-02366,13570000,40000
R16-02367,41200000,150000
R16-02368,32740000,60000
R16-02369,53000000,150000
R16-02370,23990000,60000
R16-02371,23910000,60000
R16-02372,50360000,150000
R16-02373,60900000,150000
R16-02374,19720000,40000
R16-02375,21650000,60000
R16-02376,115100000,300000
R16-02377,74440000,300000
R16-02378,33910000,150000
R16-02379,17880000,40000
R16-02380,74220000,300000
R16-02381,21290000,60000
R16-02382,71840000,300000
R16-02383,100950000,300000
R16-02384,11950000,40000
R16-02385,72530000,300000
R16-02386,12690000,40000
R16-02387,91420000,300000
R16-02388,65050000,150000
R16-02389,11290000,40000
R16-02390,21860000,60000
R16-02391,35820000,150000
R16-02392,64620000,150000
R16-02393,77880000,300000
R16-02394,35870000,150000
R16-02395,7840000,20000
R16-02396,34580000,150000
R16-02397,18670000,40000
R16-02398,77820000,300000
R16-02399,28450000,60000
R16-02400,71700000,300000
R16-02401,64900000,150000
R16-02402,122290000,300000
R16-02403,7440000,20000
R16-02404,44880000,150000
R16-02405,60260000,150000
R16-02406,4390000,0
R16-02407,12150000,40000
R16-02408,21970000,60000
R16-02409,85990000,300000
R16-02410,22080000,60000
R16-02411,33080000,60000
R16-02412,51290000,150000
R16-02413,73150000,300000
R16-02414,22110000,60000
R16-02415,13130000,40000
R16-02416,43990000,150000
R16-02417,62950000,150000
R16-02418,32000000,60000
R16-02419,61830000,150000
R16-02420,36170000,150000
R16-02421,61630000,150000
R16-02422,32870000,60000
R16-02423,81050000,300000
R16-02424,10790000,40000
R16-02425,88850000,300000
R16-02426,3070000,0
R16-02427,31850000,60000
R16-02428,12160000,40000
R16-02429,84680000,300000
R16-02430,44300000,150000
R16-02431,14020000,40000
R16-02432,5660000,20000
R16-02433,71740000,300000
R16-02434,46670000,150000
R16-02435,25490000,60000
R16-02436,2570000,0
R16-02437,11530000,40000
R16-02438,232990000,1000000
R16-02439,2090000,0
R16-02440,81700000,300000
R16-02441,2690000,0
R16-02442,91250000,300000
R16-02443,90800000,300000
R16-02444,27850000,60000
R16-02445,22650000,60000
R16-02446,11640000,40000
R16-02447,4950000,0
R16-02448,54250000,150000
R16-02449,20490000,60000
R16-02450,64490000,150000
R16-02451,7400000,20000
R16-02452,54330000,150000
R16-02453,71350000,300000
R16-02454,35210000,150000
R16-02455,2830000,0
R16-02456,26870000,60000
R16-02457,6910000,20000
R16-02458,4450000,0
R16-02459,34980000,150000
R16-02460,105210000,300000
R16-02461,12230000,40000
R16-02462,42330000,150000
R16-02463,8080000,20000
R16-02464,57210000,150000
R16-02465,95430000,300000
R16-02466,12030000,40000
R16-02467,26030000,60000
R16-02468,5800000,20000
R16-02469,41720000,150000
R16-02470,1840000,0
R16-02471,34920000,150000
R16-02472,3470000,0
R16-02473,1950000,0
R16-02474,12760000,40000
R16-02475,5230000,20000
R16-02476,33240000,60000
R16-02477,13600000,40000
R16-02478,4180000,0
R16-02479,5860000,20000
R16-02480,23530000,60000
R16-02481,43790000,150000
R16-02482,30640000,60000
R16-02483,21620000,60000
R16-02484,55340000,150000
R16-02485,1930000,0
R16-02486,8840000,20000
R16-02487,25670000,60000
R16-02488,223210000,1000000
R16-02489,5500000,20000
R16-02490,224290000,1000000
R16-02491,97920000,300000
R16-02492,44430000,150000
R16-02493,12220000,40000
R16-02494,85040000,300000
R16-02495,34300000,150000
R16-02496,950000,0
R16-02497,12930000,40000
R16-02498,112940000,300000
R16-02499,40600000,150000
R16-02500,11060000,40000
R16-02501,33350000,150000
R16-02502,81380000,300000
R16-02503,57150000,150000
R16-02504,45680000,150000
R16-02505,33200000,60000
R16-02506,24520000,60000
R16-02507,98750000,300000
R16-02508,82210000,300000
R16-02509,107890000,300000
R16-02510,11460000,40000
R16-02511,26010000,60000
R16-02512,74210000,300000
R16-02513,72650000,300000
R16-02514,11330000,40000
R16-02515,4800000,0
R16-02516,91250000,300000
R16-02517,52750000,150000
R16-02518,74770000,300000
R16-02519,57500000,150000
R16-02520,7810000,20000
R16-02521,13920000,40000
R16-02522,41230000,150000
R16-02523,60370000,150000
R16-02524,158930000,600000
R16-02525,22180000,60000
R16-02526,22870000,60000
R16-02527,73290000,300000
R16-02528,23220000,60000
R16-02529,66000000,150000
R16-02530,330000,0
R16-02531,38660000,150000
R16-02532,55750000,150000
R16-02533,64150000,150000
R16-02534,64290000,150000
R16-02535,143170000,600000
R16-02536,33260000,60000
R16-02537,12770000,40000
R16-02538,2580000,0
R16-02539,12880000,40000
R16-02540,85230000,300000
R16-02541,32690000,60000
R16-02542,41350000,150000
R16-02543,32300000,60000
R16-02544,117490000,300000
R16-02545,91470000,300000
R16-02546,66860000,300000
R16-02547,70490000,300000
R16-02548,62550000,150000
R16-02549,63730000,150000
R16-02550,115140000,300000
R16-02551,17090000,40000
R16-02552,86920000,300000
R16-02553,3320000,0
R16-02554,530000,0
R16-02555,54470000,150000
R16-02556,6180000,20000
R16-02557,11990000,40000
R16-02558,3360000,0
R16-02559,37300000,150000
R16-02560,72070000,300000
R16-02561,2920000,0
R16-02562,30510000,60000
R16-02563,30170000,60000
R16-02564,54870000,150000
R16-02565,18820000,40000
R16-02566,56930000,150000
R16-02567,44140000,150000
R16-02568,1120000,0
R16-02569,25880000,60000
R16-02570,1190000,0
R16-02571,94330000,300000
R16-02572,44230000,150000
R16-02573,41990000,150000
R16-02574,71620000,300000
R16-02575,133700000,600000
R16-02576,33650000,150000
R16-02577,31310000,60000
R16-02578,22660000,60000
R16-02579,74480000,300000
R16-02580,16940000,40000
R16-02581,72260000,300000
R16-02582,56270000,150000
R16-02583,41190000,150000
R16-02584,47330000,150000
R16-02585,48070000,150000
R16-02586,17120000,40000
R16-02587,33110000,60000
R16-02588,87590000,300000
R16-02589,75900000,300000
R16-02590,45360000,150000
R16-02591,54640000,150000
R16-02592,24680000,60000
R16-02593,16390000,40000
R16-02594,64780000,150000
R16-02595,122240000,300000
R16-02596,103640000,300000
R16-02597,64760000,150000
R16-02598,2480000,0
R16-02599,42910000,150000
R16-02600,65140000,150000
R16-02601,31190000,60000
R16-02602,31300000,60000
R16-02603,24060000,60000
R16-02604,36160000,150000
R16-02605,122820000,300000
R16-02606,3690000,0
R16-02607,2760000,0
R16-02608,25710000,60000
R16-02609,17520000,40000
R16-02610,36600000,150000
R16-02611,27990000,60000
R16-02612,4120000,0
R16-02613,85660000,300000
R16-02614,82850000,300000
R16-02615,123420000,300000
R16-02616,48130000,150000
R16-02617,47050000,150000
R16-02618,55800000,150000
R16-02619,12250000,40000
R16-02620,31380000,60000
R16-02621,65600000,150000
R16-02622,3980000,0
R16-02623,1130000,0
R16-02624,13250000,40000
R16-02625,3830000,0
R16-02626,84090000,300000
R16-02627,91540000,300000
R16-02628,4880000,0
R16-02629,65050000,150000
R16-02630,47610000,150000
R16-02631,74090000,300000
R16-02632,31690000,60000
R16-02633,107860000,300000
R16-02634,80220000,300000
R16-02635,26070000,60000
R16-02636,11290000,40000
R16-02637,1470000,0
R16-02638,68890000,300000
R16-02639,51810000,150000
R16-02640,90700000,300000
R16-02641,65990000,150000
R16-02642,35270000,150000
R16-02643,7360000,20000
R16-02644,64710000,150000
R16-02645,83390000,300000
R16-02646,35870000,150000
R16-02647,22740000,60000
R16-02648,16370000,40000
R16-02649,43290000,150000
R16-02650,57450000,150000
R16-02651,41940000,150000
R16-02652,47440000,150000
R16-02653,2440000,0
R16-02654,7360000,20000
R16-02655,37050000,150000
R16-02656,2840000,0
R16-02657,840000,0
R16-02658,76630000,300000
R16-02659,44060000,150000
R16-02660,85280000,300000
R16-02661,4060000,0
R16-02662,27180000,60000
R16-02663,83370000,300000
R16-02664,5130000,20000
R16-02665,13700000,40000
R16-02666,2800000,0
R16-02667,57390000,150000
R16-02668,80840000,300000
R16-02669,42080000,150000
R16-02670,26740000,60000
R16-02671,24210000,60000
R16-02672,8070000,20000
R16-02673,10310000,40000
R16-02674,9030000,20000
R16-02675,51850000,150000
R16-02676,44010000,150000
R16-02677,32950000,60000
R16-02678,25390000,60000
R16-02679,18590000,40000
R16-02680,58640000,150000
R16-02681,77840000,300000
R16-02682,15130000,40000
R16-02683,81740000,300000
R16-02684,38070000,150000
R16-02685,3090000,0
R16-02686,50310000,150000
R16-02687,81990000,300000
R16-02688,14690000,40000
R16-02689,84530000,300000
R16-02690,60640000,150000
R16-02691,82750000,300000
R16-02692,31400000,60000
R16-02693,62310000,150000
R16-02694,21890000,60000
R16-02695,108560000,300000
R16-02696,33190000,60000
R16-02697,33850000,150000
R16-02698,8790000,20000
R16-02699,45210000,150000
R16-02700,22660000,60000
R16-02701,94870000,300000
R16-02702,5770000,20000
R16-02703,1370000,0
R16-02704,12910000,40000
R16-02705,46880000,150000
R16-02706,14800000,40000
R16-02707,55690000,150000
R16-02708,64810000,150000
R16-02709,14310000,40000
R16-02710,35470000,150000
R16-02711,28190000,60000
R16-02712,5000000,20000
R16-02713,32280000,60000
R16-02714,13430000,40000
R16-02715,23410000,60000
R16-02716,35950000,150000
R16-02717,94240000,300000
R16-02718,15510000,40000
R16-02719,18010000,40000
R16-02720,19290000,40000
R16-02721,51940000,150000
R16-02722,43140000,150000
R16-02723,12160000,40000
R16-02724,32490000,60000
R16-02725,3760000,0
R16-02726,1660000,0
R16-02727,62450000,150000
R16-02728,450000,0
R16-02729,70790000,300000
R16-02730,85860000,300000
R16-02731,68750000,300000
R16-02732,45230000,150000
R16-02733,86060000,300000
R16-02734,95670000,300000
R16-02735,5020000,20000
R16-02736,25110000,60000
R16-02737,24440000,60000
R16-02738,115930000,300000
R16-02739,75070000,300000
R16-02740,2750000,0
R16-02741,71060000,300000
R16-02742,38060000,150000
R16-02743,47270000,150000
R16-02744,51550000,150000
R16-02745,16130000,40000
R16-02746,13610000,40000
R16-02747,73920000,300000
R16-02748,72480000,300000
R16-02749,41030000,150000
R16-02750,7270000,20000
R16-02751,52510000,150000
R16-02752,127220000,300000
R16-02753,42730000,150000
R16-02754,34700000,150000
R16-02755,17290000,40000
R16-02756,13010000,40000
R16-02757,1710000,0
R16-02758,1420000,0
R16-02759,72580000,300000
R16-02760,84690000,300000
R16-02761,41770000,150000
R16-02762,42900000,150000
R16-02763,4900000,0
R16-02764,19180000,40000
R16-02765,1060000,0
R16-02766,35140000,150000
R16-02767,13820000,40000
R16-02768,22800000,60000
R16-02769,62560000,150000
R16-02770,11520000,40000
R16-02771,3520000,0
R16-02772,62400000,150000
R16-02773,92020000,300000
R16-02774,35960000,150000
R16-02775,41210000,150000
R16-02776,85140000,300000
R16-02777,75130000,300000
R16-02778,6310000,20000
R16-02779,6930000,20000
R16-02780,4300000,0
R16-02781,72560000,300000
R16-02782,74580000,300000
R16-02783,54730000,150000
R16-02784,2430000,0
R16-02785,13870000,40000
R16-02786,101990000,300000
R16-02787,24100000,60000
R16-02788,33420000,150000
R16-02789,27500000,60000
R16-02790,11860000,40000
R16-02791,18490000,40000
R16-02792,7270000,20000
R16-02793,67980000,300000
R16-02794,43350000,150000
R16-02795,41590000,150000
R16-02796,51450000,150000
R16-02797,56530000,150000
R16-02798,12160000,40000
R16-02799,31880000,60000
R16-02800,73610000,300000
R16-02801,17920000,40000
R16-02802,43620000,150000
R16-02803,50350000,150000
R16-02804,87400000,300000
R16-02805,22060000,60000
R16-02806,101710000,300000
R16-02807,36230000,150000
R16-02808,85890000,300000
R16-02809,64590000,150000
R16-02810,47950000,150000
R16-02811,12700000,40000
R16-02812,40770000,150000
R16-02813,42570000,150000
R16-02814,82430000,300000
R16-02815,980000,0
R16-02816,92400000,300000
R16-02817,66340000,150000
R16-02818,71970000,300000
R16-02819,27090000,60000
R16-02820,23180000,60000
R16-02821,24040000,60000
R16-02822,57540000,150000
R16-02823,42960000,150000
R16-02824,92980000,300000
R16-02825,15480000,40000
R16-02826,3100000,0
R16-02827,24410000,60000
R16-02828,72700000,300000
R16-02829,23120000,60000
R16-02830,31380000,60000
R16-02831,1640000,0
R16-02832,52590000,150000
R16-02833,32840000,60000
R16-02834,81620000,300000
R16-02835,16240000,40000
R16-02836,82430000,300000
R16-02837,42260000,150000
R16-02838,33530000,150000
R16-02839,70340000,300000
R16-02840,82470000,300000
R16-02841,30490000,60000
R16-02842,33100000,60000
R16-02843,70610000,300000
R16-02844,81770000,300000
R16-02845,2270000,0
R16-02846,26440000,60000
R16-02847,111400000,300000
R16-02848,132980000,300000
R16-02849,53950000,150000
R16-02850,57170000,150000
R16-02851,2280000,0
R16-02852,97440000,300000
R16-02853,25470000,60000
R16-02854,26470000,60000
R16-02855,67240000,300000
R16-02856,42130000,150000
R16-02857,37110000,150000
R16-02858,11770000,40000
R16-02859,7960000,20000
R16-02860,44510000,150000
R16-02861,16510000,40000
R16-02862,6800000,20000
R16-02863,18260000,40000
R16-02864,32370000,60000
R16-02865,71530000,300000
R16-02866,3610000,0
R16-02867,5330000,20000
R16-02868,81140000,300000
R16-02869,133990000,600000
R16-02870,94710000,300000
R16-02871,124080000,300000
R16-02872,12420000,40000
R16-02873,15940000,40000
R16-02874,77130000,300000
R16-02875,2510000,0
R16-02876,41340000,150000
R16-02877,2610000,0
R16-02878,83030000,300000
R16-02879,43690000,150000
R16-02880,42110000,150000
R16-02881,128570000,300000
R16-02882,20270000,60000
R16-02883,55000000,150000
R16-02884,23710000,60000
R16-02885,22110000,60000
R16-02886,62830000,150000
R16-02887,59450000,150000
R16-02888,51990000,150000
R16-02889,62130000,150000
R16-02890,15750000,40000
R16-02891,64950000,150000
R16-02892,34520000,150000
R16-02893,5000000,20000
R16-02894,26230000,60000
R16-02895,34420000,150000
R16-02896,38620000,150000
R16-02897,44960000,150000
R16-02898,52300000,150000
R16-02899,15280000,40000
R16-02900,57070000,150000
R16-02901,20950000,60000
R16-02902,59070000,150000
R16-02903,7170000,20000
R16-02904,34720000,150000
R16-02905,23250000,60000
R16-02906,75110000,300000
R16-02907,133070000,300000
R16-02908,23980000,60000
R16-02909,31920000,60000
R16-02910,11630000,40000
R16-02911,77870000,300000
R16-02912,10950000,40000
R16-02913,21390000,60000
R16-02914,1650000,0
R16-02915,33720000,150000
R16-02916,35060000,150000
R16-02917,65000000,150000
R16-02918,37290000,150000
R16-02919,46840000,150000
R16-02920,62660000,150000
R16-02921,221980000,1000000
R16-02922,5100000,20000
R16-02923,44480000,150000
R16-02924,75110000,300000
R16-02925,54480000,150000
R16-02926,32330000,60000
R16-02927,1090000,0
R16-02928,5210000,20000
R16-02929,63120000,150000
R16-02930,93650000,300000
R16-02931,45870000,150000
R16-02932,43170000,150000
R16-02933,10920000,40000
R16-02934,71670000,300000
R16-02935,40880000,150000
R16-02936,16430000,40000
R16-02937,71660000,300000
R16-02938,72960000,300000
R16-02939,17410000,40000
R16-02940,5740000,20000
R16-02941,2320000,0
R16-02942,54930000,150000
R16-02943,40920000,150000
R16-02944,82220000,300000
R16-02945,47430000,150000
R16-02946,1610000,0
R16-02947,1030000,0
R16-02948,72150000,300000
R16-02949,13020000,40000
R16-02950,44800000,150000
R16-02951,33820000,150000
R16-02952,1810000,0
R16-02953,54940000,150000
R16-02954,6220000,20000
R16-02955,22040000,60000
R16-02956,18200000,40000
R16-02957,39280000,150000
R16-02958,27000000,60000
R16-02959,57390000,150000
R16-02960,36230000,150000
R16-02961,82550000,300000
R16-02962,17460000,40000
R16-02963,11010000,40000
R16-02964,58520000,150000
R16-02965,3080000,0
R16-02966,62800000,150000
R16-02967,60830000,150000
R16-02968,42280000,150000
R16-02969,1080000,0
R16-02970,6020000,20000
R16-02971,124480000,300000
R16-02972,112360000,300000
R16-02973,63070000,150000
R16-02974,71170000,300000
R16-02975,111260000,300000
R16-02976,28160000,60000
R16-02977,114790000,300000
R16-02978,35050000,150000
R16-02979,64830000,150000
R16-02980,41760000,150000
R16-02981,36690000,150000
R16-02982,22900000,60000
R16-02983,17920000,40000
R16-02984,46840000,150000
R16-02985,41710000,150000
R16-02986,62200000,150000
R16-02987,2860000,0
R16-02988,56760000,150000
R16-02989,51820000,150000
R16-02990,97380000,300000
R16-02991,86130000,300000
R16-02992,80480000,300000
R16-02993,97820000,300000
R16-02994,85970000,300000
R16-02995,26940000,60000
R16-02996,21170000,60000
R16-02997,104270000,300000
R16-02998,2130000,0
R16-02999,39360000,150000
R16-03000,33730000,150000
R16-03001,14180000,40000
R16-03002,12410000,40000
R16-03003,23090000,60000
R16-03004,11600000,40000
R16-03005,72290000,300000
R16-03006,40880000,150000
R16-03007,64640000,150000
R16-03008,1210000,0
R16-03009,12110000,40000
R16-03010,1610000,0
R16-03011,36610000,150000
R16-03012,11890000,40000
R16-03013,41900000,150000
R16-03014,31950000,60000
R16-03015,112760000,300000
R16-03016,35580000,150000
R16-03017,131720000,300000
R16-03018,14330000,40000
R16-03019,18580000,40000
R16-03020,85580000,300000
R16-03021,2900000,0
R16-03022,43810000,150000
R16-03023,12230000,40000
R16-03024,66990000,300000
R16-03025,104680000,300000
R16-03026,15510000,40000
R16-03027,25200000,60000
R16-03028,63580000,150000
R16-03029,61670000,150000
R16-03030,44610000,150000
R16-03031,3470000,0
R16-03032,5120000,20000
R16-03033,6160000,20000
R16-03034,16700000,40000
R16-03035,14100000,40000
R16-03036,27840000,60000
R16-03037,59270000,150000
R16-03038,24790000,60000
R16-03039,134690000,600000
R16-03040,87070000,300000
R16-03041,62740000,150000
R16-03042,12510000,40000
R16-03043,45600000,150000
R16-03044,9620000,20000
R16-03045,35960000,150000
R16-03046,2560000,0
R16-03047,12150000,40000
R16-03048,13200000,40000
R16-03049,89270000,300000
R16-03050,25610000,60000
R16-03051,42750000,150000
R16-03052,12830000,40000
R16-03053,24950000,60000
R16-03054,76970000,300000
R16-03055,12760000,40000
R16-03056,40310000,150000
R16-03057,15580000,40000
R16-03058,30790000,60000
R16-03059,73240000,300000
R16-03060,52960000,150000
R16-03061,1780000,0
R16-03062,23100000,60000
R16-03063,38460000,150000
R16-03064,12330000,40000
R16-03065,22590000,60000
R16-03066,7110000,20000
R16-03067,41750000,150000
R16-03068,56200000,150000
R16-03069,34800000,150000
R16-03070,62940000,150000
R16-03071,260000,0
R16-03072,44800000,150000
R16-03073,10460000,40000
R16-03074,24070000,60000
R16-03075,14170000,40000
R16-03076,84460000,300000
R16-03077,65700000,150000
R16-03078,21610000,60000
R16-03079,83650000,300000
R16-03080,95910000,300000
R16-03081,22360000,60000
R16-03082,11540000,40000
R16-03083,3770000,0
R16-03084,44970000,150000
R16-03085,64710000,150000
R16-03086,17290000,40000
R16-03087,31060000,60000
R16-03088,52450000,150000
R16-03089,33560000,150000
R16-03090,25130000,60000
R16-03091,46460000,150000
R16-03092,1290000,0
R16-03093,33780000,150000
R16-03094,14890000,40000
R16-03095,114240000,300000
R16-03096,58910000,150000
R16-03097,34410000,150000
R16-03098,5700000,20000
R16-03099,51760000,150000
R16-03100,24860000,60000
R16-03101,41280000,150000
R16-03102,52040000,150000
R16-03103,3090000,0
R16-03104,990000,0
R16-03105,101740000,300000
R16-03106,3600000,0
R16-03107,41920000,150000
R16-03108,54460000,150000
R16-03109,51930000,150000
R16-03110,91530000,300000
R16-03111,24630000,60000
R16-03112,2190000,0
R16-03113,46620000,150000
R16-03114,4370000,0
R16-03115,57050000,150000
R16-03116,42990000,150000
R16-03117,17820000,40000
R16-03118,12000000,40000
R16-03119,45660000,150000
R16-03120,11530000,40000
R16-03121,35880000,150000
R16-03122,6860000,20000
R16-03123,12580000,40000
R16-03124,24850000,60000
R16-03125,47830000,150000
R16-03126,33390000,150000
R16-03127,70510000,300000
R16-03128,44870000,150000
R16-03129,52960000,150000
R16-03130,23410000,60000
R16-03131,2320000,0
R16-03132,2360000,0
R16-03133,5100000,20000
R16-03134,46820000,150000
R16-03135,53610000,150000
R16-03136,22430000,60000
R16-03137,15820000,40000
R16-03138,3420000,0
R16-03139,6420000,20000
R16-03140,83800000,300000
R16-03141,65110000,150000
R16-03142,14900000,40000
R16-03143,34870000,150000
R16-03144,58360000,150000
R16-03145,45100000,150000
R16-03146,11250000,40000
R16-03147,104610000,300000
R16-03148,24110000,60000
R16-03149,4380000,0
R16-03150,92540000,300000
R16-03151,134540000,600000
R16-03152,81410000,300000
R16-03153,4500000,0
R16-03154,74680000,300000
R16-03155,84340000,300000
R16-03156,76290000,300000
R16-03157,22980000,60000
R16-03158,32000000,60000
R16-03159,18750000,40000
R16-03160,11310000,40000
R16-03161,45300000,150000
R16-03162,13480000,40000
R16-03163,92850000,300000
R16-03164,15750000,40000
R16-03165,81420000,300000
R16-03166,31950000,60000
R16-03167,81250000,300000
R16-03168,1080000,0
R16-03169,19180000,40000
R16-03170,32860000,60000
R16-03171,43760000,150000
R16-03172,23780000,60000
R16-03173,2240000,0
R16-03174,4430000,0
R16-03175,27930000,60000
R16-03176,12550000,40000
R16-03177,62330000,150000
R16-03178,31920000,60000
R16-03179,25880000,60000
R16-03180,4080000,0
R16-03181,45410000,150000
R16-03182,64330000,150000
R16-03183,22250000,60000
R16-03184,5170000,20000
R16-03185,1340000,0
R16-03186,72690000,300000
R16-03187,26350000,60000
R16-03188,48710000,150000
R16-03189,51090000,150000
R16-03190,48600000,150000
R16-03191,2220000,0
R16-03192,33220000,60000
R16-03193,52320000,150000
R16-03194,3170000,0
R16-03195,55480000,150000
R16-03196,102480000,300000
R16-03197,76140000,300000
R16-03198,3740000,0
R16-03199,12250000,40000
R16-03200,62540000,150000
R16-03201,14710000,40000
R16-03202,68860000,300000
R16-03203,630000,0
R16-03204,7420000,20000
R16-03205,92200000,300000
R16-03206,96120000,300000
R16-03207,11900000,40000
R16-03208,24400000,60000
R16-03209,45580000,150000
R16-03210,43090000,150000
R16-03211,93510000,300000
R16-03212,12270000,40000
R16-03213,112360000,300000
R16-03214,34530000,150000
R16-03215,64670000,150000
R16-03216,32560000,60000
R16-03217,24830000,60000
R16-03218,53140000,150000
R16-03219,41950000,150000
R16-03220,72220000,300000
R16-03221,113010000,300000
R16-03222,61890000,150000
R16-03223,97050000,300000
R16-03224,46090000,150000
R16-03225,14530000,40000
R16-03226,51800000,150000
R16-03227,32780000,60000
R16-03228,53230000,150000
R16-03229,17080000,40000
R16-03230,50160000,150000
R16-03231,41850000,150000
R16-03232,82370000,300000
R16-03233,31030000,60000
R16-03234,58930000,150000
R16-03235,81050000,300000
R16-03236,71780000,300000
R16-03237,33900000,150000
R16-03238,34610000,150000
R16-03239,16430000,40000
R16-03240,74270000,300000
R16-03241,78320000,300000
R16-03242,31350000,60000
R16-03243,2280000,0
R16-03244,66630000,150000
R16-03245,1930000,0
R16-03246,94150000,300000
R16-03247,35070000,150000
R16-03248,92800000,300000
R16-03249,93840000,300000
R16-03250,42620000,150000
R16-03251,25310000,60000
R16-03252,26070000,60000
R16-03253,113440000,300000
R16-03254,73570000,300000
R16-03255,70870000,300000
R16-03256,62440000,150000
R16-03257,44410000,150000
R16-03258,3080000,0
R16-03259,16020000,40000
R16-03260,54790000,150000
R16-03261,3290000,0
R16-03262,38890000,150000
R16-03263,4640000,0
R16-03264,70520000,300000
R16-03265,66830000,300000
R16-03266,2570000,0
R16-03267,1100000,0
R16-03268,7640000,20000
R16-03269,43760000,150000
R16-03270,94830000,300000
R16-03271,31070000,60000
R16-03272,66560000,150000
R16-03273,42540000,150000
R16-03274,13930000,40000
R16-03275,14920000,40000
R16-03276,33440000,150000
R16-03277,7140000,20000
R16-03278,61000000,150000
R16-03279,2960000,0
R16-03280,31740000,60000
R16-03281,143960000,600000
R16-03282,12000000,40000
R16-03283,92580000,300000
R16-03284,75290000,300000
R16-03285,4880000,0
R16-03286,2870000,0
R16-03287,26120000,60000
R16-03288,75090000,300000
R16-03289,41560000,150000
R16-03290,33600000,150000
R16-03291,121250000,300000
R16-03292,146860000,600000
R16-03293,13690000,40000
R16-03294,61690000,150000
R16-03295,41230000,150000
R16-03296,50860000,150000
R16-03297,32330000,60000
R16-03298,36320000,150000
R16-03299,62630000,150000
R16-03300,46840000,150000
R16-03301,22140000,60000
R16-03302,55230000,150000
R16-03303,21400000,60000
R16-03304,83370000,300000
R16-03305,55270000,150000
R16-03306,92210000,300000
R16-03307,86250000,300000
R16-03308,75220000,300000
R16-03309,1200000,0
R16-03310,76890000,300000
R16-03311,61050000,150000
R16-03312,63160000,150000
R16-03313,23610000,60000
R16-03314,133390000,600000
R16-03315,38020000,150000
R16-03316,12250000,40000
R16-03317,101880000,300000
R16-03318,47280000,150000
R16-03319,5530000,20000
R16-03320,43480000,150000
R16-03321,66790000,300000
R16-03322,33940000,150000
R16-03323,112190000,300000
R16-03324,15200000,40000
R16-03325,92720000,300000
R16-03326,28540000,60000
R16-03327,135960000,600000
R16-03328,78250000,300000
R16-03329,76510000,300000
R16-03330,47080000,150000
R16-03331,2410000,0
R16-03332,82400000,300000
R16-03333,42900000,150000
R16-03334,74280000,300000
R16-03335,2800000,0
R16-03336,11290000,40000
R16-03337,4850000,0
R16-03338,61980000,150000
R16-03339,57050000,150000
R16-03340,2890000,0
R16-03341,5250000,20000
R16-03342,92530000,300000
R16-03343,2470000,0
R16-03344,25340000,60000
R16-03345,62120000,150000
R16-03346,12260000,40000
R16-03347,12120000,40000
R16-03348,65860000,150000
R16-03349,54440000,150000
R16-03350,21350000,60000
R16-03351,80810000,300000
R16-03352,38830000,150000
R16-03353,27650000,60000
R16-03354,52700000,150000
R16-03355,36180000,150000
R16-03356,94590000,300000
R16-03357,85900000,300000
R16-03358,35010000,150000
R16-03359,16790000,40000
R16-03360,112560000,300000
R16-03361,116590000,300000
R16-03362,45660000,150000
R16-03363,74210000,300000
R16-03364,104930000,300000
R16-03365,13200000,40000
R16-03366,5850000,20000
R16-03367,60910000,150000
R16-03368,1840000,0
R16-03369,26850000,60000
R16-03370,7490000,20000
R16-03371,54610000,150000
R16-03372,31520000,60000
R16-03373,2520000,0
R16-03374,73780000,300000
R16-03375,2940000,0
R16-03376,95520000,300000
R16-03377,23980000,60000
R16-03378,96650000,300000
R16-03379,135780000,600000
R16-03380,66250000,150000
R16-03381,26400000,60000
R16-03382,32050000,60000
R16-03383,17630000,40000
R16-03384,10850000,40000
R16-03385,35130000,150000
R16-03386,46300000,150000
R16-03387,75440000,300000
R16-03388,63090000,150000
R16-03389,94340000,300000
R16-03390,63260000,150000
R16-03391,42850000,150000
R16-03392,51140000,150000
R16-03393,51580000,150000
R16-03394,27950000,60000
R16-03395,42200000,150000
R16-03396,14270000,40000
R16-03397,53010000,150000
R16-03398,8770000,20000
R16-03399,2900000,0
R16-03400,62650000,150000
R16-03401,15190000,40000
R16-03402,34220000,150000
R16-03403,61850000,150000
R16-03404,65580000,150000
R16-03405,85690000,300000
R16-03406,75670000,300000
R16-03407,61550000,150000
R16-03408,45800000,150000
R16-03409,21560000,60000
R16-03410,28240000,60000
R16-03411,12300000,40000
R16-03412,64510000,150000
R16-03413,42640000,150000
R16-03414,2890000,0
R16-03415,93630000,300000
R16-03416,15270000,40000
R16-03417,3930000,0
R16-03418,56420000,150000
R16-03419,73460000,300000
R16-03420,2720000,0
R16-03421,25230000,60000
R16-03422,2550000,0
R16-03423,33990000,150000
R16-03424,11990000,40000
R16-03425,13150000,40000
R16-03426,86610000,300000
R16-03427,95430000,300000
R16-03428,74900000,300000
R16-03429,25740000,60000
R16-03430,24560000,60000
R16-03431,35250000,150000
R16-03432,8060000,20000
R16-03433,22770000,60000
R16-03434,72840000,300000
R16-03435,79060000,300000
R16-03436,31970000,60000
R16-03437,63630000,150000
R16-03438,30350000,60000
R16-03439,27310000,60000
R16-03440,3420000,0
R16-03441,2550000,0
R16-03442,33190000,60000
R16-03443,42450000,150000
R16-03444,46720000,150000
R16-03445,37170000,150000
R16-03446,2650000,0
R16-03447,41890000,150000
R16-03448,12440000,40000
R16-03449,41430000,150000
R16-03450,47460000,150000
R16-03451,23940000,60000
R16-03452,52580000,150000
R16-03453,33350000,150000
R16-03454,4930000,0
R16-03455,95960000,300000
R16-03456,25470000,60000
R16-03457,36230000,150000
R16-03458,73670000,300000
R16-03459,54730000,150000
R16-03460,26280000,60000
R16-03461,14040000,40000
R16-03462,61770000,150000
R16-03463,44940000,150000
R16-03464,55480000,150000
R16-03465,102980000,300000
R16-03466,51470000,150000
R16-03467,22520000,60000
R16-03468,57610000,150000
R16-03469,55970000,150000
R16-03470,20970000,60000
R16-03471,25440000,60000
R16-03472,154670000,600000
R16-03473,35040000,150000
R16-03474,11540000,40000
R16-03475,1330000,0
R16-03476,12080000,40000
R16-03477,103850000,300000
R16-03478,44100000,150000
R16-03479,95740000,300000
R16-03480,80880000,300000
R16-03481,62380000,150000
R16-03482,81390000,300000
R16-03483,12790000,40000
R16-03484,52460000,150000
R16-03485,2170000,0
R16-03486,61710000,150000
R16-03487,52140000,150000
R16-03488,41690000,150000
R16-03489,88100000,300000
R16-03490,52380000,150000
R16-03491,76830000,300000
R16-03492,75380000,300000
R16-03493,41900000,150000
R16-03494,103490000,300000
R16-03495,10710000,40000
R16-03496,84950000,300000
R16-03497,41470000,150000
R16-03498,17700000,40000
R16-03499,75800000,300000
R16-03500,31450000,60000
R16-03501,65320000,150000
R16-03502,45460000,150000
R16-03503,34270000,150000
R16-03504,4980000,0
R16-03505,24120000,60000
R16-03506,22370000,60000
R16-03507,30880000,60000
R16-03508,12270000,40000
R16-03509,21290000,60000
R16-03510,82560000,300000
R16-03511,3510000,0
R16-03512,11380000,40000
R16-03513,33520000,150000
R16-03514,133610000,600000
R16-03515,2390000,0
R16-03516,63710000,150000
R16-03517,21290000,60000
R16-03518,52880000,150000
R16-03519,11660000,40000
R16-03520,4110000,0
R16-03521,73440000,300000
R16-03522,4470000,0
R16-03523,46730000,150000
R16-03524,32430000,60000
R16-03525,66170000,150000
R16-03526,26610000,60000
R16-03527,107400000,300000
R16-03528,32870000,60000
R16-03529,35050000,150000
R16-03530,32200000,60000
R16-03531,39310000,150000
R16-03532,18460000,40000
R16-03533,68880000,300000
R16-03534,31120000,60000
R16-03535,85150000,300000
R16-03536,32180000,60000
R16-03537,280000,0
R16-03538,2360000,0
R16-03539,131320000,300000
R16-03540,63160000,150000
R16-03541,102230000,300000
R16-03542,41900000,150000
R16-03543,16040000,40000
R16-03544,32010000,60000
R16-03545,11790000,40000
R16-03546,79410000,300000
R16-03547,25110000,60000
R16-03548,2060000,0
R16-03549,2420000,0
R16-03550,8110000,20000
R16-03551,31740000,60000
R16-03552,14250000,40000
R16-03553,10450000,40000
R16-03554,23920000,60000
R16-03555,22790000,60000
R16-03556,67350000,300000
R16-03557,8250000,20000
R16-03558,72950000,300000
R16-03559,52330000,150000
R16-03560,31110000,60000
R16-03561,42140000,150000
R16-03562,63020000,150000
R16-03563,78510000,300000
R16-03564,85400000,300000
R16-03565,41890000,150000
R16-03566,10750000,40000
R16-03567,34520000,150000
R16-03568,16760000,40000
R16-03569,71770000,300000
R16-03570,3940000,0
R16-03571,24710000,60000
R16-03572,5350000,20000
R16-03573,34340000,150000
R16-03574,21950000,60000
R16-03575,23560000,60000
R16-03576,43420000,150000
R16-03577,13870000,40000
R16-03578,3650000,0
R16-03579,142280000,600000
R16-03580,94480000,300000
R16-03581,30910000,60000
R16-03582,35670000,150000
R16-03583,4590000,0
R16-03584,103920000,300000
R16-03585,46600000,150000
R16-03586,20800000,60000
R16-03587,71300000,300000
R16-03588,15260000,40000
R16-03589,3650000,0
R16-03590,74350000,300000
R16-03591,10740000,40000
R16-03592,750000,0
R16-03593,61440000,150000
R16-03594,21230000,60000
R16-03595,144950000,600000
R16-03596,46530000,150000
R16-03597,30810000,60000
R16-03598,20260000,60000
R16-03599,31560000,60000
R16-03600,43610000,150000
R16-03601,37590000,150000
R16-03602,5090000,20000
R16-03603,32750000,60000
R16-03604,112680000,300000
R16-03605,63830000,150000
R16-03606,51500000,150000
R16-03607,24060000,60000
R16-03608,4090000,0
R16-03609,70730000,300000
R16-03610,35520000,150000
R16-03611,31940000,60000
R16-03612,62480000,150000
R16-03613,4620000,0
R16-03614,10490000,40000
R16-03615,41330000,150000
R16-03616,12770000,40000
R16-03617,36330000,150000
R16-03618,51360000,150000
R16-03619,41930000,150000
R16-03620,44240000,150000
R16-03621,13550000,40000
R16-03622,23970000,60000
R16-03623,5480000,20000
R16-03624,16400000,40000
R16-03625,4540000,0
R16-03626,65660000,150000
R16-03627,44030000,150000
R16-03628,33220000,60000
R16-03629,52170000,150000
R16-03630,11070000,40000
R16-03631,1930000,0
R16-03632,22550000,60000
R16-03633,42220000,150000
R16-03634,2210000,0
R16-03635,13750000,40000
R16-03636,830000,0
R16-03637,102810000,300000
R16-03638,74820000,300000
R16-03639,74080000,300000
R16-03640,25550000,60000
R16-03641,32950000,60000
R16-03642,4220000,0
R16-03643,25900000,60000
R16-03644,127230000,300000
R16-03645,44740000,150000
R16-03646,40680000,150000
R16-03647,2690000,0
R16-03648,2140000,0
R16-03649,122810000,300000
R16-03650,55360000,150000
R16-03651,13340000,40000
R16-03652,26400000,60000
R16-03653,11310000,40000
R16-03654,62140000,150000
R16-03655,57230000,150000
R16-03656,44250000,150000
R16-03657,76590000,300000
R16-03658,36810000,150000
R16-03659,77050000,300000
R16-03660,63090000,150000
R16-03661,31580000,60000
R16-03662,1810000,0
R16-03663,5250000,20000
R16-03664,68430000,300000
R16-03665,5230000,20000
R16-03666,76670000,300000
R16-03667,3010000,0
R16-03668,33470000,150000
R16-03669,37370000,150000
R16-03670,74970000,300000
R16-03671,32340000,60000
R16-03672,6190000,20000
R16-03673,94450000,300000
R16-03674,5340000,20000
R16-03675,71360000,300000
R16-03676,31760000,60000
R16-03677,37160000,150000
R16-03678,52130000,150000
R16-03679,23100000,60000
R16-03680,16430000,40000
R16-03681,4970000,0
R16-03682,8610000,20000
R16-03683,14490000,40000
R16-03684,33720000,150000
R16-03685,77980000,300000
R16-03686,23890000,60000
R16-03687,34740000,150000
R16-03688,3450000,0
R16-03689,22900000,60000
R16-03690,54550000,150000
R16-03691,72340000,300000
R16-03692,5730000,20000
R16-03693,63070000,150000
R16-03694,2470000,0
R16-03695,1840000,0
R16-03696,29000000,60000
R16-03697,2660000,0
R16-03698,55300000,150000
R16-03699,33330000,60000
R16-03700,22550000,60000
R16-03701,90460000,300000
R16-03702,21280000,60000
R16-03703,33120000,60000
R16-03704,13680000,40000
R16-03705,14470000,40000
R16-03706,26890000,60000
R16-03707,26160000,60000
R16-03708,82960000,300000
R16-03709,22660000,60000
R16-03710,32350000,60000
R16-03711,42860000,150000
R16-03712,3080000,0
R16-03713,60450000,150000
R16-03714,62540000,150000
R16-03715,12610000,40000
R16-03716,11450000,40000
R16-03717,32400000,60000
R16-03718,30820000,60000
R16-03719,57460000,150000
R16-03720,28600000,60000
R16-03721,53140000,150000
R16-03722,86340000,300000
R16-03723,83950000,300000
R16-03724,5540000,20000
R16-03725,94620000,300000
R16-03726,109400000,300000
R16-03727,32200000,60000
R16-03728,62800000,150000
R16-03729,63490000,150000
R16-03730,12720000,40000
R16-03731,143190000,600000
R16-03732,31960000,60000
R16-03733,47290000,150000
R16-03734,5970000,20000
R16-03735,63500000,150000
R16-03736,16780000,40000
R16-03737,155990000,600000
R16-03738,75220000,300000
R16-03739,107680000,300000
R16-03740,74650000,300000
R16-03741,66260000,150000
R16-03742,11530000,40000
R16-03743,62980000,150000
R16-03744,43000000,150000
R16-03745,47200000,150000
R16-03746,36820000,150000
R16-03747,22800000,60000
R16-03748,11980000,40000
R16-03749,32670000,60000
R16-03750,56790000,150000
R16-03751,32090000,60000
R16-03752,14450000,40000
R16-03753,7420000,20000
R16-03754,17860000,40000
R16-03755,4460000,0
R16-03756,40490000,150000
R16-03757,61720000,150000
R16-03758,33580000,150000
R16-03759,78150000,300000
R16-03760,58560000,150000
R16-03761,42120000,150000
R16-03762,5590000,20000
R16-03763,12830000,40000
R16-03764,8340000,20000
R16-03765,33280000,60000
R16-03766,36650000,150000
R16-03767,46060000,150000
R16-03768,24860000,60000
R16-03769,24770000,60000
R16-03770,38430000,150000
R16-03771,64640000,150000
R16-03772,23810000,60000
R16-03773,153850000,600000
R16-03774,270000,0
R16-03775,31450000,60000
R16-03776,1560000,0
R16-03777,107000000,300000
R16-03778,62590000,150000
R16-03779,20780000,60000
R16-03780,480000,0
R16-03781,143490000,600000
R16-03782,35530000,150000
R16-03783,33140000,60000
R16-03784,33470000,150000
R16-03785,5630000,20000
R16-03786,50960000,150000
R16-03787,55200000,150000
R16-03788,61260000,150000
R16-03789,33360000,150000
R16-03790,67430000,300000
R16-03791,67950000,300000
R16-03792,2570000,0
R16-03793,69400000,300000
R16-03794,12000000,40000
R16-03795,62370000,150000
R16-03796,27950000,60000
R16-03797,15150000,40000
R16-03798,2050000,0
R16-03799,112180000,300000
R16-03800,16280000,40000
R16-03801,42030000,150000
R16-03802,85310000,300000
R16-03803,48630000,150000
R16-03804,22140000,60000
R16-03805,53680000,150000
R16-03806,41560000,150000
R16-03807,8190000,20000
R16-03808,67750000,300000
R16-03809,4350000,0
R16-03810,47590000,150000
R16-03811,3810000,0
R16-03812,2230000,0
R16-03813,20970000,60000
R16-03814,60210000,150000
R16-03815,35550000,150000
R16-03816,53150000,150000
R16-03817,67510000,300000
R16-03818,34680000,150000
R16-03819,33550000,150000
R16-03820,66310000,150000
R16-03821,56380000,150000
R16-03822,54550000,150000
R16-03823,11950000,40000
R16-03824,13770000,40000
R16-03825,58290000,150000
R16-03826,51200000,150000
R16-03827,20740000,60000
R16-03828,4000000,0
R16-03829,5770000,20000
R16-03830,52090000,150000
R16-03831,30590000,60000
R16-03832,83030000,300000
R16-03833,105430000,300000
R16-03834,5390000,20000
R16-03835,47070000,150000
R16-03836,125470000,300000
R16-03837,3180000,0
R16-03838,74480000,300000
R16-03839,32440000,60000
R16-03840,33450000,150000
R16-03841,22080000,60000
R16-03842,41830000,150000
R16-03843,1940000,0
R16-03844,41450000,150000
R16-03845,12160000,40000
R16-03846,23880000,60000
R16-03847,12120000,40000
R16-03848,12250000,40000
R16-03849,1920000,0
R16-03850,99330000,300000
R16-03851,92310000,300000
R16-03852,5210000,20000
R16-03853,25510000,60000
R16-03854,15150000,40000
R16-03855,53210000,150000
R16-03856,42420000,150000
R16-03857,42610000,150000
R16-03858,126370000,300000
R16-03859,71410000,300000
R16-03860,54600000,150000
R16-03861,53600000,150000
R16-03862,60400000,150000
R16-03863,9160000,20000
R16-03864,44250000,150000
R16-03865,69280000,300000
R16-03866,32660000,60000
R16-03867,40790000,150000
R16-03868,93030000,300000
R16-03869,54610000,150000
R16-03870,82810000,300000
R16-03871,18150000,40000
R16-03872,44330000,150000
R16-03873,92640000,300000
R16-03874,24790000,60000
R16-03875,6100000,20000
R16-03876,52220000,150000
R16-03877,76030000,300000
R16-03878,11410000,40000
R16-03879,3490000,0
R16-03880,43860000,150000
R16-03881,36200000,150000
R16-03882,26020000,60000
R16-03883,55910000,150000
R16-03884,25980000,60000
R16-03885,217530000,1000000
R16-03886,52440000,150000
R16-03887,1890000,0
R16-03888,66320000,150000
R16-03889,31480000,60000
R16-03890,25850000,60000
R16-03891,25890000,60000
R16-03892,65100000,150000
R16-03893,52590000,150000
R16-03894,5080000,20000
R16-03895,125880000,300000
R16-03896,11800000,40000
R16-03897,61700000,150000
R16-03898,23230000,60000
R16-03899,42160000,150000
R16-03900,1390000,0
R16-03901,1420000,0
R16-03902,13940000,40000
R16-03903,104990000,300000
R16-03904,21700000,60000
R16-03905,32110000,60000
R16-03906,5170000,20000
R16-03907,51290000,150000
R16-03908,35410000,150000
R16-03909,11030000,40000
R16-03910,52480000,150000
R16-03911,53930000,150000
R16-03912,4330000,0
R16-03913,65130000,150000
R16-03914,63700000,150000
R16-03915,11810000,40000
R16-03916,122570000,300000
R16-03917,46560000,150000
R16-03918,41270000,150000
R16-03919,126670000,300000
R16-03920,85850000,300000
R16-03921,9480000,20000
R16-03922,84690000,300000
R16-03923,66200000,150000
R16-03924,22960000,60000
R16-03925,26120000,60000
R16-03926,84100000,300000
R16-03927,32670000,60000
R16-03928,44050000,150000
R16-03929,21070000,60000
R16-03930,42640000,150000
R16-03931,36440000,150000
R16-03932,2820000,0
R16-03933,42060000,150000
R16-03934,73170000,300000
R16-03935,42100000,150000
R16-03936,23420000,60000
R16-03937,64950000,150000
R16-03938,131010000,300000
R16-03939,51070000,150000
R16-03940,131230000,300000
R16-03941,54220000,150000
R16-03942,53450000,150000
R16-03943,43050000,150000
R16-03944,25220000,60000
R16-03945,105920000,300000
R16-03946,33250000,60000
R16-03947,11950000,40000
R16-03948,4400000,0
R16-03949,65150000,150000
R16-03950,83080000,300000
R16-03951,51250000,150000
R16-03952,14190000,40000
R16-03953,31180000,60000
R16-03954,4090000,0
R16-03955,52700000,150000
R16-03956,3450000,0
R16-03957,58610000,150000
R16-03958,23860000,60000
R16-03959,50880000,150000
R16-03960,27210000,60000
R16-03961,17350000,40000
R16-03962,6770000,20000
R16-03963,46060000,150000
R16-03964,1110000,0
R16-03965,47430000,150000
R16-03966,12100000,40000
R16-03967,119550000,300000
R16-03968,123420000,300000
R16-03969,107030000,300000
R16-03970,92050000,300000
R16-03971,73830000,300000
R16-03972,66780000,300000
R16-03973,65860000,150000
R16-03974,103790000,300000
R16-03975,85540000,300000
R16-03976,4060000,0
R16-03977,33890000,150000
R16-03978,52020000,150000
R16-03979,45730000,150000
R16-03980,53040000,150000
R16-03981,111000000,300000
R16-03982,23810000,60000
R16-03983,21820000,60000
R16-03984,31490000,60000
R16-03985,43340000,150000
R16-03986,74110000,300000
R16-03987,23580000,60000
R16-03988,44950000,150000
R16-03989,74950000,300000
R16-03990,32240000,60000
R16-03991,8810000,20000
R16-03992,26080000,60000
R16-03993,74530000,300000
R16-03994,57280000,150000
R16-03995,83710000,300000
R16-03996,48300000,150000
R16-03997,75780000,300000
R16-03998,57340000,150000
R16-03999,51500000,150000
R16-04000,85450000,300000
R16-04001,81430000,300000
R16-04002,3680000,0
R16-04003,32380000,60000
R16-04004,72710000,300000
R16-04005,60950000,150000
R16-04006,52990000,150000
R16-04007,74190000,300000
R16-04008,23300000,60000
R16-04009,87590000,300000
R16-04010,113190000,300000
R16-04011,32490000,60000
R16-04012,2470000,0
R16-04013,84820000,300000
R16-04014,74020000,300000
R16-04015,5990000,20000
R16-04016,132620000,300000
R16-04017,4490000,0
R16-04018,54460000,150000
R16-04019,46440000,150000
R16-04020,62180000,150000
R16-04021,84070000,300000
R16-04022,32910000,60000
R16-04023,12530000,40000
R16-04024,3060000,0
R16-04025,63090000,150000
R16-04026,46150000,150000
R16-04027,41790000,150000
R16-04028,12390000,40000
R16-04029,83820000,300000
R16-04030,2030000,0
R16-04031,63840000,150000
R16-04032,37480000,150000
R16-04033,31650000,60000
R16-04034,2790000,0
R16-04035,3990000,0
R16-04036,83020000,300000
R16-04037,35590000,150000
R16-04038,62130000,150000
R16-04039,61840000,150000
R16-04040,92100000,300000
R16-04041,2300000,0
R16-04042,42880000,150000
R16-04043,44090000,150000
R16-04044,4280000,0
R16-04045,32320000,60000
R16-04046,14180000,40000
R16-04047,5860000,20000
R16-04048,27270000,60000
R16-04049,34480000,150000
R16-04050,10920000,40000
R16-04051,56970000,150000
R16-04052,41160000,150000
R16-04053,14770000,40000
R16-04054,41870000,150000
R16-04055,16090000,40000
R16-04056,5070000,20000
R16-04057,15140000,40000
R16-04058,71630000,300000
R16-04059,69160000,300000
R16-04060,65820000,150000
R16-04061,66750000,300000
R16-04062,34940000,150000
R16-04063,2420000,0
R16-04064,61520000,150000
R16-04065,85610000,300000
R16-04066,31190000,60000
R16-04067,21040000,60000
R16-04068,41540000,150000
R16-04069,14420000,40000
R16-04070,93230000,300000
R16-04071,82420000,300000
R16-04072,56400000,150000
R16-04073,3930000,0
R16-04074,41570000,150000
R16-04075,64100000,150000
R16-04076,57770000,150000
R16-04077,3540000,0
R16-04078,40350000,150000
R16-04079,43560000,150000
R16-04080,15220000,40000
R16-04081,66760000,300000
R16-04082,17690000,40000
R16-04083,22030000,60000
R16-04084,47960000,150000
R16-04085,51990000,150000
R16-04086,42100000,150000
R16-04087,80860000,300000
R16-04088,157000000,600000
R16-04089,74100000,300000
R16-04090,2450000,0
R16-04091,51770000,150000
R16-04092,22100000,60000
R16-04093,27360000,60000
R16-04094,111320000,300000
R16-04095,21150000,60000
R16-04096,13230000,40000
R16-04097,45650000,150000
R16-04098,62080000,150000
R16-04099,12840000,40000
R16-04100,105110000,300000
R16-04101,14850000,40000
R16-04102,107080000,300000
R16-04103,103180000,300000
R16-04104,45610000,150000
R16-04105,2090000,0
R16-04106,64390000,150000
R16-04107,27780000,60000
R16-04108,38730000,150000
R16-04109,3500000,0
R16-04110,61440000,150000
R16-04111,17710000,40000
R16-04112,53280000,150000
R16-04113,8310000,20000
R16-04114,14500000,40000
R16-04115,151930000,600000
R16-04116,56960000,150000
R16-04117,76650000,300000
R16-04118,32110000,60000
R16-04119,20510000,60000
R16-04120,91020000,300000
R16-04121,114180000,300000
R16-04122,50690000,150000
R16-04123,36160000,150000
R16-04124,92480000,300000
R16-04125,102040000,300000
R16-04126,67230000,300000
