고객ID,타사이전금액,혜택금액
R29-00000,22260000,60000
R29-00001,103300000,300000
R29-00002,23670000,60000
R29-00003,43800000,150000
R29-00004,25100000,60000
R29-00005,31440000,60000
R29-00006,32250000,60000
R29-00007,4000000,0
R29-00008,83130000,300000
R29-00009,51810000,150000
R29-00010,51090000,150000
R29-00011,54860000,150000
R29-00012,120240000,300000
R29-00013,35920000,150000
R29-00014,38100000,150000
R29-00015,29370000,60000
R29-00016,56470000,150000
R29-00017,32400000,60000
R29-00018,151680000,600000
R29-00019,11620000,40000
R29-00020,33430000,150000
R29-00021,52790000,150000
R29-00022,2500000,0
R29-00023,45280000,150000
R29-00024,98280000,300000
R29-00025,72430000,300000
R29-00026,23060000,60000
R29-00027,82720000,300000
R29-00028,13920000,40000
R29-00029,55260000,150000
R29-00030,38170000,150000
R29-00031,6070000,20000
R29-00032,35700000,150000
R29-00033,31400000,60000
R29-00034,51520000,150000
R29-00035,82570000,300000
R29-00036,21700000,60000
R29-00037,5470000,20000
R29-00038,146520000,600000
R29-00039,74230000,300000
R29-00040,23380000,60000
R29-00041,95170000,300000
R29-00042,19070000,40000
R29-00043,7000000,20000
R29-00044,18300000,40000
R29-00045,15860000,40000
R29-00046,12930000,40000
R29-00047,52650000,150000
R29-00048,34280000,150000
R29-00049,171410000,600000
R29-00050,64780000,150000
R29-00051,43830000,150000
R29-00052,1900000,0
R29-00053,15690000,40000
R29-00054,34470000,150000
R29-00055,114170000,300000
R29-00056,75100000,300000
R29-00057,31800000,60000
R29-00058,112050000,300000
R29-00059,72190000,300000
R29-00060,145470000,600000
R29-00061,84180000,300000
R29-00062,2260000,0
R29-00063,44040000,150000
R29-00064,33990000,150000
R29-00065,27860000,60000
R29-00066,126960000,300000
R29-00067,154910000,600000
R29-00068,23250000,60000
R29-00069,13510000,40000
R29-00070,47790000,150000
R29-00071,11480000,40000
R29-00072,52120000,150000
R29-00073,8050000,20000
R29-00074,83690000,300000
R29-00075,4180000,0
R29-00076,23520000,60000
R29-00077,93080000,300000
R29-00078,56610000,150000
R29-00079,3840000,0
R29-00080,42370000,150000
R29-00081,15830000,40000
R29-00082,4630000,0
R29-00083,1310000,0
R29-00084,55280000,150000
R29-00085,21890000,60000
R29-00086,132380000,300000
R29-00087,25580000,60000
R29-00088,34720000,150000
R29-00089,47720000,150000
R29-00090,55570000,150000
R29-00091,14670000,40000
R29-00092,15240000,40000
R29-00093,4390000,0
R29-00094,40870000,150000
R29-00095,5100000,20000
R29-00096,21770000,60000
R29-00097,74480000,300000
R29-00098,13400000,40000
R29-00099,69440000,300000
R29-00100,33940000,150000
R29-00101,25200000,60000
R29-00102,56730000,150000
R29-00103,113480000,300000
R29-00104,1640000,0
R29-00105,66280000,150000
R29-00106,46980000,150000
R29-00107,42940000,150000
R29-00108,2110000,0
R29-00109,32130000,60000
R29-00110,63190000,150000
R29-00111,113020000,300000
R29-00112,24420000,60000
R29-00113,107910000,300000
R29-00114,92320000,300000
R29-00115,46140000,150000
R29-00116,1050000,0
R29-00117,82220000,300000
R29-00118,12200000,40000
R29-00119,63670000,150000
R29-00120,83750000,300000
R29-00121,74800000,300000
R29-00122,32520000,60000
R29-00123,101790000,300000
R29-00124,48220000,150000
R29-00125,14630000,40000
R29-00126,23830000,60000
R29-00127,3640000,0
R29-00128,6640000,20000
R29-00129,48140000,150000
R29-00130,33410000,150000
R29-00131,60610000,150000
R29-00132,35780000,150000
R29-00133,22250000,60000
R29-00134,4230000,0
R29-00135,6290000,20000
R29-00136,37380000,150000
R29-00137,12080000,40000
R29-00138,3450000,0
R29-00139,41610000,150000
R29-00140,12690000,40000
R29-00141,51870000,150000
R29-00142,7530000,20000
R29-00143,36170000,150000
R29-00144,14760000,40000
R29-00145,66490000,150000
R29-00146,124510000,300000
R29-00147,12090000,40000
R29-00148,30140000,60000
R29-00149,12710000,40000
R29-00150,44570000,150000
R29-00151,41200000,150000
R29-00152,52780000,150000
R29-00153,94020000,300000
R29-00154,94160000,300000
R29-00155,63030000,150000
R29-00156,1820000,0
R29-00157,20200000,60000
R29-00158,85310000,300000
R29-00159,44460000,150000
R29-00160,43710000,150000
R29-00161,2670000,0
R29-00162,53380000,150000
R29-00163,2620000,0
R29-00164,122080000,300000
R29-00165,53540000,150000
R29-00166,36270000,150000
R29-00167,31830000,60000
R29-00168,60840000,150000
R29-00169,35400000,150000
R29-00170,98640000,300000
R29-00171,43180000,150000
R29-00172,61600000,150000
R29-00173,227340000,1000000
R29-00174,42260000,150000
R29-00175,2520000,0
R29-00176,67540000,300000
R29-00177,43410000,150000
R29-00178,13600000,40000
R29-00179,104500000,300000
R29-00180,42150000,150000
R29-00181,5870000,20000
R29-00182,42390000,150000
R29-00183,42980000,150000
R29-00184,31970000,60000
R29-00185,33510000,150000
R29-00186,34280000,150000
R29-00187,46000000,150000
R29-00188,62420000,150000
R29-00189,2380000,0
R29-00190,24350000,60000
R29-00191,4830000,0
R29-00192,1720000,0
R29-00193,62350000,150000
R29-00194,41600000,150000
R29-00195,5290000,20000
R29-00196,45950000,150000
R29-00197,2480000,0
R29-00198,22880000,60000
R29-00199,12070000,40000
R29-00200,28850000,60000
R29-00201,5440000,20000
R29-00202,2830000,0
R29-00203,26290000,60000
R29-00204,3050000,0
R29-00205,17110000,40000
R29-00206,5690000,20000
R29-00207,11290000,40000
R29-00208,43220000,150000
R29-00209,141500000,600000
R29-00210,44290000,150000
R29-00211,41810000,150000
R29-00212,3030000,0
R29-00213,52510000,150000
R29-00214,40220000,150000
R29-00215,128620000,300000
R29-00216,16390000,40000
R29-00217,33780000,150000
R29-00218,2180000,0
R29-00219,42660000,150000
R29-00220,8250000,20000
R29-00221,47630000,150000
R29-00222,34250000,150000
R29-00223,29340000,60000
R29-00224,17410000,40000
R29-00225,45540000,150000
R29-00226,25980000,60000
R29-00227,87050000,300000
R29-00228,7930000,20000
R29-00229,2710000,0
R29-00230,2430000,0
R29-00231,55210000,150000
R29-00232,1990000,0
R29-00233,2400000,0
R29-00234,68860000,300000
R29-00235,2700000,0
R29-00236,43510000,150000
R29-00237,51980000,150000
R29-00238,55030000,150000
R29-00239,60550000,150000
R29-00240,70790000,300000
R29-00241,91660000,300000
R29-00242,143180000,600000
R29-00243,37130000,150000
R29-00244,25180000,60000
R29-00245,16040000,40000
R29-00246,90590000,300000
R29-00247,13430000,40000
R29-00248,35690000,150000
R29-00249,2430000,0
R29-00250,22270000,60000
R29-00251,4630000,0
R29-00252,94080000,300000
R29-00253,117270000,300000
R29-00254,42630000,150000
R29-00255,32030000,60000
R29-00256,60620000,150000
R29-00257,51290000,150000
R29-00258,91050000,300000
R29-00259,72790000,300000
R29-00260,36050000,150000
R29-00261,26510000,60000
R29-00262,3840000,0
R29-00263,75060000,300000
R29-00264,14090000,40000
R29-00265,40080000,150000
R29-00266,22880000,60000
R29-00267,32970000,60000
R29-00268,1940000,0
R29-00269,34600000,150000
R29-00270,64390000,150000
R29-00271,125630000,300000
R29-00272,55510000,150000
R29-00273,64890000,150000
R29-00274,37370000,150000
R29-00275,63250000,150000
R29-00276,55730000,150000
R29-00277,2480000,0
R29-00278,5710000,20000
R29-00279,90630000,300000
R29-00280,147790000,600000
R29-00281,51070000,150000
R29-00282,67940000,300000
R29-00283,4510000,0
R29-00284,44800000,150000
R29-00285,23850000,60000
R29-00286,12120000,40000
R29-00287,75070000,300000
R29-00288,83030000,300000
R29-00289,12860000,40000
R29-00290,48430000,150000
R29-00291,103180000,300000
R29-00292,116120000,300000
R29-00293,70950000,300000
R29-00294,52930000,150000
R29-00295,2300000,0
R29-00296,29360000,60000
R29-00297,52110000,150000
R29-00298,45820000,150000
R29-00299,33900000,150000
R29-00300,43840000,150000
R29-00301,7210000,20000
R29-00302,42070000,150000
R29-00303,106690000,300000
R29-00304,15610000,40000
R29-00305,23330000,60000
R29-00306,101010000,300000
R29-00307,33230000,60000
R29-00308,40370000,150000
R29-00309,54690000,150000
R29-00310,21410000,60000
R29-00311,36880000,150000
R29-00312,43520000,150000
R29-00313,152030000,600000
R29-00314,24350000,60000
R29-00315,41540000,150000
R29-00316,52380000,150000
R29-00317,67080000,300000
R29-00318,13100000,40000
R29-00319,32090000,60000
R29-00320,13820000,40000
R29-00321,93930000,300000
R29-00322,44200000,150000
R29-00323,112150000,300000
R29-00324,21590000,60000
R29-00325,13090000,40000
R29-00326,22560000,60000
R29-00327,66000000,150000
R29-00328,23700000,60000
R29-00329,83520000,300000
R29-00330,52300000,150000
R29-00331,50850000,150000
R29-00332,91690000,300000
R29-00333,104800000,300000
R29-00334,84870000,300000
R29-00335,21950000,60000
R29-00336,82160000,300000
R29-00337,23080000,60000
R29-00338,12440000,40000
R29-00339,3420000,0
R29-00340,16010000,40000
R29-00341,21600000,60000
R29-00342,101840000,300000
R29-00343,3200000,0
R29-00344,22170000,60000
R29-00345,23950000,60000
R29-00346,40380000,150000
R29-00347,72470000,300000
R29-00348,56650000,150000
R29-00349,38430000,150000
R29-00350,35690000,150000
R29-00351,22800000,60000
R29-00352,81480000,300000
R29-00353,23530000,60000
R29-00354,11630000,40000
R29-00355,36230000,150000
R29-00356,53030000,150000
R29-00357,33500000,150000
R29-00358,35210000,150000
R29-00359,61770000,150000
R29-00360,94940000,300000
R29-00361,51690000,150000
R29-00362,20780000,60000
R29-00363,32050000,60000
R29-00364,71890000,300000
R29-00365,1750000,0
R29-00366,75340000,300000
R29-00367,64500000,150000
R29-00368,14570000,40000
R29-00369,63270000,150000
R29-00370,18450000,40000
R29-00371,24210000,60000
R29-00372,73200000,300000
R29-00373,8160000,20000
R29-00374,74700000,300000
R29-00375,64050000,150000
R29-00376,111560000,300000
R29-00377,88770000,300000
R29-00378,42090000,150000
R29-00379,75670000,300000
R29-00380,12190000,40000
R29-00381,37420000,150000
R29-00382,62320000,150000
R29-00383,51030000,150000
R29-00384,26690000,60000
R29-00385,43390000,150000
R29-00386,54940000,150000
R29-00387,91320000,300000
R29-00388,79020000,300000
R29-00389,32600000,60000
R29-00390,62660000,150000
R29-00391,54100000,150000
R29-00392,62410000,150000
R29-00393,42100000,150000
R29-00394,54140000,150000
R29-00395,64050000,150000
R29-00396,6950000,20000
R29-00397,65150000,150000
R29-00398,63300000,150000
R29-00399,45610000,150000
R29-00400,63580000,150000
R29-00401,57830000,150000
R29-00402,34830000,150000
R29-00403,4900000,0
R29-00404,32010000,60000
R29-00405,38720000,150000
R29-00406,3580000,0
R29-00407,24440000,60000
R29-00408,28930000,60000
R29-00409,31860000,60000
R29-00410,34690000,150000
R29-00411,11480000,40000
R29-00412,52080000,150000
R29-00413,14250000,40000
R29-00414,61990000,150000
R29-00415,65830000,150000
R29-00416,32990000,60000
R29-00417,27460000,60000
R29-00418,92260000,300000
R29-00419,23570000,60000
R29-00420,86060000,300000
R29-00421,80740000,300000
R29-00422,74650000,300000
R29-00423,23060000,60000
R29-00424,61790000,150000
R29-00425,95110000,300000
R29-00426,71610000,300000
R29-00427,133820000,600000
R29-00428,72070000,300000
R29-00429,12820000,40000
R29-00430,32160000,60000
R29-00431,23340000,60000
R29-00432,3400000,0
R29-00433,53480000,150000
R29-00434,23790000,60000
R29-00435,82160000,300000
R29-00436,57750000,150000
R29-00437,4550000,0
R29-00438,32990000,60000
R29-00439,55290000,150000
R29-00440,33430000,150000
R29-00441,106270000,300000
R29-00442,43530000,150000
R29-00443,11010000,40000
R29-00444,19120000,40000
R29-00445,5370000,20000
R29-00446,23490000,60000
R29-00447,65210000,150000
R29-00448,21650000,60000
R29-00449,50280000,150000
R29-00450,21400000,60000
R29-00451,101860000,300000
R29-00452,1700000,0
R29-00453,21770000,60000
R29-00454,81680000,300000
R29-00455,42280000,150000
R29-00456,24810000,60000
R29-00457,6050000,20000
R29-00458,36590000,150000
R29-00459,28660000,60000
R29-00460,52660000,150000
R29-00461,19170000,40000
R29-00462,82670000,300000
R29-00463,52230000,150000
R29-00464,31460000,60000
R29-00465,44160000,150000
R29-00466,6580000,20000
R29-00467,122120000,300000
R29-00468,144780000,600000
R29-00469,52400000,150000
R29-00470,43040000,150000
R29-00471,51320000,150000
R29-00472,31270000,60000
R29-00473,43460000,150000
R29-00474,46060000,150000
R29-00475,16730000,40000
R29-00476,2920000,0
R29-00477,43840000,150000
R29-00478,58260000,150000
R29-00479,650000,0
R29-00480,94230000,300000
R29-00481,105010000,300000
R29-00482,71100000,300000
R29-00483,45940000,150000
R29-00484,3290000,0
R29-00485,82400000,300000
R29-00486,64030000,150000
R29-00487,81380000,300000
R29-00488,26390000,60000
R29-00489,13030000,40000
R29-00490,21950000,60000
R29-00491,1240000,0
R29-00492,51510000,150000
R29-00493,6190000,20000
R29-00494,3730000,0
R29-00495,26220000,60000
R29-00496,32270000,60000
R29-00497,4540000,0
R29-00498,64890000,150000
R29-00499,26330000,60000
R29-00500,8720000,20000
R29-00501,24520000,60000
R29-00502,73450000,300000
R29-00503,62390000,150000
R29-00504,7920000,20000
R29-00505,91180000,300000
R29-00506,12570000,40000
R29-00507,14200000,40000
R29-00508,124790000,300000
R29-00509,73680000,300000
R29-00510,24800000,60000
R29-00511,22530000,60000
R29-00512,23350000,60000
R29-00513,85760000,300000
R29-00514,65090000,150000
R29-00515,83710000,300000
R29-00516,52180000,150000
R29-00517,98130000,300000
R29-00518,36010000,150000
R29-00519,73560000,300000
R29-00520,67200000,300000
R29-00521,31910000,60000
R29-00522,5020000,20000
R29-00523,65070000,150000
R29-00524,53450000,150000
R29-00525,66670000,300000
R29-00526,30820000,60000
R29-00527,33260000,60000
R29-00528,4770000,0
R29-00529,12220000,40000
R29-00530,24160000,60000
R29-00531,77110000,300000
R29-00532,26540000,60000
R29-00533,25370000,60000
R29-00534,97010000,300000
R29-00535,5090000,20000
R29-00536,13320000,40000
R29-00537,45300000,150000
R29-00538,64730000,150000
R29-00539,11670000,40000
R29-00540,14300000,40000
R29-00541,1520000,0
R29-00542,28070000,60000
R29-00543,42490000,150000
R29-00544,3170000,0
R29-00545,2770000,0
R29-00546,38140000,150000
R29-00547,10680000,40000
R29-00548,87830000,300000
R29-00549,26600000,60000
R29-00550,2380000,0
R29-00551,27640000,60000
R29-00552,35870000,150000
R29-00553,21880000,60000
R29-00554,24510000,60000
R29-00555,11600000,40000
R29-00556,4900000,0
R29-00557,5680000,20000
R29-00558,96100000,300000
R29-00559,42680000,150000
R29-00560,24390000,60000
R29-00561,1300000,0
R29-00562,116990000,300000
R29-00563,41180000,150000
R29-00564,84990000,300000
R29-00565,940000,0
R29-00566,39760000,150000
R29-00567,51510000,150000
R29-00568,70280000,300000
R29-00569,42840000,150000
R29-00570,42350000,150000
R29-00571,8780000,20000
R29-00572,2520000,0
R29-00573,4340000,0
R29-00574,112510000,300000
R29-00575,61670000,150000
R29-00576,105860000,300000
R29-00577,24930000,60000
R29-00578,112390000,300000
R29-00579,1610000,0
R29-00580,43910000,150000
R29-00581,6840000,20000
R29-00582,31740000,60000
R29-00583,44730000,150000
R29-00584,15110000,40000
R29-00585,21210000,60000
R29-00586,25300000,60000
R29-00587,126040000,300000
R29-00588,11790000,40000
R29-00589,22360000,60000
R29-00590,4830000,0
R29-00591,10960000,40000
R29-00592,128710000,300000
R29-00593,44780000,150000
R29-00594,63150000,150000
R29-00595,14240000,40000
R29-00596,175590000,600000
R29-00597,101420000,300000
R29-00598,22450000,60000
R29-00599,3570000,0
R29-00600,51100000,150000
R29-00601,64910000,150000
R29-00602,83190000,300000
R29-00603,25870000,60000
R29-00604,74470000,300000
R29-00605,25980000,60000
R29-00606,25830000,60000
R29-00607,81020000,300000
R29-00608,46110000,150000
R29-00609,52890000,150000
R29-00610,63530000,150000
R29-00611,37610000,150000
R29-00612,3000000,0
R29-00613,31540000,60000
R29-00614,85060000,300000
R29-00615,51360000,150000
R29-00616,16980000,40000
R29-00617,45320000,150000
R29-00618,68400000,300000
R29-00619,14500000,40000
R29-00620,21600000,60000
R29-00621,56340000,150000
R29-00622,16030000,40000
R29-00623,140880000,600000
R29-00624,54280000,150000
R29-00625,66120000,150000
R29-00626,45200000,150000
R29-00627,25310000,60000
R29-00628,2980000,0
R29-00629,87450000,300000
R29-00630,2210000,0
R29-00631,610000,0
R29-00632,42760000,150000
R29-00633,111850000,300000
R29-00634,145630000,600000
R29-00635,88840000,300000
R29-00636,53620000,150000
R29-00637,132240000,300000
R29-00638,25660000,60000
R29-00639,45810000,150000
R29-00640,73360000,300000
R29-00641,232290000,1000000
R29-00642,700000,0
R29-00643,83660000,300000
R29-00644,9390000,20000
R29-00645,4650000,0
R29-00646,13220000,40000
R29-00647,2380000,0
R29-00648,14180000,40000
R29-00649,36480000,150000
R29-00650,37410000,150000
R29-00651,96820000,300000
R29-00652,17250000,40000
R29-00653,11110000,40000
R29-00654,12100000,40000
R29-00655,106420000,300000
R29-00656,43620000,150000
R29-00657,40790000,150000
R29-00658,24990000,60000
R29-00659,15320000,40000
R29-00660,25390000,60000
R29-00661,46960000,150000
R29-00662,13210000,40000
R29-00663,66260000,150000
R29-00664,53860000,150000
R29-00665,71980000,300000
R29-00666,71360000,300000
R29-00667,21730000,60000
R29-00668,4950000,0
R29-00669,3790000,0
R29-00670,41080000,150000
R29-00671,14540000,40000
R29-00672,61350000,150000
R29-00673,8910000,20000
R29-00674,67630000,300000
R29-00675,15130000,40000
R29-00676,46660000,150000
R29-00677,2550000,0
R29-00678,37680000,150000
R29-00679,2150000,0
R29-00680,23730000,60000
R29-00681,51960000,150000
R29-00682,82620000,300000
R29-00683,34390000,150000
R29-00684,20870000,60000
R29-00685,102590000,300000
R29-00686,48500000,150000
R29-00687,43610000,150000
R29-00688,4300000,0
R29-00689,36440000,150000
R29-00690,5650000,20000
R29-00691,58240000,150000
R29-00692,7740000,20000
R29-00693,83000000,300000
R29-00694,17340000,40000
R29-00695,24410000,60000
R29-00696,3070000,0
R29-00697,34530000,150000
R29-00698,12670000,40000
R29-00699,54240000,150000
R29-00700,76480000,300000
R29-00701,12400000,40000
R29-00702,65330000,150000
R29-00703,47490000,150000
R29-00704,23420000,60000
R29-00705,23100000,60000
R29-00706,51410000,150000
R29-00707,15820000,40000
R29-00708,27210000,60000
R29-00709,23620000,60000
R29-00710,51970000,150000
R29-00711,66080000,150000
R29-00712,47480000,150000
R29-00713,64420000,150000
R29-00714,52210000,150000
R29-00715,42470000,150000
R29-00716,13390000,40000
R29-00717,71570000,300000
R29-00718,4110000,0
R29-00719,33470000,150000
R29-00720,92560000,300000
R29-00721,48910000,150000
R29-00722,13930000,40000
R29-00723,21600000,60000
R29-00724,24830000,60000
R29-00725,73910000,300000
R29-00726,15750000,40000
R29-00727,64690000,150000
R29-00728,22600000,60000
R29-00729,44000000,150000
R29-00730,14800000,40000
R29-00731,63110000,150000
R29-00732,82530000,300000
R29-00733,31740000,60000
R29-00734,102810000,300000
R29-00735,6570000,20000
R29-00736,43080000,150000
R29-00737,52080000,150000
R29-00738,130800000,300000
R29-00739,67840000,300000
R29-00740,23420000,60000
R29-00741,12720000,40000
R29-00742,5370000,20000
R29-00743,27020000,60000
R29-00744,4990000,0
R29-00745,33500000,150000
R29-00746,13960000,40000
R29-00747,72780000,300000
R29-00748,115450000,300000
R29-00749,31200000,60000
R29-00750,3880000,0
R29-00751,78080000,300000
R29-00752,3970000,0
R29-00753,32090000,60000
R29-00754,5490000,20000
R29-00755,24690000,60000
R29-00756,5320000,20000
R29-00757,121280000,300000
R29-00758,67940000,300000
R29-00759,72910000,300000
R29-00760,15090000,40000
R29-00761,2040000,0
R29-00762,51620000,150000
R29-00763,70810000,300000
R29-00764,141960000,600000
R29-00765,124570000,300000
R29-00766,35550000,150000
R29-00767,51670000,150000
R29-00768,45150000,150000
R29-00769,32020000,60000
R29-00770,31630000,60000
R29-00771,25280000,60000
R29-00772,21890000,60000
R29-00773,2970000,0
R29-00774,52070000,150000
R29-00775,24780000,60000
R29-00776,4420000,0
R29-00777,135650000,600000
R29-00778,86280000,300000
R29-00779,61640000,150000
R29-00780,47860000,150000
R29-00781,133500000,600000
R29-00782,44010000,150000
R29-00783,15160000,40000
R29-00784,41570000,150000
R29-00785,37120000,150000
R29-00786,72520000,300000
R29-00787,33730000,150000
R29-00788,17730000,40000
R29-00789,13740000,40000
R29-00790,13070000,40000
R29-00791,82190000,300000
R29-00792,62400000,150000
R29-00793,45150000,150000
R29-00794,23180000,60000
R29-00795,34730000,150000
R29-00796,62380000,150000
R29-00797,52460000,150000
R29-00798,68020000,300000
R29-00799,67110000,300000
R29-00800,92120000,300000
R29-00801,142080000,600000
R29-00802,75090000,300000
R29-00803,12830000,40000
R29-00804,88270000,300000
R29-00805,11550000,40000
R29-00806,68000000,300000
R29-00807,7570000,20000
R29-00808,23030000,60000
R29-00809,71560000,300000
R29-00810,29290000,60000
R29-00811,23800000,60000
R29-00812,28200000,60000
R29-00813,63660000,150000
R29-00814,33800000,150000
R29-00815,5020000,20000
R29-00816,64510000,150000
R29-00817,10490000,40000
R29-00818,11620000,40000
R29-00819,152740000,600000
R29-00820,46640000,150000
R29-00821,97230000,300000
R29-00822,6790000,20000
R29-00823,23620000,60000
R29-00824,41450000,150000
R29-00825,770000,0
R29-00826,32570000,60000
R29-00827,28170000,60000
R29-00828,36110000,150000
R29-00829,22470000,60000
R29-00830,23580000,60000
R29-00831,16800000,40000
R29-00832,3310000,0
R29-00833,54170000,150000
R29-00834,3460000,0
R29-00835,3340000,0
R29-00836,12150000,40000
R29-00837,54350000,150000
R29-00838,41360000,150000
R29-00839,26960000,60000
R29-00840,15620000,40000
R29-00841,54390000,150000
R29-00842,3170000,0
R29-00843,61100000,150000
R29-00844,15190000,40000
R29-00845,72370000,300000
R29-00846,121730000,300000
R29-00847,41450000,150000
R29-00848,81900000,300000
R29-00849,20520000,60000
R29-00850,11870000,40000
R29-00851,48230000,150000
R29-00852,45450000,150000
R29-00853,38320000,150000
R29-00854,32670000,60000
R29-00855,14550000,40000
R29-00856,43980000,150000
R29-00857,22360000,60000
R29-00858,23620000,60000
R29-00859,77140000,300000
R29-00860,86030000,300000
R29-00861,56400000,150000
R29-00862,94420000,300000
R29-00863,86320000,300000
R29-00864,23670000,60000
R29-00865,64940000,150000
R29-00866,80920000,300000
R29-00867,34850000,150000
R29-00868,65740000,150000
R29-00869,40920000,150000
R29-00870,47440000,150000
R29-00871,3330000,0
R29-00872,16920000,40000
R29-00873,64930000,150000
R29-00874,33080000,60000
R29-00875,2000000,0
R29-00876,37160000,150000
R29-00877,50280000,150000
R29-00878,132440000,300000
R29-00879,71270000,300000
R29-00880,21320000,60000
R29-00881,3200000,0
R29-00882,15190000,40000
R29-00883,112210000,300000
R29-00884,33560000,150000
R29-00885,35960000,150000
R29-00886,71580000,300000
R29-00887,15930000,40000
R29-00888,37370000,150000
R29-00889,55690000,150000
R29-00890,11820000,40000
R29-00891,13960000,40000
R29-00892,62380000,150000
R29-00893,45220000,150000
R29-00894,103110000,300000
R29-00895,12720000,40000
R29-00896,2000000,0
R29-00897,1570000,0
R29-00898,25900000,60000
R29-00899,70500000,300000
R29-00900,31700000,60000
R29-00901,70770000,300000
R29-00902,92080000,300000
R29-00903,26720000,60000
R29-00904,84400000,300000
R29-00905,24300000,60000
R29-00906,62340000,150000
R29-00907,2790000,0
R29-00908,71530000,300000
R29-00909,74950000,300000
R29-00910,11390000,40000
R29-00911,15110000,40000
R29-00912,66020000,150000
R29-00913,64700000,150000
R29-00914,2760000,0
R29-00915,110730000,300000
R29-00916,92610000,300000
R29-00917,31180000,60000
R29-00918,94010000,300000
R29-00919,3840000,0
R29-00920,1160000,0
R29-00921,6870000,20000
R29-00922,95590000,300000
R29-00923,52570000,150000
R29-00924,38380000,150000
R29-00925,22400000,60000
R29-00926,66750000,300000
R29-00927,24970000,60000
R29-00928,75160000,300000
R29-00929,23700000,60000
R29-00930,22950000,60000
R29-00931,13880000,40000
R29-00932,40930000,150000
R29-00933,4280000,0
R29-00934,76630000,300000
R29-00935,16210000,40000
R29-00936,23940000,60000
R29-00937,91020000,300000
R29-00938,62410000,150000
R29-00939,2550000,0
R29-00940,35480000,150000
R29-00941,40870000,150000
R29-00942,101410000,300000
R29-00943,46540000,150000
R29-00944,6710000,20000
R29-00945,41500000,150000
R29-00946,24210000,60000
R29-00947,31950000,60000
R29-00948,2930000,0
R29-00949,24840000,60000
R29-00950,23350000,60000
R29-00951,85240000,300000
R29-00952,65360000,150000
R29-00953,6780000,20000
R29-00954,42460000,150000
R29-00955,66320000,150000
R29-00956,51740000,150000
R29-00957,104590000,300000
R29-00958,60510000,150000
R29-00959,52860000,150000
R29-00960,31490000,60000
R29-00961,136410000,600000
R29-00962,67740000,300000
R29-00963,42280000,150000
R29-00964,42260000,150000
R29-00965,4020000,0
R29-00966,53610000,150000
R29-00967,5750000,20000
R29-00968,23030000,60000
R29-00969,2150000,0
R29-00970,1820000,0
R29-00971,55230000,150000
R29-00972,3580000,0
R29-00973,68530000,300000
R29-00974,56570000,150000
R29-00975,23920000,60000
R29-00976,4410000,0
R29-00977,95180000,300000
R29-00978,73440000,300000
R29-00979,54230000,150000
R29-00980,63130000,150000
R29-00981,46730000,150000
R29-00982,14260000,40000
R29-00983,3600000,0
R29-00984,22380000,60000
R29-00985,16920000,40000
R29-00986,86760000,300000
R29-00987,73690000,300000
R29-00988,62010000,150000
R29-00989,34180000,150000
R29-00990,15580000,40000
R29-00991,91810000,300000
R29-00992,95560000,300000
R29-00993,12380000,40000
R29-00994,33530000,150000
R29-00995,2430000,0
R29-00996,75550000,300000
R29-00997,3670000,0
R29-00998,52200000,150000
R29-00999,43910000,150000
R29-01000,37280000,150000
R29-01001,61440000,150000
R29-01002,12870000,40000
R29-01003,55720000,150000
R29-01004,94480000,300000
R29-01005,28820000,60000
R29-01006,60840000,150000
R29-01007,6660000,20000
R29-01008,24780000,60000
R29-01009,22640000,60000
R29-01010,52620000,150000
R29-01011,27000000,60000
R29-01012,44570000,150000
R29-01013,25640000,60000
R29-01014,52880000,150000
R29-01015,55910000,150000
R29-01016,23040000,60000
R29-01017,23890000,60000
R29-01018,11360000,40000
R29-01019,7480000,20000
R29-01020,68490000,300000
R29-01021,85260000,300000
R29-01022,3280000,0
R29-01023,14580000,40000
R29-01024,44000000,150000
R29-01025,76120000,300000
R29-01026,36570000,150000
R29-01027,50740000,150000
R29-01028,2730000,0
R29-01029,19210000,40000
R29-01030,4530000,0
R29-01031,44740000,150000
R29-01032,43820000,150000
R29-01033,1380000,0
R29-01034,99470000,300000
R29-01035,43350000,150000
R29-01036,15570000,40000
R29-01037,17580000,40000
R29-01038,51270000,150000
R29-01039,28040000,60000
R29-01040,72490000,300000
R29-01041,137770000,600000
R29-01042,10710000,40000
R29-01043,13740000,40000
R29-01044,73450000,300000
R29-01045,49480000,150000
R29-01046,1080000,0
R29-01047,8150000,20000
R29-01048,41260000,150000
R29-01049,151080000,600000
R29-01050,92370000,300000
R29-01051,18110000,40000
R29-01052,63620000,150000
R29-01053,87290000,300000
R29-01054,800000,0
R29-01055,15820000,40000
R29-01056,44070000,150000
R29-01057,5910000,20000
R29-01058,4560000,0
R29-01059,2810000,0
R29-01060,3760000,0
R29-01061,31210000,60000
R29-01062,71310000,300000
R29-01063,42110000,150000
R29-01064,1290000,0
R29-01065,16350000,40000
R29-01066,11320000,40000
R29-01067,35250000,150000
R29-01068,52990000,150000
R29-01069,43700000,150000
R29-01070,62400000,150000
R29-01071,13010000,40000
R29-01072,36850000,150000
R29-01073,41480000,150000
R29-01074,4690000,0
R29-01075,89090000,300000
R29-01076,18180000,40000
R29-01077,15100000,40000
R29-01078,118160000,300000
R29-01079,34180000,150000
R29-01080,74210000,300000
R29-01081,85920000,300000
R29-01082,103030000,300000
R29-01083,3980000,0
R29-01084,35070000,150000
R29-01085,20500000,60000
R29-01086,96650000,300000
R29-01087,94990000,300000
R29-01088,13440000,40000
R29-01089,15750000,40000
R29-01090,2370000,0
R29-01091,22720000,60000
R29-01092,66860000,300000
R29-01093,22250000,60000
R29-01094,96320000,300000
R29-01095,41820000,150000
R29-01096,4490000,0
R29-01097,1130000,0
R29-01098,45010000,150000
R29-01099,770000,0
R29-01100,25890000,60000
R29-01101,75620000,300000
R29-01102,94840000,300000
R29-01103,85170000,300000
R29-01104,63960000,150000
R29-01105,13300000,40000
R29-01106,92580000,300000
R29-01107,7760000,20000
R29-01108,11440000,40000
R29-01109,45220000,150000
R29-01110,2290000,0
R29-01111,94580000,300000
R29-01112,102790000,300000
R29-01113,38610000,150000
R29-01114,51570000,150000
R29-01115,111460000,300000
R29-01116,64140000,150000
R29-01117,112270000,300000
R29-01118,1240000,0
R29-01119,43350000,150000
R29-01120,21100000,60000
R29-01121,24220000,60000
R29-01122,42110000,150000
R29-01123,36160000,150000
R29-01124,25980000,60000
R29-01125,37060000,150000
R29-01126,20960000,60000
R29-01127,34360000,150000
R29-01128,35040000,150000
R29-01129,56500000,150000
R29-01130,40840000,150000
R29-01131,16650000,40000
R29-01132,43160000,150000
R29-01133,45410000,150000
R29-01134,12130000,40000
R29-01135,32500000,60000
R29-01136,31290000,60000
R29-01137,107220000,300000
R29-01138,16140000,40000
R29-01139,61670000,150000
R29-01140,2410000,0
R29-01141,830000,0
R29-01142,14030000,40000
R29-01143,15670000,40000
R29-01144,2680000,0
R29-01145,12910000,40000
R29-01146,41210000,150000
R29-01147,64780000,150000
R29-01148,35230000,150000
R29-01149,119340000,300000
R29-01150,13390000,40000
R29-01151,1180000,0
R29-01152,52690000,150000
R29-01153,48170000,150000
R29-01154,43520000,150000
R29-01155,46150000,150000
R29-01156,21630000,60000
R29-01157,18110000,40000
R29-01158,45560000,150000
R29-01159,116130000,300000
R29-01160,60860000,150000
R29-01161,42380000,150000
R29-01162,78210000,300000
R29-01163,81210000,300000
R29-01164,2040000,0
R29-01165,51550000,150000
R29-01166,43590000,150000
R29-01167,1460000,0
R29-01168,73770000,300000
R29-01169,33610000,150000
R29-01170,93030000,300000
R29-01171,62060000,150000
R29-01172,63280000,150000
R29-01173,14470000,40000
R29-01174,12820000,40000
R29-01175,40700000,150000
R29-01176,34440000,150000
R29-01177,33590000,150000
R29-01178,61750000,150000
R29-01179,81140000,300000
R29-01180,2210000,0
R29-01181,86420000,300000
R29-01182,2750000,0
R29-01183,22880000,60000
R29-01184,2640000,0
R29-01185,23970000,60000
R29-01186,100690000,300000
R29-01187,55530000,150000
R29-01188,62790000,150000
R29-01189,34290000,150000
R29-01190,3570000,0
R29-01191,60220000,150000
R29-01192,15010000,40000
R29-01193,23390000,60000
R29-01194,44550000,150000
R29-01195,59180000,150000
R29-01196,7270000,20000
R29-01197,22570000,60000
R29-01198,3470000,0
R29-01199,36580000,150000
R29-01200,61200000,150000
R29-01201,13560000,40000
R29-01202,22130000,60000
R29-01203,14020000,40000
R29-01204,65700000,150000
R29-01205,11500000,40000
R29-01206,52400000,150000
R29-01207,1730000,0
R29-01208,5960000,20000
R29-01209,119190000,300000
R29-01210,47030000,150000
R29-01211,2330000,0
R29-01212,14650000,40000
R29-01213,12310000,40000
R29-01214,73660000,300000
R29-01215,115500000,300000
R29-01216,2820000,0
R29-01217,28840000,60000
R29-01218,58300000,150000
R29-01219,47430000,150000
R29-01220,35070000,150000
R29-01221,42880000,150000
R29-01222,37480000,150000
R29-01223,84340000,300000
R29-01224,2830000,0
R29-01225,27150000,60000
R29-01226,4580000,0
R29-01227,34870000,150000
R29-01228,6680000,20000
R29-01229,53500000,150000
R29-01230,103890000,300000
R29-01231,41890000,150000
R29-01232,113400000,300000
R29-01233,46100000,150000
R29-01234,2230000,0
R29-01235,37990000,150000
R29-01236,62120000,150000
R29-01237,13220000,40000
R29-01238,81190000,300000
R29-01239,83820000,300000
R29-01240,1130000,0
R29-01241,56380000,150000
R29-01242,29340000,60000
R29-01243,33480000,150000
R29-01244,65490000,150000
R29-01245,11690000,40000
R29-01246,42380000,150000
R29-01247,24510000,60000
R29-01248,28930000,60000
R29-01249,24500000,60000
R29-01250,57270000,150000
R29-01251,23330000,60000
R29-01252,23670000,60000
R29-01253,54240000,150000
R29-01254,27310000,60000
R29-01255,113850000,300000
R29-01256,11010000,40000
R29-01257,960000,0
R29-01258,89780000,300000
R29-01259,124210000,300000
R29-01260,14610000,40000
R29-01261,72170000,300000
R29-01262,20780000,60000
R29-01263,42900000,150000
R29-01264,36800000,150000
R29-01265,31760000,60000
R29-01266,54780000,150000
R29-01267,61290000,150000
R29-01268,41880000,150000
R29-01269,37770000,150000
R29-01270,43610000,150000
R29-01271,1100000,0
R29-01272,5440000,20000
R29-01273,17320000,40000
R29-01274,72060000,300000
R29-01275,74220000,300000
R29-01276,84500000,300000
R29-01277,54960000,150000
R29-01278,122830000,300000
R29-01279,40480000,150000
R29-01280,54540000,150000
R29-01281,36250000,150000
R29-01282,106520000,300000
R29-01283,52980000,150000
R29-01284,31820000,60000
R29-01285,53720000,150000
R29-01286,2240000,0
R29-01287,32410000,60000
R29-01288,5540000,20000
R29-01289,88900000,300000
R29-01290,6920000,20000
R29-01291,54620000,150000
R29-01292,24980000,60000
R29-01293,2120000,0
R29-01294,3710000,0
R29-01295,6670000,20000
R29-01296,45610000,150000
R29-01297,62360000,150000
R29-01298,83500000,300000
R29-01299,53770000,150000
R29-01300,55030000,150000
R29-01301,62140000,150000
R29-01302,26600000,60000
R29-01303,35560000,150000
R29-01304,43430000,150000
R29-01305,72690000,300000
R29-01306,221990000,1000000
R29-01307,31450000,60000
R29-01308,68020000,300000
R29-01309,11050000,40000
R29-01310,63270000,150000
R29-01311,650000,0
R29-01312,26710000,60000
R29-01313,74510000,300000
R29-01314,45520000,150000
R29-01315,2700000,0
R29-01316,1570000,0
R29-01317,12140000,40000
R29-01318,27110000,60000
R29-01319,72000000,300000
R29-01320,41020000,150000
R29-01321,22250000,60000
R29-01322,43000000,150000
R29-01323,153300000,600000
R29-01324,2990000,0
R29-01325,92390000,300000
R29-01326,54580000,150000
R29-01327,30840000,60000
R29-01328,14920000,40000
R29-01329,73700000,300000
R29-01330,101860000,300000
R29-01331,4310000,0
R29-01332,14560000,40000
R29-01333,11660000,40000
R29-01334,24430000,60000
R29-01335,27420000,60000
R29-01336,35940000,150000
R29-01337,10950000,40000
R29-01338,7220000,20000
R29-01339,42350000,150000
R29-01340,37080000,150000
R29-01341,32610000,60000
R29-01342,72280000,300000
R29-01343,61770000,150000
R29-01344,22900000,60000
R29-01345,74330000,300000
R29-01346,61240000,150000
R29-01347,36500000,150000
R29-01348,42990000,150000
R29-01349,52910000,150000
R29-01350,74170000,300000
R29-01351,35010000,150000
R29-01352,148170000,600000
R29-01353,44170000,150000
R29-01354,68480000,300000
R29-01355,34780000,150000
R29-01356,3820000,0
R29-01357,85780000,300000
R29-01358,62270000,150000
R29-01359,55360000,150000
R29-01360,43760000,150000
R29-01361,105280000,300000
R29-01362,14840000,40000
R29-01363,62890000,150000
R29-01364,46270000,150000
R29-01365,66420000,150000
R29-01366,7060000,20000
R29-01367,1190000,0
R29-01368,52480000,150000
R29-01369,45810000,150000
R29-01370,4060000,0
R29-01371,84520000,300000
R29-01372,103770000,300000
R29-01373,75390000,300000
R29-01374,52520000,150000
R29-01375,62260000,150000
R29-01376,23570000,60000
R29-01377,83260000,300000
R29-01378,5760000,20000
R29-01379,2420000,0
R29-01380,35170000,150000
R29-01381,69010000,300000
R29-01382,72400000,300000
R29-01383,106590000,300000
R29-01384,112620000,300000
R29-01385,125940000,300000
R29-01386,24670000,60000
R29-01387,32280000,60000
R29-01388,29260000,60000
R29-01389,33360000,150000
R29-01390,35200000,150000
R29-01391,51740000,150000
R29-01392,23240000,60000
R29-01393,50900000,150000
R29-01394,15810000,40000
R29-01395,95050000,300000
R29-01396,54790000,150000
R29-01397,84490000,300000
R29-01398,64610000,150000
R29-01399,480000,0
R29-01400,28200000,60000
R29-01401,2900000,0
R29-01402,64020000,150000
R29-01403,13880000,40000
R29-01404,111730000,300000
R29-01405,17090000,40000
R29-01406,81330000,300000
R29-01407,22400000,60000
R29-01408,1590000,0
R29-01409,8510000,20000
R29-01410,7120000,20000
R29-01411,1810000,0
R29-01412,2550000,0
R29-01413,42910000,150000
R29-01414,1890000,0
R29-01415,62800000,150000
R29-01416,13140000,40000
R29-01417,54620000,150000
R29-01418,32090000,60000
R29-01419,63510000,150000
R29-01420,3390000,0
R29-01421,53690000,150000
R29-01422,21360000,60000
R29-01423,72180000,300000
R29-01424,2680000,0
R29-01425,72220000,300000
R29-01426,88550000,300000
R29-01427,7430000,20000
R29-01428,21860000,60000
R29-01429,53990000,150000
R29-01430,36550000,150000
R29-01431,74000000,300000
R29-01432,11890000,40000
R29-01433,42040000,150000
R29-01434,92320000,300000
R29-01435,1550000,0
R29-01436,34800000,150000
R29-01437,126680000,300000
R29-01438,15200000,40000
R29-01439,107220000,300000
R29-01440,63490000,150000
R29-01441,25010000,60000
R29-01442,61930000,150000
R29-01443,34630000,150000
R29-01444,102030000,300000
R29-01445,3200000,0
R29-01446,74270000,300000
R29-01447,2900000,0
R29-01448,25000000,60000
R29-01449,1980000,0
R29-01450,61870000,150000
R29-01451,23370000,60000
R29-01452,93660000,300000
R29-01453,43550000,150000
R29-01454,3670000,0
R29-01455,17450000,40000
R29-01456,31590000,60000
R29-01457,36550000,150000
R29-01458,81590000,300000
R29-01459,28340000,60000
R29-01460,76170000,300000
R29-01461,12870000,40000
R29-01462,2050000,0
R29-01463,15020000,40000
R29-01464,33390000,150000
R29-01465,22240000,60000
R29-01466,82520000,300000
R29-01467,42690000,150000
R29-01468,34470000,150000
R29-01469,22500000,60000
R29-01470,21630000,60000
R29-01471,61270000,150000
R29-01472,25780000,60000
R29-01473,77410000,300000
R29-01474,13860000,40000
R29-01475,4090000,0
R29-01476,33430000,150000
R29-01477,122980000,300000
R29-01478,4940000,0
R29-01479,75590000,300000
R29-01480,15180000,40000
R29-01481,63460000,150000
R29-01482,86580000,300000
R29-01483,86860000,300000
R29-01484,3450000,0
R29-01485,53790000,150000
R29-01486,44180000,150000
R29-01487,37090000,150000
R29-01488,37230000,150000
R29-01489,21840000,60000
R29-01490,41320000,150000
R29-01491,49150000,150000
R29-01492,103100000,300000
R29-01493,93360000,300000
R29-01494,52350000,150000
R29-01495,47450000,150000
R29-01496,23620000,60000
R29-01497,24390000,60000
R29-01498,12850000,40000
R29-01499,11330000,40000
R29-01500,144180000,600000
R29-01501,32700000,60000
R29-01502,12310000,40000
R29-01503,93950000,300000
R29-01504,24260000,60000
R29-01505,2410000,0
R29-01506,21250000,60000
R29-01507,72120000,300000
R29-01508,7230000,20000
R29-01509,45550000,150000
R29-01510,84670000,300000
R29-01511,25940000,60000
R29-01512,71880000,300000
R29-01513,4070000,0
R29-01514,14620000,40000
R29-01515,22470000,60000
R29-01516,25330000,60000
R29-01517,36070000,150000
R29-01518,5780000,20000
R29-01519,35450000,150000
R29-01520,74860000,300000
R29-01521,23710000,60000
R29-01522,34150000,150000
R29-01523,33530000,150000
R29-01524,48070000,150000
R29-01525,151860000,600000
R29-01526,57670000,150000
R29-01527,71460000,300000
R29-01528,33890000,150000
R29-01529,2380000,0
R29-01530,56670000,150000
R29-01531,92960000,300000
R29-01532,41730000,150000
R29-01533,23380000,60000
R29-01534,6720000,20000
R29-01535,22940000,60000
R29-01536,33470000,150000
R29-01537,131950000,300000
R29-01538,112060000,300000
R29-01539,26680000,60000
R29-01540,22630000,60000
R29-01541,37900000,150000
R29-01542,64310000,150000
R29-01543,12260000,40000
R29-01544,41840000,150000
R29-01545,37510000,150000
R29-01546,44620000,150000
R29-01547,62310000,150000
R29-01548,46570000,150000
R29-01549,30920000,60000
R29-01550,4500000,0
R29-01551,1490000,0
R29-01552,66600000,150000
R29-01553,105310000,300000
R29-01554,74350000,300000
R29-01555,107720000,300000
R29-01556,51070000,150000
R29-01557,6090000,20000
R29-01558,60700000,150000
R29-01559,17330000,40000
R29-01560,54150000,150000
R29-01561,12650000,40000
R29-01562,11580000,40000
R29-01563,41530000,150000
R29-01564,27670000,60000
R29-01565,72430000,300000
R29-01566,58460000,150000
R29-01567,1190000,0
R29-01568,5230000,20000
R29-01569,126940000,300000
R29-01570,22840000,60000
R29-01571,12790000,40000
R29-01572,91830000,300000
R29-01573,57260000,150000
R29-01574,35020000,150000
R29-01575,37280000,150000
R29-01576,1080000,0
R29-01577,34580000,150000
R29-01578,32730000,60000
R29-01579,23340000,60000
R29-01580,123460000,300000
R29-01581,32600000,60000
R29-01582,32670000,60000
R29-01583,7540000,20000
R29-01584,15870000,40000
R29-01585,4050000,0
R29-01586,51560000,150000
R29-01587,12260000,40000
R29-01588,50580000,150000
R29-01589,33830000,150000
R29-01590,47830000,150000
R29-01591,82090000,300000
R29-01592,37870000,150000
R29-01593,70740000,300000
R29-01594,11100000,40000
R29-01595,12860000,40000
R29-01596,34230000,150000
R29-01597,74450000,300000
R29-01598,33160000,60000
R29-01599,47100000,150000
R29-01600,12840000,40000
R29-01601,51460000,150000
R29-01602,14900000,40000
R29-01603,45020000,150000
R29-01604,133570000,600000
R29-01605,41650000,150000
R29-01606,3320000,0
R29-01607,74390000,300000
R29-01608,52820000,150000
R29-01609,22960000,60000
R29-01610,2940000,0
R29-01611,36300000,150000
R29-01612,34340000,150000
R29-01613,12210000,40000
R29-01614,29280000,60000
R29-01615,32900000,60000
R29-01616,48370000,150000
R29-01617,15160000,40000
R29-01618,32660000,60000
R29-01619,31100000,60000
R29-01620,81670000,300000
R29-01621,25820000,60000
R29-01622,125920000,300000
R29-01623,64880000,150000
R29-01624,34570000,150000
R29-01625,121590000,300000
R29-01626,6170000,20000
R29-01627,104640000,300000
R29-01628,34020000,150000
R29-01629,32370000,60000
R29-01630,36440000,150000
R29-01631,35730000,150000
R29-01632,2980000,0
R29-01633,6060000,20000
R29-01634,45760000,150000
R29-01635,92140000,300000
R29-01636,2420000,0
R29-01637,47750000,150000
R29-01638,75350000,300000
R29-01639,490000,0
R29-01640,8760000,20000
R29-01641,42780000,150000
R29-01642,1820000,0
R29-01643,71850000,300000
R29-01644,51200000,150000
R29-01645,112460000,300000
R29-01646,6120000,20000
R29-01647,3200000,0
R29-01648,3110000,0
R29-01649,75120000,300000
R29-01650,62740000,150000
R29-01651,94910000,300000
R29-01652,41630000,150000
R29-01653,6060000,20000
R29-01654,84530000,300000
R29-01655,8700000,20000
R29-01656,1340000,0
R29-01657,6010000,20000
R29-01658,46250000,150000
R29-01659,4120000,0
R29-01660,14260000,40000
R29-01661,26720000,60000
R29-01662,2820000,0
R29-01663,6320000,20000
R29-01664,57350000,150000
R29-01665,3080000,0
R29-01666,21720000,60000
R29-01667,3430000,0
R29-01668,44580000,150000
R29-01669,26160000,60000
R29-01670,5160000,20000
R29-01671,15570000,40000
R29-01672,51680000,150000
R29-01673,7000000,20000
R29-01674,5040000,20000
R29-01675,24220000,60000
R29-01676,4440000,0
R29-01677,68120000,300000
R29-01678,33920000,150000
R29-01679,42130000,150000
R29-01680,45880000,150000
R29-01681,1410000,0
R29-01682,24370000,60000
R29-01683,26680000,60000
R29-01684,33180000,60000
R29-01685,20450000,60000
R29-01686,1850000,0
R29-01687,35800000,150000
R29-01688,33830000,150000
R29-01689,700000,0
R29-01690,3790000,0
R29-01691,17060000,40000
R29-01692,32110000,60000
R29-01693,56410000,150000
R29-01694,22460000,60000
R29-01695,24640000,60000
R29-01696,16480000,40000
R29-01697,72670000,300000
R29-01698,45240000,150000
R29-01699,85090000,300000
R29-01700,23560000,60000
R29-01701,11710000,40000
R29-01702,61950000,150000
R29-01703,41590000,150000
R29-01704,35100000,150000
R29-01705,22800000,60000
R29-01706,1610000,0
R29-01707,44290000,150000
R29-01708,1390000,0
R29-01709,2590000,0
R29-01710,17250000,40000
R29-01711,14560000,40000
R29-01712,61760000,150000
R29-01713,15300000,40000
R29-01714,30260000,60000
R29-01715,42850000,150000
R29-01716,114590000,300000
R29-01717,51670000,150000
R29-01718,52640000,150000
R29-01719,22760000,60000
R29-01720,66090000,150000
R29-01721,62760000,150000
R29-01722,22660000,60000
R29-01723,73100000,300000
R29-01724,33920000,150000
R29-01725,18720000,40000
R29-01726,2510000,0
R29-01727,24130000,60000
R29-01728,12260000,40000
R29-01729,65970000,150000
R29-01730,44380000,150000
R29-01731,41750000,150000
R29-01732,17240000,40000
R29-01733,52440000,150000
R29-01734,32380000,60000
R29-01735,105180000,300000
R29-01736,4250000,0
R29-01737,4310000,0
R29-01738,71670000,300000
R29-01739,1890000,0
R29-01740,4680000,0
R29-01741,35740000,150000
R29-01742,70710000,300000
R29-01743,64460000,150000
R29-01744,54690000,150000
R29-01745,43170000,150000
R29-01746,34070000,150000
R29-01747,40820000,150000
R29-01748,51350000,150000
R29-01749,17230000,40000
R29-01750,50640000,150000
R29-01751,22660000,60000
R29-01752,67580000,300000
R29-01753,42580000,150000
R29-01754,15820000,40000
R29-01755,2430000,0
R29-01756,21710000,60000
R29-01757,63160000,150000
R29-01758,42220000,150000
R29-01759,37170000,150000
R29-01760,5330000,20000
R29-01761,73290000,300000
R29-01762,18900000,40000
R29-01763,36140000,150000
R29-01764,64860000,150000
R29-01765,62810000,150000
R29-01766,81400000,300000
R29-01767,98400000,300000
R29-01768,1410000,0
R29-01769,5110000,20000
R29-01770,104390000,300000
R29-01771,31180000,60000
R29-01772,3490000,0
R29-01773,2550000,0
R29-01774,25140000,60000
R29-01775,2930000,0
R29-01776,121230000,300000
R29-01777,4700000,0
R29-01778,28690000,60000
R29-01779,62360000,150000
R29-01780,64850000,150000
R29-01781,13790000,40000
R29-01782,44000000,150000
R29-01783,16910000,40000
R29-01784,1150000,0
R29-01785,36820000,150000
R29-01786,5430000,20000
R29-01787,64260000,150000
R29-01788,61320000,150000
R29-01789,41200000,150000
R29-01790,5590000,20000
R29-01791,3590000,0
R29-01792,46660000,150000
R29-01793,52220000,150000
R29-01794,43330000,150000
R29-01795,2630000,0
R29-01796,28410000,60000
R29-01797,11790000,40000
R29-01798,33810000,150000
R29-01799,51850000,150000
R29-01800,35310000,150000
R29-01801,41440000,150000
R29-01802,24950000,60000
R29-01803,33220000,60000
R29-01804,2120000,0
R29-01805,16570000,40000
R29-01806,34660000,150000
R29-01807,36840000,150000
R29-01808,51200000,150000
R29-01809,43000000,150000
R29-01810,6330000,20000
R29-01811,59160000,150000
R29-01812,13430000,40000
R29-01813,12170000,40000
R29-01814,54240000,150000
R29-01815,58870000,150000
R29-01816,42620000,150000
R29-01817,83330000,300000
R29-01818,27100000,60000
R29-01819,50850000,150000
R29-01820,82790000,300000
R29-01821,42900000,150000
R29-01822,1220000,0
R29-01823,94690000,300000
R29-01824,153910000,600000
R29-01825,22350000,60000
R29-01826,31410000,60000
R29-01827,63050000,150000
R29-01828,56160000,150000
R29-01829,73900000,300000
R29-01830,11590000,40000
R29-01831,17510000,40000
R29-01832,2390000,0
R29-01833,33650000,150000
R29-01834,76020000,300000
R29-01835,37500000,150000
R29-01836,114820000,300000
R29-01837,81560000,300000
R29-01838,24790000,60000
R29-01839,91250000,300000
R29-01840,36630000,150000
R29-01841,3240000,0
R29-01842,62990000,150000
R29-01843,58680000,150000
R29-01844,21290000,60000
R29-01845,5190000,20000
R29-01846,105160000,300000
R29-01847,93980000,300000
R29-01848,51790000,150000
R29-01849,32610000,60000
R29-01850,68950000,300000
R29-01851,111000000,300000
R29-01852,45190000,150000
R29-01853,53560000,150000
R29-01854,53320000,150000
R29-01855,21200000,60000
R29-01856,21560000,60000
R29-01857,153820000,600000
R29-01858,27120000,60000
R29-01859,2180000,0
R29-01860,124850000,300000
R29-01861,2650000,0
R29-01862,22880000,60000
R29-01863,81170000,300000
R29-01864,61270000,150000
R29-01865,22310000,60000
R29-01866,31460000,60000
R29-01867,13130000,40000
R29-01868,44170000,150000
R29-01869,6130000,20000
R29-01870,22050000,60000
R29-01871,23520000,60000
R29-01872,61610000,150000
R29-01873,63400000,150000
R29-01874,44820000,150000
R29-01875,31730000,60000
R29-01876,4750000,0
R29-01877,25610000,60000
R29-01878,91590000,300000
R29-01879,81750000,300000
R29-01880,4890000,0
R29-01881,113230000,300000
R29-01882,66690000,300000
R29-01883,52650000,150000
R29-01884,33610000,150000
R29-01885,62480000,150000
R29-01886,32320000,60000
R29-01887,5620000,20000
R29-01888,18170000,40000
R29-01889,112420000,300000
R29-01890,46250000,150000
R29-01891,2940000,0
R29-01892,24660000,60000
R29-01893,17680000,40000
R29-01894,62520000,150000
R29-01895,26480000,60000
R29-01896,7430000,20000
R29-01897,32550000,60000
R29-01898,50830000,150000
R29-01899,11470000,40000
R29-01900,22390000,60000
R29-01901,3710000,0
R29-01902,87440000,300000
R29-01903,106070000,300000
R29-01904,32360000,60000
R29-01905,45180000,150000
R29-01906,55460000,150000
R29-01907,4000000,0
R29-01908,45160000,150000
R29-01909,74090000,300000
R29-01910,25870000,60000
R29-01911,47440000,150000
R29-01912,60450000,150000
R29-01913,41580000,150000
R29-01914,7310000,20000
R29-01915,45650000,150000
R29-01916,115520000,300000
R29-01917,92580000,300000
R29-01918,52260000,150000
R29-01919,46850000,150000
R29-01920,23450000,60000
R29-01921,44110000,150000
R29-01922,1540000,0
R29-01923,42580000,150000
R29-01924,16490000,40000
R29-01925,36580000,150000
R29-01926,44170000,150000
R29-01927,95270000,300000
R29-01928,159230000,600000
R29-01929,36070000,150000
R29-01930,6840000,20000
R29-01931,106170000,300000
R29-01932,26060000,60000
R29-01933,62840000,150000
R29-01934,1640000,0
R29-01935,43190000,150000
R29-01936,8740000,20000
R29-01937,27710000,60000
R29-01938,45010000,150000
R29-01939,1890000,0
R29-01940,35220000,150000
R29-01941,102550000,300000
R29-01942,16850000,40000
R29-01943,72510000,300000
R29-01944,113270000,300000
R29-01945,102660000,300000
R29-01946,7570000,20000
R29-01947,15620000,40000
R29-01948,80850000,300000
R29-01949,48020000,150000
R29-01950,104420000,300000
R29-01951,80310000,300000
R29-01952,21790000,60000
R29-01953,16210000,40000
R29-01954,51870000,150000
R29-01955,5740000,20000
R29-01956,33850000,150000
R29-01957,26210000,60000
R29-01958,9350000,20000
R29-01959,60690000,150000
R29-01960,42680000,150000
R29-01961,102220000,300000
R29-01962,16120000,40000
R29-01963,6590000,20000
R29-01964,15470000,40000
R29-01965,45760000,150000
R29-01966,34310000,150000
R29-01967,14600000,40000
R29-01968,62450000,150000
R29-01969,8200000,20000
R29-01970,24520000,60000
R29-01971,81580000,300000
R29-01972,55840000,150000
R29-01973,23580000,60000
R29-01974,72130000,300000
R29-01975,13650000,40000
R29-01976,113640000,300000
R29-01977,53580000,150000
R29-01978,42410000,150000
R29-01979,83830000,300000
R29-01980,94690000,300000
R29-01981,44160000,150000
R29-01982,87410000,300000
R29-01983,83170000,300000
R29-01984,4230000,0
R29-01985,91360000,300000
R29-01986,47050000,150000
R29-01987,102660000,300000
R29-01988,41660000,150000
R29-01989,44620000,150000
R29-01990,8570000,20000
R29-01991,123970000,300000
R29-01992,103920000,300000
R29-01993,16980000,40000
R29-01994,12450000,40000
R29-01995,134710000,600000
R29-01996,37050000,150000
R29-01997,210000,0
R29-01998,26650000,60000
R29-01999,34870000,150000
R29-02000,65450000,150000
R29-02001,139760000,600000
R29-02002,36060000,150000
R29-02003,11940000,40000
R29-02004,14700000,40000
R29-02005,16600000,40000
R29-02006,104990000,300000
R29-02007,12950000,40000
R29-02008,94240000,300000
R29-02009,22090000,60000
R29-02010,1380000,0
R29-02011,55820000,150000
R29-02012,11010000,40000
R29-02013,53320000,150000
R29-02014,2010000,0
R29-02015,83950000,300000
R29-02016,23230000,60000
R29-02017,53570000,150000
R29-02018,27050000,60000
R29-02019,122570000,300000
R29-02020,61570000,150000
R29-02021,73900000,300000
R29-02022,43200000,150000
R29-02023,3700000,0
R29-02024,72620000,300000
R29-02025,25400000,60000
R29-02026,12490000,40000
R29-02027,92130000,300000
R29-02028,57320000,150000
R29-02029,32030000,60000
R29-02030,24150000,60000
R29-02031,82590000,300000
R29-02032,14600000,40000
R29-02033,114780000,300000
R29-02034,133010000,300000
R29-02035,1850000,0
R29-02036,63860000,150000
R29-02037,46440000,150000
R29-02038,42800000,150000
R29-02039,63470000,150000
R29-02040,4580000,0
R29-02041,12510000,40000
R29-02042,74750000,300000
R29-02043,15780000,40000
R29-02044,21180000,60000
R29-02045,13710000,40000
R29-02046,13270000,40000
R29-02047,5350000,20000
R29-02048,52270000,150000
R29-02049,21370000,60000
R29-02050,92460000,300000
R29-02051,62280000,150000
R29-02052,55930000,150000
R29-02053,32550000,60000
R29-02054,20980000,60000
R29-02055,2990000,0
R29-02056,5610000,20000
R29-02057,30900000,60000
R29-02058,22090000,60000
R29-02059,14550000,40000
R29-02060,72010000,300000
R29-02061,33860000,150000
R29-02062,96390000,300000
R29-02063,46400000,150000
R29-02064,67320000,300000
R29-02065,2690000,0
R29-02066,92690000,300000
R29-02067,92570000,300000
R29-02068,16000000,40000
R29-02069,7210000,20000
R29-02070,7550000,20000
R29-02071,64390000,150000
R29-02072,36030000,150000
R29-02073,42310000,150000
R29-02074,36580000,150000
R29-02075,61720000,150000
R29-02076,22470000,60000
R29-02077,11870000,40000
R29-02078,62710000,150000
R29-02079,21610000,60000
R29-02080,42910000,150000
R29-02081,41030000,150000
R29-02082,84340000,300000
R29-02083,44690000,150000
R29-02084,17360000,40000
R29-02085,12910000,40000
R29-02086,12890000,40000
R29-02087,51560000,150000
R29-02088,115310000,300000
R29-02089,54070000,150000
R29-02090,46050000,150000
R29-02091,11020000,40000
R29-02092,75620000,300000
R29-02093,51910000,150000
R29-02094,45530000,150000
R29-02095,25990000,60000
R29-02096,53690000,150000
R29-02097,22580000,60000
R29-02098,62590000,150000
R29-02099,72140000,300000
R29-02100,39530000,150000
R29-02101,109030000,300000
R29-02102,23670000,60000
R29-02103,95520000,300000
R29-02104,1260000,0
R29-02105,31410000,60000
R29-02106,64430000,150000
R29-02107,1760000,0
R29-02108,2310000,0
R29-02109,25870000,60000
R29-02110,20420000,60000
R29-02111,6100000,20000
R29-02112,107280000,300000
R29-02113,1350000,0
R29-02114,23990000,60000
R29-02115,22870000,60000
R29-02116,43280000,150000
R29-02117,20870000,60000
R29-02118,23270000,60000
R29-02119,3500000,0
R29-02120,97450000,300000
R29-02121,5330000,20000
R29-02122,64190000,150000
R29-02123,55130000,150000
R29-02124,32960000,60000
R29-02125,30600000,60000
R29-02126,32990000,60000
R29-02127,3930000,0
R29-02128,81830000,300000
R29-02129,2720000,0
R29-02130,62830000,150000
R29-02131,50180000,150000
R29-02132,42670000,150000
R29-02133,93920000,300000
R29-02134,23230000,60000
R29-02135,26130000,60000
R29-02136,12520000,40000
R29-02137,41050000,150000
R29-02138,32250000,60000
R29-02139,22840000,60000
R29-02140,23110000,60000
R29-02141,56320000,150000
R29-02142,81760000,300000
R29-02143,25440000,60000
R29-02144,94650000,300000
R29-02145,1500000,0
R29-02146,56810000,150000
R29-02147,21990000,60000
R29-02148,55810000,150000
R29-02149,25040000,60000
R29-02150,28950000,60000
R29-02151,34490000,150000
R29-02152,5250000,20000
R29-02153,37890000,150000
R29-02154,91800000,300000
R29-02155,31920000,60000
R29-02156,53170000,150000
R29-02157,65940000,150000
R29-02158,33690000,150000
R29-02159,64940000,150000
R29-02160,3410000,0
R29-02161,63510000,150000
R29-02162,590000,0
R29-02163,34140000,150000
R29-02164,42810000,150000
R29-02165,21980000,60000
R29-02166,33830000,150000
R29-02167,54380000,150000
R29-02168,11750000,40000
R29-02169,1620000,0
R29-02170,66350000,150000
R29-02171,46920000,150000
R29-02172,131570000,300000
R29-02173,74290000,300000
R29-02174,2780000,0
R29-02175,45270000,150000
R29-02176,60890000,150000
R29-02177,22830000,60000
R29-02178,21670000,60000
R29-02179,117770000,300000
R29-02180,3400000,0
R29-02181,4160000,0
R29-02182,100900000,300000
R29-02183,1120000,0
R29-02184,53910000,150000
R29-02185,77890000,300000
R29-02186,72490000,300000
R29-02187,21960000,60000
R29-02188,1910000,0
R29-02189,25800000,60000
R29-02190,63680000,150000
R29-02191,24240000,60000
R29-02192,16450000,40000
R29-02193,11860000,40000
R29-02194,102310000,300000
R29-02195,72340000,300000
R29-02196,23290000,60000
R29-02197,22600000,60000
R29-02198,24890000,60000
R29-02199,135060000,600000
R29-02200,35120000,150000
R29-02201,65540000,150000
R29-02202,46590000,150000
R29-02203,82500000,300000
R29-02204,112270000,300000
R29-02205,73050000,300000
R29-02206,990000,0
R29-02207,5390000,20000
R29-02208,41620000,150000
R29-02209,6010000,20000
R29-02210,46770000,150000
R29-02211,84220000,300000
R29-02212,5820000,20000
R29-02213,21410000,60000
R29-02214,53630000,150000
R29-02215,42290000,150000
R29-02216,33370000,150000
R29-02217,44870000,150000
R29-02218,37570000,150000
R29-02219,101780000,300000
R29-02220,31710000,60000
R29-02221,105770000,300000
R29-02222,67550000,300000
R29-02223,3620000,0
R29-02224,61710000,150000
R29-02225,3790000,0
R29-02226,46900000,150000
R29-02227,81980000,300000
R29-02228,62050000,150000
R29-02229,46300000,150000
R29-02230,112790000,300000
R29-02231,65920000,150000
R29-02232,14930000,40000
R29-02233,44840000,150000
R29-02234,52000000,150000
R29-02235,24910000,60000
R29-02236,33640000,150000
R29-02237,74730000,300000
R29-02238,50610000,150000
R29-02239,211230000,1000000
R29-02240,116300000,300000
R29-02241,88730000,300000
R29-02242,34350000,150000
R29-02243,36880000,150000
R29-02244,83180000,300000
R29-02245,32140000,60000
R29-02246,35250000,150000
R29-02247,1870000,0
R29-02248,104340000,300000
R29-02249,45110000,150000
R29-02250,96880000,300000
R29-02251,101790000,300000
R29-02252,27630000,60000
R29-02253,35920000,150000
R29-02254,5430000,20000
R29-02255,212360000,1000000
R29-02256,6590000,20000
R29-02257,29030000,60000
R29-02258,12000000,40000
R29-02259,11530000,40000
R29-02260,41940000,150000
R29-02261,21260000,60000
R29-02262,35000000,150000
R29-02263,85770000,300000
R29-02264,134160000,600000
R29-02265,42450000,150000
R29-02266,2190000,0
R29-02267,24780000,60000
R29-02268,86300000,300000
R29-02269,41010000,150000
R29-02270,5050000,20000
R29-02271,41840000,150000
R29-02272,15170000,40000
R29-02273,31840000,60000
R29-02274,8500000,20000
R29-02275,72840000,300000
R29-02276,14940000,40000
R29-02277,23090000,60000
R29-02278,16130000,40000
R29-02279,33110000,60000
R29-02280,76260000,300000
R29-02281,21240000,60000
R29-02282,93560000,300000
R29-02283,11120000,40000
R29-02284,82310000,300000
R29-02285,62100000,150000
R29-02286,36010000,150000
R29-02287,42330000,150000
R29-02288,44530000,150000
R29-02289,14730000,40000
R29-02290,30920000,60000
R29-02291,54540000,150000
R29-02292,75710000,300000
R29-02293,75140000,300000
R29-02294,56450000,150000
R29-02295,51230000,150000
R29-02296,12280000,40000
R29-02297,23850000,60000
R29-02298,20480000,60000
R29-02299,36950000,150000
R29-02300,7910000,20000
R29-02301,6030000,20000
R29-02302,21810000,60000
R29-02303,41970000,150000
R29-02304,114880000,300000
R29-02305,31490000,60000
R29-02306,44630000,150000
R29-02307,31550000,60000
R29-02308,27210000,60000
R29-02309,9610000,20000
R29-02310,4680000,0
R29-02311,52970000,150000
R29-02312,114590000,300000
R29-02313,103630000,300000
R29-02314,58090000,150000
R29-02315,1870000,0
R29-02316,25300000,60000
R29-02317,27230000,60000
R29-02318,26190000,60000
R29-02319,35110000,150000
R29-02320,14760000,40000
R29-02321,66780000,300000
R29-02322,13370000,40000
R29-02323,6250000,20000
R29-02324,92530000,300000
R29-02325,17160000,40000
R29-02326,12360000,40000
R29-02327,37660000,150000
R29-02328,5570000,20000
R29-02329,1970000,0
R29-02330,12110000,40000
R29-02331,2650000,0
R29-02332,61530000,150000
R29-02333,55630000,150000
R29-02334,33330000,60000
R29-02335,82060000,300000
R29-02336,33850000,150000
R29-02337,5740000,20000
R29-02338,3040000,0
R29-02339,99310000,300000
R29-02340,97690000,300000
R29-02341,32110000,60000
R29-02342,72730000,300000
R29-02343,16390000,40000
R29-02344,2730000,0
R29-02345,72150000,300000
R29-02346,53040000,150000
R29-02347,40850000,150000
R29-02348,36600000,150000
R29-02349,69580000,300000
R29-02350,82310000,300000
R29-02351,52090000,150000
R29-02352,97140000,300000
R29-02353,1850000,0
R29-02354,66710000,300000
R29-02355,93000000,300000
R29-02356,2390000,0
R29-02357,78890000,300000
R29-02358,54280000,150000
R29-02359,221820000,1000000
R29-02360,55790000,150000
R29-02361,53030000,150000
R29-02362,4210000,0
R29-02363,22270000,60000
R29-02364,7800000,20000
R29-02365,105150000,300000
R29-02366,45100000,150000
R29-02367,63810000,150000
R29-02368,28000000,60000
R29-02369,144970000,600000
R29-02370,23610000,60000
R29-02371,67840000,300000
R29-02372,15640000,40000
R29-02373,75450000,300000
R29-02374,11210000,40000
R29-02375,103180000,300000
R29-02376,40890000,150000
R29-02377,42980000,150000
R29-02378,30580000,60000
R29-02379,53440000,150000
R29-02380,41800000,150000
R29-02381,116990000,300000
R29-02382,6170000,20000
R29-02383,11490000,40000
R29-02384,6530000,20000
R29-02385,2940000,0
R29-02386,34570000,150000
R29-02387,14720000,40000
R29-02388,32110000,60000
R29-02389,21170000,60000
R29-02390,6780000,20000
R29-02391,73760000,300000
R29-02392,108350000,300000
R29-02393,102030000,300000
R29-02394,104190000,300000
R29-02395,3240000,0
R29-02396,6400000,20000
R29-02397,6290000,20000
R29-02398,83580000,300000
R29-02399,22060000,60000
R29-02400,45560000,150000
R29-02401,48520000,150000
R29-02402,12050000,40000
R29-02403,64250000,150000
R29-02404,64270000,150000
R29-02405,1270000,0
R29-02406,40470000,150000
R29-02407,62140000,150000
R29-02408,15050000,40000
R29-02409,4270000,0
R29-02410,25790000,60000
R29-02411,22020000,60000
R29-02412,35230000,150000
R29-02413,42730000,150000
R29-02414,81630000,300000
R29-02415,25950000,60000
R29-02416,45840000,150000
R29-02417,6940000,20000
R29-02418,22300000,60000
R29-02419,72490000,300000
R29-02420,122160000,300000
R29-02421,41370000,150000
R29-02422,22070000,60000
R29-02423,32680000,60000
R29-02424,5260000,20000
R29-02425,17360000,40000
R29-02426,14670000,40000
R29-02427,124200000,300000
R29-02428,35740000,150000
R29-02429,71590000,300000
R29-02430,116140000,300000
R29-02431,12230000,40000
R29-02432,12910000,40000
R29-02433,72220000,300000
R29-02434,23380000,60000
R29-02435,74280000,300000
R29-02436,4410000,0
R29-02437,73030000,300000
R29-02438,42260000,150000
R29-02439,1970000,0
R29-02440,24420000,60000
R29-02441,83830000,300000
R29-02442,2370000,0
R29-02443,2190000,0
R29-02444,82680000,300000
R29-02445,21330000,60000
R29-02446,83700000,300000
R29-02447,15380000,40000
R29-02448,14320000,40000
R29-02449,2480000,0
R29-02450,54950000,150000
R29-02451,6720000,20000
R29-02452,76040000,300000
R29-02453,144270000,600000
R29-02454,45220000,150000
R29-02455,22560000,60000
R29-02456,104170000,300000
R29-02457,54610000,150000
R29-02458,66800000,300000
R29-02459,66020000,150000
R29-02460,65640000,150000
R29-02461,68000000,300000
R29-02462,40670000,150000
R29-02463,113050000,300000
R29-02464,82800000,300000
R29-02465,86050000,300000
R29-02466,1990000,0
R29-02467,22350000,60000
R29-02468,3970000,0
R29-02469,55520000,150000
R29-02470,22650000,60000
R29-02471,35850000,150000
R29-02472,2010000,0
R29-02473,22330000,60000
R29-02474,74690000,300000
R29-02475,38980000,150000
R29-02476,51420000,150000
R29-02477,105180000,300000
R29-02478,310000,0
R29-02479,83140000,300000
R29-02480,80570000,300000
R29-02481,62100000,150000
R29-02482,13390000,40000
R29-02483,41080000,150000
R29-02484,11720000,40000
R29-02485,1790000,0
R29-02486,54790000,150000
R29-02487,73100000,300000
R29-02488,2300000,0
R29-02489,23630000,60000
R29-02490,42620000,150000
R29-02491,9250000,20000
R29-02492,55590000,150000
R29-02493,61000000,150000
R29-02494,17680000,40000
R29-02495,22800000,60000
R29-02496,92340000,300000
R29-02497,2460000,0
R29-02498,3300000,0
R29-02499,26410000,60000
R29-02500,92190000,300000
R29-02501,23120000,60000
R29-02502,73580000,300000
R29-02503,25930000,60000
R29-02504,13430000,40000
R29-02505,62730000,150000
R29-02506,31840000,60000
R29-02507,83820000,300000
R29-02508,92270000,300000
R29-02509,31050000,60000
R29-02510,51830000,150000
R29-02511,46060000,150000
R29-02512,13460000,40000
R29-02513,26180000,60000
R29-02514,5350000,20000
R29-02515,85230000,300000
R29-02516,1360000,0
R29-02517,860000,0
R29-02518,16400000,40000
R29-02519,44750000,150000
R29-02520,45610000,150000
R29-02521,17360000,40000
R29-02522,63750000,150000
R29-02523,43570000,150000
R29-02524,110970000,300000
R29-02525,43550000,150000
R29-02526,106700000,300000
R29-02527,13320000,40000
R29-02528,121860000,300000
R29-02529,24160000,60000
R29-02530,13690000,40000
R29-02531,32640000,60000
R29-02532,53970000,150000
R29-02533,33670000,150000
R29-02534,30380000,60000
R29-02535,72360000,300000
R29-02536,32830000,60000
R29-02537,47410000,150000
R29-02538,55540000,150000
R29-02539,13290000,40000
R29-02540,51890000,150000
R29-02541,10760000,40000
R29-02542,2160000,0
R29-02543,51190000,150000
R29-02544,21710000,60000
R29-02545,44060000,150000
R29-02546,14070000,40000
R29-02547,22110000,60000
R29-02548,81690000,300000
R29-02549,1710000,0
R29-02550,79290000,300000
R29-02551,83250000,300000
R29-02552,132690000,300000
R29-02553,33860000,150000
R29-02554,80650000,300000
R29-02555,1250000,0
R29-02556,2200000,0
R29-02557,66330000,150000
R29-02558,32630000,60000
R29-02559,2130000,0
R29-02560,15080000,40000
R29-02561,74740000,300000
R29-02562,52430000,150000
R29-02563,37270000,150000
R29-02564,1590000,0
R29-02565,40830000,150000
R29-02566,41570000,150000
R29-02567,62870000,150000
R29-02568,24880000,60000
R29-02569,1490000,0
R29-02570,17500000,40000
R29-02571,23410000,60000
R29-02572,28780000,60000
R29-02573,2370000,0
R29-02574,60890000,150000
R29-02575,42720000,150000
R29-02576,26480000,60000
R29-02577,7580000,20000
R29-02578,41840000,150000
R29-02579,113290000,300000
R29-02580,14100000,40000
R29-02581,102560000,300000
R29-02582,32900000,60000
R29-02583,6470000,20000
R29-02584,58280000,150000
R29-02585,23540000,60000
R29-02586,22240000,60000
R29-02587,34040000,150000
R29-02588,2470000,0
R29-02589,82350000,300000
R29-02590,16100000,40000
R29-02591,31800000,60000
R29-02592,62000000,150000
R29-02593,1450000,0
R29-02594,64660000,150000
R29-02595,25830000,60000
R29-02596,22880000,60000
R29-02597,41900000,150000
R29-02598,54020000,150000
R29-02599,109160000,300000
R29-02600,65300000,150000
R29-02601,36140000,150000
R29-02602,21280000,60000
R29-02603,31160000,60000
R29-02604,54420000,150000
R29-02605,130850000,300000
R29-02606,2980000,0
R29-02607,63360000,150000
R29-02608,72310000,300000
R29-02609,63790000,150000
R29-02610,94670000,300000
R29-02611,34410000,150000
R29-02612,56650000,150000
R29-02613,82310000,300000
R29-02614,11610000,40000
R29-02615,34110000,150000
R29-02616,54680000,150000
R29-02617,35670000,150000
R29-02618,71370000,300000
R29-02619,2000000,0
R29-02620,102640000,300000
R29-02621,84810000,300000
R29-02622,72850000,300000
R29-02623,3020000,0
R29-02624,10860000,40000
R29-02625,21480000,60000
R29-02626,54730000,150000
R29-02627,6220000,20000
R29-02628,42100000,150000
R29-02629,57840000,150000
R29-02630,82340000,300000
R29-02631,31840000,60000
R29-02632,74280000,300000
R29-02633,43540000,150000
R29-02634,57410000,150000
R29-02635,330000,0
R29-02636,16310000,40000
R29-02637,73060000,300000
R29-02638,32840000,60000
R29-02639,111560000,300000
R29-02640,82460000,300000
R29-02641,53600000,150000
R29-02642,102640000,300000
R29-02643,46330000,150000
R29-02644,102980000,300000
R29-02645,4560000,0
R29-02646,83750000,300000
R29-02647,32890000,60000
R29-02648,1680000,0
R29-02649,57950000,150000
R29-02650,26100000,60000
R29-02651,14040000,40000
R29-02652,92140000,300000
R29-02653,15920000,40000
R29-02654,32410000,60000
R29-02655,3350000,0
R29-02656,41690000,150000
R29-02657,4880000,0
R29-02658,35100000,150000
R29-02659,15530000,40000
R29-02660,5580000,20000
R29-02661,96140000,300000
R29-02662,57040000,150000
R29-02663,34740000,150000
R29-02664,10710000,40000
R29-02665,44700000,150000
R29-02666,75470000,300000
R29-02667,64130000,150000
R29-02668,43200000,150000
R29-02669,86760000,300000
R29-02670,21910000,60000
R29-02671,63390000,150000
R29-02672,35290000,150000
R29-02673,20550000,60000
R29-02674,87020000,300000
R29-02675,50680000,150000
R29-02676,70940000,300000
R29-02677,41340000,150000
R29-02678,53160000,150000
R29-02679,22380000,60000
R29-02680,43930000,150000
R29-02681,22780000,60000
R29-02682,40670000,150000
R29-02683,46490000,150000
R29-02684,11510000,40000
R29-02685,12630000,40000
R29-02686,4780000,0
R29-02687,64880000,150000
R29-02688,31970000,60000
R29-02689,29190000,60000
R29-02690,18970000,40000
R29-02691,38670000,150000
R29-02692,13590000,40000
R29-02693,134100000,600000
R29-02694,210000,0
R29-02695,16620000,40000
R29-02696,44600000,150000
R29-02697,4920000,0
R29-02698,21750000,60000
R29-02699,25050000,60000
R29-02700,22450000,60000
R29-02701,34410000,150000
R29-02702,25840000,60000
R29-02703,71110000,300000
R29-02704,7810000,20000
R29-02705,2490000,0
R29-02706,16740000,40000
R29-02707,32890000,60000
R29-02708,1500000,0
R29-02709,136460000,600000
R29-02710,13210000,40000
R29-02711,21640000,60000
R29-02712,81170000,300000
R29-02713,4510000,0
R29-02714,35540000,150000
R29-02715,74310000,300000
R29-02716,12010000,40000
R29-02717,63360000,150000
R29-02718,27680000,60000
R29-02719,870000,0
R29-02720,34470000,150000
R29-02721,83970000,300000
R29-02722,41610000,150000
R29-02723,51100000,150000
R29-02724,41930000,150000
R29-02725,65640000,150000
R29-02726,47530000,150000
R29-02727,12620000,40000
R29-02728,27550000,60000
R29-02729,55160000,150000
R29-02730,1420000,0
R29-02731,1950000,0
R29-02732,91750000,300000
R29-02733,11980000,40000
R29-02734,51670000,150000
R29-02735,12740000,40000
R29-02736,11270000,40000
R29-02737,114210000,300000
R29-02738,47110000,150000
R29-02739,32100000,60000
R29-02740,3140000,0
R29-02741,18620000,40000
R29-02742,1430000,0
R29-02743,58280000,150000
R29-02744,5770000,20000
R29-02745,87750000,300000
R29-02746,25440000,60000
R29-02747,83370000,300000
R29-02748,23400000,60000
R29-02749,106310000,300000
R29-02750,52740000,150000
R29-02751,12190000,40000
R29-02752,32650000,60000
R29-02753,55280000,150000
R29-02754,73940000,300000
R29-02755,31590000,60000
R29-02756,22240000,60000
R29-02757,85790000,300000
R29-02758,41390000,150000
R29-02759,63460000,150000
R29-02760,15980000,40000
R29-02761,85000000,300000
R29-02762,3020000,0
R29-02763,54090000,150000
R29-02764,47570000,150000
R29-02765,54200000,150000
R29-02766,81920000,300000
R29-02767,3710000,0
R29-02768,22060000,60000
R29-02769,42480000,150000
R29-02770,15950000,40000
R29-02771,3300000,0
R29-02772,42100000,150000
R29-02773,1810000,0
R29-02774,54180000,150000
R29-02775,50880000,150000
R29-02776,9020000,20000
R29-02777,42630000,150000
R29-02778,3990000,0
R29-02779,56950000,150000
R29-02780,74040000,300000
R29-02781,46140000,150000
R29-02782,82170000,300000
R29-02783,82080000,300000
R29-02784,1660000,0
R29-02785,4990000,0
R29-02786,54260000,150000
R29-02787,45890000,150000
R29-02788,82270000,300000
R29-02789,24400000,60000
R29-02790,44160000,150000
R29-02791,20420000,60000
R29-02792,15010000,40000
R29-02793,3360000,0
R29-02794,72220000,300000
R29-02795,51580000,150000
R29-02796,3540000,0
R29-02797,1350000,0
R29-02798,144640000,600000
R29-02799,23430000,60000
R29-02800,50360000,150000
R29-02801,18980000,40000
R29-02802,42000000,150000
R29-02803,22550000,60000
R29-02804,42000000,150000
R29-02805,24280000,60000
R29-02806,14440000,40000
R29-02807,10890000,40000
R29-02808,82040000,300000
R29-02809,35270000,150000
R29-02810,63530000,150000
R29-02811,16260000,40000
R29-02812,21570000,60000
R29-02813,153030000,600000
R29-02814,33080000,60000
R29-02815,20890000,60000
R29-02816,21320000,60000
R29-02817,25940000,60000
R29-02818,12420000,40000
R29-02819,22630000,60000
R29-02820,65930000,150000
R29-02821,26850000,60000
R29-02822,14830000,40000
R29-02823,34370000,150000
R29-02824,75840000,300000
R29-02825,35620000,150000
R29-02826,41760000,150000
R29-02827,72600000,300000
R29-02828,54200000,150000
R29-02829,14910000,40000
R29-02830,11180000,40000
R29-02831,13070000,40000
R29-02832,33500000,150000
R29-02833,65150000,150000
R29-02834,43280000,150000
R29-02835,58010000,150000
R29-02836,44810000,150000
R29-02837,10480000,40000
R29-02838,3000000,0
R29-02839,44940000,150000
R29-02840,43790000,150000
R29-02841,21670000,60000
R29-02842,47670000,150000
R29-02843,32980000,60000
R29-02844,52230000,150000
R29-02845,2240000,0
R29-02846,57010000,150000
R29-02847,6950000,20000
R29-02848,93460000,300000
R29-02849,156940000,600000
R29-02850,2730000,0
R29-02851,41530000,150000
R29-02852,8220000,20000
R29-02853,51880000,150000
R29-02854,53120000,150000
R29-02855,5100000,20000
R29-02856,50600000,150000
R29-02857,34280000,150000
R29-02858,60980000,150000
R29-02859,41550000,150000
R29-02860,60770000,150000
R29-02861,50360000,150000
R29-02862,124540000,300000
R29-02863,93370000,300000
R29-02864,63170000,150000
R29-02865,36270000,150000
R29-02866,26540000,60000
R29-02867,16370000,40000
R29-02868,75940000,300000
R29-02869,6120000,20000
R29-02870,56410000,150000
R29-02871,38300000,150000
R29-02872,4390000,0
R29-02873,27190000,60000
R29-02874,72070000,300000
R29-02875,42270000,150000
R29-02876,93420000,300000
R29-02877,7180000,20000
R29-02878,22460000,60000
R29-02879,13650000,40000
R29-02880,85000000,300000
R29-02881,55380000,150000
R29-02882,82390000,300000
R29-02883,13590000,40000
R29-02884,11660000,40000
R29-02885,67370000,300000
R29-02886,22620000,60000
R29-02887,62770000,150000
R29-02888,1710000,0
R29-02889,10690000,40000
R29-02890,21230000,60000
R29-02891,31340000,60000
R29-02892,94260000,300000
R29-02893,72240000,300000
R29-02894,41670000,150000
R29-02895,72810000,300000
R29-02896,41510000,150000
R29-02897,14740000,40000
R29-02898,112060000,300000
R29-02899,890000,0
R29-02900,25320000,60000
R29-02901,47210000,150000
R29-02902,13110000,40000
R29-02903,14840000,40000
R29-02904,12530000,40000
R29-02905,31240000,60000
R29-02906,23100000,60000
R29-02907,56310000,150000
R29-02908,24160000,60000
R29-02909,42860000,150000
R29-02910,3580000,0
R29-02911,142960000,600000
R29-02912,53260000,150000
R29-02913,42890000,150000
R29-02914,103870000,300000
R29-02915,4040000,0
R29-02916,54460000,150000
R29-02917,78980000,300000
R29-02918,6790000,20000
R29-02919,76070000,300000
R29-02920,41220000,150000
R29-02921,22650000,60000
R29-02922,5530000,20000
R29-02923,91390000,300000
R29-02924,19050000,40000
R29-02925,1260000,0
R29-02926,93250000,300000
R29-02927,1730000,0
R29-02928,104220000,300000
R29-02929,14970000,40000
R29-02930,4380000,0
R29-02931,11150000,40000
R29-02932,29150000,60000
R29-02933,25570000,60000
R29-02934,12210000,40000
R29-02935,19680000,40000
R29-02936,48880000,150000
R29-02937,92970000,300000
R29-02938,1590000,0
R29-02939,4920000,0
R29-02940,39060000,150000
R29-02941,36200000,150000
R29-02942,34800000,150000
R29-02943,22410000,60000
R29-02944,33040000,60000
R29-02945,7900000,20000
R29-02946,105670000,300000
R29-02947,101750000,300000
R29-02948,102080000,300000
R29-02949,23050000,60000
R29-02950,54000000,150000
R29-02951,79030000,300000
R29-02952,67850000,300000
R29-02953,3160000,0
R29-02954,31080000,60000
R29-02955,73600000,300000
R29-02956,15150000,40000
R29-02957,57550000,150000
R29-02958,21610000,60000
R29-02959,84500000,300000
R29-02960,86980000,300000
R29-02961,25850000,60000
R29-02962,24520000,60000
R29-02963,24660000,60000
R29-02964,73320000,300000
R29-02965,20790000,60000
R29-02966,44240000,150000
R29-02967,86060000,300000
R29-02968,69150000,300000
R29-02969,18640000,40000
R29-02970,4060000,0
R29-02971,4640000,0
R29-02972,12980000,40000
R29-02973,25010000,60000
R29-02974,47880000,150000
R29-02975,32130000,60000
R29-02976,61890000,150000
R29-02977,25310000,60000
R29-02978,57340000,150000
R29-02979,112170000,300000
R29-02980,18590000,40000
R29-02981,20870000,60000
R29-02982,50610000,150000
R29-02983,21090000,60000
R29-02984,83070000,300000
R29-02985,212310000,1000000
R29-02986,7700000,20000
R29-02987,45030000,150000
R29-02988,57730000,150000
R29-02989,24150000,60000
R29-02990,83930000,300000
R29-02991,175160000,600000
R29-02992,5390000,20000
R29-02993,71400000,300000
R29-02994,34900000,150000
R29-02995,35630000,150000
R29-02996,47860000,150000
R29-02997,54230000,150000
R29-02998,4170000,0
R29-02999,102280000,300000
R29-03000,54470000,150000
R29-03001,52530000,150000
R29-03002,65970000,150000
R29-03003,74460000,300000
R29-03004,146090000,600000
R29-03005,34490000,150000
R29-03006,18140000,40000
R29-03007,2300000,0
R29-03008,10840000,40000
R29-03009,53420000,150000
R29-03010,6860000,20000
R29-03011,72900000,300000
R29-03012,131840000,300000
R29-03013,30210000,60000
R29-03014,62670000,150000
R29-03015,2930000,0
R29-03016,3510000,0
R29-03017,5460000,20000
R29-03018,61810000,150000
R29-03019,74840000,300000
R29-03020,21540000,60000
R29-03021,24450000,60000
R29-03022,42330000,150000
R29-03023,43890000,150000
R29-03024,14410000,40000
R29-03025,67800000,300000
R29-03026,22700000,60000
R29-03027,80800000,300000
R29-03028,5490000,20000
R29-03029,43010000,150000
R29-03030,21780000,60000
R29-03031,32470000,60000
R29-03032,62270000,150000
R29-03033,62010000,150000
R29-03034,21770000,60000
R29-03035,49350000,150000
R29-03036,3220000,0
R29-03037,12670000,40000
R29-03038,5660000,20000
R29-03039,7220000,20000
R29-03040,52350000,150000
R29-03041,94960000,300000
R29-03042,12210000,40000
R29-03043,58650000,150000
R29-03044,48000000,150000
R29-03045,41460000,150000
R29-03046,3940000,0
R29-03047,104070000,300000
R29-03048,17350000,40000
R29-03049,5510000,20000
R29-03050,35540000,150000
R29-03051,54600000,150000
R29-03052,38870000,150000
R29-03053,27550000,60000
R29-03054,21420000,60000
R29-03055,8880000,20000
R29-03056,11890000,40000
R29-03057,103700000,300000
R29-03058,51020000,150000
R29-03059,48880000,150000
R29-03060,91360000,300000
R29-03061,21100000,60000
R29-03062,103990000,300000
R29-03063,62490000,150000
R29-03064,77100000,300000
R29-03065,57300000,150000
R29-03066,56700000,150000
R29-03067,25280000,60000
R29-03068,18660000,40000
R29-03069,225440000,1000000
R29-03070,11140000,40000
R29-03071,32710000,60000
R29-03072,103550000,300000
R29-03073,43640000,150000
R29-03074,20340000,60000
R29-03075,62660000,150000
R29-03076,12650000,40000
R29-03077,36110000,150000
R29-03078,31570000,60000
R29-03079,3620000,0
R29-03080,46030000,150000
R29-03081,24390000,60000
R29-03082,142950000,600000
R29-03083,44730000,150000
R29-03084,37340000,150000
R29-03085,53400000,150000
R29-03086,30410000,60000
R29-03087,32550000,60000
R29-03088,2320000,0
R29-03089,36650000,150000
R29-03090,42650000,150000
R29-03091,44210000,150000
R29-03092,52100000,150000
R29-03093,61840000,150000
R29-03094,3570000,0
R29-03095,11440000,40000
R29-03096,2910000,0
R29-03097,54150000,150000
R29-03098,30940000,60000
R29-03099,33120000,60000
R29-03100,11430000,40000
R29-03101,44380000,150000
R29-03102,20440000,60000
R29-03103,83650000,300000
R29-03104,23880000,60000
R29-03105,112880000,300000
R29-03106,2840000,0
R29-03107,14020000,40000
R29-03108,32160000,60000
R29-03109,37060000,150000
R29-03110,44520000,150000
R29-03111,62320000,150000
R29-03112,82990000,300000
R29-03113,46430000,150000
R29-03114,16000000,40000
R29-03115,90600000,300000
R29-03116,68450000,300000
R29-03117,4510000,0
R29-03118,14690000,40000
R29-03119,74300000,300000
R29-03120,106660000,300000
R29-03121,111500000,300000
R29-03122,28220000,60000
R29-03123,2330000,0
R29-03124,46130000,150000
R29-03125,63340000,150000
R29-03126,35070000,150000
R29-03127,56190000,150000
R29-03128,13480000,40000
R29-03129,64310000,150000
R29-03130,26070000,60000
R29-03131,13910000,40000
R29-03132,71340000,300000
R29-03133,50570000,150000
R29-03134,62560000,150000
R29-03135,14040000,40000
R29-03136,33720000,150000
R29-03137,23200000,60000
R29-03138,115470000,300000
R29-03139,32130000,60000
R29-03140,92560000,300000
R29-03141,94630000,300000
R29-03142,24550000,60000
R29-03143,12510000,40000
R29-03144,42480000,150000
R29-03145,55340000,150000
R29-03146,43920000,150000
R29-03147,25420000,60000
R29-03148,84250000,300000
R29-03149,62560000,150000
R29-03150,53270000,150000
R29-03151,36320000,150000
R29-03152,1550000,0
R29-03153,14750000,40000
R29-03154,65360000,150000
R29-03155,38160000,150000
R29-03156,22770000,60000
R29-03157,2360000,0
R29-03158,41630000,150000
R29-03159,54500000,150000
R29-03160,4720000,0
R29-03161,63510000,150000
R29-03162,25500000,60000
R29-03163,31090000,60000
R29-03164,38790000,150000
R29-03165,46390000,150000
R29-03166,95390000,300000
R29-03167,83220000,300000
R29-03168,35140000,150000
R29-03169,40890000,150000
R29-03170,34760000,150000
R29-03171,4500000,0
R29-03172,21380000,60000
R29-03173,43730000,150000
R29-03174,54090000,150000
R29-03175,2340000,0
R29-03176,21940000,60000
R29-03177,111480000,300000
R29-03178,310000,0
R29-03179,35450000,150000
R29-03180,10500000,40000
R29-03181,41510000,150000
R29-03182,47660000,150000
R29-03183,34940000,150000
R29-03184,62080000,150000
R29-03185,1930000,0
R29-03186,7810000,20000
R29-03187,31840000,60000
R29-03188,15450000,40000
R29-03189,93720000,300000
R29-03190,5870000,20000
R29-03191,100970000,300000
R29-03192,43190000,150000
R29-03193,91000000,300000
R29-03194,72310000,300000
R29-03195,24820000,60000
R29-03196,890000,0
R29-03197,14730000,40000
R29-03198,71250000,300000
R29-03199,14930000,40000
R29-03200,17500000,40000
R29-03201,67850000,300000
R29-03202,52880000,150000
R29-03203,22710000,60000
R29-03204,142120000,600000
R29-03205,56840000,150000
R29-03206,51570000,150000
R29-03207,32190000,60000
R29-03208,4630000,0
R29-03209,31950000,60000
R29-03210,53040000,150000
R29-03211,51580000,150000
R29-03212,57930000,150000
R29-03213,21430000,60000
R29-03214,55590000,150000
R29-03215,41250000,150000
R29-03216,74250000,300000
R29-03217,34270000,150000
R29-03218,101760000,300000
R29-03219,12310000,40000
R29-03220,41110000,150000
R29-03221,43170000,150000
R29-03222,57350000,150000
R29-03223,22400000,60000
R29-03224,1490000,0
R29-03225,23760000,60000
R29-03226,19360000,40000
R29-03227,31950000,60000
R29-03228,33780000,150000
R29-03229,38770000,150000
R29-03230,47290000,150000
R29-03231,4540000,0
R29-03232,4740000,0
R29-03233,101940000,300000
R29-03234,35400000,150000
R29-03235,51760000,150000
R29-03236,41940000,150000
R29-03237,11630000,40000
R29-03238,8370000,20000
R29-03239,4170000,0
R29-03240,4200000,0
R29-03241,94290000,300000
R29-03242,14610000,40000
R29-03243,92620000,300000
R29-03244,107510000,300000
R29-03245,26510000,60000
R29-03246,53510000,150000
R29-03247,34130000,150000
R29-03248,61090000,150000
R29-03249,16030000,40000
R29-03250,11260000,40000
R29-03251,108270000,300000
R29-03252,35620000,150000
R29-03253,136080000,600000
R29-03254,16060000,40000
R29-03255,111580000,300000
R29-03256,95620000,300000
R29-03257,25990000,60000
R29-03258,5350000,20000
R29-03259,54410000,150000
R29-03260,84000000,300000
R29-03261,82450000,300000
R29-03262,4340000,0
R29-03263,113180000,300000
R29-03264,2990000,0
R29-03265,97010000,300000
R29-03266,6260000,20000
R29-03267,65390000,150000
R29-03268,51520000,150000
R29-03269,93790000,300000
R29-03270,41590000,150000
R29-03271,3190000,0
R29-03272,14530000,40000
R29-03273,26620000,60000
R29-03274,880000,0
R29-03275,107830000,300000
R29-03276,31160000,60000
R29-03277,33970000,150000
R29-03278,25550000,60000
R29-03279,74010000,300000
R29-03280,171970000,600000
R29-03281,47340000,150000
R29-03282,66930000,300000
R29-03283,47770000,150000
R29-03284,400000,0
R29-03285,73350000,300000
R29-03286,10560000,40000
R29-03287,62550000,150000
R29-03288,2370000,0
R29-03289,33300000,60000
R29-03290,15660000,40000
R29-03291,25310000,60000
R29-03292,3530000,0
R29-03293,5520000,20000
R29-03294,95250000,300000
R29-03295,6950000,20000
R29-03296,62600000,150000
R29-03297,1440000,0
R29-03298,22090000,60000
R29-03299,22500000,60000
R29-03300,44470000,150000
R29-03301,4790000,0
R29-03302,430000,0
R29-03303,60660000,150000
R29-03304,43990000,150000
R29-03305,23270000,60000
R29-03306,56310000,150000
R29-03307,62160000,150000
R29-03308,36250000,150000
R29-03309,25160000,60000
R29-03310,15010000,40000
R29-03311,142450000,600000
R29-03312,46070000,150000
R29-03313,107560000,300000
R29-03314,83260000,300000
R29-03315,16850000,40000
R29-03316,42730000,150000
R29-03317,8880000,20000
R29-03318,34620000,150000
R29-03319,25580000,60000
R29-03320,26690000,60000
R29-03321,5580000,20000
R29-03322,31130000,60000
R29-03323,21070000,60000
R29-03324,3960000,0
R29-03325,43150000,150000
R29-03326,32590000,60000
R29-03327,76960000,300000
R29-03328,33750000,150000
R29-03329,38260000,150000
R29-03330,81070000,300000
R29-03331,10140000,40000
R29-03332,56360000,150000
R29-03333,31370000,60000
R29-03334,2320000,0
R29-03335,1130000,0
R29-03336,63020000,150000
R29-03337,43480000,150000
R29-03338,52530000,150000
R29-03339,41880000,150000
R29-03340,32390000,60000
R29-03341,13780000,40000
R29-03342,5690000,20000
R29-03343,49230000,150000
R29-03344,44480000,150000
R29-03345,75360000,300000
R29-03346,13660000,40000
R29-03347,85120000,300000
R29-03348,32130000,60000
R29-03349,53770000,150000
R29-03350,31610000,60000
R29-03351,65370000,150000
R29-03352,51780000,150000
R29-03353,32510000,60000
R29-03354,44420000,150000
R29-03355,82170000,300000
R29-03356,3560000,0
R29-03357,2430000,0
R29-03358,42760000,150000
R29-03359,1180000,0
R29-03360,14540000,40000
R29-03361,13290000,40000
R29-03362,7580000,20000
R29-03363,38750000,150000
R29-03364,2810000,0
R29-03365,24760000,60000
R29-03366,67720000,300000
R29-03367,10130000,40000
R29-03368,44510000,150000
R29-03369,22850000,60000
R29-03370,42020000,150000
R29-03371,23800000,60000
R29-03372,57760000,150000
R29-03373,41240000,150000
R29-03374,3340000,0
R29-03375,8740000,20000
R29-03376,52780000,150000
R29-03377,33470000,150000
R29-03378,4740000,0
R29-03379,16320000,40000
R29-03380,26300000,60000
R29-03381,136700000,600000
R29-03382,48630000,150000
R29-03383,37450000,150000
R29-03384,45620000,150000
R29-03385,41150000,150000
R29-03386,81390000,300000
R29-03387,5400000,20000
R29-03388,3880000,0
R29-03389,58640000,150000
R29-03390,57880000,150000
R29-03391,32690000,60000
R29-03392,61660000,150000
R29-03393,71030000,300000
R29-03394,39070000,150000
R29-03395,73920000,300000
R29-03396,71100000,300000
R29-03397,74120000,300000
R29-03398,62590000,150000
R29-03399,32050000,60000
R29-03400,8000000,20000
R29-03401,93120000,300000
R29-03402,21000000,60000
R29-03403,81520000,300000
R29-03404,33530000,150000
R29-03405,83950000,300000
R29-03406,67240000,300000
R29-03407,62730000,150000
R29-03408,740000,0
R29-03409,125290000,300000
R29-03410,53110000,150000
R29-03411,108630000,300000
R29-03412,54140000,150000
R29-03413,90660000,300000
R29-03414,76960000,300000
R29-03415,40390000,150000
R29-03416,42270000,150000
R29-03417,111670000,300000
R29-03418,87390000,300000
R29-03419,35280000,150000
R29-03420,6870000,20000
R29-03421,126670000,300000
R29-03422,24360000,60000
R29-03423,4240000,0
R29-03424,104660000,300000
R29-03425,28420000,60000
R29-03426,79200000,300000
R29-03427,86800000,300000
R29-03428,1200000,0
R29-03429,4350000,0
R29-03430,22250000,60000
R29-03431,20580000,60000
R29-03432,45750000,150000
R29-03433,40370000,150000
R29-03434,100870000,300000
R29-03435,55490000,150000
R29-03436,27270000,60000
R29-03437,52480000,150000
R29-03438,26040000,60000
R29-03439,26060000,60000
R29-03440,25780000,60000
R29-03441,40590000,150000
R29-03442,820000,0
R29-03443,73100000,300000
R29-03444,47560000,150000
R29-03445,21200000,60000
R29-03446,37380000,150000
R29-03447,16680000,40000
R29-03448,1270000,0
R29-03449,42760000,150000
R29-03450,32760000,60000
R29-03451,83360000,300000
R29-03452,44430000,150000
R29-03453,32360000,60000
R29-03454,22510000,60000
R29-03455,52500000,150000
R29-03456,1980000,0
R29-03457,12810000,40000
R29-03458,6690000,20000
R29-03459,5850000,20000
R29-03460,1820000,0
R29-03461,85730000,300000
R29-03462,1560000,0
R29-03463,82080000,300000
R29-03464,21940000,60000
R29-03465,68670000,300000
R29-03466,21670000,60000
R29-03467,12030000,40000
R29-03468,82170000,300000
R29-03469,36550000,150000
R29-03470,62420000,150000
R29-03471,26290000,60000
R29-03472,3030000,0
R29-03473,82460000,300000
R29-03474,17480000,40000
R29-03475,38370000,150000
R29-03476,27310000,60000
R29-03477,95600000,300000
R29-03478,4010000,0
R29-03479,43510000,150000
R29-03480,93730000,300000
R29-03481,5200000,20000
R29-03482,14460000,40000
R29-03483,94180000,300000
R29-03484,17130000,40000
R29-03485,73080000,300000
R29-03486,31930000,60000
R29-03487,1070000,0
R29-03488,69990000,300000
R29-03489,53970000,150000
R29-03490,128280000,300000
R29-03491,60710000,150000
R29-03492,83940000,300000
R29-03493,46440000,150000
R29-03494,97760000,300000
R29-03495,63750000,150000
R29-03496,103220000,300000
R29-03497,93500000,300000
R29-03498,46330000,150000
R29-03499,1560000,0
R29-03500,42360000,150000
R29-03501,13190000,40000
R29-03502,22240000,60000
R29-03503,47540000,150000
R29-03504,17070000,40000
R29-03505,52750000,150000
R29-03506,2400000,0
R29-03507,6550000,20000
R29-03508,22710000,60000
R29-03509,74840000,300000
R29-03510,90230000,300000
R29-03511,76560000,300000
R29-03512,84770000,300000
R29-03513,13350000,40000
R29-03514,52490000,150000
R29-03515,105000000,300000
R29-03516,18960000,40000
R29-03517,47130000,150000
R29-03518,6280000,20000
R29-03519,64410000,150000
R29-03520,63910000,150000
R29-03521,36930000,150000
R29-03522,23080000,60000
R29-03523,13460000,40000
R29-03524,13270000,40000
R29-03525,1970000,0
R29-03526,3520000,0
R29-03527,104130000,300000
R29-03528,38360000,150000
R29-03529,3900000,0
R29-03530,63490000,150000
R29-03531,23410000,60000
R29-03532,22250000,60000
R29-03533,93510000,300000
R29-03534,23630000,60000
R29-03535,64870000,150000
R29-03536,46250000,150000
R29-03537,52240000,150000
R29-03538,3580000,0
R29-03539,14090000,40000
R29-03540,47000000,150000
R29-03541,33560000,150000
R29-03542,58660000,150000
R29-03543,26830000,60000
R29-03544,62280000,150000
R29-03545,31740000,60000
R29-03546,35870000,150000
R29-03547,6460000,20000
R29-03548,21970000,60000
R29-03549,27880000,60000
R29-03550,22890000,60000
R29-03551,128320000,300000
R29-03552,1740000,0
R29-03553,35870000,150000
R29-03554,83670000,300000
R29-03555,62580000,150000
R29-03556,24390000,60000
R29-03557,122180000,300000
R29-03558,83020000,300000
R29-03559,28930000,60000
R29-03560,35640000,150000
R29-03561,42930000,150000
R29-03562,4290000,0
R29-03563,23130000,60000
R29-03564,28490000,60000
R29-03565,41180000,150000
R29-03566,12640000,40000
R29-03567,44160000,150000
R29-03568,27300000,60000
R29-03569,13420000,40000
R29-03570,1190000,0
R29-03571,67180000,300000
R29-03572,55860000,150000
R29-03573,32830000,60000
R29-03574,22010000,60000
R29-03575,740000,0
R29-03576,4860000,0
R29-03577,99400000,300000
R29-03578,85410000,300000
R29-03579,22060000,60000
R29-03580,51130000,150000
R29-03581,53010000,150000
R29-03582,135050000,600000
R29-03583,38160000,150000
R29-03584,11940000,40000
R29-03585,53250000,150000
R29-03586,4830000,0
R29-03587,2660000,0
R29-03588,47600000,150000
R29-03589,5240000,20000
R29-03590,83390000,300000
R29-03591,32530000,60000
R29-03592,18230000,40000
R29-03593,5520000,20000
R29-03594,92360000,300000
R29-03595,36410000,150000
R29-03596,83960000,300000
R29-03597,32820000,60000
R29-03598,10750000,40000
R29-03599,20640000,60000
R29-03600,2380000,0
R29-03601,24740000,60000
R29-03602,13720000,40000
R29-03603,12480000,40000
R29-03604,13880000,40000
R29-03605,92000000,300000
R29-03606,64060000,150000
R29-03607,103400000,300000
R29-03608,52630000,150000
R29-03609,53610000,150000
R29-03610,116140000,300000
R29-03611,27550000,60000
R29-03612,42270000,150000
R29-03613,84620000,300000
R29-03614,35940000,150000
R29-03615,2830000,0
R29-03616,41560000,150000
R29-03617,41500000,150000
R29-03618,61720000,150000
R29-03619,2540000,0
R29-03620,38460000,150000
R29-03621,64400000,150000
R29-03622,122090000,300000
R29-03623,1710000,0
R29-03624,21240000,60000
R29-03625,81400000,300000
R29-03626,52360000,150000
R29-03627,13890000,40000
R29-03628,32950000,60000
R29-03629,41620000,150000
R29-03630,62890000,150000
R29-03631,23530000,60000
R29-03632,2790000,0
R29-03633,16990000,40000
R29-03634,13950000,40000
R29-03635,54930000,150000
R29-03636,83080000,300000
R29-03637,132780000,300000
R29-03638,91860000,300000
R29-03639,15110000,40000
R29-03640,21200000,60000
R29-03641,84660000,300000
R29-03642,6690000,20000
R29-03643,102890000,300000
R29-03644,24710000,60000
R29-03645,72750000,300000
R29-03646,44300000,150000
R29-03647,65530000,150000
R29-03648,115170000,300000
R29-03649,43030000,150000
R29-03650,52280000,150000
R29-03651,33780000,150000
R29-03652,84060000,300000
R29-03653,67510000,300000
R29-03654,73950000,300000
R29-03655,4970000,0
R29-03656,45350000,150000
R29-03657,43720000,150000
R29-03658,104690000,300000
R29-03659,53790000,150000
R29-03660,4700000,0
R29-03661,132140000,300000
R29-03662,13420000,40000
R29-03663,20990000,60000
R29-03664,63400000,150000
R29-03665,13500000,40000
R29-03666,3780000,0
R29-03667,61570000,150000
R29-03668,22560000,60000
R29-03669,81100000,300000
R29-03670,10650000,40000
R29-03671,7540000,20000
R29-03672,74140000,300000
R29-03673,66330000,150000
R29-03674,4600000,0
R29-03675,38410000,150000
R29-03676,102890000,300000
R29-03677,1230000,0
R29-03678,80650000,300000
R29-03679,81290000,300000
R29-03680,56820000,150000
R29-03681,101620000,300000
R29-03682,2570000,0
R29-03683,6640000,20000
R29-03684,14740000,40000
R29-03685,6620000,20000
R29-03686,72770000,300000
R29-03687,21030000,60000
R29-03688,8490000,20000
R29-03689,56160000,150000
R29-03690,43760000,150000
R29-03691,106710000,300000
R29-03692,2660000,0
R29-03693,15390000,40000
R29-03694,15570000,40000
R29-03695,5470000,20000
R29-03696,46370000,150000
R29-03697,92870000,300000
R29-03698,2440000,0
R29-03699,52030000,150000
R29-03700,112300000,300000
R29-03701,34500000,150000
R29-03702,2250000,0
R29-03703,24130000,60000
R29-03704,56910000,150000
R29-03705,93290000,300000
R29-03706,24410000,60000
R29-03707,23890000,60000
R29-03708,35710000,150000
R29-03709,44050000,150000
R29-03710,86140000,300000
R29-03711,1770000,0
R29-03712,14370000,40000
R29-03713,13930000,40000
R29-03714,26240000,60000
R29-03715,11920000,40000
R29-03716,47640000,150000
R29-03717,2130000,0
R29-03718,8110000,20000
R29-03719,2030000,0
R29-03720,145350000,600000
R29-03721,24230000,60000
R29-03722,94860000,300000
R29-03723,35380000,150000
R29-03724,44600000,150000
R29-03725,33370000,150000
R29-03726,2420000,0
R29-03727,48230000,150000
R29-03728,21370000,60000
R29-03729,52450000,150000
R29-03730,63990000,150000
R29-03731,15340000,40000
R29-03732,55370000,150000
R29-03733,63820000,150000
R29-03734,53820000,150000
R29-03735,17120000,40000
R29-03736,4660000,0
R29-03737,33140000,60000
R29-03738,43840000,150000
R29-03739,34500000,150000
R29-03740,23830000,60000
R29-03741,32950000,60000
R29-03742,16080000,40000
R29-03743,33930000,150000
R29-03744,22460000,60000
R29-03745,34970000,150000
R29-03746,24820000,60000
R29-03747,96780000,300000
R29-03748,123940000,300000
R29-03749,63340000,150000
R29-03750,3220000,0
R29-03751,113360000,300000
R29-03752,48810000,150000
R29-03753,14540000,40000
R29-03754,33760000,150000
R29-03755,53520000,150000
R29-03756,55730000,150000
R29-03757,81890000,300000
R29-03758,1600000,0
R29-03759,24030000,60000
R29-03760,6090000,20000
R29-03761,72760000,300000
R29-03762,33160000,60000
R29-03763,42950000,150000
R29-03764,70360000,300000
R29-03765,7340000,20000
R29-03766,96330000,300000
R29-03767,3230000,0
R29-03768,36740000,150000
R29-03769,30700000,60000
R29-03770,31820000,60000
R29-03771,5250000,20000
R29-03772,43870000,150000
R29-03773,77240000,300000
R29-03774,80900000,300000
R29-03775,56050000,150000
R29-03776,72620000,300000
R29-03777,91650000,300000
R29-03778,7260000,20000
R29-03779,28910000,60000
R29-03780,12620000,40000
R29-03781,92230000,300000
R29-03782,81980000,300000
R29-03783,58760000,150000
R29-03784,13190000,40000
R29-03785,2740000,0
R29-03786,16130000,40000
R29-03787,72620000,300000
R29-03788,144290000,600000
R29-03789,61360000,150000
R29-03790,46070000,150000
R29-03791,21460000,60000
R29-03792,123110000,300000
R29-03793,26890000,60000
R29-03794,87160000,300000
R29-03795,57630000,150000
R29-03796,2350000,0
R29-03797,55410000,150000
R29-03798,5680000,20000
R29-03799,61940000,150000
R29-03800,64060000,150000
R29-03801,36080000,150000
R29-03802,730000,0
R29-03803,171520000,600000
R29-03804,23460000,60000
R29-03805,32020000,60000
R29-03806,1950000,0
R29-03807,37740000,150000
R29-03808,12710000,40000
R29-03809,12700000,40000
R29-03810,25820000,60000
R29-03811,81180000,300000
R29-03812,71700000,300000
R29-03813,34790000,150000
R29-03814,152180000,600000
R29-03815,21620000,60000
R29-03816,64070000,150000
R29-03817,32220000,60000
R29-03818,24630000,60000
R29-03819,89070000,300000
R29-03820,135870000,600000
R29-03821,30420000,60000
R29-03822,1980000,0
R29-03823,67020000,300000
R29-03824,121490000,300000
R29-03825,42010000,150000
R29-03826,23240000,60000
R29-03827,32240000,60000
R29-03828,21520000,60000
R29-03829,43050000,150000
R29-03830,39000000,150000
R29-03831,43750000,150000
R29-03832,73380000,300000
R29-03833,42230000,150000
R29-03834,127470000,300000
R29-03835,52540000,150000
R29-03836,36070000,150000
R29-03837,71330000,300000
R29-03838,84690000,300000
R29-03839,35420000,150000
R29-03840,42030000,150000
R29-03841,43600000,150000
R29-03842,112850000,300000
R29-03843,13960000,40000
R29-03844,43630000,150000
R29-03845,31710000,60000
R29-03846,41710000,150000
R29-03847,31080000,60000
R29-03848,36410000,150000
R29-03849,41400000,150000
R29-03850,42500000,150000
R29-03851,59380000,150000
R29-03852,13650000,40000
R29-03853,11710000,40000
R29-03854,61730000,150000
R29-03855,12090000,40000
R29-03856,36120000,150000
R29-03857,6100000,20000
R29-03858,74620000,300000
R29-03859,24020000,60000
R29-03860,17070000,40000
R29-03861,32310000,60000
R29-03862,54330000,150000
R29-03863,14770000,40000
R29-03864,42650000,150000
R29-03865,62670000,150000
R29-03866,13100000,40000
R29-03867,27560000,60000
R29-03868,14000000,40000
R29-03869,34540000,150000
R29-03870,5160000,20000
R29-03871,12210000,40000
R29-03872,24450000,60000
R29-03873,61880000,150000
R29-03874,21130000,60000
R29-03875,23540000,60000
R29-03876,15680000,40000
R29-03877,34560000,150000
R29-03878,51670000,150000
R29-03879,6870000,20000
R29-03880,36310000,150000
R29-03881,157880000,600000
R29-03882,100710000,300000
R29-03883,5950000,20000
R29-03884,81780000,300000
R29-03885,46110000,150000
R29-03886,62400000,150000
R29-03887,35260000,150000
R29-03888,44230000,150000
R29-03889,1760000,0
R29-03890,13970000,40000
R29-03891,36100000,150000
R29-03892,13560000,40000
R29-03893,6750000,20000
R29-03894,2590000,0
R29-03895,135560000,600000
R29-03896,41270000,150000
R29-03897,150880000,600000
R29-03898,37920000,150000
R29-03899,850000,0
R29-03900,48940000,150000
R29-03901,21300000,60000
R29-03902,3760000,0
R29-03903,43440000,150000
R29-03904,64150000,150000
R29-03905,31450000,60000
R29-03906,24630000,60000
R29-03907,61780000,150000
R29-03908,6230000,20000
R29-03909,41560000,150000
R29-03910,35260000,150000
R29-03911,54850000,150000
R29-03912,71200000,300000
R29-03913,58090000,150000
R29-03914,24860000,60000
R29-03915,37470000,150000
R29-03916,89640000,300000
R29-03917,23000000,60000
R29-03918,31510000,60000
R29-03919,61840000,150000
R29-03920,35070000,150000
R29-03921,13840000,40000
R29-03922,4280000,0
R29-03923,20960000,60000
R29-03924,41370000,150000
R29-03925,83460000,300000
R29-03926,41490000,150000
R29-03927,106090000,300000
R29-03928,41180000,150000
R29-03929,51800000,150000
R29-03930,130540000,300000
R29-03931,3690000,0
R29-03932,15140000,40000
R29-03933,63200000,150000
R29-03934,31580000,60000
R29-03935,50350000,150000
R29-03936,16540000,40000
R29-03937,28280000,60000
R29-03938,30900000,60000
R29-03939,44060000,150000
R29-03940,50720000,150000
R29-03941,76510000,300000
R29-03942,23620000,60000
R29-03943,31740000,60000
R29-03944,70560000,300000
R29-03945,36890000,150000
R29-03946,1680000,0
R29-03947,36000000,150000
R29-03948,44160000,150000
R29-03949,1860000,0
R29-03950,63500000,150000
R29-03951,82570000,300000
R29-03952,74790000,300000
R29-03953,45770000,150000
R29-03954,20660000,60000
R29-03955,55970000,150000
R29-03956,33540000,150000
R29-03957,63860000,150000
R29-03958,23240000,60000
R29-03959,26010000,60000
R29-03960,22080000,60000
R29-03961,44470000,150000
R29-03962,43860000,150000
R29-03963,59000000,150000
R29-03964,7070000,20000
R29-03965,1500000,0
R29-03966,21710000,60000
R29-03967,3180000,0
R29-03968,25100000,60000
R29-03969,17060000,40000
R29-03970,61980000,150000
R29-03971,44880000,150000
R29-03972,132770000,300000
R29-03973,16920000,40000
R29-03974,43830000,150000
R29-03975,12140000,40000
R29-03976,47810000,150000
R29-03977,61980000,150000
R29-03978,2150000,0
R29-03979,80800000,300000
R29-03980,80990000,300000
R29-03981,23670000,60000
R29-03982,36000000,150000
R29-03983,40760000,150000
R29-03984,121620000,300000
R29-03985,26250000,60000
R29-03986,55430000,150000
R29-03987,41260000,150000
R29-03988,63220000,150000
R29-03989,1720000,0
R29-03990,83030000,300000
R29-03991,15730000,40000
R29-03992,22640000,60000
R29-03993,22150000,60000
R29-03994,35440000,150000
R29-03995,70800000,300000
R29-03996,35900000,150000
R29-03997,142890000,600000
R29-03998,64060000,150000
R29-03999,14670000,40000
R29-04000,114760000,300000
R29-04001,24820000,60000
R29-04002,7330000,20000
R29-04003,11620000,40000
R29-04004,42100000,150000
R29-04005,31660000,60000
R29-04006,93610000,300000
