고객ID,타사이전금액,혜택금액
R01-00000,7190000,20000
R01-00001,62380000,150000
R01-00002,53820000,150000
R01-00003,112380000,300000
R01-00004,54880000,150000
R01-00005,64340000,150000
R01-00006,3630000,0
R01-00007,99920000,300000
R01-00008,32700000,60000
R01-00009,55600000,150000
R01-00010,21420000,60000
R01-00011,72190000,300000
R01-00012,61630000,150000
R01-00013,123350000,300000
R01-00014,25770000,60000
R01-00015,23200000,60000
R01-00016,56240000,150000
R01-00017,3360000,0
R01-00018,41690000,150000
R01-00019,26160000,60000
R01-00020,61780000,150000
R01-00021,1410000,0
R01-00022,51890000,150000
R01-00023,20760000,60000
R01-00024,10800000,40000
R01-00025,61280000,150000
R01-00026,110710000,300000
R01-00027,38390000,150000
R01-00028,101780000,300000
R01-00029,5490000,20000
R01-00030,7570000,20000
R01-00031,26920000,60000
R01-00032,21980000,60000
R01-00033,62170000,150000
R01-00034,6270000,20000
R01-00035,34880000,150000
R01-00036,80670000,300000
R01-00037,33080000,60000
R01-00038,82210000,300000
R01-00039,27120000,60000
R01-00040,11350000,40000
R01-00041,84480000,300000
R01-00042,14640000,40000
R01-00043,53680000,150000
R01-00044,22040000,60000
R01-00045,36650000,150000
R01-00046,82550000,300000
R01-00047,2680000,0
R01-00048,24950000,60000
R01-00049,42880000,150000
R01-00050,5630000,20000
R01-00051,12840000,40000
R01-00052,13080000,40000
R01-00053,46730000,150000
R01-00054,21190000,60000
R01-00055,11570000,40000
R01-00056,94880000,300000
R01-00057,53270000,150000
R01-00058,380000,0
R01-00059,51930000,150000
R01-00060,34030000,150000
R01-00061,43750000,150000
R01-00062,31520000,60000
R01-00063,136130000,600000
R01-00064,14220000,40000
R01-00065,3110000,0
R01-00066,44660000,150000
R01-00067,43410000,150000
R01-00068,81550000,300000
R01-00069,58030000,150000
R01-00070,91590000,300000
R01-00071,15720000,40000
R01-00072,107400000,300000
R01-00073,51620000,150000
R01-00074,51590000,150000
R01-00075,34130000,150000
R01-00076,78770000,300000
R01-00077,77660000,300000
R01-00078,21550000,60000
R01-00079,32710000,60000
R01-00080,62300000,150000
R01-00081,44480000,150000
R01-00082,32940000,60000
R01-00083,71160000,300000
R01-00084,5840000,20000
R01-00085,105650000,300000
R01-00086,11000000,40000
R01-00087,4220000,0
R01-00088,4480000,0
R01-00089,83250000,300000
R01-00090,112540000,300000
R01-00091,29420000,60000
R01-00092,7860000,20000
R01-00093,140900000,600000
R01-00094,76150000,300000
R01-00095,32480000,60000
R01-00096,57210000,150000
R01-00097,6810000,20000
R01-00098,112360000,300000
R01-00099,22530000,60000
R01-00100,33500000,150000
R01-00101,102900000,300000
R01-00102,2380000,0
R01-00103,2990000,0
R01-00104,22760000,60000
R01-00105,22470000,60000
R01-00106,35360000,150000
R01-00107,23290000,60000
R01-00108,57050000,150000
R01-00109,3950000,0
R01-00110,53630000,150000
R01-00111,56580000,150000
R01-00112,12990000,40000
R01-00113,71270000,300000
R01-00114,82450000,300000
R01-00115,22440000,60000
R01-00116,1710000,0
R01-00117,72070000,300000
R01-00118,6170000,20000
R01-00119,12460000,40000
R01-00120,67190000,300000
R01-00121,31170000,60000
R01-00122,76600000,300000
R01-00123,33390000,150000
R01-00124,10340000,40000
R01-00125,86540000,300000
R01-00126,81820000,300000
R01-00127,46040000,150000
R01-00128,1370000,0
R01-00129,58710000,150000
R01-00130,31640000,60000
R01-00131,71170000,300000
R01-00132,102700000,300000
R01-00133,40700000,150000
R01-00134,67950000,300000
R01-00135,26010000,60000
R01-00136,86390000,300000
R01-00137,23860000,60000
R01-00138,33420000,150000
R01-00139,113930000,300000
R01-00140,56050000,150000
R01-00141,98610000,300000
R01-00142,31290000,60000
R01-00143,75480000,300000
R01-00144,13120000,40000
R01-00145,145070000,600000
R01-00146,45970000,150000
R01-00147,46870000,150000
R01-00148,52430000,150000
R01-00149,24880000,60000
R01-00150,54090000,150000
R01-00151,101490000,300000
R01-00152,125640000,300000
R01-00153,20960000,60000
R01-00154,53600000,150000
R01-00155,10530000,40000
R01-00156,43800000,150000
R01-00157,15310000,40000
R01-00158,103580000,300000
R01-00159,102950000,300000
R01-00160,34280000,150000
R01-00161,73080000,300000
R01-00162,2760000,0
R01-00163,3090000,0
R01-00164,1130000,0
R01-00165,61360000,150000
R01-00166,47160000,150000
R01-00167,13680000,40000
R01-00168,155640000,600000
R01-00169,2330000,0
R01-00170,131020000,300000
R01-00171,112950000,300000
R01-00172,74620000,300000
R01-00173,33590000,150000
R01-00174,21660000,60000
R01-00175,47920000,150000
R01-00176,17310000,40000
R01-00177,12890000,40000
R01-00178,64380000,150000
R01-00179,52270000,150000
R01-00180,82970000,300000
R01-00181,1940000,0
R01-00182,78770000,300000
R01-00183,41520000,150000
R01-00184,44530000,150000
R01-00185,76810000,300000
R01-00186,13360000,40000
R01-00187,65400000,150000
R01-00188,55230000,150000
R01-00189,45620000,150000
R01-00190,5960000,20000
R01-00191,108680000,300000
R01-00192,61780000,150000
R01-00193,110480000,300000
R01-00194,2760000,0
R01-00195,5870000,20000
R01-00196,151650000,600000
R01-00197,4910000,0
R01-00198,4140000,0
R01-00199,11660000,40000
R01-00200,3850000,0
R01-00201,43130000,150000
R01-00202,27730000,60000
R01-00203,3140000,0
R01-00204,63210000,150000
R01-00205,25530000,60000
R01-00206,5290000,20000
R01-00207,94070000,300000
R01-00208,21530000,60000
R01-00209,71440000,300000
R01-00210,27740000,60000
R01-00211,85450000,300000
R01-00212,64450000,150000
R01-00213,52400000,150000
R01-00214,82860000,300000
R01-00215,45890000,150000
R01-00216,72910000,300000
R01-00217,61760000,150000
R01-00218,51890000,150000
R01-00219,25030000,60000
R01-00220,116010000,300000
R01-00221,5590000,20000
R01-00222,65560000,150000
R01-00223,123870000,300000
R01-00224,34590000,150000
R01-00225,92150000,300000
R01-00226,2560000,0
R01-00227,44130000,150000
R01-00228,5160000,20000
R01-00229,23240000,60000
R01-00230,21600000,60000
R01-00231,32510000,60000
R01-00232,52830000,150000
R01-00233,35510000,150000
R01-00234,84320000,300000
R01-00235,48900000,150000
R01-00236,29060000,60000
R01-00237,25120000,60000
R01-00238,4660000,0
R01-00239,127360000,300000
R01-00240,13900000,40000
R01-00241,34320000,150000
R01-00242,145910000,600000
R01-00243,55300000,150000
R01-00244,54540000,150000
R01-00245,72260000,300000
R01-00246,90650000,300000
R01-00247,93950000,300000
R01-00248,55170000,150000
R01-00249,2330000,0
R01-00250,25690000,60000
R01-00251,1190000,0
R01-00252,41460000,150000
R01-00253,24170000,60000
R01-00254,34340000,150000
R01-00255,5170000,20000
R01-00256,85130000,300000
R01-00257,22540000,60000
R01-00258,52580000,150000
R01-00259,40620000,150000
R01-00260,60810000,150000
R01-00261,35920000,150000
R01-00262,138120000,600000
R01-00263,17040000,40000
R01-00264,85820000,300000
R01-00265,144680000,600000
R01-00266,5930000,20000
R01-00267,66680000,300000
R01-00268,26170000,60000
R01-00269,6560000,20000
R01-00270,22320000,60000
R01-00271,2690000,0
R01-00272,42770000,150000
R01-00273,22210000,60000
R01-00274,66140000,150000
R01-00275,2790000,0
R01-00276,31660000,60000
R01-00277,72340000,300000
R01-00278,21690000,60000
R01-00279,32560000,60000
R01-00280,42810000,150000
R01-00281,6140000,20000
R01-00282,35130000,150000
R01-00283,56930000,150000
R01-00284,12990000,40000
R01-00285,24780000,60000
R01-00286,760000,0
R01-00287,34720000,150000
R01-00288,25600000,60000
R01-00289,8860000,20000
R01-00290,100930000,300000
R01-00291,35910000,150000
R01-00292,14030000,40000
R01-00293,53270000,150000
R01-00294,32080000,60000
R01-00295,71500000,300000
R01-00296,52030000,150000
R01-00297,74240000,300000
R01-00298,23110000,60000
R01-00299,17780000,40000
R01-00300,102390000,300000
R01-00301,66890000,300000
R01-00302,53390000,150000
R01-00303,32430000,60000
R01-00304,39130000,150000
R01-00305,61690000,150000
R01-00306,43840000,150000
R01-00307,2380000,0
R01-00308,5050000,20000
R01-00309,75900000,300000
R01-00310,66740000,300000
R01-00311,23450000,60000
R01-00312,16700000,40000
R01-00313,5950000,20000
R01-00314,72450000,300000
R01-00315,82730000,300000
R01-00316,12560000,40000
R01-00317,52550000,150000
R01-00318,21760000,60000
R01-00319,38070000,150000
R01-00320,9150000,20000
R01-00321,91400000,300000
R01-00322,11310000,40000
R01-00323,75450000,300000
R01-00324,12140000,40000
R01-00325,71630000,300000
R01-00326,10900000,40000
R01-00327,10290000,40000
R01-00328,5890000,20000
R01-00329,52220000,150000
R01-00330,34090000,150000
R01-00331,120850000,300000
R01-00332,102170000,300000
R01-00333,62050000,150000
R01-00334,12610000,40000
R01-00335,42040000,150000
R01-00336,75190000,300000
R01-00337,3280000,0
R01-00338,9730000,20000
R01-00339,57180000,150000
R01-00340,6680000,20000
R01-00341,21150000,60000
R01-00342,6600000,20000
R01-00343,11180000,40000
R01-00344,43260000,150000
R01-00345,54570000,150000
R01-00346,21890000,60000
R01-00347,15020000,40000
R01-00348,92490000,300000
R01-00349,63570000,150000
R01-00350,135720000,600000
R01-00351,25450000,60000
R01-00352,1700000,0
R01-00353,860000,0
R01-00354,42650000,150000
R01-00355,23500000,60000
R01-00356,14170000,40000
R01-00357,115540000,300000
R01-00358,105890000,300000
R01-00359,24550000,60000
R01-00360,1530000,0
R01-00361,21820000,60000
R01-00362,12010000,40000
R01-00363,710000,0
R01-00364,51900000,150000
R01-00365,62650000,150000
R01-00366,35780000,150000
R01-00367,63790000,150000
R01-00368,51910000,150000
R01-00369,23760000,60000
R01-00370,67940000,300000
R01-00371,22980000,60000
R01-00372,53720000,150000
R01-00373,112360000,300000
R01-00374,22470000,60000
R01-00375,21420000,60000
R01-00376,53710000,150000
R01-00377,54490000,150000
R01-00378,83770000,300000
R01-00379,33440000,150000
R01-00380,32240000,60000
R01-00381,86820000,300000
R01-00382,141180000,600000
R01-00383,32200000,60000
R01-00384,83430000,300000
R01-00385,66740000,300000
R01-00386,51260000,150000
R01-00387,72880000,300000
R01-00388,17640000,40000
R01-00389,48880000,150000
R01-00390,35260000,150000
R01-00391,33820000,150000
R01-00392,15610000,40000
R01-00393,31840000,60000
R01-00394,4450000,0
R01-00395,16340000,40000
R01-00396,72600000,300000
R01-00397,14210000,40000
R01-00398,81800000,300000
R01-00399,73150000,300000
R01-00400,24400000,60000
R01-00401,21850000,60000
R01-00402,5870000,20000
R01-00403,45670000,150000
R01-00404,3210000,0
R01-00405,52680000,150000
R01-00406,63890000,150000
R01-00407,55650000,150000
R01-00408,15760000,40000
R01-00409,21730000,60000
R01-00410,22710000,60000
R01-00411,10460000,40000
R01-00412,38050000,150000
R01-00413,55110000,150000
R01-00414,12660000,40000
R01-00415,97180000,300000
R01-00416,52350000,150000
R01-00417,45720000,150000
R01-00418,2610000,0
R01-00419,83470000,300000
R01-00420,70900000,300000
R01-00421,4430000,0
R01-00422,33650000,150000
R01-00423,52520000,150000
R01-00424,8920000,20000
R01-00425,81660000,300000
R01-00426,6580000,20000
R01-00427,41640000,150000
R01-00428,17450000,40000
R01-00429,15870000,40000
R01-00430,20970000,60000
R01-00431,24500000,60000
R01-00432,12670000,40000
R01-00433,131760000,300000
R01-00434,66920000,300000
R01-00435,23310000,60000
R01-00436,136620000,600000
R01-00437,46230000,150000
R01-00438,1620000,0
R01-00439,21860000,60000
R01-00440,56500000,150000
R01-00441,35000000,150000
R01-00442,560000,0
R01-00443,35960000,150000
R01-00444,108360000,300000
R01-00445,35160000,150000
R01-00446,34300000,150000
R01-00447,43100000,150000
R01-00448,44390000,150000
R01-00449,76150000,300000
R01-00450,38160000,150000
R01-00451,28600000,60000
R01-00452,53240000,150000
R01-00453,147500000,600000
R01-00454,14940000,40000
R01-00455,33790000,150000
R01-00456,3020000,0
R01-00457,43250000,150000
R01-00458,62540000,150000
R01-00459,42840000,150000
R01-00460,22870000,60000
R01-00461,20920000,60000
R01-00462,91030000,300000
R01-00463,54060000,150000
R01-00464,33110000,60000
R01-00465,3760000,0
R01-00466,13010000,40000
R01-00467,92930000,300000
R01-00468,32940000,60000
R01-00469,21400000,60000
R01-00470,31730000,60000
R01-00471,72000000,300000
R01-00472,67660000,300000
R01-00473,34770000,150000
R01-00474,61230000,150000
R01-00475,56970000,150000
R01-00476,15660000,40000
R01-00477,34480000,150000
R01-00478,65040000,150000
R01-00479,72370000,300000
R01-00480,52690000,150000
R01-00481,31680000,60000
R01-00482,47240000,150000
R01-00483,14130000,40000
R01-00484,86910000,300000
R01-00485,21620000,60000
R01-00486,23220000,60000
R01-00487,3770000,0
R01-00488,42750000,150000
R01-00489,14930000,40000
R01-00490,56350000,150000
R01-00491,64060000,150000
R01-00492,16790000,40000
R01-00493,21050000,60000
R01-00494,60910000,150000
R01-00495,11440000,40000
R01-00496,12760000,40000
R01-00497,82310000,300000
R01-00498,4230000,0
R01-00499,97780000,300000
R01-00500,23240000,60000
R01-00501,47480000,150000
R01-00502,32420000,60000
R01-00503,58800000,150000
R01-00504,52030000,150000
R01-00505,104710000,300000
R01-00506,35160000,150000
R01-00507,27150000,60000
R01-00508,14320000,40000
R01-00509,34330000,150000
R01-00510,42770000,150000
R01-00511,13680000,40000
R01-00512,61900000,150000
R01-00513,22350000,60000
R01-00514,44440000,150000
R01-00515,5470000,20000
R01-00516,12040000,40000
R01-00517,42100000,150000
R01-00518,34900000,150000
R01-00519,1230000,0
R01-00520,60750000,150000
R01-00521,2770000,0
R01-00522,20830000,60000
R01-00523,24750000,60000
R01-00524,92060000,300000
R01-00525,72490000,300000
R01-00526,71630000,300000
R01-00527,87180000,300000
R01-00528,42620000,150000
R01-00529,24910000,60000
R01-00530,6990000,20000
R01-00531,84120000,300000
R01-00532,12870000,40000
R01-00533,14530000,40000
R01-00534,6640000,20000
R01-00535,15170000,40000
R01-00536,28450000,60000
R01-00537,43980000,150000
R01-00538,33930000,150000
R01-00539,51750000,150000
R01-00540,136220000,600000
R01-00541,14240000,40000
R01-00542,83640000,300000
R01-00543,76340000,300000
R01-00544,62660000,150000
R01-00545,45530000,150000
R01-00546,82550000,300000
R01-00547,28210000,60000
R01-00548,151980000,600000
R01-00549,64130000,150000
R01-00550,34360000,150000
R01-00551,11420000,40000
R01-00552,11680000,40000
R01-00553,6500000,20000
R01-00554,35520000,150000
R01-00555,85950000,300000
R01-00556,44450000,150000
R01-00557,56500000,150000
R01-00558,101030000,300000
R01-00559,10700000,40000
R01-00560,11520000,40000
R01-00561,70530000,300000
R01-00562,96410000,300000
R01-00563,121840000,300000
R01-00564,42420000,150000
R01-00565,4280000,0
R01-00566,5810000,20000
R01-00567,27050000,60000
R01-00568,12190000,40000
R01-00569,78170000,300000
R01-00570,4520000,0
R01-00571,23440000,60000
R01-00572,1280000,0
R01-00573,82100000,300000
R01-00574,61010000,150000
R01-00575,35220000,150000
R01-00576,2150000,0
R01-00577,67160000,300000
R01-00578,15910000,40000
R01-00579,27010000,60000
R01-00580,5830000,20000
R01-00581,31080000,60000
R01-00582,6910000,20000
R01-00583,86140000,300000
R01-00584,75630000,300000
R01-00585,22350000,60000
R01-00586,63170000,150000
R01-00587,42140000,150000
R01-00588,50860000,150000
R01-00589,12190000,40000
R01-00590,5450000,20000
R01-00591,34070000,150000
R01-00592,63190000,150000
R01-00593,25060000,60000
R01-00594,37150000,150000
R01-00595,43510000,150000
R01-00596,33130000,60000
R01-00597,93040000,300000
R01-00598,43830000,150000
R01-00599,58410000,150000
R01-00600,52810000,150000
R01-00601,2320000,0
R01-00602,43910000,150000
R01-00603,16100000,40000
R01-00604,31800000,60000
R01-00605,32160000,60000
R01-00606,34900000,150000
R01-00607,50940000,150000
R01-00608,75490000,300000
R01-00609,14130000,40000
R01-00610,51780000,150000
R01-00611,21810000,60000
R01-00612,64560000,150000
R01-00613,23000000,60000
R01-00614,5220000,20000
R01-00615,31930000,60000
R01-00616,28570000,60000
R01-00617,2970000,0
R01-00618,4890000,0
R01-00619,30060000,60000
R01-00620,47260000,150000
R01-00621,12690000,40000
R01-00622,112400000,300000
R01-00623,40640000,150000
R01-00624,47720000,150000
R01-00625,92240000,300000
R01-00626,540000,0
R01-00627,23000000,60000
R01-00628,73290000,300000
R01-00629,22190000,60000
R01-00630,32290000,60000
R01-00631,720000,0
R01-00632,24540000,60000
R01-00633,116480000,300000
R01-00634,73610000,300000
R01-00635,53250000,150000
R01-00636,47030000,150000
R01-00637,31990000,60000
R01-00638,83700000,300000
R01-00639,85430000,300000
R01-00640,69220000,300000
R01-00641,50210000,150000
R01-00642,12180000,40000
R01-00643,100900000,300000
R01-00644,43020000,150000
R01-00645,130790000,300000
R01-00646,23630000,60000
R01-00647,1320000,0
R01-00648,66130000,150000
R01-00649,14090000,40000
R01-00650,173170000,600000
R01-00651,58020000,150000
R01-00652,84910000,300000
R01-00653,31910000,60000
R01-00654,12140000,40000
R01-00655,55450000,150000
R01-00656,95180000,300000
R01-00657,62050000,150000
R01-00658,25550000,60000
R01-00659,11200000,40000
R01-00660,22480000,60000
R01-00661,67560000,300000
R01-00662,62460000,150000
R01-00663,105610000,300000
R01-00664,24870000,60000
R01-00665,32820000,60000
R01-00666,31370000,60000
R01-00667,12610000,40000
R01-00668,22340000,60000
R01-00669,92520000,300000
R01-00670,34110000,150000
R01-00671,33960000,150000
R01-00672,47530000,150000
R01-00673,40140000,150000
R01-00674,26340000,60000
R01-00675,14360000,40000
R01-00676,87570000,300000
R01-00677,98540000,300000
R01-00678,13210000,40000
R01-00679,33010000,60000
R01-00680,75320000,300000
R01-00681,44990000,150000
R01-00682,142570000,600000
R01-00683,51320000,150000
R01-00684,4260000,0
R01-00685,54870000,150000
R01-00686,32130000,60000
R01-00687,21710000,60000
R01-00688,16280000,40000
R01-00689,20950000,60000
R01-00690,22090000,60000
R01-00691,1410000,0
R01-00692,62830000,150000
R01-00693,54610000,150000
R01-00694,1670000,0
R01-00695,44310000,150000
R01-00696,15640000,40000
R01-00697,134750000,600000
R01-00698,53230000,150000
R01-00699,55180000,150000
R01-00700,920000,0
R01-00701,76410000,300000
R01-00702,6280000,20000
R01-00703,3920000,0
R01-00704,1690000,0
R01-00705,26990000,60000
R01-00706,25210000,60000
R01-00707,22170000,60000
R01-00708,21170000,60000
R01-00709,42710000,150000
R01-00710,5710000,20000
R01-00711,71320000,300000
R01-00712,12770000,40000
R01-00713,41500000,150000
R01-00714,31360000,60000
R01-00715,51130000,150000
R01-00716,37870000,150000
R01-00717,11650000,40000
R01-00718,52150000,150000
R01-00719,62420000,150000
R01-00720,12350000,40000
R01-00721,13610000,40000
R01-00722,30630000,60000
R01-00723,86390000,300000
R01-00724,26020000,60000
R01-00725,27740000,60000
R01-00726,33380000,150000
R01-00727,74780000,300000
R01-00728,21410000,60000
R01-00729,12700000,40000
R01-00730,104750000,300000
R01-00731,23040000,60000
R01-00732,43320000,150000
R01-00733,91710000,300000
R01-00734,6770000,20000
R01-00735,113860000,300000
R01-00736,41520000,150000
R01-00737,76010000,300000
R01-00738,44680000,150000
R01-00739,53180000,150000
R01-00740,87950000,300000
R01-00741,24700000,60000
R01-00742,106170000,300000
R01-00743,31650000,60000
R01-00744,35340000,150000
R01-00745,24950000,60000
R01-00746,24850000,60000
R01-00747,34690000,150000
R01-00748,24130000,60000
R01-00749,7000000,20000
R01-00750,32860000,60000
R01-00751,23940000,60000
R01-00752,12180000,40000
R01-00753,51750000,150000
R01-00754,12520000,40000
R01-00755,2050000,0
R01-00756,26710000,60000
R01-00757,93340000,300000
R01-00758,9540000,20000
R01-00759,75100000,300000
R01-00760,3720000,0
R01-00761,25240000,60000
R01-00762,10850000,40000
R01-00763,96810000,300000
R01-00764,135110000,600000
R01-00765,33450000,150000
R01-00766,42800000,150000
R01-00767,18560000,40000
R01-00768,11640000,40000
R01-00769,25800000,60000
R01-00770,21610000,60000
R01-00771,47170000,150000
R01-00772,31740000,60000
R01-00773,11290000,40000
R01-00774,56280000,150000
R01-00775,90780000,300000
R01-00776,43990000,150000
R01-00777,41760000,150000
R01-00778,43510000,150000
R01-00779,1550000,0
R01-00780,96370000,300000
R01-00781,43950000,150000
R01-00782,2640000,0
R01-00783,42360000,150000
R01-00784,60780000,150000
R01-00785,11730000,40000
R01-00786,53840000,150000
R01-00787,42410000,150000
R01-00788,32800000,60000
R01-00789,16400000,40000
R01-00790,23580000,60000
R01-00791,41060000,150000
R01-00792,7250000,20000
R01-00793,35270000,150000
R01-00794,93500000,300000
R01-00795,37750000,150000
R01-00796,47780000,150000
R01-00797,77480000,300000
R01-00798,43000000,150000
R01-00799,55400000,150000
R01-00800,61910000,150000
R01-00801,61760000,150000
R01-00802,4160000,0
R01-00803,52480000,150000
R01-00804,2250000,0
R01-00805,4990000,0
R01-00806,103580000,300000
R01-00807,21930000,60000
R01-00808,1690000,0
R01-00809,25140000,60000
R01-00810,53280000,150000
R01-00811,122990000,300000
R01-00812,8110000,20000
R01-00813,22320000,60000
R01-00814,44380000,150000
R01-00815,43660000,150000
R01-00816,61980000,150000
R01-00817,52360000,150000
R01-00818,52520000,150000
R01-00819,92180000,300000
R01-00820,47120000,150000
R01-00821,103950000,300000
R01-00822,43140000,150000
R01-00823,137930000,600000
R01-00824,45310000,150000
R01-00825,3590000,0
R01-00826,2690000,0
R01-00827,12640000,40000
R01-00828,44780000,150000
R01-00829,102510000,300000
R01-00830,54850000,150000
R01-00831,43230000,150000
R01-00832,82040000,300000
R01-00833,43560000,150000
R01-00834,117200000,300000
R01-00835,32680000,60000
R01-00836,63110000,150000
R01-00837,32260000,60000
R01-00838,54710000,150000
R01-00839,2330000,0
R01-00840,117580000,300000
R01-00841,61600000,150000
R01-00842,5270000,20000
R01-00843,27620000,60000
R01-00844,13760000,40000
R01-00845,32200000,60000
R01-00846,40440000,150000
R01-00847,61180000,150000
R01-00848,26620000,60000
R01-00849,32400000,60000
R01-00850,60570000,150000
R01-00851,93710000,300000
R01-00852,53600000,150000
R01-00853,24500000,60000
R01-00854,86920000,300000
R01-00855,154680000,600000
R01-00856,11420000,40000
R01-00857,55690000,150000
R01-00858,3280000,0
R01-00859,1470000,0
R01-00860,81000000,300000
R01-00861,71700000,300000
R01-00862,102780000,300000
R01-00863,61550000,150000
R01-00864,32500000,60000
R01-00865,52980000,150000
R01-00866,13190000,40000
R01-00867,87540000,300000
R01-00868,21670000,60000
R01-00869,5370000,20000
R01-00870,710000,0
R01-00871,3150000,0
R01-00872,23160000,60000
R01-00873,21850000,60000
R01-00874,17040000,40000
R01-00875,17350000,40000
R01-00876,1520000,0
R01-00877,73000000,300000
R01-00878,19590000,40000
R01-00879,84890000,300000
R01-00880,76590000,300000
R01-00881,73160000,300000
R01-00882,32810000,60000
R01-00883,67240000,300000
R01-00884,15720000,40000
R01-00885,1730000,0
R01-00886,73110000,300000
R01-00887,46200000,150000
R01-00888,56010000,150000
R01-00889,142940000,600000
R01-00890,50730000,150000
R01-00891,104890000,300000
R01-00892,63780000,150000
R01-00893,14300000,40000
R01-00894,102540000,300000
R01-00895,94110000,300000
R01-00896,28290000,60000
R01-00897,91370000,300000
R01-00898,52980000,150000
R01-00899,51250000,150000
R01-00900,72410000,300000
R01-00901,13520000,40000
R01-00902,31140000,60000
R01-00903,53650000,150000
R01-00904,51740000,150000
R01-00905,23300000,60000
R01-00906,22580000,60000
R01-00907,106670000,300000
R01-00908,71680000,300000
R01-00909,43700000,150000
R01-00910,51910000,150000
R01-00911,42880000,150000
R01-00912,28220000,60000
R01-00913,20930000,60000
R01-00914,92530000,300000
R01-00915,52920000,150000
R01-00916,16760000,40000
R01-00917,95690000,300000
R01-00918,98600000,300000
R01-00919,54040000,150000
R01-00920,93250000,300000
R01-00921,11960000,40000
R01-00922,15900000,40000
R01-00923,22720000,60000
R01-00924,21750000,60000
R01-00925,63010000,150000
R01-00926,32770000,60000
R01-00927,40940000,150000
R01-00928,25060000,60000
R01-00929,8060000,20000
R01-00930,122250000,300000
R01-00931,73610000,300000
R01-00932,114590000,300000
R01-00933,118370000,300000
R01-00934,104360000,300000
R01-00935,13170000,40000
R01-00936,63870000,150000
R01-00937,15950000,40000
R01-00938,32410000,60000
R01-00939,8060000,20000
R01-00940,60860000,150000
R01-00941,35350000,150000
R01-00942,22810000,60000
R01-00943,4980000,0
R01-00944,82370000,300000
R01-00945,34750000,150000
R01-00946,24470000,60000
R01-00947,31530000,60000
R01-00948,64030000,150000
R01-00949,43760000,150000
R01-00950,1610000,0
R01-00951,62140000,150000
R01-00952,23600000,60000
R01-00953,1770000,0
R01-00954,24500000,60000
R01-00955,12620000,40000
R01-00956,61410000,150000
R01-00957,130600000,300000
R01-00958,22610000,60000
R01-00959,65130000,150000
R01-00960,32270000,60000
R01-00961,32230000,60000
R01-00962,32680000,60000
R01-00963,53690000,150000
R01-00964,35490000,150000
R01-00965,13130000,40000
R01-00966,74340000,300000
R01-00967,46080000,150000
R01-00968,96020000,300000
R01-00969,31470000,60000
R01-00970,24950000,60000
R01-00971,105190000,300000
R01-00972,224480000,1000000
R01-00973,15550000,40000
R01-00974,25140000,60000
R01-00975,31290000,60000
R01-00976,57240000,150000
R01-00977,45100000,150000
R01-00978,31270000,60000
R01-00979,24790000,60000
R01-00980,96910000,300000
R01-00981,47830000,150000
R01-00982,1040000,0
R01-00983,53990000,150000
R01-00984,24600000,60000
R01-00985,25300000,60000
R01-00986,700000,0
R01-00987,24910000,60000
R01-00988,31070000,60000
R01-00989,52320000,150000
R01-00990,72090000,300000
R01-00991,23700000,60000
R01-00992,2340000,0
R01-00993,57570000,150000
R01-00994,31780000,60000
R01-00995,72490000,300000
R01-00996,48160000,150000
R01-00997,111650000,300000
R01-00998,44840000,150000
R01-00999,50770000,150000
R01-01000,20370000,60000
R01-01001,13120000,40000
R01-01002,32580000,60000
R01-01003,81390000,300000
R01-01004,64460000,150000
R01-01005,22540000,60000
R01-01006,26110000,60000
R01-01007,73610000,300000
R01-01008,15380000,40000
R01-01009,12610000,40000
R01-01010,64920000,150000
R01-01011,8350000,20000
R01-01012,104010000,300000
R01-01013,149160000,600000
R01-01014,51540000,150000
R01-01015,36590000,150000
R01-01016,72940000,300000
R01-01017,47300000,150000
R01-01018,24110000,60000
R01-01019,2490000,0
R01-01020,90540000,300000
R01-01021,31710000,60000
R01-01022,106150000,300000
R01-01023,21510000,60000
R01-01024,53820000,150000
R01-01025,125040000,300000
R01-01026,44090000,150000
R01-01027,35490000,150000
R01-01028,16970000,40000
R01-01029,24820000,60000
R01-01030,64250000,150000
R01-01031,62490000,150000
R01-01032,103160000,300000
R01-01033,38160000,150000
R01-01034,10900000,40000
R01-01035,18970000,40000
R01-01036,43230000,150000
R01-01037,63720000,150000
R01-01038,104890000,300000
R01-01039,61030000,150000
R01-01040,74880000,300000
R01-01041,38810000,150000
R01-01042,74640000,300000
R01-01043,12630000,40000
R01-01044,2340000,0
R01-01045,31080000,60000
R01-01046,21390000,60000
R01-01047,31040000,60000
R01-01048,55600000,150000
R01-01049,23310000,60000
R01-01050,7110000,20000
R01-01051,6640000,20000
R01-01052,37890000,150000
R01-01053,67900000,300000
R01-01054,32620000,60000
R01-01055,1720000,0
R01-01056,45050000,150000
R01-01057,77240000,300000
R01-01058,38520000,150000
R01-01059,22060000,60000
R01-01060,10100000,40000
R01-01061,105820000,300000
R01-01062,22060000,60000
R01-01063,56830000,150000
R01-01064,22820000,60000
R01-01065,71110000,300000
R01-01066,33980000,150000
R01-01067,154050000,600000
R01-01068,48590000,150000
R01-01069,64800000,150000
R01-01070,11810000,40000
R01-01071,73520000,300000
R01-01072,25640000,60000
R01-01073,34610000,150000
R01-01074,73610000,300000
R01-01075,76340000,300000
R01-01076,14990000,40000
R01-01077,113720000,300000
R01-01078,113570000,300000
R01-01079,26860000,60000
R01-01080,14580000,40000
R01-01081,73560000,300000
R01-01082,61170000,150000
R01-01083,2250000,0
R01-01084,10940000,40000
R01-01085,106120000,300000
R01-01086,51110000,150000
R01-01087,43300000,150000
R01-01088,1820000,0
R01-01089,32310000,60000
R01-01090,96240000,300000
R01-01091,3820000,0
R01-01092,60710000,150000
R01-01093,42070000,150000
R01-01094,12400000,40000
R01-01095,16250000,40000
R01-01096,81610000,300000
R01-01097,23040000,60000
R01-01098,1140000,0
R01-01099,3750000,0
R01-01100,71770000,300000
R01-01101,94090000,300000
R01-01102,2980000,0
R01-01103,64940000,150000
R01-01104,32650000,60000
R01-01105,21230000,60000
R01-01106,3830000,0
R01-01107,73140000,300000
R01-01108,14730000,40000
R01-01109,4060000,0
R01-01110,3680000,0
R01-01111,77590000,300000
R01-01112,63810000,150000
R01-01113,93500000,300000
R01-01114,116080000,300000
R01-01115,42310000,150000
R01-01116,65360000,150000
R01-01117,81280000,300000
R01-01118,5370000,20000
R01-01119,25680000,60000
R01-01120,13030000,40000
R01-01121,890000,0
R01-01122,26440000,60000
R01-01123,32310000,60000
R01-01124,73270000,300000
R01-01125,132780000,300000
R01-01126,45700000,150000
R01-01127,51320000,150000
R01-01128,91980000,300000
R01-01129,16710000,40000
R01-01130,82530000,300000
R01-01131,13140000,40000
R01-01132,6630000,20000
R01-01133,66920000,300000
R01-01134,38190000,150000
R01-01135,48070000,150000
R01-01136,1850000,0
R01-01137,51490000,150000
R01-01138,7000000,20000
R01-01139,71940000,300000
R01-01140,23990000,60000
R01-01141,8820000,20000
R01-01142,22050000,60000
R01-01143,67380000,300000
R01-01144,51480000,150000
R01-01145,23740000,60000
R01-01146,51560000,150000
R01-01147,64090000,150000
R01-01148,46280000,150000
R01-01149,156620000,600000
R01-01150,23890000,60000
R01-01151,22230000,60000
R01-01152,41350000,150000
R01-01153,29290000,60000
R01-01154,25240000,60000
R01-01155,5190000,20000
R01-01156,44130000,150000
R01-01157,4710000,0
R01-01158,2540000,0
R01-01159,11020000,40000
R01-01160,10700000,40000
R01-01161,20890000,60000
R01-01162,84950000,300000
R01-01163,75690000,300000
R01-01164,95890000,300000
R01-01165,4920000,0
R01-01166,6550000,20000
R01-01167,44570000,150000
R01-01168,62770000,150000
R01-01169,30820000,60000
R01-01170,11980000,40000
R01-01171,63630000,150000
R01-01172,68190000,300000
R01-01173,42500000,150000
R01-01174,7380000,20000
R01-01175,2830000,0
R01-01176,51650000,150000
R01-01177,34280000,150000
R01-01178,22090000,60000
R01-01179,21750000,60000
R01-01180,45780000,150000
R01-01181,129160000,300000
R01-01182,11920000,40000
R01-01183,5370000,20000
R01-01184,94370000,300000
R01-01185,62560000,150000
R01-01186,10510000,40000
R01-01187,53430000,150000
R01-01188,98790000,300000
R01-01189,112930000,300000
R01-01190,22690000,60000
R01-01191,14160000,40000
R01-01192,72800000,300000
R01-01193,22130000,60000
R01-01194,24740000,60000
R01-01195,114300000,300000
R01-01196,87130000,300000
R01-01197,55040000,150000
R01-01198,24860000,60000
R01-01199,81070000,300000
R01-01200,112170000,300000
R01-01201,23830000,60000
R01-01202,22860000,60000
R01-01203,22870000,60000
R01-01204,82000000,300000
R01-01205,52560000,150000
R01-01206,21090000,60000
R01-01207,114630000,300000
R01-01208,23920000,60000
R01-01209,32390000,60000
R01-01210,83530000,300000
R01-01211,113280000,300000
R01-01212,49060000,150000
R01-01213,63210000,150000
R01-01214,111060000,300000
R01-01215,25220000,60000
R01-01216,85850000,300000
R01-01217,2900000,0
R01-01218,7760000,20000
R01-01219,63260000,150000
R01-01220,13060000,40000
R01-01221,91530000,300000
R01-01222,12600000,40000
R01-01223,14790000,40000
R01-01224,43520000,150000
R01-01225,31950000,60000
R01-01226,30600000,60000
R01-01227,16020000,40000
R01-01228,11930000,40000
R01-01229,23800000,60000
R01-01230,62290000,150000
R01-01231,73210000,300000
R01-01232,21750000,60000
R01-01233,43870000,150000
R01-01234,45640000,150000
R01-01235,15460000,40000
R01-01236,43980000,150000
R01-01237,4160000,0
R01-01238,51210000,150000
R01-01239,16020000,40000
R01-01240,4540000,0
R01-01241,47730000,150000
R01-01242,101440000,300000
R01-01243,3960000,0
R01-01244,21830000,60000
R01-01245,86900000,300000
R01-01246,22800000,60000
R01-01247,74070000,300000
R01-01248,33390000,150000
R01-01249,25160000,60000
R01-01250,43510000,150000
R01-01251,75640000,300000
R01-01252,82400000,300000
R01-01253,83700000,300000
R01-01254,3310000,0
R01-01255,2010000,0
R01-01256,62190000,150000
R01-01257,51290000,150000
R01-01258,32550000,60000
R01-01259,21380000,60000
R01-01260,1390000,0
R01-01261,84000000,300000
R01-01262,74600000,300000
R01-01263,83300000,300000
R01-01264,21260000,60000
R01-01265,63660000,150000
R01-01266,22790000,60000
R01-01267,30350000,60000
R01-01268,73160000,300000
R01-01269,32280000,60000
R01-01270,21580000,60000
R01-01271,21530000,60000
R01-01272,25330000,60000
R01-01273,15700000,40000
R01-01274,2670000,0
R01-01275,65750000,150000
R01-01276,39920000,150000
R01-01277,32100000,60000
R01-01278,96290000,300000
R01-01279,51470000,150000
R01-01280,111390000,300000
R01-01281,4500000,0
R01-01282,61140000,150000
R01-01283,6030000,20000
R01-01284,12020000,40000
R01-01285,1780000,0
R01-01286,70580000,300000
R01-01287,90940000,300000
R01-01288,12430000,40000
R01-01289,53290000,150000
R01-01290,14630000,40000
R01-01291,4120000,0
R01-01292,33760000,150000
R01-01293,11370000,40000
R01-01294,2790000,0
R01-01295,23500000,60000
R01-01296,63640000,150000
R01-01297,111170000,300000
R01-01298,74580000,300000
R01-01299,81370000,300000
R01-01300,15450000,40000
R01-01301,82720000,300000
R01-01302,3340000,0
R01-01303,12030000,40000
R01-01304,1760000,0
R01-01305,6540000,20000
R01-01306,2000000,0
R01-01307,28130000,60000
R01-01308,46610000,150000
R01-01309,12960000,40000
R01-01310,23440000,60000
R01-01311,2330000,0
R01-01312,25670000,60000
R01-01313,24430000,60000
R01-01314,112330000,300000
R01-01315,63870000,150000
R01-01316,95980000,300000
R01-01317,35800000,150000
R01-01318,23540000,60000
R01-01319,71940000,300000
R01-01320,101940000,300000
R01-01321,42140000,150000
R01-01322,44810000,150000
R01-01323,17530000,40000
R01-01324,33290000,60000
R01-01325,52290000,150000
R01-01326,33640000,150000
R01-01327,12090000,40000
R01-01328,62260000,150000
R01-01329,60920000,150000
R01-01330,6920000,20000
R01-01331,52570000,150000
R01-01332,35430000,150000
R01-01333,38330000,150000
R01-01334,96880000,300000
R01-01335,38350000,150000
R01-01336,62320000,150000
R01-01337,23110000,60000
R01-01338,41960000,150000
R01-01339,25450000,60000
R01-01340,32160000,60000
R01-01341,48420000,150000
R01-01342,54040000,150000
R01-01343,38960000,150000
R01-01344,66150000,150000
R01-01345,18980000,40000
R01-01346,74440000,300000
R01-01347,11390000,40000
R01-01348,34250000,150000
R01-01349,3760000,0
R01-01350,3570000,0
R01-01351,53820000,150000
R01-01352,1570000,0
R01-01353,31950000,60000
R01-01354,80400000,300000
R01-01355,37260000,150000
R01-01356,37040000,150000
R01-01357,72500000,300000
R01-01358,156870000,600000
R01-01359,45710000,150000
R01-01360,5260000,20000
R01-01361,3610000,0
R01-01362,14000000,40000
R01-01363,26940000,60000
R01-01364,23500000,60000
R01-01365,92550000,300000
R01-01366,92800000,300000
R01-01367,24790000,60000
R01-01368,2040000,0
R01-01369,37270000,150000
R01-01370,63750000,150000
R01-01371,8590000,20000
R01-01372,81950000,300000
R01-01373,62630000,150000
R01-01374,61900000,150000
R01-01375,43070000,150000
R01-01376,51650000,150000
R01-01377,14510000,40000
R01-01378,13300000,40000
R01-01379,4330000,0
R01-01380,12570000,40000
R01-01381,43110000,150000
R01-01382,53670000,150000
R01-01383,4370000,0
R01-01384,53670000,150000
R01-01385,6040000,20000
R01-01386,100840000,300000
R01-01387,3250000,0
R01-01388,74920000,300000
R01-01389,93860000,300000
R01-01390,44720000,150000
R01-01391,84130000,300000
R01-01392,42320000,150000
R01-01393,42170000,150000
R01-01394,53020000,150000
R01-01395,92400000,300000
R01-01396,20400000,60000
R01-01397,106120000,300000
R01-01398,61760000,150000
R01-01399,2830000,0
R01-01400,13750000,40000
R01-01401,23540000,60000
R01-01402,42610000,150000
R01-01403,33090000,60000
R01-01404,66280000,150000
R01-01405,35490000,150000
R01-01406,1150000,0
R01-01407,15240000,40000
R01-01408,45490000,150000
R01-01409,143550000,600000
R01-01410,62870000,150000
R01-01411,42470000,150000
R01-01412,43530000,150000
R01-01413,82040000,300000
R01-01414,35180000,150000
R01-01415,2780000,0
R01-01416,33190000,60000
R01-01417,46460000,150000
R01-01418,2500000,0
R01-01419,12270000,40000
R01-01420,10940000,40000
R01-01421,6570000,20000
R01-01422,52500000,150000
R01-01423,21210000,60000
R01-01424,5350000,20000
R01-01425,98500000,300000
R01-01426,11970000,40000
R01-01427,32210000,60000
R01-01428,55670000,150000
R01-01429,2070000,0
R01-01430,56310000,150000
R01-01431,2060000,0
R01-01432,33350000,150000
R01-01433,65080000,150000
R01-01434,3550000,0
R01-01435,61490000,150000
R01-01436,21120000,60000
R01-01437,52740000,150000
R01-01438,26650000,60000
R01-01439,33600000,150000
R01-01440,16910000,40000
R01-01441,85890000,300000
R01-01442,63840000,150000
R01-01443,64500000,150000
R01-01444,21870000,60000
R01-01445,86740000,300000
R01-01446,33540000,150000
R01-01447,82470000,300000
R01-01448,114480000,300000
R01-01449,134370000,600000
R01-01450,18790000,40000
R01-01451,17780000,40000
R01-01452,37500000,150000
R01-01453,34460000,150000
R01-01454,54590000,150000
R01-01455,17900000,40000
R01-01456,29520000,60000
R01-01457,90970000,300000
R01-01458,62230000,150000
R01-01459,59080000,150000
R01-01460,20620000,60000
R01-01461,51530000,150000
R01-01462,55260000,150000
R01-01463,24750000,60000
R01-01464,73640000,300000
R01-01465,75420000,300000
R01-01466,32050000,60000
R01-01467,63660000,150000
R01-01468,35230000,150000
R01-01469,24430000,60000
R01-01470,34020000,150000
R01-01471,74310000,300000
R01-01472,4910000,0
R01-01473,92720000,300000
R01-01474,92760000,300000
R01-01475,44500000,150000
R01-01476,23480000,60000
R01-01477,52900000,150000
R01-01478,36830000,150000
R01-01479,2110000,0
R01-01480,23070000,60000
R01-01481,42630000,150000
R01-01482,39220000,150000
R01-01483,14660000,40000
R01-01484,68340000,300000
R01-01485,4640000,0
R01-01486,13090000,40000
R01-01487,8160000,20000
R01-01488,37860000,150000
R01-01489,1520000,0
R01-01490,12190000,40000
R01-01491,60750000,150000
R01-01492,41550000,150000
R01-01493,6420000,20000
R01-01494,47390000,150000
R01-01495,51370000,150000
R01-01496,101310000,300000
R01-01497,44470000,150000
R01-01498,30890000,60000
R01-01499,101790000,300000
R01-01500,97510000,300000
R01-01501,6200000,20000
R01-01502,122880000,300000
R01-01503,76080000,300000
R01-01504,54940000,150000
R01-01505,61230000,150000
R01-01506,3950000,0
R01-01507,82860000,300000
R01-01508,61000000,150000
R01-01509,52760000,150000
R01-01510,11050000,40000
R01-01511,72920000,300000
R01-01512,40920000,150000
R01-01513,13700000,40000
R01-01514,80750000,300000
R01-01515,31880000,60000
R01-01516,101560000,300000
R01-01517,10680000,40000
R01-01518,3880000,0
R01-01519,72560000,300000
R01-01520,82030000,300000
R01-01521,40740000,150000
R01-01522,95350000,300000
R01-01523,47580000,150000
R01-01524,32810000,60000
R01-01525,112940000,300000
R01-01526,24420000,60000
R01-01527,24190000,60000
R01-01528,12720000,40000
R01-01529,106160000,300000
R01-01530,32110000,60000
R01-01531,52020000,150000
R01-01532,81500000,300000
R01-01533,21250000,60000
R01-01534,4220000,0
R01-01535,64900000,150000
R01-01536,61610000,150000
R01-01537,42120000,150000
R01-01538,76670000,300000
R01-01539,63890000,150000
R01-01540,44870000,150000
R01-01541,21950000,60000
R01-01542,44290000,150000
R01-01543,55220000,150000
R01-01544,33100000,60000
R01-01545,32050000,60000
R01-01546,153440000,600000
R01-01547,45880000,150000
R01-01548,14800000,40000
R01-01549,32420000,60000
R01-01550,31470000,60000
R01-01551,94370000,300000
R01-01552,31630000,60000
R01-01553,41930000,150000
R01-01554,28620000,60000
R01-01555,97620000,300000
R01-01556,17410000,40000
R01-01557,61980000,150000
R01-01558,7650000,20000
R01-01559,54410000,150000
R01-01560,2330000,0
R01-01561,63800000,150000
R01-01562,122000000,300000
R01-01563,12110000,40000
R01-01564,47150000,150000
R01-01565,50850000,150000
R01-01566,87860000,300000
R01-01567,228660000,1000000
R01-01568,8980000,20000
R01-01569,11980000,40000
R01-01570,47660000,150000
R01-01571,66810000,300000
R01-01572,32590000,60000
R01-01573,37550000,150000
R01-01574,104770000,300000
R01-01575,43620000,150000
R01-01576,135900000,600000
R01-01577,22940000,60000
R01-01578,104180000,300000
R01-01579,13770000,40000
R01-01580,13280000,40000
R01-01581,15610000,40000
R01-01582,61460000,150000
R01-01583,42830000,150000
R01-01584,35420000,150000
R01-01585,25230000,60000
R01-01586,75010000,300000
R01-01587,114630000,300000
R01-01588,103620000,300000
R01-01589,2840000,0
R01-01590,25890000,60000
R01-01591,65020000,150000
R01-01592,93810000,300000
R01-01593,5730000,20000
R01-01594,84020000,300000
R01-01595,62860000,150000
R01-01596,32560000,60000
R01-01597,30240000,60000
R01-01598,56470000,150000
R01-01599,73750000,300000
R01-01600,62150000,150000
R01-01601,48580000,150000
R01-01602,25480000,60000
R01-01603,22130000,60000
R01-01604,13320000,40000
R01-01605,65110000,150000
R01-01606,35130000,150000
R01-01607,44040000,150000
R01-01608,44600000,150000
R01-01609,5960000,20000
R01-01610,31050000,60000
R01-01611,51750000,150000
R01-01612,73540000,300000
R01-01613,62380000,150000
R01-01614,66180000,150000
R01-01615,66370000,150000
R01-01616,61700000,150000
R01-01617,1630000,0
R01-01618,64610000,150000
R01-01619,38080000,150000
R01-01620,6770000,20000
R01-01621,124450000,300000
R01-01622,22670000,60000
R01-01623,103240000,300000
R01-01624,63120000,150000
R01-01625,15830000,40000
R01-01626,4590000,0
R01-01627,24740000,60000
R01-01628,21420000,60000
R01-01629,62480000,150000
R01-01630,103500000,300000
R01-01631,33030000,60000
R01-01632,4470000,0
R01-01633,80900000,300000
R01-01634,111880000,300000
R01-01635,10490000,40000
R01-01636,6590000,20000
R01-01637,31120000,60000
R01-01638,30930000,60000
R01-01639,43960000,150000
R01-01640,155010000,600000
R01-01641,25630000,60000
R01-01642,92350000,300000
R01-01643,104510000,300000
R01-01644,33620000,150000
R01-01645,76740000,300000
R01-01646,22780000,60000
R01-01647,113060000,300000
R01-01648,75450000,300000
R01-01649,23800000,60000
R01-01650,57610000,150000
R01-01651,1520000,0
R01-01652,22510000,60000
R01-01653,83760000,300000
R01-01654,65750000,150000
R01-01655,21420000,60000
R01-01656,42880000,150000
R01-01657,77720000,300000
R01-01658,14060000,40000
R01-01659,11720000,40000
R01-01660,104430000,300000
R01-01661,35030000,150000
R01-01662,7480000,20000
R01-01663,62700000,150000
R01-01664,44220000,150000
R01-01665,68010000,300000
R01-01666,24260000,60000
R01-01667,57370000,150000
R01-01668,74490000,300000
R01-01669,71750000,300000
R01-01670,62260000,150000
R01-01671,22190000,60000
R01-01672,83490000,300000
R01-01673,22240000,60000
R01-01674,102700000,300000
R01-01675,45390000,150000
R01-01676,14670000,40000
R01-01677,27070000,60000
R01-01678,46450000,150000
R01-01679,12820000,40000
R01-01680,2920000,0
R01-01681,40810000,150000
R01-01682,84050000,300000
R01-01683,78680000,300000
R01-01684,125100000,300000
R01-01685,33140000,60000
R01-01686,92230000,300000
R01-01687,108960000,300000
R01-01688,6880000,20000
R01-01689,31250000,60000
R01-01690,61310000,150000
R01-01691,51750000,150000
R01-01692,75230000,300000
R01-01693,61080000,150000
R01-01694,25640000,60000
R01-01695,78270000,300000
R01-01696,71580000,300000
R01-01697,12930000,40000
R01-01698,32470000,60000
R01-01699,114340000,300000
R01-01700,14980000,40000
R01-01701,48270000,150000
R01-01702,6860000,20000
R01-01703,4820000,0
R01-01704,75620000,300000
R01-01705,62780000,150000
R01-01706,81160000,300000
R01-01707,39030000,150000
R01-01708,73610000,300000
R01-01709,35680000,150000
R01-01710,104480000,300000
R01-01711,41860000,150000
R01-01712,77810000,300000
R01-01713,25130000,60000
R01-01714,43690000,150000
R01-01715,47920000,150000
R01-01716,41300000,150000
R01-01717,51280000,150000
R01-01718,8100000,20000
R01-01719,37780000,150000
R01-01720,1700000,0
R01-01721,11150000,40000
R01-01722,43640000,150000
R01-01723,176620000,600000
R01-01724,13330000,40000
R01-01725,63060000,150000
R01-01726,116230000,300000
R01-01727,2450000,0
R01-01728,21380000,60000
R01-01729,33310000,60000
R01-01730,71070000,300000
R01-01731,32080000,60000
R01-01732,56790000,150000
R01-01733,3360000,0
R01-01734,42790000,150000
R01-01735,70690000,300000
R01-01736,47130000,150000
R01-01737,11250000,40000
R01-01738,94600000,300000
R01-01739,2640000,0
R01-01740,13770000,40000
R01-01741,72670000,300000
R01-01742,74280000,300000
R01-01743,33910000,150000
R01-01744,1660000,0
R01-01745,42850000,150000
R01-01746,83540000,300000
R01-01747,25150000,60000
R01-01748,71130000,300000
R01-01749,74350000,300000
R01-01750,31930000,60000
R01-01751,55670000,150000
R01-01752,39330000,150000
R01-01753,66750000,300000
R01-01754,11250000,40000
R01-01755,144260000,600000
R01-01756,43350000,150000
R01-01757,3310000,0
R01-01758,57790000,150000
R01-01759,23860000,60000
R01-01760,52320000,150000
R01-01761,106180000,300000
R01-01762,6780000,20000
R01-01763,61850000,150000
R01-01764,3160000,0
R01-01765,17360000,40000
R01-01766,76020000,300000
R01-01767,96060000,300000
R01-01768,88210000,300000
R01-01769,71150000,300000
R01-01770,28190000,60000
R01-01771,13020000,40000
R01-01772,7980000,20000
R01-01773,23770000,60000
R01-01774,21750000,60000
R01-01775,7460000,20000
R01-01776,65880000,150000
R01-01777,105560000,300000
R01-01778,96900000,300000
R01-01779,3980000,0
R01-01780,41330000,150000
R01-01781,17140000,40000
R01-01782,15600000,40000
R01-01783,52370000,150000
R01-01784,64810000,150000
R01-01785,55010000,150000
R01-01786,5130000,20000
R01-01787,62910000,150000
R01-01788,42390000,150000
R01-01789,81610000,300000
R01-01790,2870000,0
R01-01791,11300000,40000
R01-01792,116450000,300000
R01-01793,40880000,150000
R01-01794,35380000,150000
R01-01795,3560000,0
R01-01796,52350000,150000
R01-01797,16180000,40000
R01-01798,65280000,150000
R01-01799,92150000,300000
R01-01800,11650000,40000
R01-01801,35040000,150000
R01-01802,20660000,60000
R01-01803,36570000,150000
R01-01804,2480000,0
R01-01805,83910000,300000
R01-01806,2120000,0
R01-01807,1430000,0
R01-01808,5730000,20000
R01-01809,12620000,40000
R01-01810,84500000,300000
R01-01811,20690000,60000
R01-01812,81460000,300000
R01-01813,27110000,60000
R01-01814,52250000,150000
R01-01815,65430000,150000
R01-01816,3850000,0
R01-01817,62390000,150000
R01-01818,2090000,0
R01-01819,31770000,60000
R01-01820,94450000,300000
R01-01821,46640000,150000
R01-01822,155630000,600000
R01-01823,8000000,20000
R01-01824,37440000,150000
R01-01825,25040000,60000
R01-01826,54820000,150000
R01-01827,2100000,0
R01-01828,43620000,150000
R01-01829,77450000,300000
R01-01830,61560000,150000
R01-01831,21470000,60000
R01-01832,23770000,60000
R01-01833,51510000,150000
R01-01834,2460000,0
R01-01835,74410000,300000
R01-01836,53210000,150000
R01-01837,5420000,20000
R01-01838,21720000,60000
R01-01839,21650000,60000
R01-01840,44130000,150000
R01-01841,25830000,60000
R01-01842,42630000,150000
R01-01843,21660000,60000
R01-01844,94190000,300000
R01-01845,3700000,0
R01-01846,24860000,60000
R01-01847,60540000,150000
R01-01848,25460000,60000
R01-01849,32390000,60000
R01-01850,52140000,150000
R01-01851,62250000,150000
R01-01852,5270000,20000
R01-01853,31440000,60000
R01-01854,75470000,300000
R01-01855,41670000,150000
R01-01856,13930000,40000
R01-01857,41900000,150000
R01-01858,45210000,150000
R01-01859,26960000,60000
R01-01860,26030000,60000
R01-01861,53720000,150000
R01-01862,67150000,300000
R01-01863,1710000,0
R01-01864,41680000,150000
R01-01865,55330000,150000
R01-01866,6270000,20000
R01-01867,20480000,60000
R01-01868,67000000,300000
R01-01869,63880000,150000
R01-01870,2260000,0
R01-01871,75280000,300000
R01-01872,44580000,150000
R01-01873,780000,0
R01-01874,32220000,60000
R01-01875,30540000,60000
R01-01876,44410000,150000
R01-01877,24000000,60000
R01-01878,72670000,300000
R01-01879,16180000,40000
R01-01880,33670000,150000
R01-01881,13130000,40000
R01-01882,85480000,300000
R01-01883,15690000,40000
R01-01884,83280000,300000
R01-01885,13930000,40000
R01-01886,83380000,300000
R01-01887,13790000,40000
R01-01888,102660000,300000
R01-01889,14020000,40000
R01-01890,34600000,150000
R01-01891,29530000,60000
R01-01892,14310000,40000
R01-01893,3000000,0
R01-01894,73500000,300000
R01-01895,34340000,150000
R01-01896,40420000,150000
R01-01897,40920000,150000
R01-01898,33350000,150000
R01-01899,82900000,300000
R01-01900,25060000,60000
R01-01901,42490000,150000
R01-01902,31770000,60000
R01-01903,22110000,60000
R01-01904,36450000,150000
R01-01905,86920000,300000
R01-01906,20530000,60000
R01-01907,57000000,150000
R01-01908,68460000,300000
R01-01909,43050000,150000
R01-01910,41800000,150000
R01-01911,74000000,300000
R01-01912,23220000,60000
R01-01913,44760000,150000
R01-01914,400000,0
R01-01915,17880000,40000
R01-01916,37510000,150000
R01-01917,46020000,150000
R01-01918,21230000,60000
R01-01919,92850000,300000
R01-01920,44070000,150000
R01-01921,95970000,300000
R01-01922,85980000,300000
R01-01923,24840000,60000
R01-01924,2770000,0
R01-01925,72190000,300000
R01-01926,43870000,150000
R01-01927,85510000,300000
R01-01928,3690000,0
R01-01929,1220000,0
R01-01930,23450000,60000
R01-01931,51940000,150000
R01-01932,61980000,150000
R01-01933,4790000,0
R01-01934,47020000,150000
R01-01935,51020000,150000
R01-01936,44840000,150000
R01-01937,13270000,40000
R01-01938,74750000,300000
R01-01939,2640000,0
R01-01940,73790000,300000
R01-01941,22060000,60000
R01-01942,31830000,60000
R01-01943,1600000,0
R01-01944,35820000,150000
R01-01945,42790000,150000
R01-01946,2620000,0
R01-01947,12890000,40000
R01-01948,44640000,150000
R01-01949,36860000,150000
R01-01950,37670000,150000
R01-01951,45890000,150000
R01-01952,33850000,150000
R01-01953,5270000,20000
R01-01954,5010000,20000
R01-01955,71880000,300000
R01-01956,58650000,150000
R01-01957,1990000,0
R01-01958,52800000,150000
R01-01959,42540000,150000
R01-01960,5500000,20000
R01-01961,43350000,150000
R01-01962,12390000,40000
R01-01963,34790000,150000
R01-01964,95330000,300000
R01-01965,64760000,150000
R01-01966,31820000,60000
R01-01967,62120000,150000
R01-01968,177580000,600000
R01-01969,13330000,40000
R01-01970,30380000,60000
R01-01971,34630000,150000
R01-01972,62090000,150000
R01-01973,27130000,60000
R01-01974,36130000,150000
R01-01975,16800000,40000
R01-01976,12100000,40000
R01-01977,136040000,600000
R01-01978,34800000,150000
R01-01979,44940000,150000
R01-01980,105950000,300000
R01-01981,92130000,300000
R01-01982,63770000,150000
R01-01983,2250000,0
R01-01984,55660000,150000
R01-01985,35020000,150000
R01-01986,82130000,300000
R01-01987,22590000,60000
R01-01988,28550000,60000
R01-01989,20960000,60000
R01-01990,24150000,60000
R01-01991,44920000,150000
R01-01992,4360000,0
R01-01993,3030000,0
R01-01994,20870000,60000
R01-01995,3310000,0
R01-01996,3780000,0
R01-01997,13650000,40000
R01-01998,54510000,150000
R01-01999,32550000,60000
R01-02000,84540000,300000
R01-02001,75110000,300000
R01-02002,11150000,40000
R01-02003,64030000,150000
R01-02004,74640000,300000
R01-02005,23970000,60000
R01-02006,74970000,300000
R01-02007,26030000,60000
R01-02008,92350000,300000
R01-02009,33960000,150000
R01-02010,37490000,150000
R01-02011,72500000,300000
R01-02012,57040000,150000
R01-02013,35040000,150000
R01-02014,44160000,150000
R01-02015,15280000,40000
R01-02016,35070000,150000
R01-02017,5130000,20000
R01-02018,12030000,40000
R01-02019,52420000,150000
R01-02020,16030000,40000
R01-02021,25400000,60000
R01-02022,15490000,40000
R01-02023,24300000,60000
R01-02024,22300000,60000
R01-02025,100650000,300000
R01-02026,104330000,300000
R01-02027,12270000,40000
R01-02028,75980000,300000
R01-02029,111890000,300000
R01-02030,5580000,20000
R01-02031,12230000,40000
R01-02032,20050000,60000
R01-02033,53570000,150000
R01-02034,93650000,300000
R01-02035,77840000,300000
R01-02036,65790000,150000
R01-02037,46790000,150000
R01-02038,42420000,150000
R01-02039,21560000,60000
R01-02040,24140000,60000
R01-02041,91410000,300000
R01-02042,46690000,150000
R01-02043,12540000,40000
R01-02044,36740000,150000
R01-02045,93220000,300000
R01-02046,27700000,60000
R01-02047,23190000,60000
R01-02048,40440000,150000
R01-02049,83300000,300000
R01-02050,5220000,20000
R01-02051,87460000,300000
R01-02052,30520000,60000
R01-02053,2610000,0
R01-02054,81270000,300000
R01-02055,103220000,300000
R01-02056,121820000,300000
R01-02057,27790000,60000
R01-02058,22980000,60000
R01-02059,3950000,0
R01-02060,65690000,150000
R01-02061,83660000,300000
R01-02062,6770000,20000
R01-02063,78060000,300000
R01-02064,33140000,60000
R01-02065,74020000,300000
R01-02066,56870000,150000
R01-02067,31420000,60000
R01-02068,52870000,150000
R01-02069,1600000,0
R01-02070,21200000,60000
R01-02071,27980000,60000
R01-02072,14820000,40000
R01-02073,43920000,150000
R01-02074,143790000,600000
R01-02075,24980000,60000
R01-02076,52050000,150000
R01-02077,37460000,150000
R01-02078,64470000,150000
R01-02079,87530000,300000
R01-02080,36220000,150000
R01-02081,32090000,60000
R01-02082,12800000,40000
R01-02083,22050000,60000
R01-02084,71680000,300000
R01-02085,91610000,300000
R01-02086,11950000,40000
R01-02087,1840000,0
R01-02088,44330000,150000
R01-02089,82690000,300000
R01-02090,23460000,60000
R01-02091,55130000,150000
R01-02092,42050000,150000
R01-02093,73350000,300000
R01-02094,53590000,150000
R01-02095,25130000,60000
R01-02096,76270000,300000
R01-02097,93850000,300000
R01-02098,13290000,40000
R01-02099,23730000,60000
R01-02100,25610000,60000
R01-02101,4260000,0
R01-02102,8770000,20000
R01-02103,52370000,150000
R01-02104,85510000,300000
R01-02105,32970000,60000
R01-02106,43800000,150000
R01-02107,62800000,150000
R01-02108,33190000,60000
R01-02109,33610000,150000
R01-02110,35420000,150000
R01-02111,63000000,150000
R01-02112,103210000,300000
R01-02113,42610000,150000
R01-02114,51090000,150000
R01-02115,66060000,150000
R01-02116,62910000,150000
R01-02117,14490000,40000
R01-02118,52420000,150000
R01-02119,41520000,150000
R01-02120,12690000,40000
R01-02121,74680000,300000
R01-02122,66500000,150000
R01-02123,6360000,20000
R01-02124,13420000,40000
R01-02125,8350000,20000
R01-02126,32350000,60000
R01-02127,5650000,20000
R01-02128,21310000,60000
R01-02129,21900000,60000
R01-02130,38380000,150000
R01-02131,71830000,300000
R01-02132,25490000,60000
R01-02133,102550000,300000
R01-02134,45120000,150000
R01-02135,22080000,60000
R01-02136,93640000,300000
R01-02137,27650000,60000
R01-02138,132070000,300000
R01-02139,11570000,40000
R01-02140,52670000,150000
R01-02141,24700000,60000
R01-02142,43880000,150000
R01-02143,91830000,300000
R01-02144,71230000,300000
R01-02145,94810000,300000
R01-02146,1160000,0
R01-02147,35700000,150000
R01-02148,12370000,40000
R01-02149,125000000,300000
R01-02150,83410000,300000
R01-02151,44110000,150000
R01-02152,53110000,150000
R01-02153,5340000,20000
R01-02154,13480000,40000
R01-02155,75860000,300000
R01-02156,3520000,0
R01-02157,71640000,300000
R01-02158,33780000,150000
R01-02159,26550000,60000
R01-02160,28310000,60000
R01-02161,101310000,300000
R01-02162,61350000,150000
R01-02163,3040000,0
R01-02164,57570000,150000
R01-02165,41740000,150000
R01-02166,2430000,0
R01-02167,55750000,150000
R01-02168,25390000,60000
R01-02169,65660000,150000
R01-02170,22590000,60000
R01-02171,12360000,40000
R01-02172,42180000,150000
R01-02173,13670000,40000
R01-02174,23130000,60000
R01-02175,48810000,150000
R01-02176,62480000,150000
R01-02177,26020000,60000
R01-02178,44110000,150000
R01-02179,34560000,150000
R01-02180,62440000,150000
R01-02181,107090000,300000
R01-02182,87130000,300000
R01-02183,22430000,60000
R01-02184,103390000,300000
R01-02185,43210000,150000
R01-02186,24850000,60000
R01-02187,60970000,150000
R01-02188,4540000,0
R01-02189,15350000,40000
R01-02190,85530000,300000
R01-02191,85390000,300000
R01-02192,34370000,150000
R01-02193,72880000,300000
R01-02194,61960000,150000
R01-02195,22830000,60000
R01-02196,44480000,150000
R01-02197,42500000,150000
R01-02198,61910000,150000
R01-02199,45210000,150000
R01-02200,4190000,0
R01-02201,5540000,20000
R01-02202,49140000,150000
R01-02203,64210000,150000
R01-02204,14260000,40000
R01-02205,12310000,40000
R01-02206,93700000,300000
R01-02207,102370000,300000
R01-02208,72630000,300000
R01-02209,16940000,40000
R01-02210,54770000,150000
R01-02211,107120000,300000
R01-02212,47270000,150000
R01-02213,26290000,60000
R01-02214,35190000,150000
R01-02215,29030000,60000
R01-02216,63000000,150000
R01-02217,68580000,300000
R01-02218,17780000,40000
R01-02219,41420000,150000
R01-02220,20660000,60000
R01-02221,22500000,60000
R01-02222,2060000,0
R01-02223,71930000,300000
R01-02224,23400000,60000
R01-02225,14360000,40000
R01-02226,5380000,20000
R01-02227,37990000,150000
R01-02228,10750000,40000
R01-02229,20910000,60000
R01-02230,69580000,300000
R01-02231,74460000,300000
R01-02232,133140000,300000
R01-02233,1570000,0
R01-02234,46860000,150000
R01-02235,85930000,300000
R01-02236,2170000,0
R01-02237,34910000,150000
R01-02238,52970000,150000
R01-02239,42500000,150000
R01-02240,57080000,150000
R01-02241,3590000,0
R01-02242,53030000,150000
R01-02243,23970000,60000
R01-02244,40240000,150000
R01-02245,40960000,150000
R01-02246,10980000,40000
R01-02247,35360000,150000
R01-02248,51770000,150000
R01-02249,10730000,40000
R01-02250,11380000,40000
R01-02251,81020000,300000
R01-02252,23250000,60000
R01-02253,42260000,150000
R01-02254,51510000,150000
R01-02255,41590000,150000
R01-02256,143250000,600000
R01-02257,52370000,150000
R01-02258,29620000,60000
R01-02259,16760000,40000
R01-02260,65750000,150000
R01-02261,6180000,20000
R01-02262,59180000,150000
R01-02263,41420000,150000
R01-02264,32990000,60000
R01-02265,48760000,150000
R01-02266,114560000,300000
R01-02267,43370000,150000
R01-02268,63560000,150000
R01-02269,30820000,60000
R01-02270,28880000,60000
R01-02271,33170000,60000
R01-02272,570000,0
R01-02273,4700000,0
R01-02274,30950000,60000
R01-02275,21500000,60000
R01-02276,54730000,150000
R01-02277,7430000,20000
R01-02278,12320000,40000
R01-02279,63790000,150000
R01-02280,83650000,300000
R01-02281,41770000,150000
R01-02282,72700000,300000
R01-02283,43420000,150000
R01-02284,46570000,150000
R01-02285,10980000,40000
R01-02286,12900000,40000
R01-02287,24900000,60000
R01-02288,72680000,300000
R01-02289,32260000,60000
R01-02290,57860000,150000
R01-02291,82940000,300000
R01-02292,33720000,150000
R01-02293,15920000,40000
R01-02294,102810000,300000
R01-02295,35000000,150000
R01-02296,24940000,60000
R01-02297,36160000,150000
R01-02298,123980000,300000
R01-02299,53240000,150000
R01-02300,31920000,60000
R01-02301,65120000,150000
R01-02302,33430000,150000
R01-02303,21460000,60000
R01-02304,29300000,60000
R01-02305,970000,0
R01-02306,22780000,60000
R01-02307,51190000,150000
R01-02308,136930000,600000
R01-02309,118270000,300000
R01-02310,24030000,60000
R01-02311,60100000,150000
R01-02312,13420000,40000
R01-02313,23240000,60000
R01-02314,27560000,60000
R01-02315,11260000,40000
R01-02316,116680000,300000
R01-02317,54750000,150000
R01-02318,12510000,40000
R01-02319,51340000,150000
R01-02320,44860000,150000
R01-02321,56450000,150000
R01-02322,27580000,60000
R01-02323,74770000,300000
R01-02324,6360000,20000
R01-02325,33930000,150000
R01-02326,4620000,0
R01-02327,134170000,600000
R01-02328,13270000,40000
R01-02329,61520000,150000
R01-02330,17550000,40000
R01-02331,21820000,60000
R01-02332,13490000,40000
R01-02333,115900000,300000
R01-02334,27580000,60000
R01-02335,11830000,40000
R01-02336,32790000,60000
R01-02337,4390000,0
R01-02338,113570000,300000
R01-02339,84940000,300000
R01-02340,102610000,300000
R01-02341,62930000,150000
R01-02342,42560000,150000
R01-02343,64180000,150000
R01-02344,41210000,150000
R01-02345,62260000,150000
R01-02346,32320000,60000
R01-02347,22350000,60000
R01-02348,55060000,150000
R01-02349,133560000,600000
R01-02350,103100000,300000
R01-02351,16520000,40000
R01-02352,31510000,60000
R01-02353,1970000,0
R01-02354,25000000,60000
R01-02355,22980000,60000
R01-02356,33150000,60000
R01-02357,36690000,150000
R01-02358,26930000,60000
R01-02359,25220000,60000
R01-02360,10630000,40000
R01-02361,11280000,40000
R01-02362,92650000,300000
R01-02363,22420000,60000
R01-02364,33070000,60000
R01-02365,36220000,150000
R01-02366,53240000,150000
R01-02367,47710000,150000
R01-02368,81300000,300000
R01-02369,33340000,150000
R01-02370,121220000,300000
R01-02371,62190000,150000
R01-02372,20690000,60000
R01-02373,55950000,150000
R01-02374,51960000,150000
R01-02375,104760000,300000
R01-02376,58420000,150000
R01-02377,12830000,40000
R01-02378,61470000,150000
R01-02379,130950000,300000
R01-02380,96860000,300000
R01-02381,25470000,60000
R01-02382,113050000,300000
R01-02383,92920000,300000
R01-02384,96850000,300000
R01-02385,61630000,150000
R01-02386,24240000,60000
R01-02387,14910000,40000
R01-02388,23340000,60000
R01-02389,25090000,60000
R01-02390,92300000,300000
R01-02391,16300000,40000
R01-02392,33420000,150000
R01-02393,81740000,300000
R01-02394,41890000,150000
R01-02395,31810000,60000
R01-02396,45480000,150000
R01-02397,102900000,300000
R01-02398,11790000,40000
R01-02399,102400000,300000
R01-02400,91610000,300000
R01-02401,3360000,0
R01-02402,71780000,300000
R01-02403,39320000,150000
R01-02404,43070000,150000
R01-02405,157530000,600000
R01-02406,11790000,40000
R01-02407,51440000,150000
R01-02408,40590000,150000
R01-02409,1330000,0
R01-02410,109560000,300000
R01-02411,81930000,300000
R01-02412,51570000,150000
R01-02413,8840000,20000
R01-02414,1310000,0
R01-02415,22390000,60000
R01-02416,13110000,40000
R01-02417,85690000,300000
R01-02418,1990000,0
R01-02419,14850000,40000
R01-02420,76370000,300000
R01-02421,11810000,40000
R01-02422,23030000,60000
R01-02423,13240000,40000
R01-02424,34520000,150000
R01-02425,49450000,150000
R01-02426,17710000,40000
R01-02427,51400000,150000
R01-02428,20510000,60000
R01-02429,83230000,300000
R01-02430,1750000,0
R01-02431,7690000,20000
R01-02432,102250000,300000
R01-02433,15130000,40000
R01-02434,51270000,150000
R01-02435,44490000,150000
R01-02436,63870000,150000
R01-02437,7760000,20000
R01-02438,50210000,150000
R01-02439,2790000,0
R01-02440,77540000,300000
R01-02441,3960000,0
R01-02442,2580000,0
R01-02443,1590000,0
R01-02444,17090000,40000
R01-02445,2700000,0
R01-02446,4300000,0
R01-02447,33170000,60000
R01-02448,54840000,150000
R01-02449,35280000,150000
R01-02450,61940000,150000
R01-02451,138050000,600000
R01-02452,2960000,0
R01-02453,44240000,150000
R01-02454,102840000,300000
R01-02455,88100000,300000
R01-02456,21760000,60000
R01-02457,73380000,300000
R01-02458,62550000,150000
R01-02459,89430000,300000
R01-02460,16080000,40000
R01-02461,32970000,60000
R01-02462,41640000,150000
R01-02463,19690000,40000
R01-02464,67630000,300000
R01-02465,105210000,300000
R01-02466,2110000,0
R01-02467,26010000,60000
R01-02468,14890000,40000
R01-02469,26040000,60000
R01-02470,72950000,300000
R01-02471,39170000,150000
R01-02472,47020000,150000
R01-02473,43690000,150000
R01-02474,21180000,60000
R01-02475,54800000,150000
R01-02476,42410000,150000
R01-02477,32090000,60000
R01-02478,6560000,20000
R01-02479,82100000,300000
R01-02480,97190000,300000
R01-02481,93870000,300000
R01-02482,13620000,40000
R01-02483,52050000,150000
R01-02484,92400000,300000
R01-02485,83270000,300000
R01-02486,660000,0
R01-02487,41680000,150000
R01-02488,22820000,60000
R01-02489,65440000,150000
R01-02490,20730000,60000
R01-02491,13750000,40000
R01-02492,7860000,20000
R01-02493,100000,0
R01-02494,82650000,300000
R01-02495,12850000,40000
R01-02496,18300000,40000
R01-02497,14770000,40000
R01-02498,6020000,20000
R01-02499,65830000,150000
R01-02500,5460000,20000
R01-02501,24900000,60000
R01-02502,57200000,150000
R01-02503,48160000,150000
R01-02504,63450000,150000
R01-02505,3350000,0
R01-02506,8020000,20000
R01-02507,40750000,150000
R01-02508,3980000,0
R01-02509,45120000,150000
R01-02510,33720000,150000
R01-02511,55240000,150000
R01-02512,21480000,60000
R01-02513,42360000,150000
R01-02514,27940000,60000
R01-02515,20690000,60000
R01-02516,26370000,60000
R01-02517,115670000,300000
R01-02518,40270000,150000
R01-02519,47670000,150000
R01-02520,42530000,150000
R01-02521,122080000,300000
R01-02522,51650000,150000
R01-02523,112760000,300000
R01-02524,17840000,40000
R01-02525,116970000,300000
R01-02526,12440000,40000
R01-02527,23800000,60000
R01-02528,103970000,300000
R01-02529,51380000,150000
R01-02530,94120000,300000
R01-02531,47930000,150000
R01-02532,6950000,20000
R01-02533,11190000,40000
R01-02534,4520000,0
R01-02535,81860000,300000
R01-02536,2920000,0
R01-02537,23690000,60000
R01-02538,72290000,300000
R01-02539,11800000,40000
R01-02540,30810000,60000
R01-02541,93210000,300000
R01-02542,86660000,300000
R01-02543,2920000,0
R01-02544,14020000,40000
R01-02545,82860000,300000
R01-02546,34540000,150000
R01-02547,83790000,300000
R01-02548,31180000,60000
R01-02549,37640000,150000
R01-02550,63270000,150000
R01-02551,23190000,60000
R01-02552,6340000,20000
R01-02553,4090000,0
R01-02554,26980000,60000
R01-02555,49180000,150000
R01-02556,1990000,0
R01-02557,4670000,0
R01-02558,30860000,60000
R01-02559,42240000,150000
R01-02560,24670000,60000
R01-02561,1800000,0
R01-02562,78280000,300000
R01-02563,14710000,40000
R01-02564,36020000,150000
R01-02565,8690000,20000
R01-02566,27960000,60000
R01-02567,20920000,60000
R01-02568,23150000,60000
R01-02569,32060000,60000
R01-02570,52010000,150000
R01-02571,44810000,150000
R01-02572,42590000,150000
R01-02573,64220000,150000
R01-02574,32230000,60000
R01-02575,17450000,40000
R01-02576,1610000,0
R01-02577,116070000,300000
R01-02578,82250000,300000
R01-02579,74430000,300000
R01-02580,26300000,60000
R01-02581,80710000,300000
R01-02582,30440000,60000
R01-02583,22230000,60000
R01-02584,1470000,0
R01-02585,5090000,20000
R01-02586,24660000,60000
R01-02587,41360000,150000
R01-02588,65300000,150000
R01-02589,33180000,60000
R01-02590,76420000,300000
R01-02591,52730000,150000
R01-02592,11740000,40000
R01-02593,71100000,300000
R01-02594,13640000,40000
R01-02595,11910000,40000
R01-02596,1470000,0
R01-02597,13440000,40000
R01-02598,40430000,150000
R01-02599,85910000,300000
R01-02600,84040000,300000
R01-02601,25990000,60000
R01-02602,2020000,0
R01-02603,15590000,40000
R01-02604,83770000,300000
R01-02605,53280000,150000
R01-02606,73340000,300000
R01-02607,33910000,150000
R01-02608,55260000,150000
R01-02609,13280000,40000
R01-02610,36200000,150000
R01-02611,26760000,60000
R01-02612,3720000,0
R01-02613,68720000,300000
R01-02614,33490000,150000
R01-02615,145280000,600000
R01-02616,51230000,150000
R01-02617,58100000,150000
R01-02618,32320000,60000
R01-02619,2710000,0
R01-02620,61020000,150000
R01-02621,23220000,60000
R01-02622,94380000,300000
R01-02623,129060000,300000
R01-02624,63560000,150000
R01-02625,85540000,300000
R01-02626,22310000,60000
R01-02627,55430000,150000
R01-02628,94530000,300000
R01-02629,122950000,300000
R01-02630,62280000,150000
R01-02631,23480000,60000
R01-02632,1210000,0
R01-02633,76620000,300000
R01-02634,55950000,150000
R01-02635,8140000,20000
R01-02636,37020000,150000
R01-02637,24290000,60000
R01-02638,65060000,150000
R01-02639,52960000,150000
R01-02640,54640000,150000
R01-02641,32280000,60000
R01-02642,23760000,60000
R01-02643,96280000,300000
R01-02644,18930000,40000
R01-02645,12350000,40000
R01-02646,71800000,300000
R01-02647,7510000,20000
R01-02648,72850000,300000
R01-02649,44980000,150000
R01-02650,16610000,40000
R01-02651,15150000,40000
R01-02652,66700000,300000
R01-02653,37600000,150000
R01-02654,21400000,60000
R01-02655,13090000,40000
R01-02656,82200000,300000
R01-02657,38450000,150000
R01-02658,11730000,40000
R01-02659,45750000,150000
R01-02660,55650000,150000
R01-02661,106690000,300000
R01-02662,26010000,60000
R01-02663,11320000,40000
R01-02664,52840000,150000
R01-02665,76850000,300000
R01-02666,84430000,300000
R01-02667,2560000,0
R01-02668,64810000,150000
R01-02669,11840000,40000
R01-02670,106930000,300000
R01-02671,42190000,150000
R01-02672,4950000,0
R01-02673,95840000,300000
R01-02674,53960000,150000
R01-02675,2570000,0
R01-02676,37270000,150000
R01-02677,75800000,300000
R01-02678,82020000,300000
R01-02679,21230000,60000
R01-02680,154590000,600000
R01-02681,2160000,0
R01-02682,1670000,0
R01-02683,21110000,60000
R01-02684,25020000,60000
R01-02685,1450000,0
R01-02686,92380000,300000
R01-02687,3890000,0
R01-02688,33080000,60000
R01-02689,53960000,150000
R01-02690,114600000,300000
R01-02691,4990000,0
R01-02692,82990000,300000
R01-02693,24980000,60000
R01-02694,32170000,60000
R01-02695,84640000,300000
R01-02696,26420000,60000
R01-02697,25350000,60000
R01-02698,17070000,40000
R01-02699,75870000,300000
R01-02700,52140000,150000
R01-02701,25190000,60000
R01-02702,97900000,300000
R01-02703,21140000,60000
R01-02704,12500000,40000
R01-02705,5720000,20000
R01-02706,66050000,150000
R01-02707,16820000,40000
R01-02708,62560000,150000
R01-02709,64570000,150000
R01-02710,21470000,60000
R01-02711,43340000,150000
R01-02712,2670000,0
R01-02713,23490000,60000
R01-02714,22500000,60000
R01-02715,40890000,150000
R01-02716,54530000,150000
R01-02717,80910000,300000
R01-02718,134980000,600000
R01-02719,64670000,150000
R01-02720,25160000,60000
R01-02721,32480000,60000
R01-02722,4400000,0
R01-02723,58090000,150000
R01-02724,14190000,40000
R01-02725,93470000,300000
R01-02726,12980000,40000
R01-02727,51770000,150000
R01-02728,81030000,300000
R01-02729,44200000,150000
R01-02730,32220000,60000
R01-02731,70890000,300000
R01-02732,82930000,300000
R01-02733,38210000,150000
R01-02734,6900000,20000
R01-02735,31500000,60000
R01-02736,43780000,150000
R01-02737,30920000,60000
R01-02738,17600000,40000
R01-02739,21340000,60000
R01-02740,66020000,150000
R01-02741,55720000,150000
R01-02742,5320000,20000
R01-02743,106090000,300000
R01-02744,5430000,20000
R01-02745,43970000,150000
R01-02746,56510000,150000
R01-02747,152790000,600000
R01-02748,35240000,150000
R01-02749,11260000,40000
R01-02750,13930000,40000
R01-02751,83750000,300000
R01-02752,92800000,300000
R01-02753,15580000,40000
R01-02754,11910000,40000
R01-02755,980000,0
R01-02756,74760000,300000
R01-02757,5690000,20000
R01-02758,64590000,150000
R01-02759,7870000,20000
R01-02760,1070000,0
R01-02761,16250000,40000
R01-02762,45150000,150000
R01-02763,66950000,300000
R01-02764,33140000,60000
R01-02765,25750000,60000
R01-02766,22420000,60000
R01-02767,44480000,150000
R01-02768,92030000,300000
R01-02769,3640000,0
R01-02770,83930000,300000
R01-02771,5180000,20000
R01-02772,135070000,600000
R01-02773,26680000,60000
R01-02774,11460000,40000
R01-02775,1560000,0
R01-02776,46230000,150000
R01-02777,2400000,0
R01-02778,20390000,60000
R01-02779,22790000,60000
R01-02780,44780000,150000
R01-02781,114330000,300000
R01-02782,45470000,150000
R01-02783,65150000,150000
R01-02784,136730000,600000
R01-02785,62990000,150000
R01-02786,21810000,60000
R01-02787,11790000,40000
R01-02788,94340000,300000
R01-02789,17600000,40000
R01-02790,51450000,150000
R01-02791,33310000,60000
R01-02792,55690000,150000
R01-02793,44000000,150000
R01-02794,31130000,60000
R01-02795,65200000,150000
R01-02796,13870000,40000
R01-02797,35840000,150000
R01-02798,6170000,20000
R01-02799,53950000,150000
R01-02800,32140000,60000
R01-02801,39230000,150000
R01-02802,53450000,150000
R01-02803,22960000,60000
R01-02804,43480000,150000
R01-02805,34290000,150000
R01-02806,62040000,150000
R01-02807,7290000,20000
R01-02808,103650000,300000
R01-02809,11310000,40000
R01-02810,40490000,150000
R01-02811,101250000,300000
R01-02812,47460000,150000
R01-02813,91030000,300000
R01-02814,83220000,300000
R01-02815,81850000,300000
R01-02816,72610000,300000
R01-02817,6860000,20000
R01-02818,71220000,300000
R01-02819,35450000,150000
R01-02820,56070000,150000
R01-02821,54590000,150000
R01-02822,48910000,150000
R01-02823,134320000,600000
R01-02824,71700000,300000
R01-02825,3900000,0
R01-02826,23860000,60000
R01-02827,24700000,60000
R01-02828,25550000,60000
R01-02829,50700000,150000
R01-02830,16420000,40000
R01-02831,45270000,150000
R01-02832,65210000,150000
R01-02833,3020000,0
R01-02834,4570000,0
R01-02835,64190000,150000
R01-02836,64940000,150000
R01-02837,2620000,0
R01-02838,3770000,0
R01-02839,13010000,40000
R01-02840,41010000,150000
R01-02841,42910000,150000
R01-02842,105640000,300000
R01-02843,22750000,60000
R01-02844,42110000,150000
R01-02845,10840000,40000
R01-02846,228560000,1000000
R01-02847,4980000,0
R01-02848,3920000,0
R01-02849,2970000,0
R01-02850,46300000,150000
R01-02851,23460000,60000
R01-02852,20890000,60000
R01-02853,24840000,60000
R01-02854,60460000,150000
R01-02855,61790000,150000
R01-02856,84110000,300000
R01-02857,43050000,150000
R01-02858,9030000,20000
R01-02859,33100000,60000
R01-02860,91530000,300000
R01-02861,24280000,60000
R01-02862,32390000,60000
R01-02863,73640000,300000
R01-02864,11870000,40000
R01-02865,56280000,150000
R01-02866,85100000,300000
R01-02867,42480000,150000
R01-02868,43410000,150000
R01-02869,41460000,150000
R01-02870,11140000,40000
R01-02871,62000000,150000
R01-02872,27950000,60000
R01-02873,74590000,300000
R01-02874,54130000,150000
R01-02875,52180000,150000
R01-02876,74710000,300000
R01-02877,74010000,300000
R01-02878,113150000,300000
R01-02879,75440000,300000
R01-02880,212480000,1000000
R01-02881,13250000,40000
R01-02882,5170000,20000
R01-02883,2210000,0
R01-02884,61700000,150000
R01-02885,47030000,150000
R01-02886,23020000,60000
R01-02887,55400000,150000
R01-02888,7900000,20000
R01-02889,63920000,150000
R01-02890,73410000,300000
R01-02891,490000,0
R01-02892,87140000,300000
R01-02893,176050000,600000
R01-02894,101520000,300000
R01-02895,14110000,40000
R01-02896,45270000,150000
R01-02897,23100000,60000
R01-02898,73400000,300000
R01-02899,63950000,150000
R01-02900,53840000,150000
R01-02901,96440000,300000
R01-02902,63860000,150000
R01-02903,96590000,300000
R01-02904,106910000,300000
R01-02905,33190000,60000
R01-02906,52280000,150000
R01-02907,82250000,300000
R01-02908,11240000,40000
R01-02909,79130000,300000
R01-02910,4580000,0
R01-02911,62920000,150000
R01-02912,32740000,60000
R01-02913,100660000,300000
R01-02914,47700000,150000
R01-02915,115290000,300000
R01-02916,42420000,150000
R01-02917,3530000,0
R01-02918,13960000,40000
R01-02919,46570000,150000
R01-02920,51920000,150000
R01-02921,20470000,60000
R01-02922,63750000,150000
R01-02923,16110000,40000
R01-02924,56420000,150000
R01-02925,102590000,300000
R01-02926,132150000,300000
R01-02927,3130000,0
R01-02928,6940000,20000
R01-02929,17330000,40000
R01-02930,94190000,300000
R01-02931,37160000,150000
R01-02932,36160000,150000
R01-02933,23220000,60000
R01-02934,34000000,150000
R01-02935,91740000,300000
R01-02936,51930000,150000
R01-02937,23920000,60000
R01-02938,48930000,150000
R01-02939,84520000,300000
R01-02940,42070000,150000
R01-02941,92430000,300000
R01-02942,15820000,40000
R01-02943,4470000,0
R01-02944,37390000,150000
R01-02945,67480000,300000
R01-02946,80870000,300000
R01-02947,13120000,40000
R01-02948,40650000,150000
R01-02949,48650000,150000
R01-02950,33360000,150000
R01-02951,33180000,60000
R01-02952,23180000,60000
R01-02953,25760000,60000
R01-02954,31200000,60000
R01-02955,2490000,0
R01-02956,43480000,150000
R01-02957,25330000,60000
R01-02958,62850000,150000
R01-02959,53310000,150000
R01-02960,10810000,40000
R01-02961,66250000,150000
R01-02962,14450000,40000
R01-02963,48100000,150000
R01-02964,22530000,60000
R01-02965,78380000,300000
R01-02966,20730000,60000
R01-02967,77420000,300000
R01-02968,2940000,0
R01-02969,35060000,150000
R01-02970,146430000,600000
R01-02971,32150000,60000
R01-02972,16820000,40000
R01-02973,36790000,150000
R01-02974,12460000,40000
R01-02975,11840000,40000
R01-02976,63740000,150000
R01-02977,24570000,60000
R01-02978,81680000,300000
R01-02979,103280000,300000
R01-02980,33450000,150000
R01-02981,32770000,60000
R01-02982,22150000,60000
R01-02983,108880000,300000
R01-02984,58040000,150000
R01-02985,1260000,0
R01-02986,11880000,40000
R01-02987,7710000,20000
R01-02988,26510000,60000
R01-02989,63450000,150000
R01-02990,55070000,150000
R01-02991,72050000,300000
R01-02992,106060000,300000
R01-02993,13540000,40000
R01-02994,84960000,300000
R01-02995,100470000,300000
R01-02996,33770000,150000
R01-02997,2160000,0
R01-02998,74680000,300000
R01-02999,6560000,20000
R01-03000,37370000,150000
R01-03001,32320000,60000
R01-03002,64640000,150000
R01-03003,86070000,300000
R01-03004,52750000,150000
R01-03005,15880000,40000
R01-03006,63610000,150000
R01-03007,6170000,20000
R01-03008,42340000,150000
R01-03009,96440000,300000
R01-03010,61350000,150000
R01-03011,41070000,150000
R01-03012,37930000,150000
R01-03013,90420000,300000
R01-03014,85120000,300000
R01-03015,25660000,60000
R01-03016,26590000,60000
R01-03017,64750000,150000
R01-03018,82740000,300000
R01-03019,76110000,300000
R01-03020,25510000,60000
R01-03021,12470000,40000
R01-03022,12540000,40000
R01-03023,63210000,150000
R01-03024,14420000,40000
R01-03025,94440000,300000
R01-03026,5980000,20000
R01-03027,53310000,150000
R01-03028,6110000,20000
R01-03029,43980000,150000
R01-03030,2670000,0
R01-03031,12030000,40000
R01-03032,14410000,40000
R01-03033,111890000,300000
R01-03034,25120000,60000
R01-03035,6460000,20000
R01-03036,59210000,150000
R01-03037,55610000,150000
R01-03038,85150000,300000
R01-03039,12120000,40000
R01-03040,23110000,60000
R01-03041,61660000,150000
R01-03042,37290000,150000
R01-03043,25170000,60000
R01-03044,52040000,150000
R01-03045,25910000,60000
R01-03046,14040000,40000
R01-03047,31070000,60000
R01-03048,21130000,60000
R01-03049,75240000,300000
R01-03050,55750000,150000
R01-03051,224610000,1000000
R01-03052,13040000,40000
R01-03053,2990000,0
R01-03054,12740000,40000
R01-03055,3900000,0
R01-03056,100610000,300000
R01-03057,2280000,0
R01-03058,15530000,40000
R01-03059,93970000,300000
R01-03060,62380000,150000
R01-03061,1320000,0
R01-03062,15660000,40000
R01-03063,1970000,0
R01-03064,66190000,150000
R01-03065,124510000,300000
R01-03066,43740000,150000
R01-03067,30720000,60000
R01-03068,22690000,60000
R01-03069,14270000,40000
R01-03070,45570000,150000
R01-03071,111660000,300000
R01-03072,33400000,150000
R01-03073,62120000,150000
R01-03074,28460000,60000
R01-03075,32610000,60000
R01-03076,55290000,150000
R01-03077,66810000,300000
R01-03078,64680000,150000
R01-03079,2150000,0
R01-03080,24910000,60000
R01-03081,16300000,40000
R01-03082,24150000,60000
R01-03083,2810000,0
R01-03084,46780000,150000
R01-03085,49400000,150000
R01-03086,44740000,150000
R01-03087,23590000,60000
R01-03088,8030000,20000
R01-03089,102040000,300000
R01-03090,81940000,300000
R01-03091,32060000,60000
R01-03092,23950000,60000
R01-03093,107940000,300000
R01-03094,42020000,150000
R01-03095,31930000,60000
R01-03096,86030000,300000
R01-03097,62220000,150000
R01-03098,24240000,60000
R01-03099,6480000,20000
R01-03100,35580000,150000
R01-03101,17080000,40000
R01-03102,137100000,600000
R01-03103,42490000,150000
R01-03104,25400000,60000
R01-03105,101830000,300000
R01-03106,148660000,600000
R01-03107,43190000,150000
R01-03108,1120000,0
R01-03109,63730000,150000
R01-03110,68880000,300000
R01-03111,71530000,300000
R01-03112,2490000,0
R01-03113,62430000,150000
R01-03114,1680000,0
R01-03115,1640000,0
R01-03116,90980000,300000
R01-03117,32420000,60000
R01-03118,101540000,300000
R01-03119,23750000,60000
R01-03120,32350000,60000
R01-03121,29030000,60000
R01-03122,10160000,40000
R01-03123,5720000,20000
R01-03124,48050000,150000
R01-03125,64190000,150000
R01-03126,92350000,300000
R01-03127,51820000,150000
R01-03128,74530000,300000
R01-03129,72570000,300000
R01-03130,12030000,40000
R01-03131,33110000,60000
R01-03132,2910000,0
R01-03133,3690000,0
R01-03134,77190000,300000
R01-03135,10380000,40000
R01-03136,72660000,300000
R01-03137,21110000,60000
R01-03138,9460000,20000
R01-03139,73340000,300000
R01-03140,22490000,60000
R01-03141,2900000,0
R01-03142,85720000,300000
R01-03143,720000,0
R01-03144,27090000,60000
R01-03145,23050000,60000
R01-03146,72590000,300000
R01-03147,13650000,40000
R01-03148,82670000,300000
R01-03149,24790000,60000
R01-03150,32040000,60000
R01-03151,47530000,150000
R01-03152,31430000,60000
R01-03153,17500000,40000
R01-03154,63370000,150000
R01-03155,71690000,300000
R01-03156,158920000,600000
R01-03157,15870000,40000
R01-03158,14640000,40000
R01-03159,62680000,150000
R01-03160,87600000,300000
R01-03161,82330000,300000
R01-03162,53240000,150000
R01-03163,13040000,40000
R01-03164,67940000,300000
R01-03165,213730000,1000000
R01-03166,1640000,0
R01-03167,54960000,150000
R01-03168,94400000,300000
R01-03169,53780000,150000
R01-03170,54360000,150000
R01-03171,32130000,60000
R01-03172,26080000,60000
R01-03173,16130000,40000
R01-03174,83830000,300000
R01-03175,83750000,300000
R01-03176,1420000,0
R01-03177,24430000,60000
R01-03178,32630000,60000
R01-03179,13850000,40000
R01-03180,63230000,150000
R01-03181,217200000,1000000
R01-03182,61200000,150000
R01-03183,34950000,150000
R01-03184,13580000,40000
R01-03185,4060000,0
R01-03186,26850000,60000
R01-03187,55780000,150000
R01-03188,14340000,40000
R01-03189,38510000,150000
R01-03190,82090000,300000
R01-03191,13680000,40000
R01-03192,52400000,150000
R01-03193,32020000,60000
R01-03194,22860000,60000
R01-03195,12700000,40000
R01-03196,36330000,150000
R01-03197,16800000,40000
R01-03198,35330000,150000
R01-03199,11600000,40000
R01-03200,51990000,150000
R01-03201,1680000,0
R01-03202,107530000,300000
R01-03203,74380000,300000
R01-03204,22760000,60000
R01-03205,12560000,40000
R01-03206,76210000,300000
R01-03207,54530000,150000
R01-03208,1860000,0
R01-03209,34330000,150000
R01-03210,57710000,150000
R01-03211,53250000,150000
R01-03212,35940000,150000
R01-03213,32040000,60000
R01-03214,78450000,300000
R01-03215,42060000,150000
R01-03216,25020000,60000
R01-03217,13780000,40000
R01-03218,57840000,150000
R01-03219,3050000,0
R01-03220,11800000,40000
R01-03221,23850000,60000
R01-03222,6450000,20000
R01-03223,223390000,1000000
R01-03224,105980000,300000
R01-03225,1740000,0
R01-03226,21810000,60000
R01-03227,1530000,0
R01-03228,18190000,40000
R01-03229,56180000,150000
R01-03230,114190000,300000
R01-03231,22600000,60000
R01-03232,43870000,150000
R01-03233,2660000,0
R01-03234,3000000,0
R01-03235,53820000,150000
R01-03236,37230000,150000
R01-03237,63500000,150000
R01-03238,142690000,600000
R01-03239,54520000,150000
R01-03240,68090000,300000
R01-03241,23040000,60000
R01-03242,45750000,150000
R01-03243,21820000,60000
R01-03244,73320000,300000
R01-03245,12330000,40000
R01-03246,27800000,60000
R01-03247,25760000,60000
R01-03248,4220000,0
R01-03249,106820000,300000
R01-03250,73360000,300000
R01-03251,104020000,300000
R01-03252,87010000,300000
R01-03253,4850000,0
R01-03254,11270000,40000
R01-03255,61900000,150000
R01-03256,71350000,300000
R01-03257,91020000,300000
R01-03258,93240000,300000
R01-03259,25690000,60000
R01-03260,108520000,300000
R01-03261,67380000,300000
R01-03262,57570000,150000
R01-03263,12200000,40000
R01-03264,15390000,40000
R01-03265,116110000,300000
R01-03266,4780000,0
R01-03267,62180000,150000
R01-03268,74780000,300000
R01-03269,22250000,60000
R01-03270,64530000,150000
R01-03271,26600000,60000
R01-03272,150950000,600000
R01-03273,52080000,150000
R01-03274,78010000,300000
R01-03275,16300000,40000
R01-03276,18230000,40000
R01-03277,5940000,20000
R01-03278,50990000,150000
R01-03279,2600000,0
R01-03280,1500000,0
R01-03281,21880000,60000
R01-03282,44530000,150000
R01-03283,73390000,300000
R01-03284,118140000,300000
R01-03285,85520000,300000
R01-03286,103410000,300000
R01-03287,62640000,150000
R01-03288,56690000,150000
R01-03289,73300000,300000
R01-03290,81440000,300000
R01-03291,1620000,0
R01-03292,33520000,150000
R01-03293,66870000,300000
R01-03294,11940000,40000
R01-03295,57130000,150000
R01-03296,16570000,40000
R01-03297,13540000,40000
R01-03298,13760000,40000
R01-03299,71610000,300000
R01-03300,12500000,40000
R01-03301,4890000,0
R01-03302,41770000,150000
R01-03303,3330000,0
R01-03304,80710000,300000
R01-03305,61130000,150000
R01-03306,87320000,300000
R01-03307,16150000,40000
R01-03308,44590000,150000
R01-03309,62870000,150000
R01-03310,63210000,150000
R01-03311,65270000,150000
R01-03312,16060000,40000
R01-03313,57510000,150000
R01-03314,85600000,300000
R01-03315,35250000,150000
R01-03316,81320000,300000
R01-03317,12730000,40000
R01-03318,56870000,150000
R01-03319,62850000,150000
R01-03320,74040000,300000
R01-03321,42810000,150000
R01-03322,42200000,150000
R01-03323,43320000,150000
R01-03324,23710000,60000
R01-03325,35310000,150000
R01-03326,11040000,40000
R01-03327,1020000,0
R01-03328,3730000,0
R01-03329,63670000,150000
R01-03330,54270000,150000
R01-03331,75820000,300000
R01-03332,81400000,300000
R01-03333,23680000,60000
R01-03334,20640000,60000
R01-03335,17370000,40000
R01-03336,34620000,150000
R01-03337,102250000,300000
R01-03338,11560000,40000
R01-03339,50710000,150000
R01-03340,52580000,150000
R01-03341,36820000,150000
R01-03342,12060000,40000
R01-03343,21400000,60000
R01-03344,23240000,60000
R01-03345,11000000,40000
R01-03346,65750000,150000
R01-03347,24710000,60000
R01-03348,25500000,60000
R01-03349,84940000,300000
R01-03350,107190000,300000
R01-03351,45470000,150000
R01-03352,44740000,150000
R01-03353,40920000,150000
R01-03354,59550000,150000
R01-03355,32060000,60000
R01-03356,16830000,40000
R01-03357,67700000,300000
R01-03358,3340000,0
R01-03359,32640000,60000
R01-03360,25960000,60000
R01-03361,48080000,150000
R01-03362,28750000,60000
R01-03363,22410000,60000
R01-03364,27780000,60000
R01-03365,62980000,150000
R01-03366,62530000,150000
R01-03367,94250000,300000
R01-03368,106060000,300000
R01-03369,8010000,20000
R01-03370,3670000,0
R01-03371,4040000,0
R01-03372,14960000,40000
R01-03373,26950000,60000
R01-03374,55320000,150000
R01-03375,51270000,150000
R01-03376,117640000,300000
R01-03377,11670000,40000
R01-03378,31920000,60000
R01-03379,22130000,60000
R01-03380,11450000,40000
R01-03381,5700000,20000
R01-03382,23080000,60000
R01-03383,56730000,150000
R01-03384,84530000,300000
R01-03385,54150000,150000
R01-03386,7070000,20000
R01-03387,21370000,60000
R01-03388,36380000,150000
R01-03389,56030000,150000
R01-03390,75690000,300000
R01-03391,24230000,60000
R01-03392,101200000,300000
R01-03393,126370000,300000
R01-03394,70830000,300000
R01-03395,24090000,60000
R01-03396,47100000,150000
R01-03397,27070000,60000
R01-03398,23030000,60000
R01-03399,1040000,0
R01-03400,42510000,150000
R01-03401,24530000,60000
R01-03402,1930000,0
R01-03403,26460000,60000
R01-03404,24720000,60000
R01-03405,5850000,20000
R01-03406,67200000,300000
R01-03407,19160000,40000
R01-03408,93080000,300000
R01-03409,1530000,0
R01-03410,30840000,60000
R01-03411,64870000,150000
R01-03412,7330000,20000
R01-03413,31790000,60000
R01-03414,43650000,150000
R01-03415,71350000,300000
R01-03416,51430000,150000
R01-03417,54000000,150000
R01-03418,32330000,60000
R01-03419,61630000,150000
R01-03420,47220000,150000
R01-03421,71240000,300000
R01-03422,23980000,60000
R01-03423,5940000,20000
R01-03424,3070000,0
R01-03425,75690000,300000
R01-03426,131440000,300000
R01-03427,28740000,60000
R01-03428,112140000,300000
R01-03429,28720000,60000
R01-03430,21670000,60000
R01-03431,15860000,40000
R01-03432,11240000,40000
R01-03433,36030000,150000
R01-03434,23770000,60000
R01-03435,65560000,150000
R01-03436,75230000,300000
R01-03437,10690000,40000
R01-03438,172370000,600000
R01-03439,14860000,40000
R01-03440,8610000,20000
R01-03441,20310000,60000
R01-03442,71130000,300000
R01-03443,74190000,300000
R01-03444,104370000,300000
R01-03445,62190000,150000
R01-03446,20590000,60000
R01-03447,34780000,150000
R01-03448,74210000,300000
R01-03449,32320000,60000
R01-03450,107070000,300000
R01-03451,25040000,60000
R01-03452,71610000,300000
R01-03453,31650000,60000
R01-03454,73280000,300000
R01-03455,2420000,0
R01-03456,27410000,60000
R01-03457,81460000,300000
R01-03458,51760000,150000
R01-03459,62130000,150000
R01-03460,92380000,300000
R01-03461,31070000,60000
R01-03462,40840000,150000
R01-03463,89710000,300000
R01-03464,5900000,20000
R01-03465,4340000,0
R01-03466,5730000,20000
R01-03467,70420000,300000
R01-03468,7210000,20000
R01-03469,890000,0
R01-03470,73070000,300000
R01-03471,6690000,20000
R01-03472,67950000,300000
R01-03473,144190000,600000
R01-03474,16730000,40000
R01-03475,61220000,150000
R01-03476,27040000,60000
R01-03477,33470000,150000
R01-03478,40980000,150000
R01-03479,73350000,300000
R01-03480,22600000,60000
R01-03481,930000,0
R01-03482,63290000,150000
R01-03483,42540000,150000
R01-03484,62630000,150000
R01-03485,2390000,0
R01-03486,71480000,300000
R01-03487,54140000,150000
R01-03488,56420000,150000
R01-03489,21210000,60000
R01-03490,24690000,60000
R01-03491,38520000,150000
R01-03492,12760000,40000
R01-03493,131930000,300000
R01-03494,47160000,150000
R01-03495,63120000,150000
R01-03496,66460000,150000
R01-03497,23810000,60000
R01-03498,40820000,150000
R01-03499,21580000,60000
R01-03500,112550000,300000
R01-03501,63680000,150000
R01-03502,62310000,150000
R01-03503,1780000,0
R01-03504,93570000,300000
R01-03505,1040000,0
R01-03506,111470000,300000
R01-03507,58660000,150000
R01-03508,52730000,150000
R01-03509,22160000,60000
R01-03510,17160000,40000
R01-03511,7630000,20000
R01-03512,26540000,60000
R01-03513,4380000,0
R01-03514,118520000,300000
R01-03515,12560000,40000
R01-03516,92970000,300000
R01-03517,34170000,150000
R01-03518,57140000,150000
R01-03519,71810000,300000
R01-03520,79050000,300000
R01-03521,51600000,150000
R01-03522,105170000,300000
R01-03523,33790000,150000
R01-03524,37970000,150000
R01-03525,74110000,300000
R01-03526,1580000,0
R01-03527,31480000,60000
R01-03528,42180000,150000
R01-03529,67840000,300000
R01-03530,36960000,150000
R01-03531,236190000,1000000
R01-03532,65400000,150000
R01-03533,25020000,60000
R01-03534,15460000,40000
R01-03535,22780000,60000
R01-03536,73010000,300000
R01-03537,22450000,60000
R01-03538,44800000,150000
R01-03539,21500000,60000
R01-03540,21270000,60000
R01-03541,33380000,150000
R01-03542,66430000,150000
R01-03543,46070000,150000
R01-03544,114140000,300000
R01-03545,50750000,150000
R01-03546,42580000,150000
R01-03547,24500000,60000
R01-03548,42470000,150000
R01-03549,37630000,150000
R01-03550,71940000,300000
R01-03551,21350000,60000
R01-03552,43370000,150000
R01-03553,11300000,40000
R01-03554,45660000,150000
R01-03555,55320000,150000
R01-03556,51990000,150000
R01-03557,15280000,40000
R01-03558,31310000,60000
R01-03559,72600000,300000
R01-03560,23740000,60000
R01-03561,127990000,300000
R01-03562,141560000,600000
R01-03563,15660000,40000
R01-03564,11870000,40000
R01-03565,5610000,20000
R01-03566,52600000,150000
R01-03567,46920000,150000
R01-03568,15570000,40000
R01-03569,62930000,150000
R01-03570,11490000,40000
R01-03571,3880000,0
R01-03572,141980000,600000
R01-03573,64090000,150000
R01-03574,23400000,60000
R01-03575,7730000,20000
R01-03576,63060000,150000
R01-03577,24820000,60000
R01-03578,52530000,150000
R01-03579,32880000,60000
R01-03580,71080000,300000
R01-03581,12750000,40000
R01-03582,100440000,300000
R01-03583,35350000,150000
R01-03584,44290000,150000
R01-03585,81140000,300000
R01-03586,7820000,20000
R01-03587,5260000,20000
R01-03588,77250000,300000
R01-03589,32100000,60000
R01-03590,11650000,40000
R01-03591,42800000,150000
R01-03592,123400000,300000
R01-03593,72740000,300000
R01-03594,75190000,300000
R01-03595,22920000,60000
R01-03596,126400000,300000
R01-03597,12600000,40000
R01-03598,13070000,40000
R01-03599,1250000,0
R01-03600,82720000,300000
R01-03601,131600000,300000
R01-03602,24470000,60000
R01-03603,101600000,300000
R01-03604,62230000,150000
R01-03605,10830000,40000
R01-03606,6390000,20000
R01-03607,25390000,60000
R01-03608,21130000,60000
R01-03609,21220000,60000
R01-03610,28890000,60000
R01-03611,40730000,150000
R01-03612,110620000,300000
R01-03613,61290000,150000
R01-03614,35880000,150000
R01-03615,23320000,60000
R01-03616,52700000,150000
R01-03617,24940000,60000
R01-03618,153640000,600000
R01-03619,1310000,0
R01-03620,132400000,300000
R01-03621,5370000,20000
R01-03622,101230000,300000
R01-03623,105060000,300000
R01-03624,13540000,40000
R01-03625,2770000,0
R01-03626,64890000,150000
R01-03627,106570000,300000
R01-03628,45230000,150000
R01-03629,63290000,150000
R01-03630,62520000,150000
R01-03631,45980000,150000
R01-03632,106010000,300000
R01-03633,74150000,300000
R01-03634,21090000,60000
R01-03635,83750000,300000
R01-03636,35050000,150000
R01-03637,22980000,60000
R01-03638,73740000,300000
R01-03639,3200000,0
R01-03640,8610000,20000
R01-03641,38160000,150000
R01-03642,43740000,150000
R01-03643,11610000,40000
R01-03644,5070000,20000
R01-03645,3120000,0
R01-03646,12130000,40000
R01-03647,22160000,60000
R01-03648,6220000,20000
R01-03649,63650000,150000
R01-03650,42630000,150000
R01-03651,67850000,300000
R01-03652,1580000,0
R01-03653,13900000,40000
R01-03654,47760000,150000
R01-03655,25080000,60000
R01-03656,23510000,60000
R01-03657,12270000,40000
R01-03658,104360000,300000
R01-03659,11930000,40000
R01-03660,2590000,0
R01-03661,62590000,150000
R01-03662,46350000,150000
R01-03663,13070000,40000
R01-03664,84120000,300000
R01-03665,55750000,150000
R01-03666,31320000,60000
R01-03667,157790000,600000
R01-03668,21530000,60000
R01-03669,10740000,40000
R01-03670,2900000,0
R01-03671,13650000,40000
R01-03672,22300000,60000
R01-03673,52130000,150000
R01-03674,52010000,150000
R01-03675,102040000,300000
R01-03676,12140000,40000
R01-03677,3500000,0
R01-03678,52980000,150000
R01-03679,33750000,150000
R01-03680,2260000,0
R01-03681,83970000,300000
R01-03682,77140000,300000
R01-03683,33450000,150000
R01-03684,7000000,20000
R01-03685,30750000,60000
R01-03686,61820000,150000
R01-03687,22160000,60000
R01-03688,47090000,150000
R01-03689,42150000,150000
R01-03690,1630000,0
R01-03691,16600000,40000
R01-03692,55230000,150000
R01-03693,33990000,150000
R01-03694,24360000,60000
R01-03695,83930000,300000
R01-03696,13440000,40000
R01-03697,33920000,150000
R01-03698,11900000,40000
R01-03699,92780000,300000
R01-03700,31910000,60000
R01-03701,41300000,150000
R01-03702,3450000,0
R01-03703,51990000,150000
R01-03704,3450000,0
R01-03705,23160000,60000
R01-03706,3690000,0
R01-03707,65210000,150000
R01-03708,51700000,150000
R01-03709,11050000,40000
R01-03710,48320000,150000
R01-03711,132750000,300000
R01-03712,102130000,300000
R01-03713,44930000,150000
R01-03714,85750000,300000
R01-03715,43040000,150000
R01-03716,2630000,0
R01-03717,62150000,150000
R01-03718,42370000,150000
R01-03719,62910000,150000
R01-03720,25590000,60000
R01-03721,81110000,300000
R01-03722,95470000,300000
R01-03723,41440000,150000
R01-03724,5300000,20000
R01-03725,92090000,300000
R01-03726,83460000,300000
R01-03727,58600000,150000
R01-03728,81240000,300000
R01-03729,77920000,300000
R01-03730,43790000,150000
R01-03731,30360000,60000
R01-03732,10950000,40000
R01-03733,30720000,60000
R01-03734,42020000,150000
R01-03735,43410000,150000
R01-03736,62610000,150000
R01-03737,144940000,600000
R01-03738,42370000,150000
R01-03739,31590000,60000
R01-03740,35890000,150000
R01-03741,65270000,150000
R01-03742,111660000,300000
R01-03743,41490000,150000
R01-03744,72070000,300000
R01-03745,31540000,60000
R01-03746,87840000,300000
R01-03747,31910000,60000
R01-03748,85580000,300000
R01-03749,73380000,300000
R01-03750,17210000,40000
R01-03751,1800000,0
R01-03752,33760000,150000
R01-03753,62230000,150000
R01-03754,95280000,300000
R01-03755,40920000,150000
R01-03756,42730000,150000
R01-03757,125190000,300000
R01-03758,920000,0
R01-03759,63590000,150000
R01-03760,45090000,150000
R01-03761,12360000,40000
R01-03762,32960000,60000
R01-03763,156670000,600000
R01-03764,24920000,60000
R01-03765,460000,0
R01-03766,7830000,20000
R01-03767,3980000,0
R01-03768,16060000,40000
R01-03769,84240000,300000
R01-03770,82830000,300000
R01-03771,36630000,150000
R01-03772,11590000,40000
R01-03773,11910000,40000
R01-03774,26550000,60000
R01-03775,2870000,0
R01-03776,157600000,600000
R01-03777,30910000,60000
R01-03778,105180000,300000
R01-03779,54570000,150000
R01-03780,42750000,150000
R01-03781,76560000,300000
R01-03782,1850000,0
R01-03783,123470000,300000
R01-03784,36020000,150000
R01-03785,2440000,0
R01-03786,67780000,300000
R01-03787,42050000,150000
R01-03788,84430000,300000
R01-03789,21220000,60000
R01-03790,48620000,150000
R01-03791,31810000,60000
R01-03792,44090000,150000
R01-03793,65890000,150000
R01-03794,11510000,40000
R01-03795,63820000,150000
R01-03796,34530000,150000
R01-03797,114790000,300000
R01-03798,3200000,0
R01-03799,5220000,20000
R01-03800,36570000,150000
R01-03801,21820000,60000
R01-03802,176860000,600000
R01-03803,173520000,600000
R01-03804,52250000,150000
R01-03805,32110000,60000
R01-03806,52280000,150000
R01-03807,31380000,60000
R01-03808,1230000,0
R01-03809,54610000,150000
R01-03810,56890000,150000
R01-03811,37180000,150000
R01-03812,10870000,40000
R01-03813,53460000,150000
R01-03814,3040000,0
R01-03815,12710000,40000
R01-03816,3100000,0
R01-03817,22200000,60000
R01-03818,23890000,60000
R01-03819,76690000,300000
R01-03820,35180000,150000
R01-03821,71190000,300000
R01-03822,60570000,150000
R01-03823,14190000,40000
R01-03824,23040000,60000
R01-03825,13560000,40000
R01-03826,65480000,150000
R01-03827,42110000,150000
R01-03828,3410000,0
R01-03829,40620000,150000
R01-03830,14680000,40000
R01-03831,31790000,60000
R01-03832,111010000,300000
R01-03833,4350000,0
R01-03834,44670000,150000
R01-03835,106880000,300000
R01-03836,81190000,300000
R01-03837,2040000,0
R01-03838,24600000,60000
R01-03839,23290000,60000
R01-03840,32080000,60000
R01-03841,64120000,150000
R01-03842,26100000,60000
R01-03843,53420000,150000
R01-03844,83840000,300000
R01-03845,30670000,60000
R01-03846,84140000,300000
R01-03847,36770000,150000
R01-03848,63420000,150000
R01-03849,76210000,300000
R01-03850,102160000,300000
R01-03851,26350000,60000
R01-03852,71050000,300000
R01-03853,73320000,300000
R01-03854,151380000,600000
R01-03855,23880000,60000
R01-03856,54970000,150000
R01-03857,75150000,300000
R01-03858,54700000,150000
R01-03859,32120000,60000
R01-03860,20930000,60000
R01-03861,92430000,300000
R01-03862,72950000,300000
R01-03863,3680000,0
R01-03864,1170000,0
R01-03865,64010000,150000
R01-03866,42370000,150000
R01-03867,11550000,40000
R01-03868,120850000,300000
R01-03869,15710000,40000
R01-03870,87100000,300000
R01-03871,83160000,300000
R01-03872,21440000,60000
R01-03873,115290000,300000
R01-03874,3010000,0
R01-03875,36680000,150000
R01-03876,72540000,300000
R01-03877,75470000,300000
R01-03878,23460000,60000
R01-03879,53290000,150000
R01-03880,24520000,60000
R01-03881,42050000,150000
R01-03882,24070000,60000
R01-03883,65240000,150000
R01-03884,26270000,60000
R01-03885,52920000,150000
R01-03886,94520000,300000
R01-03887,91000000,300000
R01-03888,4020000,0
R01-03889,50930000,150000
R01-03890,13140000,40000
R01-03891,23190000,60000
R01-03892,63750000,150000
R01-03893,34330000,150000
R01-03894,4250000,0
R01-03895,43170000,150000
R01-03896,5700000,20000
R01-03897,117330000,300000
R01-03898,73890000,300000
R01-03899,530000,0
R01-03900,73290000,300000
R01-03901,89300000,300000
R01-03902,5250000,20000
R01-03903,44270000,150000
R01-03904,73450000,300000
R01-03905,21720000,60000
R01-03906,64620000,150000
R01-03907,2190000,0
R01-03908,142260000,600000
R01-03909,32640000,60000
R01-03910,15500000,40000
R01-03911,11640000,40000
R01-03912,15490000,40000
R01-03913,67420000,300000
R01-03914,42520000,150000
R01-03915,2450000,0
R01-03916,32500000,60000
R01-03917,23790000,60000
R01-03918,72700000,300000
R01-03919,13400000,40000
R01-03920,46330000,150000
R01-03921,24150000,60000
R01-03922,33540000,150000
R01-03923,88920000,300000
R01-03924,64990000,150000
R01-03925,680000,0
R01-03926,15570000,40000
R01-03927,24710000,60000
R01-03928,24020000,60000
R01-03929,62890000,150000
R01-03930,20850000,60000
R01-03931,23800000,60000
R01-03932,51490000,150000
R01-03933,94100000,300000
R01-03934,26490000,60000
R01-03935,24820000,60000
R01-03936,22330000,60000
R01-03937,226440000,1000000
R01-03938,57310000,150000
R01-03939,38540000,150000
R01-03940,32840000,60000
R01-03941,64290000,150000
R01-03942,35190000,150000
R01-03943,55040000,150000
R01-03944,83000000,300000
R01-03945,41460000,150000
R01-03946,95830000,300000
R01-03947,102560000,300000
R01-03948,87610000,300000
R01-03949,81000000,300000
R01-03950,47630000,150000
R01-03951,145540000,600000
R01-03952,36470000,150000
R01-03953,1850000,0
R01-03954,2140000,0
R01-03955,83440000,300000
R01-03956,3720000,0
R01-03957,14980000,40000
R01-03958,31770000,60000
R01-03959,64370000,150000
R01-03960,80680000,300000
R01-03961,25750000,60000
R01-03962,2550000,0
R01-03963,63550000,150000
R01-03964,32760000,60000
R01-03965,83790000,300000
R01-03966,82440000,300000
R01-03967,57360000,150000
R01-03968,4060000,0
R01-03969,62720000,150000
R01-03970,2710000,0
R01-03971,11040000,40000
R01-03972,45520000,150000
R01-03973,72140000,300000
R01-03974,13510000,40000
R01-03975,44030000,150000
R01-03976,60780000,150000
R01-03977,46420000,150000
R01-03978,71390000,300000
R01-03979,26200000,60000
R01-03980,147890000,600000
R01-03981,2590000,0
R01-03982,61570000,150000
R01-03983,134070000,600000
R01-03984,28710000,60000
R01-03985,23340000,60000
R01-03986,3890000,0
R01-03987,43400000,150000
R01-03988,1060000,0
R01-03989,12920000,40000
R01-03990,11760000,40000
R01-03991,40550000,150000
R01-03992,37090000,150000
R01-03993,31400000,60000
R01-03994,55220000,150000
R01-03995,42310000,150000
R01-03996,63710000,150000
R01-03997,22400000,60000
R01-03998,7260000,20000
R01-03999,7700000,20000
R01-04000,14030000,40000
R01-04001,5080000,20000
R01-04002,7190000,20000
R01-04003,54920000,150000
R01-04004,22830000,60000
R01-04005,50540000,150000
R01-04006,23170000,60000
R01-04007,32360000,60000
R01-04008,61960000,150000
R01-04009,43380000,150000
R01-04010,53950000,150000
R01-04011,57740000,150000
R01-04012,25760000,60000
R01-04013,44010000,150000
R01-04014,12060000,40000
R01-04015,13780000,40000
R01-04016,45730000,150000
R01-04017,45920000,150000
R01-04018,42740000,150000
R01-04019,14620000,40000
R01-04020,75020000,300000
R01-04021,32460000,60000
R01-04022,4420000,0
R01-04023,75770000,300000
R01-04024,114650000,300000
R01-04025,37810000,150000
R01-04026,23930000,60000
R01-04027,131890000,300000
R01-04028,1620000,0
R01-04029,12130000,40000
R01-04030,26980000,60000
R01-04031,22420000,60000
R01-04032,101930000,300000
R01-04033,66690000,300000
R01-04034,92250000,300000
R01-04035,63350000,150000
R01-04036,2540000,0
R01-04037,22370000,60000
R01-04038,2690000,0
R01-04039,117930000,300000
R01-04040,12810000,40000
R01-04041,143600000,600000
R01-04042,12620000,40000
R01-04043,41080000,150000
R01-04044,64350000,150000
R01-04045,41550000,150000
R01-04046,67990000,300000
R01-04047,22310000,60000
R01-04048,17870000,40000
R01-04049,15600000,40000
R01-04050,19170000,40000
R01-04051,96820000,300000
R01-04052,22640000,60000
R01-04053,16310000,40000
R01-04054,51030000,150000
R01-04055,108090000,300000
R01-04056,55270000,150000
R01-04057,21560000,60000
R01-04058,1890000,0
R01-04059,16380000,40000
R01-04060,62830000,150000
R01-04061,18280000,40000
R01-04062,36270000,150000
R01-04063,25830000,60000
R01-04064,63650000,150000
R01-04065,63340000,150000
R01-04066,6820000,20000
R01-04067,25660000,60000
R01-04068,34360000,150000
R01-04069,11570000,40000
R01-04070,54690000,150000
R01-04071,43410000,150000
R01-04072,42960000,150000
R01-04073,57210000,150000
R01-04074,33970000,150000
R01-04075,12580000,40000
R01-04076,96870000,300000
R01-04077,44770000,150000
R01-04078,64040000,150000
R01-04079,10990000,40000
R01-04080,85470000,300000
R01-04081,11700000,40000
R01-04082,33360000,150000
R01-04083,41160000,150000
R01-04084,15890000,40000
R01-04085,76650000,300000
R01-04086,12750000,40000
R01-04087,96540000,300000
R01-04088,5040000,20000
R01-04089,67760000,300000
R01-04090,44050000,150000
R01-04091,15400000,40000
R01-04092,61820000,150000
R01-04093,27530000,60000
R01-04094,23120000,60000
R01-04095,26220000,60000
R01-04096,62540000,150000
R01-04097,34720000,150000
R01-04098,22930000,60000
R01-04099,65750000,150000
R01-04100,48220000,150000
R01-04101,23900000,60000
R01-04102,89080000,300000
R01-04103,5230000,20000
R01-04104,101730000,300000
R01-04105,74330000,300000
R01-04106,2140000,0
R01-04107,12620000,40000
R01-04108,48820000,150000
R01-04109,27670000,60000
R01-04110,4060000,0
R01-04111,22310000,60000
R01-04112,33010000,60000
R01-04113,51890000,150000
R01-04114,33690000,150000
R01-04115,52580000,150000
R01-04116,15540000,40000
R01-04117,34580000,150000
R01-04118,42200000,150000
R01-04119,115930000,300000
R01-04120,31490000,60000
R01-04121,12420000,40000
R01-04122,6140000,20000
R01-04123,4340000,0
R01-04124,10910000,40000
R01-04125,51200000,150000
R01-04126,14150000,40000
R01-04127,36850000,150000
R01-04128,99520000,300000
R01-04129,84230000,300000
R01-04130,21770000,60000
R01-04131,11230000,40000
R01-04132,13080000,40000
R01-04133,16420000,40000
R01-04134,32030000,60000
R01-04135,22320000,60000
R01-04136,123950000,300000
R01-04137,67480000,300000
R01-04138,43200000,150000
R01-04139,55240000,150000
R01-04140,42300000,150000
R01-04141,17260000,40000
R01-04142,37150000,150000
R01-04143,2910000,0
R01-04144,53080000,150000
R01-04145,13150000,40000
R01-04146,12720000,40000
R01-04147,15470000,40000
R01-04148,47990000,150000
R01-04149,103180000,300000
R01-04150,85170000,300000
R01-04151,22470000,60000
R01-04152,96150000,300000
R01-04153,45820000,150000
R01-04154,7990000,20000
R01-04155,32960000,60000
R01-04156,14910000,40000
R01-04157,28430000,60000
R01-04158,15750000,40000
R01-04159,42810000,150000
R01-04160,23080000,60000
R01-04161,89000000,300000
R01-04162,53140000,150000
R01-04163,16830000,40000
R01-04164,16670000,40000
R01-04165,27920000,60000
R01-04166,22560000,60000
R01-04167,33780000,150000
R01-04168,23390000,60000
R01-04169,42330000,150000
R01-04170,66800000,300000
R01-04171,64620000,150000
R01-04172,27220000,60000
R01-04173,54250000,150000
R01-04174,31540000,60000
R01-04175,69490000,300000
R01-04176,21570000,60000
R01-04177,8520000,20000
R01-04178,32300000,60000
R01-04179,56800000,150000
R01-04180,33640000,150000
R01-04181,15520000,40000
R01-04182,1020000,0
R01-04183,30840000,60000
R01-04184,48190000,150000
R01-04185,13490000,40000
R01-04186,23040000,60000
R01-04187,34590000,150000
R01-04188,12390000,40000
R01-04189,34290000,150000
R01-04190,34760000,150000
R01-04191,860000,0
R01-04192,24910000,60000
R01-04193,68690000,300000
R01-04194,82670000,300000
R01-04195,21370000,60000
R01-04196,29520000,60000
R01-04197,68480000,300000
R01-04198,26820000,60000
R01-04199,20800000,60000
R01-04200,94870000,300000
R01-04201,41020000,150000
R01-04202,45740000,150000
R01-04203,61470000,150000
R01-04204,63020000,150000
R01-04205,11700000,40000
R01-04206,16280000,40000
R01-04207,17150000,40000
R01-04208,5390000,20000
R01-04209,80720000,300000
R01-04210,12070000,40000
R01-04211,26620000,60000
R01-04212,62670000,150000
R01-04213,22410000,60000
R01-04214,910000,0
R01-04215,3030000,0
R01-04216,66920000,300000
R01-04217,32490000,60000
R01-04218,72840000,300000
R01-04219,33060000,60000
R01-04220,100690000,300000
R01-04221,33910000,150000
R01-04222,17830000,40000
R01-04223,63710000,150000
R01-04224,75360000,300000
R01-04225,148000000,600000
R01-04226,7720000,20000
R01-04227,73250000,300000
R01-04228,3180000,0
R01-04229,24070000,60000
R01-04230,20190000,60000
R01-04231,71870000,300000
R01-04232,92120000,300000
R01-04233,5220000,20000
R01-04234,52000000,150000
R01-04235,36840000,150000
R01-04236,10100000,40000
R01-04237,30870000,60000
R01-04238,50930000,150000
R01-04239,102200000,300000
R01-04240,45790000,150000
R01-04241,82850000,300000
R01-04242,3680000,0
R01-04243,6430000,20000
R01-04244,3660000,0
R01-04245,23670000,60000
R01-04246,45390000,150000
R01-04247,21570000,60000
R01-04248,41450000,150000
R01-04249,42590000,150000
R01-04250,73050000,300000
R01-04251,115030000,300000
R01-04252,4160000,0
R01-04253,42360000,150000
R01-04254,214950000,1000000
R01-04255,12890000,40000
R01-04256,46960000,150000
R01-04257,45770000,150000
R01-04258,78250000,300000
R01-04259,55180000,150000
R01-04260,14710000,40000
R01-04261,94960000,300000
R01-04262,37750000,150000
R01-04263,48480000,150000
R01-04264,10570000,40000
R01-04265,74100000,300000
R01-04266,65620000,150000
R01-04267,56190000,150000
R01-04268,55400000,150000
R01-04269,94900000,300000
R01-04270,73960000,300000
R01-04271,107810000,300000
R01-04272,110740000,300000
R01-04273,32200000,60000
R01-04274,10950000,40000
R01-04275,5840000,20000
R01-04276,32250000,60000
R01-04277,24190000,60000
R01-04278,57230000,150000
R01-04279,32950000,60000
R01-04280,98920000,300000
R01-04281,14150000,40000
R01-04282,1060000,0
R01-04283,131200000,300000
R01-04284,3540000,0
R01-04285,72470000,300000
R01-04286,83480000,300000
R01-04287,98700000,300000
R01-04288,21460000,60000
R01-04289,2400000,0
R01-04290,15260000,40000
R01-04291,16960000,40000
R01-04292,34440000,150000
R01-04293,4780000,0
R01-04294,93840000,300000
R01-04295,42230000,150000
R01-04296,57150000,150000
R01-04297,36970000,150000
R01-04298,23970000,60000
R01-04299,2940000,0
R01-04300,64010000,150000
R01-04301,18850000,40000
R01-04302,33520000,150000
R01-04303,37330000,150000
R01-04304,33790000,150000
R01-04305,12200000,40000
R01-04306,72570000,300000
R01-04307,44550000,150000
R01-04308,50110000,150000
R01-04309,13860000,40000
R01-04310,11710000,40000
R01-04311,34720000,150000
R01-04312,31530000,60000
R01-04313,6930000,20000
R01-04314,42160000,150000
R01-04315,13530000,40000
R01-04316,41280000,150000
R01-04317,34250000,150000
R01-04318,21360000,60000
R01-04319,7600000,20000
R01-04320,32950000,60000
R01-04321,48540000,150000
R01-04322,66140000,150000
R01-04323,44950000,150000
R01-04324,12750000,40000
R01-04325,2560000,0
R01-04326,101450000,300000
R01-04327,51920000,150000
R01-04328,50970000,150000
R01-04329,84390000,300000
R01-04330,24410000,60000
R01-04331,73160000,300000
R01-04332,82210000,300000
R01-04333,3490000,0
R01-04334,123600000,300000
R01-04335,25600000,60000
R01-04336,3490000,0
R01-04337,35680000,150000
R01-04338,221270000,1000000
R01-04339,7850000,20000
R01-04340,47260000,150000
R01-04341,106360000,300000
R01-04342,28450000,60000
R01-04343,63020000,150000
R01-04344,33140000,60000
R01-04345,125510000,300000
R01-04346,13550000,40000
R01-04347,44210000,150000
R01-04348,143860000,600000
R01-04349,32850000,60000
R01-04350,14680000,40000
R01-04351,43400000,150000
R01-04352,53070000,150000
R01-04353,112350000,300000
R01-04354,41240000,150000
R01-04355,38200000,150000
R01-04356,92600000,300000
R01-04357,17460000,40000
R01-04358,41340000,150000
R01-04359,44780000,150000
R01-04360,6720000,20000
R01-04361,83290000,300000
R01-04362,83990000,300000
R01-04363,71880000,300000
R01-04364,33980000,150000
R01-04365,32660000,60000
R01-04366,40940000,150000
R01-04367,15540000,40000
R01-04368,75590000,300000
R01-04369,3710000,0
R01-04370,24140000,60000
R01-04371,113210000,300000
R01-04372,43730000,150000
R01-04373,12390000,40000
R01-04374,55640000,150000
R01-04375,1720000,0
R01-04376,135110000,600000
R01-04377,83920000,300000
R01-04378,60590000,150000
R01-04379,71910000,300000
R01-04380,8260000,20000
R01-04381,6450000,20000
R01-04382,62960000,150000
R01-04383,42940000,150000
R01-04384,32900000,60000
R01-04385,14370000,40000
R01-04386,6270000,20000
R01-04387,56590000,150000
R01-04388,41800000,150000
R01-04389,50240000,150000
R01-04390,54910000,150000
R01-04391,26590000,60000
R01-04392,64150000,150000
R01-04393,73990000,300000
R01-04394,41860000,150000
R01-04395,35450000,150000
R01-04396,90060000,300000
R01-04397,18090000,40000
R01-04398,6750000,20000
R01-04399,2260000,0
R01-04400,8510000,20000
R01-04401,6810000,20000
R01-04402,114590000,300000
R01-04403,2790000,0
R01-04404,35230000,150000
R01-04405,350000,0
R01-04406,5630000,20000
R01-04407,44740000,150000
R01-04408,38030000,150000
R01-04409,53270000,150000
R01-04410,63180000,150000
R01-04411,71920000,300000
R01-04412,42570000,150000
R01-04413,2180000,0
R01-04414,111770000,300000
R01-04415,32030000,60000
R01-04416,31870000,60000
R01-04417,42870000,150000
R01-04418,26590000,60000
R01-04419,23620000,60000
R01-04420,41880000,150000
R01-04421,10540000,40000
R01-04422,34230000,150000
R01-04423,34730000,150000
R01-04424,21230000,60000
R01-04425,3860000,0
R01-04426,14470000,40000
R01-04427,12450000,40000
R01-04428,11300000,40000
R01-04429,1700000,0
R01-04430,53900000,150000
R01-04431,97180000,300000
R01-04432,16500000,40000
R01-04433,46910000,150000
R01-04434,7850000,20000
R01-04435,34690000,150000
R01-04436,21630000,60000
R01-04437,87010000,300000
R01-04438,21930000,60000
R01-04439,57930000,150000
R01-04440,65570000,150000
R01-04441,47920000,150000
R01-04442,114100000,300000
R01-04443,87000000,300000
R01-04444,24140000,60000
R01-04445,44900000,150000
R01-04446,63170000,150000
R01-04447,66530000,150000
R01-04448,23810000,60000
R01-04449,100220000,300000
R01-04450,45710000,150000
R01-04451,26350000,60000
R01-04452,97330000,300000
R01-04453,34830000,150000
R01-04454,7450000,20000
R01-04455,52170000,150000
R01-04456,224830000,1000000
R01-04457,2050000,0
R01-04458,40900000,150000
R01-04459,16090000,40000
R01-04460,35780000,150000
R01-04461,88860000,300000
R01-04462,2490000,0
R01-04463,3630000,0
R01-04464,87950000,300000
R01-04465,54390000,150000
R01-04466,29720000,60000
R01-04467,42070000,150000
R01-04468,2510000,0
R01-04469,930000,0
R01-04470,40750000,150000
R01-04471,33620000,150000
R01-04472,33350000,150000
R01-04473,48620000,150000
R01-04474,34960000,150000
R01-04475,4840000,0
R01-04476,92400000,300000
R01-04477,12660000,40000
R01-04478,21380000,60000
R01-04479,29290000,60000
R01-04480,33200000,60000
R01-04481,14620000,40000
R01-04482,116300000,300000
R01-04483,82880000,300000
R01-04484,86910000,300000
R01-04485,4090000,0
R01-04486,18010000,40000
R01-04487,84710000,300000
R01-04488,61310000,150000
R01-04489,41190000,150000
R01-04490,31820000,60000
R01-04491,63950000,150000
R01-04492,31990000,60000
R01-04493,76070000,300000
R01-04494,6240000,20000
R01-04495,47870000,150000
R01-04496,46810000,150000
R01-04497,31350000,60000
R01-04498,42220000,150000
R01-04499,42150000,150000
R01-04500,11090000,40000
R01-04501,2410000,0
R01-04502,26490000,60000
R01-04503,47300000,150000
R01-04504,27430000,60000
R01-04505,61920000,150000
R01-04506,23290000,60000
R01-04507,60420000,150000
R01-04508,6750000,20000
R01-04509,81720000,300000
R01-04510,11570000,40000
R01-04511,28880000,60000
R01-04512,6940000,20000
R01-04513,47580000,150000
R01-04514,21710000,60000
R01-04515,14070000,40000
R01-04516,82790000,300000
R01-04517,133530000,600000
R01-04518,23870000,60000
R01-04519,32190000,60000
R01-04520,56060000,150000
R01-04521,44280000,150000
R01-04522,51860000,150000
R01-04523,5410000,20000
R01-04524,5170000,20000
R01-04525,16050000,40000
R01-04526,3970000,0
R01-04527,75720000,300000
R01-04528,25120000,60000
R01-04529,49780000,150000
R01-04530,22540000,60000
R01-04531,72960000,300000
R01-04532,66360000,150000
R01-04533,44440000,150000
R01-04534,10840000,40000
R01-04535,73370000,300000
R01-04536,44270000,150000
R01-04537,32390000,60000
R01-04538,34380000,150000
R01-04539,13520000,40000
R01-04540,45570000,150000
R01-04541,44180000,150000
R01-04542,3050000,0
R01-04543,45960000,150000
R01-04544,33520000,150000
R01-04545,92590000,300000
R01-04546,3890000,0
R01-04547,54110000,150000
R01-04548,94000000,300000
R01-04549,62850000,150000
R01-04550,82340000,300000
R01-04551,82880000,300000
R01-04552,78830000,300000
R01-04553,12120000,40000
R01-04554,87020000,300000
R01-04555,113570000,300000
R01-04556,1600000,0
R01-04557,17100000,40000
R01-04558,5060000,20000
R01-04559,83060000,300000
R01-04560,57690000,150000
R01-04561,65350000,150000
R01-04562,85320000,300000
R01-04563,1450000,0
R01-04564,38670000,150000
R01-04565,23170000,60000
R01-04566,2660000,0
R01-04567,133170000,300000
R01-04568,2260000,0
R01-04569,21780000,60000
R01-04570,42010000,150000
R01-04571,22690000,60000
R01-04572,43380000,150000
R01-04573,1100000,0
R01-04574,4840000,0
R01-04575,16710000,40000
R01-04576,66790000,300000
R01-04577,10780000,40000
R01-04578,41900000,150000
R01-04579,750000,0
R01-04580,62850000,150000
R01-04581,13270000,40000
R01-04582,65780000,150000
R01-04583,3160000,0
R01-04584,126790000,300000
R01-04585,67620000,300000
R01-04586,8220000,20000
R01-04587,112830000,300000
R01-04588,22800000,60000
R01-04589,66540000,150000
R01-04590,46940000,150000
R01-04591,20650000,60000
R01-04592,21930000,60000
R01-04593,74630000,300000
R01-04594,65770000,150000
R01-04595,33020000,60000
R01-04596,42120000,150000
R01-04597,82450000,300000
R01-04598,101420000,300000
R01-04599,6520000,20000
R01-04600,102400000,300000
R01-04601,55640000,150000
R01-04602,21940000,60000
R01-04603,28260000,60000
R01-04604,51990000,150000
R01-04605,2300000,0
R01-04606,3050000,0
R01-04607,11590000,40000
R01-04608,64020000,150000
R01-04609,91710000,300000
R01-04610,82890000,300000
R01-04611,16960000,40000
R01-04612,13060000,40000
R01-04613,47410000,150000
R01-04614,101510000,300000
R01-04615,114930000,300000
R01-04616,17890000,40000
R01-04617,14870000,40000
R01-04618,44000000,150000
R01-04619,3810000,0
R01-04620,53380000,150000
R01-04621,27960000,60000
R01-04622,53420000,150000
R01-04623,75790000,300000
R01-04624,128490000,300000
R01-04625,95580000,300000
R01-04626,72720000,300000
R01-04627,1840000,0
R01-04628,26870000,60000
R01-04629,3470000,0
R01-04630,43540000,150000
R01-04631,51420000,150000
R01-04632,13900000,40000
R01-04633,93840000,300000
R01-04634,23790000,60000
R01-04635,1450000,0
R01-04636,41410000,150000
R01-04637,46160000,150000
R01-04638,13830000,40000
R01-04639,2460000,0
R01-04640,25620000,60000
R01-04641,13190000,40000
R01-04642,7170000,20000
R01-04643,112680000,300000
R01-04644,12830000,40000
R01-04645,23100000,60000
R01-04646,4430000,0
R01-04647,4190000,0
R01-04648,85980000,300000
R01-04649,46280000,150000
R01-04650,101620000,300000
R01-04651,96510000,300000
R01-04652,52240000,150000
R01-04653,3120000,0
R01-04654,14630000,40000
R01-04655,70990000,300000
R01-04656,73280000,300000
R01-04657,27100000,60000
R01-04658,4440000,0
R01-04659,22490000,60000
R01-04660,86640000,300000
R01-04661,2520000,0
R01-04662,100420000,300000
R01-04663,37570000,150000
R01-04664,43640000,150000
R01-04665,14350000,40000
R01-04666,31810000,60000
R01-04667,41550000,150000
R01-04668,33540000,150000
R01-04669,72080000,300000
R01-04670,2710000,0
R01-04671,36390000,150000
R01-04672,21610000,60000
R01-04673,41420000,150000
R01-04674,3690000,0
R01-04675,85390000,300000
R01-04676,64250000,150000
R01-04677,71130000,300000
R01-04678,92480000,300000
R01-04679,24710000,60000
R01-04680,13380000,40000
R01-04681,10810000,40000
R01-04682,26480000,60000
R01-04683,26490000,60000
R01-04684,24590000,60000
R01-04685,13070000,40000
R01-04686,22170000,60000
R01-04687,32190000,60000
R01-04688,12120000,40000
R01-04689,42160000,150000
R01-04690,37390000,150000
R01-04691,42670000,150000
R01-04692,115760000,300000
R01-04693,23230000,60000
R01-04694,47240000,150000
R01-04695,35490000,150000
R01-04696,34350000,150000
R01-04697,3110000,0
R01-04698,114690000,300000
R01-04699,49010000,150000
R01-04700,47980000,150000
R01-04701,65900000,150000
R01-04702,55010000,150000
R01-04703,43010000,150000
R01-04704,54570000,150000
R01-04705,93370000,300000
R01-04706,84140000,300000
R01-04707,2510000,0
R01-04708,6250000,20000
R01-04709,92240000,300000
R01-04710,29600000,60000
R01-04711,14450000,40000
R01-04712,2860000,0
R01-04713,1470000,0
R01-04714,62910000,150000
R01-04715,94420000,300000
R01-04716,33700000,150000
R01-04717,62510000,150000
R01-04718,12890000,40000
R01-04719,63850000,150000
R01-04720,23470000,60000
R01-04721,11470000,40000
R01-04722,36620000,150000
R01-04723,72000000,300000
R01-04724,44160000,150000
R01-04725,143230000,600000
R01-04726,53810000,150000
R01-04727,83950000,300000
R01-04728,45660000,150000
R01-04729,40890000,150000
R01-04730,32540000,60000
R01-04731,22970000,60000
R01-04732,41860000,150000
R01-04733,1870000,0
R01-04734,71610000,300000
R01-04735,64940000,150000
R01-04736,26540000,60000
R01-04737,125180000,300000
R01-04738,43250000,150000
R01-04739,95880000,300000
R01-04740,46100000,150000
R01-04741,53490000,150000
R01-04742,43000000,150000
R01-04743,12570000,40000
R01-04744,24410000,60000
R01-04745,62900000,150000
R01-04746,62200000,150000
R01-04747,6360000,20000
R01-04748,3740000,0
R01-04749,10670000,40000
R01-04750,11480000,40000
R01-04751,20960000,60000
R01-04752,53220000,150000
R01-04753,54120000,150000
R01-04754,53270000,150000
R01-04755,132660000,300000
R01-04756,36080000,150000
R01-04757,101870000,300000
R01-04758,4600000,0
R01-04759,3010000,0
R01-04760,103910000,300000
R01-04761,24870000,60000
R01-04762,76610000,300000
R01-04763,34040000,150000
R01-04764,34250000,150000
R01-04765,11660000,40000
R01-04766,8940000,20000
R01-04767,62070000,150000
R01-04768,74870000,300000
R01-04769,75580000,300000
R01-04770,52470000,150000
R01-04771,43200000,150000
R01-04772,31540000,60000
