고객ID,타사이전금액,혜택금액
R27-00000,10690000,40000
R27-00001,25700000,60000
R27-00002,74800000,300000
R27-00003,52070000,150000
R27-00004,34620000,150000
R27-00005,62760000,150000
R27-00006,3430000,0
R27-00007,29270000,60000
R27-00008,53290000,150000
R27-00009,92110000,300000
R27-00010,34130000,150000
R27-00011,73090000,300000
R27-00012,36550000,150000
R27-00013,13030000,40000
R27-00014,20370000,60000
R27-00015,32150000,60000
R27-00016,104370000,300000
R27-00017,87720000,300000
R27-00018,83730000,300000
R27-00019,74440000,300000
R27-00020,127810000,300000
R27-00021,3080000,0
R27-00022,82520000,300000
R27-00023,54290000,150000
R27-00024,22810000,60000
R27-00025,34960000,150000
R27-00026,13690000,40000
R27-00027,4550000,0
R27-00028,56320000,150000
R27-00029,22930000,60000
R27-00030,101570000,300000
R27-00031,43220000,150000
R27-00032,13910000,40000
R27-00033,17770000,40000
R27-00034,11380000,40000
R27-00035,101190000,300000
R27-00036,35880000,150000
R27-00037,52980000,150000
R27-00038,44540000,150000
R27-00039,25330000,60000
R27-00040,73970000,300000
R27-00041,68260000,300000
R27-00042,52230000,150000
R27-00043,41650000,150000
R27-00044,65370000,150000
R27-00045,54410000,150000
R27-00046,1740000,0
R27-00047,23910000,60000
R27-00048,2870000,0
R27-00049,10690000,40000
R27-00050,28590000,60000
R27-00051,4640000,0
R27-00052,42080000,150000
R27-00053,1840000,0
R27-00054,3150000,0
R27-00055,22900000,60000
R27-00056,20970000,60000
R27-00057,21730000,60000
R27-00058,25430000,60000
R27-00059,21510000,60000
R27-00060,28140000,60000
R27-00061,41690000,150000
R27-00062,45540000,150000
R27-00063,66450000,150000
R27-00064,13110000,40000
R27-00065,113270000,300000
R27-00066,32180000,60000
R27-00067,81120000,300000
R27-00068,18850000,40000
R27-00069,2220000,0
R27-00070,42460000,150000
R27-00071,120660000,300000
R27-00072,87260000,300000
R27-00073,12440000,40000
R27-00074,92730000,300000
R27-00075,2570000,0
R27-00076,21100000,60000
R27-00077,59180000,150000
R27-00078,87570000,300000
R27-00079,73870000,300000
R27-00080,12660000,40000
R27-00081,51020000,150000
R27-00082,23890000,60000
R27-00083,115150000,300000
R27-00084,11830000,40000
R27-00085,74680000,300000
R27-00086,65780000,150000
R27-00087,8290000,20000
R27-00088,1590000,0
R27-00089,22500000,60000
R27-00090,54810000,150000
R27-00091,32790000,60000
R27-00092,57190000,150000
R27-00093,13210000,40000
R27-00094,61260000,150000
R27-00095,27410000,60000
R27-00096,66040000,150000
R27-00097,62350000,150000
R27-00098,3200000,0
R27-00099,62870000,150000
R27-00100,75780000,300000
R27-00101,35640000,150000
R27-00102,5040000,20000
R27-00103,95890000,300000
R27-00104,1750000,0
R27-00105,52050000,150000
R27-00106,76940000,300000
R27-00107,12700000,40000
R27-00108,63430000,150000
R27-00109,43270000,150000
R27-00110,4670000,0
R27-00111,42520000,150000
R27-00112,103070000,300000
R27-00113,43940000,150000
R27-00114,43350000,150000
R27-00115,21790000,60000
R27-00116,93960000,300000
R27-00117,3510000,0
R27-00118,11250000,40000
R27-00119,34810000,150000
R27-00120,34590000,150000
R27-00121,72880000,300000
R27-00122,62480000,150000
R27-00123,34130000,150000
R27-00124,32690000,60000
R27-00125,11150000,40000
R27-00126,73120000,300000
R27-00127,52980000,150000
R27-00128,15580000,40000
R27-00129,36700000,150000
R27-00130,65370000,150000
R27-00131,21870000,60000
R27-00132,8640000,20000
R27-00133,114520000,300000
R27-00134,131490000,300000
R27-00135,44400000,150000
R27-00136,71960000,300000
R27-00137,104960000,300000
R27-00138,44880000,150000
R27-00139,68540000,300000
R27-00140,42170000,150000
R27-00141,60550000,150000
R27-00142,1700000,0
R27-00143,63500000,150000
R27-00144,33690000,150000
R27-00145,2720000,0
R27-00146,101630000,300000
R27-00147,3100000,0
R27-00148,48620000,150000
R27-00149,38570000,150000
R27-00150,13410000,40000
R27-00151,35540000,150000
R27-00152,1020000,0
R27-00153,112170000,300000
R27-00154,11610000,40000
R27-00155,42950000,150000
R27-00156,1560000,0
R27-00157,13980000,40000
R27-00158,18770000,40000
R27-00159,1780000,0
R27-00160,70390000,300000
R27-00161,52510000,150000
R27-00162,83740000,300000
R27-00163,159070000,600000
R27-00164,5370000,20000
R27-00165,13270000,40000
R27-00166,84770000,300000
R27-00167,52810000,150000
R27-00168,11830000,40000
R27-00169,36910000,150000
R27-00170,34320000,150000
R27-00171,15890000,40000
R27-00172,67250000,300000
R27-00173,28250000,60000
R27-00174,26120000,60000
R27-00175,26460000,60000
R27-00176,78150000,300000
R27-00177,83100000,300000
R27-00178,2290000,0
R27-00179,16440000,40000
R27-00180,52790000,150000
R27-00181,53510000,150000
R27-00182,22840000,60000
R27-00183,88460000,300000
R27-00184,44630000,150000
R27-00185,45070000,150000
R27-00186,103330000,300000
R27-00187,2070000,0
R27-00188,12700000,40000
R27-00189,51420000,150000
R27-00190,25470000,60000
R27-00191,33420000,150000
R27-00192,1780000,0
R27-00193,11800000,40000
R27-00194,5530000,20000
R27-00195,33720000,150000
R27-00196,47480000,150000
R27-00197,74350000,300000
R27-00198,2350000,0
R27-00199,62040000,150000
R27-00200,33440000,150000
R27-00201,42000000,150000
R27-00202,63820000,150000
R27-00203,36110000,150000
R27-00204,4020000,0
R27-00205,88030000,300000
R27-00206,28350000,60000
R27-00207,4810000,0
R27-00208,97320000,300000
R27-00209,52660000,150000
R27-00210,13170000,40000
R27-00211,21690000,60000
R27-00212,24140000,60000
R27-00213,66580000,150000
R27-00214,53070000,150000
R27-00215,23030000,60000
R27-00216,62170000,150000
R27-00217,6020000,20000
R27-00218,69130000,300000
R27-00219,44010000,150000
R27-00220,173370000,600000
R27-00221,3680000,0
R27-00222,56630000,150000
R27-00223,5190000,20000
R27-00224,53010000,150000
R27-00225,96840000,300000
R27-00226,120940000,300000
R27-00227,1100000,0
R27-00228,64550000,150000
R27-00229,127130000,300000
R27-00230,64730000,150000
R27-00231,63120000,150000
R27-00232,64980000,150000
R27-00233,40910000,150000
R27-00234,62720000,150000
R27-00235,72550000,300000
R27-00236,33630000,150000
R27-00237,124590000,300000
R27-00238,53540000,150000
R27-00239,15180000,40000
R27-00240,54380000,150000
R27-00241,42050000,150000
R27-00242,55140000,150000
R27-00243,60830000,150000
R27-00244,52110000,150000
R27-00245,3230000,0
R27-00246,34550000,150000
R27-00247,30450000,60000
R27-00248,100730000,300000
R27-00249,54330000,150000
R27-00250,22560000,60000
R27-00251,52790000,150000
R27-00252,131370000,300000
R27-00253,54220000,150000
R27-00254,4830000,0
R27-00255,50860000,150000
R27-00256,35810000,150000
R27-00257,3080000,0
R27-00258,2400000,0
R27-00259,64620000,150000
R27-00260,65860000,150000
R27-00261,95610000,300000
R27-00262,54930000,150000
R27-00263,23430000,60000
R27-00264,25650000,60000
R27-00265,157600000,600000
R27-00266,103700000,300000
R27-00267,52170000,150000
R27-00268,124950000,300000
R27-00269,41770000,150000
R27-00270,24340000,60000
R27-00271,11050000,40000
R27-00272,12220000,40000
R27-00273,54940000,150000
R27-00274,101880000,300000
R27-00275,63370000,150000
R27-00276,25430000,60000
R27-00277,100820000,300000
R27-00278,27620000,60000
R27-00279,33790000,150000
R27-00280,13610000,40000
R27-00281,3320000,0
R27-00282,3890000,0
R27-00283,7260000,20000
R27-00284,61600000,150000
R27-00285,23290000,60000
R27-00286,13280000,40000
R27-00287,24540000,60000
R27-00288,100710000,300000
R27-00289,82030000,300000
R27-00290,47820000,150000
R27-00291,52010000,150000
R27-00292,82990000,300000
R27-00293,37220000,150000
R27-00294,63120000,150000
R27-00295,71320000,300000
R27-00296,76240000,300000
R27-00297,42310000,150000
R27-00298,83130000,300000
R27-00299,92960000,300000
R27-00300,37590000,150000
R27-00301,14840000,40000
R27-00302,75460000,300000
R27-00303,74090000,300000
R27-00304,63080000,150000
R27-00305,31660000,60000
R27-00306,13960000,40000
R27-00307,52060000,150000
R27-00308,82570000,300000
R27-00309,74390000,300000
R27-00310,57050000,150000
R27-00311,62500000,150000
R27-00312,4560000,0
R27-00313,86190000,300000
R27-00314,63490000,150000
R27-00315,32910000,60000
R27-00316,25130000,60000
R27-00317,4200000,0
R27-00318,46110000,150000
R27-00319,23770000,60000
R27-00320,28200000,60000
R27-00321,33810000,150000
R27-00322,105630000,300000
R27-00323,1210000,0
R27-00324,4570000,0
R27-00325,90480000,300000
R27-00326,32120000,60000
R27-00327,3450000,0
R27-00328,59780000,150000
R27-00329,21940000,60000
R27-00330,23940000,60000
R27-00331,3930000,0
R27-00332,33690000,150000
R27-00333,83440000,300000
R27-00334,104800000,300000
R27-00335,84750000,300000
R27-00336,23270000,60000
R27-00337,91900000,300000
R27-00338,82680000,300000
R27-00339,36890000,150000
R27-00340,61720000,150000
R27-00341,25480000,60000
R27-00342,84820000,300000
R27-00343,65080000,150000
R27-00344,71210000,300000
R27-00345,84790000,300000
R27-00346,23220000,60000
R27-00347,42040000,150000
R27-00348,77300000,300000
R27-00349,17830000,40000
R27-00350,26150000,60000
R27-00351,52160000,150000
R27-00352,73950000,300000
R27-00353,23190000,60000
R27-00354,82620000,300000
R27-00355,11790000,40000
R27-00356,85180000,300000
R27-00357,47200000,150000
R27-00358,65560000,150000
R27-00359,1850000,0
R27-00360,170590000,600000
R27-00361,3180000,0
R27-00362,25620000,60000
R27-00363,24630000,60000
R27-00364,72920000,300000
R27-00365,5120000,20000
R27-00366,81470000,300000
R27-00367,36020000,150000
R27-00368,80930000,300000
R27-00369,82350000,300000
R27-00370,12430000,40000
R27-00371,65300000,150000
R27-00372,96070000,300000
R27-00373,12690000,40000
R27-00374,21940000,60000
R27-00375,44910000,150000
R27-00376,63330000,150000
R27-00377,80320000,300000
R27-00378,42560000,150000
R27-00379,4860000,0
R27-00380,92410000,300000
R27-00381,1310000,0
R27-00382,35030000,150000
R27-00383,86500000,300000
R27-00384,11930000,40000
R27-00385,58280000,150000
R27-00386,14480000,40000
R27-00387,92960000,300000
R27-00388,2020000,0
R27-00389,10480000,40000
R27-00390,61650000,150000
R27-00391,40620000,150000
R27-00392,13810000,40000
R27-00393,3030000,0
R27-00394,16920000,40000
R27-00395,37980000,150000
R27-00396,4140000,0
R27-00397,71140000,300000
R27-00398,51920000,150000
R27-00399,24610000,60000
R27-00400,3740000,0
R27-00401,25250000,60000
R27-00402,13080000,40000
R27-00403,13360000,40000
R27-00404,45680000,150000
R27-00405,22040000,60000
R27-00406,175090000,600000
R27-00407,113230000,300000
R27-00408,71970000,300000
R27-00409,25870000,60000
R27-00410,26710000,60000
R27-00411,20370000,60000
R27-00412,31550000,60000
R27-00413,62630000,150000
R27-00414,34930000,150000
R27-00415,54420000,150000
R27-00416,51580000,150000
R27-00417,56200000,150000
R27-00418,100570000,300000
R27-00419,76970000,300000
R27-00420,26170000,60000
R27-00421,44540000,150000
R27-00422,15610000,40000
R27-00423,15900000,40000
R27-00424,45500000,150000
R27-00425,42260000,150000
R27-00426,24770000,60000
R27-00427,32560000,60000
R27-00428,52350000,150000
R27-00429,55250000,150000
R27-00430,43920000,150000
R27-00431,4330000,0
R27-00432,42100000,150000
R27-00433,33240000,60000
R27-00434,25250000,60000
R27-00435,12830000,40000
R27-00436,30390000,60000
R27-00437,60720000,150000
R27-00438,2070000,0
R27-00439,24630000,60000
R27-00440,31060000,60000
R27-00441,64180000,150000
R27-00442,34120000,150000
R27-00443,17360000,40000
R27-00444,81940000,300000
R27-00445,6230000,20000
R27-00446,34200000,150000
R27-00447,52170000,150000
R27-00448,1790000,0
R27-00449,83890000,300000
R27-00450,74670000,300000
R27-00451,21060000,60000
R27-00452,13890000,40000
R27-00453,41380000,150000
R27-00454,42830000,150000
R27-00455,77240000,300000
R27-00456,12960000,40000
R27-00457,53370000,150000
R27-00458,81520000,300000
R27-00459,16450000,40000
R27-00460,6570000,20000
R27-00461,71610000,300000
R27-00462,21810000,60000
R27-00463,64310000,150000
R27-00464,61780000,150000
R27-00465,270000,0
R27-00466,2910000,0
R27-00467,22530000,60000
R27-00468,3770000,0
R27-00469,73200000,300000
R27-00470,1910000,0
R27-00471,13930000,40000
R27-00472,26630000,60000
R27-00473,72340000,300000
R27-00474,45140000,150000
R27-00475,43450000,150000
R27-00476,69430000,300000
R27-00477,43460000,150000
R27-00478,1030000,0
R27-00479,22940000,60000
R27-00480,44910000,150000
R27-00481,32530000,60000
R27-00482,22680000,60000
R27-00483,32080000,60000
R27-00484,24750000,60000
R27-00485,30750000,60000
R27-00486,6570000,20000
R27-00487,112380000,300000
R27-00488,8640000,20000
R27-00489,67190000,300000
R27-00490,15090000,40000
R27-00491,18130000,40000
R27-00492,5360000,20000
R27-00493,2230000,0
R27-00494,142380000,600000
R27-00495,12790000,40000
R27-00496,41200000,150000
R27-00497,13550000,40000
R27-00498,22500000,60000
R27-00499,1290000,0
R27-00500,35870000,150000
R27-00501,23520000,60000
R27-00502,78210000,300000
R27-00503,52800000,150000
R27-00504,24640000,60000
R27-00505,24920000,60000
R27-00506,1460000,0
R27-00507,52500000,150000
R27-00508,52110000,150000
R27-00509,83900000,300000
R27-00510,4700000,0
R27-00511,116320000,300000
R27-00512,37200000,150000
R27-00513,33860000,150000
R27-00514,10920000,40000
R27-00515,94580000,300000
R27-00516,2190000,0
R27-00517,280000,0
R27-00518,14640000,40000
R27-00519,14630000,40000
R27-00520,14260000,40000
R27-00521,85910000,300000
R27-00522,41160000,150000
R27-00523,74080000,300000
R27-00524,23040000,60000
R27-00525,32850000,60000
R27-00526,54180000,150000
R27-00527,4220000,0
R27-00528,22000000,60000
R27-00529,62650000,150000
R27-00530,8420000,20000
R27-00531,22750000,60000
R27-00532,40470000,150000
R27-00533,52940000,150000
R27-00534,51780000,150000
R27-00535,10870000,40000
R27-00536,106040000,300000
R27-00537,86310000,300000
R27-00538,44590000,150000
R27-00539,15110000,40000
R27-00540,32350000,60000
R27-00541,52760000,150000
R27-00542,22470000,60000
R27-00543,24190000,60000
R27-00544,38360000,150000
R27-00545,95390000,300000
R27-00546,63620000,150000
R27-00547,2320000,0
R27-00548,35270000,150000
R27-00549,12030000,40000
R27-00550,14200000,40000
R27-00551,17080000,40000
R27-00552,43590000,150000
R27-00553,21870000,60000
R27-00554,29200000,60000
R27-00555,41630000,150000
R27-00556,5670000,20000
R27-00557,52070000,150000
R27-00558,11230000,40000
R27-00559,5780000,20000
R27-00560,23200000,60000
R27-00561,32250000,60000
R27-00562,72800000,300000
R27-00563,14060000,40000
R27-00564,21340000,60000
R27-00565,36810000,150000
R27-00566,20990000,60000
R27-00567,72160000,300000
R27-00568,73380000,300000
R27-00569,60820000,150000
R27-00570,37150000,150000
R27-00571,22140000,60000
R27-00572,90970000,300000
R27-00573,12930000,40000
R27-00574,52590000,150000
R27-00575,23620000,60000
R27-00576,27190000,60000
R27-00577,34100000,150000
R27-00578,14270000,40000
R27-00579,54980000,150000
R27-00580,4340000,0
R27-00581,46090000,150000
R27-00582,21960000,60000
R27-00583,41870000,150000
R27-00584,2860000,0
R27-00585,25390000,60000
R27-00586,51730000,150000
R27-00587,157870000,600000
R27-00588,48810000,150000
R27-00589,28590000,60000
R27-00590,42850000,150000
R27-00591,62070000,150000
R27-00592,24870000,60000
R27-00593,67920000,300000
R27-00594,45450000,150000
R27-00595,54050000,150000
R27-00596,2660000,0
R27-00597,73780000,300000
R27-00598,3750000,0
R27-00599,81990000,300000
R27-00600,54080000,150000
R27-00601,31570000,60000
R27-00602,13040000,40000
R27-00603,32070000,60000
R27-00604,33990000,150000
R27-00605,1870000,0
R27-00606,12430000,40000
R27-00607,5380000,20000
R27-00608,69140000,300000
R27-00609,63100000,150000
R27-00610,52000000,150000
R27-00611,24180000,60000
R27-00612,33960000,150000
R27-00613,30540000,60000
R27-00614,76900000,300000
R27-00615,73010000,300000
R27-00616,22400000,60000
R27-00617,53710000,150000
R27-00618,82280000,300000
R27-00619,3220000,0
R27-00620,41530000,150000
R27-00621,13760000,40000
R27-00622,1390000,0
R27-00623,57230000,150000
R27-00624,97870000,300000
R27-00625,10100000,40000
R27-00626,92690000,300000
R27-00627,127130000,300000
R27-00628,6510000,20000
R27-00629,24300000,60000
R27-00630,45830000,150000
R27-00631,4200000,0
R27-00632,141970000,600000
R27-00633,76100000,300000
R27-00634,86040000,300000
R27-00635,91070000,300000
R27-00636,11250000,40000
R27-00637,153680000,600000
R27-00638,920000,0
R27-00639,580000,0
R27-00640,6390000,20000
R27-00641,92750000,300000
R27-00642,50550000,150000
R27-00643,41230000,150000
R27-00644,33390000,150000
R27-00645,21360000,60000
R27-00646,96120000,300000
R27-00647,81290000,300000
R27-00648,72560000,300000
R27-00649,34890000,150000
R27-00650,7100000,20000
R27-00651,33010000,60000
R27-00652,62180000,150000
R27-00653,8500000,20000
R27-00654,82500000,300000
R27-00655,71040000,300000
R27-00656,61390000,150000
R27-00657,35380000,150000
R27-00658,32130000,60000
R27-00659,15370000,40000
R27-00660,34040000,150000
R27-00661,47450000,150000
R27-00662,77790000,300000
R27-00663,4240000,0
R27-00664,73590000,300000
R27-00665,13070000,40000
R27-00666,54110000,150000
R27-00667,42790000,150000
R27-00668,3630000,0
R27-00669,1450000,0
R27-00670,72430000,300000
R27-00671,64860000,150000
R27-00672,5060000,20000
R27-00673,25050000,60000
R27-00674,102920000,300000
R27-00675,32550000,60000
R27-00676,6910000,20000
R27-00677,56090000,150000
R27-00678,2530000,0
R27-00679,31850000,60000
R27-00680,12500000,40000
R27-00681,51940000,150000
R27-00682,5750000,20000
R27-00683,74150000,300000
R27-00684,25060000,60000
R27-00685,42030000,150000
R27-00686,4480000,0
R27-00687,4730000,0
R27-00688,44450000,150000
R27-00689,112000000,300000
R27-00690,85890000,300000
R27-00691,2630000,0
R27-00692,89670000,300000
R27-00693,104830000,300000
R27-00694,21430000,60000
R27-00695,133180000,300000
R27-00696,77860000,300000
R27-00697,82370000,300000
R27-00698,37430000,150000
R27-00699,25690000,60000
R27-00700,14670000,40000
R27-00701,31600000,60000
R27-00702,22450000,60000
R27-00703,3750000,0
R27-00704,7240000,20000
R27-00705,62400000,150000
R27-00706,48590000,150000
R27-00707,73610000,300000
R27-00708,11930000,40000
R27-00709,13240000,40000
R27-00710,36020000,150000
R27-00711,2410000,0
R27-00712,1180000,0
R27-00713,95900000,300000
R27-00714,80690000,300000
R27-00715,103530000,300000
R27-00716,1570000,0
R27-00717,62710000,150000
R27-00718,14750000,40000
R27-00719,51890000,150000
R27-00720,27140000,60000
R27-00721,13420000,40000
R27-00722,3120000,0
R27-00723,33670000,150000
R27-00724,26770000,60000
R27-00725,34590000,150000
R27-00726,13560000,40000
R27-00727,12790000,40000
R27-00728,11080000,40000
R27-00729,13240000,40000
R27-00730,24970000,60000
R27-00731,52220000,150000
R27-00732,14340000,40000
R27-00733,107990000,300000
R27-00734,57810000,150000
R27-00735,25570000,60000
R27-00736,12880000,40000
R27-00737,62940000,150000
R27-00738,62210000,150000
R27-00739,43710000,150000
R27-00740,93980000,300000
R27-00741,82330000,300000
R27-00742,15730000,40000
R27-00743,151770000,600000
R27-00744,1580000,0
R27-00745,64190000,150000
R27-00746,410000,0
R27-00747,51620000,150000
R27-00748,88470000,300000
R27-00749,25870000,60000
R27-00750,11270000,40000
R27-00751,125570000,300000
R27-00752,46580000,150000
R27-00753,51010000,150000
R27-00754,30850000,60000
R27-00755,14040000,40000
R27-00756,52410000,150000
R27-00757,11420000,40000
R27-00758,3770000,0
R27-00759,54660000,150000
R27-00760,22450000,60000
R27-00761,13300000,40000
R27-00762,2840000,0
R27-00763,96220000,300000
R27-00764,5150000,20000
R27-00765,73010000,300000
R27-00766,6570000,20000
R27-00767,72700000,300000
R27-00768,12080000,40000
R27-00769,28080000,60000
R27-00770,87370000,300000
R27-00771,30950000,60000
R27-00772,55120000,150000
R27-00773,52450000,150000
R27-00774,11060000,40000
R27-00775,74530000,300000
R27-00776,92640000,300000
R27-00777,45770000,150000
R27-00778,22260000,60000
R27-00779,2460000,0
R27-00780,1100000,0
R27-00781,51110000,150000
R27-00782,44910000,150000
R27-00783,11910000,40000
R27-00784,44430000,150000
R27-00785,15450000,40000
R27-00786,41030000,150000
R27-00787,39110000,150000
R27-00788,61880000,150000
R27-00789,5770000,20000
R27-00790,18510000,40000
R27-00791,23300000,60000
R27-00792,3750000,0
R27-00793,91930000,300000
R27-00794,48120000,150000
R27-00795,33920000,150000
R27-00796,42250000,150000
R27-00797,22440000,60000
R27-00798,87230000,300000
R27-00799,35100000,150000
R27-00800,13300000,40000
R27-00801,62370000,150000
R27-00802,62870000,150000
R27-00803,27550000,60000
R27-00804,72960000,300000
R27-00805,51360000,150000
R27-00806,153260000,600000
R27-00807,52900000,150000
R27-00808,145280000,600000
R27-00809,66860000,300000
R27-00810,62670000,150000
R27-00811,62150000,150000
R27-00812,12420000,40000
R27-00813,7870000,20000
R27-00814,70870000,300000
R27-00815,47650000,150000
R27-00816,63940000,150000
R27-00817,93900000,300000
R27-00818,53180000,150000
R27-00819,43080000,150000
R27-00820,12140000,40000
R27-00821,12830000,40000
R27-00822,154740000,600000
R27-00823,25850000,60000
R27-00824,27480000,60000
R27-00825,68950000,300000
R27-00826,63600000,150000
R27-00827,36490000,150000
R27-00828,42860000,150000
R27-00829,40630000,150000
R27-00830,62120000,150000
R27-00831,20810000,60000
R27-00832,83050000,300000
R27-00833,96320000,300000
R27-00834,92830000,300000
R27-00835,87080000,300000
R27-00836,48590000,150000
R27-00837,46000000,150000
R27-00838,36220000,150000
R27-00839,4400000,0
R27-00840,2830000,0
R27-00841,26190000,60000
R27-00842,15430000,40000
R27-00843,35710000,150000
R27-00844,76830000,300000
R27-00845,115750000,300000
R27-00846,3620000,0
R27-00847,780000,0
R27-00848,15670000,40000
R27-00849,12440000,40000
R27-00850,80420000,300000
R27-00851,74730000,300000
R27-00852,38150000,150000
R27-00853,32020000,60000
R27-00854,32880000,60000
R27-00855,65060000,150000
R27-00856,35320000,150000
R27-00857,21460000,60000
R27-00858,16210000,40000
R27-00859,63200000,150000
R27-00860,46620000,150000
R27-00861,13000000,40000
R27-00862,68720000,300000
R27-00863,64250000,150000
R27-00864,23420000,60000
R27-00865,40690000,150000
R27-00866,93720000,300000
R27-00867,47380000,150000
R27-00868,56220000,150000
R27-00869,2810000,0
R27-00870,53920000,150000
R27-00871,28400000,60000
R27-00872,6040000,20000
R27-00873,46210000,150000
R27-00874,16450000,40000
R27-00875,57140000,150000
R27-00876,36620000,150000
R27-00877,61180000,150000
R27-00878,39280000,150000
R27-00879,17820000,40000
R27-00880,105340000,300000
R27-00881,21900000,60000
R27-00882,33640000,150000
R27-00883,56180000,150000
R27-00884,51110000,150000
R27-00885,4240000,0
R27-00886,93680000,300000
R27-00887,15480000,40000
R27-00888,52360000,150000
R27-00889,109110000,300000
R27-00890,133160000,300000
R27-00891,63710000,150000
R27-00892,15370000,40000
R27-00893,11390000,40000
R27-00894,30870000,60000
R27-00895,4170000,0
R27-00896,104750000,300000
R27-00897,94150000,300000
R27-00898,83570000,300000
R27-00899,28990000,60000
R27-00900,72590000,300000
R27-00901,44280000,150000
R27-00902,13940000,40000
R27-00903,54290000,150000
R27-00904,43690000,150000
R27-00905,74120000,300000
R27-00906,40790000,150000
R27-00907,34540000,150000
R27-00908,17430000,40000
R27-00909,54360000,150000
R27-00910,81160000,300000
R27-00911,1730000,0
R27-00912,53500000,150000
R27-00913,5330000,20000
R27-00914,13560000,40000
R27-00915,24870000,60000
R27-00916,24180000,60000
R27-00917,70910000,300000
R27-00918,42340000,150000
R27-00919,56080000,150000
R27-00920,72850000,300000
R27-00921,36800000,150000
R27-00922,51590000,150000
R27-00923,15630000,40000
R27-00924,10210000,40000
R27-00925,25620000,60000
R27-00926,33460000,150000
R27-00927,56710000,150000
R27-00928,53280000,150000
R27-00929,62510000,150000
R27-00930,73530000,300000
R27-00931,43770000,150000
R27-00932,95100000,300000
R27-00933,620000,0
R27-00934,17400000,40000
R27-00935,58100000,150000
R27-00936,148060000,600000
R27-00937,7840000,20000
R27-00938,21460000,60000
R27-00939,43600000,150000
R27-00940,72220000,300000
R27-00941,11320000,40000
R27-00942,24200000,60000
R27-00943,111490000,300000
R27-00944,66780000,300000
R27-00945,6910000,20000
R27-00946,22420000,60000
R27-00947,32640000,60000
R27-00948,94020000,300000
R27-00949,61200000,150000
R27-00950,2310000,0
R27-00951,24360000,60000
R27-00952,23200000,60000
R27-00953,21430000,60000
R27-00954,55150000,150000
R27-00955,53410000,150000
R27-00956,42310000,150000
R27-00957,3770000,0
R27-00958,42760000,150000
R27-00959,83150000,300000
R27-00960,44040000,150000
R27-00961,138270000,600000
R27-00962,21940000,60000
R27-00963,12800000,40000
R27-00964,22790000,60000
R27-00965,94880000,300000
R27-00966,34450000,150000
R27-00967,1600000,0
R27-00968,1120000,0
R27-00969,31460000,60000
R27-00970,73040000,300000
R27-00971,2510000,0
R27-00972,16800000,40000
R27-00973,8300000,20000
R27-00974,32550000,60000
R27-00975,84980000,300000
R27-00976,74060000,300000
R27-00977,31200000,60000
R27-00978,980000,0
R27-00979,12150000,40000
R27-00980,2390000,0
R27-00981,78590000,300000
R27-00982,25190000,60000
R27-00983,12760000,40000
R27-00984,64940000,150000
R27-00985,13640000,40000
R27-00986,55400000,150000
R27-00987,25690000,60000
R27-00988,72260000,300000
R27-00989,26730000,60000
R27-00990,14020000,40000
R27-00991,103430000,300000
R27-00992,97610000,300000
R27-00993,12780000,40000
R27-00994,82080000,300000
R27-00995,15520000,40000
R27-00996,42180000,150000
R27-00997,22820000,60000
R27-00998,64480000,150000
R27-00999,3110000,0
R27-01000,43050000,150000
R27-01001,32390000,60000
R27-01002,47010000,150000
R27-01003,22080000,60000
R27-01004,32170000,60000
R27-01005,51740000,150000
R27-01006,4420000,0
R27-01007,87130000,300000
R27-01008,45060000,150000
R27-01009,26890000,60000
R27-01010,87450000,300000
R27-01011,10480000,40000
R27-01012,50660000,150000
R27-01013,93040000,300000
R27-01014,52610000,150000
R27-01015,1510000,0
R27-01016,27870000,60000
R27-01017,63400000,150000
R27-01018,25080000,60000
R27-01019,22040000,60000
R27-01020,59310000,150000
R27-01021,7800000,20000
R27-01022,49670000,150000
R27-01023,65690000,150000
R27-01024,23570000,60000
R27-01025,75910000,300000
R27-01026,22180000,60000
R27-01027,64540000,150000
R27-01028,1050000,0
R27-01029,45540000,150000
R27-01030,86850000,300000
R27-01031,157140000,600000
R27-01032,53420000,150000
R27-01033,2600000,0
R27-01034,930000,0
R27-01035,3890000,0
R27-01036,32210000,60000
R27-01037,2660000,0
R27-01038,36740000,150000
R27-01039,11540000,40000
R27-01040,72830000,300000
R27-01041,1870000,0
R27-01042,83020000,300000
R27-01043,32760000,60000
R27-01044,68460000,300000
R27-01045,114170000,300000
R27-01046,14810000,40000
R27-01047,20180000,60000
R27-01048,93030000,300000
R27-01049,47190000,150000
R27-01050,18620000,40000
R27-01051,76730000,300000
R27-01052,21950000,60000
R27-01053,105870000,300000
R27-01054,2340000,0
R27-01055,23230000,60000
R27-01056,26850000,60000
R27-01057,22710000,60000
R27-01058,4020000,0
R27-01059,23880000,60000
R27-01060,31270000,60000
R27-01061,63400000,150000
R27-01062,41570000,150000
R27-01063,20700000,60000
R27-01064,93320000,300000
R27-01065,51580000,150000
R27-01066,61960000,150000
R27-01067,34880000,150000
R27-01068,62410000,150000
R27-01069,27640000,60000
R27-01070,73740000,300000
R27-01071,63040000,150000
R27-01072,12630000,40000
R27-01073,67980000,300000
R27-01074,59310000,150000
R27-01075,7800000,20000
R27-01076,65510000,150000
R27-01077,1000000,0
R27-01078,61530000,150000
R27-01079,7690000,20000
R27-01080,62770000,150000
R27-01081,74890000,300000
R27-01082,54700000,150000
R27-01083,13230000,40000
R27-01084,46180000,150000
R27-01085,26680000,60000
R27-01086,65650000,150000
R27-01087,23060000,60000
R27-01088,15630000,40000
R27-01089,10310000,40000
R27-01090,81890000,300000
R27-01091,11580000,40000
R27-01092,42720000,150000
R27-01093,44600000,150000
R27-01094,27250000,60000
R27-01095,82510000,300000
R27-01096,14710000,40000
R27-01097,2910000,0
R27-01098,121430000,300000
R27-01099,92240000,300000
R27-01100,5720000,20000
R27-01101,3290000,0
R27-01102,25510000,60000
R27-01103,73240000,300000
R27-01104,66420000,150000
R27-01105,42730000,150000
R27-01106,224370000,1000000
R27-01107,55330000,150000
R27-01108,38650000,150000
R27-01109,1230000,0
R27-01110,11920000,40000
R27-01111,84940000,300000
R27-01112,5490000,20000
R27-01113,6590000,20000
R27-01114,53550000,150000
R27-01115,56920000,150000
R27-01116,4800000,0
R27-01117,42360000,150000
R27-01118,1800000,0
R27-01119,43970000,150000
R27-01120,22460000,60000
R27-01121,70370000,300000
R27-01122,62560000,150000
R27-01123,12510000,40000
R27-01124,25530000,60000
R27-01125,21820000,60000
R27-01126,21340000,60000
R27-01127,53430000,150000
R27-01128,74420000,300000
R27-01129,5760000,20000
R27-01130,4040000,0
R27-01131,57520000,150000
R27-01132,51480000,150000
R27-01133,10950000,40000
R27-01134,62740000,150000
R27-01135,24560000,60000
R27-01136,86970000,300000
R27-01137,102330000,300000
R27-01138,27390000,60000
R27-01139,33350000,150000
R27-01140,7250000,20000
R27-01141,23810000,60000
R27-01142,73900000,300000
R27-01143,14980000,40000
R27-01144,30760000,60000
R27-01145,2900000,0
R27-01146,1410000,0
R27-01147,43720000,150000
R27-01148,66260000,150000
R27-01149,84690000,300000
R27-01150,31190000,60000
R27-01151,51150000,150000
R27-01152,37400000,150000
R27-01153,44760000,150000
R27-01154,25260000,60000
R27-01155,34570000,150000
R27-01156,11310000,40000
R27-01157,33270000,60000
R27-01158,7080000,20000
R27-01159,32440000,60000
R27-01160,16520000,40000
R27-01161,27960000,60000
R27-01162,43300000,150000
R27-01163,130320000,300000
R27-01164,4930000,0
R27-01165,36760000,150000
R27-01166,42500000,150000
R27-01167,21250000,60000
R27-01168,8880000,20000
R27-01169,45220000,150000
R27-01170,42880000,150000
R27-01171,15470000,40000
R27-01172,13490000,40000
R27-01173,83650000,300000
R27-01174,33040000,60000
R27-01175,90940000,300000
R27-01176,25530000,60000
R27-01177,41580000,150000
R27-01178,12030000,40000
R27-01179,42670000,150000
R27-01180,2930000,0
R27-01181,1940000,0
R27-01182,40900000,150000
R27-01183,43580000,150000
R27-01184,98140000,300000
R27-01185,11470000,40000
R27-01186,121120000,300000
R27-01187,26290000,60000
R27-01188,14350000,40000
R27-01189,1240000,0
R27-01190,5440000,20000
R27-01191,17870000,40000
R27-01192,47620000,150000
R27-01193,63000000,150000
R27-01194,75870000,300000
R27-01195,25320000,60000
R27-01196,12230000,40000
R27-01197,12240000,40000
R27-01198,12890000,40000
R27-01199,41760000,150000
R27-01200,28970000,60000
R27-01201,74880000,300000
R27-01202,82400000,300000
R27-01203,15540000,40000
R27-01204,42680000,150000
R27-01205,74540000,300000
R27-01206,52940000,150000
R27-01207,136530000,600000
R27-01208,51300000,150000
R27-01209,54530000,150000
R27-01210,32700000,60000
R27-01211,3670000,0
R27-01212,42730000,150000
R27-01213,5630000,20000
R27-01214,40680000,150000
R27-01215,21070000,60000
R27-01216,34560000,150000
R27-01217,58330000,150000
R27-01218,33300000,60000
R27-01219,44880000,150000
R27-01220,56880000,150000
R27-01221,38080000,150000
R27-01222,1170000,0
R27-01223,50460000,150000
R27-01224,10830000,40000
R27-01225,16460000,40000
R27-01226,7810000,20000
R27-01227,56420000,150000
R27-01228,83420000,300000
R27-01229,73030000,300000
R27-01230,65580000,150000
R27-01231,3570000,0
R27-01232,135090000,600000
R27-01233,44360000,150000
R27-01234,14270000,40000
R27-01235,28750000,60000
R27-01236,1670000,0
R27-01237,55400000,150000
R27-01238,25330000,60000
R27-01239,8680000,20000
R27-01240,21970000,60000
R27-01241,6260000,20000
R27-01242,2600000,0
R27-01243,23970000,60000
R27-01244,21650000,60000
R27-01245,53690000,150000
R27-01246,5250000,20000
R27-01247,61800000,150000
R27-01248,33310000,60000
R27-01249,98640000,300000
R27-01250,74610000,300000
R27-01251,43190000,150000
R27-01252,75850000,300000
R27-01253,23630000,60000
R27-01254,35890000,150000
R27-01255,17430000,40000
R27-01256,26140000,60000
R27-01257,17140000,40000
R27-01258,22290000,60000
R27-01259,74550000,300000
R27-01260,760000,0
R27-01261,79580000,300000
R27-01262,67690000,300000
R27-01263,16730000,40000
R27-01264,31650000,60000
R27-01265,21300000,60000
R27-01266,38100000,150000
R27-01267,63470000,150000
R27-01268,32690000,60000
R27-01269,54590000,150000
R27-01270,3360000,0
R27-01271,54840000,150000
R27-01272,33270000,60000
R27-01273,66040000,150000
R27-01274,43960000,150000
R27-01275,24820000,60000
R27-01276,60390000,150000
R27-01277,92690000,300000
R27-01278,22960000,60000
R27-01279,54990000,150000
R27-01280,4690000,0
R27-01281,52060000,150000
R27-01282,1930000,0
R27-01283,37890000,150000
R27-01284,22540000,60000
R27-01285,24510000,60000
R27-01286,52490000,150000
R27-01287,74060000,300000
R27-01288,40960000,150000
R27-01289,30800000,60000
R27-01290,21000000,60000
R27-01291,5780000,20000
R27-01292,53640000,150000
R27-01293,14390000,40000
R27-01294,17280000,40000
R27-01295,2990000,0
R27-01296,45480000,150000
R27-01297,112400000,300000
R27-01298,72320000,300000
R27-01299,74240000,300000
R27-01300,6030000,20000
R27-01301,1900000,0
R27-01302,50470000,150000
R27-01303,13320000,40000
R27-01304,62500000,150000
R27-01305,58130000,150000
R27-01306,46810000,150000
R27-01307,13000000,40000
R27-01308,1970000,0
R27-01309,22450000,60000
R27-01310,1960000,0
R27-01311,5870000,20000
R27-01312,6730000,20000
R27-01313,37540000,150000
R27-01314,43960000,150000
R27-01315,13550000,40000
R27-01316,43480000,150000
R27-01317,76980000,300000
R27-01318,14300000,40000
R27-01319,52840000,150000
R27-01320,2520000,0
R27-01321,61930000,150000
R27-01322,42940000,150000
R27-01323,32300000,60000
R27-01324,22000000,60000
R27-01325,1540000,0
R27-01326,23320000,60000
R27-01327,32280000,60000
R27-01328,72800000,300000
R27-01329,75540000,300000
R27-01330,74510000,300000
R27-01331,46550000,150000
R27-01332,73640000,300000
R27-01333,80840000,300000
R27-01334,42250000,150000
R27-01335,31420000,60000
R27-01336,53050000,150000
R27-01337,82900000,300000
R27-01338,2900000,0
R27-01339,28080000,60000
R27-01340,64200000,150000
R27-01341,50460000,150000
R27-01342,65130000,150000
R27-01343,54320000,150000
R27-01344,22360000,60000
R27-01345,34390000,150000
R27-01346,61850000,150000
R27-01347,33670000,150000
R27-01348,14010000,40000
R27-01349,84360000,300000
R27-01350,7140000,20000
R27-01351,30810000,60000
R27-01352,68970000,300000
R27-01353,31470000,60000
R27-01354,103130000,300000
R27-01355,43580000,150000
R27-01356,44590000,150000
R27-01357,12540000,40000
R27-01358,11120000,40000
R27-01359,35290000,150000
R27-01360,83890000,300000
R27-01361,26630000,60000
R27-01362,15010000,40000
R27-01363,14410000,40000
R27-01364,48450000,150000
R27-01365,1870000,0
R27-01366,5240000,20000
R27-01367,51740000,150000
R27-01368,91270000,300000
R27-01369,62490000,150000
R27-01370,71030000,300000
R27-01371,58750000,150000
R27-01372,23860000,60000
R27-01373,54380000,150000
R27-01374,11260000,40000
R27-01375,25360000,60000
R27-01376,32240000,60000
R27-01377,52180000,150000
R27-01378,13560000,40000
R27-01379,106630000,300000
R27-01380,81870000,300000
R27-01381,37880000,150000
R27-01382,14360000,40000
R27-01383,42040000,150000
R27-01384,91320000,300000
R27-01385,28670000,60000
R27-01386,24460000,60000
R27-01387,33460000,150000
R27-01388,1880000,0
R27-01389,22840000,60000
R27-01390,35890000,150000
R27-01391,33780000,150000
R27-01392,111120000,300000
R27-01393,84550000,300000
R27-01394,43820000,150000
R27-01395,42600000,150000
R27-01396,15390000,40000
R27-01397,52400000,150000
R27-01398,40680000,150000
R27-01399,46070000,150000
R27-01400,77310000,300000
R27-01401,54580000,150000
R27-01402,32530000,60000
R27-01403,11960000,40000
R27-01404,75030000,300000
R27-01405,950000,0
R27-01406,71470000,300000
R27-01407,21910000,60000
R27-01408,35540000,150000
R27-01409,72300000,300000
R27-01410,11560000,40000
R27-01411,214510000,1000000
R27-01412,21910000,60000
R27-01413,6030000,20000
R27-01414,72640000,300000
R27-01415,22450000,60000
R27-01416,102290000,300000
R27-01417,67250000,300000
R27-01418,17990000,40000
R27-01419,81550000,300000
R27-01420,34460000,150000
R27-01421,57490000,150000
R27-01422,2690000,0
R27-01423,64220000,150000
R27-01424,32190000,60000
R27-01425,79340000,300000
R27-01426,17290000,40000
R27-01427,93230000,300000
R27-01428,45930000,150000
R27-01429,41540000,150000
R27-01430,18000000,40000
R27-01431,115230000,300000
R27-01432,22850000,60000
R27-01433,31370000,60000
R27-01434,32190000,60000
R27-01435,24450000,60000
R27-01436,63500000,150000
R27-01437,96180000,300000
R27-01438,38620000,150000
R27-01439,73970000,300000
R27-01440,24770000,60000
R27-01441,74360000,300000
R27-01442,26600000,60000
R27-01443,73170000,300000
R27-01444,47560000,150000
R27-01445,40330000,150000
R27-01446,47660000,150000
R27-01447,2390000,0
R27-01448,71800000,300000
R27-01449,4330000,0
R27-01450,61850000,150000
R27-01451,67120000,300000
R27-01452,22310000,60000
R27-01453,23070000,60000
R27-01454,134080000,600000
R27-01455,2330000,0
R27-01456,25520000,60000
R27-01457,15880000,40000
R27-01458,64920000,150000
R27-01459,84810000,300000
R27-01460,14410000,40000
R27-01461,41760000,150000
R27-01462,51410000,150000
R27-01463,13850000,40000
R27-01464,82860000,300000
R27-01465,22340000,60000
R27-01466,49390000,150000
R27-01467,31860000,60000
R27-01468,64200000,150000
R27-01469,53250000,150000
R27-01470,41950000,150000
R27-01471,67630000,300000
R27-01472,74590000,300000
R27-01473,3170000,0
R27-01474,14130000,40000
R27-01475,31470000,60000
R27-01476,47400000,150000
R27-01477,9070000,20000
R27-01478,73400000,300000
R27-01479,27870000,60000
R27-01480,61930000,150000
R27-01481,83020000,300000
R27-01482,26230000,60000
R27-01483,73260000,300000
R27-01484,92040000,300000
R27-01485,33100000,60000
R27-01486,24300000,60000
R27-01487,97190000,300000
R27-01488,115930000,300000
R27-01489,3180000,0
R27-01490,2470000,0
R27-01491,23860000,60000
R27-01492,32570000,60000
R27-01493,33210000,60000
R27-01494,28650000,60000
R27-01495,51890000,150000
R27-01496,4850000,0
R27-01497,80900000,300000
R27-01498,9740000,20000
R27-01499,80800000,300000
R27-01500,93940000,300000
R27-01501,45670000,150000
R27-01502,31930000,60000
R27-01503,64000000,150000
R27-01504,37430000,150000
R27-01505,3690000,0
R27-01506,135010000,600000
R27-01507,31870000,60000
R27-01508,1490000,0
R27-01509,17060000,40000
R27-01510,24200000,60000
R27-01511,108410000,300000
R27-01512,73470000,300000
R27-01513,7660000,20000
R27-01514,32840000,60000
R27-01515,34970000,150000
R27-01516,31510000,60000
R27-01517,36150000,150000
R27-01518,91750000,300000
R27-01519,8810000,20000
R27-01520,135430000,600000
R27-01521,2210000,0
R27-01522,84420000,300000
R27-01523,32890000,60000
R27-01524,38100000,150000
R27-01525,131920000,300000
R27-01526,36800000,150000
R27-01527,8920000,20000
R27-01528,4040000,0
R27-01529,5580000,20000
R27-01530,22170000,60000
R27-01531,31480000,60000
R27-01532,56670000,150000
R27-01533,87260000,300000
R27-01534,72720000,300000
R27-01535,83380000,300000
R27-01536,36200000,150000
R27-01537,26780000,60000
R27-01538,43850000,150000
R27-01539,11050000,40000
R27-01540,16830000,40000
R27-01541,2420000,0
R27-01542,16580000,40000
R27-01543,12200000,40000
R27-01544,14890000,40000
R27-01545,45550000,150000
R27-01546,27500000,60000
R27-01547,113280000,300000
R27-01548,23070000,60000
R27-01549,61710000,150000
R27-01550,43140000,150000
R27-01551,24000000,60000
R27-01552,127330000,300000
R27-01553,26270000,60000
R27-01554,34250000,150000
R27-01555,12080000,40000
R27-01556,16050000,40000
R27-01557,81120000,300000
R27-01558,101140000,300000
R27-01559,92780000,300000
R27-01560,34950000,150000
R27-01561,2200000,0
R27-01562,44190000,150000
R27-01563,35220000,150000
R27-01564,84520000,300000
R27-01565,1450000,0
R27-01566,14320000,40000
R27-01567,26760000,60000
R27-01568,35010000,150000
R27-01569,42130000,150000
R27-01570,80490000,300000
R27-01571,35760000,150000
R27-01572,12960000,40000
R27-01573,104350000,300000
R27-01574,35420000,150000
R27-01575,46720000,150000
R27-01576,92610000,300000
R27-01577,23140000,60000
R27-01578,51970000,150000
R27-01579,960000,0
R27-01580,48530000,150000
R27-01581,93620000,300000
R27-01582,10540000,40000
R27-01583,92660000,300000
R27-01584,67390000,300000
R27-01585,37940000,150000
R27-01586,25000000,60000
R27-01587,66600000,150000
R27-01588,2470000,0
R27-01589,54240000,150000
R27-01590,71200000,300000
R27-01591,10220000,40000
R27-01592,92520000,300000
R27-01593,22550000,60000
R27-01594,13820000,40000
R27-01595,45610000,150000
R27-01596,23690000,60000
R27-01597,74040000,300000
R27-01598,11820000,40000
R27-01599,82390000,300000
R27-01600,23480000,60000
R27-01601,800000,0
R27-01602,7190000,20000
R27-01603,66900000,300000
R27-01604,3360000,0
R27-01605,61940000,150000
R27-01606,23040000,60000
R27-01607,86630000,300000
R27-01608,64380000,150000
R27-01609,25090000,60000
R27-01610,41420000,150000
R27-01611,35400000,150000
R27-01612,55260000,150000
R27-01613,61260000,150000
R27-01614,77500000,300000
R27-01615,13340000,40000
R27-01616,60510000,150000
R27-01617,58040000,150000
R27-01618,47020000,150000
R27-01619,36100000,150000
R27-01620,85340000,300000
R27-01621,53180000,150000
R27-01622,132000000,300000
R27-01623,41450000,150000
R27-01624,54280000,150000
R27-01625,4030000,0
R27-01626,4910000,0
R27-01627,61710000,150000
R27-01628,54190000,150000
R27-01629,87440000,300000
R27-01630,23660000,60000
R27-01631,63270000,150000
R27-01632,21800000,60000
R27-01633,54930000,150000
R27-01634,60940000,150000
R27-01635,24110000,60000
R27-01636,54090000,150000
R27-01637,74870000,300000
R27-01638,15450000,40000
R27-01639,30770000,60000
R27-01640,21970000,60000
R27-01641,12430000,40000
R27-01642,45190000,150000
R27-01643,15500000,40000
R27-01644,38910000,150000
R27-01645,31340000,60000
R27-01646,21690000,60000
R27-01647,27020000,60000
R27-01648,67460000,300000
R27-01649,65080000,150000
R27-01650,14050000,40000
R27-01651,55410000,150000
R27-01652,26740000,60000
R27-01653,66570000,150000
R27-01654,43850000,150000
R27-01655,84380000,300000
R27-01656,174820000,600000
R27-01657,24930000,60000
R27-01658,3560000,0
R27-01659,44890000,150000
R27-01660,11040000,40000
R27-01661,31870000,60000
R27-01662,63120000,150000
R27-01663,21520000,60000
R27-01664,11800000,40000
R27-01665,2400000,0
R27-01666,77820000,300000
R27-01667,23710000,60000
R27-01668,35050000,150000
R27-01669,47300000,150000
R27-01670,17090000,40000
R27-01671,47740000,150000
R27-01672,96430000,300000
R27-01673,36670000,150000
R27-01674,62370000,150000
R27-01675,14220000,40000
R27-01676,121950000,300000
R27-01677,64070000,150000
R27-01678,74370000,300000
R27-01679,95120000,300000
R27-01680,33270000,60000
R27-01681,75400000,300000
R27-01682,40750000,150000
R27-01683,71880000,300000
R27-01684,81980000,300000
R27-01685,31150000,60000
R27-01686,58310000,150000
R27-01687,35420000,150000
R27-01688,48890000,150000
R27-01689,70540000,300000
R27-01690,10680000,40000
R27-01691,42180000,150000
R27-01692,4580000,0
R27-01693,64910000,150000
R27-01694,62270000,150000
R27-01695,21640000,60000
R27-01696,54030000,150000
R27-01697,48170000,150000
R27-01698,82850000,300000
R27-01699,6070000,20000
R27-01700,62780000,150000
R27-01701,144320000,600000
R27-01702,2260000,0
R27-01703,62800000,150000
R27-01704,1630000,0
R27-01705,53370000,150000
R27-01706,47300000,150000
R27-01707,94530000,300000
R27-01708,12890000,40000
R27-01709,44960000,150000
R27-01710,55870000,150000
R27-01711,12090000,40000
R27-01712,34100000,150000
R27-01713,58580000,150000
R27-01714,20910000,60000
R27-01715,15190000,40000
R27-01716,71690000,300000
R27-01717,74450000,300000
R27-01718,15260000,40000
R27-01719,14030000,40000
R27-01720,3690000,0
R27-01721,43970000,150000
R27-01722,36110000,150000
R27-01723,57100000,150000
R27-01724,52340000,150000
R27-01725,64470000,150000
R27-01726,16060000,40000
R27-01727,91420000,300000
R27-01728,138310000,600000
R27-01729,26930000,60000
R27-01730,2420000,0
R27-01731,650000,0
R27-01732,44840000,150000
R27-01733,35400000,150000
R27-01734,76150000,300000
R27-01735,20160000,60000
R27-01736,12190000,40000
R27-01737,15850000,40000
R27-01738,51270000,150000
R27-01739,71200000,300000
R27-01740,43740000,150000
R27-01741,27900000,60000
R27-01742,94000000,300000
R27-01743,15380000,40000
R27-01744,61810000,150000
R27-01745,18430000,40000
R27-01746,116540000,300000
R27-01747,13040000,40000
R27-01748,85380000,300000
R27-01749,63300000,150000
R27-01750,44320000,150000
R27-01751,88190000,300000
R27-01752,6780000,20000
R27-01753,35850000,150000
R27-01754,3980000,0
R27-01755,6080000,20000
R27-01756,28360000,60000
R27-01757,42210000,150000
R27-01758,24920000,60000
R27-01759,5920000,20000
R27-01760,9120000,20000
R27-01761,13180000,40000
R27-01762,62340000,150000
R27-01763,42470000,150000
R27-01764,52050000,150000
R27-01765,22010000,60000
R27-01766,15360000,40000
R27-01767,51880000,150000
R27-01768,16510000,40000
R27-01769,73610000,300000
R27-01770,53310000,150000
R27-01771,22890000,60000
R27-01772,82120000,300000
R27-01773,9080000,20000
R27-01774,3570000,0
R27-01775,41880000,150000
R27-01776,6230000,20000
R27-01777,61640000,150000
R27-01778,3210000,0
R27-01779,72840000,300000
R27-01780,1930000,0
R27-01781,127860000,300000
R27-01782,23920000,60000
R27-01783,11800000,40000
R27-01784,102950000,300000
R27-01785,44150000,150000
R27-01786,41830000,150000
R27-01787,880000,0
R27-01788,57580000,150000
R27-01789,42540000,150000
R27-01790,13640000,40000
R27-01791,34930000,150000
R27-01792,17390000,40000
R27-01793,4560000,0
R27-01794,52170000,150000
R27-01795,43810000,150000
R27-01796,46510000,150000
R27-01797,12320000,40000
R27-01798,104970000,300000
R27-01799,98950000,300000
R27-01800,70150000,300000
R27-01801,33260000,60000
R27-01802,81440000,300000
R27-01803,46240000,150000
R27-01804,2840000,0
R27-01805,44570000,150000
R27-01806,13920000,40000
R27-01807,4180000,0
R27-01808,21920000,60000
R27-01809,33650000,150000
R27-01810,17650000,40000
R27-01811,22520000,60000
R27-01812,32480000,60000
R27-01813,6070000,20000
R27-01814,41540000,150000
R27-01815,31700000,60000
R27-01816,53660000,150000
R27-01817,27200000,60000
R27-01818,130650000,300000
R27-01819,11940000,40000
R27-01820,34410000,150000
R27-01821,32190000,60000
R27-01822,53150000,150000
R27-01823,22120000,60000
R27-01824,34070000,150000
R27-01825,1250000,0
R27-01826,32570000,60000
R27-01827,24090000,60000
R27-01828,84230000,300000
R27-01829,63720000,150000
R27-01830,3100000,0
R27-01831,143640000,600000
R27-01832,43720000,150000
R27-01833,24060000,60000
R27-01834,53550000,150000
R27-01835,64740000,150000
R27-01836,14570000,40000
R27-01837,60790000,150000
R27-01838,5750000,20000
R27-01839,53510000,150000
R27-01840,31940000,60000
R27-01841,82100000,300000
R27-01842,47870000,150000
R27-01843,36630000,150000
R27-01844,29280000,60000
R27-01845,105340000,300000
R27-01846,6840000,20000
R27-01847,27220000,60000
R27-01848,7390000,20000
R27-01849,19370000,40000
R27-01850,21490000,60000
R27-01851,12370000,40000
R27-01852,2970000,0
R27-01853,63830000,150000
R27-01854,34250000,150000
R27-01855,34920000,150000
R27-01856,33180000,60000
R27-01857,87390000,300000
R27-01858,3050000,0
R27-01859,7900000,20000
R27-01860,52550000,150000
R27-01861,90990000,300000
R27-01862,9290000,20000
R27-01863,16800000,40000
R27-01864,20250000,60000
R27-01865,43670000,150000
R27-01866,101090000,300000
R27-01867,71590000,300000
R27-01868,26760000,60000
R27-01869,95950000,300000
R27-01870,5860000,20000
R27-01871,15500000,40000
R27-01872,64960000,150000
R27-01873,61000000,150000
R27-01874,91260000,300000
R27-01875,18030000,40000
R27-01876,45010000,150000
R27-01877,14490000,40000
R27-01878,43860000,150000
R27-01879,14760000,40000
R27-01880,89170000,300000
R27-01881,55780000,150000
R27-01882,44480000,150000
R27-01883,54390000,150000
R27-01884,57960000,150000
R27-01885,15180000,40000
R27-01886,68870000,300000
R27-01887,61220000,150000
R27-01888,41070000,150000
R27-01889,31670000,60000
R27-01890,15830000,40000
R27-01891,70900000,300000
R27-01892,46520000,150000
R27-01893,72470000,300000
R27-01894,61790000,150000
R27-01895,114590000,300000
R27-01896,35820000,150000
R27-01897,24740000,60000
R27-01898,42370000,150000
R27-01899,23130000,60000
R27-01900,26230000,60000
R27-01901,22490000,60000
R27-01902,22280000,60000
R27-01903,18260000,40000
R27-01904,82460000,300000
R27-01905,24760000,60000
R27-01906,13140000,40000
R27-01907,46230000,150000
R27-01908,25380000,60000
R27-01909,60550000,150000
R27-01910,48250000,150000
R27-01911,23970000,60000
R27-01912,34390000,150000
R27-01913,20330000,60000
R27-01914,16560000,40000
R27-01915,221160000,1000000
R27-01916,1040000,0
R27-01917,23470000,60000
R27-01918,14950000,40000
R27-01919,45070000,150000
R27-01920,35010000,150000
R27-01921,14700000,40000
R27-01922,24840000,60000
R27-01923,12680000,40000
R27-01924,76070000,300000
R27-01925,61780000,150000
R27-01926,16690000,40000
R27-01927,85560000,300000
R27-01928,91630000,300000
R27-01929,46830000,150000
R27-01930,67730000,300000
R27-01931,24400000,60000
R27-01932,74050000,300000
R27-01933,36360000,150000
R27-01934,15460000,40000
R27-01935,63020000,150000
R27-01936,600000,0
R27-01937,71580000,300000
R27-01938,21940000,60000
R27-01939,21290000,60000
R27-01940,45100000,150000
R27-01941,67200000,300000
R27-01942,2340000,0
R27-01943,51390000,150000
R27-01944,106950000,300000
R27-01945,72820000,300000
R27-01946,32910000,60000
R27-01947,43240000,150000
R27-01948,4380000,0
R27-01949,33680000,150000
R27-01950,121860000,300000
R27-01951,11670000,40000
R27-01952,6170000,20000
R27-01953,44420000,150000
R27-01954,3120000,0
R27-01955,51080000,150000
R27-01956,3500000,0
R27-01957,72910000,300000
R27-01958,25060000,60000
R27-01959,33730000,150000
R27-01960,102930000,300000
R27-01961,35290000,150000
R27-01962,11380000,40000
R27-01963,24580000,60000
R27-01964,9170000,20000
R27-01965,15830000,40000
R27-01966,171070000,600000
R27-01967,44130000,150000
R27-01968,390000,0
R27-01969,97530000,300000
R27-01970,51510000,150000
R27-01971,470000,0
R27-01972,55420000,150000
R27-01973,21540000,60000
R27-01974,5700000,20000
R27-01975,112030000,300000
R27-01976,2540000,0
R27-01977,44400000,150000
R27-01978,22900000,60000
R27-01979,41930000,150000
R27-01980,1620000,0
R27-01981,71570000,300000
R27-01982,41940000,150000
R27-01983,20780000,60000
R27-01984,1660000,0
R27-01985,11660000,40000
R27-01986,8470000,20000
R27-01987,23120000,60000
R27-01988,2440000,0
R27-01989,27380000,60000
R27-01990,33150000,60000
R27-01991,63740000,150000
R27-01992,32580000,60000
R27-01993,110620000,300000
R27-01994,65180000,150000
R27-01995,61880000,150000
R27-01996,101670000,300000
R27-01997,13030000,40000
R27-01998,52990000,150000
R27-01999,61230000,150000
R27-02000,122060000,300000
R27-02001,1880000,0
R27-02002,46590000,150000
R27-02003,101420000,300000
R27-02004,32130000,60000
R27-02005,62840000,150000
R27-02006,11970000,40000
R27-02007,71430000,300000
R27-02008,25740000,60000
R27-02009,5890000,20000
R27-02010,3990000,0
R27-02011,76240000,300000
R27-02012,23830000,60000
R27-02013,23520000,60000
R27-02014,21550000,60000
R27-02015,64420000,150000
R27-02016,40300000,150000
R27-02017,30930000,60000
R27-02018,22710000,60000
R27-02019,80290000,300000
R27-02020,65910000,150000
R27-02021,33610000,150000
R27-02022,41600000,150000
R27-02023,56870000,150000
R27-02024,42820000,150000
R27-02025,20880000,60000
R27-02026,3900000,0
R27-02027,61940000,150000
R27-02028,1400000,0
R27-02029,43960000,150000
R27-02030,81590000,300000
R27-02031,36660000,150000
R27-02032,21300000,60000
R27-02033,44810000,150000
R27-02034,226510000,1000000
R27-02035,12090000,40000
R27-02036,113920000,300000
R27-02037,82970000,300000
R27-02038,21210000,60000
R27-02039,91040000,300000
R27-02040,17760000,40000
R27-02041,64860000,150000
R27-02042,47280000,150000
R27-02043,42440000,150000
R27-02044,61870000,150000
R27-02045,51080000,150000
R27-02046,22440000,60000
R27-02047,42380000,150000
R27-02048,61370000,150000
R27-02049,33740000,150000
R27-02050,15310000,40000
R27-02051,18150000,40000
R27-02052,5000000,20000
R27-02053,44690000,150000
R27-02054,97370000,300000
R27-02055,57350000,150000
R27-02056,118150000,300000
R27-02057,13880000,40000
R27-02058,72310000,300000
R27-02059,15560000,40000
R27-02060,26210000,60000
R27-02061,1980000,0
R27-02062,35260000,150000
R27-02063,7530000,20000
R27-02064,95420000,300000
R27-02065,102150000,300000
R27-02066,23210000,60000
R27-02067,63490000,150000
R27-02068,51720000,150000
R27-02069,73950000,300000
R27-02070,73870000,300000
R27-02071,142550000,600000
R27-02072,93350000,300000
R27-02073,5620000,20000
R27-02074,102040000,300000
R27-02075,54760000,150000
R27-02076,52610000,150000
R27-02077,22570000,60000
R27-02078,1360000,0
R27-02079,92550000,300000
R27-02080,1690000,0
R27-02081,38010000,150000
R27-02082,114510000,300000
R27-02083,56560000,150000
R27-02084,21630000,60000
R27-02085,59460000,150000
R27-02086,47590000,150000
R27-02087,8310000,20000
R27-02088,65910000,150000
R27-02089,25110000,60000
R27-02090,10620000,40000
R27-02091,144730000,600000
R27-02092,6600000,20000
R27-02093,2480000,0
R27-02094,24120000,60000
R27-02095,55740000,150000
R27-02096,12180000,40000
R27-02097,62700000,150000
R27-02098,3750000,0
R27-02099,24590000,60000
R27-02100,52220000,150000
R27-02101,5500000,20000
R27-02102,7860000,20000
R27-02103,3140000,0
R27-02104,35840000,150000
R27-02105,15750000,40000
R27-02106,32710000,60000
R27-02107,53400000,150000
R27-02108,18430000,40000
R27-02109,50900000,150000
R27-02110,39320000,150000
R27-02111,25680000,60000
R27-02112,37790000,150000
R27-02113,25820000,60000
R27-02114,138520000,600000
R27-02115,24930000,60000
R27-02116,21980000,60000
R27-02117,11860000,40000
R27-02118,19700000,40000
R27-02119,28700000,60000
R27-02120,52310000,150000
R27-02121,91070000,300000
R27-02122,5650000,20000
R27-02123,62190000,150000
R27-02124,35590000,150000
R27-02125,96750000,300000
R27-02126,60940000,150000
R27-02127,16950000,40000
R27-02128,15060000,40000
R27-02129,34000000,150000
R27-02130,13900000,40000
R27-02131,23840000,60000
R27-02132,35240000,150000
R27-02133,6060000,20000
R27-02134,28270000,60000
R27-02135,11730000,40000
R27-02136,26200000,60000
R27-02137,42970000,150000
R27-02138,6290000,20000
R27-02139,4610000,0
R27-02140,22180000,60000
R27-02141,25870000,60000
R27-02142,175620000,600000
R27-02143,115060000,300000
R27-02144,7570000,20000
R27-02145,42090000,150000
R27-02146,23620000,60000
R27-02147,4770000,0
R27-02148,66320000,150000
R27-02149,640000,0
R27-02150,117350000,300000
R27-02151,12830000,40000
R27-02152,12880000,40000
R27-02153,52840000,150000
R27-02154,66580000,150000
R27-02155,20430000,60000
R27-02156,8240000,20000
R27-02157,64640000,150000
R27-02158,94260000,300000
R27-02159,33180000,60000
R27-02160,98210000,300000
R27-02161,3120000,0
R27-02162,94470000,300000
R27-02163,11840000,40000
R27-02164,23170000,60000
R27-02165,32310000,60000
R27-02166,200000,0
R27-02167,23040000,60000
R27-02168,125160000,300000
R27-02169,51440000,150000
R27-02170,82260000,300000
R27-02171,79130000,300000
R27-02172,51590000,150000
R27-02173,11440000,40000
R27-02174,32390000,60000
R27-02175,132900000,300000
R27-02176,46210000,150000
R27-02177,34360000,150000
R27-02178,44750000,150000
R27-02179,2500000,0
R27-02180,216180000,1000000
R27-02181,12980000,40000
R27-02182,2370000,0
R27-02183,21940000,60000
R27-02184,23250000,60000
R27-02185,32850000,60000
R27-02186,44840000,150000
R27-02187,44320000,150000
R27-02188,50830000,150000
R27-02189,95810000,300000
R27-02190,1590000,0
R27-02191,68580000,300000
R27-02192,84100000,300000
R27-02193,54690000,150000
R27-02194,95170000,300000
R27-02195,1770000,0
R27-02196,52800000,150000
R27-02197,143470000,600000
R27-02198,23250000,60000
R27-02199,93950000,300000
R27-02200,52190000,150000
R27-02201,22790000,60000
R27-02202,4140000,0
R27-02203,4370000,0
R27-02204,52020000,150000
R27-02205,56220000,150000
R27-02206,5870000,20000
R27-02207,5840000,20000
R27-02208,35590000,150000
R27-02209,104640000,300000
R27-02210,54240000,150000
R27-02211,43400000,150000
R27-02212,74230000,300000
R27-02213,1200000,0
R27-02214,73900000,300000
R27-02215,45350000,150000
R27-02216,83310000,300000
R27-02217,53210000,150000
R27-02218,44270000,150000
R27-02219,115350000,300000
R27-02220,76480000,300000
R27-02221,57230000,150000
R27-02222,15290000,40000
R27-02223,3490000,0
R27-02224,21110000,60000
R27-02225,52490000,150000
R27-02226,60440000,150000
R27-02227,52750000,150000
R27-02228,24620000,60000
R27-02229,95220000,300000
R27-02230,33530000,150000
R27-02231,4440000,0
R27-02232,51170000,150000
R27-02233,74970000,300000
R27-02234,11270000,40000
R27-02235,41300000,150000
R27-02236,1030000,0
R27-02237,16000000,40000
R27-02238,113180000,300000
R27-02239,2670000,0
R27-02240,14160000,40000
R27-02241,62270000,150000
R27-02242,117170000,300000
R27-02243,42870000,150000
R27-02244,115250000,300000
R27-02245,34610000,150000
R27-02246,11440000,40000
R27-02247,45130000,150000
R27-02248,88940000,300000
R27-02249,84470000,300000
R27-02250,30640000,60000
R27-02251,28010000,60000
R27-02252,112620000,300000
R27-02253,34420000,150000
R27-02254,2450000,0
R27-02255,38200000,150000
R27-02256,42960000,150000
R27-02257,6840000,20000
R27-02258,4130000,0
R27-02259,33200000,60000
R27-02260,11570000,40000
R27-02261,14480000,40000
R27-02262,13530000,40000
R27-02263,66240000,150000
R27-02264,46600000,150000
R27-02265,34530000,150000
R27-02266,35050000,150000
R27-02267,75250000,300000
R27-02268,4160000,0
R27-02269,107800000,300000
R27-02270,6460000,20000
R27-02271,2230000,0
R27-02272,96150000,300000
R27-02273,63280000,150000
R27-02274,12970000,40000
R27-02275,36930000,150000
R27-02276,141150000,600000
R27-02277,11610000,40000
R27-02278,16380000,40000
R27-02279,23200000,60000
R27-02280,22540000,60000
R27-02281,23680000,60000
R27-02282,14990000,40000
R27-02283,63880000,150000
R27-02284,107680000,300000
R27-02285,21780000,60000
R27-02286,3930000,0
R27-02287,52260000,150000
R27-02288,11560000,40000
R27-02289,21270000,60000
R27-02290,154970000,600000
R27-02291,36680000,150000
R27-02292,12980000,40000
R27-02293,35690000,150000
R27-02294,58030000,150000
R27-02295,105070000,300000
R27-02296,63660000,150000
R27-02297,26170000,60000
R27-02298,71520000,300000
R27-02299,1780000,0
R27-02300,52430000,150000
R27-02301,5040000,20000
R27-02302,23520000,60000
R27-02303,37610000,150000
R27-02304,77710000,300000
R27-02305,23850000,60000
R27-02306,45410000,150000
R27-02307,78320000,300000
R27-02308,16940000,40000
R27-02309,62150000,150000
R27-02310,56380000,150000
R27-02311,57870000,150000
R27-02312,42540000,150000
R27-02313,5190000,20000
R27-02314,37650000,150000
R27-02315,32620000,60000
R27-02316,23050000,60000
R27-02317,65150000,150000
R27-02318,22600000,60000
R27-02319,32460000,60000
R27-02320,46580000,150000
R27-02321,83430000,300000
R27-02322,12800000,40000
R27-02323,44390000,150000
R27-02324,13430000,40000
R27-02325,94030000,300000
R27-02326,2990000,0
R27-02327,4360000,0
R27-02328,123590000,300000
R27-02329,1500000,0
R27-02330,4300000,0
R27-02331,57490000,150000
R27-02332,56700000,150000
R27-02333,42950000,150000
R27-02334,36910000,150000
R27-02335,39540000,150000
R27-02336,12850000,40000
R27-02337,143930000,600000
R27-02338,72930000,300000
R27-02339,24040000,60000
R27-02340,2310000,0
R27-02341,6050000,20000
R27-02342,17400000,40000
R27-02343,122680000,300000
R27-02344,6300000,20000
R27-02345,122590000,300000
R27-02346,5560000,20000
R27-02347,56600000,150000
R27-02348,22600000,60000
R27-02349,72540000,300000
R27-02350,143300000,600000
R27-02351,42780000,150000
R27-02352,26870000,60000
R27-02353,93420000,300000
R27-02354,4750000,0
R27-02355,11700000,40000
R27-02356,1540000,0
R27-02357,81580000,300000
R27-02358,15000000,40000
R27-02359,156490000,600000
R27-02360,45480000,150000
R27-02361,51360000,150000
R27-02362,106830000,300000
R27-02363,56030000,150000
R27-02364,42210000,150000
R27-02365,45510000,150000
R27-02366,9460000,20000
R27-02367,1730000,0
R27-02368,63420000,150000
R27-02369,53020000,150000
R27-02370,22290000,60000
R27-02371,92280000,300000
R27-02372,33190000,60000
R27-02373,100960000,300000
R27-02374,21780000,60000
R27-02375,12270000,40000
R27-02376,74980000,300000
R27-02377,3960000,0
R27-02378,11220000,40000
R27-02379,43890000,150000
R27-02380,43250000,150000
R27-02381,122640000,300000
R27-02382,13280000,40000
R27-02383,3090000,0
R27-02384,62220000,150000
R27-02385,56500000,150000
R27-02386,63490000,150000
R27-02387,16780000,40000
R27-02388,65480000,150000
R27-02389,33500000,150000
R27-02390,32110000,60000
R27-02391,21560000,60000
R27-02392,16380000,40000
R27-02393,46730000,150000
R27-02394,115530000,300000
R27-02395,94670000,300000
R27-02396,24770000,60000
R27-02397,91190000,300000
R27-02398,96730000,300000
R27-02399,58010000,150000
R27-02400,51660000,150000
R27-02401,5390000,20000
R27-02402,44520000,150000
R27-02403,6370000,20000
R27-02404,17080000,40000
R27-02405,130890000,300000
R27-02406,41430000,150000
R27-02407,73150000,300000
R27-02408,66870000,300000
R27-02409,2980000,0
R27-02410,44490000,150000
R27-02411,101060000,300000
R27-02412,40180000,150000
R27-02413,51850000,150000
R27-02414,15270000,40000
R27-02415,62130000,150000
R27-02416,67060000,300000
R27-02417,31230000,60000
R27-02418,32840000,60000
R27-02419,87080000,300000
R27-02420,102130000,300000
R27-02421,60770000,150000
R27-02422,53620000,150000
R27-02423,22260000,60000
R27-02424,48040000,150000
R27-02425,102860000,300000
R27-02426,52750000,150000
R27-02427,1110000,0
R27-02428,42730000,150000
R27-02429,82280000,300000
R27-02430,27460000,60000
R27-02431,14310000,40000
R27-02432,61340000,150000
R27-02433,77180000,300000
R27-02434,14220000,40000
R27-02435,18890000,40000
R27-02436,53140000,150000
R27-02437,4880000,0
R27-02438,26760000,60000
R27-02439,31870000,60000
R27-02440,91420000,300000
R27-02441,105870000,300000
R27-02442,19190000,40000
R27-02443,63370000,150000
R27-02444,62160000,150000
R27-02445,53850000,150000
R27-02446,90910000,300000
R27-02447,26140000,60000
R27-02448,51830000,150000
R27-02449,8360000,20000
R27-02450,26990000,60000
R27-02451,88750000,300000
R27-02452,44390000,150000
R27-02453,23980000,60000
R27-02454,14950000,40000
R27-02455,83940000,300000
R27-02456,15680000,40000
R27-02457,62340000,150000
R27-02458,27730000,60000
R27-02459,13900000,40000
R27-02460,84610000,300000
R27-02461,61950000,150000
R27-02462,42430000,150000
R27-02463,84770000,300000
R27-02464,2600000,0
R27-02465,69870000,300000
R27-02466,25180000,60000
R27-02467,42930000,150000
R27-02468,40800000,150000
R27-02469,1870000,0
R27-02470,22590000,60000
R27-02471,61660000,150000
R27-02472,44130000,150000
R27-02473,24420000,60000
R27-02474,8420000,20000
R27-02475,98380000,300000
R27-02476,31610000,60000
R27-02477,103360000,300000
R27-02478,77810000,300000
R27-02479,85950000,300000
R27-02480,16450000,40000
R27-02481,32880000,60000
R27-02482,35830000,150000
R27-02483,91560000,300000
R27-02484,75460000,300000
R27-02485,12730000,40000
R27-02486,122540000,300000
R27-02487,32720000,60000
R27-02488,16560000,40000
R27-02489,34770000,150000
R27-02490,3370000,0
R27-02491,2570000,0
R27-02492,36090000,150000
R27-02493,44310000,150000
R27-02494,77110000,300000
R27-02495,54020000,150000
R27-02496,24210000,60000
R27-02497,44410000,150000
R27-02498,4630000,0
R27-02499,65550000,150000
R27-02500,64350000,150000
R27-02501,21500000,60000
R27-02502,15930000,40000
R27-02503,25330000,60000
R27-02504,3280000,0
R27-02505,4660000,0
R27-02506,24300000,60000
R27-02507,7480000,20000
R27-02508,22070000,60000
R27-02509,22910000,60000
R27-02510,13610000,40000
R27-02511,36760000,150000
R27-02512,105150000,300000
R27-02513,1370000,0
R27-02514,38800000,150000
R27-02515,12660000,40000
R27-02516,98200000,300000
R27-02517,103820000,300000
R27-02518,98650000,300000
R27-02519,51550000,150000
R27-02520,7610000,20000
R27-02521,20870000,60000
R27-02522,22450000,60000
R27-02523,146520000,600000
R27-02524,142860000,600000
R27-02525,61520000,150000
R27-02526,65020000,150000
R27-02527,46240000,150000
R27-02528,64570000,150000
R27-02529,35350000,150000
R27-02530,67060000,300000
R27-02531,92160000,300000
R27-02532,33890000,150000
R27-02533,26440000,60000
R27-02534,12750000,40000
R27-02535,86220000,300000
R27-02536,43760000,150000
R27-02537,35560000,150000
R27-02538,48620000,150000
R27-02539,820000,0
R27-02540,13640000,40000
R27-02541,62870000,150000
R27-02542,64620000,150000
R27-02543,123160000,300000
R27-02544,1130000,0
R27-02545,77320000,300000
R27-02546,61990000,150000
R27-02547,3380000,0
R27-02548,74040000,300000
R27-02549,23760000,60000
R27-02550,72550000,300000
R27-02551,61710000,150000
R27-02552,35490000,150000
R27-02553,51830000,150000
R27-02554,4170000,0
R27-02555,17200000,40000
R27-02556,41760000,150000
R27-02557,93270000,300000
R27-02558,33770000,150000
R27-02559,33620000,150000
R27-02560,12930000,40000
R27-02561,1190000,0
R27-02562,54360000,150000
R27-02563,63400000,150000
R27-02564,10910000,40000
R27-02565,73290000,300000
R27-02566,142890000,600000
R27-02567,2110000,0
R27-02568,2510000,0
R27-02569,32490000,60000
R27-02570,34700000,150000
R27-02571,22460000,60000
R27-02572,31650000,60000
R27-02573,2190000,0
R27-02574,2220000,0
R27-02575,53980000,150000
R27-02576,54490000,150000
R27-02577,41710000,150000
R27-02578,157180000,600000
R27-02579,55710000,150000
R27-02580,2010000,0
R27-02581,12260000,40000
R27-02582,4660000,0
R27-02583,740000,0
R27-02584,3980000,0
R27-02585,26050000,60000
R27-02586,87280000,300000
R27-02587,62780000,150000
R27-02588,11180000,40000
R27-02589,41830000,150000
R27-02590,5560000,20000
R27-02591,105010000,300000
R27-02592,42120000,150000
R27-02593,72530000,300000
R27-02594,52430000,150000
R27-02595,61540000,150000
R27-02596,65200000,150000
R27-02597,105940000,300000
R27-02598,3360000,0
R27-02599,63150000,150000
R27-02600,45940000,150000
R27-02601,24920000,60000
R27-02602,1100000,0
R27-02603,42200000,150000
R27-02604,52680000,150000
R27-02605,74680000,300000
R27-02606,44050000,150000
R27-02607,83390000,300000
R27-02608,11700000,40000
R27-02609,12310000,40000
R27-02610,31980000,60000
R27-02611,62500000,150000
R27-02612,26860000,60000
R27-02613,740000,0
R27-02614,63510000,150000
R27-02615,63010000,150000
R27-02616,21650000,60000
R27-02617,41590000,150000
R27-02618,35430000,150000
R27-02619,92700000,300000
R27-02620,65010000,150000
R27-02621,41990000,150000
R27-02622,115860000,300000
R27-02623,12950000,40000
R27-02624,3390000,0
R27-02625,22710000,60000
R27-02626,2430000,0
R27-02627,3360000,0
R27-02628,55160000,150000
R27-02629,45080000,150000
R27-02630,72050000,300000
R27-02631,32490000,60000
R27-02632,82540000,300000
R27-02633,84910000,300000
R27-02634,1050000,0
R27-02635,25300000,60000
R27-02636,72600000,300000
R27-02637,11330000,40000
R27-02638,55990000,150000
R27-02639,37960000,150000
R27-02640,1190000,0
R27-02641,55470000,150000
R27-02642,15590000,40000
R27-02643,72780000,300000
R27-02644,81350000,300000
R27-02645,118990000,300000
R27-02646,3070000,0
R27-02647,22810000,60000
R27-02648,18180000,40000
R27-02649,63480000,150000
R27-02650,22370000,60000
R27-02651,4410000,0
R27-02652,55030000,150000
R27-02653,7920000,20000
R27-02654,41310000,150000
R27-02655,61660000,150000
R27-02656,101170000,300000
R27-02657,10960000,40000
R27-02658,12530000,40000
R27-02659,31520000,60000
R27-02660,11080000,40000
R27-02661,88290000,300000
R27-02662,24610000,60000
R27-02663,2750000,0
R27-02664,20540000,60000
R27-02665,60640000,150000
R27-02666,22340000,60000
R27-02667,33790000,150000
R27-02668,72990000,300000
R27-02669,62980000,150000
R27-02670,230510000,1000000
R27-02671,24240000,60000
R27-02672,5520000,20000
R27-02673,65000000,150000
R27-02674,34510000,150000
R27-02675,5860000,20000
R27-02676,17090000,40000
R27-02677,54940000,150000
R27-02678,57540000,150000
R27-02679,42400000,150000
R27-02680,42210000,150000
R27-02681,83290000,300000
R27-02682,51310000,150000
R27-02683,27490000,60000
R27-02684,22260000,60000
R27-02685,61740000,150000
R27-02686,34240000,150000
R27-02687,12930000,40000
R27-02688,30790000,60000
R27-02689,8500000,20000
R27-02690,37230000,150000
R27-02691,116170000,300000
R27-02692,92820000,300000
R27-02693,14120000,40000
R27-02694,1470000,0
R27-02695,66830000,300000
R27-02696,13060000,40000
R27-02697,3280000,0
R27-02698,13980000,40000
R27-02699,11700000,40000
R27-02700,2110000,0
R27-02701,53740000,150000
R27-02702,11310000,40000
R27-02703,62540000,150000
R27-02704,14080000,40000
R27-02705,13890000,40000
R27-02706,76860000,300000
R27-02707,3610000,0
R27-02708,22790000,60000
R27-02709,74960000,300000
R27-02710,10960000,40000
R27-02711,57920000,150000
R27-02712,114280000,300000
R27-02713,42860000,150000
R27-02714,11850000,40000
R27-02715,6430000,20000
R27-02716,98780000,300000
R27-02717,27700000,60000
R27-02718,54820000,150000
R27-02719,5670000,20000
R27-02720,24330000,60000
R27-02721,85560000,300000
R27-02722,4660000,0
R27-02723,55960000,150000
R27-02724,45640000,150000
R27-02725,41890000,150000
R27-02726,13410000,40000
R27-02727,32630000,60000
R27-02728,36950000,150000
R27-02729,15550000,40000
R27-02730,52760000,150000
R27-02731,86070000,300000
R27-02732,41960000,150000
R27-02733,17570000,40000
R27-02734,69470000,300000
R27-02735,6160000,20000
R27-02736,6080000,20000
R27-02737,54930000,150000
R27-02738,92760000,300000
R27-02739,22740000,60000
R27-02740,56150000,150000
R27-02741,12020000,40000
R27-02742,21320000,60000
R27-02743,69910000,300000
R27-02744,95470000,300000
R27-02745,91540000,300000
R27-02746,106470000,300000
R27-02747,46580000,150000
R27-02748,33410000,150000
R27-02749,24150000,60000
R27-02750,66560000,150000
R27-02751,38910000,150000
R27-02752,23480000,60000
R27-02753,13780000,40000
R27-02754,83100000,300000
R27-02755,52500000,150000
R27-02756,35800000,150000
R27-02757,5530000,20000
R27-02758,62130000,150000
R27-02759,35800000,150000
R27-02760,3690000,0
R27-02761,85420000,300000
R27-02762,31680000,60000
R27-02763,58260000,150000
R27-02764,47630000,150000
R27-02765,44440000,150000
R27-02766,6260000,20000
R27-02767,66030000,150000
R27-02768,11210000,40000
R27-02769,81960000,300000
R27-02770,132450000,300000
R27-02771,56140000,150000
R27-02772,14710000,40000
R27-02773,16660000,40000
R27-02774,43150000,150000
R27-02775,100990000,300000
R27-02776,83790000,300000
R27-02777,24050000,60000
R27-02778,36180000,150000
R27-02779,31330000,60000
R27-02780,1130000,0
R27-02781,2840000,0
R27-02782,142340000,600000
R27-02783,52620000,150000
R27-02784,23820000,60000
R27-02785,1550000,0
R27-02786,32270000,60000
R27-02787,14780000,40000
R27-02788,13560000,40000
R27-02789,52840000,150000
R27-02790,2810000,0
R27-02791,31860000,60000
R27-02792,40660000,150000
R27-02793,95440000,300000
R27-02794,78180000,300000
R27-02795,25170000,60000
R27-02796,13770000,40000
R27-02797,56650000,150000
R27-02798,57290000,150000
R27-02799,25940000,60000
R27-02800,42670000,150000
R27-02801,103110000,300000
R27-02802,156140000,600000
R27-02803,54950000,150000
R27-02804,81200000,300000
R27-02805,22450000,60000
R27-02806,41120000,150000
R27-02807,90790000,300000
R27-02808,52530000,150000
R27-02809,36080000,150000
R27-02810,92700000,300000
R27-02811,5550000,20000
R27-02812,53020000,150000
R27-02813,92280000,300000
R27-02814,67300000,300000
R27-02815,2170000,0
R27-02816,81970000,300000
R27-02817,11080000,40000
R27-02818,33500000,150000
R27-02819,53590000,150000
R27-02820,18120000,40000
R27-02821,83190000,300000
R27-02822,35460000,150000
R27-02823,49020000,150000
R27-02824,11200000,40000
R27-02825,2220000,0
R27-02826,11460000,40000
R27-02827,132770000,300000
R27-02828,31800000,60000
R27-02829,26120000,60000
R27-02830,54780000,150000
R27-02831,11010000,40000
R27-02832,4100000,0
R27-02833,23290000,60000
R27-02834,47160000,150000
R27-02835,1890000,0
R27-02836,11120000,40000
R27-02837,54350000,150000
R27-02838,27250000,60000
R27-02839,10600000,40000
R27-02840,14420000,40000
R27-02841,32520000,60000
R27-02842,87610000,300000
R27-02843,21960000,60000
R27-02844,2450000,0
R27-02845,21970000,60000
R27-02846,62910000,150000
R27-02847,63780000,150000
R27-02848,47370000,150000
R27-02849,54480000,150000
R27-02850,45200000,150000
R27-02851,43770000,150000
R27-02852,2940000,0
R27-02853,28440000,60000
R27-02854,21750000,60000
R27-02855,20730000,60000
R27-02856,126310000,300000
R27-02857,23130000,60000
R27-02858,51980000,150000
R27-02859,81160000,300000
R27-02860,50600000,150000
R27-02861,74440000,300000
R27-02862,33780000,150000
R27-02863,55740000,150000
R27-02864,57200000,150000
R27-02865,6580000,20000
R27-02866,23170000,60000
R27-02867,11900000,40000
R27-02868,41200000,150000
R27-02869,145310000,600000
R27-02870,45240000,150000
R27-02871,81740000,300000
R27-02872,32750000,60000
R27-02873,1800000,0
R27-02874,1510000,0
R27-02875,25000000,60000
R27-02876,54640000,150000
R27-02877,32880000,60000
R27-02878,127940000,300000
R27-02879,54510000,150000
R27-02880,85550000,300000
R27-02881,23320000,60000
R27-02882,20650000,60000
R27-02883,81260000,300000
R27-02884,43850000,150000
R27-02885,25360000,60000
R27-02886,53300000,150000
R27-02887,85320000,300000
R27-02888,32480000,60000
R27-02889,69360000,300000
R27-02890,26250000,60000
R27-02891,36580000,150000
R27-02892,23240000,60000
R27-02893,24330000,60000
R27-02894,61940000,150000
R27-02895,102770000,300000
R27-02896,157520000,600000
R27-02897,4600000,0
R27-02898,21280000,60000
R27-02899,1440000,0
R27-02900,13110000,40000
R27-02901,35900000,150000
R27-02902,36960000,150000
R27-02903,64230000,150000
R27-02904,63700000,150000
R27-02905,56390000,150000
R27-02906,2000000,0
R27-02907,74500000,300000
R27-02908,52970000,150000
R27-02909,55450000,150000
R27-02910,35040000,150000
R27-02911,21780000,60000
R27-02912,65950000,150000
R27-02913,32620000,60000
R27-02914,46470000,150000
R27-02915,81350000,300000
R27-02916,1400000,0
R27-02917,115940000,300000
R27-02918,2110000,0
R27-02919,14030000,40000
R27-02920,10510000,40000
R27-02921,1280000,0
R27-02922,42080000,150000
R27-02923,43060000,150000
R27-02924,39190000,150000
R27-02925,8440000,20000
R27-02926,22700000,60000
R27-02927,63470000,150000
R27-02928,14570000,40000
R27-02929,6860000,20000
R27-02930,58350000,150000
R27-02931,2010000,0
R27-02932,33180000,60000
R27-02933,65370000,150000
R27-02934,75820000,300000
R27-02935,2670000,0
R27-02936,74220000,300000
R27-02937,25280000,60000
R27-02938,14030000,40000
R27-02939,103040000,300000
R27-02940,20700000,60000
R27-02941,50710000,150000
R27-02942,110990000,300000
R27-02943,66600000,150000
R27-02944,5560000,20000
R27-02945,3880000,0
R27-02946,31800000,60000
R27-02947,62280000,150000
R27-02948,5770000,20000
R27-02949,31440000,60000
R27-02950,23550000,60000
R27-02951,88170000,300000
R27-02952,14510000,40000
R27-02953,25650000,60000
R27-02954,95340000,300000
R27-02955,35170000,150000
R27-02956,1190000,0
R27-02957,66210000,150000
R27-02958,4040000,0
R27-02959,42430000,150000
R27-02960,13100000,40000
R27-02961,4810000,0
R27-02962,56980000,150000
R27-02963,124170000,300000
R27-02964,77930000,300000
R27-02965,8140000,20000
R27-02966,42490000,150000
R27-02967,66270000,150000
R27-02968,38350000,150000
R27-02969,3830000,0
R27-02970,3530000,0
R27-02971,61690000,150000
R27-02972,34770000,150000
R27-02973,57040000,150000
R27-02974,33830000,150000
R27-02975,21130000,60000
R27-02976,860000,0
R27-02977,48450000,150000
R27-02978,81880000,300000
R27-02979,25880000,60000
R27-02980,2040000,0
R27-02981,31360000,60000
R27-02982,35870000,150000
R27-02983,53140000,150000
R27-02984,14860000,40000
R27-02985,63040000,150000
R27-02986,45500000,150000
R27-02987,6340000,20000
R27-02988,1240000,0
R27-02989,1760000,0
R27-02990,21090000,60000
R27-02991,23870000,60000
R27-02992,5190000,20000
R27-02993,34870000,150000
R27-02994,37680000,150000
R27-02995,3950000,0
R27-02996,5110000,20000
R27-02997,121440000,300000
R27-02998,131650000,300000
R27-02999,52900000,150000
R27-03000,73220000,300000
R27-03001,25830000,60000
R27-03002,72740000,300000
R27-03003,24190000,60000
R27-03004,52220000,150000
R27-03005,41010000,150000
R27-03006,7110000,20000
R27-03007,21860000,60000
R27-03008,13030000,40000
R27-03009,50460000,150000
R27-03010,13240000,40000
R27-03011,41860000,150000
R27-03012,82790000,300000
R27-03013,3240000,0
R27-03014,61910000,150000
R27-03015,11260000,40000
R27-03016,4150000,0
R27-03017,4250000,0
R27-03018,37080000,150000
R27-03019,37510000,150000
R27-03020,52260000,150000
R27-03021,11920000,40000
R27-03022,24760000,60000
R27-03023,81040000,300000
R27-03024,6110000,20000
R27-03025,5910000,20000
R27-03026,42630000,150000
R27-03027,28120000,60000
R27-03028,44370000,150000
R27-03029,12070000,40000
R27-03030,2880000,0
R27-03031,92270000,300000
R27-03032,63310000,150000
R27-03033,42830000,150000
R27-03034,22180000,60000
R27-03035,85240000,300000
R27-03036,60450000,150000
R27-03037,33310000,60000
R27-03038,55800000,150000
R27-03039,44800000,150000
R27-03040,13090000,40000
R27-03041,62970000,150000
R27-03042,27640000,60000
R27-03043,112070000,300000
R27-03044,51930000,150000
R27-03045,44600000,150000
R27-03046,125440000,300000
R27-03047,111800000,300000
R27-03048,13380000,40000
R27-03049,34250000,150000
R27-03050,3670000,0
R27-03051,56580000,150000
R27-03052,41300000,150000
R27-03053,550000,0
R27-03054,53270000,150000
R27-03055,73150000,300000
R27-03056,42560000,150000
R27-03057,117060000,300000
R27-03058,40530000,150000
R27-03059,54990000,150000
R27-03060,25880000,60000
R27-03061,63970000,150000
R27-03062,64750000,150000
R27-03063,69080000,300000
R27-03064,11780000,40000
R27-03065,12110000,40000
R27-03066,33480000,150000
R27-03067,5420000,20000
R27-03068,13510000,40000
R27-03069,84810000,300000
R27-03070,11650000,40000
R27-03071,24250000,60000
R27-03072,57780000,150000
R27-03073,56490000,150000
R27-03074,21070000,60000
R27-03075,4020000,0
R27-03076,19320000,40000
R27-03077,11960000,40000
R27-03078,4480000,0
R27-03079,5590000,20000
R27-03080,103080000,300000
R27-03081,32400000,60000
R27-03082,73910000,300000
R27-03083,43120000,150000
R27-03084,35460000,150000
R27-03085,71900000,300000
R27-03086,56390000,150000
R27-03087,22410000,60000
R27-03088,96160000,300000
R27-03089,22570000,60000
R27-03090,2350000,0
R27-03091,94370000,300000
R27-03092,57260000,150000
R27-03093,33640000,150000
R27-03094,72460000,300000
R27-03095,8820000,20000
R27-03096,118500000,300000
R27-03097,21720000,60000
R27-03098,13790000,40000
R27-03099,11200000,40000
R27-03100,35060000,150000
R27-03101,73970000,300000
R27-03102,23250000,60000
R27-03103,25280000,60000
R27-03104,57650000,150000
R27-03105,2490000,0
R27-03106,65570000,150000
R27-03107,36360000,150000
R27-03108,73160000,300000
R27-03109,23640000,60000
R27-03110,102480000,300000
R27-03111,33040000,60000
R27-03112,11300000,40000
R27-03113,32170000,60000
R27-03114,22410000,60000
R27-03115,81090000,300000
R27-03116,21810000,60000
R27-03117,63600000,150000
R27-03118,36970000,150000
R27-03119,63770000,150000
R27-03120,24210000,60000
R27-03121,23560000,60000
R27-03122,33900000,150000
R27-03123,42640000,150000
R27-03124,17360000,40000
R27-03125,72050000,300000
R27-03126,23450000,60000
R27-03127,25330000,60000
R27-03128,43210000,150000
R27-03129,22280000,60000
R27-03130,37390000,150000
R27-03131,42030000,150000
R27-03132,34550000,150000
R27-03133,86820000,300000
R27-03134,93120000,300000
R27-03135,13340000,40000
R27-03136,64560000,150000
R27-03137,76910000,300000
R27-03138,71620000,300000
R27-03139,53020000,150000
R27-03140,21530000,60000
R27-03141,12800000,40000
R27-03142,125080000,300000
R27-03143,117020000,300000
R27-03144,22710000,60000
R27-03145,92610000,300000
R27-03146,33090000,60000
R27-03147,72190000,300000
R27-03148,95520000,300000
R27-03149,65840000,150000
R27-03150,41200000,150000
R27-03151,12520000,40000
R27-03152,133040000,300000
R27-03153,17440000,40000
R27-03154,16290000,40000
R27-03155,116500000,300000
R27-03156,44110000,150000
R27-03157,13150000,40000
R27-03158,22370000,60000
R27-03159,113020000,300000
R27-03160,112750000,300000
R27-03161,64530000,150000
R27-03162,12320000,40000
R27-03163,56830000,150000
R27-03164,93650000,300000
R27-03165,60950000,150000
R27-03166,21340000,60000
R27-03167,95180000,300000
R27-03168,43010000,150000
R27-03169,17350000,40000
R27-03170,43310000,150000
R27-03171,43070000,150000
R27-03172,14290000,40000
R27-03173,15250000,40000
R27-03174,43690000,150000
R27-03175,34650000,150000
R27-03176,104970000,300000
R27-03177,64720000,150000
R27-03178,54020000,150000
R27-03179,5300000,20000
R27-03180,9310000,20000
R27-03181,87300000,300000
R27-03182,66840000,300000
R27-03183,20780000,60000
R27-03184,82860000,300000
R27-03185,102960000,300000
R27-03186,13530000,40000
R27-03187,14630000,40000
R27-03188,101650000,300000
R27-03189,22270000,60000
R27-03190,61030000,150000
R27-03191,61360000,150000
R27-03192,81480000,300000
R27-03193,118060000,300000
R27-03194,23720000,60000
R27-03195,15400000,40000
R27-03196,1050000,0
R27-03197,11340000,40000
R27-03198,15600000,40000
R27-03199,3870000,0
R27-03200,33180000,60000
R27-03201,8870000,20000
R27-03202,53910000,150000
R27-03203,54030000,150000
R27-03204,84180000,300000
R27-03205,76040000,300000
R27-03206,73740000,300000
R27-03207,11300000,40000
R27-03208,11550000,40000
R27-03209,85490000,300000
R27-03210,6400000,20000
R27-03211,60450000,150000
R27-03212,75340000,300000
R27-03213,73260000,300000
R27-03214,11390000,40000
R27-03215,12390000,40000
R27-03216,30140000,60000
R27-03217,24520000,60000
R27-03218,22540000,60000
R27-03219,5190000,20000
R27-03220,51650000,150000
R27-03221,31630000,60000
R27-03222,40530000,150000
R27-03223,94300000,300000
R27-03224,5610000,20000
R27-03225,43250000,150000
R27-03226,21660000,60000
R27-03227,11600000,40000
R27-03228,21920000,60000
R27-03229,71980000,300000
R27-03230,43970000,150000
R27-03231,24680000,60000
R27-03232,32270000,60000
R27-03233,82460000,300000
R27-03234,72740000,300000
R27-03235,48920000,150000
R27-03236,13480000,40000
R27-03237,56090000,150000
R27-03238,43850000,150000
R27-03239,13430000,40000
R27-03240,34970000,150000
R27-03241,93430000,300000
R27-03242,54010000,150000
R27-03243,63720000,150000
R27-03244,62210000,150000
R27-03245,12640000,40000
R27-03246,14050000,40000
R27-03247,55870000,150000
R27-03248,11970000,40000
R27-03249,12960000,40000
R27-03250,33860000,150000
R27-03251,45320000,150000
R27-03252,13590000,40000
R27-03253,6640000,20000
R27-03254,57230000,150000
R27-03255,95630000,300000
R27-03256,55940000,150000
R27-03257,2550000,0
R27-03258,1200000,0
R27-03259,228270000,1000000
R27-03260,22650000,60000
R27-03261,13520000,40000
R27-03262,33230000,60000
R27-03263,26730000,60000
R27-03264,30850000,60000
R27-03265,35910000,150000
R27-03266,2250000,0
R27-03267,63500000,150000
R27-03268,10620000,40000
R27-03269,94460000,300000
R27-03270,22740000,60000
R27-03271,22950000,60000
R27-03272,44110000,150000
R27-03273,90420000,300000
R27-03274,1690000,0
R27-03275,13820000,40000
R27-03276,43580000,150000
R27-03277,33530000,150000
R27-03278,1280000,0
R27-03279,11860000,40000
R27-03280,24840000,60000
R27-03281,73870000,300000
R27-03282,17590000,40000
R27-03283,5210000,20000
R27-03284,2280000,0
R27-03285,72740000,300000
R27-03286,25550000,60000
R27-03287,3870000,0
R27-03288,42070000,150000
R27-03289,67140000,300000
R27-03290,82960000,300000
R27-03291,4830000,0
R27-03292,1210000,0
R27-03293,55200000,150000
R27-03294,51800000,150000
R27-03295,1260000,0
R27-03296,14960000,40000
R27-03297,60820000,150000
R27-03298,73100000,300000
R27-03299,5420000,20000
R27-03300,21750000,60000
R27-03301,4890000,0
R27-03302,45850000,150000
R27-03303,17020000,40000
R27-03304,113260000,300000
R27-03305,53180000,150000
R27-03306,61130000,150000
R27-03307,34100000,150000
R27-03308,64860000,150000
R27-03309,22160000,60000
R27-03310,24830000,60000
R27-03311,34020000,150000
R27-03312,77870000,300000
R27-03313,41730000,150000
R27-03314,104790000,300000
R27-03315,36870000,150000
R27-03316,102110000,300000
R27-03317,2550000,0
R27-03318,11390000,40000
R27-03319,23890000,60000
R27-03320,20820000,60000
R27-03321,64290000,150000
R27-03322,16620000,40000
R27-03323,34060000,150000
R27-03324,35370000,150000
R27-03325,64740000,150000
R27-03326,76280000,300000
R27-03327,42340000,150000
R27-03328,24450000,60000
R27-03329,3770000,0
R27-03330,61150000,150000
R27-03331,7320000,20000
R27-03332,15600000,40000
R27-03333,52550000,150000
R27-03334,65640000,150000
R27-03335,74780000,300000
R27-03336,14210000,40000
R27-03337,42110000,150000
R27-03338,63300000,150000
R27-03339,590000,0
R27-03340,35510000,150000
R27-03341,25030000,60000
R27-03342,100700000,300000
R27-03343,35480000,150000
R27-03344,21980000,60000
R27-03345,4010000,0
R27-03346,64160000,150000
R27-03347,52380000,150000
R27-03348,47110000,150000
R27-03349,102080000,300000
R27-03350,72050000,300000
R27-03351,28760000,60000
R27-03352,27810000,60000
R27-03353,82040000,300000
R27-03354,5960000,20000
R27-03355,114370000,300000
R27-03356,43940000,150000
R27-03357,66980000,300000
R27-03358,12820000,40000
R27-03359,41480000,150000
R27-03360,81190000,300000
R27-03361,63750000,150000
R27-03362,23770000,60000
R27-03363,74170000,300000
R27-03364,51090000,150000
R27-03365,42630000,150000
R27-03366,43160000,150000
R27-03367,81940000,300000
R27-03368,51410000,150000
R27-03369,44900000,150000
R27-03370,55060000,150000
R27-03371,134170000,600000
R27-03372,47460000,150000
R27-03373,93210000,300000
R27-03374,27420000,60000
R27-03375,6510000,20000
R27-03376,80990000,300000
R27-03377,7310000,20000
R27-03378,32870000,60000
R27-03379,45470000,150000
R27-03380,4640000,0
R27-03381,41150000,150000
R27-03382,74950000,300000
R27-03383,4490000,0
R27-03384,33900000,150000
R27-03385,77270000,300000
R27-03386,57270000,150000
R27-03387,53100000,150000
R27-03388,42620000,150000
R27-03389,5450000,20000
R27-03390,46560000,150000
R27-03391,18520000,40000
R27-03392,88020000,300000
R27-03393,5110000,20000
R27-03394,111900000,300000
R27-03395,41990000,150000
R27-03396,27070000,60000
R27-03397,5070000,20000
R27-03398,41990000,150000
R27-03399,16660000,40000
R27-03400,40860000,150000
R27-03401,2210000,0
R27-03402,13280000,40000
R27-03403,54030000,150000
R27-03404,4310000,0
R27-03405,58600000,150000
R27-03406,3910000,0
R27-03407,95070000,300000
R27-03408,930000,0
R27-03409,15020000,40000
R27-03410,61920000,150000
R27-03411,93940000,300000
R27-03412,32090000,60000
R27-03413,73840000,300000
R27-03414,84460000,300000
R27-03415,1730000,0
R27-03416,47070000,150000
R27-03417,33370000,150000
R27-03418,77560000,300000
R27-03419,6070000,20000
R27-03420,81950000,300000
R27-03421,43670000,150000
R27-03422,21430000,60000
R27-03423,22380000,60000
R27-03424,62160000,150000
R27-03425,96280000,300000
R27-03426,35110000,150000
R27-03427,6490000,20000
R27-03428,21500000,60000
R27-03429,34940000,150000
R27-03430,43630000,150000
R27-03431,41760000,150000
R27-03432,112600000,300000
R27-03433,4040000,0
R27-03434,10480000,40000
R27-03435,31270000,60000
R27-03436,6350000,20000
R27-03437,43430000,150000
R27-03438,73360000,300000
R27-03439,90460000,300000
R27-03440,21710000,60000
R27-03441,16960000,40000
R27-03442,52770000,150000
R27-03443,63600000,150000
R27-03444,99400000,300000
R27-03445,90790000,300000
R27-03446,45710000,150000
R27-03447,124730000,300000
R27-03448,2840000,0
R27-03449,33060000,60000
R27-03450,65320000,150000
R27-03451,55120000,150000
R27-03452,10970000,40000
R27-03453,41640000,150000
R27-03454,42380000,150000
R27-03455,155750000,600000
R27-03456,90670000,300000
R27-03457,34940000,150000
R27-03458,23380000,60000
R27-03459,6640000,20000
R27-03460,21980000,60000
R27-03461,68490000,300000
R27-03462,61920000,150000
R27-03463,34080000,150000
R27-03464,25370000,60000
R27-03465,111830000,300000
R27-03466,27250000,60000
R27-03467,36150000,150000
R27-03468,68230000,300000
R27-03469,11440000,40000
R27-03470,61680000,150000
R27-03471,42190000,150000
R27-03472,22210000,60000
R27-03473,22010000,60000
R27-03474,124650000,300000
R27-03475,61830000,150000
R27-03476,22340000,60000
R27-03477,25270000,60000
R27-03478,57080000,150000
R27-03479,32560000,60000
R27-03480,52430000,150000
R27-03481,95690000,300000
R27-03482,5960000,20000
R27-03483,13040000,40000
R27-03484,11770000,40000
R27-03485,102600000,300000
R27-03486,4770000,0
R27-03487,25010000,60000
R27-03488,26550000,60000
R27-03489,127100000,300000
R27-03490,5710000,20000
R27-03491,104630000,300000
R27-03492,55920000,150000
R27-03493,16970000,40000
R27-03494,38490000,150000
R27-03495,56090000,150000
R27-03496,21520000,60000
R27-03497,83700000,300000
R27-03498,53800000,150000
R27-03499,64780000,150000
R27-03500,53870000,150000
R27-03501,48890000,150000
R27-03502,23990000,60000
R27-03503,85180000,300000
R27-03504,94060000,300000
R27-03505,53820000,150000
R27-03506,88010000,300000
R27-03507,22500000,60000
R27-03508,92890000,300000
R27-03509,132890000,300000
R27-03510,154980000,600000
R27-03511,14830000,40000
R27-03512,6520000,20000
R27-03513,25140000,60000
R27-03514,26630000,60000
R27-03515,111910000,300000
R27-03516,54260000,150000
R27-03517,1670000,0
R27-03518,43160000,150000
R27-03519,129790000,300000
R27-03520,16360000,40000
R27-03521,55780000,150000
R27-03522,73520000,300000
R27-03523,40790000,150000
R27-03524,42040000,150000
R27-03525,12650000,40000
R27-03526,45120000,150000
R27-03527,71810000,300000
R27-03528,32240000,60000
R27-03529,63280000,150000
R27-03530,26760000,60000
R27-03531,56280000,150000
R27-03532,73650000,300000
R27-03533,32170000,60000
R27-03534,8460000,20000
R27-03535,48840000,150000
R27-03536,42860000,150000
R27-03537,63260000,150000
R27-03538,37030000,150000
R27-03539,23650000,60000
R27-03540,16220000,40000
R27-03541,71620000,300000
R27-03542,2160000,0
R27-03543,41380000,150000
R27-03544,1630000,0
R27-03545,31880000,60000
R27-03546,4050000,0
R27-03547,33820000,150000
R27-03548,94120000,300000
R27-03549,33400000,150000
R27-03550,54690000,150000
R27-03551,62960000,150000
R27-03552,74400000,300000
R27-03553,41780000,150000
R27-03554,54410000,150000
R27-03555,68520000,300000
R27-03556,90880000,300000
R27-03557,104880000,300000
R27-03558,2690000,0
R27-03559,78390000,300000
R27-03560,27550000,60000
R27-03561,23880000,60000
R27-03562,4910000,0
R27-03563,46920000,150000
R27-03564,72330000,300000
R27-03565,66710000,300000
R27-03566,57310000,150000
R27-03567,55090000,150000
R27-03568,5680000,20000
R27-03569,6230000,20000
R27-03570,34910000,150000
R27-03571,41330000,150000
R27-03572,72220000,300000
R27-03573,4740000,0
R27-03574,41480000,150000
R27-03575,23730000,60000
R27-03576,24830000,60000
R27-03577,62670000,150000
R27-03578,56030000,150000
R27-03579,90680000,300000
R27-03580,23230000,60000
R27-03581,51940000,150000
R27-03582,83440000,300000
R27-03583,35870000,150000
R27-03584,50810000,150000
R27-03585,35060000,150000
R27-03586,8330000,20000
R27-03587,49310000,150000
R27-03588,11720000,40000
R27-03589,1540000,0
R27-03590,37720000,150000
R27-03591,112310000,300000
R27-03592,17470000,40000
R27-03593,13330000,40000
R27-03594,27340000,60000
R27-03595,31940000,60000
R27-03596,42350000,150000
R27-03597,44000000,150000
R27-03598,92440000,300000
R27-03599,64880000,150000
R27-03600,2710000,0
R27-03601,51970000,150000
R27-03602,57780000,150000
R27-03603,45210000,150000
R27-03604,70820000,300000
R27-03605,32440000,60000
R27-03606,2210000,0
R27-03607,2770000,0
R27-03608,13360000,40000
R27-03609,10840000,40000
R27-03610,94450000,300000
R27-03611,22290000,60000
R27-03612,22800000,60000
R27-03613,27730000,60000
R27-03614,22260000,60000
R27-03615,65890000,150000
R27-03616,4750000,0
R27-03617,37260000,150000
R27-03618,110810000,300000
R27-03619,8640000,20000
R27-03620,24320000,60000
R27-03621,64550000,150000
R27-03622,1450000,0
R27-03623,82530000,300000
R27-03624,22590000,60000
R27-03625,73910000,300000
R27-03626,79090000,300000
R27-03627,42880000,150000
R27-03628,15850000,40000
R27-03629,1160000,0
R27-03630,17770000,40000
R27-03631,61330000,150000
R27-03632,82700000,300000
R27-03633,11900000,40000
R27-03634,4580000,0
R27-03635,11540000,40000
R27-03636,52490000,150000
R27-03637,94030000,300000
R27-03638,76630000,300000
R27-03639,36820000,150000
R27-03640,91160000,300000
R27-03641,1330000,0
R27-03642,20600000,60000
R27-03643,92710000,300000
R27-03644,56180000,150000
R27-03645,44570000,150000
R27-03646,24000000,60000
R27-03647,13520000,40000
R27-03648,66420000,150000
R27-03649,43240000,150000
R27-03650,11650000,40000
R27-03651,31120000,60000
R27-03652,114160000,300000
R27-03653,53240000,150000
R27-03654,23710000,60000
R27-03655,1980000,0
R27-03656,41120000,150000
R27-03657,54350000,150000
R27-03658,62200000,150000
R27-03659,92000000,300000
R27-03660,25710000,60000
R27-03661,24450000,60000
R27-03662,12260000,40000
R27-03663,42420000,150000
R27-03664,360000,0
R27-03665,3570000,0
R27-03666,3600000,0
R27-03667,28260000,60000
R27-03668,21610000,60000
R27-03669,36600000,150000
R27-03670,22630000,60000
R27-03671,710000,0
R27-03672,14920000,40000
R27-03673,68040000,300000
R27-03674,6920000,20000
R27-03675,43470000,150000
R27-03676,67770000,300000
R27-03677,92380000,300000
R27-03678,62350000,150000
R27-03679,37470000,150000
R27-03680,990000,0
R27-03681,32370000,60000
R27-03682,25320000,60000
R27-03683,11340000,40000
R27-03684,2160000,0
R27-03685,82240000,300000
R27-03686,2630000,0
R27-03687,33790000,150000
R27-03688,31750000,60000
R27-03689,50810000,150000
R27-03690,47080000,150000
R27-03691,24830000,60000
R27-03692,54220000,150000
R27-03693,98260000,300000
R27-03694,1890000,0
R27-03695,54370000,150000
R27-03696,106950000,300000
R27-03697,44370000,150000
R27-03698,22170000,60000
R27-03699,850000,0
R27-03700,27850000,60000
R27-03701,53060000,150000
R27-03702,34690000,150000
R27-03703,16440000,40000
R27-03704,23880000,60000
R27-03705,33190000,60000
R27-03706,113820000,300000
R27-03707,53240000,150000
R27-03708,117840000,300000
R27-03709,20440000,60000
R27-03710,24880000,60000
R27-03711,66410000,150000
R27-03712,52410000,150000
R27-03713,103650000,300000
R27-03714,37220000,150000
R27-03715,11970000,40000
R27-03716,4190000,0
R27-03717,63720000,150000
R27-03718,72060000,300000
R27-03719,33650000,150000
R27-03720,66290000,150000
R27-03721,63190000,150000
R27-03722,53550000,150000
R27-03723,85930000,300000
R27-03724,57210000,150000
R27-03725,13190000,40000
R27-03726,44450000,150000
R27-03727,15520000,40000
R27-03728,34020000,150000
R27-03729,85410000,300000
R27-03730,37620000,150000
R27-03731,2300000,0
R27-03732,21870000,60000
R27-03733,35630000,150000
R27-03734,2160000,0
R27-03735,2350000,0
R27-03736,65270000,150000
R27-03737,5300000,20000
R27-03738,11340000,40000
R27-03739,6720000,20000
R27-03740,4630000,0
R27-03741,22860000,60000
R27-03742,60410000,150000
R27-03743,45290000,150000
R27-03744,44920000,150000
R27-03745,83500000,300000
R27-03746,51210000,150000
R27-03747,17260000,40000
R27-03748,76400000,300000
R27-03749,16000000,40000
R27-03750,38830000,150000
R27-03751,65610000,150000
R27-03752,34790000,150000
R27-03753,33940000,150000
R27-03754,4220000,0
R27-03755,71260000,300000
R27-03756,20710000,60000
R27-03757,82040000,300000
R27-03758,4610000,0
R27-03759,15720000,40000
R27-03760,33880000,150000
R27-03761,72930000,300000
R27-03762,33530000,150000
R27-03763,23390000,60000
R27-03764,24560000,60000
R27-03765,64580000,150000
R27-03766,100910000,300000
R27-03767,5390000,20000
R27-03768,66290000,150000
R27-03769,11500000,40000
R27-03770,37940000,150000
R27-03771,33270000,60000
R27-03772,65320000,150000
R27-03773,48750000,150000
R27-03774,43000000,150000
R27-03775,17470000,40000
R27-03776,13950000,40000
R27-03777,21350000,60000
R27-03778,26710000,60000
R27-03779,50910000,150000
R27-03780,1830000,0
R27-03781,1620000,0
R27-03782,34910000,150000
R27-03783,65210000,150000
R27-03784,13670000,40000
R27-03785,27050000,60000
R27-03786,22590000,60000
R27-03787,34400000,150000
R27-03788,64620000,150000
R27-03789,37760000,150000
R27-03790,53540000,150000
R27-03791,55000000,150000
R27-03792,11990000,40000
R27-03793,21890000,60000
R27-03794,24960000,60000
R27-03795,38350000,150000
R27-03796,117090000,300000
R27-03797,12010000,40000
R27-03798,12060000,40000
R27-03799,11930000,40000
R27-03800,36830000,150000
R27-03801,110560000,300000
R27-03802,104240000,300000
R27-03803,33490000,150000
R27-03804,61990000,150000
R27-03805,54700000,150000
R27-03806,31220000,60000
R27-03807,24070000,60000
R27-03808,27590000,60000
R27-03809,31080000,60000
R27-03810,14940000,40000
R27-03811,72580000,300000
R27-03812,4410000,0
R27-03813,16100000,40000
R27-03814,54280000,150000
R27-03815,80730000,300000
R27-03816,43300000,150000
R27-03817,2330000,0
R27-03818,3440000,0
R27-03819,13590000,40000
R27-03820,7850000,20000
R27-03821,45920000,150000
R27-03822,40550000,150000
R27-03823,7560000,20000
R27-03824,13750000,40000
R27-03825,32420000,60000
R27-03826,44380000,150000
R27-03827,73910000,300000
R27-03828,55580000,150000
R27-03829,76800000,300000
R27-03830,44120000,150000
R27-03831,45540000,150000
R27-03832,56860000,150000
R27-03833,3250000,0
R27-03834,113040000,300000
R27-03835,49330000,150000
R27-03836,75150000,300000
R27-03837,51150000,150000
R27-03838,1200000,0
R27-03839,60690000,150000
R27-03840,72350000,300000
R27-03841,22510000,60000
R27-03842,21570000,60000
R27-03843,53080000,150000
R27-03844,11510000,40000
R27-03845,38620000,150000
R27-03846,70740000,300000
R27-03847,26380000,60000
R27-03848,51270000,150000
R27-03849,58720000,150000
R27-03850,86620000,300000
R27-03851,81980000,300000
R27-03852,4480000,0
R27-03853,67140000,300000
R27-03854,103810000,300000
R27-03855,6570000,20000
R27-03856,111310000,300000
R27-03857,11520000,40000
R27-03858,34460000,150000
R27-03859,9790000,20000
R27-03860,32940000,60000
R27-03861,35450000,150000
R27-03862,2290000,0
R27-03863,10440000,40000
R27-03864,34100000,150000
R27-03865,89180000,300000
R27-03866,92040000,300000
R27-03867,26840000,60000
R27-03868,33000000,60000
R27-03869,32020000,60000
R27-03870,41530000,150000
R27-03871,24300000,60000
R27-03872,13320000,40000
R27-03873,12400000,40000
R27-03874,31430000,60000
R27-03875,23150000,60000
R27-03876,11790000,40000
R27-03877,14840000,40000
R27-03878,23180000,60000
R27-03879,33700000,150000
R27-03880,14350000,40000
R27-03881,61930000,150000
R27-03882,670000,0
R27-03883,93570000,300000
R27-03884,43220000,150000
R27-03885,43990000,150000
R27-03886,16040000,40000
R27-03887,50580000,150000
R27-03888,1350000,0
R27-03889,84460000,300000
R27-03890,32770000,60000
R27-03891,67680000,300000
R27-03892,16510000,40000
R27-03893,25900000,60000
R27-03894,12050000,40000
R27-03895,117400000,300000
R27-03896,88880000,300000
R27-03897,21880000,60000
R27-03898,13070000,40000
R27-03899,35040000,150000
R27-03900,61550000,150000
R27-03901,85230000,300000
R27-03902,15020000,40000
R27-03903,67200000,300000
R27-03904,113270000,300000
R27-03905,14210000,40000
R27-03906,5380000,20000
R27-03907,25800000,60000
R27-03908,2800000,0
R27-03909,24120000,60000
R27-03910,93450000,300000
R27-03911,22160000,60000
R27-03912,15130000,40000
R27-03913,46060000,150000
R27-03914,71880000,300000
R27-03915,87910000,300000
R27-03916,78230000,300000
R27-03917,7190000,20000
R27-03918,23580000,60000
R27-03919,12110000,40000
R27-03920,23710000,60000
R27-03921,67710000,300000
R27-03922,112680000,300000
R27-03923,55080000,150000
R27-03924,109900000,300000
R27-03925,62120000,150000
R27-03926,23620000,60000
R27-03927,114690000,300000
R27-03928,52880000,150000
R27-03929,71780000,300000
R27-03930,56170000,150000
R27-03931,36640000,150000
R27-03932,30640000,60000
R27-03933,93810000,300000
R27-03934,73880000,300000
R27-03935,25240000,60000
R27-03936,47290000,150000
R27-03937,35120000,150000
R27-03938,3890000,0
R27-03939,78020000,300000
R27-03940,87390000,300000
R27-03941,15380000,40000
R27-03942,56290000,150000
R27-03943,14070000,40000
R27-03944,43210000,150000
R27-03945,1050000,0
R27-03946,51030000,150000
R27-03947,3100000,0
R27-03948,61230000,150000
R27-03949,5040000,20000
R27-03950,74210000,300000
R27-03951,45100000,150000
R27-03952,65080000,150000
R27-03953,21880000,60000
R27-03954,64040000,150000
R27-03955,44760000,150000
R27-03956,34140000,150000
R27-03957,22670000,60000
R27-03958,22570000,60000
R27-03959,20780000,60000
R27-03960,46770000,150000
R27-03961,54050000,150000
R27-03962,37020000,150000
R27-03963,75120000,300000
R27-03964,23220000,60000
R27-03965,43330000,150000
R27-03966,13380000,40000
R27-03967,12340000,40000
R27-03968,12570000,40000
R27-03969,35400000,150000
R27-03970,12590000,40000
R27-03971,25150000,60000
R27-03972,40810000,150000
R27-03973,135350000,600000
R27-03974,97520000,300000
R27-03975,52990000,150000
R27-03976,21930000,60000
R27-03977,68920000,300000
R27-03978,6100000,20000
R27-03979,29060000,60000
R27-03980,51850000,150000
R27-03981,66110000,150000
R27-03982,95520000,300000
R27-03983,7790000,20000
R27-03984,2460000,0
R27-03985,24710000,60000
R27-03986,43600000,150000
R27-03987,53820000,150000
R27-03988,3330000,0
R27-03989,11520000,40000
R27-03990,51120000,150000
R27-03991,53100000,150000
R27-03992,6170000,20000
R27-03993,1430000,0
R27-03994,1960000,0
R27-03995,34610000,150000
R27-03996,52450000,150000
R27-03997,2440000,0
R27-03998,35730000,150000
R27-03999,33690000,150000
R27-04000,23320000,60000
R27-04001,54240000,150000
R27-04002,45480000,150000
R27-04003,65500000,150000
R27-04004,55420000,150000
R27-04005,14250000,40000
R27-04006,85280000,300000
R27-04007,5270000,20000
R27-04008,76170000,300000
R27-04009,14020000,40000
R27-04010,8360000,20000
R27-04011,76310000,300000
R27-04012,5020000,20000
R27-04013,22120000,60000
R27-04014,58700000,150000
R27-04015,25460000,60000
R27-04016,31930000,60000
R27-04017,25170000,60000
R27-04018,21300000,60000
R27-04019,24190000,60000
R27-04020,16080000,40000
R27-04021,71530000,300000
R27-04022,36610000,150000
R27-04023,55640000,150000
R27-04024,146360000,600000
R27-04025,14250000,40000
R27-04026,93410000,300000
R27-04027,52270000,150000
R27-04028,93850000,300000
R27-04029,64590000,150000
R27-04030,63120000,150000
R27-04031,46030000,150000
R27-04032,19310000,40000
R27-04033,42770000,150000
R27-04034,25110000,60000
R27-04035,31770000,60000
R27-04036,41980000,150000
R27-04037,35090000,150000
R27-04038,34700000,150000
R27-04039,44520000,150000
R27-04040,56480000,150000
R27-04041,3380000,0
R27-04042,2100000,0
R27-04043,55250000,150000
R27-04044,64310000,150000
R27-04045,41970000,150000
R27-04046,47370000,150000
R27-04047,11690000,40000
R27-04048,3800000,0
R27-04049,43680000,150000
R27-04050,5240000,20000
R27-04051,32570000,60000
R27-04052,6040000,20000
R27-04053,22280000,60000
R27-04054,41370000,150000
R27-04055,3910000,0
R27-04056,73510000,300000
R27-04057,1380000,0
R27-04058,33860000,150000
R27-04059,4880000,0
R27-04060,12180000,40000
R27-04061,18410000,40000
R27-04062,24200000,60000
R27-04063,23880000,60000
R27-04064,52550000,150000
R27-04065,16240000,40000
R27-04066,73030000,300000
R27-04067,73920000,300000
R27-04068,74790000,300000
R27-04069,30330000,60000
R27-04070,43610000,150000
R27-04071,32460000,60000
R27-04072,13950000,40000
R27-04073,3680000,0
R27-04074,21530000,60000
R27-04075,22590000,60000
R27-04076,3720000,0
R27-04077,32860000,60000
R27-04078,29080000,60000
R27-04079,102080000,300000
R27-04080,12320000,40000
R27-04081,55530000,150000
R27-04082,107560000,300000
R27-04083,48490000,150000
R27-04084,44810000,150000
R27-04085,24660000,60000
R27-04086,42150000,150000
R27-04087,26860000,60000
R27-04088,31890000,60000
R27-04089,55160000,150000
R27-04090,85130000,300000
R27-04091,14300000,40000
R27-04092,102500000,300000
R27-04093,52310000,150000
R27-04094,64910000,150000
R27-04095,127020000,300000
R27-04096,52110000,150000
R27-04097,143440000,600000
R27-04098,11710000,40000
R27-04099,137700000,600000
R27-04100,55220000,150000
R27-04101,3600000,0
R27-04102,45290000,150000
R27-04103,14330000,40000
R27-04104,65970000,150000
R27-04105,51570000,150000
R27-04106,65340000,150000
R27-04107,73110000,300000
R27-04108,95230000,300000
R27-04109,35100000,150000
R27-04110,88150000,300000
R27-04111,24380000,60000
R27-04112,16160000,40000
R27-04113,67130000,300000
R27-04114,25360000,60000
R27-04115,81500000,300000
R27-04116,30720000,60000
R27-04117,4210000,0
R27-04118,44690000,150000
R27-04119,45550000,150000
R27-04120,41980000,150000
R27-04121,8750000,20000
R27-04122,24350000,60000
R27-04123,5180000,20000
R27-04124,123280000,300000
R27-04125,65910000,150000
R27-04126,104930000,300000
R27-04127,17900000,40000
R27-04128,61500000,150000
R27-04129,4410000,0
R27-04130,71890000,300000
R27-04131,15730000,40000
R27-04132,28330000,60000
R27-04133,47890000,150000
R27-04134,88040000,300000
R27-04135,42870000,150000
R27-04136,63700000,150000
R27-04137,41950000,150000
R27-04138,153180000,600000
R27-04139,64560000,150000
R27-04140,33260000,60000
R27-04141,3450000,0
R27-04142,67790000,300000
R27-04143,101890000,300000
R27-04144,33840000,150000
R27-04145,25660000,60000
R27-04146,36370000,150000
R27-04147,43490000,150000
R27-04148,11790000,40000
R27-04149,22050000,60000
R27-04150,41200000,150000
R27-04151,15970000,40000
R27-04152,43370000,150000
R27-04153,11590000,40000
R27-04154,68590000,300000
R27-04155,94490000,300000
R27-04156,93160000,300000
R27-04157,31530000,60000
R27-04158,7040000,20000
R27-04159,125340000,300000
R27-04160,23090000,60000
R27-04161,83290000,300000
R27-04162,26650000,60000
R27-04163,12070000,40000
R27-04164,24020000,60000
R27-04165,62530000,150000
R27-04166,46170000,150000
R27-04167,59340000,150000
R27-04168,97680000,300000
R27-04169,108520000,300000
R27-04170,64780000,150000
R27-04171,52190000,150000
R27-04172,27180000,60000
R27-04173,18180000,40000
R27-04174,87450000,300000
R27-04175,116230000,300000
R27-04176,23460000,60000
R27-04177,2890000,0
R27-04178,24180000,60000
R27-04179,22470000,60000
R27-04180,11140000,40000
R27-04181,32230000,60000
R27-04182,66020000,150000
R27-04183,24270000,60000
R27-04184,6340000,20000
R27-04185,1180000,0
R27-04186,72670000,300000
R27-04187,52180000,150000
R27-04188,24520000,60000
R27-04189,81030000,300000
R27-04190,60170000,150000
R27-04191,4200000,0
R27-04192,2220000,0
R27-04193,1800000,0
R27-04194,23630000,60000
R27-04195,56320000,150000
R27-04196,1610000,0
R27-04197,91340000,300000
R27-04198,44080000,150000
R27-04199,12080000,40000
R27-04200,890000,0
R27-04201,116670000,300000
R27-04202,74550000,300000
R27-04203,55720000,150000
R27-04204,32350000,60000
R27-04205,56680000,150000
R27-04206,4210000,0
R27-04207,44060000,150000
R27-04208,73080000,300000
R27-04209,12610000,40000
R27-04210,27820000,60000
R27-04211,23430000,60000
R27-04212,52860000,150000
R27-04213,12700000,40000
R27-04214,32480000,60000
R27-04215,81560000,300000
R27-04216,21430000,60000
R27-04217,117810000,300000
R27-04218,83100000,300000
R27-04219,92890000,300000
R27-04220,73360000,300000
R27-04221,21500000,60000
R27-04222,43180000,150000
R27-04223,32470000,60000
R27-04224,4110000,0
R27-04225,61410000,150000
R27-04226,40230000,150000
R27-04227,25850000,60000
R27-04228,15080000,40000
R27-04229,41780000,150000
R27-04230,33950000,150000
R27-04231,46460000,150000
R27-04232,13730000,40000
R27-04233,28910000,60000
R27-04234,61670000,150000
R27-04235,61640000,150000
R27-04236,4430000,0
R27-04237,51070000,150000
R27-04238,44900000,150000
R27-04239,97960000,300000
R27-04240,74620000,300000
R27-04241,98970000,300000
R27-04242,5870000,20000
R27-04243,2060000,0
R27-04244,22950000,60000
R27-04245,44880000,150000
R27-04246,24130000,60000
R27-04247,64140000,150000
R27-04248,38320000,150000
R27-04249,123010000,300000
R27-04250,1940000,0
R27-04251,1530000,0
R27-04252,104060000,300000
R27-04253,16720000,40000
R27-04254,3260000,0
R27-04255,44100000,150000
R27-04256,34990000,150000
R27-04257,7530000,20000
R27-04258,7430000,20000
R27-04259,27580000,60000
R27-04260,27500000,60000
R27-04261,23640000,60000
R27-04262,48230000,150000
R27-04263,95370000,300000
R27-04264,35110000,150000
R27-04265,43190000,150000
R27-04266,104400000,300000
R27-04267,14030000,40000
R27-04268,21650000,60000
R27-04269,86540000,300000
R27-04270,22900000,60000
R27-04271,27140000,60000
R27-04272,22640000,60000
R27-04273,35280000,150000
R27-04274,13440000,40000
R27-04275,80960000,300000
R27-04276,66310000,150000
R27-04277,51410000,150000
R27-04278,3980000,0
R27-04279,104670000,300000
R27-04280,26440000,60000
R27-04281,15900000,40000
R27-04282,54690000,150000
R27-04283,21290000,60000
R27-04284,82000000,300000
R27-04285,13150000,40000
R27-04286,84770000,300000
R27-04287,2310000,0
R27-04288,23160000,60000
