고객ID,타사이전금액,혜택금액
R26-00000,7500000,20000
R26-00001,92950000,300000
R26-00002,24330000,60000
R26-00003,1970000,0
R26-00004,92020000,300000
R26-00005,82800000,300000
R26-00006,36540000,150000
R26-00007,45170000,150000
R26-00008,46290000,150000
R26-00009,82940000,300000
R26-00010,1870000,0
R26-00011,68410000,300000
R26-00012,67100000,300000
R26-00013,19450000,40000
R26-00014,92470000,300000
R26-00015,43050000,150000
R26-00016,62740000,150000
R26-00017,15420000,40000
R26-00018,55740000,150000
R26-00019,93150000,300000
R26-00020,1610000,0
R26-00021,35100000,150000
R26-00022,27940000,60000
R26-00023,48560000,150000
R26-00024,46370000,150000
R26-00025,41380000,150000
R26-00026,33110000,60000
R26-00027,13720000,40000
R26-00028,152490000,600000
R26-00029,12920000,40000
R26-00030,17570000,40000
R26-00031,133900000,600000
R26-00032,93480000,300000
R26-00033,31410000,60000
R26-00034,51300000,150000
R26-00035,54800000,150000
R26-00036,67070000,300000
R26-00037,2980000,0
R26-00038,91580000,300000
R26-00039,83500000,300000
R26-00040,128340000,300000
R26-00041,94280000,300000
R26-00042,2200000,0
R26-00043,17890000,40000
R26-00044,13970000,40000
R26-00045,42250000,150000
R26-00046,15570000,40000
R26-00047,46470000,150000
R26-00048,13360000,40000
R26-00049,2420000,0
R26-00050,24500000,60000
R26-00051,18190000,40000
R26-00052,33330000,60000
R26-00053,42870000,150000
R26-00054,13500000,40000
R26-00055,101710000,300000
R26-00056,32150000,60000
R26-00057,43350000,150000
R26-00058,41350000,150000
R26-00059,69390000,300000
R26-00060,2130000,0
R26-00061,33410000,150000
R26-00062,4760000,0
R26-00063,45140000,150000
R26-00064,5130000,20000
R26-00065,33560000,150000
R26-00066,2960000,0
R26-00067,5790000,20000
R26-00068,51990000,150000
R26-00069,61820000,150000
R26-00070,26130000,60000
R26-00071,105710000,300000
R26-00072,103700000,300000
R26-00073,77500000,300000
R26-00074,13660000,40000
R26-00075,138250000,600000
R26-00076,31940000,60000
R26-00077,62050000,150000
R26-00078,32490000,60000
R26-00079,3140000,0
R26-00080,34070000,150000
R26-00081,4870000,0
R26-00082,25020000,60000
R26-00083,45560000,150000
R26-00084,104760000,300000
R26-00085,21390000,60000
R26-00086,26370000,60000
R26-00087,57790000,150000
R26-00088,11710000,40000
R26-00089,10690000,40000
R26-00090,41360000,150000
R26-00091,5590000,20000
R26-00092,6970000,20000
R26-00093,70950000,300000
R26-00094,3220000,0
R26-00095,1130000,0
R26-00096,60680000,150000
R26-00097,53030000,150000
R26-00098,25880000,60000
R26-00099,32840000,60000
R26-00100,28230000,60000
R26-00101,32530000,60000
R26-00102,13840000,40000
R26-00103,35300000,150000
R26-00104,35060000,150000
R26-00105,47280000,150000
R26-00106,22070000,60000
R26-00107,102220000,300000
R26-00108,114940000,300000
R26-00109,76810000,300000
R26-00110,158190000,600000
R26-00111,24080000,60000
R26-00112,11570000,40000
R26-00113,3690000,0
R26-00114,63830000,150000
R26-00115,121610000,300000
R26-00116,45720000,150000
R26-00117,44190000,150000
R26-00118,44440000,150000
R26-00119,31630000,60000
R26-00120,11590000,40000
R26-00121,83540000,300000
R26-00122,64050000,150000
R26-00123,115200000,300000
R26-00124,86540000,300000
R26-00125,52890000,150000
R26-00126,5920000,20000
R26-00127,42990000,150000
R26-00128,74780000,300000
R26-00129,20190000,60000
R26-00130,1970000,0
R26-00131,89080000,300000
R26-00132,4920000,0
R26-00133,38320000,150000
R26-00134,26730000,60000
R26-00135,17220000,40000
R26-00136,93150000,300000
R26-00137,23160000,60000
R26-00138,23070000,60000
R26-00139,3380000,0
R26-00140,24780000,60000
R26-00141,63510000,150000
R26-00142,93140000,300000
R26-00143,2100000,0
R26-00144,83250000,300000
R26-00145,900000,0
R26-00146,72860000,300000
R26-00147,12710000,40000
R26-00148,51140000,150000
R26-00149,71710000,300000
R26-00150,57700000,150000
R26-00151,22340000,60000
R26-00152,1650000,0
R26-00153,30730000,60000
R26-00154,3310000,0
R26-00155,84300000,300000
R26-00156,141090000,600000
R26-00157,47150000,150000
R26-00158,121750000,300000
R26-00159,26560000,60000
R26-00160,72090000,300000
R26-00161,73690000,300000
R26-00162,97660000,300000
R26-00163,3020000,0
R26-00164,73930000,300000
R26-00165,43370000,150000
R26-00166,66310000,150000
R26-00167,1830000,0
R26-00168,52110000,150000
R26-00169,55040000,150000
R26-00170,103950000,300000
R26-00171,360000,0
R26-00172,22780000,60000
R26-00173,67860000,300000
R26-00174,29190000,60000
R26-00175,4100000,0
R26-00176,40650000,150000
R26-00177,7210000,20000
R26-00178,34190000,150000
R26-00179,35640000,150000
R26-00180,73400000,300000
R26-00181,91570000,300000
R26-00182,15280000,40000
R26-00183,4240000,0
R26-00184,73530000,300000
R26-00185,11340000,40000
R26-00186,113110000,300000
R26-00187,85320000,300000
R26-00188,56880000,150000
R26-00189,3040000,0
R26-00190,45310000,150000
R26-00191,51440000,150000
R26-00192,25390000,60000
R26-00193,177450000,600000
R26-00194,2220000,0
R26-00195,1540000,0
R26-00196,14130000,40000
R26-00197,62340000,150000
R26-00198,32740000,60000
R26-00199,145960000,600000
R26-00200,72150000,300000
R26-00201,1480000,0
R26-00202,93270000,300000
R26-00203,26640000,60000
R26-00204,23990000,60000
R26-00205,14540000,40000
R26-00206,54260000,150000
R26-00207,66180000,150000
R26-00208,22840000,60000
R26-00209,6370000,20000
R26-00210,15560000,40000
R26-00211,40750000,150000
R26-00212,32940000,60000
R26-00213,55380000,150000
R26-00214,32740000,60000
R26-00215,34970000,150000
R26-00216,134740000,600000
R26-00217,6860000,20000
R26-00218,15190000,40000
R26-00219,12480000,40000
R26-00220,2470000,0
R26-00221,57260000,150000
R26-00222,32690000,60000
R26-00223,2110000,0
R26-00224,12760000,40000
R26-00225,55080000,150000
R26-00226,3960000,0
R26-00227,40800000,150000
R26-00228,22140000,60000
R26-00229,156290000,600000
R26-00230,41280000,150000
R26-00231,11280000,40000
R26-00232,24590000,60000
R26-00233,6700000,20000
R26-00234,21110000,60000
R26-00235,24170000,60000
R26-00236,84420000,300000
R26-00237,42550000,150000
R26-00238,108030000,300000
R26-00239,34760000,150000
R26-00240,14220000,40000
R26-00241,23080000,60000
R26-00242,13110000,40000
R26-00243,29200000,60000
R26-00244,1670000,0
R26-00245,65370000,150000
R26-00246,25430000,60000
R26-00247,13780000,40000
R26-00248,32540000,60000
R26-00249,5820000,20000
R26-00250,40770000,150000
R26-00251,12420000,40000
R26-00252,75660000,300000
R26-00253,55330000,150000
R26-00254,60140000,150000
R26-00255,17300000,40000
R26-00256,24180000,60000
R26-00257,4780000,0
R26-00258,13110000,40000
R26-00259,22880000,60000
R26-00260,26460000,60000
R26-00261,122970000,300000
R26-00262,24130000,60000
R26-00263,112380000,300000
R26-00264,134270000,600000
R26-00265,59270000,150000
R26-00266,34030000,150000
R26-00267,51260000,150000
R26-00268,42340000,150000
R26-00269,53560000,150000
R26-00270,46460000,150000
R26-00271,57970000,150000
R26-00272,15890000,40000
R26-00273,12350000,40000
R26-00274,92120000,300000
R26-00275,81310000,300000
R26-00276,56200000,150000
R26-00277,2550000,0
R26-00278,26720000,60000
R26-00279,33620000,150000
R26-00280,43270000,150000
R26-00281,45480000,150000
R26-00282,7870000,20000
R26-00283,51680000,150000
R26-00284,31130000,60000
R26-00285,1330000,0
R26-00286,1560000,0
R26-00287,115030000,300000
R26-00288,43750000,150000
R26-00289,27130000,60000
R26-00290,75730000,300000
R26-00291,83910000,300000
R26-00292,95590000,300000
R26-00293,35920000,150000
R26-00294,122740000,300000
R26-00295,13210000,40000
R26-00296,65200000,150000
R26-00297,62810000,150000
R26-00298,52270000,150000
R26-00299,43680000,150000
R26-00300,17280000,40000
R26-00301,4850000,0
R26-00302,222420000,1000000
R26-00303,5630000,20000
R26-00304,28580000,60000
R26-00305,44440000,150000
R26-00306,3510000,0
R26-00307,42940000,150000
R26-00308,83670000,300000
R26-00309,57310000,150000
R26-00310,67800000,300000
R26-00311,12220000,40000
R26-00312,83240000,300000
R26-00313,134230000,600000
R26-00314,21620000,60000
R26-00315,117010000,300000
R26-00316,22890000,60000
R26-00317,45190000,150000
R26-00318,52100000,150000
R26-00319,63920000,150000
R26-00320,56980000,150000
R26-00321,122700000,300000
R26-00322,3100000,0
R26-00323,105980000,300000
R26-00324,24810000,60000
R26-00325,43440000,150000
R26-00326,41160000,150000
R26-00327,3810000,0
R26-00328,33390000,150000
R26-00329,62760000,150000
R26-00330,30770000,60000
R26-00331,20690000,60000
R26-00332,13320000,40000
R26-00333,50900000,150000
R26-00334,94560000,300000
R26-00335,103300000,300000
R26-00336,85290000,300000
R26-00337,103690000,300000
R26-00338,54250000,150000
R26-00339,24030000,60000
R26-00340,82730000,300000
R26-00341,83340000,300000
R26-00342,3140000,0
R26-00343,34690000,150000
R26-00344,94220000,300000
R26-00345,103630000,300000
R26-00346,2450000,0
R26-00347,4700000,0
R26-00348,111340000,300000
R26-00349,41730000,150000
R26-00350,102310000,300000
R26-00351,31120000,60000
R26-00352,24570000,60000
R26-00353,34510000,150000
R26-00354,62780000,150000
R26-00355,1040000,0
R26-00356,63570000,150000
R26-00357,2500000,0
R26-00358,27880000,60000
R26-00359,27610000,60000
R26-00360,54240000,150000
R26-00361,20180000,60000
R26-00362,43920000,150000
R26-00363,21580000,60000
R26-00364,14160000,40000
R26-00365,47960000,150000
R26-00366,121580000,300000
R26-00367,53550000,150000
R26-00368,42840000,150000
R26-00369,35830000,150000
R26-00370,53410000,150000
R26-00371,32020000,60000
R26-00372,400000,0
R26-00373,41060000,150000
R26-00374,31880000,60000
R26-00375,6050000,20000
R26-00376,83370000,300000
R26-00377,62400000,150000
R26-00378,32320000,60000
R26-00379,27050000,60000
R26-00380,32390000,60000
R26-00381,37060000,150000
R26-00382,92440000,300000
R26-00383,23110000,60000
R26-00384,32380000,60000
R26-00385,90890000,300000
R26-00386,50300000,150000
R26-00387,42660000,150000
R26-00388,35470000,150000
R26-00389,70740000,300000
R26-00390,83980000,300000
R26-00391,95900000,300000
R26-00392,51190000,150000
R26-00393,40880000,150000
R26-00394,2610000,0
R26-00395,25940000,60000
R26-00396,71090000,300000
R26-00397,4080000,0
R26-00398,96440000,300000
R26-00399,46110000,150000
R26-00400,32930000,60000
R26-00401,24490000,60000
R26-00402,13740000,40000
R26-00403,43290000,150000
R26-00404,65690000,150000
R26-00405,63510000,150000
R26-00406,73310000,300000
R26-00407,34990000,150000
R26-00408,32850000,60000
R26-00409,101100000,300000
R26-00410,54010000,150000
R26-00411,72730000,300000
R26-00412,17740000,40000
R26-00413,66750000,300000
R26-00414,43380000,150000
R26-00415,74380000,300000
R26-00416,22770000,60000
R26-00417,73900000,300000
R26-00418,3130000,0
R26-00419,5980000,20000
R26-00420,17200000,40000
R26-00421,12310000,40000
R26-00422,113520000,300000
R26-00423,32540000,60000
R26-00424,2010000,0
R26-00425,60490000,150000
R26-00426,65720000,150000
R26-00427,24560000,60000
R26-00428,41410000,150000
R26-00429,23910000,60000
R26-00430,41890000,150000
R26-00431,82540000,300000
R26-00432,92650000,300000
R26-00433,37320000,150000
R26-00434,42560000,150000
R26-00435,62700000,150000
R26-00436,16470000,40000
R26-00437,35050000,150000
R26-00438,5540000,20000
R26-00439,13910000,40000
R26-00440,43350000,150000
R26-00441,24760000,60000
R26-00442,27610000,60000
R26-00443,135640000,600000
R26-00444,28310000,60000
R26-00445,34800000,150000
R26-00446,92570000,300000
R26-00447,60640000,150000
R26-00448,10270000,40000
R26-00449,81530000,300000
R26-00450,53610000,150000
R26-00451,74810000,300000
R26-00452,84760000,300000
R26-00453,11280000,40000
R26-00454,81700000,300000
R26-00455,48080000,150000
R26-00456,42130000,150000
R26-00457,151120000,600000
R26-00458,44720000,150000
R26-00459,1480000,0
R26-00460,72560000,300000
R26-00461,65990000,150000
R26-00462,94210000,300000
R26-00463,49320000,150000
R26-00464,4900000,0
R26-00465,46200000,150000
R26-00466,84760000,300000
R26-00467,54240000,150000
R26-00468,72940000,300000
R26-00469,84220000,300000
R26-00470,46630000,150000
R26-00471,64950000,150000
R26-00472,114160000,300000
R26-00473,8020000,20000
R26-00474,71150000,300000
R26-00475,73020000,300000
R26-00476,63400000,150000
R26-00477,92510000,300000
R26-00478,16120000,40000
R26-00479,11860000,40000
R26-00480,5980000,20000
R26-00481,171860000,600000
R26-00482,4720000,0
R26-00483,10380000,40000
R26-00484,93040000,300000
R26-00485,1890000,0
R26-00486,64970000,150000
R26-00487,2350000,0
R26-00488,53250000,150000
R26-00489,25120000,60000
R26-00490,75510000,300000
R26-00491,53710000,150000
R26-00492,45290000,150000
R26-00493,132130000,300000
R26-00494,82100000,300000
R26-00495,55620000,150000
R26-00496,86680000,300000
R26-00497,39080000,150000
R26-00498,84140000,300000
R26-00499,33120000,60000
R26-00500,75940000,300000
R26-00501,62960000,150000
R26-00502,96570000,300000
R26-00503,44550000,150000
R26-00504,2290000,0
R26-00505,7470000,20000
R26-00506,16570000,40000
R26-00507,13530000,40000
R26-00508,20660000,60000
R26-00509,15190000,40000
R26-00510,57890000,150000
R26-00511,18150000,40000
R26-00512,116480000,300000
R26-00513,44390000,150000
R26-00514,52630000,150000
R26-00515,101520000,300000
R26-00516,47700000,150000
R26-00517,104690000,300000
R26-00518,34920000,150000
R26-00519,41890000,150000
R26-00520,131860000,300000
R26-00521,46480000,150000
R26-00522,25010000,60000
R26-00523,138410000,600000
R26-00524,22870000,60000
R26-00525,63790000,150000
R26-00526,53100000,150000
R26-00527,98070000,300000
R26-00528,2920000,0
R26-00529,16070000,40000
R26-00530,1510000,0
R26-00531,24940000,60000
R26-00532,42000000,150000
R26-00533,15470000,40000
R26-00534,12710000,40000
R26-00535,4930000,0
R26-00536,85560000,300000
R26-00537,30960000,60000
R26-00538,53690000,150000
R26-00539,81930000,300000
R26-00540,25790000,60000
R26-00541,45570000,150000
R26-00542,116320000,300000
R26-00543,67480000,300000
R26-00544,65070000,150000
R26-00545,33550000,150000
R26-00546,21880000,60000
R26-00547,27500000,60000
R26-00548,12950000,40000
R26-00549,45050000,150000
R26-00550,43310000,150000
R26-00551,146240000,600000
R26-00552,63120000,150000
R26-00553,31010000,60000
R26-00554,25360000,60000
R26-00555,2680000,0
R26-00556,4340000,0
R26-00557,25660000,60000
R26-00558,40850000,150000
R26-00559,82710000,300000
R26-00560,54890000,150000
R26-00561,67730000,300000
R26-00562,54580000,150000
R26-00563,63870000,150000
R26-00564,9150000,20000
R26-00565,70430000,300000
R26-00566,91900000,300000
R26-00567,15850000,40000
R26-00568,52570000,150000
R26-00569,56240000,150000
R26-00570,22650000,60000
R26-00571,89070000,300000
R26-00572,5660000,20000
R26-00573,22660000,60000
R26-00574,103520000,300000
R26-00575,13390000,40000
R26-00576,13020000,40000
R26-00577,17840000,40000
R26-00578,34900000,150000
R26-00579,11700000,40000
R26-00580,33580000,150000
R26-00581,105500000,300000
R26-00582,103800000,300000
R26-00583,63910000,150000
R26-00584,5750000,20000
R26-00585,1710000,0
R26-00586,24050000,60000
R26-00587,8660000,20000
R26-00588,21900000,60000
R26-00589,20840000,60000
R26-00590,84800000,300000
R26-00591,46860000,150000
R26-00592,61090000,150000
R26-00593,40810000,150000
R26-00594,61040000,150000
R26-00595,44070000,150000
R26-00596,54150000,150000
R26-00597,1660000,0
R26-00598,42290000,150000
R26-00599,8440000,20000
R26-00600,24780000,60000
R26-00601,5360000,20000
R26-00602,32600000,60000
R26-00603,46020000,150000
R26-00604,16440000,40000
R26-00605,24560000,60000
R26-00606,104090000,300000
R26-00607,66520000,150000
R26-00608,21940000,60000
R26-00609,84780000,300000
R26-00610,55600000,150000
R26-00611,128310000,300000
R26-00612,24390000,60000
R26-00613,78600000,300000
R26-00614,2160000,0
R26-00615,26570000,60000
R26-00616,17280000,40000
R26-00617,45760000,150000
R26-00618,131840000,300000
R26-00619,62660000,150000
R26-00620,125390000,300000
R26-00621,34690000,150000
R26-00622,33440000,150000
R26-00623,14990000,40000
R26-00624,33060000,60000
R26-00625,36380000,150000
R26-00626,60050000,150000
R26-00627,115820000,300000
R26-00628,15310000,40000
R26-00629,11780000,40000
R26-00630,7180000,20000
R26-00631,32190000,60000
R26-00632,38380000,150000
R26-00633,2080000,0
R26-00634,43180000,150000
R26-00635,65810000,150000
R26-00636,52340000,150000
R26-00637,58490000,150000
R26-00638,41860000,150000
R26-00639,21660000,60000
R26-00640,23360000,60000
R26-00641,62700000,150000
R26-00642,45430000,150000
R26-00643,156110000,600000
R26-00644,4280000,0
R26-00645,16790000,40000
R26-00646,47680000,150000
R26-00647,13200000,40000
R26-00648,7760000,20000
R26-00649,27420000,60000
R26-00650,6280000,20000
R26-00651,57130000,150000
R26-00652,1990000,0
R26-00653,1450000,0
R26-00654,36010000,150000
R26-00655,22950000,60000
R26-00656,74700000,300000
R26-00657,21150000,60000
R26-00658,96500000,300000
R26-00659,21660000,60000
R26-00660,33030000,60000
R26-00661,6050000,20000
R26-00662,790000,0
R26-00663,101170000,300000
R26-00664,1170000,0
R26-00665,38130000,150000
R26-00666,22440000,60000
R26-00667,43400000,150000
R26-00668,71450000,300000
R26-00669,1930000,0
R26-00670,6080000,20000
R26-00671,52050000,150000
R26-00672,790000,0
R26-00673,4890000,0
R26-00674,27720000,60000
R26-00675,65610000,150000
R26-00676,23320000,60000
R26-00677,36660000,150000
R26-00678,31870000,60000
R26-00679,93040000,300000
R26-00680,3030000,0
R26-00681,22870000,60000
R26-00682,61250000,150000
R26-00683,25340000,60000
R26-00684,31260000,60000
R26-00685,20570000,60000
R26-00686,12360000,40000
R26-00687,36940000,150000
R26-00688,52240000,150000
R26-00689,52150000,150000
R26-00690,101040000,300000
R26-00691,143950000,600000
R26-00692,7790000,20000
R26-00693,24370000,60000
R26-00694,7240000,20000
R26-00695,4250000,0
R26-00696,91800000,300000
R26-00697,12060000,40000
R26-00698,32280000,60000
R26-00699,97140000,300000
R26-00700,61930000,150000
R26-00701,52210000,150000
R26-00702,23530000,60000
R26-00703,114330000,300000
R26-00704,86450000,300000
R26-00705,61660000,150000
R26-00706,86640000,300000
R26-00707,54060000,150000
R26-00708,4260000,0
R26-00709,6330000,20000
R26-00710,37050000,150000
R26-00711,131430000,300000
R26-00712,45740000,150000
R26-00713,73020000,300000
R26-00714,28680000,60000
R26-00715,15060000,40000
R26-00716,34420000,150000
R26-00717,48540000,150000
R26-00718,41970000,150000
R26-00719,2120000,0
R26-00720,106130000,300000
R26-00721,31190000,60000
R26-00722,26590000,60000
R26-00723,33180000,60000
R26-00724,33250000,60000
R26-00725,101260000,300000
R26-00726,5990000,20000
R26-00727,5060000,20000
R26-00728,83790000,300000
R26-00729,104860000,300000
R26-00730,42570000,150000
R26-00731,122450000,300000
R26-00732,32380000,60000
R26-00733,63130000,150000
R26-00734,32580000,60000
R26-00735,2400000,0
R26-00736,5710000,20000
R26-00737,81040000,300000
R26-00738,72540000,300000
R26-00739,77360000,300000
R26-00740,62460000,150000
R26-00741,54400000,150000
R26-00742,46920000,150000
R26-00743,33780000,150000
R26-00744,32520000,60000
R26-00745,1780000,0
R26-00746,95330000,300000
R26-00747,51370000,150000
R26-00748,2130000,0
R26-00749,44440000,150000
R26-00750,21750000,60000
R26-00751,43270000,150000
R26-00752,43950000,150000
R26-00753,11880000,40000
R26-00754,42280000,150000
R26-00755,2110000,0
R26-00756,17690000,40000
R26-00757,52430000,150000
R26-00758,56620000,150000
R26-00759,20590000,60000
R26-00760,98010000,300000
R26-00761,52680000,150000
R26-00762,112210000,300000
R26-00763,28510000,60000
R26-00764,5020000,20000
R26-00765,14510000,40000
R26-00766,60510000,150000
R26-00767,7100000,20000
R26-00768,7260000,20000
R26-00769,46790000,150000
R26-00770,4290000,0
R26-00771,48230000,150000
R26-00772,77060000,300000
R26-00773,2100000,0
R26-00774,43060000,150000
R26-00775,12530000,40000
R26-00776,11090000,40000
R26-00777,44170000,150000
R26-00778,1820000,0
R26-00779,155650000,600000
R26-00780,105860000,300000
R26-00781,45550000,150000
R26-00782,52270000,150000
R26-00783,51950000,150000
R26-00784,133280000,300000
R26-00785,24290000,60000
R26-00786,68940000,300000
R26-00787,53830000,150000
R26-00788,80450000,300000
R26-00789,8100000,20000
R26-00790,22880000,60000
R26-00791,20760000,60000
R26-00792,80430000,300000
R26-00793,65450000,150000
R26-00794,86020000,300000
R26-00795,37250000,150000
R26-00796,24730000,60000
R26-00797,1520000,0
R26-00798,13640000,40000
R26-00799,113650000,300000
R26-00800,24350000,60000
R26-00801,107030000,300000
R26-00802,2160000,0
R26-00803,73750000,300000
R26-00804,940000,0
R26-00805,16160000,40000
R26-00806,75440000,300000
R26-00807,99030000,300000
R26-00808,76950000,300000
R26-00809,72220000,300000
R26-00810,41670000,150000
R26-00811,4210000,0
R26-00812,66100000,150000
R26-00813,55250000,150000
R26-00814,58290000,150000
R26-00815,51800000,150000
R26-00816,5090000,20000
R26-00817,104070000,300000
R26-00818,123740000,300000
R26-00819,63010000,150000
R26-00820,52620000,150000
R26-00821,67680000,300000
R26-00822,43740000,150000
R26-00823,41560000,150000
R26-00824,82680000,300000
R26-00825,43360000,150000
R26-00826,37470000,150000
R26-00827,43650000,150000
R26-00828,26210000,60000
R26-00829,38950000,150000
R26-00830,53220000,150000
R26-00831,24350000,60000
R26-00832,74140000,300000
R26-00833,4600000,0
R26-00834,340000,0
R26-00835,48110000,150000
R26-00836,91810000,300000
R26-00837,63190000,150000
R26-00838,7160000,20000
R26-00839,55430000,150000
R26-00840,54710000,150000
R26-00841,2060000,0
R26-00842,7020000,20000
R26-00843,3070000,0
R26-00844,1690000,0
R26-00845,33260000,60000
R26-00846,24170000,60000
R26-00847,147330000,600000
R26-00848,3340000,0
R26-00849,64210000,150000
R26-00850,6700000,20000
R26-00851,35380000,150000
R26-00852,22280000,60000
R26-00853,68470000,300000
R26-00854,2600000,0
R26-00855,40950000,150000
R26-00856,53300000,150000
R26-00857,92350000,300000
R26-00858,3070000,0
R26-00859,94320000,300000
R26-00860,31850000,60000
R26-00861,9590000,20000
R26-00862,3000000,0
R26-00863,69420000,300000
R26-00864,126400000,300000
R26-00865,1670000,0
R26-00866,27970000,60000
R26-00867,83740000,300000
R26-00868,91400000,300000
R26-00869,24550000,60000
R26-00870,42430000,150000
R26-00871,2940000,0
R26-00872,3880000,0
R26-00873,4360000,0
R26-00874,23200000,60000
R26-00875,24530000,60000
R26-00876,2410000,0
R26-00877,112480000,300000
R26-00878,3890000,0
R26-00879,63160000,150000
R26-00880,35720000,150000
R26-00881,15790000,40000
R26-00882,43270000,150000
R26-00883,4210000,0
R26-00884,81410000,300000
R26-00885,7560000,20000
R26-00886,100570000,300000
R26-00887,33530000,150000
R26-00888,50810000,150000
R26-00889,41540000,150000
R26-00890,4620000,0
R26-00891,50760000,150000
R26-00892,16760000,40000
R26-00893,14450000,40000
R26-00894,36500000,150000
R26-00895,35790000,150000
R26-00896,13930000,40000
R26-00897,171300000,600000
R26-00898,20870000,60000
R26-00899,23650000,60000
R26-00900,22550000,60000
R26-00901,55410000,150000
R26-00902,92320000,300000
R26-00903,62720000,150000
R26-00904,30440000,60000
R26-00905,4640000,0
R26-00906,4980000,0
R26-00907,74390000,300000
R26-00908,45180000,150000
R26-00909,36230000,150000
R26-00910,24850000,60000
R26-00911,4770000,0
R26-00912,76960000,300000
R26-00913,83360000,300000
R26-00914,122240000,300000
R26-00915,25850000,60000
R26-00916,34600000,150000
R26-00917,13450000,40000
R26-00918,7520000,20000
R26-00919,72600000,300000
R26-00920,63080000,150000
R26-00921,31690000,60000
R26-00922,53310000,150000
R26-00923,13670000,40000
R26-00924,42520000,150000
R26-00925,3990000,0
R26-00926,92450000,300000
R26-00927,3910000,0
R26-00928,2030000,0
R26-00929,22920000,60000
R26-00930,63510000,150000
R26-00931,42920000,150000
R26-00932,32980000,60000
R26-00933,24460000,60000
R26-00934,35740000,150000
R26-00935,84700000,300000
R26-00936,13460000,40000
R26-00937,41980000,150000
R26-00938,24080000,60000
R26-00939,52560000,150000
R26-00940,84370000,300000
R26-00941,24820000,60000
R26-00942,114420000,300000
R26-00943,62570000,150000
R26-00944,21090000,60000
R26-00945,42610000,150000
R26-00946,15940000,40000
R26-00947,6850000,20000
R26-00948,11820000,40000
R26-00949,15980000,40000
R26-00950,2800000,0
R26-00951,152910000,600000
R26-00952,63280000,150000
R26-00953,31660000,60000
R26-00954,22820000,60000
R26-00955,79130000,300000
R26-00956,32160000,60000
R26-00957,12520000,40000
R26-00958,21980000,60000
R26-00959,61360000,150000
R26-00960,1930000,0
R26-00961,93960000,300000
R26-00962,43720000,150000
R26-00963,43540000,150000
R26-00964,106020000,300000
R26-00965,36440000,150000
R26-00966,2280000,0
R26-00967,1350000,0
R26-00968,27980000,60000
R26-00969,38060000,150000
R26-00970,57920000,150000
R26-00971,45640000,150000
R26-00972,27390000,60000
R26-00973,15980000,40000
R26-00974,78080000,300000
R26-00975,18340000,40000
R26-00976,3200000,0
R26-00977,31570000,60000
R26-00978,28180000,60000
R26-00979,31800000,60000
R26-00980,75190000,300000
R26-00981,94370000,300000
R26-00982,16880000,40000
R26-00983,36370000,150000
R26-00984,64190000,150000
R26-00985,24790000,60000
R26-00986,86480000,300000
R26-00987,102710000,300000
R26-00988,64980000,150000
R26-00989,106100000,300000
R26-00990,26240000,60000
R26-00991,101800000,300000
R26-00992,73290000,300000
R26-00993,54910000,150000
R26-00994,52600000,150000
R26-00995,4580000,0
R26-00996,76090000,300000
R26-00997,74350000,300000
R26-00998,87480000,300000
R26-00999,92770000,300000
R26-01000,77330000,300000
R26-01001,22850000,60000
R26-01002,35900000,150000
R26-01003,104150000,300000
R26-01004,34080000,150000
R26-01005,35560000,150000
R26-01006,2080000,0
R26-01007,16250000,40000
R26-01008,1040000,0
R26-01009,21230000,60000
R26-01010,72160000,300000
R26-01011,41420000,150000
R26-01012,23390000,60000
R26-01013,24560000,60000
R26-01014,9340000,20000
R26-01015,52470000,150000
R26-01016,43350000,150000
R26-01017,23040000,60000
R26-01018,42600000,150000
R26-01019,85340000,300000
R26-01020,52370000,150000
R26-01021,21760000,60000
R26-01022,1490000,0
R26-01023,78580000,300000
R26-01024,56440000,150000
R26-01025,23400000,60000
R26-01026,12640000,40000
R26-01027,53630000,150000
R26-01028,2980000,0
R26-01029,33720000,150000
R26-01030,90490000,300000
R26-01031,103530000,300000
R26-01032,12650000,40000
R26-01033,13010000,40000
R26-01034,47830000,150000
R26-01035,84130000,300000
R26-01036,24660000,60000
R26-01037,11600000,40000
R26-01038,55170000,150000
R26-01039,87100000,300000
R26-01040,71220000,300000
R26-01041,6020000,20000
R26-01042,80610000,300000
R26-01043,35750000,150000
R26-01044,53850000,150000
R26-01045,121460000,300000
R26-01046,44080000,150000
R26-01047,23480000,60000
R26-01048,33680000,150000
R26-01049,16150000,40000
R26-01050,54750000,150000
R26-01051,102920000,300000
R26-01052,36930000,150000
R26-01053,5540000,20000
R26-01054,11490000,40000
R26-01055,51920000,150000
R26-01056,20390000,60000
R26-01057,32630000,60000
R26-01058,41520000,150000
R26-01059,85610000,300000
R26-01060,82900000,300000
R26-01061,85600000,300000
R26-01062,15290000,40000
R26-01063,11100000,40000
R26-01064,23040000,60000
R26-01065,42030000,150000
R26-01066,1900000,0
R26-01067,760000,0
R26-01068,25320000,60000
R26-01069,55640000,150000
R26-01070,13220000,40000
R26-01071,83370000,300000
R26-01072,54670000,150000
R26-01073,56060000,150000
R26-01074,33750000,150000
R26-01075,134020000,600000
R26-01076,12950000,40000
R26-01077,13950000,40000
R26-01078,94760000,300000
R26-01079,73620000,300000
R26-01080,34320000,150000
R26-01081,3930000,0
R26-01082,61280000,150000
R26-01083,87270000,300000
R26-01084,54050000,150000
R26-01085,41950000,150000
R26-01086,118180000,300000
R26-01087,40840000,150000
R26-01088,35170000,150000
R26-01089,58830000,150000
R26-01090,105490000,300000
R26-01091,31110000,60000
R26-01092,25190000,60000
R26-01093,7230000,20000
R26-01094,14880000,40000
R26-01095,54360000,150000
R26-01096,61600000,150000
R26-01097,94450000,300000
R26-01098,43700000,150000
R26-01099,34420000,150000
R26-01100,75130000,300000
R26-01101,94470000,300000
R26-01102,2900000,0
R26-01103,35420000,150000
R26-01104,51760000,150000
R26-01105,1210000,0
R26-01106,11400000,40000
R26-01107,5280000,20000
R26-01108,23620000,60000
R26-01109,11540000,40000
R26-01110,14520000,40000
R26-01111,53470000,150000
R26-01112,33260000,60000
R26-01113,73140000,300000
R26-01114,7070000,20000
R26-01115,14850000,40000
R26-01116,33310000,60000
R26-01117,52260000,150000
R26-01118,12480000,40000
R26-01119,35440000,150000
R26-01120,96120000,300000
R26-01121,2880000,0
R26-01122,30830000,60000
R26-01123,1960000,0
R26-01124,8100000,20000
R26-01125,13370000,40000
R26-01126,34780000,150000
R26-01127,28390000,60000
R26-01128,23930000,60000
R26-01129,101190000,300000
R26-01130,54530000,150000
R26-01131,11650000,40000
R26-01132,15330000,40000
R26-01133,62630000,150000
R26-01134,2910000,0
R26-01135,41700000,150000
R26-01136,83990000,300000
R26-01137,11880000,40000
R26-01138,76620000,300000
R26-01139,49070000,150000
R26-01140,35710000,150000
R26-01141,3170000,0
R26-01142,6150000,20000
R26-01143,45080000,150000
R26-01144,150290000,600000
R26-01145,2770000,0
R26-01146,12430000,40000
R26-01147,93680000,300000
R26-01148,46870000,150000
R26-01149,46250000,150000
R26-01150,26190000,60000
R26-01151,24470000,60000
R26-01152,38190000,150000
R26-01153,77430000,300000
R26-01154,33410000,150000
R26-01155,51070000,150000
R26-01156,26240000,60000
R26-01157,30970000,60000
R26-01158,81170000,300000
R26-01159,16380000,40000
R26-01160,217280000,1000000
R26-01161,64640000,150000
R26-01162,48360000,150000
R26-01163,52930000,150000
R26-01164,33790000,150000
R26-01165,79230000,300000
R26-01166,74160000,300000
R26-01167,13020000,40000
R26-01168,46630000,150000
R26-01169,73360000,300000
R26-01170,32490000,60000
R26-01171,22630000,60000
R26-01172,106120000,300000
R26-01173,3930000,0
R26-01174,63230000,150000
R26-01175,101640000,300000
R26-01176,62950000,150000
R26-01177,81110000,300000
R26-01178,80960000,300000
R26-01179,21790000,60000
R26-01180,120930000,300000
R26-01181,24420000,60000
R26-01182,12930000,40000
R26-01183,75820000,300000
R26-01184,96720000,300000
R26-01185,10910000,40000
R26-01186,1450000,0
R26-01187,22180000,60000
R26-01188,36050000,150000
R26-01189,51030000,150000
R26-01190,22220000,60000
R26-01191,2150000,0
R26-01192,40990000,150000
R26-01193,21550000,60000
R26-01194,3720000,0
R26-01195,13960000,40000
R26-01196,1610000,0
R26-01197,21400000,60000
R26-01198,104150000,300000
R26-01199,93670000,300000
R26-01200,16840000,40000
R26-01201,51770000,150000
R26-01202,1100000,0
R26-01203,41660000,150000
R26-01204,81220000,300000
R26-01205,4990000,0
R26-01206,62270000,150000
R26-01207,28340000,60000
R26-01208,1660000,0
R26-01209,43350000,150000
R26-01210,5270000,20000
R26-01211,31920000,60000
R26-01212,11620000,40000
R26-01213,1120000,0
R26-01214,4700000,0
R26-01215,22370000,60000
R26-01216,13000000,40000
R26-01217,14630000,40000
R26-01218,61870000,150000
R26-01219,23570000,60000
R26-01220,24660000,60000
R26-01221,26060000,60000
R26-01222,53270000,150000
R26-01223,91930000,300000
R26-01224,95200000,300000
R26-01225,115880000,300000
R26-01226,2640000,0
R26-01227,22770000,60000
R26-01228,22450000,60000
R26-01229,74200000,300000
R26-01230,95450000,300000
R26-01231,12140000,40000
R26-01232,102810000,300000
R26-01233,14270000,40000
R26-01234,33050000,60000
R26-01235,3490000,0
R26-01236,36390000,150000
R26-01237,72820000,300000
R26-01238,72480000,300000
R26-01239,113420000,300000
R26-01240,12420000,40000
R26-01241,4480000,0
R26-01242,34190000,150000
R26-01243,35490000,150000
R26-01244,4590000,0
R26-01245,157530000,600000
R26-01246,44510000,150000
R26-01247,11850000,40000
R26-01248,31890000,60000
R26-01249,44460000,150000
R26-01250,51840000,150000
R26-01251,70490000,300000
R26-01252,26750000,60000
R26-01253,8140000,20000
R26-01254,23580000,60000
R26-01255,92840000,300000
R26-01256,14000000,40000
R26-01257,50980000,150000
R26-01258,63530000,150000
R26-01259,67670000,300000
R26-01260,5880000,20000
R26-01261,91530000,300000
R26-01262,35670000,150000
R26-01263,2290000,0
R26-01264,81470000,300000
R26-01265,22950000,60000
R26-01266,40610000,150000
R26-01267,75160000,300000
R26-01268,74380000,300000
R26-01269,42760000,150000
R26-01270,91810000,300000
R26-01271,94620000,300000
R26-01272,5860000,20000
R26-01273,32930000,60000
R26-01274,57490000,150000
R26-01275,12180000,40000
R26-01276,64830000,150000
R26-01277,71590000,300000
R26-01278,810000,0
R26-01279,97780000,300000
R26-01280,82460000,300000
R26-01281,72470000,300000
R26-01282,225580000,1000000
R26-01283,22230000,60000
R26-01284,60990000,150000
R26-01285,1760000,0
R26-01286,94350000,300000
R26-01287,2910000,0
R26-01288,2100000,0
R26-01289,53620000,150000
R26-01290,31750000,60000
R26-01291,52310000,150000
R26-01292,71950000,300000
R26-01293,43670000,150000
R26-01294,75820000,300000
R26-01295,21260000,60000
R26-01296,125300000,300000
R26-01297,9230000,20000
R26-01298,57320000,150000
R26-01299,21600000,60000
R26-01300,42130000,150000
R26-01301,93550000,300000
R26-01302,7370000,20000
R26-01303,50780000,150000
R26-01304,54920000,150000
R26-01305,25940000,60000
R26-01306,11330000,40000
R26-01307,33400000,150000
R26-01308,52270000,150000
R26-01309,30870000,60000
R26-01310,123190000,300000
R26-01311,33860000,150000
R26-01312,26300000,60000
R26-01313,92680000,300000
R26-01314,24870000,60000
R26-01315,77320000,300000
R26-01316,61940000,150000
R26-01317,17390000,40000
R26-01318,2760000,0
R26-01319,92300000,300000
R26-01320,61890000,150000
R26-01321,93060000,300000
R26-01322,43360000,150000
R26-01323,2440000,0
R26-01324,13370000,40000
R26-01325,73850000,300000
R26-01326,51630000,150000
R26-01327,5160000,20000
R26-01328,24780000,60000
R26-01329,76660000,300000
R26-01330,72220000,300000
R26-01331,61960000,150000
R26-01332,78090000,300000
R26-01333,2430000,0
R26-01334,64050000,150000
R26-01335,82930000,300000
R26-01336,106140000,300000
R26-01337,23300000,60000
R26-01338,47390000,150000
R26-01339,74170000,300000
R26-01340,2210000,0
R26-01341,20600000,60000
R26-01342,4750000,0
R26-01343,43120000,150000
R26-01344,41890000,150000
R26-01345,72390000,300000
R26-01346,22290000,60000
R26-01347,29200000,60000
R26-01348,8840000,20000
R26-01349,33800000,150000
R26-01350,62700000,150000
R26-01351,36140000,150000
R26-01352,43590000,150000
R26-01353,35780000,150000
R26-01354,46100000,150000
R26-01355,31730000,60000
R26-01356,44200000,150000
R26-01357,6190000,20000
R26-01358,53970000,150000
R26-01359,21760000,60000
R26-01360,63190000,150000
R26-01361,52400000,150000
R26-01362,14240000,40000
R26-01363,46250000,150000
R26-01364,86240000,300000
R26-01365,60510000,150000
R26-01366,92120000,300000
R26-01367,2730000,0
R26-01368,1760000,0
R26-01369,6720000,20000
R26-01370,104790000,300000
R26-01371,46030000,150000
R26-01372,31090000,60000
R26-01373,93000000,300000
R26-01374,39040000,150000
R26-01375,20920000,60000
R26-01376,3510000,0
R26-01377,101320000,300000
R26-01378,71310000,300000
R26-01379,22340000,60000
R26-01380,1170000,0
R26-01381,11330000,40000
R26-01382,67400000,300000
R26-01383,24330000,60000
R26-01384,124180000,300000
R26-01385,104970000,300000
R26-01386,22040000,60000
R26-01387,14400000,40000
R26-01388,2980000,0
R26-01389,16250000,40000
R26-01390,91000000,300000
R26-01391,3850000,0
R26-01392,35780000,150000
R26-01393,21560000,60000
R26-01394,7630000,20000
R26-01395,10650000,40000
R26-01396,48310000,150000
R26-01397,34840000,150000
R26-01398,5140000,20000
R26-01399,2680000,0
R26-01400,13380000,40000
R26-01401,44470000,150000
R26-01402,21840000,60000
R26-01403,23540000,60000
R26-01404,31250000,60000
R26-01405,32160000,60000
R26-01406,25330000,60000
R26-01407,51580000,150000
R26-01408,144940000,600000
R26-01409,105400000,300000
R26-01410,33470000,150000
R26-01411,45550000,150000
R26-01412,40740000,150000
R26-01413,75800000,300000
R26-01414,67960000,300000
R26-01415,74640000,300000
R26-01416,33480000,150000
R26-01417,1300000,0
R26-01418,54010000,150000
R26-01419,56820000,150000
R26-01420,4420000,0
R26-01421,6070000,20000
R26-01422,3710000,0
R26-01423,12930000,40000
R26-01424,103370000,300000
R26-01425,13270000,40000
R26-01426,44630000,150000
R26-01427,1460000,0
R26-01428,57560000,150000
R26-01429,36800000,150000
R26-01430,43260000,150000
R26-01431,103840000,300000
R26-01432,22080000,60000
R26-01433,52500000,150000
R26-01434,2380000,0
R26-01435,64430000,150000
R26-01436,3230000,0
R26-01437,11820000,40000
R26-01438,71820000,300000
R26-01439,106760000,300000
R26-01440,1470000,0
R26-01441,50640000,150000
R26-01442,22730000,60000
R26-01443,30960000,60000
R26-01444,12590000,40000
R26-01445,95220000,300000
R26-01446,54810000,150000
R26-01447,51270000,150000
R26-01448,21830000,60000
R26-01449,85260000,300000
R26-01450,132990000,300000
R26-01451,12890000,40000
R26-01452,6480000,20000
R26-01453,6560000,20000
R26-01454,23730000,60000
R26-01455,104620000,300000
R26-01456,6060000,20000
R26-01457,2170000,0
R26-01458,18740000,40000
R26-01459,17410000,40000
R26-01460,44580000,150000
R26-01461,35690000,150000
R26-01462,5320000,20000
R26-01463,25700000,60000
R26-01464,1110000,0
R26-01465,12690000,40000
R26-01466,65630000,150000
R26-01467,47360000,150000
R26-01468,44640000,150000
R26-01469,81180000,300000
R26-01470,52870000,150000
R26-01471,3530000,0
R26-01472,116730000,300000
R26-01473,34200000,150000
R26-01474,52630000,150000
R26-01475,21150000,60000
R26-01476,63810000,150000
R26-01477,2900000,0
R26-01478,6000000,20000
R26-01479,56330000,150000
R26-01480,70470000,300000
R26-01481,34790000,150000
R26-01482,1310000,0
R26-01483,73920000,300000
R26-01484,91870000,300000
R26-01485,123750000,300000
R26-01486,65910000,150000
R26-01487,65600000,150000
R26-01488,103170000,300000
R26-01489,25220000,60000
R26-01490,24590000,60000
R26-01491,41460000,150000
R26-01492,50940000,150000
R26-01493,15810000,40000
R26-01494,12020000,40000
R26-01495,22750000,60000
R26-01496,13780000,40000
R26-01497,123920000,300000
R26-01498,135490000,600000
R26-01499,23890000,60000
R26-01500,51750000,150000
R26-01501,87640000,300000
R26-01502,30910000,60000
R26-01503,3280000,0
R26-01504,44930000,150000
R26-01505,30980000,60000
R26-01506,11160000,40000
R26-01507,70420000,300000
R26-01508,52840000,150000
R26-01509,33520000,150000
R26-01510,3160000,0
R26-01511,43290000,150000
R26-01512,26780000,60000
R26-01513,102220000,300000
R26-01514,36270000,150000
R26-01515,31980000,60000
R26-01516,11610000,40000
R26-01517,81770000,300000
R26-01518,26350000,60000
R26-01519,24780000,60000
R26-01520,12150000,40000
R26-01521,84200000,300000
R26-01522,121970000,300000
R26-01523,30990000,60000
R26-01524,34600000,150000
R26-01525,23150000,60000
R26-01526,36720000,150000
R26-01527,42720000,150000
R26-01528,28060000,60000
R26-01529,27290000,60000
R26-01530,24680000,60000
R26-01531,34840000,150000
R26-01532,25470000,60000
R26-01533,83780000,300000
R26-01534,84780000,300000
R26-01535,1800000,0
R26-01536,61700000,150000
R26-01537,12590000,40000
R26-01538,64600000,150000
R26-01539,12260000,40000
R26-01540,42430000,150000
R26-01541,37850000,150000
R26-01542,54520000,150000
R26-01543,43510000,150000
R26-01544,110980000,300000
R26-01545,51140000,150000
R26-01546,15290000,40000
R26-01547,14610000,40000
R26-01548,124920000,300000
R26-01549,5910000,20000
R26-01550,40590000,150000
R26-01551,51060000,150000
R26-01552,6600000,20000
R26-01553,40240000,150000
R26-01554,72150000,300000
R26-01555,28230000,60000
R26-01556,22130000,60000
R26-01557,142090000,600000
R26-01558,12090000,40000
R26-01559,75370000,300000
R26-01560,74750000,300000
R26-01561,153810000,600000
R26-01562,17990000,40000
R26-01563,14890000,40000
R26-01564,13760000,40000
R26-01565,76630000,300000
R26-01566,41050000,150000
R26-01567,3290000,0
R26-01568,54340000,150000
R26-01569,36170000,150000
R26-01570,73170000,300000
R26-01571,32830000,60000
R26-01572,2090000,0
R26-01573,15600000,40000
R26-01574,35490000,150000
R26-01575,65750000,150000
R26-01576,36110000,150000
R26-01577,6730000,20000
R26-01578,31470000,60000
R26-01579,22400000,60000
R26-01580,56650000,150000
R26-01581,88470000,300000
R26-01582,53630000,150000
R26-01583,33390000,150000
R26-01584,42510000,150000
R26-01585,1600000,0
R26-01586,23110000,60000
R26-01587,67240000,300000
R26-01588,3980000,0
R26-01589,54960000,150000
R26-01590,62330000,150000
R26-01591,32920000,60000
R26-01592,46180000,150000
R26-01593,92170000,300000
R26-01594,15570000,40000
R26-01595,15210000,40000
R26-01596,64380000,150000
R26-01597,24730000,60000
R26-01598,82440000,300000
R26-01599,23640000,60000
R26-01600,55870000,150000
R26-01601,42090000,150000
R26-01602,24220000,60000
R26-01603,43440000,150000
R26-01604,42310000,150000
R26-01605,41660000,150000
R26-01606,52060000,150000
R26-01607,44210000,150000
R26-01608,22490000,60000
R26-01609,32390000,60000
R26-01610,22800000,60000
R26-01611,25850000,60000
R26-01612,29050000,60000
R26-01613,45290000,150000
R26-01614,33920000,150000
R26-01615,101610000,300000
R26-01616,2320000,0
R26-01617,77180000,300000
R26-01618,61270000,150000
R26-01619,91600000,300000
R26-01620,32700000,60000
R26-01621,26780000,60000
R26-01622,4170000,0
R26-01623,4860000,0
R26-01624,31220000,60000
R26-01625,16240000,40000
R26-01626,3870000,0
R26-01627,46050000,150000
R26-01628,38090000,150000
R26-01629,14940000,40000
R26-01630,54360000,150000
R26-01631,55490000,150000
R26-01632,22670000,60000
R26-01633,3060000,0
R26-01634,71750000,300000
R26-01635,1920000,0
R26-01636,73670000,300000
R26-01637,2210000,0
R26-01638,13430000,40000
R26-01639,2890000,0
R26-01640,2830000,0
R26-01641,14640000,40000
R26-01642,46990000,150000
R26-01643,123250000,300000
R26-01644,25670000,60000
R26-01645,470000,0
R26-01646,1190000,0
R26-01647,6870000,20000
R26-01648,13200000,40000
R26-01649,14020000,40000
R26-01650,73570000,300000
R26-01651,33940000,150000
R26-01652,83360000,300000
R26-01653,3800000,0
R26-01654,23240000,60000
R26-01655,33460000,150000
R26-01656,87630000,300000
R26-01657,65210000,150000
R26-01658,34050000,150000
R26-01659,126450000,300000
R26-01660,12390000,40000
R26-01661,62900000,150000
R26-01662,93870000,300000
R26-01663,40810000,150000
R26-01664,1940000,0
R26-01665,62060000,150000
R26-01666,104270000,300000
R26-01667,36680000,150000
R26-01668,112250000,300000
R26-01669,1490000,0
R26-01670,6350000,20000
R26-01671,71710000,300000
R26-01672,37850000,150000
R26-01673,66660000,150000
R26-01674,58340000,150000
R26-01675,20980000,60000
R26-01676,41410000,150000
R26-01677,8540000,20000
R26-01678,27920000,60000
R26-01679,62640000,150000
R26-01680,15780000,40000
R26-01681,37930000,150000
R26-01682,24210000,60000
R26-01683,16310000,40000
R26-01684,84540000,300000
R26-01685,76120000,300000
R26-01686,31440000,60000
R26-01687,12910000,40000
R26-01688,33150000,60000
R26-01689,35860000,150000
R26-01690,73660000,300000
R26-01691,64220000,150000
R26-01692,5380000,20000
R26-01693,22940000,60000
R26-01694,65530000,150000
R26-01695,32350000,60000
R26-01696,6620000,20000
R26-01697,60490000,150000
R26-01698,33300000,60000
R26-01699,34950000,150000
R26-01700,22140000,60000
R26-01701,1310000,0
R26-01702,23800000,60000
R26-01703,32320000,60000
R26-01704,11860000,40000
R26-01705,103990000,300000
R26-01706,24560000,60000
R26-01707,14810000,40000
R26-01708,28960000,60000
R26-01709,65420000,150000
R26-01710,65560000,150000
R26-01711,40890000,150000
R26-01712,37650000,150000
R26-01713,24400000,60000
R26-01714,73470000,300000
R26-01715,66490000,150000
R26-01716,62740000,150000
R26-01717,45890000,150000
R26-01718,71610000,300000
R26-01719,8620000,20000
R26-01720,94660000,300000
R26-01721,16800000,40000
R26-01722,21730000,60000
R26-01723,23610000,60000
R26-01724,24480000,60000
R26-01725,46260000,150000
R26-01726,16130000,40000
R26-01727,52050000,150000
R26-01728,3200000,0
R26-01729,2170000,0
R26-01730,35960000,150000
R26-01731,53740000,150000
R26-01732,40580000,150000
R26-01733,112240000,300000
R26-01734,1680000,0
R26-01735,1660000,0
R26-01736,82210000,300000
R26-01737,54150000,150000
R26-01738,3720000,0
R26-01739,81260000,300000
R26-01740,63420000,150000
R26-01741,33540000,150000
R26-01742,24680000,60000
R26-01743,30220000,60000
R26-01744,4350000,0
R26-01745,22160000,60000
R26-01746,3440000,0
R26-01747,23310000,60000
R26-01748,44310000,150000
R26-01749,62910000,150000
R26-01750,47170000,150000
R26-01751,12010000,40000
R26-01752,31630000,60000
R26-01753,40990000,150000
R26-01754,33290000,60000
R26-01755,74790000,300000
R26-01756,73670000,300000
R26-01757,43670000,150000
R26-01758,11430000,40000
R26-01759,73170000,300000
R26-01760,105060000,300000
R26-01761,9130000,20000
R26-01762,25940000,60000
R26-01763,65940000,150000
R26-01764,42760000,150000
R26-01765,32130000,60000
R26-01766,30640000,60000
R26-01767,26680000,60000
R26-01768,33530000,150000
R26-01769,103250000,300000
R26-01770,48890000,150000
R26-01771,46700000,150000
R26-01772,43000000,150000
R26-01773,17940000,40000
R26-01774,55080000,150000
R26-01775,49090000,150000
R26-01776,25530000,60000
R26-01777,16220000,40000
R26-01778,92100000,300000
R26-01779,33420000,150000
R26-01780,81150000,300000
R26-01781,1450000,0
R26-01782,15300000,40000
R26-01783,7640000,20000
R26-01784,46400000,150000
R26-01785,35740000,150000
R26-01786,90820000,300000
R26-01787,5950000,20000
R26-01788,32620000,60000
R26-01789,54030000,150000
R26-01790,10600000,40000
R26-01791,72690000,300000
R26-01792,5850000,20000
R26-01793,102280000,300000
R26-01794,33500000,150000
R26-01795,10780000,40000
R26-01796,23270000,60000
R26-01797,34730000,150000
R26-01798,67960000,300000
R26-01799,30430000,60000
R26-01800,18530000,40000
R26-01801,82450000,300000
R26-01802,71630000,300000
R26-01803,22760000,60000
R26-01804,13470000,40000
R26-01805,73010000,300000
R26-01806,18870000,40000
R26-01807,17000000,40000
R26-01808,22950000,60000
R26-01809,61290000,150000
R26-01810,23830000,60000
R26-01811,3860000,0
R26-01812,148290000,600000
R26-01813,22260000,60000
R26-01814,61220000,150000
R26-01815,53440000,150000
R26-01816,92000000,300000
R26-01817,84670000,300000
R26-01818,133780000,600000
R26-01819,90680000,300000
R26-01820,17730000,40000
R26-01821,73320000,300000
R26-01822,21720000,60000
R26-01823,73840000,300000
R26-01824,22280000,60000
R26-01825,47480000,150000
R26-01826,55790000,150000
R26-01827,30600000,60000
R26-01828,43760000,150000
R26-01829,80240000,300000
R26-01830,5400000,20000
R26-01831,33800000,150000
R26-01832,73980000,300000
R26-01833,15070000,40000
R26-01834,52160000,150000
R26-01835,93340000,300000
R26-01836,51820000,150000
R26-01837,47220000,150000
R26-01838,132110000,300000
R26-01839,33630000,150000
R26-01840,44660000,150000
R26-01841,3260000,0
R26-01842,39360000,150000
R26-01843,18590000,40000
R26-01844,5770000,20000
R26-01845,5430000,20000
R26-01846,56410000,150000
R26-01847,105390000,300000
R26-01848,91550000,300000
R26-01849,2050000,0
R26-01850,58840000,150000
R26-01851,11950000,40000
R26-01852,51900000,150000
R26-01853,96110000,300000
R26-01854,940000,0
R26-01855,22530000,60000
R26-01856,23130000,60000
R26-01857,81380000,300000
R26-01858,44800000,150000
R26-01859,33780000,150000
R26-01860,65260000,150000
R26-01861,96300000,300000
R26-01862,42080000,150000
R26-01863,32650000,60000
R26-01864,113510000,300000
R26-01865,1090000,0
R26-01866,14220000,40000
R26-01867,12290000,40000
R26-01868,93180000,300000
R26-01869,54860000,150000
R26-01870,14560000,40000
R26-01871,25960000,60000
R26-01872,42920000,150000
R26-01873,17340000,40000
R26-01874,3890000,0
R26-01875,23540000,60000
R26-01876,16730000,40000
R26-01877,57000000,150000
R26-01878,44550000,150000
R26-01879,85040000,300000
R26-01880,33500000,150000
R26-01881,106650000,300000
R26-01882,20720000,60000
R26-01883,7340000,20000
R26-01884,5940000,20000
R26-01885,21030000,60000
R26-01886,64070000,150000
R26-01887,39600000,150000
R26-01888,112430000,300000
R26-01889,15460000,40000
R26-01890,12860000,40000
R26-01891,2880000,0
R26-01892,12930000,40000
R26-01893,22420000,60000
R26-01894,6980000,20000
R26-01895,102150000,300000
R26-01896,223220000,1000000
R26-01897,92280000,300000
R26-01898,10980000,40000
R26-01899,7110000,20000
R26-01900,48470000,150000
R26-01901,71860000,300000
R26-01902,53070000,150000
R26-01903,133100000,300000
R26-01904,67160000,300000
R26-01905,2620000,0
R26-01906,26710000,60000
R26-01907,7690000,20000
R26-01908,17240000,40000
R26-01909,136760000,600000
R26-01910,3250000,0
R26-01911,123920000,300000
R26-01912,72560000,300000
R26-01913,32840000,60000
R26-01914,24320000,60000
R26-01915,5920000,20000
R26-01916,14040000,40000
R26-01917,19090000,40000
R26-01918,2280000,0
R26-01919,33470000,150000
R26-01920,44160000,150000
R26-01921,139130000,600000
R26-01922,36610000,150000
R26-01923,45670000,150000
R26-01924,21020000,60000
R26-01925,3370000,0
R26-01926,13040000,40000
R26-01927,26630000,60000
R26-01928,53640000,150000
R26-01929,146150000,600000
R26-01930,42120000,150000
R26-01931,23200000,60000
R26-01932,12380000,40000
R26-01933,8270000,20000
R26-01934,125240000,300000
R26-01935,4690000,0
R26-01936,21630000,60000
R26-01937,32930000,60000
R26-01938,3150000,0
R26-01939,7730000,20000
R26-01940,12990000,40000
R26-01941,26590000,60000
R26-01942,60700000,150000
R26-01943,71220000,300000
R26-01944,21910000,60000
R26-01945,15370000,40000
R26-01946,64410000,150000
R26-01947,134830000,600000
R26-01948,32280000,60000
R26-01949,53640000,150000
R26-01950,4590000,0
R26-01951,58580000,150000
R26-01952,41520000,150000
R26-01953,6230000,20000
R26-01954,64530000,150000
R26-01955,54400000,150000
R26-01956,56360000,150000
R26-01957,20720000,60000
R26-01958,28450000,60000
R26-01959,21210000,60000
R26-01960,142410000,600000
R26-01961,22150000,60000
R26-01962,1250000,0
R26-01963,71270000,300000
R26-01964,5460000,20000
R26-01965,32850000,60000
R26-01966,15040000,40000
R26-01967,6020000,20000
R26-01968,56390000,150000
R26-01969,2490000,0
R26-01970,34030000,150000
R26-01971,20630000,60000
R26-01972,82620000,300000
R26-01973,40940000,150000
R26-01974,31690000,60000
R26-01975,32190000,60000
R26-01976,84580000,300000
R26-01977,23820000,60000
R26-01978,94180000,300000
R26-01979,31360000,60000
R26-01980,33090000,60000
R26-01981,113180000,300000
R26-01982,66070000,150000
R26-01983,11860000,40000
R26-01984,72690000,300000
R26-01985,25280000,60000
R26-01986,23080000,60000
R26-01987,83060000,300000
R26-01988,22840000,60000
R26-01989,11160000,40000
R26-01990,65910000,150000
R26-01991,2790000,0
R26-01992,75520000,300000
R26-01993,24980000,60000
R26-01994,11910000,40000
R26-01995,6460000,20000
R26-01996,61650000,150000
R26-01997,3130000,0
R26-01998,1630000,0
R26-01999,84510000,300000
R26-02000,64680000,150000
R26-02001,93940000,300000
R26-02002,25280000,60000
R26-02003,22780000,60000
R26-02004,15620000,40000
R26-02005,24770000,60000
R26-02006,142730000,600000
R26-02007,75430000,300000
R26-02008,22900000,60000
R26-02009,55360000,150000
R26-02010,1650000,0
R26-02011,2210000,0
R26-02012,81900000,300000
R26-02013,57730000,150000
R26-02014,82880000,300000
R26-02015,115370000,300000
R26-02016,13320000,40000
R26-02017,31730000,60000
R26-02018,34800000,150000
R26-02019,3440000,0
R26-02020,74010000,300000
R26-02021,26900000,60000
R26-02022,14550000,40000
R26-02023,54840000,150000
R26-02024,54330000,150000
R26-02025,31820000,60000
R26-02026,24430000,60000
R26-02027,3220000,0
R26-02028,55890000,150000
R26-02029,64960000,150000
R26-02030,52080000,150000
R26-02031,38210000,150000
R26-02032,64070000,150000
R26-02033,2170000,0
R26-02034,48750000,150000
R26-02035,38960000,150000
R26-02036,72510000,300000
R26-02037,5210000,20000
R26-02038,34560000,150000
R26-02039,74400000,300000
R26-02040,62510000,150000
R26-02041,60810000,150000
R26-02042,23120000,60000
R26-02043,21360000,60000
R26-02044,13110000,40000
R26-02045,65530000,150000
R26-02046,3250000,0
R26-02047,33380000,150000
R26-02048,13690000,40000
R26-02049,87540000,300000
R26-02050,5280000,20000
R26-02051,10730000,40000
R26-02052,46580000,150000
R26-02053,93180000,300000
R26-02054,53320000,150000
R26-02055,24840000,60000
R26-02056,2680000,0
R26-02057,25070000,60000
R26-02058,15000000,40000
R26-02059,23960000,60000
R26-02060,55290000,150000
R26-02061,22820000,60000
R26-02062,44240000,150000
R26-02063,32200000,60000
R26-02064,4030000,0
R26-02065,53090000,150000
R26-02066,17080000,40000
R26-02067,37510000,150000
R26-02068,31530000,60000
R26-02069,72750000,300000
R26-02070,98900000,300000
R26-02071,73380000,300000
R26-02072,26180000,60000
R26-02073,11390000,40000
R26-02074,8120000,20000
R26-02075,66890000,300000
R26-02076,46320000,150000
R26-02077,78080000,300000
R26-02078,29410000,60000
R26-02079,75640000,300000
R26-02080,95830000,300000
R26-02081,14230000,40000
R26-02082,12940000,40000
R26-02083,32630000,60000
R26-02084,22680000,60000
R26-02085,22870000,60000
R26-02086,73810000,300000
R26-02087,72750000,300000
R26-02088,63550000,150000
R26-02089,22850000,60000
R26-02090,64420000,150000
R26-02091,62960000,150000
R26-02092,92120000,300000
R26-02093,7920000,20000
R26-02094,44520000,150000
R26-02095,16310000,40000
R26-02096,103710000,300000
R26-02097,93820000,300000
R26-02098,22220000,60000
R26-02099,101460000,300000
R26-02100,54710000,150000
R26-02101,25180000,60000
R26-02102,16450000,40000
R26-02103,110940000,300000
R26-02104,32790000,60000
R26-02105,73100000,300000
R26-02106,2730000,0
R26-02107,13950000,40000
R26-02108,12100000,40000
R26-02109,21720000,60000
R26-02110,11780000,40000
R26-02111,72740000,300000
R26-02112,8180000,20000
R26-02113,27630000,60000
R26-02114,105200000,300000
R26-02115,45580000,150000
R26-02116,107510000,300000
R26-02117,51640000,150000
R26-02118,72660000,300000
R26-02119,61960000,150000
R26-02120,3650000,0
R26-02121,12560000,40000
R26-02122,1070000,0
R26-02123,22630000,60000
R26-02124,34050000,150000
R26-02125,25090000,60000
R26-02126,3970000,0
R26-02127,233220000,1000000
R26-02128,36280000,150000
R26-02129,24320000,60000
R26-02130,77710000,300000
R26-02131,1880000,0
R26-02132,42140000,150000
R26-02133,51350000,150000
R26-02134,23470000,60000
R26-02135,3990000,0
R26-02136,2110000,0
R26-02137,21770000,60000
R26-02138,96050000,300000
R26-02139,23120000,60000
R26-02140,12800000,40000
R26-02141,35730000,150000
R26-02142,21510000,60000
R26-02143,13870000,40000
R26-02144,16400000,40000
R26-02145,44090000,150000
R26-02146,72570000,300000
R26-02147,14540000,40000
R26-02148,25020000,60000
R26-02149,2240000,0
R26-02150,75270000,300000
R26-02151,4810000,0
R26-02152,11910000,40000
R26-02153,31520000,60000
R26-02154,6830000,20000
R26-02155,64610000,150000
R26-02156,41840000,150000
R26-02157,61750000,150000
R26-02158,51540000,150000
R26-02159,7850000,20000
R26-02160,51880000,150000
R26-02161,3670000,0
R26-02162,10890000,40000
R26-02163,13700000,40000
R26-02164,97250000,300000
R26-02165,6440000,20000
R26-02166,6130000,20000
R26-02167,21430000,60000
R26-02168,43200000,150000
R26-02169,104930000,300000
R26-02170,31820000,60000
R26-02171,5900000,20000
R26-02172,5710000,20000
R26-02173,34810000,150000
R26-02174,46400000,150000
R26-02175,92480000,300000
R26-02176,3430000,0
R26-02177,35140000,150000
R26-02178,5360000,20000
R26-02179,58620000,150000
R26-02180,61840000,150000
R26-02181,510000,0
R26-02182,74920000,300000
R26-02183,55000000,150000
R26-02184,73190000,300000
R26-02185,106460000,300000
R26-02186,47650000,150000
R26-02187,24600000,60000
R26-02188,21910000,60000
R26-02189,224010000,1000000
R26-02190,48450000,150000
R26-02191,23860000,60000
R26-02192,44850000,150000
R26-02193,127350000,300000
R26-02194,65660000,150000
R26-02195,20160000,60000
R26-02196,14580000,40000
R26-02197,2770000,0
R26-02198,173020000,600000
R26-02199,87850000,300000
R26-02200,42750000,150000
R26-02201,133780000,600000
R26-02202,21120000,60000
R26-02203,32810000,60000
R26-02204,50260000,150000
R26-02205,36450000,150000
R26-02206,64290000,150000
R26-02207,2250000,0
R26-02208,1650000,0
R26-02209,114820000,300000
R26-02210,84810000,300000
R26-02211,43040000,150000
R26-02212,74660000,300000
R26-02213,23370000,60000
R26-02214,26700000,60000
R26-02215,18770000,40000
R26-02216,4240000,0
R26-02217,12470000,40000
R26-02218,2930000,0
R26-02219,56050000,150000
R26-02220,3200000,0
R26-02221,2420000,0
R26-02222,62000000,150000
R26-02223,114640000,300000
R26-02224,51410000,150000
R26-02225,102350000,300000
R26-02226,770000,0
R26-02227,218110000,1000000
R26-02228,3330000,0
R26-02229,71290000,300000
R26-02230,135580000,600000
R26-02231,62750000,150000
R26-02232,3070000,0
R26-02233,74200000,300000
R26-02234,93170000,300000
R26-02235,14830000,40000
R26-02236,43600000,150000
R26-02237,6730000,20000
R26-02238,42500000,150000
R26-02239,46550000,150000
R26-02240,14940000,40000
R26-02241,22520000,60000
R26-02242,35200000,150000
R26-02243,64610000,150000
R26-02244,90160000,300000
R26-02245,4490000,0
R26-02246,43420000,150000
R26-02247,65340000,150000
R26-02248,116110000,300000
R26-02249,76980000,300000
R26-02250,53150000,150000
R26-02251,121140000,300000
R26-02252,56600000,150000
R26-02253,84840000,300000
R26-02254,44470000,150000
R26-02255,51940000,150000
R26-02256,52780000,150000
R26-02257,82510000,300000
R26-02258,12630000,40000
R26-02259,29380000,60000
R26-02260,61500000,150000
R26-02261,86260000,300000
R26-02262,52000000,150000
R26-02263,41550000,150000
R26-02264,34380000,150000
R26-02265,98230000,300000
R26-02266,48480000,150000
R26-02267,1130000,0
R26-02268,91350000,300000
R26-02269,13310000,40000
R26-02270,65490000,150000
R26-02271,43020000,150000
R26-02272,31450000,60000
R26-02273,30750000,60000
R26-02274,133440000,600000
R26-02275,105720000,300000
R26-02276,113420000,300000
R26-02277,62920000,150000
R26-02278,94390000,300000
R26-02279,71140000,300000
R26-02280,22480000,60000
R26-02281,62890000,150000
R26-02282,47760000,150000
R26-02283,56210000,150000
R26-02284,96090000,300000
R26-02285,50890000,150000
R26-02286,72620000,300000
R26-02287,23020000,60000
R26-02288,85950000,300000
R26-02289,11300000,40000
R26-02290,42640000,150000
R26-02291,12450000,40000
R26-02292,630000,0
R26-02293,64710000,150000
R26-02294,13330000,40000
R26-02295,15930000,40000
R26-02296,61870000,150000
R26-02297,11650000,40000
R26-02298,60940000,150000
R26-02299,75160000,300000
R26-02300,61480000,150000
R26-02301,25840000,60000
R26-02302,21210000,60000
R26-02303,12090000,40000
R26-02304,21220000,60000
R26-02305,32690000,60000
R26-02306,72660000,300000
R26-02307,36140000,150000
R26-02308,73100000,300000
R26-02309,64650000,150000
R26-02310,3500000,0
R26-02311,43490000,150000
R26-02312,53340000,150000
R26-02313,43070000,150000
R26-02314,10970000,40000
R26-02315,85480000,300000
R26-02316,43750000,150000
R26-02317,26310000,60000
R26-02318,13280000,40000
R26-02319,2860000,0
R26-02320,4100000,0
R26-02321,5530000,20000
R26-02322,63520000,150000
R26-02323,14050000,40000
R26-02324,7610000,20000
R26-02325,5770000,20000
R26-02326,22490000,60000
R26-02327,26970000,60000
R26-02328,23490000,60000
R26-02329,81510000,300000
R26-02330,3800000,0
R26-02331,4690000,0
R26-02332,66340000,150000
R26-02333,55520000,150000
R26-02334,55950000,150000
R26-02335,62710000,150000
R26-02336,3270000,0
R26-02337,3820000,0
R26-02338,4740000,0
R26-02339,25710000,60000
R26-02340,94070000,300000
R26-02341,6490000,20000
R26-02342,12940000,40000
R26-02343,61590000,150000
R26-02344,17760000,40000
R26-02345,4460000,0
R26-02346,34620000,150000
R26-02347,91980000,300000
R26-02348,64170000,150000
R26-02349,83720000,300000
R26-02350,37350000,150000
R26-02351,63450000,150000
R26-02352,53470000,150000
R26-02353,3500000,0
R26-02354,52370000,150000
R26-02355,90680000,300000
R26-02356,6830000,20000
R26-02357,34200000,150000
R26-02358,62800000,150000
R26-02359,76150000,300000
R26-02360,33060000,60000
R26-02361,41570000,150000
R26-02362,34460000,150000
R26-02363,6120000,20000
R26-02364,21020000,60000
R26-02365,96920000,300000
R26-02366,2580000,0
R26-02367,25610000,60000
R26-02368,4650000,0
R26-02369,12400000,40000
R26-02370,32040000,60000
R26-02371,28580000,60000
R26-02372,25170000,60000
R26-02373,21390000,60000
R26-02374,82730000,300000
R26-02375,48920000,150000
R26-02376,57040000,150000
R26-02377,24210000,60000
R26-02378,2900000,0
R26-02379,60950000,150000
R26-02380,4030000,0
R26-02381,49090000,150000
R26-02382,22260000,60000
R26-02383,31580000,60000
R26-02384,35770000,150000
R26-02385,11790000,40000
R26-02386,66130000,150000
R26-02387,4840000,0
R26-02388,96330000,300000
R26-02389,16440000,40000
R26-02390,16680000,40000
R26-02391,12600000,40000
R26-02392,66280000,150000
R26-02393,42680000,150000
R26-02394,23570000,60000
R26-02395,32730000,60000
R26-02396,2230000,0
R26-02397,53620000,150000
R26-02398,52720000,150000
R26-02399,3880000,0
R26-02400,3790000,0
R26-02401,1940000,0
R26-02402,34010000,150000
R26-02403,49020000,150000
R26-02404,80220000,300000
R26-02405,11890000,40000
R26-02406,35630000,150000
R26-02407,137010000,600000
R26-02408,5800000,20000
R26-02409,1400000,0
R26-02410,11920000,40000
R26-02411,76730000,300000
R26-02412,4980000,0
R26-02413,44520000,150000
R26-02414,16100000,40000
R26-02415,7490000,20000
R26-02416,2460000,0
R26-02417,122710000,300000
R26-02418,55690000,150000
R26-02419,114420000,300000
R26-02420,55970000,150000
R26-02421,1850000,0
R26-02422,61190000,150000
R26-02423,35150000,150000
R26-02424,32740000,60000
R26-02425,2470000,0
R26-02426,4650000,0
R26-02427,27210000,60000
R26-02428,18140000,40000
R26-02429,76390000,300000
R26-02430,31950000,60000
R26-02431,23230000,60000
R26-02432,11530000,40000
R26-02433,42470000,150000
R26-02434,22070000,60000
R26-02435,14900000,40000
R26-02436,154820000,600000
R26-02437,23720000,60000
R26-02438,117040000,300000
R26-02439,21360000,60000
R26-02440,2010000,0
R26-02441,22270000,60000
R26-02442,90420000,300000
R26-02443,13010000,40000
R26-02444,42260000,150000
R26-02445,63310000,150000
R26-02446,32970000,60000
R26-02447,106740000,300000
R26-02448,171700000,600000
R26-02449,2170000,0
R26-02450,132510000,300000
R26-02451,34660000,150000
R26-02452,22330000,60000
R26-02453,26490000,60000
R26-02454,12080000,40000
R26-02455,141810000,600000
R26-02456,6960000,20000
R26-02457,3590000,0
R26-02458,2780000,0
R26-02459,41620000,150000
R26-02460,4660000,0
R26-02461,85020000,300000
R26-02462,2880000,0
R26-02463,15210000,40000
R26-02464,82190000,300000
R26-02465,26660000,60000
R26-02466,96410000,300000
R26-02467,51940000,150000
R26-02468,12680000,40000
R26-02469,11630000,40000
R26-02470,77220000,300000
R26-02471,87700000,300000
R26-02472,74230000,300000
R26-02473,5080000,20000
R26-02474,83550000,300000
R26-02475,19530000,40000
R26-02476,35880000,150000
R26-02477,92800000,300000
R26-02478,52450000,150000
R26-02479,50830000,150000
R26-02480,84730000,300000
R26-02481,122670000,300000
R26-02482,122530000,300000
R26-02483,32650000,60000
R26-02484,35840000,150000
R26-02485,31880000,60000
R26-02486,9730000,20000
R26-02487,80460000,300000
R26-02488,2490000,0
R26-02489,108660000,300000
R26-02490,43930000,150000
R26-02491,74740000,300000
R26-02492,91640000,300000
R26-02493,33600000,150000
R26-02494,12270000,40000
R26-02495,7480000,20000
R26-02496,36260000,150000
R26-02497,13100000,40000
R26-02498,23630000,60000
R26-02499,54370000,150000
R26-02500,32700000,60000
R26-02501,44430000,150000
R26-02502,3400000,0
R26-02503,87360000,300000
R26-02504,87410000,300000
R26-02505,71930000,300000
R26-02506,104400000,300000
R26-02507,9020000,20000
R26-02508,2640000,0
R26-02509,67320000,300000
R26-02510,51910000,150000
R26-02511,31560000,60000
R26-02512,3050000,0
R26-02513,5610000,20000
R26-02514,170580000,600000
R26-02515,9010000,20000
R26-02516,76520000,300000
R26-02517,7940000,20000
R26-02518,72940000,300000
R26-02519,77200000,300000
R26-02520,62470000,150000
R26-02521,27320000,60000
R26-02522,31230000,60000
R26-02523,46160000,150000
R26-02524,22120000,60000
R26-02525,93820000,300000
R26-02526,7090000,20000
R26-02527,1740000,0
R26-02528,41630000,150000
R26-02529,93560000,300000
R26-02530,34120000,150000
R26-02531,61850000,150000
R26-02532,37300000,150000
R26-02533,2760000,0
R26-02534,10690000,40000
R26-02535,64500000,150000
R26-02536,78590000,300000
R26-02537,13340000,40000
R26-02538,92060000,300000
R26-02539,6340000,20000
R26-02540,3500000,0
R26-02541,27390000,60000
R26-02542,25630000,60000
R26-02543,27540000,60000
R26-02544,36940000,150000
R26-02545,21910000,60000
R26-02546,43610000,150000
R26-02547,15470000,40000
R26-02548,63480000,150000
R26-02549,31370000,60000
R26-02550,45170000,150000
R26-02551,87370000,300000
R26-02552,112620000,300000
R26-02553,5230000,20000
R26-02554,5000000,20000
R26-02555,93890000,300000
R26-02556,16100000,40000
R26-02557,6690000,20000
R26-02558,5620000,20000
R26-02559,76450000,300000
R26-02560,3960000,0
R26-02561,5470000,20000
R26-02562,4180000,0
R26-02563,92950000,300000
R26-02564,9760000,20000
R26-02565,48140000,150000
R26-02566,42550000,150000
R26-02567,11610000,40000
R26-02568,14280000,40000
R26-02569,14710000,40000
R26-02570,13120000,40000
R26-02571,11490000,40000
R26-02572,11770000,40000
R26-02573,28050000,60000
R26-02574,62560000,150000
R26-02575,44190000,150000
R26-02576,7690000,20000
R26-02577,55810000,150000
R26-02578,70320000,300000
R26-02579,21460000,60000
R26-02580,1220000,0
R26-02581,51590000,150000
R26-02582,46100000,150000
R26-02583,1040000,0
R26-02584,50740000,150000
R26-02585,88340000,300000
R26-02586,42880000,150000
R26-02587,16100000,40000
R26-02588,62410000,150000
R26-02589,42760000,150000
R26-02590,73900000,300000
R26-02591,22590000,60000
R26-02592,42020000,150000
R26-02593,23970000,60000
R26-02594,64020000,150000
R26-02595,26800000,60000
R26-02596,73060000,300000
R26-02597,47260000,150000
R26-02598,38880000,150000
R26-02599,87050000,300000
R26-02600,81220000,300000
R26-02601,3400000,0
R26-02602,72490000,300000
R26-02603,43440000,150000
R26-02604,21840000,60000
R26-02605,33490000,150000
R26-02606,102990000,300000
R26-02607,28900000,60000
R26-02608,78730000,300000
R26-02609,5030000,20000
R26-02610,47960000,150000
R26-02611,42330000,150000
R26-02612,34330000,150000
R26-02613,2040000,0
R26-02614,10980000,40000
R26-02615,26800000,60000
R26-02616,64780000,150000
R26-02617,13640000,40000
R26-02618,3410000,0
R26-02619,2280000,0
R26-02620,92780000,300000
R26-02621,11940000,40000
R26-02622,74130000,300000
R26-02623,88410000,300000
R26-02624,17200000,40000
R26-02625,22720000,60000
R26-02626,35930000,150000
R26-02627,8150000,20000
R26-02628,92010000,300000
R26-02629,62850000,150000
R26-02630,74750000,300000
R26-02631,2780000,0
R26-02632,4770000,0
R26-02633,24020000,60000
R26-02634,52720000,150000
R26-02635,13040000,40000
R26-02636,101380000,300000
R26-02637,34900000,150000
R26-02638,47620000,150000
R26-02639,23050000,60000
R26-02640,37760000,150000
R26-02641,43000000,150000
R26-02642,152970000,600000
R26-02643,26110000,60000
R26-02644,112720000,300000
R26-02645,4440000,0
R26-02646,11160000,40000
R26-02647,95150000,300000
R26-02648,83270000,300000
R26-02649,6470000,20000
R26-02650,41780000,150000
R26-02651,18990000,40000
R26-02652,13850000,40000
R26-02653,16920000,40000
R26-02654,5660000,20000
R26-02655,5780000,20000
R26-02656,33220000,60000
R26-02657,20380000,60000
R26-02658,83380000,300000
R26-02659,36790000,150000
R26-02660,26800000,60000
R26-02661,114080000,300000
R26-02662,32490000,60000
R26-02663,26780000,60000
R26-02664,25480000,60000
R26-02665,2700000,0
R26-02666,5660000,20000
R26-02667,48910000,150000
R26-02668,93620000,300000
R26-02669,74230000,300000
R26-02670,18060000,40000
R26-02671,86560000,300000
R26-02672,62060000,150000
R26-02673,31610000,60000
R26-02674,1930000,0
R26-02675,63390000,150000
R26-02676,16720000,40000
R26-02677,58940000,150000
R26-02678,51020000,150000
R26-02679,47560000,150000
R26-02680,104810000,300000
R26-02681,13640000,40000
R26-02682,3850000,0
R26-02683,34080000,150000
R26-02684,8260000,20000
R26-02685,34470000,150000
R26-02686,22630000,60000
R26-02687,133740000,600000
R26-02688,70690000,300000
R26-02689,4770000,0
R26-02690,12040000,40000
R26-02691,88650000,300000
R26-02692,105380000,300000
R26-02693,64860000,150000
R26-02694,31050000,60000
R26-02695,55320000,150000
R26-02696,11020000,40000
R26-02697,44930000,150000
R26-02698,153840000,600000
R26-02699,6790000,20000
R26-02700,52270000,150000
R26-02701,62360000,150000
R26-02702,125230000,300000
R26-02703,53080000,150000
R26-02704,48060000,150000
R26-02705,30650000,60000
R26-02706,18450000,40000
R26-02707,54840000,150000
R26-02708,68410000,300000
R26-02709,24800000,60000
R26-02710,12790000,40000
R26-02711,3260000,0
R26-02712,85520000,300000
R26-02713,43570000,150000
R26-02714,81250000,300000
R26-02715,77270000,300000
R26-02716,23800000,60000
R26-02717,33260000,60000
R26-02718,21630000,60000
R26-02719,5300000,20000
R26-02720,13410000,40000
R26-02721,7060000,20000
R26-02722,92860000,300000
R26-02723,21680000,60000
R26-02724,4910000,0
R26-02725,22500000,60000
R26-02726,62830000,150000
R26-02727,26580000,60000
R26-02728,95450000,300000
R26-02729,33770000,150000
R26-02730,61470000,150000
R26-02731,56080000,150000
R26-02732,22530000,60000
R26-02733,23460000,60000
R26-02734,3040000,0
R26-02735,1220000,0
R26-02736,50980000,150000
R26-02737,58030000,150000
R26-02738,42020000,150000
R26-02739,45250000,150000
R26-02740,2820000,0
R26-02741,32460000,60000
R26-02742,12190000,40000
R26-02743,31390000,60000
R26-02744,61840000,150000
R26-02745,3390000,0
R26-02746,17000000,40000
R26-02747,67270000,300000
R26-02748,46900000,150000
R26-02749,46290000,150000
R26-02750,45430000,150000
R26-02751,35550000,150000
R26-02752,3940000,0
R26-02753,4700000,0
R26-02754,41220000,150000
R26-02755,41930000,150000
R26-02756,63030000,150000
R26-02757,102080000,300000
R26-02758,11060000,40000
R26-02759,39180000,150000
R26-02760,124500000,300000
R26-02761,7320000,20000
R26-02762,21930000,60000
R26-02763,13510000,40000
R26-02764,54510000,150000
R26-02765,8540000,20000
R26-02766,5630000,20000
R26-02767,81540000,300000
R26-02768,92180000,300000
R26-02769,36560000,150000
R26-02770,84290000,300000
R26-02771,13960000,40000
R26-02772,36270000,150000
R26-02773,24360000,60000
R26-02774,1890000,0
R26-02775,152830000,600000
R26-02776,54550000,150000
R26-02777,20500000,60000
R26-02778,47670000,150000
R26-02779,22440000,60000
R26-02780,3830000,0
R26-02781,22050000,60000
R26-02782,71920000,300000
R26-02783,24360000,60000
R26-02784,103690000,300000
R26-02785,94330000,300000
R26-02786,82810000,300000
R26-02787,31930000,60000
R26-02788,103060000,300000
R26-02789,41780000,150000
R26-02790,103010000,300000
R26-02791,3290000,0
R26-02792,128230000,300000
R26-02793,4580000,0
R26-02794,14180000,40000
R26-02795,1430000,0
R26-02796,96540000,300000
R26-02797,17520000,40000
R26-02798,5750000,20000
R26-02799,103250000,300000
R26-02800,2470000,0
R26-02801,70880000,300000
R26-02802,96970000,300000
R26-02803,56950000,150000
R26-02804,97470000,300000
R26-02805,55150000,150000
R26-02806,32290000,60000
R26-02807,55250000,150000
R26-02808,54120000,150000
R26-02809,23210000,60000
R26-02810,6710000,20000
R26-02811,25930000,60000
R26-02812,27210000,60000
R26-02813,61440000,150000
R26-02814,105830000,300000
R26-02815,12530000,40000
R26-02816,8110000,20000
R26-02817,1690000,0
R26-02818,1780000,0
R26-02819,12050000,40000
R26-02820,16810000,40000
R26-02821,13660000,40000
R26-02822,61590000,150000
R26-02823,35490000,150000
R26-02824,3910000,0
R26-02825,30950000,60000
R26-02826,32270000,60000
R26-02827,21700000,60000
R26-02828,54030000,150000
R26-02829,2300000,0
R26-02830,85390000,300000
R26-02831,12520000,40000
R26-02832,16660000,40000
R26-02833,15560000,40000
R26-02834,5250000,20000
R26-02835,61930000,150000
R26-02836,60180000,150000
R26-02837,17620000,40000
R26-02838,53870000,150000
R26-02839,14950000,40000
R26-02840,4870000,0
R26-02841,22730000,60000
R26-02842,34680000,150000
R26-02843,98560000,300000
R26-02844,31330000,60000
R26-02845,34270000,150000
R26-02846,55410000,150000
R26-02847,20420000,60000
R26-02848,23840000,60000
R26-02849,15780000,40000
R26-02850,104080000,300000
R26-02851,13340000,40000
R26-02852,7920000,20000
R26-02853,12610000,40000
R26-02854,25130000,60000
R26-02855,24960000,60000
R26-02856,73280000,300000
R26-02857,47920000,150000
R26-02858,76980000,300000
R26-02859,2080000,0
R26-02860,29460000,60000
R26-02861,8440000,20000
R26-02862,81110000,300000
R26-02863,117590000,300000
R26-02864,18480000,40000
R26-02865,61640000,150000
R26-02866,54870000,150000
R26-02867,72400000,300000
R26-02868,22000000,60000
R26-02869,43040000,150000
R26-02870,33240000,60000
R26-02871,23150000,60000
R26-02872,43860000,150000
R26-02873,71950000,300000
R26-02874,24320000,60000
R26-02875,2250000,0
R26-02876,65460000,150000
R26-02877,76020000,300000
R26-02878,14780000,40000
R26-02879,31350000,60000
R26-02880,2320000,0
R26-02881,15590000,40000
R26-02882,1990000,0
R26-02883,71850000,300000
R26-02884,17330000,40000
R26-02885,32440000,60000
R26-02886,2390000,0
R26-02887,82720000,300000
R26-02888,82420000,300000
R26-02889,93420000,300000
R26-02890,33740000,150000
R26-02891,24750000,60000
R26-02892,113610000,300000
R26-02893,5330000,20000
R26-02894,860000,0
R26-02895,70700000,300000
R26-02896,45060000,150000
R26-02897,10760000,40000
R26-02898,65610000,150000
R26-02899,27720000,60000
R26-02900,104160000,300000
R26-02901,43140000,150000
R26-02902,52580000,150000
R26-02903,17900000,40000
R26-02904,47530000,150000
R26-02905,15130000,40000
R26-02906,44730000,150000
R26-02907,1980000,0
R26-02908,45960000,150000
R26-02909,5850000,20000
R26-02910,91880000,300000
R26-02911,32060000,60000
R26-02912,22630000,60000
R26-02913,61460000,150000
R26-02914,1180000,0
R26-02915,21400000,60000
R26-02916,16780000,40000
R26-02917,14880000,40000
R26-02918,26230000,60000
R26-02919,6150000,20000
R26-02920,47060000,150000
R26-02921,47980000,150000
R26-02922,3430000,0
R26-02923,72260000,300000
R26-02924,3910000,0
R26-02925,34220000,150000
R26-02926,32450000,60000
R26-02927,75040000,300000
R26-02928,102140000,300000
R26-02929,2600000,0
R26-02930,24220000,60000
R26-02931,14210000,40000
R26-02932,13970000,40000
R26-02933,74780000,300000
R26-02934,86380000,300000
R26-02935,61580000,150000
R26-02936,860000,0
R26-02937,45750000,150000
R26-02938,2680000,0
R26-02939,31130000,60000
R26-02940,24280000,60000
R26-02941,2960000,0
R26-02942,94730000,300000
R26-02943,22820000,60000
R26-02944,22100000,60000
R26-02945,16220000,40000
R26-02946,86950000,300000
R26-02947,2080000,0
R26-02948,4790000,0
R26-02949,31290000,60000
R26-02950,43420000,150000
R26-02951,61370000,150000
R26-02952,62110000,150000
R26-02953,3770000,0
R26-02954,11790000,40000
R26-02955,32610000,60000
R26-02956,1830000,0
R26-02957,22900000,60000
R26-02958,14900000,40000
R26-02959,32920000,60000
R26-02960,4380000,0
R26-02961,51280000,150000
R26-02962,53430000,150000
R26-02963,92480000,300000
R26-02964,25820000,60000
R26-02965,42560000,150000
R26-02966,24860000,60000
R26-02967,57590000,150000
R26-02968,28020000,60000
R26-02969,112110000,300000
R26-02970,97310000,300000
R26-02971,3830000,0
R26-02972,83800000,300000
R26-02973,96470000,300000
R26-02974,88520000,300000
R26-02975,16620000,40000
R26-02976,41460000,150000
R26-02977,7670000,20000
R26-02978,112870000,300000
R26-02979,116020000,300000
R26-02980,75450000,300000
R26-02981,107080000,300000
R26-02982,66360000,150000
R26-02983,28150000,60000
R26-02984,3530000,0
R26-02985,10430000,40000
R26-02986,13030000,40000
R26-02987,107560000,300000
R26-02988,3880000,0
R26-02989,123460000,300000
R26-02990,4220000,0
R26-02991,42680000,150000
R26-02992,3050000,0
R26-02993,21840000,60000
R26-02994,17370000,40000
R26-02995,60900000,150000
R26-02996,33830000,150000
R26-02997,35510000,150000
R26-02998,28280000,60000
R26-02999,93980000,300000
R26-03000,57810000,150000
R26-03001,41330000,150000
R26-03002,92910000,300000
R26-03003,1570000,0
R26-03004,60660000,150000
R26-03005,14920000,40000
R26-03006,52030000,150000
R26-03007,117720000,300000
R26-03008,54020000,150000
R26-03009,34930000,150000
R26-03010,45500000,150000
R26-03011,42800000,150000
R26-03012,25270000,60000
R26-03013,37250000,150000
R26-03014,34050000,150000
R26-03015,31340000,60000
R26-03016,14380000,40000
R26-03017,54310000,150000
R26-03018,72070000,300000
R26-03019,40960000,150000
R26-03020,5080000,20000
R26-03021,46930000,150000
R26-03022,103560000,300000
R26-03023,66300000,150000
R26-03024,25000000,60000
R26-03025,91020000,300000
R26-03026,68740000,300000
R26-03027,45380000,150000
R26-03028,91920000,300000
R26-03029,74230000,300000
R26-03030,21650000,60000
R26-03031,2120000,0
R26-03032,33610000,150000
R26-03033,138490000,600000
R26-03034,41950000,150000
R26-03035,6450000,20000
R26-03036,41820000,150000
R26-03037,92420000,300000
R26-03038,83880000,300000
R26-03039,11890000,40000
R26-03040,30950000,60000
R26-03041,86960000,300000
R26-03042,64740000,150000
R26-03043,43890000,150000
R26-03044,62590000,150000
R26-03045,2360000,0
R26-03046,68730000,300000
R26-03047,136050000,600000
R26-03048,107130000,300000
R26-03049,6410000,20000
R26-03050,32430000,60000
R26-03051,21320000,60000
R26-03052,13070000,40000
R26-03053,94440000,300000
R26-03054,6930000,20000
R26-03055,72670000,300000
R26-03056,34530000,150000
R26-03057,2080000,0
R26-03058,940000,0
R26-03059,84020000,300000
R26-03060,41840000,150000
R26-03061,1670000,0
R26-03062,44580000,150000
R26-03063,77270000,300000
R26-03064,44600000,150000
R26-03065,5650000,20000
R26-03066,82720000,300000
R26-03067,52370000,150000
R26-03068,54380000,150000
R26-03069,81090000,300000
R26-03070,33020000,60000
R26-03071,15570000,40000
R26-03072,8120000,20000
R26-03073,89840000,300000
R26-03074,22620000,60000
R26-03075,62060000,150000
R26-03076,15700000,40000
R26-03077,30580000,60000
R26-03078,52180000,150000
R26-03079,22070000,60000
R26-03080,12180000,40000
R26-03081,65300000,150000
R26-03082,94090000,300000
R26-03083,37120000,150000
R26-03084,23480000,60000
R26-03085,2340000,0
R26-03086,11100000,40000
R26-03087,63080000,150000
R26-03088,2900000,0
R26-03089,63880000,150000
R26-03090,13970000,40000
R26-03091,51380000,150000
R26-03092,64500000,150000
R26-03093,13470000,40000
R26-03094,27380000,60000
R26-03095,2410000,0
R26-03096,21430000,60000
R26-03097,53270000,150000
R26-03098,157540000,600000
R26-03099,17320000,40000
R26-03100,64560000,150000
R26-03101,101210000,300000
R26-03102,56750000,150000
R26-03103,36300000,150000
R26-03104,21100000,60000
R26-03105,44770000,150000
R26-03106,5220000,20000
R26-03107,2050000,0
R26-03108,56940000,150000
R26-03109,53450000,150000
R26-03110,1390000,0
R26-03111,2670000,0
R26-03112,135940000,600000
R26-03113,42500000,150000
R26-03114,24620000,60000
R26-03115,83860000,300000
R26-03116,37100000,150000
R26-03117,58670000,150000
R26-03118,12090000,40000
R26-03119,38280000,150000
R26-03120,98580000,300000
R26-03121,84590000,300000
R26-03122,101150000,300000
R26-03123,15460000,40000
R26-03124,2770000,0
R26-03125,3280000,0
R26-03126,37200000,150000
R26-03127,10840000,40000
R26-03128,95130000,300000
R26-03129,13940000,40000
R26-03130,64490000,150000
R26-03131,108330000,300000
R26-03132,1920000,0
R26-03133,34810000,150000
R26-03134,13600000,40000
R26-03135,1840000,0
R26-03136,22510000,60000
R26-03137,51090000,150000
R26-03138,69510000,300000
R26-03139,24050000,60000
R26-03140,14930000,40000
R26-03141,51960000,150000
R26-03142,27300000,60000
R26-03143,12160000,40000
R26-03144,5050000,20000
R26-03145,5380000,20000
R26-03146,36320000,150000
R26-03147,4100000,0
R26-03148,45800000,150000
R26-03149,22460000,60000
R26-03150,2390000,0
R26-03151,31770000,60000
R26-03152,5310000,20000
R26-03153,24620000,60000
R26-03154,14320000,40000
R26-03155,113760000,300000
R26-03156,15940000,40000
R26-03157,55160000,150000
R26-03158,3410000,0
R26-03159,15990000,40000
R26-03160,4460000,0
R26-03161,41680000,150000
R26-03162,7090000,20000
R26-03163,2000000,0
R26-03164,94730000,300000
R26-03165,35670000,150000
R26-03166,27690000,60000
R26-03167,20300000,60000
R26-03168,62660000,150000
R26-03169,18290000,40000
R26-03170,12590000,40000
R26-03171,94390000,300000
R26-03172,41780000,150000
R26-03173,120740000,300000
R26-03174,5040000,20000
R26-03175,4000000,0
R26-03176,51420000,150000
R26-03177,44460000,150000
R26-03178,27100000,60000
R26-03179,57460000,150000
R26-03180,30430000,60000
R26-03181,10970000,40000
R26-03182,7320000,20000
R26-03183,24670000,60000
R26-03184,54180000,150000
R26-03185,22360000,60000
R26-03186,25410000,60000
R26-03187,40170000,150000
R26-03188,31920000,60000
R26-03189,12800000,40000
R26-03190,113230000,300000
R26-03191,83150000,300000
R26-03192,102940000,300000
R26-03193,70840000,300000
R26-03194,13890000,40000
R26-03195,13880000,40000
R26-03196,65650000,150000
R26-03197,64140000,150000
R26-03198,94300000,300000
R26-03199,4570000,0
R26-03200,34700000,150000
R26-03201,24270000,60000
R26-03202,12360000,40000
R26-03203,36630000,150000
R26-03204,33760000,150000
R26-03205,53890000,150000
R26-03206,117440000,300000
R26-03207,13340000,40000
R26-03208,85510000,300000
R26-03209,43250000,150000
R26-03210,53370000,150000
R26-03211,96580000,300000
R26-03212,100650000,300000
R26-03213,76240000,300000
R26-03214,33270000,60000
R26-03215,62580000,150000
R26-03216,42270000,150000
R26-03217,7870000,20000
R26-03218,5750000,20000
R26-03219,5360000,20000
R26-03220,82610000,300000
R26-03221,14890000,40000
R26-03222,45930000,150000
R26-03223,75310000,300000
R26-03224,45020000,150000
R26-03225,960000,0
R26-03226,75330000,300000
R26-03227,13100000,40000
R26-03228,13820000,40000
R26-03229,22300000,60000
R26-03230,51390000,150000
R26-03231,32290000,60000
R26-03232,36000000,150000
R26-03233,25970000,60000
R26-03234,27310000,60000
R26-03235,22230000,60000
R26-03236,16450000,40000
R26-03237,22230000,60000
R26-03238,53770000,150000
R26-03239,11940000,40000
R26-03240,46560000,150000
R26-03241,2750000,0
R26-03242,33550000,150000
R26-03243,72820000,300000
R26-03244,20940000,60000
R26-03245,56450000,150000
R26-03246,43810000,150000
R26-03247,1950000,0
R26-03248,8850000,20000
R26-03249,45980000,150000
R26-03250,27080000,60000
R26-03251,23360000,60000
R26-03252,1290000,0
R26-03253,62610000,150000
R26-03254,12120000,40000
R26-03255,3100000,0
R26-03256,21280000,60000
R26-03257,46160000,150000
R26-03258,53860000,150000
R26-03259,3490000,0
R26-03260,8040000,20000
R26-03261,12160000,40000
R26-03262,14490000,40000
R26-03263,3470000,0
R26-03264,43360000,150000
R26-03265,7260000,20000
R26-03266,52630000,150000
R26-03267,42270000,150000
R26-03268,57530000,150000
R26-03269,12190000,40000
R26-03270,27450000,60000
R26-03271,13010000,40000
R26-03272,10640000,40000
R26-03273,35180000,150000
R26-03274,23000000,60000
R26-03275,18050000,40000
R26-03276,21770000,60000
R26-03277,12870000,40000
R26-03278,33550000,150000
R26-03279,45860000,150000
R26-03280,22350000,60000
R26-03281,33360000,150000
R26-03282,87120000,300000
R26-03283,24200000,60000
R26-03284,22060000,60000
R26-03285,53880000,150000
R26-03286,2710000,0
R26-03287,15840000,40000
R26-03288,76840000,300000
R26-03289,31910000,60000
R26-03290,52830000,150000
R26-03291,83890000,300000
R26-03292,85110000,300000
R26-03293,72860000,300000
R26-03294,32510000,60000
R26-03295,71370000,300000
R26-03296,12370000,40000
R26-03297,2030000,0
R26-03298,12110000,40000
R26-03299,12060000,40000
R26-03300,25100000,60000
R26-03301,3280000,0
R26-03302,21250000,60000
R26-03303,95290000,300000
R26-03304,5740000,20000
R26-03305,2010000,0
R26-03306,36610000,150000
R26-03307,51200000,150000
R26-03308,35660000,150000
R26-03309,4510000,0
R26-03310,13210000,40000
R26-03311,2740000,0
R26-03312,14730000,40000
R26-03313,45370000,150000
R26-03314,30970000,60000
R26-03315,44790000,150000
R26-03316,53420000,150000
R26-03317,41770000,150000
R26-03318,16030000,40000
R26-03319,11500000,40000
R26-03320,33440000,150000
R26-03321,17180000,40000
R26-03322,74850000,300000
R26-03323,23310000,60000
R26-03324,73680000,300000
R26-03325,22520000,60000
R26-03326,102350000,300000
R26-03327,56180000,150000
R26-03328,20500000,60000
R26-03329,65030000,150000
R26-03330,68920000,300000
R26-03331,32450000,60000
R26-03332,52840000,150000
R26-03333,2550000,0
R26-03334,106660000,300000
R26-03335,13820000,40000
R26-03336,3570000,0
R26-03337,27380000,60000
R26-03338,7860000,20000
R26-03339,42990000,150000
R26-03340,22280000,60000
R26-03341,47800000,150000
R26-03342,14140000,40000
R26-03343,10850000,40000
R26-03344,4030000,0
R26-03345,12130000,40000
R26-03346,38000000,150000
R26-03347,45290000,150000
R26-03348,51640000,150000
R26-03349,74410000,300000
R26-03350,31590000,60000
R26-03351,17100000,40000
R26-03352,1380000,0
R26-03353,11080000,40000
R26-03354,11040000,40000
R26-03355,74810000,300000
R26-03356,14560000,40000
R26-03357,23080000,60000
R26-03358,51810000,150000
R26-03359,11940000,40000
R26-03360,2820000,0
R26-03361,43850000,150000
R26-03362,48670000,150000
R26-03363,93000000,300000
R26-03364,22010000,60000
R26-03365,110400000,300000
R26-03366,16170000,40000
R26-03367,2570000,0
R26-03368,1770000,0
R26-03369,10530000,40000
R26-03370,3430000,0
R26-03371,94710000,300000
R26-03372,36190000,150000
R26-03373,22310000,60000
R26-03374,102880000,300000
R26-03375,4480000,0
R26-03376,61510000,150000
R26-03377,114910000,300000
R26-03378,31090000,60000
R26-03379,5160000,20000
R26-03380,34970000,150000
R26-03381,104940000,300000
R26-03382,83300000,300000
R26-03383,2610000,0
R26-03384,66470000,150000
R26-03385,22310000,60000
R26-03386,23160000,60000
R26-03387,14220000,40000
R26-03388,64160000,150000
R26-03389,24410000,60000
R26-03390,93740000,300000
R26-03391,20530000,60000
R26-03392,58090000,150000
R26-03393,3370000,0
R26-03394,27260000,60000
R26-03395,83960000,300000
R26-03396,1080000,0
R26-03397,11010000,40000
R26-03398,47010000,150000
R26-03399,52680000,150000
R26-03400,65660000,150000
R26-03401,72100000,300000
R26-03402,42990000,150000
R26-03403,6300000,20000
R26-03404,60390000,150000
R26-03405,40910000,150000
R26-03406,109000000,300000
R26-03407,810000,0
R26-03408,71790000,300000
R26-03409,16310000,40000
R26-03410,23660000,60000
R26-03411,13360000,40000
R26-03412,96210000,300000
R26-03413,63400000,150000
R26-03414,69260000,300000
R26-03415,21580000,60000
R26-03416,94980000,300000
R26-03417,35620000,150000
R26-03418,54820000,150000
R26-03419,13080000,40000
R26-03420,41030000,150000
R26-03421,46980000,150000
R26-03422,8600000,20000
R26-03423,26780000,60000
R26-03424,95230000,300000
R26-03425,4100000,0
R26-03426,12590000,40000
R26-03427,31370000,60000
R26-03428,92420000,300000
R26-03429,24560000,60000
R26-03430,14180000,40000
R26-03431,32800000,60000
R26-03432,61600000,150000
R26-03433,91650000,300000
R26-03434,2990000,0
R26-03435,51610000,150000
R26-03436,102720000,300000
R26-03437,26910000,60000
R26-03438,105640000,300000
R26-03439,540000,0
R26-03440,4460000,0
R26-03441,70700000,300000
R26-03442,22320000,60000
R26-03443,35570000,150000
R26-03444,35320000,150000
R26-03445,63350000,150000
R26-03446,66070000,150000
R26-03447,45330000,150000
R26-03448,43400000,150000
R26-03449,24400000,60000
R26-03450,55590000,150000
R26-03451,48850000,150000
R26-03452,12990000,40000
R26-03453,66070000,150000
R26-03454,31850000,60000
R26-03455,57980000,150000
R26-03456,126310000,300000
R26-03457,16120000,40000
R26-03458,51740000,150000
R26-03459,72190000,300000
R26-03460,30860000,60000
R26-03461,21270000,60000
R26-03462,55400000,150000
R26-03463,15460000,40000
R26-03464,54500000,150000
R26-03465,94740000,300000
R26-03466,900000,0
R26-03467,61730000,150000
R26-03468,2570000,0
R26-03469,41650000,150000
R26-03470,53680000,150000
R26-03471,42340000,150000
R26-03472,43410000,150000
R26-03473,4920000,0
R26-03474,30790000,60000
R26-03475,32010000,60000
R26-03476,44540000,150000
R26-03477,25650000,60000
R26-03478,5800000,20000
R26-03479,24110000,60000
R26-03480,54020000,150000
R26-03481,92630000,300000
R26-03482,41930000,150000
R26-03483,54010000,150000
R26-03484,21260000,60000
R26-03485,93990000,300000
R26-03486,73890000,300000
R26-03487,51110000,150000
R26-03488,22430000,60000
R26-03489,1720000,0
R26-03490,73590000,300000
R26-03491,152470000,600000
R26-03492,11700000,40000
R26-03493,22860000,60000
R26-03494,21690000,60000
R26-03495,91520000,300000
R26-03496,62620000,150000
R26-03497,91680000,300000
R26-03498,31530000,60000
R26-03499,29530000,60000
R26-03500,83020000,300000
R26-03501,55030000,150000
R26-03502,4660000,0
R26-03503,63250000,150000
R26-03504,131940000,300000
R26-03505,22390000,60000
R26-03506,44500000,150000
R26-03507,3740000,0
R26-03508,78490000,300000
R26-03509,17780000,40000
R26-03510,107220000,300000
R26-03511,12580000,40000
R26-03512,32640000,60000
R26-03513,52270000,150000
R26-03514,22530000,60000
R26-03515,8770000,20000
R26-03516,81260000,300000
R26-03517,24590000,60000
R26-03518,15440000,40000
R26-03519,32370000,60000
R26-03520,21800000,60000
R26-03521,25510000,60000
R26-03522,15750000,40000
R26-03523,6500000,20000
R26-03524,45370000,150000
R26-03525,45750000,150000
R26-03526,31440000,60000
R26-03527,22580000,60000
R26-03528,74810000,300000
R26-03529,13110000,40000
R26-03530,41380000,150000
R26-03531,32670000,60000
R26-03532,94460000,300000
R26-03533,65700000,150000
R26-03534,42270000,150000
R26-03535,46520000,150000
R26-03536,74410000,300000
R26-03537,64510000,150000
R26-03538,51470000,150000
R26-03539,42090000,150000
R26-03540,2460000,0
R26-03541,84880000,300000
R26-03542,20310000,60000
R26-03543,21670000,60000
R26-03544,71100000,300000
R26-03545,21480000,60000
R26-03546,14810000,40000
R26-03547,150000,0
R26-03548,75030000,300000
R26-03549,26700000,60000
R26-03550,52620000,150000
R26-03551,12310000,40000
R26-03552,30540000,60000
R26-03553,31470000,60000
R26-03554,101830000,300000
R26-03555,27260000,60000
R26-03556,22360000,60000
R26-03557,21540000,60000
R26-03558,71340000,300000
R26-03559,34840000,150000
R26-03560,46700000,150000
R26-03561,69600000,300000
R26-03562,22200000,60000
R26-03563,88430000,300000
R26-03564,83840000,300000
R26-03565,32020000,60000
R26-03566,25390000,60000
R26-03567,34280000,150000
R26-03568,62540000,150000
R26-03569,133420000,600000
R26-03570,62260000,150000
R26-03571,54940000,150000
R26-03572,95730000,300000
R26-03573,152620000,600000
R26-03574,5260000,20000
R26-03575,24990000,60000
R26-03576,34030000,150000
R26-03577,63540000,150000
R26-03578,61480000,150000
R26-03579,112560000,300000
R26-03580,103330000,300000
R26-03581,143480000,600000
R26-03582,45180000,150000
R26-03583,55950000,150000
R26-03584,62770000,150000
R26-03585,6320000,20000
R26-03586,31170000,60000
R26-03587,117610000,300000
R26-03588,102590000,300000
R26-03589,23310000,60000
R26-03590,52720000,150000
R26-03591,33190000,60000
R26-03592,122040000,300000
R26-03593,34410000,150000
R26-03594,42270000,150000
R26-03595,57570000,150000
R26-03596,52640000,150000
R26-03597,33690000,150000
R26-03598,93860000,300000
R26-03599,32270000,60000
R26-03600,64570000,150000
R26-03601,81560000,300000
R26-03602,22340000,60000
R26-03603,32670000,60000
R26-03604,35720000,150000
R26-03605,67530000,300000
R26-03606,99040000,300000
R26-03607,57690000,150000
R26-03608,41480000,150000
R26-03609,24950000,60000
R26-03610,3340000,0
R26-03611,115590000,300000
R26-03612,51040000,150000
R26-03613,11820000,40000
R26-03614,17040000,40000
R26-03615,25150000,60000
R26-03616,62050000,150000
R26-03617,31720000,60000
R26-03618,95780000,300000
R26-03619,22680000,60000
R26-03620,34630000,150000
R26-03621,7320000,20000
R26-03622,82360000,300000
R26-03623,12370000,40000
R26-03624,44650000,150000
R26-03625,8880000,20000
R26-03626,55820000,150000
R26-03627,5620000,20000
R26-03628,15640000,40000
R26-03629,52430000,150000
R26-03630,43690000,150000
R26-03631,143630000,600000
R26-03632,22440000,60000
R26-03633,53180000,150000
R26-03634,17030000,40000
R26-03635,54970000,150000
R26-03636,44330000,150000
R26-03637,71480000,300000
R26-03638,19370000,40000
R26-03639,25810000,60000
R26-03640,45940000,150000
R26-03641,42470000,150000
R26-03642,51530000,150000
R26-03643,67780000,300000
R26-03644,3650000,0
R26-03645,22180000,60000
R26-03646,41220000,150000
R26-03647,23020000,60000
R26-03648,47160000,150000
R26-03649,12970000,40000
R26-03650,79360000,300000
R26-03651,39170000,150000
R26-03652,54100000,150000
R26-03653,147710000,600000
R26-03654,22230000,60000
R26-03655,63600000,150000
R26-03656,85350000,300000
R26-03657,45210000,150000
R26-03658,2760000,0
R26-03659,3990000,0
R26-03660,21450000,60000
R26-03661,42130000,150000
R26-03662,56600000,150000
R26-03663,22930000,60000
R26-03664,83970000,300000
R26-03665,61690000,150000
R26-03666,32390000,60000
R26-03667,43650000,150000
R26-03668,41300000,150000
R26-03669,15070000,40000
R26-03670,11780000,40000
R26-03671,86310000,300000
R26-03672,61530000,150000
R26-03673,15620000,40000
R26-03674,41300000,150000
R26-03675,5660000,20000
R26-03676,69130000,300000
R26-03677,73880000,300000
R26-03678,2590000,0
R26-03679,23160000,60000
R26-03680,16040000,40000
R26-03681,15610000,40000
R26-03682,92550000,300000
R26-03683,270000,0
R26-03684,145020000,600000
R26-03685,69020000,300000
R26-03686,112520000,300000
R26-03687,90750000,300000
R26-03688,22450000,60000
R26-03689,42440000,150000
R26-03690,1120000,0
R26-03691,1830000,0
R26-03692,56770000,150000
R26-03693,60960000,150000
R26-03694,24110000,60000
R26-03695,21060000,60000
R26-03696,31920000,60000
R26-03697,11690000,40000
R26-03698,137300000,600000
R26-03699,35160000,150000
R26-03700,92520000,300000
R26-03701,33640000,150000
R26-03702,4640000,0
R26-03703,7810000,20000
R26-03704,13860000,40000
R26-03705,26040000,60000
R26-03706,9500000,20000
R26-03707,5250000,20000
R26-03708,43650000,150000
R26-03709,2110000,0
R26-03710,1990000,0
R26-03711,41780000,150000
R26-03712,31930000,60000
R26-03713,4740000,0
R26-03714,12460000,40000
R26-03715,2200000,0
R26-03716,41850000,150000
R26-03717,78610000,300000
R26-03718,71510000,300000
R26-03719,53680000,150000
R26-03720,69280000,300000
R26-03721,71150000,300000
R26-03722,8080000,20000
R26-03723,34230000,150000
R26-03724,2220000,0
R26-03725,38240000,150000
R26-03726,12470000,40000
R26-03727,39300000,150000
R26-03728,13040000,40000
R26-03729,3380000,0
R26-03730,94440000,300000
R26-03731,2790000,0
R26-03732,3350000,0
R26-03733,7080000,20000
R26-03734,53810000,150000
R26-03735,62690000,150000
R26-03736,14010000,40000
R26-03737,67200000,300000
R26-03738,144590000,600000
R26-03739,36800000,150000
R26-03740,35810000,150000
R26-03741,38790000,150000
R26-03742,14140000,40000
R26-03743,126560000,300000
R26-03744,94410000,300000
R26-03745,116400000,300000
R26-03746,47380000,150000
R26-03747,25490000,60000
R26-03748,152030000,600000
R26-03749,93620000,300000
R26-03750,1530000,0
R26-03751,14660000,40000
R26-03752,45210000,150000
R26-03753,77370000,300000
R26-03754,43440000,150000
R26-03755,2910000,0
R26-03756,14020000,40000
R26-03757,12240000,40000
R26-03758,34830000,150000
R26-03759,2410000,0
R26-03760,16540000,40000
R26-03761,25060000,60000
R26-03762,93190000,300000
R26-03763,24930000,60000
R26-03764,17240000,40000
R26-03765,46710000,150000
R26-03766,26440000,60000
R26-03767,10740000,40000
R26-03768,44890000,150000
R26-03769,75610000,300000
R26-03770,65860000,150000
R26-03771,53930000,150000
R26-03772,23570000,60000
R26-03773,34810000,150000
R26-03774,54860000,150000
R26-03775,54260000,150000
R26-03776,62070000,150000
R26-03777,22380000,60000
R26-03778,32820000,60000
R26-03779,2620000,0
R26-03780,26080000,60000
R26-03781,34980000,150000
R26-03782,14240000,40000
R26-03783,81920000,300000
R26-03784,17480000,40000
R26-03785,13010000,40000
R26-03786,71380000,300000
R26-03787,61720000,150000
R26-03788,53180000,150000
R26-03789,7510000,20000
R26-03790,143220000,600000
R26-03791,34930000,150000
R26-03792,33930000,150000
R26-03793,136520000,600000
R26-03794,11810000,40000
R26-03795,64620000,150000
R26-03796,22710000,60000
R26-03797,14320000,40000
R26-03798,2730000,0
R26-03799,2030000,0
R26-03800,60890000,150000
R26-03801,3540000,0
R26-03802,1900000,0
R26-03803,14070000,40000
R26-03804,71680000,300000
R26-03805,5370000,20000
R26-03806,84040000,300000
R26-03807,25720000,60000
R26-03808,122640000,300000
R26-03809,11490000,40000
R26-03810,7640000,20000
R26-03811,83570000,300000
R26-03812,35920000,150000
R26-03813,9010000,20000
R26-03814,54570000,150000
R26-03815,13620000,40000
R26-03816,1120000,0
R26-03817,23840000,60000
R26-03818,25150000,60000
R26-03819,13720000,40000
R26-03820,57970000,150000
R26-03821,42490000,150000
R26-03822,5360000,20000
R26-03823,88400000,300000
R26-03824,2530000,0
R26-03825,121870000,300000
R26-03826,21040000,60000
R26-03827,7390000,20000
R26-03828,110860000,300000
R26-03829,44060000,150000
R26-03830,27370000,60000
R26-03831,24610000,60000
R26-03832,107000000,300000
R26-03833,63920000,150000
R26-03834,31550000,60000
R26-03835,8690000,20000
R26-03836,6090000,20000
R26-03837,1760000,0
R26-03838,27260000,60000
R26-03839,63140000,150000
R26-03840,35360000,150000
R26-03841,13380000,40000
R26-03842,11560000,40000
R26-03843,82610000,300000
R26-03844,53670000,150000
R26-03845,15950000,40000
R26-03846,55890000,150000
R26-03847,21550000,60000
R26-03848,12060000,40000
R26-03849,16070000,40000
R26-03850,13300000,40000
R26-03851,35310000,150000
R26-03852,133940000,600000
R26-03853,26510000,60000
R26-03854,26320000,60000
R26-03855,57670000,150000
R26-03856,61750000,150000
R26-03857,42100000,150000
R26-03858,14140000,40000
R26-03859,33920000,150000
R26-03860,22260000,60000
R26-03861,74180000,300000
R26-03862,44870000,150000
R26-03863,108510000,300000
R26-03864,37270000,150000
R26-03865,2000000,0
R26-03866,55000000,150000
R26-03867,102200000,300000
R26-03868,93380000,300000
R26-03869,52900000,150000
R26-03870,44460000,150000
R26-03871,32600000,60000
R26-03872,55690000,150000
R26-03873,67250000,300000
R26-03874,51760000,150000
R26-03875,20700000,60000
R26-03876,43850000,150000
R26-03877,48020000,150000
R26-03878,170450000,600000
R26-03879,13880000,40000
R26-03880,26150000,60000
R26-03881,76320000,300000
R26-03882,73250000,300000
R26-03883,3730000,0
R26-03884,7900000,20000
R26-03885,76210000,300000
R26-03886,11850000,40000
R26-03887,92190000,300000
R26-03888,43190000,150000
R26-03889,54460000,150000
R26-03890,32930000,60000
R26-03891,52870000,150000
R26-03892,78380000,300000
R26-03893,84320000,300000
R26-03894,5230000,20000
R26-03895,19070000,40000
R26-03896,72260000,300000
R26-03897,22840000,60000
R26-03898,21710000,60000
R26-03899,45190000,150000
R26-03900,34690000,150000
R26-03901,68400000,300000
R26-03902,72240000,300000
R26-03903,740000,0
R26-03904,11530000,40000
R26-03905,65250000,150000
R26-03906,93200000,300000
R26-03907,23200000,60000
R26-03908,122230000,300000
R26-03909,116390000,300000
R26-03910,25200000,60000
R26-03911,54480000,150000
R26-03912,16420000,40000
R26-03913,2080000,0
R26-03914,61510000,150000
R26-03915,84010000,300000
R26-03916,53460000,150000
R26-03917,3760000,0
R26-03918,21200000,60000
R26-03919,5800000,20000
R26-03920,43850000,150000
R26-03921,132030000,300000
R26-03922,122570000,300000
R26-03923,2420000,0
R26-03924,22070000,60000
R26-03925,91830000,300000
R26-03926,66340000,150000
R26-03927,94920000,300000
R26-03928,60330000,150000
R26-03929,20460000,60000
R26-03930,24370000,60000
R26-03931,73020000,300000
R26-03932,12590000,40000
R26-03933,26780000,60000
R26-03934,11750000,40000
R26-03935,18430000,40000
R26-03936,62100000,150000
R26-03937,43240000,150000
R26-03938,133320000,300000
R26-03939,2550000,0
R26-03940,3260000,0
R26-03941,5080000,20000
R26-03942,106710000,300000
R26-03943,57680000,150000
R26-03944,36210000,150000
R26-03945,3890000,0
R26-03946,14510000,40000
R26-03947,32420000,60000
R26-03948,21890000,60000
R26-03949,32290000,60000
R26-03950,1920000,0
R26-03951,13250000,40000
R26-03952,55790000,150000
R26-03953,7430000,20000
R26-03954,62190000,150000
R26-03955,23490000,60000
R26-03956,86400000,300000
R26-03957,56980000,150000
R26-03958,6440000,20000
R26-03959,83840000,300000
R26-03960,81620000,300000
R26-03961,53020000,150000
R26-03962,96900000,300000
R26-03963,74750000,300000
R26-03964,103140000,300000
R26-03965,42670000,150000
R26-03966,24710000,60000
R26-03967,100770000,300000
R26-03968,25440000,60000
R26-03969,74790000,300000
R26-03970,122140000,300000
R26-03971,11910000,40000
R26-03972,42400000,150000
R26-03973,44330000,150000
R26-03974,74550000,300000
R26-03975,4220000,0
R26-03976,43190000,150000
R26-03977,57560000,150000
R26-03978,93530000,300000
R26-03979,26720000,60000
R26-03980,56650000,150000
R26-03981,33070000,60000
R26-03982,70950000,300000
R26-03983,32160000,60000
R26-03984,23020000,60000
R26-03985,14170000,40000
R26-03986,4870000,0
R26-03987,93220000,300000
R26-03988,76630000,300000
R26-03989,22490000,60000
R26-03990,72190000,300000
R26-03991,46900000,150000
R26-03992,53200000,150000
R26-03993,22500000,60000
R26-03994,21800000,60000
R26-03995,4330000,0
R26-03996,5950000,20000
R26-03997,24360000,60000
R26-03998,66220000,150000
R26-03999,16280000,40000
R26-04000,102190000,300000
R26-04001,62810000,150000
R26-04002,21640000,60000
R26-04003,51830000,150000
R26-04004,42560000,150000
R26-04005,45760000,150000
R26-04006,26530000,60000
R26-04007,75890000,300000
R26-04008,2220000,0
R26-04009,8110000,20000
R26-04010,31820000,60000
R26-04011,15240000,40000
R26-04012,19400000,40000
R26-04013,45150000,150000
R26-04014,66680000,300000
R26-04015,5430000,20000
R26-04016,29100000,60000
R26-04017,1640000,0
R26-04018,8800000,20000
R26-04019,55670000,150000
R26-04020,74510000,300000
R26-04021,11590000,40000
R26-04022,31440000,60000
R26-04023,14010000,40000
R26-04024,36270000,150000
R26-04025,111530000,300000
R26-04026,91940000,300000
R26-04027,82180000,300000
R26-04028,128040000,300000
R26-04029,23920000,60000
R26-04030,3740000,0
R26-04031,80830000,300000
R26-04032,41650000,150000
R26-04033,11140000,40000
R26-04034,105170000,300000
R26-04035,61770000,150000
R26-04036,1420000,0
R26-04037,13670000,40000
R26-04038,63590000,150000
R26-04039,92770000,300000
R26-04040,87940000,300000
R26-04041,32970000,60000
R26-04042,31290000,60000
R26-04043,72630000,300000
R26-04044,49100000,150000
R26-04045,830000,0
R26-04046,1940000,0
R26-04047,70930000,300000
R26-04048,15350000,40000
R26-04049,43080000,150000
R26-04050,33070000,60000
R26-04051,1230000,0
R26-04052,6790000,20000
R26-04053,2170000,0
R26-04054,51320000,150000
R26-04055,74620000,300000
R26-04056,35760000,150000
R26-04057,75220000,300000
R26-04058,1510000,0
R26-04059,61820000,150000
R26-04060,123830000,300000
R26-04061,24340000,60000
R26-04062,2870000,0
R26-04063,20250000,60000
R26-04064,4540000,0
R26-04065,15710000,40000
R26-04066,4040000,0
R26-04067,30830000,60000
R26-04068,21000000,60000
R26-04069,80860000,300000
R26-04070,31370000,60000
R26-04071,2110000,0
R26-04072,145470000,600000
R26-04073,102860000,300000
R26-04074,11590000,40000
R26-04075,94870000,300000
R26-04076,82150000,300000
R26-04077,30550000,60000
R26-04078,56670000,150000
R26-04079,33680000,150000
R26-04080,26130000,60000
R26-04081,20690000,60000
R26-04082,5220000,20000
R26-04083,7670000,20000
R26-04084,20540000,60000
R26-04085,35570000,150000
R26-04086,26140000,60000
R26-04087,79600000,300000
R26-04088,3050000,0
R26-04089,56170000,150000
R26-04090,51980000,150000
R26-04091,7260000,20000
R26-04092,3180000,0
R26-04093,7320000,20000
R26-04094,62670000,150000
R26-04095,57630000,150000
R26-04096,112170000,300000
R26-04097,88580000,300000
R26-04098,27470000,60000
R26-04099,51510000,150000
R26-04100,41360000,150000
R26-04101,2840000,0
R26-04102,44980000,150000
R26-04103,41690000,150000
R26-04104,14350000,40000
R26-04105,61260000,150000
R26-04106,6430000,20000
R26-04107,41490000,150000
R26-04108,61720000,150000
R26-04109,65980000,150000
R26-04110,31990000,60000
R26-04111,12670000,40000
