고객ID,타사이전금액,혜택금액
R19-00000,64650000,150000
R19-00001,7110000,20000
R19-00002,64360000,150000
R19-00003,11850000,40000
R19-00004,7990000,20000
R19-00005,47440000,150000
R19-00006,91970000,300000
R19-00007,37050000,150000
R19-00008,13250000,40000
R19-00009,2810000,0
R19-00010,57140000,150000
R19-00011,56450000,150000
R19-00012,1100000,0
R19-00013,3760000,0
R19-00014,12190000,40000
R19-00015,112140000,300000
R19-00016,81560000,300000
R19-00017,13010000,40000
R19-00018,62330000,150000
R19-00019,24250000,60000
R19-00020,12920000,40000
R19-00021,43520000,150000
R19-00022,41990000,150000
R19-00023,45680000,150000
R19-00024,84630000,300000
R19-00025,92910000,300000
R19-00026,44420000,150000
R19-00027,11550000,40000
R19-00028,51640000,150000
R19-00029,12630000,40000
R19-00030,44720000,150000
R19-00031,32350000,60000
R19-00032,26670000,60000
R19-00033,14980000,40000
R19-00034,34530000,150000
R19-00035,52080000,150000
R19-00036,73570000,300000
R19-00037,63760000,150000
R19-00038,74070000,300000
R19-00039,26780000,60000
R19-00040,1820000,0
R19-00041,33060000,60000
R19-00042,38030000,150000
R19-00043,74740000,300000
R19-00044,76510000,300000
R19-00045,13000000,40000
R19-00046,4400000,0
R19-00047,52140000,150000
R19-00048,4750000,0
R19-00049,112390000,300000
R19-00050,27060000,60000
R19-00051,21180000,60000
R19-00052,91100000,300000
R19-00053,104960000,300000
R19-00054,62190000,150000
R19-00055,7860000,20000
R19-00056,103180000,300000
R19-00057,74080000,300000
R19-00058,33590000,150000
R19-00059,39150000,150000
R19-00060,3880000,0
R19-00061,78160000,300000
R19-00062,3100000,0
R19-00063,52160000,150000
R19-00064,150690000,600000
R19-00065,47770000,150000
R19-00066,2090000,0
R19-00067,23750000,60000
R19-00068,810000,0
R19-00069,26270000,60000
R19-00070,5190000,20000
R19-00071,43170000,150000
R19-00072,50930000,150000
R19-00073,2790000,0
R19-00074,26680000,60000
R19-00075,34200000,150000
R19-00076,45100000,150000
R19-00077,17190000,40000
R19-00078,2490000,0
R19-00079,111050000,300000
R19-00080,960000,0
R19-00081,17160000,40000
R19-00082,43370000,150000
R19-00083,93970000,300000
R19-00084,2170000,0
R19-00085,3640000,0
R19-00086,45770000,150000
R19-00087,2520000,0
R19-00088,42280000,150000
R19-00089,3830000,0
R19-00090,21940000,60000
R19-00091,86930000,300000
R19-00092,27570000,60000
R19-00093,14930000,40000
R19-00094,24830000,60000
R19-00095,38000000,150000
R19-00096,12900000,40000
R19-00097,72460000,300000
R19-00098,2750000,0
R19-00099,43370000,150000
R19-00100,31740000,60000
R19-00101,33900000,150000
R19-00102,38860000,150000
R19-00103,53570000,150000
R19-00104,15970000,40000
R19-00105,13670000,40000
R19-00106,95560000,300000
R19-00107,3210000,0
R19-00108,23430000,60000
R19-00109,35850000,150000
R19-00110,76990000,300000
R19-00111,14930000,40000
R19-00112,42640000,150000
R19-00113,74360000,300000
R19-00114,82590000,300000
R19-00115,53840000,150000
R19-00116,153100000,600000
R19-00117,64540000,150000
R19-00118,240000,0
R19-00119,4100000,0
R19-00120,1770000,0
R19-00121,31710000,60000
R19-00122,96150000,300000
R19-00123,15020000,40000
R19-00124,3000000,0
R19-00125,65470000,150000
R19-00126,70680000,300000
R19-00127,1800000,0
R19-00128,115960000,300000
R19-00129,21730000,60000
R19-00130,54980000,150000
R19-00131,11040000,40000
R19-00132,42490000,150000
R19-00133,24010000,60000
R19-00134,57750000,150000
R19-00135,25420000,60000
R19-00136,1220000,0
R19-00137,124010000,300000
R19-00138,63990000,150000
R19-00139,84260000,300000
R19-00140,73000000,300000
R19-00141,40380000,150000
R19-00142,117080000,300000
R19-00143,102410000,300000
R19-00144,36710000,150000
R19-00145,83570000,300000
R19-00146,35190000,150000
R19-00147,30740000,60000
R19-00148,52580000,150000
R19-00149,64120000,150000
R19-00150,45060000,150000
R19-00151,2590000,0
R19-00152,2070000,0
R19-00153,101070000,300000
R19-00154,65230000,150000
R19-00155,2510000,0
R19-00156,2500000,0
R19-00157,32490000,60000
R19-00158,42670000,150000
R19-00159,74690000,300000
R19-00160,53310000,150000
R19-00161,41660000,150000
R19-00162,72190000,300000
R19-00163,76440000,300000
R19-00164,14620000,40000
R19-00165,23000000,60000
R19-00166,92960000,300000
R19-00167,1950000,0
R19-00168,16670000,40000
R19-00169,71880000,300000
R19-00170,44220000,150000
R19-00171,24540000,60000
R19-00172,16360000,40000
R19-00173,15600000,40000
R19-00174,14990000,40000
R19-00175,31160000,60000
R19-00176,94580000,300000
R19-00177,12610000,40000
R19-00178,92340000,300000
R19-00179,15310000,40000
R19-00180,16910000,40000
R19-00181,53510000,150000
R19-00182,74100000,300000
R19-00183,27900000,60000
R19-00184,55210000,150000
R19-00185,12270000,40000
R19-00186,32760000,60000
R19-00187,12220000,40000
R19-00188,65670000,150000
R19-00189,81960000,300000
R19-00190,33860000,150000
R19-00191,53300000,150000
R19-00192,20950000,60000
R19-00193,25280000,60000
R19-00194,62400000,150000
R19-00195,5790000,20000
R19-00196,28040000,60000
R19-00197,7430000,20000
R19-00198,91480000,300000
R19-00199,25950000,60000
R19-00200,24530000,60000
R19-00201,13810000,40000
R19-00202,43730000,150000
R19-00203,52300000,150000
R19-00204,5520000,20000
R19-00205,31640000,60000
R19-00206,19020000,40000
R19-00207,24750000,60000
R19-00208,28350000,60000
R19-00209,18040000,40000
R19-00210,61210000,150000
R19-00211,53520000,150000
R19-00212,5330000,20000
R19-00213,2250000,0
R19-00214,53440000,150000
R19-00215,22490000,60000
R19-00216,14110000,40000
R19-00217,13830000,40000
R19-00218,40860000,150000
R19-00219,38200000,150000
R19-00220,44030000,150000
R19-00221,23890000,60000
R19-00222,70940000,300000
R19-00223,20380000,60000
R19-00224,119450000,300000
R19-00225,33420000,150000
R19-00226,3850000,0
R19-00227,1650000,0
R19-00228,24560000,60000
R19-00229,13630000,40000
R19-00230,82240000,300000
R19-00231,96400000,300000
R19-00232,2840000,0
R19-00233,10990000,40000
R19-00234,47290000,150000
R19-00235,26080000,60000
R19-00236,44240000,150000
R19-00237,42340000,150000
R19-00238,54350000,150000
R19-00239,75200000,300000
R19-00240,32410000,60000
R19-00241,42130000,150000
R19-00242,10460000,40000
R19-00243,54880000,150000
R19-00244,31240000,60000
R19-00245,94800000,300000
R19-00246,222690000,1000000
R19-00247,15050000,40000
R19-00248,75790000,300000
R19-00249,41630000,150000
R19-00250,5020000,20000
R19-00251,42020000,150000
R19-00252,11170000,40000
R19-00253,5860000,20000
R19-00254,23130000,60000
R19-00255,2090000,0
R19-00256,11950000,40000
R19-00257,4440000,0
R19-00258,23320000,60000
R19-00259,51980000,150000
R19-00260,65360000,150000
R19-00261,37490000,150000
R19-00262,32250000,60000
R19-00263,51880000,150000
R19-00264,30540000,60000
R19-00265,60610000,150000
R19-00266,6820000,20000
R19-00267,44080000,150000
R19-00268,26270000,60000
R19-00269,91800000,300000
R19-00270,14730000,40000
R19-00271,21280000,60000
R19-00272,12050000,40000
R19-00273,52010000,150000
R19-00274,46700000,150000
R19-00275,5210000,20000
R19-00276,37520000,150000
R19-00277,54630000,150000
R19-00278,68560000,300000
R19-00279,41970000,150000
R19-00280,55560000,150000
R19-00281,62440000,150000
R19-00282,3860000,0
R19-00283,46220000,150000
R19-00284,83830000,300000
R19-00285,16210000,40000
R19-00286,20820000,60000
R19-00287,42280000,150000
R19-00288,65570000,150000
R19-00289,15930000,40000
R19-00290,55870000,150000
R19-00291,17790000,40000
R19-00292,40800000,150000
R19-00293,91580000,300000
R19-00294,71110000,300000
R19-00295,56670000,150000
R19-00296,25610000,60000
R19-00297,41870000,150000
R19-00298,52720000,150000
R19-00299,3470000,0
R19-00300,52250000,150000
R19-00301,102130000,300000
R19-00302,61790000,150000
R19-00303,62590000,150000
R19-00304,4850000,0
R19-00305,18060000,40000
R19-00306,15760000,40000
R19-00307,5730000,20000
R19-00308,51920000,150000
R19-00309,22790000,60000
R19-00310,41990000,150000
R19-00311,92680000,300000
R19-00312,24670000,60000
R19-00313,12810000,40000
R19-00314,78280000,300000
R19-00315,900000,0
R19-00316,51820000,150000
R19-00317,74440000,300000
R19-00318,21590000,60000
R19-00319,151710000,600000
R19-00320,2610000,0
R19-00321,54510000,150000
R19-00322,91570000,300000
R19-00323,43380000,150000
R19-00324,44390000,150000
R19-00325,111490000,300000
R19-00326,1770000,0
R19-00327,4170000,0
R19-00328,11940000,40000
R19-00329,4450000,0
R19-00330,27650000,60000
R19-00331,82950000,300000
R19-00332,12600000,40000
R19-00333,2230000,0
R19-00334,45150000,150000
R19-00335,42800000,150000
R19-00336,6610000,20000
R19-00337,35030000,150000
R19-00338,73660000,300000
R19-00339,80170000,300000
R19-00340,2780000,0
R19-00341,35700000,150000
R19-00342,45760000,150000
R19-00343,200000,0
R19-00344,18070000,40000
R19-00345,47080000,150000
R19-00346,41240000,150000
R19-00347,12490000,40000
R19-00348,18050000,40000
R19-00349,57300000,150000
R19-00350,4280000,0
R19-00351,52170000,150000
R19-00352,84250000,300000
R19-00353,46960000,150000
R19-00354,104380000,300000
R19-00355,62230000,150000
R19-00356,125320000,300000
R19-00357,25450000,60000
R19-00358,54860000,150000
R19-00359,63100000,150000
R19-00360,5330000,20000
R19-00361,61100000,150000
R19-00362,28820000,60000
R19-00363,17610000,40000
R19-00364,3820000,0
R19-00365,3280000,0
R19-00366,3100000,0
R19-00367,75450000,300000
R19-00368,73160000,300000
R19-00369,1810000,0
R19-00370,46120000,150000
R19-00371,42620000,150000
R19-00372,124470000,300000
R19-00373,35440000,150000
R19-00374,45470000,150000
R19-00375,103280000,300000
R19-00376,44410000,150000
R19-00377,143440000,600000
R19-00378,34020000,150000
R19-00379,36520000,150000
R19-00380,41890000,150000
R19-00381,31330000,60000
R19-00382,3470000,0
R19-00383,70370000,300000
R19-00384,12870000,40000
R19-00385,44450000,150000
R19-00386,76290000,300000
R19-00387,70510000,300000
R19-00388,11430000,40000
R19-00389,6190000,20000
R19-00390,31980000,60000
R19-00391,37300000,150000
R19-00392,920000,0
R19-00393,22440000,60000
R19-00394,1400000,0
R19-00395,57570000,150000
R19-00396,3860000,0
R19-00397,14340000,40000
R19-00398,109190000,300000
R19-00399,3660000,0
R19-00400,67300000,300000
R19-00401,9180000,20000
R19-00402,4350000,0
R19-00403,74800000,300000
R19-00404,105940000,300000
R19-00405,53670000,150000
R19-00406,55050000,150000
R19-00407,830000,0
R19-00408,173640000,600000
R19-00409,15550000,40000
R19-00410,47390000,150000
R19-00411,14320000,40000
R19-00412,1820000,0
R19-00413,27740000,60000
R19-00414,63440000,150000
R19-00415,12630000,40000
R19-00416,25220000,60000
R19-00417,11600000,40000
R19-00418,51170000,150000
R19-00419,44800000,150000
R19-00420,91410000,300000
R19-00421,46370000,150000
R19-00422,11610000,40000
R19-00423,3270000,0
R19-00424,54370000,150000
R19-00425,14610000,40000
R19-00426,30560000,60000
R19-00427,40940000,150000
R19-00428,64120000,150000
R19-00429,1750000,0
R19-00430,42310000,150000
R19-00431,65990000,150000
R19-00432,24090000,60000
R19-00433,66900000,300000
R19-00434,3190000,0
R19-00435,35750000,150000
R19-00436,22080000,60000
R19-00437,27680000,60000
R19-00438,45130000,150000
R19-00439,33470000,150000
R19-00440,112600000,300000
R19-00441,31330000,60000
R19-00442,22080000,60000
R19-00443,67610000,300000
R19-00444,43220000,150000
R19-00445,62540000,150000
R19-00446,16070000,40000
R19-00447,1220000,0
R19-00448,62190000,150000
R19-00449,36130000,150000
R19-00450,11900000,40000
R19-00451,6160000,20000
R19-00452,83950000,300000
R19-00453,43340000,150000
R19-00454,22830000,60000
R19-00455,53280000,150000
R19-00456,74490000,300000
R19-00457,12990000,40000
R19-00458,38210000,150000
R19-00459,21720000,60000
R19-00460,40350000,150000
R19-00461,14580000,40000
R19-00462,25400000,60000
R19-00463,24960000,60000
R19-00464,31780000,60000
R19-00465,41980000,150000
R19-00466,106090000,300000
R19-00467,5710000,20000
R19-00468,37030000,150000
R19-00469,11680000,40000
R19-00470,56950000,150000
R19-00471,233310000,1000000
R19-00472,82160000,300000
R19-00473,113450000,300000
R19-00474,31210000,60000
R19-00475,34550000,150000
R19-00476,66610000,150000
R19-00477,3410000,0
R19-00478,7730000,20000
R19-00479,52820000,150000
R19-00480,82430000,300000
R19-00481,85520000,300000
R19-00482,86040000,300000
R19-00483,62810000,150000
R19-00484,37650000,150000
R19-00485,36160000,150000
R19-00486,53750000,150000
R19-00487,3780000,0
R19-00488,91530000,300000
R19-00489,2760000,0
R19-00490,102830000,300000
R19-00491,66430000,150000
R19-00492,57360000,150000
R19-00493,26770000,60000
R19-00494,64600000,150000
R19-00495,143490000,600000
R19-00496,87330000,300000
R19-00497,53150000,150000
R19-00498,24780000,60000
R19-00499,54420000,150000
R19-00500,16420000,40000
R19-00501,10790000,40000
R19-00502,41170000,150000
R19-00503,32680000,60000
R19-00504,62090000,150000
R19-00505,53930000,150000
R19-00506,5070000,20000
R19-00507,13920000,40000
R19-00508,61000000,150000
R19-00509,82720000,300000
R19-00510,53090000,150000
R19-00511,88870000,300000
R19-00512,64440000,150000
R19-00513,56040000,150000
R19-00514,12360000,40000
R19-00515,4320000,0
R19-00516,11820000,40000
R19-00517,60270000,150000
R19-00518,31860000,60000
R19-00519,4940000,0
R19-00520,3800000,0
R19-00521,63570000,150000
R19-00522,33880000,150000
R19-00523,51610000,150000
R19-00524,33810000,150000
R19-00525,3280000,0
R19-00526,31290000,60000
R19-00527,41960000,150000
R19-00528,3760000,0
R19-00529,154590000,600000
R19-00530,72450000,300000
R19-00531,1540000,0
R19-00532,139060000,600000
R19-00533,43990000,150000
R19-00534,1290000,0
R19-00535,31890000,60000
R19-00536,106040000,300000
R19-00537,20490000,60000
R19-00538,64380000,150000
R19-00539,5080000,20000
R19-00540,1780000,0
R19-00541,14760000,40000
R19-00542,32170000,60000
R19-00543,32570000,60000
R19-00544,44190000,150000
R19-00545,14030000,40000
R19-00546,11300000,40000
R19-00547,49100000,150000
R19-00548,11230000,40000
R19-00549,11700000,40000
R19-00550,46690000,150000
R19-00551,1800000,0
R19-00552,3700000,0
R19-00553,90740000,300000
R19-00554,72790000,300000
R19-00555,42670000,150000
R19-00556,47660000,150000
R19-00557,112770000,300000
R19-00558,81420000,300000
R19-00559,24270000,60000
R19-00560,69090000,300000
R19-00561,102080000,300000
R19-00562,33100000,60000
R19-00563,29060000,60000
R19-00564,53740000,150000
R19-00565,46830000,150000
R19-00566,17780000,40000
R19-00567,122800000,300000
R19-00568,32580000,60000
R19-00569,65480000,150000
R19-00570,4710000,0
R19-00571,108130000,300000
R19-00572,104950000,300000
R19-00573,12860000,40000
R19-00574,3050000,0
R19-00575,2430000,0
R19-00576,53250000,150000
R19-00577,26520000,60000
R19-00578,52450000,150000
R19-00579,6510000,20000
R19-00580,4860000,0
R19-00581,75560000,300000
R19-00582,34380000,150000
R19-00583,53420000,150000
R19-00584,32840000,60000
R19-00585,31960000,60000
R19-00586,25680000,60000
R19-00587,17620000,40000
R19-00588,33050000,60000
R19-00589,84700000,300000
R19-00590,4890000,0
R19-00591,15390000,40000
R19-00592,22930000,60000
R19-00593,77370000,300000
R19-00594,37430000,150000
R19-00595,10680000,40000
R19-00596,46510000,150000
R19-00597,13410000,40000
R19-00598,2850000,0
R19-00599,31080000,60000
R19-00600,34530000,150000
R19-00601,3870000,0
R19-00602,61760000,150000
R19-00603,83490000,300000
R19-00604,25780000,60000
R19-00605,66670000,300000
R19-00606,63190000,150000
R19-00607,12160000,40000
R19-00608,35440000,150000
R19-00609,13740000,40000
R19-00610,32990000,60000
R19-00611,55310000,150000
R19-00612,33140000,60000
R19-00613,23470000,60000
R19-00614,21960000,60000
R19-00615,73400000,300000
R19-00616,62020000,150000
R19-00617,42160000,150000
R19-00618,16400000,40000
R19-00619,11310000,40000
R19-00620,1640000,0
R19-00621,13250000,40000
R19-00622,28170000,60000
R19-00623,2910000,0
R19-00624,17890000,40000
R19-00625,1860000,0
R19-00626,43230000,150000
R19-00627,15640000,40000
R19-00628,31540000,60000
R19-00629,32170000,60000
R19-00630,41960000,150000
R19-00631,23780000,60000
R19-00632,37800000,150000
R19-00633,44390000,150000
R19-00634,22430000,60000
R19-00635,31330000,60000
R19-00636,63790000,150000
R19-00637,85970000,300000
R19-00638,23470000,60000
R19-00639,105360000,300000
R19-00640,42530000,150000
R19-00641,32500000,60000
R19-00642,42910000,150000
R19-00643,127700000,300000
R19-00644,58090000,150000
R19-00645,101410000,300000
R19-00646,62330000,150000
R19-00647,63380000,150000
R19-00648,65680000,150000
R19-00649,2330000,0
R19-00650,95750000,300000
R19-00651,32900000,60000
R19-00652,14660000,40000
R19-00653,14710000,40000
R19-00654,52860000,150000
R19-00655,67540000,300000
R19-00656,26300000,60000
R19-00657,71360000,300000
R19-00658,113880000,300000
R19-00659,58750000,150000
R19-00660,63620000,150000
R19-00661,50810000,150000
R19-00662,93960000,300000
R19-00663,23630000,60000
R19-00664,134600000,600000
R19-00665,15020000,40000
R19-00666,44050000,150000
R19-00667,13550000,40000
R19-00668,11830000,40000
R19-00669,15960000,40000
R19-00670,71570000,300000
R19-00671,29350000,60000
R19-00672,2820000,0
R19-00673,132550000,300000
R19-00674,11420000,40000
R19-00675,24730000,60000
R19-00676,52190000,150000
R19-00677,66760000,300000
R19-00678,11710000,40000
R19-00679,73360000,300000
R19-00680,44290000,150000
R19-00681,55350000,150000
R19-00682,7120000,20000
R19-00683,22730000,60000
R19-00684,64220000,150000
R19-00685,13780000,40000
R19-00686,3120000,0
R19-00687,23510000,60000
R19-00688,65540000,150000
R19-00689,2100000,0
R19-00690,11100000,40000
R19-00691,85140000,300000
R19-00692,2150000,0
R19-00693,62050000,150000
R19-00694,147940000,600000
R19-00695,91280000,300000
R19-00696,4300000,0
R19-00697,73730000,300000
R19-00698,10930000,40000
R19-00699,43760000,150000
R19-00700,11830000,40000
R19-00701,3880000,0
R19-00702,147700000,600000
R19-00703,14810000,40000
R19-00704,105000000,300000
R19-00705,64860000,150000
R19-00706,36340000,150000
R19-00707,88930000,300000
R19-00708,13460000,40000
R19-00709,53010000,150000
R19-00710,30140000,60000
R19-00711,36300000,150000
R19-00712,420000,0
R19-00713,43680000,150000
R19-00714,3080000,0
R19-00715,74320000,300000
R19-00716,111950000,300000
R19-00717,2690000,0
R19-00718,31880000,60000
R19-00719,7080000,20000
R19-00720,25070000,60000
R19-00721,71240000,300000
R19-00722,88100000,300000
R19-00723,31860000,60000
R19-00724,122950000,300000
R19-00725,34930000,150000
R19-00726,13400000,40000
R19-00727,103500000,300000
R19-00728,48400000,150000
R19-00729,52930000,150000
R19-00730,72290000,300000
R19-00731,2020000,0
R19-00732,29470000,60000
R19-00733,93000000,300000
R19-00734,108160000,300000
R19-00735,53690000,150000
R19-00736,54680000,150000
R19-00737,14160000,40000
R19-00738,34640000,150000
R19-00739,67260000,300000
R19-00740,20350000,60000
R19-00741,41700000,150000
R19-00742,22740000,60000
R19-00743,1920000,0
R19-00744,13540000,40000
R19-00745,25420000,60000
R19-00746,23020000,60000
R19-00747,15180000,40000
R19-00748,48030000,150000
R19-00749,123350000,300000
R19-00750,11240000,40000
R19-00751,8640000,20000
R19-00752,23160000,60000
R19-00753,45680000,150000
R19-00754,13100000,40000
R19-00755,87990000,300000
R19-00756,82660000,300000
R19-00757,152340000,600000
R19-00758,45990000,150000
R19-00759,154090000,600000
R19-00760,1620000,0
R19-00761,11550000,40000
R19-00762,24240000,60000
R19-00763,62090000,150000
R19-00764,37330000,150000
R19-00765,25900000,60000
R19-00766,82340000,300000
R19-00767,28920000,60000
R19-00768,1080000,0
R19-00769,62640000,150000
R19-00770,1060000,0
R19-00771,82970000,300000
R19-00772,92240000,300000
R19-00773,32580000,60000
R19-00774,4870000,0
R19-00775,380000,0
R19-00776,11200000,40000
R19-00777,221490000,1000000
R19-00778,33450000,150000
R19-00779,91640000,300000
R19-00780,24980000,60000
R19-00781,24590000,60000
R19-00782,62640000,150000
R19-00783,45710000,150000
R19-00784,31960000,60000
R19-00785,30340000,60000
R19-00786,127190000,300000
R19-00787,32060000,60000
R19-00788,5960000,20000
R19-00789,14110000,40000
R19-00790,13620000,40000
R19-00791,55250000,150000
R19-00792,4980000,0
R19-00793,21140000,60000
R19-00794,63620000,150000
R19-00795,50960000,150000
R19-00796,34660000,150000
R19-00797,27960000,60000
R19-00798,7380000,20000
R19-00799,11620000,40000
R19-00800,3660000,0
R19-00801,22320000,60000
R19-00802,25470000,60000
R19-00803,32300000,60000
R19-00804,14280000,40000
R19-00805,62180000,150000
R19-00806,46690000,150000
R19-00807,5760000,20000
R19-00808,5310000,20000
R19-00809,2040000,0
R19-00810,25540000,60000
R19-00811,15630000,40000
R19-00812,23500000,60000
R19-00813,38370000,150000
R19-00814,25560000,60000
R19-00815,17820000,40000
R19-00816,3710000,0
R19-00817,2120000,0
R19-00818,18070000,40000
R19-00819,25940000,60000
R19-00820,82200000,300000
R19-00821,5060000,20000
R19-00822,37070000,150000
R19-00823,68410000,300000
R19-00824,2820000,0
R19-00825,32810000,60000
R19-00826,41380000,150000
R19-00827,34200000,150000
R19-00828,5360000,20000
R19-00829,45270000,150000
R19-00830,11960000,40000
R19-00831,107000000,300000
R19-00832,13390000,40000
R19-00833,3310000,0
R19-00834,3300000,0
R19-00835,40620000,150000
R19-00836,6420000,20000
R19-00837,72750000,300000
R19-00838,61260000,150000
R19-00839,66820000,300000
R19-00840,52750000,150000
R19-00841,36200000,150000
R19-00842,51260000,150000
R19-00843,53110000,150000
R19-00844,13760000,40000
R19-00845,74960000,300000
R19-00846,54890000,150000
R19-00847,46950000,150000
R19-00848,72120000,300000
R19-00849,83260000,300000
R19-00850,1260000,0
R19-00851,3580000,0
R19-00852,14530000,40000
R19-00853,24620000,60000
R19-00854,36080000,150000
R19-00855,10180000,40000
R19-00856,72980000,300000
R19-00857,26800000,60000
R19-00858,24320000,60000
R19-00859,5070000,20000
R19-00860,44680000,150000
R19-00861,27970000,60000
R19-00862,92790000,300000
R19-00863,26620000,60000
R19-00864,52180000,150000
R19-00865,33340000,150000
R19-00866,14190000,40000
R19-00867,42280000,150000
R19-00868,38700000,150000
R19-00869,42400000,150000
R19-00870,31660000,60000
R19-00871,22860000,60000
R19-00872,33580000,150000
R19-00873,21300000,60000
R19-00874,83050000,300000
R19-00875,43040000,150000
R19-00876,4250000,0
R19-00877,86690000,300000
R19-00878,32660000,60000
R19-00879,63260000,150000
R19-00880,16670000,40000
R19-00881,58400000,150000
R19-00882,14630000,40000
R19-00883,83950000,300000
R19-00884,14130000,40000
R19-00885,2790000,0
R19-00886,42530000,150000
R19-00887,45920000,150000
R19-00888,74720000,300000
R19-00889,25040000,60000
R19-00890,54610000,150000
R19-00891,7030000,20000
R19-00892,71150000,300000
R19-00893,3620000,0
R19-00894,53920000,150000
R19-00895,24760000,60000
R19-00896,32610000,60000
R19-00897,14200000,40000
R19-00898,94580000,300000
R19-00899,95660000,300000
R19-00900,31480000,60000
R19-00901,76460000,300000
R19-00902,3030000,0
R19-00903,32960000,60000
R19-00904,12690000,40000
R19-00905,32270000,60000
R19-00906,26320000,60000
R19-00907,90790000,300000
R19-00908,61580000,150000
R19-00909,42190000,150000
R19-00910,23860000,60000
R19-00911,1430000,0
R19-00912,31390000,60000
R19-00913,65300000,150000
R19-00914,84030000,300000
R19-00915,51590000,150000
R19-00916,45690000,150000
R19-00917,990000,0
R19-00918,17910000,40000
R19-00919,17620000,40000
R19-00920,18130000,40000
R19-00921,34550000,150000
R19-00922,11160000,40000
R19-00923,3520000,0
R19-00924,18330000,40000
R19-00925,55370000,150000
R19-00926,23530000,60000
R19-00927,8680000,20000
R19-00928,38000000,150000
R19-00929,31150000,60000
R19-00930,33580000,150000
R19-00931,3210000,0
R19-00932,92290000,300000
R19-00933,13380000,40000
R19-00934,85330000,300000
R19-00935,58420000,150000
R19-00936,2240000,0
R19-00937,2410000,0
R19-00938,134910000,600000
R19-00939,83140000,300000
R19-00940,28690000,60000
R19-00941,12410000,40000
R19-00942,760000,0
R19-00943,44560000,150000
R19-00944,33410000,150000
R19-00945,67000000,300000
R19-00946,14920000,40000
R19-00947,24530000,60000
R19-00948,52240000,150000
R19-00949,84100000,300000
R19-00950,31420000,60000
R19-00951,2410000,0
R19-00952,2420000,0
R19-00953,31090000,60000
R19-00954,52990000,150000
R19-00955,54330000,150000
R19-00956,83960000,300000
R19-00957,66440000,150000
R19-00958,93930000,300000
R19-00959,32870000,60000
R19-00960,22730000,60000
R19-00961,1580000,0
R19-00962,76010000,300000
R19-00963,1690000,0
R19-00964,24660000,60000
R19-00965,71020000,300000
R19-00966,18530000,40000
R19-00967,13230000,40000
R19-00968,108370000,300000
R19-00969,41430000,150000
R19-00970,43580000,150000
R19-00971,20730000,60000
R19-00972,14680000,40000
R19-00973,55760000,150000
R19-00974,58050000,150000
R19-00975,12870000,40000
R19-00976,40590000,150000
R19-00977,66940000,300000
R19-00978,15510000,40000
R19-00979,4330000,0
R19-00980,107150000,300000
R19-00981,54400000,150000
R19-00982,73900000,300000
R19-00983,2460000,0
R19-00984,22500000,60000
R19-00985,102760000,300000
R19-00986,16010000,40000
R19-00987,4870000,0
R19-00988,66240000,150000
R19-00989,24560000,60000
R19-00990,64320000,150000
R19-00991,37910000,150000
R19-00992,22440000,60000
R19-00993,71030000,300000
R19-00994,42830000,150000
R19-00995,16200000,40000
R19-00996,3600000,0
R19-00997,16930000,40000
R19-00998,34050000,150000
R19-00999,11230000,40000
R19-01000,55180000,150000
R19-01001,23130000,60000
R19-01002,31110000,60000
R19-01003,83880000,300000
R19-01004,83630000,300000
R19-01005,125430000,300000
R19-01006,81250000,300000
R19-01007,64510000,150000
R19-01008,34340000,150000
R19-01009,44960000,150000
R19-01010,19170000,40000
R19-01011,84260000,300000
R19-01012,36730000,150000
R19-01013,54810000,150000
R19-01014,61750000,150000
R19-01015,13630000,40000
R19-01016,59550000,150000
R19-01017,116970000,300000
R19-01018,11110000,40000
R19-01019,92440000,300000
R19-01020,83540000,300000
R19-01021,4350000,0
R19-01022,25670000,60000
R19-01023,6480000,20000
R19-01024,7340000,20000
R19-01025,62680000,150000
R19-01026,12440000,40000
R19-01027,50730000,150000
R19-01028,110990000,300000
R19-01029,12040000,40000
R19-01030,2160000,0
R19-01031,32500000,60000
R19-01032,43340000,150000
R19-01033,23580000,60000
R19-01034,5820000,20000
R19-01035,44720000,150000
R19-01036,66750000,300000
R19-01037,85370000,300000
R19-01038,81460000,300000
R19-01039,44530000,150000
R19-01040,78710000,300000
R19-01041,72910000,300000
R19-01042,23810000,60000
R19-01043,11390000,40000
R19-01044,9130000,20000
R19-01045,2450000,0
R19-01046,22000000,60000
R19-01047,12720000,40000
R19-01048,15700000,40000
R19-01049,43750000,150000
R19-01050,27300000,60000
R19-01051,6920000,20000
R19-01052,3850000,0
R19-01053,42910000,150000
R19-01054,32140000,60000
R19-01055,42840000,150000
R19-01056,4910000,0
R19-01057,42430000,150000
R19-01058,39070000,150000
R19-01059,33760000,150000
R19-01060,46330000,150000
R19-01061,3480000,0
R19-01062,3390000,0
R19-01063,24090000,60000
R19-01064,103640000,300000
R19-01065,82530000,300000
R19-01066,71480000,300000
R19-01067,18230000,40000
R19-01068,113810000,300000
R19-01069,1610000,0
R19-01070,18940000,40000
R19-01071,42600000,150000
R19-01072,90580000,300000
R19-01073,5400000,20000
R19-01074,2330000,0
R19-01075,33560000,150000
R19-01076,4770000,0
R19-01077,11730000,40000
R19-01078,35230000,150000
R19-01079,20060000,60000
R19-01080,35690000,150000
R19-01081,64980000,150000
R19-01082,13570000,40000
R19-01083,63010000,150000
R19-01084,146510000,600000
R19-01085,13040000,40000
R19-01086,4690000,0
R19-01087,11990000,40000
R19-01088,15910000,40000
R19-01089,18360000,40000
R19-01090,21860000,60000
R19-01091,2090000,0
R19-01092,5420000,20000
R19-01093,14770000,40000
R19-01094,35690000,150000
R19-01095,55400000,150000
R19-01096,23590000,60000
R19-01097,21860000,60000
R19-01098,21590000,60000
R19-01099,51230000,150000
R19-01100,52320000,150000
R19-01101,40210000,150000
R19-01102,63260000,150000
R19-01103,35400000,150000
R19-01104,51310000,150000
R19-01105,54780000,150000
R19-01106,3250000,0
R19-01107,12600000,40000
R19-01108,34960000,150000
R19-01109,42010000,150000
R19-01110,28280000,60000
R19-01111,5920000,20000
R19-01112,12120000,40000
R19-01113,33990000,150000
R19-01114,27660000,60000
R19-01115,52880000,150000
R19-01116,35310000,150000
R19-01117,32200000,60000
R19-01118,74980000,300000
R19-01119,72720000,300000
R19-01120,11270000,40000
R19-01121,75320000,300000
R19-01122,34690000,150000
R19-01123,77810000,300000
R19-01124,3370000,0
R19-01125,2240000,0
R19-01126,35930000,150000
R19-01127,91150000,300000
R19-01128,94630000,300000
R19-01129,60870000,150000
R19-01130,62210000,150000
R19-01131,24360000,60000
R19-01132,111860000,300000
R19-01133,2670000,0
R19-01134,51260000,150000
R19-01135,63100000,150000
R19-01136,33970000,150000
R19-01137,4930000,0
R19-01138,7670000,20000
R19-01139,67790000,300000
R19-01140,2460000,0
R19-01141,64280000,150000
R19-01142,30670000,60000
R19-01143,34510000,150000
R19-01144,11870000,40000
R19-01145,51140000,150000
R19-01146,61070000,150000
R19-01147,17440000,40000
R19-01148,11410000,40000
R19-01149,22780000,60000
R19-01150,46100000,150000
R19-01151,63440000,150000
R19-01152,13670000,40000
R19-01153,106100000,300000
R19-01154,75990000,300000
R19-01155,7160000,20000
R19-01156,24660000,60000
R19-01157,31830000,60000
R19-01158,1830000,0
R19-01159,63270000,150000
R19-01160,51960000,150000
R19-01161,13340000,40000
R19-01162,38570000,150000
R19-01163,22040000,60000
R19-01164,32740000,60000
R19-01165,32010000,60000
R19-01166,67670000,300000
R19-01167,36950000,150000
R19-01168,13670000,40000
R19-01169,3020000,0
R19-01170,43820000,150000
R19-01171,91490000,300000
R19-01172,67970000,300000
R19-01173,37440000,150000
R19-01174,81570000,300000
R19-01175,37420000,150000
R19-01176,124650000,300000
R19-01177,112960000,300000
R19-01178,5280000,20000
R19-01179,81770000,300000
R19-01180,81880000,300000
R19-01181,42940000,150000
R19-01182,72920000,300000
R19-01183,4600000,0
R19-01184,1630000,0
R19-01185,63120000,150000
R19-01186,43930000,150000
R19-01187,124950000,300000
R19-01188,3180000,0
R19-01189,2580000,0
R19-01190,95170000,300000
R19-01191,48450000,150000
R19-01192,2550000,0
R19-01193,61070000,150000
R19-01194,42340000,150000
R19-01195,45640000,150000
R19-01196,54690000,150000
R19-01197,1670000,0
R19-01198,102390000,300000
R19-01199,43000000,150000
R19-01200,54780000,150000
R19-01201,23990000,60000
R19-01202,54800000,150000
R19-01203,61130000,150000
R19-01204,5440000,20000
R19-01205,32810000,60000
R19-01206,740000,0
R19-01207,142510000,600000
R19-01208,26270000,60000
R19-01209,14140000,40000
R19-01210,85600000,300000
R19-01211,110910000,300000
R19-01212,31520000,60000
R19-01213,33910000,150000
R19-01214,63260000,150000
R19-01215,58430000,150000
R19-01216,84840000,300000
R19-01217,51660000,150000
R19-01218,6380000,20000
R19-01219,14120000,40000
R19-01220,46670000,150000
R19-01221,66240000,150000
R19-01222,74260000,300000
R19-01223,2970000,0
R19-01224,63360000,150000
R19-01225,31830000,60000
R19-01226,46520000,150000
R19-01227,26130000,60000
R19-01228,65760000,150000
R19-01229,2280000,0
R19-01230,87640000,300000
R19-01231,107020000,300000
R19-01232,51890000,150000
R19-01233,14990000,40000
R19-01234,25520000,60000
R19-01235,55560000,150000
R19-01236,81790000,300000
R19-01237,55310000,150000
R19-01238,16430000,40000
R19-01239,44190000,150000
R19-01240,61060000,150000
R19-01241,26090000,60000
R19-01242,43310000,150000
R19-01243,62500000,150000
R19-01244,125020000,300000
R19-01245,24020000,60000
R19-01246,75620000,300000
R19-01247,83360000,300000
R19-01248,61580000,150000
R19-01249,47840000,150000
R19-01250,54950000,150000
R19-01251,82730000,300000
R19-01252,45960000,150000
R19-01253,75120000,300000
R19-01254,54350000,150000
R19-01255,1930000,0
R19-01256,11720000,40000
R19-01257,35600000,150000
R19-01258,32440000,60000
R19-01259,33740000,150000
R19-01260,37490000,150000
R19-01261,8650000,20000
R19-01262,9290000,20000
R19-01263,63440000,150000
R19-01264,42200000,150000
R19-01265,3960000,0
R19-01266,6970000,20000
R19-01267,17080000,40000
R19-01268,36890000,150000
R19-01269,10370000,40000
R19-01270,57520000,150000
R19-01271,95590000,300000
R19-01272,62400000,150000
R19-01273,1890000,0
R19-01274,43710000,150000
R19-01275,33260000,60000
R19-01276,48660000,150000
R19-01277,12850000,40000
R19-01278,72090000,300000
R19-01279,2310000,0
R19-01280,2770000,0
R19-01281,72980000,300000
R19-01282,5230000,20000
R19-01283,55050000,150000
R19-01284,11190000,40000
R19-01285,34160000,150000
R19-01286,30380000,60000
R19-01287,103920000,300000
R19-01288,38550000,150000
R19-01289,86240000,300000
R19-01290,24090000,60000
R19-01291,4330000,0
R19-01292,59500000,150000
R19-01293,25950000,60000
R19-01294,75380000,300000
R19-01295,66150000,150000
R19-01296,43300000,150000
R19-01297,7620000,20000
R19-01298,2210000,0
R19-01299,155200000,600000
R19-01300,32880000,60000
R19-01301,12250000,40000
R19-01302,77400000,300000
R19-01303,15680000,40000
R19-01304,14270000,40000
R19-01305,6790000,20000
R19-01306,22410000,60000
R19-01307,48220000,150000
R19-01308,92960000,300000
R19-01309,23050000,60000
R19-01310,35980000,150000
R19-01311,12910000,40000
R19-01312,37180000,150000
R19-01313,18460000,40000
R19-01314,690000,0
R19-01315,3530000,0
R19-01316,22680000,60000
R19-01317,61520000,150000
R19-01318,79350000,300000
R19-01319,70230000,300000
R19-01320,14100000,40000
R19-01321,54530000,150000
R19-01322,13400000,40000
R19-01323,6530000,20000
R19-01324,18690000,40000
R19-01325,11950000,40000
R19-01326,54910000,150000
R19-01327,72330000,300000
R19-01328,83110000,300000
R19-01329,370000,0
R19-01330,25500000,60000
R19-01331,65880000,150000
R19-01332,74960000,300000
R19-01333,5450000,20000
R19-01334,54440000,150000
R19-01335,17540000,40000
R19-01336,45410000,150000
R19-01337,81120000,300000
R19-01338,11770000,40000
R19-01339,83210000,300000
R19-01340,86060000,300000
R19-01341,51850000,150000
R19-01342,81180000,300000
R19-01343,2700000,0
R19-01344,46930000,150000
R19-01345,33200000,60000
R19-01346,50260000,150000
R19-01347,82760000,300000
R19-01348,21520000,60000
R19-01349,92310000,300000
R19-01350,31650000,60000
R19-01351,46910000,150000
R19-01352,28240000,60000
R19-01353,83770000,300000
R19-01354,40740000,150000
R19-01355,14920000,40000
R19-01356,4140000,0
R19-01357,37340000,150000
R19-01358,10640000,40000
R19-01359,4520000,0
R19-01360,63300000,150000
R19-01361,26180000,60000
R19-01362,33200000,60000
R19-01363,6660000,20000
R19-01364,12320000,40000
R19-01365,3590000,0
R19-01366,84340000,300000
R19-01367,4870000,0
R19-01368,36870000,150000
R19-01369,33620000,150000
R19-01370,2390000,0
R19-01371,66230000,150000
R19-01372,63000000,150000
R19-01373,45220000,150000
R19-01374,6030000,20000
R19-01375,55480000,150000
R19-01376,82240000,300000
R19-01377,12400000,40000
R19-01378,84930000,300000
R19-01379,11390000,40000
R19-01380,5240000,20000
R19-01381,71600000,300000
R19-01382,114530000,300000
R19-01383,132470000,300000
R19-01384,34440000,150000
R19-01385,59830000,150000
R19-01386,51200000,150000
R19-01387,35250000,150000
R19-01388,46410000,150000
R19-01389,64820000,150000
R19-01390,73220000,300000
R19-01391,10960000,40000
R19-01392,44780000,150000
R19-01393,45140000,150000
R19-01394,92150000,300000
R19-01395,65070000,150000
R19-01396,20760000,60000
R19-01397,65190000,150000
R19-01398,12360000,40000
R19-01399,31520000,60000
R19-01400,87310000,300000
R19-01401,3190000,0
R19-01402,2330000,0
R19-01403,32730000,60000
R19-01404,55970000,150000
R19-01405,3050000,0
R19-01406,10900000,40000
R19-01407,21860000,60000
R19-01408,2390000,0
R19-01409,38110000,150000
R19-01410,13970000,40000
R19-01411,66450000,150000
R19-01412,5290000,20000
R19-01413,12000000,40000
R19-01414,44200000,150000
R19-01415,13010000,40000
R19-01416,7090000,20000
R19-01417,11360000,40000
R19-01418,3170000,0
R19-01419,30370000,60000
R19-01420,84460000,300000
R19-01421,13030000,40000
R19-01422,63190000,150000
R19-01423,26710000,60000
R19-01424,37500000,150000
R19-01425,63760000,150000
R19-01426,7450000,20000
R19-01427,7430000,20000
R19-01428,51570000,150000
R19-01429,16490000,40000
R19-01430,12790000,40000
R19-01431,34420000,150000
R19-01432,63340000,150000
R19-01433,17120000,40000
R19-01434,91720000,300000
R19-01435,23800000,60000
R19-01436,63840000,150000
R19-01437,64630000,150000
R19-01438,42570000,150000
R19-01439,44430000,150000
R19-01440,3430000,0
R19-01441,64560000,150000
R19-01442,22860000,60000
R19-01443,22340000,60000
R19-01444,30730000,60000
R19-01445,75770000,300000
R19-01446,33910000,150000
R19-01447,21600000,60000
R19-01448,56740000,150000
R19-01449,42060000,150000
R19-01450,46670000,150000
R19-01451,1430000,0
R19-01452,114520000,300000
R19-01453,15640000,40000
R19-01454,17570000,40000
R19-01455,21500000,60000
R19-01456,40960000,150000
R19-01457,102580000,300000
R19-01458,4860000,0
R19-01459,67930000,300000
R19-01460,24260000,60000
R19-01461,15250000,40000
R19-01462,3710000,0
R19-01463,75050000,300000
R19-01464,44130000,150000
R19-01465,26190000,60000
R19-01466,53830000,150000
R19-01467,6560000,20000
R19-01468,122130000,300000
R19-01469,57490000,150000
R19-01470,123550000,300000
R19-01471,34210000,150000
R19-01472,33990000,150000
R19-01473,14260000,40000
R19-01474,93160000,300000
R19-01475,23090000,60000
R19-01476,34230000,150000
R19-01477,41550000,150000
R19-01478,2060000,0
R19-01479,16020000,40000
R19-01480,106740000,300000
R19-01481,66180000,150000
R19-01482,14460000,40000
R19-01483,4210000,0
R19-01484,57870000,150000
R19-01485,95720000,300000
R19-01486,61700000,150000
R19-01487,36780000,150000
R19-01488,25740000,60000
R19-01489,61400000,150000
R19-01490,92860000,300000
R19-01491,43520000,150000
R19-01492,32170000,60000
R19-01493,4600000,0
R19-01494,23110000,60000
R19-01495,30600000,60000
R19-01496,46480000,150000
R19-01497,32490000,60000
R19-01498,6660000,20000
R19-01499,4690000,0
R19-01500,32710000,60000
R19-01501,45580000,150000
R19-01502,61290000,150000
R19-01503,112680000,300000
R19-01504,2900000,0
R19-01505,21490000,60000
R19-01506,21910000,60000
R19-01507,43130000,150000
R19-01508,14620000,40000
R19-01509,2960000,0
R19-01510,76370000,300000
R19-01511,83130000,300000
R19-01512,1150000,0
R19-01513,3260000,0
R19-01514,45830000,150000
R19-01515,20630000,60000
R19-01516,65420000,150000
R19-01517,43780000,150000
R19-01518,6800000,20000
R19-01519,34640000,150000
R19-01520,52230000,150000
R19-01521,22800000,60000
R19-01522,85920000,300000
R19-01523,75290000,300000
R19-01524,117780000,300000
R19-01525,2430000,0
R19-01526,63070000,150000
R19-01527,73210000,300000
R19-01528,150860000,600000
R19-01529,70680000,300000
R19-01530,34120000,150000
R19-01531,12520000,40000
R19-01532,41970000,150000
R19-01533,25640000,60000
R19-01534,53720000,150000
R19-01535,72870000,300000
R19-01536,12710000,40000
R19-01537,96930000,300000
R19-01538,72580000,300000
R19-01539,63800000,150000
R19-01540,6920000,20000
R19-01541,2760000,0
R19-01542,72280000,300000
R19-01543,36980000,150000
R19-01544,147990000,600000
R19-01545,46210000,150000
R19-01546,31990000,60000
R19-01547,22900000,60000
R19-01548,38220000,150000
R19-01549,124560000,300000
R19-01550,26200000,60000
R19-01551,73550000,300000
R19-01552,5100000,20000
R19-01553,24490000,60000
R19-01554,63590000,150000
R19-01555,103310000,300000
R19-01556,43190000,150000
R19-01557,56340000,150000
R19-01558,2120000,0
R19-01559,75550000,300000
R19-01560,8970000,20000
R19-01561,5870000,20000
R19-01562,61150000,150000
R19-01563,78810000,300000
R19-01564,2370000,0
R19-01565,45470000,150000
R19-01566,430000,0
R19-01567,41090000,150000
R19-01568,106880000,300000
R19-01569,17320000,40000
R19-01570,11980000,40000
R19-01571,4120000,0
R19-01572,73030000,300000
R19-01573,5990000,20000
R19-01574,62060000,150000
R19-01575,31200000,60000
R19-01576,72000000,300000
R19-01577,83910000,300000
R19-01578,18430000,40000
R19-01579,53080000,150000
R19-01580,45500000,150000
R19-01581,60850000,150000
R19-01582,66130000,150000
R19-01583,16320000,40000
R19-01584,1980000,0
R19-01585,37580000,150000
R19-01586,7610000,20000
R19-01587,81320000,300000
R19-01588,12620000,40000
R19-01589,94100000,300000
R19-01590,53230000,150000
R19-01591,9000000,20000
R19-01592,11260000,40000
R19-01593,57470000,150000
R19-01594,84180000,300000
R19-01595,77330000,300000
R19-01596,47490000,150000
R19-01597,34360000,150000
R19-01598,58250000,150000
R19-01599,2400000,0
R19-01600,37230000,150000
R19-01601,119220000,300000
R19-01602,2290000,0
R19-01603,11090000,40000
R19-01604,50570000,150000
R19-01605,31980000,60000
R19-01606,42430000,150000
R19-01607,95160000,300000
R19-01608,62600000,150000
R19-01609,63760000,150000
R19-01610,1490000,0
R19-01611,42050000,150000
R19-01612,2710000,0
R19-01613,3150000,0
R19-01614,990000,0
R19-01615,13250000,40000
R19-01616,73390000,300000
R19-01617,5600000,20000
R19-01618,13980000,40000
R19-01619,12780000,40000
R19-01620,15670000,40000
R19-01621,51690000,150000
R19-01622,83440000,300000
R19-01623,83700000,300000
R19-01624,46260000,150000
R19-01625,27810000,60000
R19-01626,92950000,300000
R19-01627,2290000,0
R19-01628,41710000,150000
R19-01629,72570000,300000
R19-01630,64480000,150000
R19-01631,49570000,150000
R19-01632,95700000,300000
R19-01633,31710000,60000
R19-01634,23750000,60000
R19-01635,1780000,0
R19-01636,50550000,150000
R19-01637,75310000,300000
R19-01638,64740000,150000
R19-01639,10690000,40000
R19-01640,32950000,60000
R19-01641,53150000,150000
R19-01642,112000000,300000
R19-01643,12250000,40000
R19-01644,21630000,60000
R19-01645,97970000,300000
R19-01646,92180000,300000
R19-01647,72510000,300000
R19-01648,36360000,150000
R19-01649,94330000,300000
R19-01650,75250000,300000
R19-01651,21900000,60000
R19-01652,63240000,150000
R19-01653,37430000,150000
R19-01654,36100000,150000
R19-01655,34090000,150000
R19-01656,1910000,0
R19-01657,62580000,150000
R19-01658,45560000,150000
R19-01659,96370000,300000
R19-01660,61150000,150000
R19-01661,2620000,0
R19-01662,45130000,150000
R19-01663,42870000,150000
R19-01664,20180000,60000
R19-01665,48430000,150000
R19-01666,24290000,60000
R19-01667,92610000,300000
R19-01668,71880000,300000
R19-01669,109010000,300000
R19-01670,60140000,150000
R19-01671,56940000,150000
R19-01672,221500000,1000000
R19-01673,24330000,60000
R19-01674,3460000,0
R19-01675,42890000,150000
R19-01676,101910000,300000
R19-01677,81230000,300000
R19-01678,12600000,40000
R19-01679,7400000,20000
R19-01680,42510000,150000
R19-01681,4410000,0
R19-01682,8260000,20000
R19-01683,41650000,150000
R19-01684,51070000,150000
R19-01685,55630000,150000
R19-01686,24100000,60000
R19-01687,62370000,150000
R19-01688,14920000,40000
R19-01689,22090000,60000
R19-01690,43680000,150000
R19-01691,107010000,300000
R19-01692,35740000,150000
R19-01693,103160000,300000
R19-01694,105850000,300000
R19-01695,6690000,20000
R19-01696,67520000,300000
R19-01697,47840000,150000
R19-01698,21320000,60000
R19-01699,125530000,300000
R19-01700,22520000,60000
R19-01701,73170000,300000
R19-01702,76700000,300000
R19-01703,84190000,300000
R19-01704,6460000,20000
R19-01705,12250000,40000
R19-01706,75820000,300000
R19-01707,43340000,150000
R19-01708,46530000,150000
R19-01709,40750000,150000
R19-01710,42580000,150000
R19-01711,5180000,20000
R19-01712,5950000,20000
R19-01713,72550000,300000
R19-01714,52160000,150000
R19-01715,155310000,600000
R19-01716,1600000,0
R19-01717,12000000,40000
R19-01718,500000,0
R19-01719,92020000,300000
R19-01720,102200000,300000
R19-01721,37280000,150000
R19-01722,42590000,150000
R19-01723,73170000,300000
R19-01724,45630000,150000
R19-01725,110420000,300000
R19-01726,63570000,150000
R19-01727,56180000,150000
R19-01728,46050000,150000
R19-01729,13840000,40000
R19-01730,35430000,150000
R19-01731,12660000,40000
R19-01732,65680000,150000
R19-01733,121540000,300000
R19-01734,56950000,150000
R19-01735,12340000,40000
R19-01736,36840000,150000
R19-01737,5180000,20000
R19-01738,2490000,0
R19-01739,44500000,150000
R19-01740,3850000,0
R19-01741,73690000,300000
R19-01742,20390000,60000
R19-01743,37790000,150000
R19-01744,72400000,300000
R19-01745,81390000,300000
R19-01746,26710000,60000
R19-01747,5550000,20000
R19-01748,64280000,150000
R19-01749,65140000,150000
R19-01750,34700000,150000
R19-01751,94720000,300000
R19-01752,93500000,300000
R19-01753,77860000,300000
R19-01754,62150000,150000
R19-01755,10600000,40000
R19-01756,60470000,150000
R19-01757,72560000,300000
R19-01758,12800000,40000
R19-01759,81940000,300000
R19-01760,76020000,300000
R19-01761,16940000,40000
R19-01762,12530000,40000
R19-01763,36440000,150000
R19-01764,58940000,150000
R19-01765,54820000,150000
R19-01766,75540000,300000
R19-01767,20900000,60000
R19-01768,153270000,600000
R19-01769,45760000,150000
R19-01770,65040000,150000
R19-01771,31910000,60000
R19-01772,12600000,40000
R19-01773,24360000,60000
R19-01774,64940000,150000
R19-01775,42820000,150000
R19-01776,33620000,150000
R19-01777,61320000,150000
R19-01778,51920000,150000
R19-01779,53800000,150000
R19-01780,101970000,300000
R19-01781,24300000,60000
R19-01782,87190000,300000
R19-01783,57350000,150000
R19-01784,43630000,150000
R19-01785,61500000,150000
R19-01786,6520000,20000
R19-01787,45400000,150000
R19-01788,30700000,60000
R19-01789,25790000,60000
R19-01790,10170000,40000
R19-01791,62010000,150000
R19-01792,11800000,40000
R19-01793,24530000,60000
R19-01794,29300000,60000
R19-01795,76100000,300000
R19-01796,94100000,300000
R19-01797,54130000,150000
R19-01798,117500000,300000
R19-01799,53370000,150000
R19-01800,41140000,150000
R19-01801,42880000,150000
R19-01802,26410000,60000
R19-01803,11010000,40000
R19-01804,41380000,150000
R19-01805,72250000,300000
R19-01806,28820000,60000
R19-01807,61680000,150000
R19-01808,7220000,20000
R19-01809,14030000,40000
R19-01810,134820000,600000
R19-01811,61400000,150000
R19-01812,152680000,600000
R19-01813,4290000,0
R19-01814,17120000,40000
R19-01815,15210000,40000
R19-01816,22070000,60000
R19-01817,4430000,0
R19-01818,2430000,0
R19-01819,34950000,150000
R19-01820,24340000,60000
R19-01821,34630000,150000
R19-01822,2880000,0
R19-01823,42850000,150000
R19-01824,4170000,0
R19-01825,73860000,300000
R19-01826,25010000,60000
R19-01827,43940000,150000
R19-01828,4230000,0
R19-01829,4610000,0
R19-01830,7100000,20000
R19-01831,17300000,40000
R19-01832,84710000,300000
R19-01833,36820000,150000
R19-01834,83370000,300000
R19-01835,41530000,150000
R19-01836,56910000,150000
R19-01837,24010000,60000
R19-01838,113900000,300000
R19-01839,34550000,150000
R19-01840,97000000,300000
R19-01841,53190000,150000
R19-01842,102820000,300000
R19-01843,40750000,150000
R19-01844,13450000,40000
R19-01845,14550000,40000
R19-01846,41370000,150000
R19-01847,53600000,150000
R19-01848,44900000,150000
R19-01849,3080000,0
R19-01850,45290000,150000
R19-01851,60610000,150000
R19-01852,75820000,300000
R19-01853,91310000,300000
R19-01854,36390000,150000
R19-01855,27280000,60000
R19-01856,74370000,300000
R19-01857,14480000,40000
R19-01858,93680000,300000
R19-01859,37240000,150000
R19-01860,74270000,300000
R19-01861,32350000,60000
R19-01862,10470000,40000
R19-01863,5040000,20000
R19-01864,12650000,40000
R19-01865,5010000,20000
R19-01866,71550000,300000
R19-01867,31730000,60000
R19-01868,43880000,150000
R19-01869,2980000,0
R19-01870,64300000,150000
R19-01871,61990000,150000
R19-01872,32110000,60000
R19-01873,34100000,150000
R19-01874,1110000,0
R19-01875,34880000,150000
R19-01876,85050000,300000
R19-01877,69180000,300000
R19-01878,61740000,150000
R19-01879,14980000,40000
R19-01880,32970000,60000
R19-01881,42080000,150000
R19-01882,92800000,300000
R19-01883,32530000,60000
R19-01884,61710000,150000
R19-01885,42040000,150000
R19-01886,25270000,60000
R19-01887,30870000,60000
R19-01888,63690000,150000
R19-01889,14130000,40000
R19-01890,102010000,300000
R19-01891,65480000,150000
R19-01892,7940000,20000
R19-01893,4230000,0
R19-01894,45250000,150000
R19-01895,12360000,40000
R19-01896,42170000,150000
R19-01897,61990000,150000
R19-01898,43060000,150000
R19-01899,46560000,150000
R19-01900,36940000,150000
R19-01901,43120000,150000
R19-01902,31860000,60000
R19-01903,35080000,150000
R19-01904,71650000,300000
R19-01905,54120000,150000
R19-01906,45280000,150000
R19-01907,45510000,150000
R19-01908,33050000,60000
R19-01909,31130000,60000
R19-01910,121550000,300000
R19-01911,45670000,150000
R19-01912,2500000,0
R19-01913,63630000,150000
R19-01914,93510000,300000
R19-01915,95460000,300000
R19-01916,42450000,150000
R19-01917,38260000,150000
R19-01918,33130000,60000
R19-01919,41760000,150000
R19-01920,11770000,40000
R19-01921,82500000,300000
R19-01922,6360000,20000
R19-01923,93150000,300000
R19-01924,106960000,300000
R19-01925,116360000,300000
R19-01926,21960000,60000
R19-01927,24510000,60000
R19-01928,13950000,40000
R19-01929,26100000,60000
R19-01930,153660000,600000
R19-01931,2010000,0
R19-01932,16990000,40000
R19-01933,54280000,150000
R19-01934,2920000,0
R19-01935,33500000,150000
R19-01936,350000,0
R19-01937,2350000,0
R19-01938,42520000,150000
R19-01939,55260000,150000
R19-01940,6540000,20000
R19-01941,16700000,40000
R19-01942,38570000,150000
R19-01943,16120000,40000
R19-01944,12720000,40000
R19-01945,47410000,150000
R19-01946,8540000,20000
R19-01947,71810000,300000
R19-01948,32490000,60000
R19-01949,6660000,20000
R19-01950,88450000,300000
R19-01951,41800000,150000
R19-01952,73470000,300000
R19-01953,81740000,300000
R19-01954,3830000,0
R19-01955,15510000,40000
R19-01956,41270000,150000
R19-01957,13060000,40000
R19-01958,8040000,20000
R19-01959,24630000,60000
R19-01960,46310000,150000
R19-01961,118310000,300000
R19-01962,3750000,0
R19-01963,42310000,150000
R19-01964,11630000,40000
R19-01965,46590000,150000
R19-01966,42340000,150000
R19-01967,99180000,300000
R19-01968,63010000,150000
R19-01969,13330000,40000
R19-01970,36390000,150000
R19-01971,43940000,150000
R19-01972,44130000,150000
R19-01973,5600000,20000
R19-01974,6050000,20000
R19-01975,62730000,150000
R19-01976,13130000,40000
R19-01977,32660000,60000
R19-01978,70860000,300000
R19-01979,93200000,300000
R19-01980,42290000,150000
R19-01981,66860000,300000
R19-01982,53420000,150000
R19-01983,51900000,150000
R19-01984,28290000,60000
R19-01985,3730000,0
R19-01986,32710000,60000
R19-01987,42170000,150000
R19-01988,3080000,0
R19-01989,36600000,150000
R19-01990,13840000,40000
R19-01991,24830000,60000
R19-01992,42420000,150000
R19-01993,32090000,60000
R19-01994,36500000,150000
R19-01995,44980000,150000
R19-01996,16020000,40000
R19-01997,63340000,150000
R19-01998,62600000,150000
R19-01999,27830000,60000
R19-02000,8030000,20000
R19-02001,114610000,300000
R19-02002,43510000,150000
R19-02003,46760000,150000
R19-02004,22330000,60000
R19-02005,74720000,300000
R19-02006,114090000,300000
R19-02007,72920000,300000
R19-02008,66540000,150000
R19-02009,108360000,300000
R19-02010,31030000,60000
R19-02011,48360000,150000
R19-02012,22080000,60000
R19-02013,68900000,300000
R19-02014,2130000,0
R19-02015,35080000,150000
R19-02016,44440000,150000
R19-02017,35490000,150000
R19-02018,590000,0
R19-02019,26660000,60000
R19-02020,133870000,600000
R19-02021,4260000,0
R19-02022,5890000,20000
R19-02023,72830000,300000
R19-02024,54340000,150000
R19-02025,1860000,0
R19-02026,5400000,20000
R19-02027,46330000,150000
R19-02028,96280000,300000
R19-02029,43920000,150000
R19-02030,33770000,150000
R19-02031,7970000,20000
R19-02032,55370000,150000
R19-02033,34470000,150000
R19-02034,36760000,150000
R19-02035,43510000,150000
R19-02036,97640000,300000
R19-02037,71780000,300000
R19-02038,31700000,60000
R19-02039,21400000,60000
R19-02040,34800000,150000
R19-02041,47380000,150000
R19-02042,55750000,150000
R19-02043,34090000,150000
R19-02044,64190000,150000
R19-02045,86650000,300000
R19-02046,8050000,20000
R19-02047,15360000,40000
R19-02048,4340000,0
R19-02049,82180000,300000
R19-02050,46660000,150000
R19-02051,48820000,150000
R19-02052,2560000,0
R19-02053,1920000,0
R19-02054,30940000,60000
R19-02055,113860000,300000
R19-02056,12020000,40000
R19-02057,39040000,150000
R19-02058,2680000,0
R19-02059,65600000,150000
R19-02060,6690000,20000
R19-02061,13090000,40000
R19-02062,73160000,300000
R19-02063,12330000,40000
R19-02064,90990000,300000
R19-02065,50370000,150000
R19-02066,25510000,60000
R19-02067,11620000,40000
R19-02068,15070000,40000
R19-02069,11320000,40000
R19-02070,31420000,60000
R19-02071,64100000,150000
R19-02072,32270000,60000
R19-02073,14370000,40000
R19-02074,32440000,60000
R19-02075,104640000,300000
R19-02076,3050000,0
R19-02077,90780000,300000
R19-02078,21300000,60000
R19-02079,8760000,20000
R19-02080,23040000,60000
R19-02081,73930000,300000
R19-02082,5420000,20000
R19-02083,13750000,40000
R19-02084,92500000,300000
R19-02085,7770000,20000
R19-02086,14360000,40000
R19-02087,47590000,150000
R19-02088,92280000,300000
R19-02089,16100000,40000
R19-02090,43070000,150000
R19-02091,43980000,150000
R19-02092,23530000,60000
R19-02093,28100000,60000
R19-02094,7660000,20000
R19-02095,3220000,0
R19-02096,12500000,40000
R19-02097,61080000,150000
R19-02098,95650000,300000
R19-02099,17650000,40000
R19-02100,33200000,60000
R19-02101,22380000,60000
R19-02102,82180000,300000
R19-02103,30920000,60000
R19-02104,16580000,40000
R19-02105,25380000,60000
R19-02106,41320000,150000
R19-02107,171670000,600000
R19-02108,24270000,60000
R19-02109,32000000,60000
R19-02110,3510000,0
R19-02111,83660000,300000
R19-02112,3820000,0
R19-02113,12980000,40000
R19-02114,65040000,150000
R19-02115,107090000,300000
R19-02116,72730000,300000
R19-02117,23250000,60000
R19-02118,36640000,150000
R19-02119,3150000,0
R19-02120,33900000,150000
R19-02121,16490000,40000
R19-02122,42290000,150000
R19-02123,41960000,150000
R19-02124,34110000,150000
R19-02125,71840000,300000
R19-02126,53080000,150000
R19-02127,41030000,150000
R19-02128,4440000,0
R19-02129,32380000,60000
R19-02130,43040000,150000
R19-02131,36510000,150000
R19-02132,42950000,150000
R19-02133,32890000,60000
R19-02134,2080000,0
R19-02135,17040000,40000
R19-02136,88410000,300000
R19-02137,7010000,20000
R19-02138,67620000,300000
R19-02139,76950000,300000
R19-02140,33660000,150000
R19-02141,84910000,300000
R19-02142,13360000,40000
R19-02143,112990000,300000
R19-02144,3690000,0
R19-02145,84180000,300000
R19-02146,76730000,300000
R19-02147,33990000,150000
R19-02148,44920000,150000
R19-02149,6760000,20000
R19-02150,62730000,150000
R19-02151,108260000,300000
R19-02152,45330000,150000
R19-02153,5680000,20000
R19-02154,11360000,40000
R19-02155,38040000,150000
R19-02156,13360000,40000
R19-02157,57440000,150000
R19-02158,19380000,40000
R19-02159,13960000,40000
R19-02160,1290000,0
R19-02161,16640000,40000
R19-02162,52010000,150000
R19-02163,21810000,60000
R19-02164,990000,0
R19-02165,12420000,40000
R19-02166,25980000,60000
R19-02167,81570000,300000
R19-02168,16580000,40000
R19-02169,11670000,40000
R19-02170,101710000,300000
R19-02171,34780000,150000
R19-02172,30560000,60000
R19-02173,52240000,150000
R19-02174,101770000,300000
R19-02175,1780000,0
R19-02176,25300000,60000
R19-02177,13910000,40000
R19-02178,64280000,150000
R19-02179,56720000,150000
R19-02180,64710000,150000
R19-02181,1940000,0
R19-02182,37570000,150000
R19-02183,8470000,20000
R19-02184,21520000,60000
R19-02185,33860000,150000
R19-02186,25110000,60000
R19-02187,22900000,60000
R19-02188,84470000,300000
R19-02189,42600000,150000
R19-02190,65610000,150000
R19-02191,54680000,150000
R19-02192,91920000,300000
R19-02193,83330000,300000
R19-02194,71290000,300000
R19-02195,125780000,300000
R19-02196,2250000,0
R19-02197,20480000,60000
R19-02198,28340000,60000
R19-02199,41300000,150000
R19-02200,92340000,300000
R19-02201,43910000,150000
R19-02202,1850000,0
R19-02203,2230000,0
R19-02204,6410000,20000
R19-02205,41290000,150000
R19-02206,7350000,20000
R19-02207,15430000,40000
R19-02208,1890000,0
R19-02209,48760000,150000
R19-02210,35030000,150000
R19-02211,53710000,150000
R19-02212,17020000,40000
R19-02213,8160000,20000
R19-02214,76430000,300000
R19-02215,1670000,0
R19-02216,45540000,150000
R19-02217,32700000,60000
R19-02218,2910000,0
R19-02219,27940000,60000
R19-02220,3320000,0
R19-02221,1530000,0
R19-02222,6830000,20000
R19-02223,31290000,60000
R19-02224,25770000,60000
R19-02225,26270000,60000
R19-02226,93670000,300000
R19-02227,220000,0
R19-02228,51630000,150000
R19-02229,45220000,150000
R19-02230,36660000,150000
R19-02231,42160000,150000
R19-02232,15020000,40000
R19-02233,67880000,300000
R19-02234,17540000,40000
R19-02235,36960000,150000
R19-02236,68060000,300000
R19-02237,11990000,40000
R19-02238,44900000,150000
R19-02239,32100000,60000
R19-02240,22370000,60000
R19-02241,59720000,150000
R19-02242,92240000,300000
R19-02243,22970000,60000
R19-02244,57450000,150000
R19-02245,72070000,300000
R19-02246,14960000,40000
R19-02247,5560000,20000
R19-02248,31940000,60000
R19-02249,15640000,40000
R19-02250,41430000,150000
R19-02251,53360000,150000
R19-02252,95850000,300000
R19-02253,33900000,150000
R19-02254,17250000,40000
R19-02255,102920000,300000
R19-02256,65430000,150000
R19-02257,96520000,300000
R19-02258,34660000,150000
R19-02259,11970000,40000
R19-02260,95200000,300000
R19-02261,16400000,40000
R19-02262,25140000,60000
R19-02263,67700000,300000
R19-02264,4820000,0
R19-02265,52810000,150000
R19-02266,50750000,150000
R19-02267,43660000,150000
R19-02268,62090000,150000
R19-02269,55830000,150000
R19-02270,12390000,40000
R19-02271,93210000,300000
R19-02272,120540000,300000
R19-02273,55070000,150000
R19-02274,32280000,60000
R19-02275,49770000,150000
R19-02276,128790000,300000
R19-02277,2790000,0
R19-02278,22170000,60000
R19-02279,82840000,300000
R19-02280,2890000,0
R19-02281,106000000,300000
R19-02282,3680000,0
R19-02283,82870000,300000
R19-02284,53440000,150000
R19-02285,2510000,0
R19-02286,102840000,300000
R19-02287,11280000,40000
R19-02288,27440000,60000
R19-02289,1710000,0
R19-02290,92190000,300000
R19-02291,21500000,60000
R19-02292,24580000,60000
R19-02293,73900000,300000
R19-02294,22400000,60000
R19-02295,22740000,60000
R19-02296,56390000,150000
R19-02297,93620000,300000
R19-02298,57260000,150000
R19-02299,15790000,40000
R19-02300,113030000,300000
R19-02301,41030000,150000
R19-02302,94050000,300000
R19-02303,67500000,300000
R19-02304,32830000,60000
R19-02305,31620000,60000
R19-02306,110970000,300000
R19-02307,35150000,150000
R19-02308,15350000,40000
R19-02309,2710000,0
R19-02310,37770000,150000
R19-02311,103040000,300000
R19-02312,32110000,60000
R19-02313,13650000,40000
R19-02314,74430000,300000
R19-02315,83580000,300000
R19-02316,12000000,40000
R19-02317,7170000,20000
R19-02318,11710000,40000
R19-02319,3210000,0
R19-02320,62440000,150000
R19-02321,24430000,60000
R19-02322,53030000,150000
R19-02323,4370000,0
R19-02324,21880000,60000
R19-02325,43670000,150000
R19-02326,4390000,0
R19-02327,52750000,150000
R19-02328,42050000,150000
R19-02329,31800000,60000
R19-02330,82690000,300000
R19-02331,43520000,150000
R19-02332,53990000,150000
R19-02333,3230000,0
R19-02334,3420000,0
R19-02335,41900000,150000
R19-02336,114220000,300000
R19-02337,31250000,60000
R19-02338,17960000,40000
R19-02339,1890000,0
R19-02340,15190000,40000
R19-02341,14300000,40000
R19-02342,58640000,150000
R19-02343,12130000,40000
R19-02344,52460000,150000
R19-02345,10670000,40000
R19-02346,16320000,40000
R19-02347,82030000,300000
R19-02348,86660000,300000
R19-02349,33630000,150000
R19-02350,31060000,60000
R19-02351,23020000,60000
R19-02352,12720000,40000
R19-02353,24370000,60000
R19-02354,5470000,20000
R19-02355,31900000,60000
R19-02356,14030000,40000
R19-02357,72120000,300000
R19-02358,17190000,40000
R19-02359,2230000,0
R19-02360,23070000,60000
R19-02361,13940000,40000
R19-02362,61940000,150000
R19-02363,23570000,60000
R19-02364,32880000,60000
R19-02365,4280000,0
R19-02366,9380000,20000
R19-02367,95080000,300000
R19-02368,4590000,0
R19-02369,71500000,300000
R19-02370,43150000,150000
R19-02371,117130000,300000
R19-02372,56260000,150000
R19-02373,124640000,300000
R19-02374,63190000,150000
R19-02375,94090000,300000
R19-02376,21360000,60000
R19-02377,102110000,300000
R19-02378,32680000,60000
R19-02379,37990000,150000
R19-02380,45350000,150000
R19-02381,43720000,150000
R19-02382,53240000,150000
R19-02383,720000,0
R19-02384,12930000,40000
R19-02385,64060000,150000
R19-02386,70680000,300000
R19-02387,33480000,150000
R19-02388,12840000,40000
R19-02389,57420000,150000
R19-02390,5350000,20000
R19-02391,18980000,40000
R19-02392,61360000,150000
R19-02393,63590000,150000
R19-02394,13670000,40000
R19-02395,26090000,60000
R19-02396,11190000,40000
R19-02397,35640000,150000
R19-02398,21750000,60000
R19-02399,111780000,300000
R19-02400,55240000,150000
R19-02401,25060000,60000
R19-02402,69040000,300000
R19-02403,31530000,60000
R19-02404,14510000,40000
R19-02405,14670000,40000
R19-02406,2050000,0
R19-02407,24240000,60000
R19-02408,41790000,150000
R19-02409,13400000,40000
R19-02410,85490000,300000
R19-02411,3730000,0
R19-02412,22650000,60000
R19-02413,41800000,150000
R19-02414,3260000,0
R19-02415,91560000,300000
R19-02416,35540000,150000
R19-02417,92280000,300000
R19-02418,76930000,300000
R19-02419,40420000,150000
R19-02420,7240000,20000
R19-02421,29280000,60000
R19-02422,23490000,60000
R19-02423,58090000,150000
R19-02424,35040000,150000
R19-02425,23020000,60000
R19-02426,2490000,0
R19-02427,34190000,150000
R19-02428,5150000,20000
R19-02429,45360000,150000
R19-02430,153520000,600000
R19-02431,4860000,0
R19-02432,44630000,150000
R19-02433,62840000,150000
R19-02434,14680000,40000
R19-02435,14200000,40000
R19-02436,25460000,60000
R19-02437,16340000,40000
R19-02438,21510000,60000
R19-02439,3090000,0
R19-02440,74990000,300000
R19-02441,24870000,60000
R19-02442,44650000,150000
R19-02443,83690000,300000
R19-02444,45430000,150000
R19-02445,91360000,300000
R19-02446,41490000,150000
R19-02447,20870000,60000
R19-02448,2470000,0
R19-02449,40900000,150000
R19-02450,24990000,60000
R19-02451,102020000,300000
R19-02452,10520000,40000
R19-02453,31640000,60000
R19-02454,46220000,150000
R19-02455,43010000,150000
R19-02456,65700000,150000
R19-02457,33770000,150000
R19-02458,4240000,0
R19-02459,4480000,0
R19-02460,136330000,600000
R19-02461,2830000,0
R19-02462,1630000,0
R19-02463,35380000,150000
R19-02464,26140000,60000
R19-02465,72140000,300000
R19-02466,4490000,0
R19-02467,54160000,150000
R19-02468,82370000,300000
R19-02469,62930000,150000
R19-02470,11760000,40000
R19-02471,41310000,150000
R19-02472,92670000,300000
R19-02473,35360000,150000
R19-02474,54980000,150000
R19-02475,62850000,150000
R19-02476,17580000,40000
R19-02477,1940000,0
R19-02478,50800000,150000
R19-02479,54480000,150000
R19-02480,28780000,60000
R19-02481,73330000,300000
R19-02482,37540000,150000
R19-02483,25760000,60000
R19-02484,2730000,0
R19-02485,58270000,150000
R19-02486,61470000,150000
R19-02487,7460000,20000
R19-02488,25080000,60000
R19-02489,32000000,60000
R19-02490,14630000,40000
R19-02491,1880000,0
R19-02492,41890000,150000
R19-02493,11540000,40000
R19-02494,107660000,300000
R19-02495,53190000,150000
R19-02496,66600000,150000
R19-02497,46500000,150000
R19-02498,5060000,20000
R19-02499,3180000,0
R19-02500,52720000,150000
R19-02501,227570000,1000000
R19-02502,1610000,0
R19-02503,26030000,60000
R19-02504,26770000,60000
R19-02505,45770000,150000
R19-02506,28210000,60000
R19-02507,26410000,60000
R19-02508,33840000,150000
R19-02509,44680000,150000
R19-02510,47180000,150000
R19-02511,55250000,150000
R19-02512,66270000,150000
R19-02513,43270000,150000
R19-02514,74500000,300000
R19-02515,24230000,60000
R19-02516,11710000,40000
R19-02517,42120000,150000
R19-02518,91760000,300000
R19-02519,121910000,300000
R19-02520,2410000,0
R19-02521,48120000,150000
R19-02522,4420000,0
R19-02523,21750000,60000
R19-02524,68970000,300000
R19-02525,15470000,40000
R19-02526,670000,0
R19-02527,34210000,150000
R19-02528,133450000,600000
R19-02529,33780000,150000
R19-02530,14780000,40000
R19-02531,60880000,150000
R19-02532,16140000,40000
R19-02533,73420000,300000
R19-02534,22840000,60000
R19-02535,102120000,300000
R19-02536,13980000,40000
R19-02537,41700000,150000
R19-02538,24520000,60000
R19-02539,57460000,150000
R19-02540,93100000,300000
R19-02541,31360000,60000
R19-02542,71870000,300000
R19-02543,101890000,300000
R19-02544,73030000,300000
R19-02545,64520000,150000
R19-02546,34930000,150000
R19-02547,83510000,300000
R19-02548,106380000,300000
R19-02549,71780000,300000
R19-02550,4220000,0
R19-02551,73020000,300000
R19-02552,5510000,20000
R19-02553,21380000,60000
R19-02554,6290000,20000
R19-02555,2660000,0
R19-02556,61810000,150000
R19-02557,87550000,300000
R19-02558,60660000,150000
R19-02559,44360000,150000
R19-02560,60920000,150000
R19-02561,23470000,60000
R19-02562,2310000,0
R19-02563,75680000,300000
R19-02564,13180000,40000
R19-02565,21650000,60000
R19-02566,7080000,20000
R19-02567,64000000,150000
R19-02568,32830000,60000
R19-02569,5230000,20000
R19-02570,72160000,300000
R19-02571,22820000,60000
R19-02572,101190000,300000
R19-02573,89090000,300000
R19-02574,17880000,40000
R19-02575,125530000,300000
R19-02576,61970000,150000
R19-02577,55870000,150000
R19-02578,25860000,60000
R19-02579,22430000,60000
R19-02580,12550000,40000
R19-02581,26220000,60000
R19-02582,65280000,150000
R19-02583,10870000,40000
R19-02584,28900000,60000
R19-02585,43320000,150000
R19-02586,92320000,300000
R19-02587,42500000,150000
R19-02588,98750000,300000
R19-02589,15300000,40000
R19-02590,970000,0
R19-02591,13610000,40000
R19-02592,34450000,150000
R19-02593,61140000,150000
R19-02594,3730000,0
R19-02595,53270000,150000
R19-02596,25570000,60000
R19-02597,34610000,150000
R19-02598,41860000,150000
R19-02599,85850000,300000
R19-02600,62880000,150000
R19-02601,55980000,150000
R19-02602,65850000,150000
R19-02603,3430000,0
R19-02604,53220000,150000
R19-02605,7050000,20000
R19-02606,37210000,150000
R19-02607,2900000,0
R19-02608,22650000,60000
R19-02609,32080000,60000
R19-02610,44360000,150000
R19-02611,41950000,150000
R19-02612,14310000,40000
R19-02613,3710000,0
R19-02614,114660000,300000
R19-02615,44370000,150000
R19-02616,25720000,60000
R19-02617,2020000,0
R19-02618,62430000,150000
R19-02619,3630000,0
R19-02620,84800000,300000
R19-02621,76980000,300000
R19-02622,115400000,300000
R19-02623,33520000,150000
R19-02624,35540000,150000
R19-02625,94610000,300000
R19-02626,13170000,40000
R19-02627,27840000,60000
R19-02628,56920000,150000
R19-02629,95100000,300000
R19-02630,27470000,60000
R19-02631,41070000,150000
R19-02632,2030000,0
R19-02633,8990000,20000
R19-02634,13550000,40000
R19-02635,121890000,300000
R19-02636,31110000,60000
R19-02637,25140000,60000
R19-02638,81810000,300000
R19-02639,11340000,40000
R19-02640,44790000,150000
R19-02641,62840000,150000
R19-02642,4610000,0
R19-02643,32610000,60000
R19-02644,91830000,300000
R19-02645,65570000,150000
R19-02646,21340000,60000
R19-02647,10680000,40000
R19-02648,43340000,150000
R19-02649,23080000,60000
R19-02650,106330000,300000
R19-02651,11450000,40000
R19-02652,123130000,300000
R19-02653,11040000,40000
R19-02654,73340000,300000
R19-02655,44870000,150000
R19-02656,34150000,150000
R19-02657,51780000,150000
R19-02658,106670000,300000
R19-02659,71200000,300000
R19-02660,33720000,150000
R19-02661,11770000,40000
R19-02662,14100000,40000
R19-02663,81310000,300000
R19-02664,2120000,0
R19-02665,102310000,300000
R19-02666,20440000,60000
R19-02667,8100000,20000
R19-02668,7960000,20000
R19-02669,24310000,60000
R19-02670,1400000,0
R19-02671,34130000,150000
R19-02672,144650000,600000
R19-02673,86880000,300000
R19-02674,3990000,0
R19-02675,31710000,60000
R19-02676,27860000,60000
R19-02677,30690000,60000
R19-02678,14010000,40000
R19-02679,76310000,300000
R19-02680,33890000,150000
R19-02681,51240000,150000
R19-02682,11670000,40000
R19-02683,44430000,150000
R19-02684,42190000,150000
R19-02685,63640000,150000
R19-02686,28950000,60000
R19-02687,12100000,40000
R19-02688,25130000,60000
R19-02689,33440000,150000
R19-02690,64160000,150000
R19-02691,63360000,150000
R19-02692,134670000,600000
R19-02693,85880000,300000
R19-02694,41680000,150000
R19-02695,92260000,300000
R19-02696,102480000,300000
R19-02697,11730000,40000
R19-02698,13220000,40000
R19-02699,10940000,40000
R19-02700,26300000,60000
R19-02701,2040000,0
R19-02702,6430000,20000
R19-02703,18090000,40000
R19-02704,117750000,300000
R19-02705,127020000,300000
R19-02706,94380000,300000
R19-02707,73460000,300000
R19-02708,42870000,150000
R19-02709,42180000,150000
R19-02710,97500000,300000
R19-02711,124770000,300000
R19-02712,8090000,20000
R19-02713,610000,0
R19-02714,75220000,300000
R19-02715,45330000,150000
R19-02716,65450000,150000
R19-02717,64330000,150000
R19-02718,35870000,150000
R19-02719,12940000,40000
R19-02720,44030000,150000
R19-02721,32940000,60000
R19-02722,63540000,150000
R19-02723,33430000,150000
R19-02724,93850000,300000
R19-02725,86290000,300000
R19-02726,43350000,150000
R19-02727,16890000,40000
R19-02728,91750000,300000
R19-02729,122850000,300000
R19-02730,21460000,60000
R19-02731,4640000,0
R19-02732,130480000,300000
R19-02733,64490000,150000
R19-02734,19060000,40000
R19-02735,107140000,300000
R19-02736,33440000,150000
R19-02737,66760000,300000
R19-02738,42370000,150000
R19-02739,136510000,600000
R19-02740,14960000,40000
R19-02741,52600000,150000
R19-02742,40960000,150000
R19-02743,123910000,300000
R19-02744,96310000,300000
R19-02745,1890000,0
R19-02746,62580000,150000
R19-02747,86110000,300000
R19-02748,14990000,40000
R19-02749,22310000,60000
R19-02750,75270000,300000
R19-02751,22650000,60000
R19-02752,32260000,60000
R19-02753,3940000,0
R19-02754,62360000,150000
R19-02755,46000000,150000
R19-02756,13550000,40000
R19-02757,7970000,20000
R19-02758,4490000,0
R19-02759,4420000,0
R19-02760,50720000,150000
R19-02761,16360000,40000
R19-02762,25320000,60000
R19-02763,41840000,150000
R19-02764,96360000,300000
R19-02765,89180000,300000
R19-02766,41800000,150000
R19-02767,64780000,150000
R19-02768,33430000,150000
R19-02769,82280000,300000
R19-02770,81460000,300000
R19-02771,10820000,40000
R19-02772,63900000,150000
R19-02773,25550000,60000
R19-02774,68220000,300000
R19-02775,3910000,0
R19-02776,74780000,300000
R19-02777,31080000,60000
R19-02778,23840000,60000
R19-02779,74230000,300000
R19-02780,1050000,0
R19-02781,62830000,150000
R19-02782,62320000,150000
R19-02783,106920000,300000
R19-02784,14240000,40000
R19-02785,78850000,300000
R19-02786,33470000,150000
R19-02787,11600000,40000
R19-02788,92900000,300000
R19-02789,51920000,150000
R19-02790,27010000,60000
R19-02791,7160000,20000
R19-02792,59510000,150000
R19-02793,1490000,0
R19-02794,53030000,150000
R19-02795,14030000,40000
R19-02796,67680000,300000
R19-02797,21630000,60000
R19-02798,2770000,0
R19-02799,48480000,150000
R19-02800,79490000,300000
R19-02801,14340000,40000
R19-02802,61800000,150000
R19-02803,117390000,300000
R19-02804,92200000,300000
R19-02805,35650000,150000
R19-02806,64590000,150000
R19-02807,4950000,0
R19-02808,6350000,20000
R19-02809,56890000,150000
R19-02810,60530000,150000
R19-02811,17390000,40000
R19-02812,24480000,60000
R19-02813,21730000,60000
R19-02814,26590000,60000
R19-02815,38490000,150000
R19-02816,71000000,300000
R19-02817,34740000,150000
R19-02818,7120000,20000
R19-02819,65420000,150000
R19-02820,14070000,40000
R19-02821,16220000,40000
R19-02822,40370000,150000
R19-02823,61090000,150000
R19-02824,24350000,60000
R19-02825,54990000,150000
R19-02826,62540000,150000
R19-02827,73500000,300000
R19-02828,24950000,60000
R19-02829,48200000,150000
R19-02830,71930000,300000
R19-02831,42550000,150000
R19-02832,84550000,300000
R19-02833,970000,0
R19-02834,156060000,600000
R19-02835,82260000,300000
R19-02836,65180000,150000
R19-02837,31790000,60000
R19-02838,7980000,20000
R19-02839,62690000,150000
R19-02840,35030000,150000
R19-02841,94760000,300000
R19-02842,42120000,150000
R19-02843,70200000,300000
R19-02844,35370000,150000
R19-02845,34000000,150000
R19-02846,73030000,300000
R19-02847,11080000,40000
R19-02848,3570000,0
R19-02849,23400000,60000
R19-02850,62210000,150000
R19-02851,1430000,0
R19-02852,6840000,20000
R19-02853,25580000,60000
R19-02854,1870000,0
R19-02855,53200000,150000
R19-02856,44000000,150000
R19-02857,610000,0
R19-02858,21390000,60000
R19-02859,64380000,150000
R19-02860,13130000,40000
R19-02861,17140000,40000
R19-02862,95040000,300000
R19-02863,3870000,0
R19-02864,94780000,300000
R19-02865,24460000,60000
R19-02866,73800000,300000
R19-02867,12020000,40000
R19-02868,14730000,40000
R19-02869,22560000,60000
R19-02870,72500000,300000
R19-02871,43720000,150000
R19-02872,112140000,300000
R19-02873,61420000,150000
R19-02874,142790000,600000
R19-02875,30260000,60000
R19-02876,12120000,40000
R19-02877,91270000,300000
R19-02878,76130000,300000
R19-02879,74130000,300000
R19-02880,25570000,60000
R19-02881,37490000,150000
R19-02882,65900000,150000
R19-02883,11260000,40000
R19-02884,62250000,150000
R19-02885,37690000,150000
R19-02886,47150000,150000
R19-02887,4000000,0
R19-02888,43220000,150000
R19-02889,77780000,300000
R19-02890,16220000,40000
R19-02891,63980000,150000
R19-02892,81780000,300000
R19-02893,22610000,60000
R19-02894,24260000,60000
R19-02895,101380000,300000
R19-02896,21180000,60000
R19-02897,5890000,20000
R19-02898,66540000,150000
R19-02899,11060000,40000
R19-02900,32200000,60000
R19-02901,27310000,60000
R19-02902,43870000,150000
R19-02903,95810000,300000
R19-02904,53530000,150000
R19-02905,22610000,60000
R19-02906,35040000,150000
R19-02907,34650000,150000
R19-02908,33650000,150000
R19-02909,101610000,300000
R19-02910,136820000,600000
R19-02911,55580000,150000
R19-02912,8780000,20000
R19-02913,12710000,40000
R19-02914,94060000,300000
R19-02915,35720000,150000
R19-02916,16750000,40000
R19-02917,34040000,150000
R19-02918,1360000,0
R19-02919,150570000,600000
R19-02920,82590000,300000
R19-02921,25600000,60000
R19-02922,62300000,150000
R19-02923,14780000,40000
R19-02924,96260000,300000
R19-02925,82910000,300000
R19-02926,61150000,150000
R19-02927,71270000,300000
R19-02928,122490000,300000
R19-02929,42700000,150000
R19-02930,67330000,300000
R19-02931,125050000,300000
R19-02932,55750000,150000
R19-02933,24940000,60000
R19-02934,71710000,300000
R19-02935,33240000,60000
R19-02936,45900000,150000
R19-02937,71980000,300000
R19-02938,6570000,20000
R19-02939,75250000,300000
R19-02940,32020000,60000
R19-02941,1210000,0
R19-02942,54790000,150000
R19-02943,15510000,40000
R19-02944,32510000,60000
R19-02945,35620000,150000
R19-02946,22190000,60000
R19-02947,27950000,60000
R19-02948,33020000,60000
R19-02949,4890000,0
R19-02950,6150000,20000
R19-02951,12740000,40000
R19-02952,67920000,300000
R19-02953,45190000,150000
R19-02954,42540000,150000
R19-02955,97180000,300000
R19-02956,71760000,300000
R19-02957,32480000,60000
R19-02958,108550000,300000
R19-02959,2630000,0
R19-02960,16630000,40000
R19-02961,71010000,300000
R19-02962,40970000,150000
R19-02963,24820000,60000
R19-02964,12600000,40000
R19-02965,34430000,150000
R19-02966,3340000,0
R19-02967,38070000,150000
R19-02968,121710000,300000
R19-02969,64920000,150000
R19-02970,2770000,0
R19-02971,44040000,150000
R19-02972,42760000,150000
R19-02973,81490000,300000
R19-02974,54370000,150000
R19-02975,53460000,150000
R19-02976,72180000,300000
R19-02977,36430000,150000
R19-02978,44150000,150000
R19-02979,2490000,0
R19-02980,1510000,0
R19-02981,43550000,150000
R19-02982,12970000,40000
R19-02983,31150000,60000
R19-02984,41320000,150000
R19-02985,46280000,150000
R19-02986,64500000,150000
R19-02987,92490000,300000
R19-02988,4640000,0
R19-02989,32850000,60000
R19-02990,5110000,20000
R19-02991,34330000,150000
R19-02992,112210000,300000
R19-02993,41060000,150000
R19-02994,94140000,300000
R19-02995,71130000,300000
R19-02996,73440000,300000
R19-02997,520000,0
R19-02998,92060000,300000
R19-02999,67030000,300000
R19-03000,33220000,60000
R19-03001,102120000,300000
R19-03002,26160000,60000
R19-03003,33470000,150000
R19-03004,54210000,150000
R19-03005,87200000,300000
R19-03006,113460000,300000
R19-03007,12650000,40000
R19-03008,13950000,40000
R19-03009,75900000,300000
R19-03010,83890000,300000
R19-03011,23220000,60000
R19-03012,71850000,300000
R19-03013,19530000,40000
R19-03014,42980000,150000
R19-03015,46890000,150000
R19-03016,52770000,150000
R19-03017,26050000,60000
R19-03018,5280000,20000
R19-03019,60880000,150000
R19-03020,5610000,20000
R19-03021,52680000,150000
R19-03022,13810000,40000
R19-03023,39830000,150000
R19-03024,12680000,40000
R19-03025,28090000,60000
R19-03026,57300000,150000
R19-03027,24290000,60000
R19-03028,8370000,20000
R19-03029,71800000,300000
R19-03030,50920000,150000
R19-03031,14340000,40000
R19-03032,105420000,300000
R19-03033,23570000,60000
R19-03034,87640000,300000
R19-03035,48610000,150000
R19-03036,52190000,150000
R19-03037,52550000,150000
R19-03038,35860000,150000
R19-03039,92620000,300000
R19-03040,2510000,0
R19-03041,35880000,150000
R19-03042,42520000,150000
R19-03043,56820000,150000
R19-03044,2590000,0
R19-03045,44070000,150000
R19-03046,136680000,600000
R19-03047,25850000,60000
R19-03048,27300000,60000
R19-03049,54460000,150000
R19-03050,143080000,600000
R19-03051,110980000,300000
R19-03052,35020000,150000
R19-03053,104810000,300000
R19-03054,1380000,0
R19-03055,39230000,150000
R19-03056,136700000,600000
R19-03057,65640000,150000
R19-03058,213110000,1000000
R19-03059,13360000,40000
R19-03060,24140000,60000
R19-03061,64470000,150000
R19-03062,35400000,150000
R19-03063,28840000,60000
R19-03064,82250000,300000
R19-03065,22380000,60000
R19-03066,45300000,150000
R19-03067,53520000,150000
R19-03068,22540000,60000
R19-03069,38160000,150000
R19-03070,23510000,60000
R19-03071,16550000,40000
R19-03072,2800000,0
R19-03073,22830000,60000
R19-03074,2540000,0
R19-03075,86540000,300000
R19-03076,63660000,150000
R19-03077,17690000,40000
R19-03078,63860000,150000
R19-03079,24060000,60000
R19-03080,51890000,150000
R19-03081,10900000,40000
R19-03082,24170000,60000
R19-03083,11740000,40000
R19-03084,21950000,60000
R19-03085,4420000,0
R19-03086,75340000,300000
R19-03087,66790000,300000
R19-03088,12310000,40000
R19-03089,62260000,150000
R19-03090,52010000,150000
R19-03091,1900000,0
R19-03092,45660000,150000
R19-03093,11440000,40000
R19-03094,24600000,60000
R19-03095,34550000,150000
R19-03096,17600000,40000
R19-03097,24510000,60000
R19-03098,1100000,0
R19-03099,6530000,20000
R19-03100,15230000,40000
R19-03101,35330000,150000
R19-03102,72360000,300000
R19-03103,25070000,60000
R19-03104,5650000,20000
R19-03105,16070000,40000
R19-03106,17860000,40000
R19-03107,13890000,40000
R19-03108,104190000,300000
R19-03109,67290000,300000
R19-03110,13650000,40000
R19-03111,33830000,150000
R19-03112,1300000,0
R19-03113,1840000,0
R19-03114,51920000,150000
R19-03115,40820000,150000
R19-03116,1120000,0
R19-03117,23070000,60000
R19-03118,950000,0
R19-03119,40550000,150000
R19-03120,43090000,150000
R19-03121,21930000,60000
R19-03122,45210000,150000
R19-03123,6060000,20000
R19-03124,4110000,0
R19-03125,3990000,0
R19-03126,52950000,150000
R19-03127,33150000,60000
R19-03128,24360000,60000
R19-03129,21980000,60000
R19-03130,66810000,300000
R19-03131,155970000,600000
R19-03132,7760000,20000
R19-03133,64600000,150000
R19-03134,14720000,40000
R19-03135,42690000,150000
R19-03136,16320000,40000
R19-03137,47720000,150000
R19-03138,51860000,150000
R19-03139,50640000,150000
R19-03140,16560000,40000
R19-03141,3190000,0
R19-03142,7270000,20000
R19-03143,6470000,20000
R19-03144,51590000,150000
R19-03145,46960000,150000
R19-03146,30600000,60000
R19-03147,45250000,150000
R19-03148,63240000,150000
R19-03149,58230000,150000
R19-03150,22320000,60000
R19-03151,4180000,0
R19-03152,3680000,0
R19-03153,85310000,300000
R19-03154,6850000,20000
R19-03155,4500000,0
R19-03156,46000000,150000
R19-03157,45340000,150000
R19-03158,2950000,0
R19-03159,21670000,60000
R19-03160,3870000,0
R19-03161,35670000,150000
R19-03162,21340000,60000
R19-03163,107810000,300000
R19-03164,13050000,40000
R19-03165,4130000,0
R19-03166,2200000,0
R19-03167,21960000,60000
R19-03168,101300000,300000
R19-03169,35960000,150000
R19-03170,2380000,0
R19-03171,82940000,300000
R19-03172,65920000,150000
R19-03173,43460000,150000
R19-03174,73130000,300000
R19-03175,82740000,300000
R19-03176,33850000,150000
R19-03177,3750000,0
R19-03178,6740000,20000
R19-03179,23290000,60000
R19-03180,26430000,60000
R19-03181,14000000,40000
R19-03182,33600000,150000
R19-03183,68570000,300000
R19-03184,91420000,300000
R19-03185,12080000,40000
R19-03186,4280000,0
R19-03187,84150000,300000
R19-03188,84550000,300000
R19-03189,63860000,150000
R19-03190,33390000,150000
R19-03191,63520000,150000
R19-03192,66770000,300000
R19-03193,17120000,40000
R19-03194,23460000,60000
R19-03195,96820000,300000
R19-03196,174050000,600000
R19-03197,2480000,0
R19-03198,33620000,150000
R19-03199,23290000,60000
R19-03200,25730000,60000
R19-03201,23470000,60000
R19-03202,102470000,300000
R19-03203,83880000,300000
R19-03204,17430000,40000
R19-03205,10640000,40000
R19-03206,12520000,40000
R19-03207,62560000,150000
R19-03208,36060000,150000
R19-03209,76280000,300000
R19-03210,21770000,60000
R19-03211,34690000,150000
R19-03212,2610000,0
R19-03213,40140000,150000
R19-03214,16770000,40000
R19-03215,17150000,40000
R19-03216,53240000,150000
R19-03217,62450000,150000
R19-03218,2890000,0
R19-03219,16490000,40000
R19-03220,32150000,60000
R19-03221,11350000,40000
R19-03222,4400000,0
R19-03223,42210000,150000
R19-03224,6530000,20000
R19-03225,56450000,150000
R19-03226,64070000,150000
R19-03227,72120000,300000
R19-03228,115290000,300000
R19-03229,45880000,150000
R19-03230,7350000,20000
R19-03231,39370000,150000
R19-03232,35040000,150000
R19-03233,2010000,0
R19-03234,50630000,150000
R19-03235,15470000,40000
R19-03236,6920000,20000
R19-03237,42440000,150000
R19-03238,105850000,300000
R19-03239,31650000,60000
R19-03240,84020000,300000
R19-03241,124320000,300000
R19-03242,30590000,60000
R19-03243,71290000,300000
R19-03244,15270000,40000
R19-03245,74690000,300000
R19-03246,42480000,150000
R19-03247,3800000,0
R19-03248,113000000,300000
R19-03249,46400000,150000
R19-03250,46830000,150000
R19-03251,7920000,20000
R19-03252,35220000,150000
R19-03253,66940000,300000
R19-03254,61010000,150000
R19-03255,143920000,600000
R19-03256,96460000,300000
R19-03257,5340000,20000
R19-03258,22980000,60000
R19-03259,27760000,60000
R19-03260,76520000,300000
R19-03261,56140000,150000
R19-03262,81830000,300000
R19-03263,7020000,20000
R19-03264,43760000,150000
R19-03265,41920000,150000
R19-03266,63080000,150000
R19-03267,58550000,150000
R19-03268,22270000,60000
R19-03269,15450000,40000
R19-03270,34670000,150000
R19-03271,97580000,300000
R19-03272,74800000,300000
R19-03273,26170000,60000
R19-03274,4650000,0
R19-03275,6990000,20000
R19-03276,56620000,150000
R19-03277,35430000,150000
R19-03278,45450000,150000
R19-03279,24910000,60000
R19-03280,53810000,150000
R19-03281,95360000,300000
R19-03282,66740000,300000
R19-03283,34370000,150000
R19-03284,106480000,300000
R19-03285,2500000,0
R19-03286,34760000,150000
R19-03287,82860000,300000
R19-03288,90780000,300000
R19-03289,18530000,40000
R19-03290,20800000,60000
R19-03291,15170000,40000
R19-03292,76520000,300000
R19-03293,37120000,150000
R19-03294,15830000,40000
R19-03295,51390000,150000
R19-03296,2440000,0
R19-03297,33350000,150000
R19-03298,52920000,150000
R19-03299,68530000,300000
R19-03300,33270000,60000
R19-03301,63030000,150000
R19-03302,53140000,150000
R19-03303,51970000,150000
R19-03304,23960000,60000
R19-03305,74900000,300000
R19-03306,52280000,150000
R19-03307,45860000,150000
R19-03308,71670000,300000
R19-03309,21870000,60000
R19-03310,14360000,40000
R19-03311,13840000,40000
R19-03312,4970000,0
R19-03313,12630000,40000
R19-03314,84980000,300000
R19-03315,76290000,300000
R19-03316,71890000,300000
R19-03317,24590000,60000
R19-03318,5690000,20000
R19-03319,81340000,300000
R19-03320,21710000,60000
R19-03321,14660000,40000
R19-03322,69450000,300000
R19-03323,3450000,0
R19-03324,138310000,600000
R19-03325,54140000,150000
R19-03326,32680000,60000
R19-03327,76730000,300000
R19-03328,12360000,40000
R19-03329,74440000,300000
R19-03330,44330000,150000
R19-03331,12380000,40000
R19-03332,16370000,40000
R19-03333,43890000,150000
R19-03334,76910000,300000
R19-03335,103680000,300000
R19-03336,53750000,150000
R19-03337,4860000,0
R19-03338,85190000,300000
R19-03339,22350000,60000
R19-03340,173410000,600000
R19-03341,34000000,150000
R19-03342,13690000,40000
R19-03343,31510000,60000
R19-03344,2600000,0
R19-03345,4860000,0
R19-03346,53300000,150000
R19-03347,64800000,150000
R19-03348,26820000,60000
R19-03349,215380000,1000000
R19-03350,35360000,150000
R19-03351,18920000,40000
R19-03352,62210000,150000
R19-03353,143520000,600000
R19-03354,13950000,40000
R19-03355,53170000,150000
R19-03356,33710000,150000
R19-03357,53610000,150000
R19-03358,74920000,300000
R19-03359,7160000,20000
R19-03360,52080000,150000
R19-03361,32120000,60000
R19-03362,41520000,150000
R19-03363,15560000,40000
R19-03364,12080000,40000
R19-03365,43000000,150000
R19-03366,60910000,150000
R19-03367,2180000,0
R19-03368,84530000,300000
R19-03369,83670000,300000
R19-03370,13850000,40000
R19-03371,47440000,150000
R19-03372,5200000,20000
R19-03373,85500000,300000
R19-03374,55400000,150000
R19-03375,26660000,60000
R19-03376,94550000,300000
R19-03377,32780000,60000
R19-03378,24320000,60000
R19-03379,13550000,40000
R19-03380,47410000,150000
R19-03381,21530000,60000
R19-03382,36950000,150000
R19-03383,21480000,60000
R19-03384,72630000,300000
R19-03385,112850000,300000
R19-03386,92390000,300000
R19-03387,11850000,40000
R19-03388,61060000,150000
R19-03389,133360000,600000
R19-03390,41210000,150000
R19-03391,20780000,60000
R19-03392,43040000,150000
R19-03393,33630000,150000
R19-03394,25560000,60000
R19-03395,8150000,20000
R19-03396,24250000,60000
R19-03397,23050000,60000
R19-03398,44430000,150000
R19-03399,1100000,0
R19-03400,13840000,40000
R19-03401,113870000,300000
R19-03402,2220000,0
R19-03403,12550000,40000
R19-03404,43460000,150000
R19-03405,44660000,150000
R19-03406,30230000,60000
R19-03407,42310000,150000
R19-03408,4980000,0
R19-03409,172190000,600000
R19-03410,9000000,20000
R19-03411,71680000,300000
R19-03412,63360000,150000
R19-03413,12570000,40000
R19-03414,5440000,20000
R19-03415,40430000,150000
R19-03416,52540000,150000
R19-03417,47900000,150000
R19-03418,82680000,300000
R19-03419,53010000,150000
R19-03420,64220000,150000
R19-03421,61350000,150000
R19-03422,43500000,150000
R19-03423,83950000,300000
R19-03424,35300000,150000
R19-03425,97410000,300000
R19-03426,3020000,0
R19-03427,3060000,0
R19-03428,34590000,150000
R19-03429,14360000,40000
R19-03430,2530000,0
R19-03431,155230000,600000
R19-03432,5490000,20000
R19-03433,92090000,300000
R19-03434,45310000,150000
R19-03435,131640000,300000
R19-03436,32240000,60000
R19-03437,84450000,300000
R19-03438,87080000,300000
R19-03439,62730000,150000
R19-03440,50660000,150000
R19-03441,23060000,60000
R19-03442,36000000,150000
R19-03443,43630000,150000
R19-03444,55370000,150000
R19-03445,66730000,300000
R19-03446,53360000,150000
R19-03447,43440000,150000
R19-03448,125900000,300000
R19-03449,2910000,0
R19-03450,55240000,150000
R19-03451,111470000,300000
R19-03452,4300000,0
R19-03453,38540000,150000
R19-03454,31520000,60000
R19-03455,12180000,40000
R19-03456,52780000,150000
R19-03457,4250000,0
R19-03458,3630000,0
R19-03459,34040000,150000
R19-03460,2020000,0
R19-03461,11500000,40000
R19-03462,12240000,40000
R19-03463,81420000,300000
R19-03464,12420000,40000
R19-03465,45100000,150000
R19-03466,39650000,150000
R19-03467,54900000,150000
R19-03468,72650000,300000
R19-03469,34570000,150000
R19-03470,23450000,60000
R19-03471,101870000,300000
R19-03472,32670000,60000
R19-03473,12870000,40000
R19-03474,25110000,60000
R19-03475,18420000,40000
R19-03476,14770000,40000
R19-03477,7140000,20000
R19-03478,6900000,20000
R19-03479,2080000,0
R19-03480,74690000,300000
R19-03481,24100000,60000
R19-03482,115870000,300000
R19-03483,62680000,150000
R19-03484,83250000,300000
R19-03485,42490000,150000
R19-03486,13620000,40000
R19-03487,89820000,300000
R19-03488,103200000,300000
R19-03489,78650000,300000
R19-03490,71640000,300000
R19-03491,3140000,0
R19-03492,1790000,0
R19-03493,55030000,150000
R19-03494,60190000,150000
R19-03495,1470000,0
R19-03496,65340000,150000
R19-03497,73040000,300000
R19-03498,21990000,60000
R19-03499,71240000,300000
R19-03500,16380000,40000
R19-03501,1100000,0
R19-03502,4110000,0
R19-03503,3290000,0
R19-03504,103290000,300000
R19-03505,17640000,40000
R19-03506,30890000,60000
R19-03507,61540000,150000
R19-03508,32780000,60000
R19-03509,93870000,300000
R19-03510,11260000,40000
R19-03511,96090000,300000
R19-03512,1490000,0
R19-03513,14380000,40000
R19-03514,69140000,300000
R19-03515,51060000,150000
R19-03516,34000000,150000
R19-03517,63470000,150000
R19-03518,16240000,40000
R19-03519,62800000,150000
R19-03520,53350000,150000
R19-03521,44130000,150000
R19-03522,23390000,60000
R19-03523,13440000,40000
R19-03524,5320000,20000
R19-03525,33500000,150000
R19-03526,91120000,300000
R19-03527,21930000,60000
R19-03528,92510000,300000
R19-03529,29510000,60000
R19-03530,40370000,150000
R19-03531,13700000,40000
R19-03532,22340000,60000
R19-03533,57460000,150000
R19-03534,31720000,60000
R19-03535,101400000,300000
R19-03536,92550000,300000
R19-03537,72450000,300000
R19-03538,25210000,60000
R19-03539,74850000,300000
R19-03540,7010000,20000
R19-03541,30550000,60000
R19-03542,1930000,0
R19-03543,21330000,60000
R19-03544,61150000,150000
R19-03545,62100000,150000
R19-03546,6280000,20000
R19-03547,52390000,150000
R19-03548,3390000,0
R19-03549,102500000,300000
R19-03550,30550000,60000
R19-03551,42110000,150000
R19-03552,24680000,60000
R19-03553,12400000,40000
R19-03554,12510000,40000
R19-03555,33100000,60000
R19-03556,1290000,0
R19-03557,46190000,150000
R19-03558,98870000,300000
R19-03559,52330000,150000
R19-03560,56090000,150000
R19-03561,33240000,60000
R19-03562,52820000,150000
R19-03563,123310000,300000
R19-03564,35440000,150000
R19-03565,30730000,60000
R19-03566,6030000,20000
R19-03567,32260000,60000
R19-03568,25070000,60000
R19-03569,2330000,0
R19-03570,77940000,300000
R19-03571,74000000,300000
R19-03572,65860000,150000
R19-03573,3810000,0
R19-03574,23140000,60000
R19-03575,72590000,300000
R19-03576,52070000,150000
R19-03577,18650000,40000
R19-03578,75250000,300000
R19-03579,25380000,60000
R19-03580,61830000,150000
R19-03581,45030000,150000
R19-03582,35550000,150000
R19-03583,3080000,0
R19-03584,32490000,60000
R19-03585,35590000,150000
R19-03586,23110000,60000
R19-03587,54740000,150000
R19-03588,35130000,150000
R19-03589,14330000,40000
R19-03590,46870000,150000
R19-03591,72930000,300000
R19-03592,10930000,40000
R19-03593,66340000,150000
R19-03594,101920000,300000
R19-03595,32280000,60000
R19-03596,16720000,40000
R19-03597,32020000,60000
R19-03598,11660000,40000
R19-03599,1190000,0
R19-03600,21720000,60000
R19-03601,17280000,40000
R19-03602,44000000,150000
R19-03603,1680000,0
R19-03604,34460000,150000
R19-03605,94840000,300000
R19-03606,62090000,150000
R19-03607,35440000,150000
R19-03608,11100000,40000
R19-03609,132710000,300000
R19-03610,33530000,150000
R19-03611,66070000,150000
R19-03612,65490000,150000
R19-03613,12730000,40000
R19-03614,37310000,150000
R19-03615,37900000,150000
R19-03616,82450000,300000
R19-03617,33680000,150000
R19-03618,12580000,40000
R19-03619,24090000,60000
R19-03620,26260000,60000
R19-03621,12930000,40000
R19-03622,33060000,60000
R19-03623,15470000,40000
R19-03624,17930000,40000
R19-03625,8170000,20000
R19-03626,41840000,150000
R19-03627,63700000,150000
R19-03628,76770000,300000
R19-03629,76850000,300000
R19-03630,1140000,0
R19-03631,25050000,60000
R19-03632,126300000,300000
R19-03633,12360000,40000
R19-03634,60750000,150000
R19-03635,88200000,300000
R19-03636,13970000,40000
R19-03637,5530000,20000
R19-03638,4850000,0
R19-03639,3580000,0
R19-03640,45020000,150000
R19-03641,1520000,0
R19-03642,66680000,300000
R19-03643,118180000,300000
R19-03644,17350000,40000
R19-03645,92800000,300000
R19-03646,54050000,150000
R19-03647,21960000,60000
R19-03648,4780000,0
R19-03649,7530000,20000
R19-03650,17610000,40000
R19-03651,86950000,300000
R19-03652,75650000,300000
R19-03653,46460000,150000
R19-03654,72860000,300000
R19-03655,15930000,40000
R19-03656,15850000,40000
R19-03657,21180000,60000
R19-03658,21380000,60000
R19-03659,83720000,300000
R19-03660,11750000,40000
R19-03661,22620000,60000
R19-03662,44680000,150000
R19-03663,21660000,60000
R19-03664,21480000,60000
R19-03665,2370000,0
R19-03666,36340000,150000
R19-03667,2510000,0
R19-03668,63390000,150000
R19-03669,22130000,60000
R19-03670,31560000,60000
R19-03671,23330000,60000
R19-03672,13700000,40000
R19-03673,65910000,150000
R19-03674,45170000,150000
R19-03675,4760000,0
R19-03676,23220000,60000
R19-03677,40340000,150000
R19-03678,75200000,300000
R19-03679,131760000,300000
R19-03680,141970000,600000
R19-03681,12490000,40000
R19-03682,41500000,150000
R19-03683,2310000,0
R19-03684,86330000,300000
R19-03685,93740000,300000
R19-03686,81570000,300000
R19-03687,12210000,40000
R19-03688,24310000,60000
R19-03689,1280000,0
R19-03690,65060000,150000
R19-03691,23640000,60000
R19-03692,65000000,150000
R19-03693,84960000,300000
R19-03694,19480000,40000
R19-03695,22530000,60000
R19-03696,27420000,60000
R19-03697,63470000,150000
R19-03698,3080000,0
R19-03699,32720000,60000
R19-03700,51360000,150000
R19-03701,103230000,300000
R19-03702,54610000,150000
R19-03703,37460000,150000
R19-03704,74250000,300000
R19-03705,2820000,0
R19-03706,70220000,300000
R19-03707,35300000,150000
R19-03708,74020000,300000
R19-03709,5300000,20000
R19-03710,3540000,0
R19-03711,5560000,20000
R19-03712,62460000,150000
R19-03713,27320000,60000
R19-03714,71830000,300000
R19-03715,22400000,60000
R19-03716,51780000,150000
R19-03717,140480000,600000
R19-03718,67260000,300000
R19-03719,46150000,150000
R19-03720,28110000,60000
R19-03721,95380000,300000
R19-03722,43580000,150000
R19-03723,36060000,150000
R19-03724,13500000,40000
R19-03725,11540000,40000
R19-03726,62400000,150000
R19-03727,11400000,40000
R19-03728,48740000,150000
R19-03729,83000000,300000
R19-03730,2490000,0
R19-03731,52720000,150000
R19-03732,33910000,150000
R19-03733,143950000,600000
R19-03734,4590000,0
R19-03735,50340000,150000
R19-03736,60480000,150000
R19-03737,73190000,300000
R19-03738,58320000,150000
R19-03739,4920000,0
R19-03740,6520000,20000
R19-03741,174110000,600000
R19-03742,35130000,150000
R19-03743,23060000,60000
R19-03744,1930000,0
R19-03745,13120000,40000
R19-03746,121180000,300000
R19-03747,10600000,40000
R19-03748,34680000,150000
R19-03749,35270000,150000
R19-03750,53740000,150000
R19-03751,31630000,60000
R19-03752,142530000,600000
R19-03753,24460000,60000
R19-03754,35190000,150000
R19-03755,1650000,0
R19-03756,16210000,40000
R19-03757,42220000,150000
R19-03758,113270000,300000
R19-03759,82530000,300000
R19-03760,13500000,40000
R19-03761,53870000,150000
R19-03762,22260000,60000
R19-03763,13050000,40000
R19-03764,56090000,150000
R19-03765,54470000,150000
R19-03766,17170000,40000
R19-03767,44050000,150000
R19-03768,63130000,150000
R19-03769,82580000,300000
R19-03770,16650000,40000
R19-03771,4010000,0
R19-03772,12300000,40000
R19-03773,83270000,300000
R19-03774,12010000,40000
R19-03775,35620000,150000
R19-03776,2880000,0
R19-03777,31510000,60000
R19-03778,18540000,40000
R19-03779,5110000,20000
R19-03780,84310000,300000
R19-03781,23100000,60000
R19-03782,51070000,150000
R19-03783,38190000,150000
R19-03784,36000000,150000
R19-03785,62420000,150000
R19-03786,54240000,150000
R19-03787,111610000,300000
R19-03788,75780000,300000
R19-03789,66480000,150000
R19-03790,75280000,300000
R19-03791,63210000,150000
R19-03792,61380000,150000
R19-03793,13260000,40000
R19-03794,92590000,300000
R19-03795,11670000,40000
R19-03796,6090000,20000
R19-03797,67910000,300000
R19-03798,2110000,0
R19-03799,56540000,150000
R19-03800,40470000,150000
R19-03801,63230000,150000
R19-03802,56290000,150000
R19-03803,35620000,150000
R19-03804,25680000,60000
R19-03805,38720000,150000
R19-03806,75210000,300000
R19-03807,83310000,300000
R19-03808,75150000,300000
R19-03809,30450000,60000
R19-03810,21060000,60000
R19-03811,22010000,60000
R19-03812,12020000,40000
R19-03813,87710000,300000
R19-03814,12190000,40000
R19-03815,36870000,150000
R19-03816,30850000,60000
R19-03817,82870000,300000
R19-03818,10670000,40000
R19-03819,32850000,60000
R19-03820,28230000,60000
R19-03821,88590000,300000
R19-03822,10830000,40000
R19-03823,92770000,300000
R19-03824,105660000,300000
R19-03825,51930000,150000
R19-03826,33650000,150000
R19-03827,53240000,150000
R19-03828,68630000,300000
R19-03829,23510000,60000
R19-03830,63530000,150000
R19-03831,33840000,150000
R19-03832,36230000,150000
R19-03833,25440000,60000
R19-03834,2330000,0
R19-03835,23620000,60000
R19-03836,35960000,150000
R19-03837,42510000,150000
R19-03838,33040000,60000
R19-03839,15510000,40000
R19-03840,4640000,0
R19-03841,23430000,60000
R19-03842,560000,0
R19-03843,23350000,60000
R19-03844,64350000,150000
R19-03845,63210000,150000
R19-03846,21340000,60000
R19-03847,5890000,20000
R19-03848,33020000,60000
R19-03849,28220000,60000
R19-03850,15250000,40000
R19-03851,16140000,40000
R19-03852,32190000,60000
R19-03853,42660000,150000
R19-03854,55920000,150000
R19-03855,51910000,150000
R19-03856,11700000,40000
R19-03857,24990000,60000
R19-03858,53150000,150000
R19-03859,67220000,300000
R19-03860,96780000,300000
R19-03861,41440000,150000
R19-03862,20940000,60000
R19-03863,2380000,0
R19-03864,44480000,150000
R19-03865,10450000,40000
R19-03866,24440000,60000
R19-03867,67190000,300000
R19-03868,83070000,300000
R19-03869,42130000,150000
R19-03870,2380000,0
R19-03871,12720000,40000
R19-03872,94650000,300000
R19-03873,47030000,150000
R19-03874,11510000,40000
R19-03875,25420000,60000
R19-03876,31940000,60000
R19-03877,33420000,150000
R19-03878,24240000,60000
R19-03879,73760000,300000
R19-03880,24720000,60000
R19-03881,20430000,60000
R19-03882,14160000,40000
R19-03883,50570000,150000
R19-03884,29550000,60000
R19-03885,63530000,150000
R19-03886,12230000,40000
R19-03887,53940000,150000
R19-03888,13090000,40000
R19-03889,54090000,150000
R19-03890,56040000,150000
R19-03891,25630000,60000
R19-03892,630000,0
R19-03893,98780000,300000
R19-03894,92640000,300000
R19-03895,53700000,150000
R19-03896,2800000,0
R19-03897,32330000,60000
R19-03898,140710000,600000
R19-03899,95030000,300000
R19-03900,3940000,0
R19-03901,75910000,300000
R19-03902,16160000,40000
R19-03903,52490000,150000
R19-03904,35700000,150000
R19-03905,35650000,150000
R19-03906,103510000,300000
R19-03907,1330000,0
R19-03908,2510000,0
R19-03909,123490000,300000
R19-03910,133230000,300000
R19-03911,92990000,300000
R19-03912,84550000,300000
R19-03913,46340000,150000
R19-03914,63330000,150000
R19-03915,33240000,60000
R19-03916,51210000,150000
R19-03917,56430000,150000
R19-03918,35720000,150000
R19-03919,36720000,150000
R19-03920,152200000,600000
R19-03921,13010000,40000
R19-03922,51370000,150000
R19-03923,12730000,40000
R19-03924,12440000,40000
R19-03925,127950000,300000
R19-03926,2280000,0
R19-03927,3520000,0
R19-03928,5600000,20000
R19-03929,43290000,150000
R19-03930,24130000,60000
R19-03931,51800000,150000
R19-03932,33030000,60000
R19-03933,6580000,20000
R19-03934,1400000,0
R19-03935,80580000,300000
R19-03936,73780000,300000
R19-03937,67020000,300000
R19-03938,61320000,150000
R19-03939,50730000,150000
R19-03940,57660000,150000
R19-03941,3270000,0
R19-03942,22120000,60000
R19-03943,22160000,60000
R19-03944,78020000,300000
R19-03945,22670000,60000
R19-03946,27080000,60000
R19-03947,3800000,0
R19-03948,25010000,60000
R19-03949,2020000,0
R19-03950,91750000,300000
R19-03951,103170000,300000
R19-03952,26990000,60000
R19-03953,12650000,40000
R19-03954,53510000,150000
R19-03955,62200000,150000
R19-03956,72450000,300000
R19-03957,75920000,300000
R19-03958,84980000,300000
R19-03959,53160000,150000
R19-03960,122560000,300000
R19-03961,4130000,0
R19-03962,84720000,300000
R19-03963,47320000,150000
R19-03964,18820000,40000
R19-03965,560000,0
R19-03966,76830000,300000
R19-03967,56650000,150000
R19-03968,117630000,300000
R19-03969,3210000,0
R19-03970,118920000,300000
R19-03971,26150000,60000
R19-03972,30950000,60000
R19-03973,51730000,150000
R19-03974,11970000,40000
R19-03975,72880000,300000
R19-03976,13600000,40000
R19-03977,510000,0
R19-03978,13280000,40000
R19-03979,46940000,150000
R19-03980,71590000,300000
R19-03981,128160000,300000
R19-03982,31370000,60000
R19-03983,3880000,0
R19-03984,15190000,40000
R19-03985,102500000,300000
R19-03986,56760000,150000
R19-03987,85020000,300000
R19-03988,32750000,60000
R19-03989,14360000,40000
R19-03990,81700000,300000
R19-03991,22150000,60000
R19-03992,105100000,300000
R19-03993,5480000,20000
R19-03994,1730000,0
R19-03995,44040000,150000
R19-03996,104960000,300000
R19-03997,120850000,300000
R19-03998,4500000,0
R19-03999,27990000,60000
R19-04000,33800000,150000
R19-04001,88430000,300000
R19-04002,32600000,60000
R19-04003,15030000,40000
R19-04004,23500000,60000
R19-04005,5800000,20000
R19-04006,85310000,300000
R19-04007,49540000,150000
R19-04008,42830000,150000
R19-04009,86700000,300000
R19-04010,13310000,40000
R19-04011,15890000,40000
R19-04012,36300000,150000
R19-04013,24970000,60000
R19-04014,71020000,300000
R19-04015,34590000,150000
R19-04016,78140000,300000
R19-04017,68730000,300000
R19-04018,22330000,60000
R19-04019,6520000,20000
R19-04020,81350000,300000
R19-04021,61330000,150000
R19-04022,61340000,150000
R19-04023,54090000,150000
R19-04024,6530000,20000
R19-04025,1450000,0
R19-04026,32940000,60000
R19-04027,20990000,60000
R19-04028,121950000,300000
R19-04029,9120000,20000
R19-04030,63400000,150000
R19-04031,5590000,20000
R19-04032,82830000,300000
R19-04033,5730000,20000
R19-04034,151900000,600000
R19-04035,11370000,40000
R19-04036,12210000,40000
R19-04037,1960000,0
R19-04038,55760000,150000
R19-04039,73900000,300000
R19-04040,56430000,150000
R19-04041,73430000,300000
R19-04042,7570000,20000
R19-04043,23610000,60000
R19-04044,112200000,300000
R19-04045,173750000,600000
R19-04046,1310000,0
R19-04047,86850000,300000
R19-04048,35560000,150000
R19-04049,32030000,60000
R19-04050,3220000,0
R19-04051,81740000,300000
R19-04052,75060000,300000
R19-04053,22940000,60000
R19-04054,61650000,150000
R19-04055,115110000,300000
R19-04056,46060000,150000
R19-04057,44840000,150000
R19-04058,73820000,300000
R19-04059,55650000,150000
R19-04060,58400000,150000
R19-04061,102890000,300000
R19-04062,52660000,150000
R19-04063,8790000,20000
R19-04064,47980000,150000
R19-04065,112360000,300000
R19-04066,81990000,300000
R19-04067,61370000,150000
R19-04068,22360000,60000
R19-04069,71100000,300000
R19-04070,51270000,150000
R19-04071,62580000,150000
R19-04072,11660000,40000
R19-04073,4750000,0
R19-04074,115950000,300000
R19-04075,38830000,150000
R19-04076,76560000,300000
R19-04077,34880000,150000
R19-04078,33650000,150000
R19-04079,53040000,150000
R19-04080,63510000,150000
R19-04081,86150000,300000
R19-04082,1060000,0
R19-04083,12060000,40000
R19-04084,6320000,20000
R19-04085,16010000,40000
R19-04086,3830000,0
R19-04087,82330000,300000
R19-04088,72170000,300000
R19-04089,14710000,40000
R19-04090,43740000,150000
R19-04091,41590000,150000
R19-04092,141730000,600000
R19-04093,22140000,60000
R19-04094,3120000,0
R19-04095,5710000,20000
R19-04096,93410000,300000
R19-04097,5830000,20000
R19-04098,42870000,150000
R19-04099,76100000,300000
R19-04100,15050000,40000
R19-04101,52230000,150000
R19-04102,61960000,150000
R19-04103,45920000,150000
R19-04104,2060000,0
R19-04105,50900000,150000
R19-04106,37070000,150000
R19-04107,55290000,150000
R19-04108,42340000,150000
R19-04109,25540000,60000
R19-04110,76120000,300000
R19-04111,64390000,150000
R19-04112,74400000,300000
R19-04113,30480000,60000
R19-04114,92040000,300000
R19-04115,92630000,300000
R19-04116,12270000,40000
R19-04117,75500000,300000
R19-04118,55170000,150000
R19-04119,86680000,300000
R19-04120,105740000,300000
R19-04121,41960000,150000
R19-04122,72320000,300000
R19-04123,57990000,150000
R19-04124,55630000,150000
R19-04125,37150000,150000
R19-04126,82240000,300000
R19-04127,21990000,60000
R19-04128,68130000,300000
R19-04129,15790000,40000
R19-04130,22190000,60000
R19-04131,4010000,0
R19-04132,2650000,0
R19-04133,32750000,60000
R19-04134,75970000,300000
R19-04135,74550000,300000
R19-04136,15610000,40000
R19-04137,4940000,0
R19-04138,41560000,150000
R19-04139,15320000,40000
R19-04140,42760000,150000
R19-04141,82780000,300000
R19-04142,32030000,60000
R19-04143,72870000,300000
R19-04144,23120000,60000
R19-04145,2630000,0
R19-04146,51320000,150000
R19-04147,36750000,150000
R19-04148,34760000,150000
R19-04149,690000,0
R19-04150,6140000,20000
R19-04151,32030000,60000
R19-04152,90410000,300000
R19-04153,65200000,150000
R19-04154,41700000,150000
R19-04155,31900000,60000
R19-04156,2650000,0
R19-04157,51830000,150000
R19-04158,56690000,150000
R19-04159,3950000,0
R19-04160,22260000,60000
R19-04161,82550000,300000
R19-04162,16910000,40000
R19-04163,55870000,150000
R19-04164,113260000,300000
R19-04165,21970000,60000
R19-04166,44270000,150000
R19-04167,11380000,40000
R19-04168,83870000,300000
R19-04169,73820000,300000
R19-04170,23380000,60000
R19-04171,43400000,150000
R19-04172,24100000,60000
R19-04173,54920000,150000
R19-04174,32670000,60000
R19-04175,37200000,150000
R19-04176,45430000,150000
R19-04177,102450000,300000
R19-04178,57630000,150000
R19-04179,51720000,150000
R19-04180,2770000,0
R19-04181,64120000,150000
R19-04182,25120000,60000
R19-04183,93120000,300000
R19-04184,74790000,300000
R19-04185,12810000,40000
R19-04186,76490000,300000
R19-04187,41640000,150000
R19-04188,50940000,150000
R19-04189,2160000,0
R19-04190,21520000,60000
R19-04191,26400000,60000
R19-04192,86180000,300000
R19-04193,78880000,300000
R19-04194,138250000,600000
R19-04195,22680000,60000
R19-04196,1550000,0
R19-04197,32180000,60000
R19-04198,65120000,150000
R19-04199,42040000,150000
R19-04200,85210000,300000
R19-04201,121310000,300000
R19-04202,43820000,150000
R19-04203,88140000,300000
R19-04204,4380000,0
R19-04205,43680000,150000
R19-04206,2220000,0
R19-04207,84600000,300000
R19-04208,20890000,60000
R19-04209,85600000,300000
R19-04210,32350000,60000
R19-04211,6560000,20000
R19-04212,41970000,150000
R19-04213,42400000,150000
R19-04214,64150000,150000
R19-04215,103860000,300000
R19-04216,23220000,60000
R19-04217,17380000,40000
R19-04218,36340000,150000
R19-04219,38200000,150000
R19-04220,2480000,0
R19-04221,145280000,600000
R19-04222,121190000,300000
R19-04223,33130000,60000
R19-04224,85860000,300000
R19-04225,3260000,0
R19-04226,38220000,150000
R19-04227,24470000,60000
R19-04228,2090000,0
R19-04229,11540000,40000
R19-04230,22690000,60000
R19-04231,14700000,40000
R19-04232,2540000,0
R19-04233,35730000,150000
R19-04234,156930000,600000
R19-04235,22580000,60000
R19-04236,7460000,20000
R19-04237,4870000,0
R19-04238,83660000,300000
R19-04239,35740000,150000
R19-04240,11090000,40000
R19-04241,65160000,150000
R19-04242,12380000,40000
R19-04243,34290000,150000
R19-04244,15760000,40000
R19-04245,13930000,40000
R19-04246,67280000,300000
R19-04247,50640000,150000
R19-04248,24250000,60000
R19-04249,15950000,40000
R19-04250,3260000,0
R19-04251,64020000,150000
R19-04252,38590000,150000
R19-04253,22370000,60000
R19-04254,41850000,150000
R19-04255,65510000,150000
R19-04256,31770000,60000
R19-04257,32380000,60000
R19-04258,1990000,0
R19-04259,74240000,300000
R19-04260,34590000,150000
R19-04261,40420000,150000
R19-04262,61990000,150000
R19-04263,19350000,40000
R19-04264,44400000,150000
