고객ID,타사이전금액,혜택금액
R02-00000,75580000,300000
R02-00001,20760000,60000
R02-00002,68020000,300000
R02-00003,22070000,60000
R02-00004,51640000,150000
R02-00005,7640000,20000
R02-00006,54120000,150000
R02-00007,23310000,60000
R02-00008,24650000,60000
R02-00009,35070000,150000
R02-00010,2420000,0
R02-00011,91970000,300000
R02-00012,62030000,150000
R02-00013,92480000,300000
R02-00014,101700000,300000
R02-00015,18220000,40000
R02-00016,33960000,150000
R02-00017,22660000,60000
R02-00018,95120000,300000
R02-00019,35750000,150000
R02-00020,72350000,300000
R02-00021,57010000,150000
R02-00022,74940000,300000
R02-00023,50740000,150000
R02-00024,20730000,60000
R02-00025,5520000,20000
R02-00026,25930000,60000
R02-00027,12250000,40000
R02-00028,104500000,300000
R02-00029,2520000,0
R02-00030,55980000,150000
R02-00031,46160000,150000
R02-00032,1870000,0
R02-00033,61820000,150000
R02-00034,126670000,300000
R02-00035,50140000,150000
R02-00036,75450000,300000
R02-00037,750000,0
R02-00038,27050000,60000
R02-00039,11740000,40000
R02-00040,43210000,150000
R02-00041,2240000,0
R02-00042,6460000,20000
R02-00043,35750000,150000
R02-00044,74560000,300000
R02-00045,91190000,300000
R02-00046,11000000,40000
R02-00047,45730000,150000
R02-00048,52300000,150000
R02-00049,112490000,300000
R02-00050,32640000,60000
R02-00051,69610000,300000
R02-00052,87520000,300000
R02-00053,34110000,150000
R02-00054,1890000,0
R02-00055,81480000,300000
R02-00056,82130000,300000
R02-00057,144820000,600000
R02-00058,33270000,60000
R02-00059,7490000,20000
R02-00060,43450000,150000
R02-00061,118300000,300000
R02-00062,81970000,300000
R02-00063,56810000,150000
R02-00064,21310000,60000
R02-00065,104770000,300000
R02-00066,33430000,150000
R02-00067,51460000,150000
R02-00068,12420000,40000
R02-00069,24250000,60000
R02-00070,82720000,300000
R02-00071,32790000,60000
R02-00072,16730000,40000
R02-00073,72110000,300000
R02-00074,7350000,20000
R02-00075,31430000,60000
R02-00076,25980000,60000
R02-00077,83640000,300000
R02-00078,2110000,0
R02-00079,45090000,150000
R02-00080,62360000,150000
R02-00081,22450000,60000
R02-00082,41860000,150000
R02-00083,53890000,150000
R02-00084,6140000,20000
R02-00085,42860000,150000
R02-00086,88980000,300000
R02-00087,18870000,40000
R02-00088,6190000,20000
R02-00089,15420000,40000
R02-00090,223930000,1000000
R02-00091,31480000,60000
R02-00092,4850000,0
R02-00093,7680000,20000
R02-00094,21100000,60000
R02-00095,32560000,60000
R02-00096,260000,0
R02-00097,32080000,60000
R02-00098,42260000,150000
R02-00099,23170000,60000
R02-00100,530000,0
R02-00101,24800000,60000
R02-00102,22400000,60000
R02-00103,30880000,60000
R02-00104,129510000,300000
R02-00105,46450000,150000
R02-00106,22690000,60000
R02-00107,81530000,300000
R02-00108,40740000,150000
R02-00109,103060000,300000
R02-00110,11600000,40000
R02-00111,57830000,150000
R02-00112,81720000,300000
R02-00113,175680000,600000
R02-00114,43100000,150000
R02-00115,5250000,20000
R02-00116,42770000,150000
R02-00117,1320000,0
R02-00118,38590000,150000
R02-00119,2810000,0
R02-00120,27690000,60000
R02-00121,490000,0
R02-00122,95650000,300000
R02-00123,44870000,150000
R02-00124,63050000,150000
R02-00125,42380000,150000
R02-00126,11370000,40000
R02-00127,85180000,300000
R02-00128,178680000,600000
R02-00129,25360000,60000
R02-00130,35310000,150000
R02-00131,23870000,60000
R02-00132,93860000,300000
R02-00133,22830000,60000
R02-00134,31850000,60000
R02-00135,28210000,60000
R02-00136,17490000,40000
R02-00137,45410000,150000
R02-00138,122290000,300000
R02-00139,24570000,60000
R02-00140,44190000,150000
R02-00141,60050000,150000
R02-00142,13530000,40000
R02-00143,21650000,60000
R02-00144,43960000,150000
R02-00145,91620000,300000
R02-00146,2660000,0
R02-00147,31110000,60000
R02-00148,138780000,600000
R02-00149,3930000,0
R02-00150,14510000,40000
R02-00151,44390000,150000
R02-00152,40190000,150000
R02-00153,21700000,60000
R02-00154,91910000,300000
R02-00155,350000,0
R02-00156,64860000,150000
R02-00157,96590000,300000
R02-00158,10710000,40000
R02-00159,44280000,150000
R02-00160,68450000,300000
R02-00161,44310000,150000
R02-00162,22400000,60000
R02-00163,64920000,150000
R02-00164,3180000,0
R02-00165,26850000,60000
R02-00166,43090000,150000
R02-00167,82460000,300000
R02-00168,31830000,60000
R02-00169,4890000,0
R02-00170,51570000,150000
R02-00171,122710000,300000
R02-00172,17940000,40000
R02-00173,76400000,300000
R02-00174,92360000,300000
R02-00175,14040000,40000
R02-00176,44040000,150000
R02-00177,15670000,40000
R02-00178,1090000,0
R02-00179,52800000,150000
R02-00180,21280000,60000
R02-00181,36570000,150000
R02-00182,62020000,150000
R02-00183,34680000,150000
R02-00184,21730000,60000
R02-00185,81890000,300000
R02-00186,25620000,60000
R02-00187,74950000,300000
R02-00188,3680000,0
R02-00189,135150000,600000
R02-00190,14800000,40000
R02-00191,125260000,300000
R02-00192,27880000,60000
R02-00193,33880000,150000
R02-00194,43590000,150000
R02-00195,106900000,300000
R02-00196,84270000,300000
R02-00197,94580000,300000
R02-00198,24610000,60000
R02-00199,22830000,60000
R02-00200,2370000,0
R02-00201,53150000,150000
R02-00202,112320000,300000
R02-00203,40900000,150000
R02-00204,25950000,60000
R02-00205,71060000,300000
R02-00206,3700000,0
R02-00207,7460000,20000
R02-00208,72370000,300000
R02-00209,32470000,60000
R02-00210,61970000,150000
R02-00211,92290000,300000
R02-00212,34790000,150000
R02-00213,11540000,40000
R02-00214,107390000,300000
R02-00215,2880000,0
R02-00216,53120000,150000
R02-00217,104070000,300000
R02-00218,21740000,60000
R02-00219,67390000,300000
R02-00220,15050000,40000
R02-00221,5460000,20000
R02-00222,102100000,300000
R02-00223,14310000,40000
R02-00224,5330000,20000
R02-00225,8250000,20000
R02-00226,94760000,300000
R02-00227,31140000,60000
R02-00228,26850000,60000
R02-00229,102970000,300000
R02-00230,52890000,150000
R02-00231,122900000,300000
R02-00232,4260000,0
R02-00233,40700000,150000
R02-00234,86240000,300000
R02-00235,32760000,60000
R02-00236,4640000,0
R02-00237,41110000,150000
R02-00238,32440000,60000
R02-00239,22750000,60000
R02-00240,10920000,40000
R02-00241,67240000,300000
R02-00242,22650000,60000
R02-00243,12950000,40000
R02-00244,90970000,300000
R02-00245,5500000,20000
R02-00246,50730000,150000
R02-00247,91680000,300000
R02-00248,66840000,300000
R02-00249,24780000,60000
R02-00250,91190000,300000
R02-00251,62740000,150000
R02-00252,91340000,300000
R02-00253,71650000,300000
R02-00254,92430000,300000
R02-00255,26410000,60000
R02-00256,63410000,150000
R02-00257,61580000,150000
R02-00258,2520000,0
R02-00259,62460000,150000
R02-00260,6400000,20000
R02-00261,143850000,600000
R02-00262,43410000,150000
R02-00263,76360000,300000
R02-00264,71780000,300000
R02-00265,85700000,300000
R02-00266,30840000,60000
R02-00267,34250000,150000
R02-00268,1660000,0
R02-00269,113740000,300000
R02-00270,92680000,300000
R02-00271,73990000,300000
R02-00272,99320000,300000
R02-00273,62630000,150000
R02-00274,40800000,150000
R02-00275,21880000,60000
R02-00276,1440000,0
R02-00277,45860000,150000
R02-00278,26530000,60000
R02-00279,24170000,60000
R02-00280,73080000,300000
R02-00281,104940000,300000
R02-00282,22890000,60000
R02-00283,23160000,60000
R02-00284,45370000,150000
R02-00285,26920000,60000
R02-00286,780000,0
R02-00287,26080000,60000
R02-00288,153180000,600000
R02-00289,3940000,0
R02-00290,22510000,60000
R02-00291,62040000,150000
R02-00292,1430000,0
R02-00293,24300000,60000
R02-00294,94220000,300000
R02-00295,44930000,150000
R02-00296,16480000,40000
R02-00297,26680000,60000
R02-00298,47320000,150000
R02-00299,24000000,60000
R02-00300,11090000,40000
R02-00301,72530000,300000
R02-00302,52300000,150000
R02-00303,34330000,150000
R02-00304,1420000,0
R02-00305,131720000,300000
R02-00306,11370000,40000
R02-00307,24760000,60000
R02-00308,3310000,0
R02-00309,13610000,40000
R02-00310,46500000,150000
R02-00311,83310000,300000
R02-00312,14140000,40000
R02-00313,5380000,20000
R02-00314,56390000,150000
R02-00315,62770000,150000
R02-00316,2480000,0
R02-00317,42080000,150000
R02-00318,11310000,40000
R02-00319,63780000,150000
R02-00320,7950000,20000
R02-00321,2780000,0
R02-00322,24800000,60000
R02-00323,1270000,0
R02-00324,45140000,150000
R02-00325,25200000,60000
R02-00326,13400000,40000
R02-00327,114120000,300000
R02-00328,11750000,40000
R02-00329,131960000,300000
R02-00330,24150000,60000
R02-00331,24330000,60000
R02-00332,67320000,300000
R02-00333,64820000,150000
R02-00334,102020000,300000
R02-00335,11780000,40000
R02-00336,3440000,0
R02-00337,42570000,150000
R02-00338,5390000,20000
R02-00339,5710000,20000
R02-00340,12800000,40000
R02-00341,143760000,600000
R02-00342,43160000,150000
R02-00343,42740000,150000
R02-00344,73880000,300000
R02-00345,3310000,0
R02-00346,3100000,0
R02-00347,44610000,150000
R02-00348,45030000,150000
R02-00349,116760000,300000
R02-00350,62780000,150000
R02-00351,35500000,150000
R02-00352,830000,0
R02-00353,22410000,60000
R02-00354,11610000,40000
R02-00355,61390000,150000
R02-00356,55080000,150000
R02-00357,32380000,60000
R02-00358,22220000,60000
R02-00359,4370000,0
R02-00360,11130000,40000
R02-00361,12180000,40000
R02-00362,22500000,60000
R02-00363,68650000,300000
R02-00364,1420000,0
R02-00365,50330000,150000
R02-00366,51940000,150000
R02-00367,12530000,40000
R02-00368,10690000,40000
R02-00369,5970000,20000
R02-00370,21250000,60000
R02-00371,107720000,300000
R02-00372,24450000,60000
R02-00373,41380000,150000
R02-00374,13200000,40000
R02-00375,34360000,150000
R02-00376,42880000,150000
R02-00377,2010000,0
R02-00378,38490000,150000
R02-00379,72460000,300000
R02-00380,3760000,0
R02-00381,73700000,300000
R02-00382,23010000,60000
R02-00383,32370000,60000
R02-00384,33890000,150000
R02-00385,24790000,60000
R02-00386,75800000,300000
R02-00387,43160000,150000
R02-00388,27750000,60000
R02-00389,25370000,60000
R02-00390,63150000,150000
R02-00391,2340000,0
R02-00392,71590000,300000
R02-00393,63070000,150000
R02-00394,32150000,60000
R02-00395,65110000,150000
R02-00396,4230000,0
R02-00397,42510000,150000
R02-00398,24120000,60000
R02-00399,13730000,40000
R02-00400,40850000,150000
R02-00401,52230000,150000
R02-00402,33710000,150000
R02-00403,430000,0
R02-00404,77380000,300000
R02-00405,11940000,40000
R02-00406,46770000,150000
R02-00407,68160000,300000
R02-00408,82580000,300000
R02-00409,106500000,300000
R02-00410,60730000,150000
R02-00411,14270000,40000
R02-00412,41680000,150000
R02-00413,1180000,0
R02-00414,41620000,150000
R02-00415,18190000,40000
R02-00416,28140000,60000
R02-00417,46590000,150000
R02-00418,33680000,150000
R02-00419,34140000,150000
R02-00420,2560000,0
R02-00421,21760000,60000
R02-00422,33450000,150000
R02-00423,76940000,300000
R02-00424,31940000,60000
R02-00425,5370000,20000
R02-00426,52710000,150000
R02-00427,53840000,150000
R02-00428,62900000,150000
R02-00429,22310000,60000
R02-00430,3940000,0
R02-00431,45510000,150000
R02-00432,44260000,150000
R02-00433,115250000,300000
R02-00434,82730000,300000
R02-00435,12130000,40000
R02-00436,63520000,150000
R02-00437,24850000,60000
R02-00438,34970000,150000
R02-00439,42330000,150000
R02-00440,16090000,40000
R02-00441,23860000,60000
R02-00442,72780000,300000
R02-00443,81830000,300000
R02-00444,66380000,150000
R02-00445,7150000,20000
R02-00446,10130000,40000
R02-00447,35680000,150000
R02-00448,73190000,300000
R02-00449,64260000,150000
R02-00450,34990000,150000
R02-00451,74400000,300000
R02-00452,174270000,600000
R02-00453,44010000,150000
R02-00454,12240000,40000
R02-00455,53530000,150000
R02-00456,97360000,300000
R02-00457,3850000,0
R02-00458,236030000,1000000
R02-00459,10260000,40000
R02-00460,155600000,600000
R02-00461,22520000,60000
R02-00462,50940000,150000
R02-00463,27980000,60000
R02-00464,84390000,300000
R02-00465,28190000,60000
R02-00466,25920000,60000
R02-00467,45740000,150000
R02-00468,122310000,300000
R02-00469,60780000,150000
R02-00470,75050000,300000
R02-00471,64150000,150000
R02-00472,51960000,150000
R02-00473,64700000,150000
R02-00474,111920000,300000
R02-00475,2090000,0
R02-00476,35380000,150000
R02-00477,20560000,60000
R02-00478,21340000,60000
R02-00479,46340000,150000
R02-00480,32680000,60000
R02-00481,9390000,20000
R02-00482,75620000,300000
R02-00483,23620000,60000
R02-00484,2010000,0
R02-00485,1730000,0
R02-00486,13840000,40000
R02-00487,31710000,60000
R02-00488,28500000,60000
R02-00489,10820000,40000
R02-00490,30760000,60000
R02-00491,14040000,40000
R02-00492,41840000,150000
R02-00493,56160000,150000
R02-00494,3320000,0
R02-00495,13850000,40000
R02-00496,16620000,40000
R02-00497,34070000,150000
R02-00498,134990000,600000
R02-00499,31250000,60000
R02-00500,20760000,60000
R02-00501,40650000,150000
R02-00502,15000000,40000
R02-00503,111440000,300000
R02-00504,105260000,300000
R02-00505,20370000,60000
R02-00506,53160000,150000
R02-00507,11450000,40000
R02-00508,4600000,0
R02-00509,17830000,40000
R02-00510,6300000,20000
R02-00511,77100000,300000
R02-00512,75120000,300000
R02-00513,13340000,40000
R02-00514,13620000,40000
R02-00515,37710000,150000
R02-00516,4110000,0
R02-00517,44380000,150000
R02-00518,22920000,60000
R02-00519,72100000,300000
R02-00520,2110000,0
R02-00521,13260000,40000
R02-00522,3610000,0
R02-00523,2500000,0
R02-00524,32880000,60000
R02-00525,57230000,150000
R02-00526,32920000,60000
R02-00527,97700000,300000
R02-00528,7240000,20000
R02-00529,2240000,0
R02-00530,92070000,300000
R02-00531,1600000,0
R02-00532,25380000,60000
R02-00533,63380000,150000
R02-00534,42190000,150000
R02-00535,122870000,300000
R02-00536,42980000,150000
R02-00537,31960000,60000
R02-00538,93330000,300000
R02-00539,26820000,60000
R02-00540,45040000,150000
R02-00541,2700000,0
R02-00542,22200000,60000
R02-00543,13150000,40000
R02-00544,35390000,150000
R02-00545,72580000,300000
R02-00546,33680000,150000
R02-00547,6070000,20000
R02-00548,6570000,20000
R02-00549,155180000,600000
R02-00550,13920000,40000
R02-00551,27990000,60000
R02-00552,95120000,300000
R02-00553,78210000,300000
R02-00554,62010000,150000
R02-00555,1540000,0
R02-00556,142100000,600000
R02-00557,44040000,150000
R02-00558,133440000,600000
R02-00559,210000,0
R02-00560,15350000,40000
R02-00561,5200000,20000
R02-00562,42380000,150000
R02-00563,41610000,150000
R02-00564,114330000,300000
R02-00565,52900000,150000
R02-00566,31580000,60000
R02-00567,330000,0
R02-00568,50390000,150000
R02-00569,64280000,150000
R02-00570,45700000,150000
R02-00571,68240000,300000
R02-00572,34610000,150000
R02-00573,34670000,150000
R02-00574,25650000,60000
R02-00575,63380000,150000
R02-00576,34510000,150000
R02-00577,52340000,150000
R02-00578,44840000,150000
R02-00579,40690000,150000
R02-00580,32330000,60000
R02-00581,34600000,150000
R02-00582,47990000,150000
R02-00583,4070000,0
R02-00584,65460000,150000
R02-00585,122720000,300000
R02-00586,29510000,60000
R02-00587,4800000,0
R02-00588,7320000,20000
R02-00589,44040000,150000
R02-00590,35390000,150000
R02-00591,1270000,0
R02-00592,37930000,150000
R02-00593,1950000,0
R02-00594,57590000,150000
R02-00595,63510000,150000
R02-00596,75320000,300000
R02-00597,3670000,0
R02-00598,41320000,150000
R02-00599,53160000,150000
R02-00600,4680000,0
R02-00601,60630000,150000
R02-00602,3830000,0
R02-00603,45780000,150000
R02-00604,27610000,60000
R02-00605,2450000,0
R02-00606,54740000,150000
R02-00607,1150000,0
R02-00608,56660000,150000
R02-00609,21280000,60000
R02-00610,93370000,300000
R02-00611,36200000,150000
R02-00612,93850000,300000
R02-00613,52350000,150000
R02-00614,6060000,20000
R02-00615,3000000,0
R02-00616,46930000,150000
R02-00617,56250000,150000
R02-00618,72110000,300000
R02-00619,22070000,60000
R02-00620,72640000,300000
R02-00621,104710000,300000
R02-00622,93160000,300000
R02-00623,106630000,300000
R02-00624,44790000,150000
R02-00625,22160000,60000
R02-00626,54060000,150000
R02-00627,12130000,40000
R02-00628,22590000,60000
R02-00629,12950000,40000
R02-00630,84640000,300000
R02-00631,14270000,40000
R02-00632,4300000,0
R02-00633,25230000,60000
R02-00634,42390000,150000
R02-00635,57240000,150000
R02-00636,23230000,60000
R02-00637,1790000,0
R02-00638,20880000,60000
R02-00639,47130000,150000
R02-00640,22740000,60000
R02-00641,6230000,20000
R02-00642,94260000,300000
R02-00643,63600000,150000
R02-00644,96280000,300000
R02-00645,13920000,40000
R02-00646,7500000,20000
R02-00647,44570000,150000
R02-00648,30870000,60000
R02-00649,13740000,40000
R02-00650,4920000,0
R02-00651,106710000,300000
R02-00652,31600000,60000
R02-00653,12640000,40000
R02-00654,24700000,60000
R02-00655,7640000,20000
R02-00656,33490000,150000
R02-00657,23110000,60000
R02-00658,15060000,40000
R02-00659,12130000,40000
R02-00660,21910000,60000
R02-00661,28480000,60000
R02-00662,42170000,150000
R02-00663,2090000,0
R02-00664,3260000,0
R02-00665,41880000,150000
R02-00666,3080000,0
R02-00667,22160000,60000
R02-00668,8060000,20000
R02-00669,114840000,300000
R02-00670,2290000,0
R02-00671,77590000,300000
R02-00672,62470000,150000
R02-00673,86900000,300000
R02-00674,23230000,60000
R02-00675,37680000,150000
R02-00676,223780000,1000000
R02-00677,64080000,150000
R02-00678,150640000,600000
R02-00679,42270000,150000
R02-00680,2070000,0
R02-00681,56330000,150000
R02-00682,72830000,300000
R02-00683,52530000,150000
R02-00684,33250000,60000
R02-00685,15830000,40000
R02-00686,65320000,150000
R02-00687,42310000,150000
R02-00688,34610000,150000
R02-00689,20650000,60000
R02-00690,4230000,0
R02-00691,64480000,150000
R02-00692,38770000,150000
R02-00693,13170000,40000
R02-00694,38760000,150000
R02-00695,36430000,150000
R02-00696,23860000,60000
R02-00697,72460000,300000
R02-00698,94740000,300000
R02-00699,67140000,300000
R02-00700,77900000,300000
R02-00701,57140000,150000
R02-00702,37990000,150000
R02-00703,27910000,60000
R02-00704,33050000,60000
R02-00705,4550000,0
R02-00706,104830000,300000
R02-00707,94850000,300000
R02-00708,59620000,150000
R02-00709,70110000,300000
R02-00710,6930000,20000
R02-00711,70710000,300000
R02-00712,3170000,0
R02-00713,63850000,150000
R02-00714,22430000,60000
R02-00715,44770000,150000
R02-00716,32020000,60000
R02-00717,72980000,300000
R02-00718,34560000,150000
R02-00719,18960000,40000
R02-00720,82130000,300000
R02-00721,24080000,60000
R02-00722,33440000,150000
R02-00723,35860000,150000
R02-00724,172500000,600000
R02-00725,24560000,60000
R02-00726,40520000,150000
R02-00727,53870000,150000
R02-00728,8810000,20000
R02-00729,52870000,150000
R02-00730,62310000,150000
R02-00731,25300000,60000
R02-00732,105260000,300000
R02-00733,41260000,150000
R02-00734,42640000,150000
R02-00735,23670000,60000
R02-00736,81490000,300000
R02-00737,105860000,300000
R02-00738,73690000,300000
R02-00739,101970000,300000
R02-00740,83680000,300000
R02-00741,51420000,150000
R02-00742,13600000,40000
R02-00743,26880000,60000
R02-00744,1320000,0
R02-00745,15780000,40000
R02-00746,34300000,150000
R02-00747,1050000,0
R02-00748,70690000,300000
R02-00749,61640000,150000
R02-00750,2530000,0
R02-00751,13030000,40000
R02-00752,63820000,150000
R02-00753,21860000,60000
R02-00754,26490000,60000
R02-00755,222610000,1000000
R02-00756,68970000,300000
R02-00757,61290000,150000
R02-00758,13870000,40000
R02-00759,94630000,300000
R02-00760,25600000,60000
R02-00761,4380000,0
R02-00762,65130000,150000
R02-00763,2260000,0
R02-00764,23550000,60000
R02-00765,2420000,0
R02-00766,4200000,0
R02-00767,43080000,150000
R02-00768,2460000,0
R02-00769,40590000,150000
R02-00770,56670000,150000
R02-00771,91740000,300000
R02-00772,82740000,300000
R02-00773,720000,0
R02-00774,11220000,40000
R02-00775,17160000,40000
R02-00776,32040000,60000
R02-00777,33500000,150000
R02-00778,23190000,60000
R02-00779,42550000,150000
R02-00780,83800000,300000
R02-00781,125540000,300000
R02-00782,12120000,40000
R02-00783,1490000,0
R02-00784,52490000,150000
R02-00785,22510000,60000
R02-00786,7220000,20000
R02-00787,46180000,150000
R02-00788,143460000,600000
R02-00789,12950000,40000
R02-00790,4080000,0
R02-00791,28400000,60000
R02-00792,4590000,0
R02-00793,14460000,40000
R02-00794,176540000,600000
R02-00795,23220000,60000
R02-00796,92410000,300000
R02-00797,3850000,0
R02-00798,47550000,150000
R02-00799,43750000,150000
R02-00800,42060000,150000
R02-00801,32220000,60000
R02-00802,11790000,40000
R02-00803,22990000,60000
R02-00804,33090000,60000
R02-00805,67630000,300000
R02-00806,12600000,40000
R02-00807,31610000,60000
R02-00808,25480000,60000
R02-00809,67060000,300000
R02-00810,33140000,60000
R02-00811,23530000,60000
R02-00812,36020000,150000
R02-00813,21810000,60000
R02-00814,1220000,0
R02-00815,44060000,150000
R02-00816,5380000,20000
R02-00817,50740000,150000
R02-00818,33510000,150000
R02-00819,36650000,150000
R02-00820,60890000,150000
R02-00821,5820000,20000
R02-00822,5520000,20000
R02-00823,2280000,0
R02-00824,36020000,150000
R02-00825,1270000,0
R02-00826,61250000,150000
R02-00827,33120000,60000
R02-00828,24820000,60000
R02-00829,102650000,300000
R02-00830,21790000,60000
R02-00831,14310000,40000
R02-00832,2050000,0
R02-00833,70970000,300000
R02-00834,37000000,150000
R02-00835,2550000,0
R02-00836,25130000,60000
R02-00837,66180000,150000
R02-00838,34540000,150000
R02-00839,140820000,600000
R02-00840,1980000,0
R02-00841,20600000,60000
R02-00842,23460000,60000
R02-00843,13570000,40000
R02-00844,54360000,150000
R02-00845,94790000,300000
R02-00846,22420000,60000
R02-00847,22630000,60000
R02-00848,82180000,300000
R02-00849,75670000,300000
R02-00850,3010000,0
R02-00851,12110000,40000
R02-00852,5460000,20000
R02-00853,1820000,0
R02-00854,21020000,60000
R02-00855,39170000,150000
R02-00856,62130000,150000
R02-00857,2330000,0
R02-00858,1970000,0
R02-00859,26710000,60000
R02-00860,45680000,150000
R02-00861,85890000,300000
R02-00862,75760000,300000
R02-00863,84300000,300000
R02-00864,43140000,150000
R02-00865,54260000,150000
R02-00866,53450000,150000
R02-00867,118230000,300000
R02-00868,18490000,40000
R02-00869,4640000,0
R02-00870,6860000,20000
R02-00871,84160000,300000
R02-00872,23330000,60000
R02-00873,44770000,150000
R02-00874,86970000,300000
R02-00875,22650000,60000
R02-00876,45410000,150000
R02-00877,6230000,20000
R02-00878,60980000,150000
R02-00879,20650000,60000
R02-00880,80860000,300000
R02-00881,115840000,300000
R02-00882,20180000,60000
R02-00883,35030000,150000
R02-00884,13340000,40000
R02-00885,74760000,300000
R02-00886,106650000,300000
R02-00887,18040000,40000
R02-00888,113960000,300000
R02-00889,84010000,300000
R02-00890,92450000,300000
R02-00891,41040000,150000
R02-00892,86090000,300000
R02-00893,5230000,20000
R02-00894,46930000,150000
R02-00895,35400000,150000
R02-00896,1520000,0
R02-00897,54090000,150000
R02-00898,107200000,300000
R02-00899,15070000,40000
R02-00900,25370000,60000
R02-00901,3380000,0
R02-00902,72730000,300000
R02-00903,2580000,0
R02-00904,2340000,0
R02-00905,70440000,300000
R02-00906,22010000,60000
R02-00907,125660000,300000
R02-00908,16340000,40000
R02-00909,4290000,0
R02-00910,46070000,150000
R02-00911,35190000,150000
R02-00912,2450000,0
R02-00913,21640000,60000
R02-00914,121450000,300000
R02-00915,34170000,150000
R02-00916,36500000,150000
R02-00917,113310000,300000
R02-00918,24450000,60000
R02-00919,22660000,60000
R02-00920,5820000,20000
R02-00921,33180000,60000
R02-00922,32030000,60000
R02-00923,56360000,150000
R02-00924,26430000,60000
R02-00925,4650000,0
R02-00926,72490000,300000
R02-00927,53490000,150000
R02-00928,54660000,150000
R02-00929,7650000,20000
R02-00930,141790000,600000
R02-00931,21310000,60000
R02-00932,107360000,300000
R02-00933,101390000,300000
R02-00934,94600000,300000
R02-00935,48970000,150000
R02-00936,54750000,150000
R02-00937,12120000,40000
R02-00938,14630000,40000
R02-00939,24290000,60000
R02-00940,87580000,300000
R02-00941,24110000,60000
R02-00942,11760000,40000
R02-00943,77820000,300000
R02-00944,22730000,60000
R02-00945,2810000,0
R02-00946,20870000,60000
R02-00947,3700000,0
R02-00948,96150000,300000
R02-00949,47990000,150000
R02-00950,52910000,150000
R02-00951,23120000,60000
R02-00952,34130000,150000
R02-00953,21900000,60000
R02-00954,43120000,150000
R02-00955,73910000,300000
R02-00956,113650000,300000
R02-00957,106520000,300000
R02-00958,36920000,150000
R02-00959,15360000,40000
R02-00960,55410000,150000
R02-00961,107850000,300000
R02-00962,46780000,150000
R02-00963,144500000,600000
R02-00964,5800000,20000
R02-00965,31460000,60000
R02-00966,3660000,0
R02-00967,70710000,300000
R02-00968,61680000,150000
R02-00969,37740000,150000
R02-00970,22300000,60000
R02-00971,35260000,150000
R02-00972,103560000,300000
R02-00973,21640000,60000
R02-00974,700000,0
R02-00975,43010000,150000
R02-00976,53380000,150000
R02-00977,21550000,60000
R02-00978,25430000,60000
R02-00979,61800000,150000
R02-00980,2740000,0
R02-00981,43540000,150000
R02-00982,16830000,40000
R02-00983,25030000,60000
R02-00984,69090000,300000
R02-00985,63450000,150000
R02-00986,67140000,300000
R02-00987,57630000,150000
R02-00988,37860000,150000
R02-00989,56550000,150000
R02-00990,58120000,150000
R02-00991,30860000,60000
R02-00992,42590000,150000
R02-00993,21230000,60000
R02-00994,22520000,60000
R02-00995,94470000,300000
R02-00996,24980000,60000
R02-00997,45470000,150000
R02-00998,35190000,150000
R02-00999,104230000,300000
R02-01000,43480000,150000
R02-01001,82230000,300000
R02-01002,66630000,150000
R02-01003,3350000,0
R02-01004,27690000,60000
R02-01005,34420000,150000
R02-01006,12400000,40000
R02-01007,136250000,600000
R02-01008,81740000,300000
R02-01009,67160000,300000
R02-01010,84180000,300000
R02-01011,48510000,150000
R02-01012,45900000,150000
R02-01013,14020000,40000
R02-01014,24700000,60000
R02-01015,33340000,150000
R02-01016,73650000,300000
R02-01017,31350000,60000
R02-01018,91720000,300000
R02-01019,93130000,300000
R02-01020,118800000,300000
R02-01021,46310000,150000
R02-01022,2800000,0
R02-01023,5290000,20000
R02-01024,42820000,150000
R02-01025,34230000,150000
R02-01026,12680000,40000
R02-01027,45540000,150000
R02-01028,32280000,60000
R02-01029,27200000,60000
R02-01030,4060000,0
R02-01031,63790000,150000
R02-01032,22970000,60000
R02-01033,39320000,150000
R02-01034,24470000,60000
R02-01035,35360000,150000
R02-01036,103470000,300000
R02-01037,54930000,150000
R02-01038,60990000,150000
R02-01039,22230000,60000
R02-01040,52730000,150000
R02-01041,33720000,150000
R02-01042,20480000,60000
R02-01043,24170000,60000
R02-01044,4270000,0
R02-01045,76940000,300000
R02-01046,26550000,60000
R02-01047,53050000,150000
R02-01048,16320000,40000
R02-01049,6070000,20000
R02-01050,1360000,0
R02-01051,15360000,40000
R02-01052,44410000,150000
R02-01053,7490000,20000
R02-01054,33460000,150000
R02-01055,94310000,300000
R02-01056,12700000,40000
R02-01057,60790000,150000
R02-01058,73470000,300000
R02-01059,33510000,150000
R02-01060,24690000,60000
R02-01061,31580000,60000
R02-01062,11450000,40000
R02-01063,13140000,40000
R02-01064,73980000,300000
R02-01065,6540000,20000
R02-01066,5400000,20000
R02-01067,16490000,40000
R02-01068,63180000,150000
R02-01069,112400000,300000
R02-01070,31770000,60000
R02-01071,45480000,150000
R02-01072,77620000,300000
R02-01073,34290000,150000
R02-01074,26930000,60000
R02-01075,72590000,300000
R02-01076,32140000,60000
R02-01077,108650000,300000
R02-01078,41450000,150000
R02-01079,60790000,150000
R02-01080,84470000,300000
R02-01081,44370000,150000
R02-01082,30810000,60000
R02-01083,6960000,20000
R02-01084,43180000,150000
R02-01085,14370000,40000
R02-01086,74790000,300000
R02-01087,16590000,40000
R02-01088,36640000,150000
R02-01089,83640000,300000
R02-01090,34560000,150000
R02-01091,980000,0
R02-01092,44010000,150000
R02-01093,82040000,300000
R02-01094,113800000,300000
R02-01095,35520000,150000
R02-01096,55180000,150000
R02-01097,24870000,60000
R02-01098,11290000,40000
R02-01099,37010000,150000
R02-01100,36400000,150000
R02-01101,35390000,150000
R02-01102,2080000,0
R02-01103,42060000,150000
R02-01104,13110000,40000
R02-01105,27400000,60000
R02-01106,53410000,150000
R02-01107,21580000,60000
R02-01108,4730000,0
R02-01109,23170000,60000
R02-01110,44530000,150000
R02-01111,38290000,150000
R02-01112,42150000,150000
R02-01113,80950000,300000
R02-01114,53820000,150000
R02-01115,13830000,40000
R02-01116,63360000,150000
R02-01117,9000000,20000
R02-01118,11620000,40000
R02-01119,56000000,150000
R02-01120,41360000,150000
R02-01121,7560000,20000
R02-01122,22530000,60000
R02-01123,4240000,0
R02-01124,23430000,60000
R02-01125,44790000,150000
R02-01126,5250000,20000
R02-01127,60960000,150000
R02-01128,20840000,60000
R02-01129,32540000,60000
R02-01130,43370000,150000
R02-01131,2710000,0
R02-01132,33150000,60000
R02-01133,2680000,0
R02-01134,2290000,0
R02-01135,12170000,40000
R02-01136,22920000,60000
R02-01137,1690000,0
R02-01138,62510000,150000
R02-01139,31470000,60000
R02-01140,28120000,60000
R02-01141,2360000,0
R02-01142,13040000,40000
R02-01143,33240000,60000
R02-01144,53670000,150000
R02-01145,12720000,40000
R02-01146,18440000,40000
R02-01147,12660000,40000
R02-01148,61900000,150000
R02-01149,71740000,300000
R02-01150,35630000,150000
R02-01151,25920000,60000
R02-01152,82250000,300000
R02-01153,102880000,300000
R02-01154,37050000,150000
R02-01155,33580000,150000
R02-01156,31020000,60000
R02-01157,7260000,20000
R02-01158,75830000,300000
R02-01159,52170000,150000
R02-01160,58360000,150000
R02-01161,21630000,60000
R02-01162,6660000,20000
R02-01163,4320000,0
R02-01164,51570000,150000
R02-01165,87380000,300000
R02-01166,61140000,150000
R02-01167,71720000,300000
R02-01168,24050000,60000
R02-01169,82160000,300000
R02-01170,20700000,60000
R02-01171,81570000,300000
R02-01172,35390000,150000
R02-01173,8700000,20000
R02-01174,75660000,300000
R02-01175,580000,0
R02-01176,96260000,300000
R02-01177,5550000,20000
R02-01178,3690000,0
R02-01179,2630000,0
R02-01180,123430000,300000
R02-01181,16490000,40000
R02-01182,8020000,20000
R02-01183,125040000,300000
R02-01184,71550000,300000
R02-01185,5240000,20000
R02-01186,23040000,60000
R02-01187,64270000,150000
R02-01188,22190000,60000
R02-01189,42520000,150000
R02-01190,91030000,300000
R02-01191,26760000,60000
R02-01192,64430000,150000
R02-01193,41250000,150000
R02-01194,83510000,300000
R02-01195,44010000,150000
R02-01196,77420000,300000
R02-01197,148010000,600000
R02-01198,1980000,0
R02-01199,101400000,300000
R02-01200,20610000,60000
R02-01201,72140000,300000
R02-01202,23920000,60000
R02-01203,94770000,300000
R02-01204,32060000,60000
R02-01205,44050000,150000
R02-01206,1280000,0
R02-01207,61700000,150000
R02-01208,23060000,60000
R02-01209,7730000,20000
R02-01210,3970000,0
R02-01211,6690000,20000
R02-01212,4280000,0
R02-01213,47940000,150000
R02-01214,104620000,300000
R02-01215,61870000,150000
R02-01216,21030000,60000
R02-01217,53780000,150000
R02-01218,91220000,300000
R02-01219,62750000,150000
R02-01220,95700000,300000
R02-01221,31800000,60000
R02-01222,2820000,0
R02-01223,4700000,0
R02-01224,12680000,40000
R02-01225,42530000,150000
R02-01226,95960000,300000
R02-01227,3620000,0
R02-01228,42620000,150000
R02-01229,35790000,150000
R02-01230,94460000,300000
R02-01231,3000000,0
R02-01232,25300000,60000
R02-01233,3760000,0
R02-01234,104000000,300000
R02-01235,1850000,0
R02-01236,24920000,60000
R02-01237,62420000,150000
R02-01238,57030000,150000
R02-01239,36500000,150000
R02-01240,35510000,150000
R02-01241,32910000,60000
R02-01242,35580000,150000
R02-01243,51160000,150000
R02-01244,23120000,60000
R02-01245,5490000,20000
R02-01246,22650000,60000
R02-01247,42550000,150000
R02-01248,24760000,60000
R02-01249,3540000,0
R02-01250,2570000,0
R02-01251,22240000,60000
R02-01252,61440000,150000
R02-01253,86780000,300000
R02-01254,91870000,300000
R02-01255,2250000,0
R02-01256,4580000,0
R02-01257,96610000,300000
R02-01258,23250000,60000
R02-01259,10630000,40000
R02-01260,5480000,20000
R02-01261,73430000,300000
R02-01262,105030000,300000
R02-01263,1440000,0
R02-01264,62600000,150000
R02-01265,35030000,150000
R02-01266,46600000,150000
R02-01267,43140000,150000
R02-01268,2440000,0
R02-01269,25710000,60000
R02-01270,71930000,300000
R02-01271,25620000,60000
R02-01272,47580000,150000
R02-01273,93500000,300000
R02-01274,31750000,60000
R02-01275,35250000,150000
R02-01276,59090000,150000
R02-01277,21610000,60000
R02-01278,16100000,40000
R02-01279,68480000,300000
R02-01280,72210000,300000
R02-01281,62410000,150000
R02-01282,67710000,300000
R02-01283,94170000,300000
R02-01284,32430000,60000
R02-01285,17430000,40000
R02-01286,82710000,300000
R02-01287,73890000,300000
R02-01288,72300000,300000
R02-01289,11920000,40000
R02-01290,2890000,0
R02-01291,1800000,0
R02-01292,41930000,150000
R02-01293,30910000,60000
R02-01294,11350000,40000
R02-01295,13880000,40000
R02-01296,50460000,150000
R02-01297,51860000,150000
R02-01298,50670000,150000
R02-01299,42390000,150000
R02-01300,64820000,150000
R02-01301,23280000,60000
R02-01302,1230000,0
R02-01303,15000000,40000
R02-01304,37720000,150000
R02-01305,54870000,150000
R02-01306,55160000,150000
R02-01307,115420000,300000
R02-01308,31740000,60000
R02-01309,24700000,60000
R02-01310,54180000,150000
R02-01311,23800000,60000
R02-01312,82800000,300000
R02-01313,7830000,20000
R02-01314,98950000,300000
R02-01315,61940000,150000
R02-01316,32340000,60000
R02-01317,22570000,60000
R02-01318,54420000,150000
R02-01319,2470000,0
R02-01320,31790000,60000
R02-01321,20660000,60000
R02-01322,84290000,300000
R02-01323,32380000,60000
R02-01324,30510000,60000
R02-01325,41830000,150000
R02-01326,13610000,40000
R02-01327,32550000,60000
R02-01328,13010000,40000
R02-01329,10750000,40000
R02-01330,19340000,40000
R02-01331,85830000,300000
R02-01332,11320000,40000
R02-01333,23760000,60000
R02-01334,12440000,40000
R02-01335,74390000,300000
R02-01336,141540000,600000
R02-01337,93550000,300000
R02-01338,72700000,300000
R02-01339,2760000,0
R02-01340,66330000,150000
R02-01341,54700000,150000
R02-01342,2320000,0
R02-01343,65490000,150000
R02-01344,92040000,300000
R02-01345,124200000,300000
R02-01346,2720000,0
R02-01347,16560000,40000
R02-01348,59440000,150000
R02-01349,640000,0
R02-01350,53810000,150000
R02-01351,73290000,300000
R02-01352,83820000,300000
R02-01353,15020000,40000
R02-01354,11090000,40000
R02-01355,33860000,150000
R02-01356,4780000,0
R02-01357,88510000,300000
R02-01358,81170000,300000
R02-01359,25330000,60000
R02-01360,102610000,300000
R02-01361,33280000,60000
R02-01362,53220000,150000
R02-01363,82710000,300000
R02-01364,31640000,60000
R02-01365,76760000,300000
R02-01366,22650000,60000
R02-01367,28060000,60000
R02-01368,101790000,300000
R02-01369,140590000,600000
R02-01370,53730000,150000
R02-01371,43600000,150000
R02-01372,31960000,60000
R02-01373,21980000,60000
R02-01374,6240000,20000
R02-01375,34190000,150000
R02-01376,29430000,60000
R02-01377,73890000,300000
R02-01378,113840000,300000
R02-01379,4830000,0
R02-01380,10920000,40000
R02-01381,63210000,150000
R02-01382,44900000,150000
R02-01383,14630000,40000
R02-01384,14370000,40000
R02-01385,41990000,150000
R02-01386,21660000,60000
R02-01387,30800000,60000
R02-01388,82440000,300000
R02-01389,64150000,150000
R02-01390,11310000,40000
R02-01391,14420000,40000
R02-01392,53480000,150000
R02-01393,13980000,40000
R02-01394,7400000,20000
R02-01395,66360000,150000
R02-01396,33000000,60000
R02-01397,75040000,300000
R02-01398,101760000,300000
R02-01399,7930000,20000
R02-01400,71760000,300000
R02-01401,82470000,300000
R02-01402,3320000,0
R02-01403,14920000,40000
R02-01404,144260000,600000
R02-01405,55730000,150000
R02-01406,19550000,40000
R02-01407,31430000,60000
R02-01408,42430000,150000
R02-01409,3630000,0
R02-01410,93720000,300000
R02-01411,2290000,0
R02-01412,113830000,300000
R02-01413,72880000,300000
R02-01414,35280000,150000
R02-01415,32520000,60000
R02-01416,75150000,300000
R02-01417,16040000,40000
R02-01418,4860000,0
R02-01419,13130000,40000
R02-01420,71280000,300000
R02-01421,36820000,150000
R02-01422,71350000,300000
R02-01423,41050000,150000
R02-01424,42130000,150000
R02-01425,13860000,40000
R02-01426,7680000,20000
R02-01427,37270000,150000
R02-01428,51030000,150000
R02-01429,43710000,150000
R02-01430,62310000,150000
R02-01431,61630000,150000
R02-01432,73440000,300000
R02-01433,74490000,300000
R02-01434,63330000,150000
R02-01435,23610000,60000
R02-01436,26160000,60000
R02-01437,66880000,300000
R02-01438,770000,0
R02-01439,550000,0
R02-01440,42080000,150000
R02-01441,5910000,20000
R02-01442,123600000,300000
R02-01443,57350000,150000
R02-01444,26410000,60000
R02-01445,45520000,150000
R02-01446,5370000,20000
R02-01447,42190000,150000
R02-01448,92720000,300000
R02-01449,64990000,150000
R02-01450,88130000,300000
R02-01451,62400000,150000
R02-01452,63660000,150000
R02-01453,75690000,300000
R02-01454,2210000,0
R02-01455,42700000,150000
R02-01456,83060000,300000
R02-01457,123210000,300000
R02-01458,11960000,40000
R02-01459,44110000,150000
R02-01460,35400000,150000
R02-01461,42480000,150000
R02-01462,26960000,60000
R02-01463,89330000,300000
R02-01464,22710000,60000
R02-01465,46620000,150000
R02-01466,34870000,150000
R02-01467,6940000,20000
R02-01468,43130000,150000
R02-01469,690000,0
R02-01470,84970000,300000
R02-01471,111560000,300000
R02-01472,31190000,60000
R02-01473,2440000,0
R02-01474,22400000,60000
R02-01475,225930000,1000000
R02-01476,24280000,60000
R02-01477,61610000,150000
R02-01478,24340000,60000
R02-01479,65340000,150000
R02-01480,38780000,150000
R02-01481,1620000,0
R02-01482,2700000,0
R02-01483,77580000,300000
R02-01484,63180000,150000
R02-01485,68620000,300000
R02-01486,12050000,40000
R02-01487,67830000,300000
R02-01488,21720000,60000
R02-01489,84880000,300000
R02-01490,36080000,150000
R02-01491,111780000,300000
R02-01492,67560000,300000
R02-01493,92700000,300000
R02-01494,152400000,600000
R02-01495,94870000,300000
R02-01496,34760000,150000
R02-01497,34950000,150000
R02-01498,41570000,150000
R02-01499,151130000,600000
R02-01500,23280000,60000
R02-01501,12300000,40000
R02-01502,23770000,60000
R02-01503,41030000,150000
R02-01504,11250000,40000
R02-01505,33830000,150000
R02-01506,3390000,0
R02-01507,43840000,150000
R02-01508,4980000,0
R02-01509,34380000,150000
R02-01510,73440000,300000
R02-01511,60950000,150000
R02-01512,66300000,150000
R02-01513,64500000,150000
R02-01514,82810000,300000
R02-01515,55000000,150000
R02-01516,15390000,40000
R02-01517,26810000,60000
R02-01518,64610000,150000
R02-01519,13420000,40000
R02-01520,26210000,60000
R02-01521,91380000,300000
R02-01522,78660000,300000
R02-01523,56350000,150000
R02-01524,1860000,0
R02-01525,84240000,300000
R02-01526,44150000,150000
R02-01527,62920000,150000
R02-01528,46500000,150000
R02-01529,62970000,150000
R02-01530,60660000,150000
R02-01531,67320000,300000
R02-01532,41330000,150000
R02-01533,45390000,150000
R02-01534,56340000,150000
R02-01535,33800000,150000
R02-01536,46600000,150000
R02-01537,27340000,60000
R02-01538,103350000,300000
R02-01539,21170000,60000
R02-01540,4910000,0
R02-01541,47740000,150000
R02-01542,12670000,40000
R02-01543,15700000,40000
R02-01544,14890000,40000
R02-01545,73300000,300000
R02-01546,15820000,40000
R02-01547,51780000,150000
R02-01548,81210000,300000
R02-01549,95920000,300000
R02-01550,133050000,300000
R02-01551,6010000,20000
R02-01552,9190000,20000
R02-01553,13210000,40000
R02-01554,24320000,60000
R02-01555,86810000,300000
R02-01556,36900000,150000
R02-01557,75360000,300000
R02-01558,21950000,60000
R02-01559,44900000,150000
R02-01560,48510000,150000
R02-01561,31490000,60000
R02-01562,84910000,300000
R02-01563,3190000,0
R02-01564,16370000,40000
R02-01565,62960000,150000
R02-01566,104960000,300000
R02-01567,82180000,300000
R02-01568,23480000,60000
R02-01569,11720000,40000
R02-01570,67230000,300000
R02-01571,23900000,60000
R02-01572,61850000,150000
R02-01573,56660000,150000
R02-01574,41590000,150000
R02-01575,21620000,60000
R02-01576,130380000,300000
R02-01577,15520000,40000
R02-01578,36950000,150000
R02-01579,22440000,60000
R02-01580,11540000,40000
R02-01581,22710000,60000
R02-01582,6930000,20000
R02-01583,8840000,20000
R02-01584,3490000,0
R02-01585,43820000,150000
R02-01586,44340000,150000
R02-01587,122030000,300000
R02-01588,2560000,0
R02-01589,26150000,60000
R02-01590,35150000,150000
R02-01591,6250000,20000
R02-01592,47930000,150000
R02-01593,63630000,150000
R02-01594,54990000,150000
R02-01595,44220000,150000
R02-01596,12510000,40000
R02-01597,65150000,150000
R02-01598,35470000,150000
R02-01599,23140000,60000
R02-01600,40810000,150000
R02-01601,57950000,150000
R02-01602,24360000,60000
R02-01603,115250000,300000
R02-01604,73450000,300000
R02-01605,3920000,0
R02-01606,66780000,300000
R02-01607,56420000,150000
R02-01608,81810000,300000
R02-01609,5700000,20000
R02-01610,116060000,300000
R02-01611,17200000,40000
R02-01612,26880000,60000
R02-01613,148580000,600000
R02-01614,3440000,0
R02-01615,31360000,60000
R02-01616,8090000,20000
R02-01617,18480000,40000
R02-01618,31710000,60000
R02-01619,53070000,150000
R02-01620,31620000,60000
R02-01621,5200000,20000
R02-01622,45580000,150000
R02-01623,82120000,300000
R02-01624,72340000,300000
R02-01625,26190000,60000
R02-01626,44200000,150000
R02-01627,125260000,300000
R02-01628,105510000,300000
R02-01629,43060000,150000
R02-01630,24190000,60000
R02-01631,22980000,60000
R02-01632,64480000,150000
R02-01633,67380000,300000
R02-01634,1850000,0
R02-01635,4000000,0
R02-01636,46250000,150000
R02-01637,1370000,0
R02-01638,2250000,0
R02-01639,2390000,0
R02-01640,62390000,150000
R02-01641,71950000,300000
R02-01642,82120000,300000
R02-01643,111950000,300000
R02-01644,48510000,150000
R02-01645,84270000,300000
R02-01646,12390000,40000
R02-01647,4210000,0
R02-01648,56220000,150000
R02-01649,21270000,60000
R02-01650,65620000,150000
R02-01651,3130000,0
R02-01652,32580000,60000
R02-01653,13590000,40000
R02-01654,33070000,60000
R02-01655,54110000,150000
R02-01656,81830000,300000
R02-01657,31950000,60000
R02-01658,11980000,40000
R02-01659,29590000,60000
R02-01660,56560000,150000
R02-01661,2180000,0
R02-01662,15150000,40000
R02-01663,22890000,60000
R02-01664,93320000,300000
R02-01665,57190000,150000
R02-01666,4970000,0
R02-01667,11320000,40000
R02-01668,52260000,150000
R02-01669,36000000,150000
R02-01670,103800000,300000
R02-01671,62830000,150000
R02-01672,52620000,150000
R02-01673,77230000,300000
R02-01674,34800000,150000
R02-01675,31470000,60000
R02-01676,34200000,150000
R02-01677,36980000,150000
R02-01678,21430000,60000
R02-01679,15920000,40000
R02-01680,72070000,300000
R02-01681,13900000,40000
R02-01682,21530000,60000
R02-01683,32170000,60000
R02-01684,12130000,40000
R02-01685,26000000,60000
R02-01686,8110000,20000
R02-01687,40500000,150000
R02-01688,29270000,60000
R02-01689,14880000,40000
R02-01690,25460000,60000
R02-01691,26840000,60000
R02-01692,41580000,150000
R02-01693,45350000,150000
R02-01694,63860000,150000
R02-01695,26030000,60000
R02-01696,31340000,60000
R02-01697,72200000,300000
R02-01698,13700000,40000
R02-01699,4790000,0
R02-01700,94500000,300000
R02-01701,42140000,150000
R02-01702,13400000,40000
R02-01703,26320000,60000
R02-01704,43340000,150000
R02-01705,65810000,150000
R02-01706,12560000,40000
R02-01707,1740000,0
R02-01708,87730000,300000
R02-01709,34060000,150000
R02-01710,4290000,0
R02-01711,43580000,150000
R02-01712,67000000,300000
R02-01713,56100000,150000
R02-01714,83120000,300000
R02-01715,44810000,150000
R02-01716,60820000,150000
R02-01717,30750000,60000
R02-01718,82750000,300000
R02-01719,76260000,300000
R02-01720,37970000,150000
R02-01721,55200000,150000
R02-01722,23340000,60000
R02-01723,42500000,150000
R02-01724,91130000,300000
R02-01725,4000000,0
R02-01726,90980000,300000
R02-01727,63570000,150000
R02-01728,60770000,150000
R02-01729,136970000,600000
R02-01730,213710000,1000000
R02-01731,121600000,300000
R02-01732,11650000,40000
R02-01733,35440000,150000
R02-01734,60720000,150000
R02-01735,37330000,150000
R02-01736,5930000,20000
R02-01737,18720000,40000
R02-01738,32180000,60000
R02-01739,21220000,60000
R02-01740,33850000,150000
R02-01741,16870000,40000
R02-01742,70370000,300000
R02-01743,21960000,60000
R02-01744,26800000,60000
R02-01745,31450000,60000
R02-01746,10640000,40000
R02-01747,23210000,60000
R02-01748,4350000,0
R02-01749,20830000,60000
R02-01750,42900000,150000
R02-01751,2960000,0
R02-01752,82770000,300000
R02-01753,62880000,150000
R02-01754,46650000,150000
R02-01755,69910000,300000
R02-01756,24000000,60000
R02-01757,84050000,300000
R02-01758,33520000,150000
R02-01759,25200000,60000
R02-01760,930000,0
R02-01761,12820000,40000
R02-01762,23320000,60000
R02-01763,22810000,60000
R02-01764,14380000,40000
R02-01765,66990000,300000
R02-01766,50850000,150000
R02-01767,45230000,150000
R02-01768,20480000,60000
R02-01769,34200000,150000
R02-01770,102450000,300000
R02-01771,54620000,150000
R02-01772,15010000,40000
R02-01773,34880000,150000
R02-01774,116100000,300000
R02-01775,72420000,300000
R02-01776,7390000,20000
R02-01777,6190000,20000
R02-01778,23630000,60000
R02-01779,67140000,300000
R02-01780,25390000,60000
R02-01781,116060000,300000
R02-01782,53170000,150000
R02-01783,3800000,0
R02-01784,52910000,150000
R02-01785,41430000,150000
R02-01786,3230000,0
R02-01787,20230000,60000
R02-01788,41340000,150000
R02-01789,51770000,150000
R02-01790,74320000,300000
R02-01791,67040000,300000
R02-01792,22360000,60000
R02-01793,7680000,20000
R02-01794,61790000,150000
R02-01795,54040000,150000
R02-01796,690000,0
R02-01797,112800000,300000
R02-01798,36530000,150000
R02-01799,131560000,300000
R02-01800,45450000,150000
R02-01801,14150000,40000
R02-01802,87290000,300000
R02-01803,22060000,60000
R02-01804,2910000,0
R02-01805,103630000,300000
R02-01806,41850000,150000
R02-01807,52280000,150000
R02-01808,64980000,150000
R02-01809,44850000,150000
R02-01810,11510000,40000
R02-01811,31140000,60000
R02-01812,81260000,300000
R02-01813,43710000,150000
R02-01814,41700000,150000
R02-01815,81360000,300000
R02-01816,44850000,150000
R02-01817,37850000,150000
R02-01818,9000000,20000
R02-01819,67090000,300000
R02-01820,3850000,0
R02-01821,54840000,150000
R02-01822,21130000,60000
R02-01823,12840000,40000
R02-01824,52250000,150000
R02-01825,38270000,150000
R02-01826,105020000,300000
R02-01827,6810000,20000
R02-01828,21460000,60000
R02-01829,42330000,150000
R02-01830,86650000,300000
R02-01831,104010000,300000
R02-01832,55550000,150000
R02-01833,30930000,60000
R02-01834,52940000,150000
R02-01835,62530000,150000
R02-01836,43260000,150000
R02-01837,92400000,300000
R02-01838,71190000,300000
R02-01839,46240000,150000
R02-01840,5370000,20000
R02-01841,101660000,300000
R02-01842,135280000,600000
R02-01843,72760000,300000
R02-01844,26370000,60000
R02-01845,31180000,60000
R02-01846,3850000,0
R02-01847,46200000,150000
R02-01848,1440000,0
R02-01849,34920000,150000
R02-01850,51780000,150000
R02-01851,28080000,60000
R02-01852,41050000,150000
R02-01853,4430000,0
R02-01854,1230000,0
R02-01855,31540000,60000
R02-01856,14120000,40000
R02-01857,64440000,150000
R02-01858,62900000,150000
R02-01859,26840000,60000
R02-01860,22690000,60000
R02-01861,24710000,60000
R02-01862,52630000,150000
R02-01863,5920000,20000
R02-01864,12440000,40000
R02-01865,76910000,300000
R02-01866,65520000,150000
R02-01867,72760000,300000
R02-01868,32330000,60000
R02-01869,12300000,40000
R02-01870,24030000,60000
R02-01871,33950000,150000
R02-01872,34400000,150000
R02-01873,45210000,150000
R02-01874,35820000,150000
R02-01875,21990000,60000
R02-01876,31600000,60000
R02-01877,52980000,150000
R02-01878,32800000,60000
R02-01879,32300000,60000
R02-01880,37140000,150000
R02-01881,63610000,150000
R02-01882,4040000,0
R02-01883,124340000,300000
R02-01884,3490000,0
R02-01885,171090000,600000
R02-01886,28090000,60000
R02-01887,3230000,0
R02-01888,72340000,300000
R02-01889,35950000,150000
R02-01890,114890000,300000
R02-01891,8610000,20000
R02-01892,35730000,150000
R02-01893,93920000,300000
R02-01894,17330000,40000
R02-01895,45770000,150000
R02-01896,83140000,300000
R02-01897,4300000,0
R02-01898,31250000,60000
R02-01899,2910000,0
R02-01900,60790000,150000
R02-01901,101430000,300000
R02-01902,22230000,60000
R02-01903,1370000,0
R02-01904,20900000,60000
R02-01905,12890000,40000
R02-01906,24060000,60000
R02-01907,15420000,40000
R02-01908,55190000,150000
R02-01909,26400000,60000
R02-01910,24090000,60000
R02-01911,2690000,0
R02-01912,59180000,150000
R02-01913,5700000,20000
R02-01914,900000,0
R02-01915,52680000,150000
R02-01916,6780000,20000
R02-01917,47260000,150000
R02-01918,64160000,150000
R02-01919,51850000,150000
R02-01920,4670000,0
R02-01921,12220000,40000
R02-01922,65870000,150000
R02-01923,17750000,40000
R02-01924,7810000,20000
R02-01925,65980000,150000
R02-01926,45440000,150000
R02-01927,47220000,150000
R02-01928,92700000,300000
R02-01929,31250000,60000
R02-01930,16330000,40000
R02-01931,24370000,60000
R02-01932,70230000,300000
R02-01933,44780000,150000
R02-01934,12130000,40000
R02-01935,13290000,40000
R02-01936,48990000,150000
R02-01937,32760000,60000
R02-01938,17830000,40000
R02-01939,143490000,600000
R02-01940,78850000,300000
R02-01941,53070000,150000
R02-01942,4460000,0
R02-01943,67990000,300000
R02-01944,123500000,300000
R02-01945,82160000,300000
R02-01946,1280000,0
R02-01947,7870000,20000
R02-01948,12420000,40000
R02-01949,27180000,60000
R02-01950,211490000,1000000
R02-01951,24240000,60000
R02-01952,126690000,300000
R02-01953,51290000,150000
R02-01954,1730000,0
R02-01955,105080000,300000
R02-01956,45090000,150000
R02-01957,45630000,150000
R02-01958,2550000,0
R02-01959,31450000,60000
R02-01960,53700000,150000
R02-01961,3610000,0
R02-01962,44070000,150000
R02-01963,34980000,150000
R02-01964,74470000,300000
R02-01965,9470000,20000
R02-01966,14560000,40000
R02-01967,50870000,150000
R02-01968,11290000,40000
R02-01969,42310000,150000
R02-01970,52770000,150000
R02-01971,103850000,300000
R02-01972,64370000,150000
R02-01973,23550000,60000
R02-01974,46590000,150000
R02-01975,44800000,150000
R02-01976,51030000,150000
R02-01977,112560000,300000
R02-01978,96280000,300000
R02-01979,2720000,0
R02-01980,67390000,300000
R02-01981,65290000,150000
R02-01982,42750000,150000
R02-01983,24560000,60000
R02-01984,56830000,150000
R02-01985,53220000,150000
R02-01986,36740000,150000
R02-01987,56780000,150000
R02-01988,12530000,40000
R02-01989,3310000,0
R02-01990,54670000,150000
R02-01991,2420000,0
R02-01992,22590000,60000
R02-01993,3220000,0
R02-01994,61150000,150000
R02-01995,3480000,0
R02-01996,21270000,60000
R02-01997,51300000,150000
R02-01998,76950000,300000
R02-01999,33460000,150000
R02-02000,32260000,60000
R02-02001,21980000,60000
R02-02002,43230000,150000
R02-02003,221530000,1000000
R02-02004,13250000,40000
R02-02005,25850000,60000
R02-02006,12200000,40000
R02-02007,61920000,150000
R02-02008,50370000,150000
R02-02009,50520000,150000
R02-02010,123750000,300000
R02-02011,149050000,600000
R02-02012,15430000,40000
R02-02013,22450000,60000
R02-02014,31320000,60000
R02-02015,6470000,20000
R02-02016,26460000,60000
R02-02017,113360000,300000
R02-02018,63750000,150000
R02-02019,3930000,0
R02-02020,32250000,60000
R02-02021,6230000,20000
R02-02022,7390000,20000
R02-02023,63900000,150000
R02-02024,23980000,60000
R02-02025,111660000,300000
R02-02026,1560000,0
R02-02027,61330000,150000
R02-02028,13380000,40000
R02-02029,5270000,20000
R02-02030,67330000,300000
R02-02031,5080000,20000
R02-02032,4430000,0
R02-02033,31950000,60000
R02-02034,44160000,150000
R02-02035,43440000,150000
R02-02036,5320000,20000
R02-02037,114160000,300000
R02-02038,92610000,300000
R02-02039,31560000,60000
R02-02040,37650000,150000
R02-02041,6780000,20000
R02-02042,21920000,60000
R02-02043,73530000,300000
R02-02044,65930000,150000
R02-02045,11370000,40000
R02-02046,1340000,0
R02-02047,7230000,20000
R02-02048,33570000,150000
R02-02049,22630000,60000
R02-02050,38180000,150000
R02-02051,17430000,40000
R02-02052,63830000,150000
R02-02053,85780000,300000
R02-02054,85810000,300000
R02-02055,7280000,20000
R02-02056,69050000,300000
R02-02057,63510000,150000
R02-02058,51520000,150000
R02-02059,23400000,60000
R02-02060,44390000,150000
R02-02061,63110000,150000
R02-02062,53810000,150000
R02-02063,115730000,300000
R02-02064,4530000,0
R02-02065,26500000,60000
R02-02066,3190000,0
R02-02067,5200000,20000
R02-02068,23270000,60000
R02-02069,32260000,60000
R02-02070,30570000,60000
R02-02071,33760000,150000
R02-02072,11810000,40000
R02-02073,33890000,150000
R02-02074,3850000,0
R02-02075,35490000,150000
R02-02076,40600000,150000
R02-02077,112950000,300000
R02-02078,57790000,150000
R02-02079,64940000,150000
R02-02080,28630000,60000
R02-02081,2660000,0
R02-02082,92140000,300000
R02-02083,114150000,300000
R02-02084,83260000,300000
R02-02085,14760000,40000
R02-02086,51840000,150000
R02-02087,6480000,20000
R02-02088,67810000,300000
R02-02089,13600000,40000
R02-02090,98480000,300000
R02-02091,26350000,60000
R02-02092,60990000,150000
R02-02093,70430000,300000
R02-02094,136560000,600000
R02-02095,51940000,150000
R02-02096,12060000,40000
R02-02097,119120000,300000
R02-02098,5590000,20000
R02-02099,26550000,60000
R02-02100,103700000,300000
R02-02101,121650000,300000
R02-02102,92610000,300000
R02-02103,174300000,600000
R02-02104,12900000,40000
R02-02105,33650000,150000
R02-02106,35250000,150000
R02-02107,34290000,150000
R02-02108,33750000,150000
R02-02109,1080000,0
R02-02110,106370000,300000
R02-02111,11780000,40000
R02-02112,38900000,150000
R02-02113,2730000,0
R02-02114,61520000,150000
R02-02115,21490000,60000
R02-02116,2120000,0
R02-02117,12190000,40000
R02-02118,33670000,150000
R02-02119,65580000,150000
R02-02120,22850000,60000
R02-02121,28040000,60000
R02-02122,55910000,150000
R02-02123,31390000,60000
R02-02124,6400000,20000
R02-02125,6090000,20000
R02-02126,35080000,150000
R02-02127,100640000,300000
R02-02128,55640000,150000
R02-02129,3820000,0
R02-02130,91640000,300000
R02-02131,52130000,150000
R02-02132,42590000,150000
R02-02133,63340000,150000
R02-02134,27710000,60000
R02-02135,2110000,0
R02-02136,94490000,300000
R02-02137,20570000,60000
R02-02138,83950000,300000
R02-02139,56950000,150000
R02-02140,86660000,300000
R02-02141,2300000,0
R02-02142,1670000,0
R02-02143,95980000,300000
R02-02144,21460000,60000
R02-02145,32190000,60000
R02-02146,54810000,150000
R02-02147,3060000,0
R02-02148,12370000,40000
R02-02149,43690000,150000
R02-02150,1640000,0
R02-02151,16810000,40000
R02-02152,43020000,150000
R02-02153,15070000,40000
R02-02154,54480000,150000
R02-02155,57980000,150000
R02-02156,22440000,60000
R02-02157,25960000,60000
R02-02158,73710000,300000
R02-02159,51450000,150000
R02-02160,23160000,60000
R02-02161,74470000,300000
R02-02162,36500000,150000
R02-02163,40800000,150000
R02-02164,62690000,150000
R02-02165,81920000,300000
R02-02166,91600000,300000
R02-02167,37240000,150000
R02-02168,26270000,60000
R02-02169,58420000,150000
R02-02170,30760000,60000
R02-02171,1920000,0
R02-02172,37510000,150000
R02-02173,16160000,40000
R02-02174,51460000,150000
R02-02175,124080000,300000
R02-02176,18240000,40000
R02-02177,27280000,60000
R02-02178,48410000,150000
R02-02179,54240000,150000
R02-02180,24550000,60000
R02-02181,44620000,150000
R02-02182,640000,0
R02-02183,53640000,150000
R02-02184,3130000,0
R02-02185,73720000,300000
R02-02186,52360000,150000
R02-02187,134470000,600000
R02-02188,46380000,150000
R02-02189,80460000,300000
R02-02190,12640000,40000
R02-02191,43830000,150000
R02-02192,4470000,0
R02-02193,22840000,60000
R02-02194,66590000,150000
R02-02195,41010000,150000
R02-02196,37140000,150000
R02-02197,33520000,150000
R02-02198,117650000,300000
R02-02199,51900000,150000
R02-02200,7320000,20000
R02-02201,5130000,20000
R02-02202,52730000,150000
R02-02203,23090000,60000
R02-02204,6490000,20000
R02-02205,24470000,60000
R02-02206,97070000,300000
R02-02207,40160000,150000
R02-02208,103250000,300000
R02-02209,560000,0
R02-02210,6790000,20000
R02-02211,51590000,150000
R02-02212,14850000,40000
R02-02213,25230000,60000
R02-02214,23610000,60000
R02-02215,7400000,20000
R02-02216,2840000,0
R02-02217,2840000,0
R02-02218,54920000,150000
R02-02219,1310000,0
R02-02220,52650000,150000
R02-02221,26270000,60000
R02-02222,3490000,0
R02-02223,85720000,300000
R02-02224,21730000,60000
R02-02225,13480000,40000
R02-02226,75290000,300000
R02-02227,116490000,300000
R02-02228,111780000,300000
R02-02229,44700000,150000
R02-02230,51780000,150000
R02-02231,66280000,150000
R02-02232,3240000,0
R02-02233,48470000,150000
R02-02234,12010000,40000
R02-02235,75250000,300000
R02-02236,6240000,20000
R02-02237,72840000,300000
R02-02238,32840000,60000
R02-02239,128590000,300000
R02-02240,67800000,300000
R02-02241,65860000,150000
R02-02242,55810000,150000
R02-02243,2440000,0
R02-02244,134080000,600000
R02-02245,18410000,40000
R02-02246,15680000,40000
R02-02247,21860000,60000
R02-02248,81710000,300000
R02-02249,24240000,60000
R02-02250,45600000,150000
R02-02251,88920000,300000
R02-02252,45850000,150000
R02-02253,8840000,20000
R02-02254,32850000,60000
R02-02255,110280000,300000
R02-02256,63550000,150000
R02-02257,101560000,300000
R02-02258,7630000,20000
R02-02259,10750000,40000
R02-02260,12310000,40000
R02-02261,3340000,0
R02-02262,6900000,20000
R02-02263,43520000,150000
R02-02264,13760000,40000
R02-02265,13710000,40000
R02-02266,11900000,40000
R02-02267,15290000,40000
R02-02268,22640000,60000
R02-02269,23310000,60000
R02-02270,65450000,150000
R02-02271,84300000,300000
R02-02272,36170000,150000
R02-02273,8120000,20000
R02-02274,14500000,40000
R02-02275,22910000,60000
R02-02276,51230000,150000
R02-02277,43050000,150000
R02-02278,71040000,300000
R02-02279,280000,0
R02-02280,3680000,0
R02-02281,3890000,0
R02-02282,66630000,150000
R02-02283,46100000,150000
R02-02284,3690000,0
R02-02285,56200000,150000
R02-02286,41290000,150000
R02-02287,104830000,300000
R02-02288,23410000,60000
R02-02289,71210000,300000
R02-02290,3420000,0
R02-02291,113670000,300000
R02-02292,5000000,20000
R02-02293,72360000,300000
R02-02294,40930000,150000
R02-02295,77530000,300000
R02-02296,92700000,300000
R02-02297,3530000,0
R02-02298,87080000,300000
R02-02299,37380000,150000
R02-02300,52410000,150000
R02-02301,62150000,150000
R02-02302,12600000,40000
R02-02303,92540000,300000
R02-02304,42530000,150000
R02-02305,44560000,150000
R02-02306,12390000,40000
R02-02307,44470000,150000
R02-02308,32120000,60000
R02-02309,64460000,150000
R02-02310,4730000,0
R02-02311,31670000,60000
R02-02312,42420000,150000
R02-02313,53060000,150000
R02-02314,32440000,60000
R02-02315,3090000,0
R02-02316,67460000,300000
R02-02317,26230000,60000
R02-02318,11870000,40000
R02-02319,64080000,150000
R02-02320,24290000,60000
R02-02321,3020000,0
R02-02322,72930000,300000
R02-02323,17180000,40000
R02-02324,33500000,150000
R02-02325,11490000,40000
R02-02326,53050000,150000
R02-02327,83830000,300000
R02-02328,43300000,150000
R02-02329,21300000,60000
R02-02330,14990000,40000
R02-02331,74000000,300000
R02-02332,62460000,150000
R02-02333,45910000,150000
R02-02334,3930000,0
R02-02335,6150000,20000
R02-02336,12590000,40000
R02-02337,72180000,300000
R02-02338,4350000,0
R02-02339,51490000,150000
R02-02340,33890000,150000
R02-02341,15450000,40000
R02-02342,38520000,150000
R02-02343,27220000,60000
R02-02344,61910000,150000
R02-02345,51590000,150000
R02-02346,32370000,60000
R02-02347,67520000,300000
R02-02348,52620000,150000
R02-02349,38040000,150000
R02-02350,33680000,150000
R02-02351,20540000,60000
R02-02352,10700000,40000
R02-02353,41800000,150000
R02-02354,53390000,150000
R02-02355,52870000,150000
R02-02356,2560000,0
R02-02357,52620000,150000
R02-02358,3000000,0
R02-02359,36040000,150000
R02-02360,33000000,60000
R02-02361,33840000,150000
R02-02362,7790000,20000
R02-02363,53380000,150000
R02-02364,74610000,300000
R02-02365,20730000,60000
R02-02366,42780000,150000
R02-02367,4450000,0
R02-02368,17140000,40000
R02-02369,94910000,300000
R02-02370,43300000,150000
R02-02371,66290000,150000
R02-02372,25100000,60000
R02-02373,41750000,150000
R02-02374,2130000,0
R02-02375,52290000,150000
R02-02376,33300000,60000
R02-02377,34650000,150000
R02-02378,36970000,150000
R02-02379,33520000,150000
R02-02380,21370000,60000
R02-02381,1660000,0
R02-02382,3150000,0
R02-02383,46200000,150000
R02-02384,53890000,150000
R02-02385,44250000,150000
R02-02386,44130000,150000
R02-02387,20890000,60000
R02-02388,22900000,60000
R02-02389,42740000,150000
R02-02390,42070000,150000
R02-02391,82300000,300000
R02-02392,33090000,60000
R02-02393,112540000,300000
R02-02394,74340000,300000
R02-02395,34570000,150000
R02-02396,12050000,40000
R02-02397,43290000,150000
R02-02398,2220000,0
R02-02399,26260000,60000
R02-02400,51150000,150000
R02-02401,72950000,300000
R02-02402,25010000,60000
R02-02403,43450000,150000
R02-02404,21950000,60000
R02-02405,20230000,60000
R02-02406,33680000,150000
R02-02407,92110000,300000
R02-02408,7160000,20000
R02-02409,44200000,150000
R02-02410,58080000,150000
R02-02411,24580000,60000
R02-02412,69430000,300000
R02-02413,83930000,300000
R02-02414,20840000,60000
R02-02415,91760000,300000
R02-02416,125150000,300000
R02-02417,3650000,0
R02-02418,43610000,150000
R02-02419,25360000,60000
R02-02420,63470000,150000
R02-02421,27480000,60000
R02-02422,53190000,150000
R02-02423,54160000,150000
R02-02424,40960000,150000
R02-02425,43230000,150000
R02-02426,39110000,150000
R02-02427,24590000,60000
R02-02428,14990000,40000
R02-02429,2170000,0
R02-02430,19590000,40000
R02-02431,1100000,0
R02-02432,2080000,0
R02-02433,56130000,150000
R02-02434,35990000,150000
R02-02435,13830000,40000
R02-02436,34120000,150000
R02-02437,5710000,20000
R02-02438,75240000,300000
R02-02439,52240000,150000
R02-02440,11000000,40000
R02-02441,37350000,150000
R02-02442,91690000,300000
R02-02443,22650000,60000
R02-02444,60750000,150000
R02-02445,61920000,150000
R02-02446,47470000,150000
R02-02447,1340000,0
R02-02448,125410000,300000
R02-02449,3580000,0
R02-02450,35750000,150000
R02-02451,3400000,0
R02-02452,127480000,300000
R02-02453,33040000,60000
R02-02454,51780000,150000
R02-02455,26640000,60000
R02-02456,61280000,150000
R02-02457,44140000,150000
R02-02458,52010000,150000
R02-02459,67060000,300000
R02-02460,130340000,300000
R02-02461,88880000,300000
R02-02462,8250000,20000
R02-02463,24010000,60000
R02-02464,1800000,0
R02-02465,21890000,60000
R02-02466,38500000,150000
R02-02467,112600000,300000
R02-02468,22010000,60000
R02-02469,77060000,300000
R02-02470,55820000,150000
R02-02471,86140000,300000
R02-02472,31310000,60000
R02-02473,52190000,150000
R02-02474,55060000,150000
R02-02475,24300000,60000
R02-02476,31800000,60000
R02-02477,4520000,0
R02-02478,23140000,60000
R02-02479,42320000,150000
R02-02480,16100000,40000
R02-02481,95530000,300000
R02-02482,13170000,40000
R02-02483,4590000,0
R02-02484,97240000,300000
R02-02485,22630000,60000
R02-02486,34510000,150000
R02-02487,23810000,60000
R02-02488,16070000,40000
R02-02489,93740000,300000
R02-02490,80970000,300000
R02-02491,1280000,0
R02-02492,4810000,0
R02-02493,44570000,150000
R02-02494,38660000,150000
R02-02495,24240000,60000
R02-02496,44120000,150000
R02-02497,126080000,300000
R02-02498,3190000,0
R02-02499,54810000,150000
R02-02500,13450000,40000
R02-02501,12770000,40000
R02-02502,21170000,60000
R02-02503,2730000,0
R02-02504,31560000,60000
R02-02505,80940000,300000
R02-02506,15750000,40000
R02-02507,62260000,150000
R02-02508,106070000,300000
R02-02509,36810000,150000
R02-02510,31890000,60000
R02-02511,25950000,60000
R02-02512,23200000,60000
R02-02513,33950000,150000
R02-02514,34040000,150000
R02-02515,27350000,60000
R02-02516,55550000,150000
R02-02517,47130000,150000
R02-02518,45590000,150000
R02-02519,34080000,150000
R02-02520,12420000,40000
R02-02521,2290000,0
R02-02522,4940000,0
R02-02523,14610000,40000
R02-02524,7250000,20000
R02-02525,26350000,60000
R02-02526,61850000,150000
R02-02527,42050000,150000
R02-02528,24520000,60000
R02-02529,23740000,60000
R02-02530,52730000,150000
R02-02531,2120000,0
R02-02532,107320000,300000
R02-02533,6690000,20000
R02-02534,1990000,0
R02-02535,84850000,300000
R02-02536,27190000,60000
R02-02537,44800000,150000
R02-02538,61900000,150000
R02-02539,41370000,150000
R02-02540,50900000,150000
R02-02541,11880000,40000
R02-02542,34250000,150000
R02-02543,34520000,150000
R02-02544,15200000,40000
R02-02545,95250000,300000
R02-02546,64010000,150000
R02-02547,113310000,300000
R02-02548,23730000,60000
R02-02549,92450000,300000
R02-02550,65450000,150000
R02-02551,47530000,150000
R02-02552,62500000,150000
R02-02553,68600000,300000
R02-02554,38880000,150000
R02-02555,33870000,150000
R02-02556,11490000,40000
R02-02557,2360000,0
R02-02558,41440000,150000
R02-02559,85630000,300000
R02-02560,24920000,60000
R02-02561,52740000,150000
R02-02562,124340000,300000
R02-02563,58440000,150000
R02-02564,1760000,0
R02-02565,121340000,300000
R02-02566,24810000,60000
R02-02567,17020000,40000
R02-02568,13810000,40000
R02-02569,43440000,150000
R02-02570,53140000,150000
R02-02571,62660000,150000
R02-02572,55010000,150000
R02-02573,62280000,150000
R02-02574,35950000,150000
R02-02575,21180000,60000
R02-02576,42830000,150000
R02-02577,42210000,150000
R02-02578,73940000,300000
R02-02579,74550000,300000
R02-02580,92920000,300000
R02-02581,43530000,150000
R02-02582,52200000,150000
R02-02583,22560000,60000
R02-02584,23090000,60000
R02-02585,16280000,40000
R02-02586,13160000,40000
R02-02587,35360000,150000
R02-02588,60800000,150000
R02-02589,61080000,150000
R02-02590,104910000,300000
R02-02591,42330000,150000
R02-02592,52510000,150000
R02-02593,12590000,40000
R02-02594,45760000,150000
R02-02595,2820000,0
R02-02596,134880000,600000
R02-02597,2470000,0
R02-02598,48300000,150000
R02-02599,121350000,300000
R02-02600,59490000,150000
R02-02601,83840000,300000
R02-02602,29430000,60000
R02-02603,5310000,20000
R02-02604,22300000,60000
R02-02605,75340000,300000
R02-02606,46210000,150000
R02-02607,106940000,300000
R02-02608,3120000,0
R02-02609,43260000,150000
R02-02610,3210000,0
R02-02611,8580000,20000
R02-02612,27390000,60000
R02-02613,62390000,150000
R02-02614,83600000,300000
R02-02615,62880000,150000
R02-02616,45260000,150000
R02-02617,44470000,150000
R02-02618,66070000,150000
R02-02619,45070000,150000
R02-02620,29760000,60000
R02-02621,64450000,150000
R02-02622,42460000,150000
R02-02623,2470000,0
R02-02624,56390000,150000
R02-02625,54860000,150000
R02-02626,23280000,60000
R02-02627,76180000,300000
R02-02628,55490000,150000
R02-02629,55540000,150000
R02-02630,4690000,0
R02-02631,35530000,150000
R02-02632,42470000,150000
R02-02633,95630000,300000
R02-02634,35810000,150000
R02-02635,6070000,20000
R02-02636,4400000,0
R02-02637,25550000,60000
R02-02638,16600000,40000
R02-02639,60860000,150000
R02-02640,46410000,150000
R02-02641,47430000,150000
R02-02642,11780000,40000
R02-02643,42190000,150000
R02-02644,72700000,300000
R02-02645,82950000,300000
R02-02646,25890000,60000
R02-02647,16150000,40000
R02-02648,71210000,300000
R02-02649,24930000,60000
R02-02650,104150000,300000
R02-02651,5020000,20000
R02-02652,500000,0
R02-02653,63350000,150000
R02-02654,23830000,60000
R02-02655,4210000,0
R02-02656,77890000,300000
R02-02657,47080000,150000
R02-02658,5070000,20000
R02-02659,21930000,60000
R02-02660,3240000,0
R02-02661,16660000,40000
R02-02662,72260000,300000
R02-02663,46110000,150000
R02-02664,84130000,300000
R02-02665,45140000,150000
R02-02666,22550000,60000
R02-02667,47600000,150000
R02-02668,34500000,150000
R02-02669,2440000,0
R02-02670,73030000,300000
R02-02671,82720000,300000
R02-02672,121780000,300000
R02-02673,84460000,300000
R02-02674,3390000,0
R02-02675,52050000,150000
R02-02676,75890000,300000
R02-02677,72090000,300000
R02-02678,4910000,0
R02-02679,52710000,150000
R02-02680,34370000,150000
R02-02681,53530000,150000
R02-02682,72180000,300000
R02-02683,3800000,0
R02-02684,48220000,150000
R02-02685,42650000,150000
R02-02686,55390000,150000
R02-02687,83810000,300000
R02-02688,55180000,150000
R02-02689,134630000,600000
R02-02690,1190000,0
R02-02691,61180000,150000
R02-02692,56830000,150000
R02-02693,4310000,0
R02-02694,83540000,300000
R02-02695,81970000,300000
R02-02696,131530000,300000
R02-02697,54770000,150000
R02-02698,74860000,300000
R02-02699,41850000,150000
R02-02700,13820000,40000
R02-02701,54360000,150000
R02-02702,42900000,150000
R02-02703,47990000,150000
R02-02704,44630000,150000
R02-02705,18600000,40000
R02-02706,26530000,60000
R02-02707,16140000,40000
R02-02708,111800000,300000
R02-02709,24950000,60000
R02-02710,45540000,150000
R02-02711,32690000,60000
R02-02712,84740000,300000
R02-02713,28060000,60000
R02-02714,82750000,300000
R02-02715,45650000,150000
R02-02716,76660000,300000
R02-02717,22520000,60000
R02-02718,25990000,60000
R02-02719,34410000,150000
R02-02720,44620000,150000
R02-02721,6270000,20000
R02-02722,20460000,60000
R02-02723,23480000,60000
R02-02724,103810000,300000
R02-02725,82160000,300000
R02-02726,53760000,150000
R02-02727,52540000,150000
R02-02728,17060000,40000
R02-02729,103390000,300000
R02-02730,11570000,40000
R02-02731,51590000,150000
R02-02732,98250000,300000
R02-02733,11930000,40000
R02-02734,24510000,60000
R02-02735,52630000,150000
R02-02736,25570000,60000
R02-02737,85720000,300000
R02-02738,71960000,300000
R02-02739,31840000,60000
R02-02740,13770000,40000
R02-02741,28230000,60000
R02-02742,36020000,150000
R02-02743,45550000,150000
R02-02744,27640000,60000
R02-02745,12460000,40000
R02-02746,33450000,150000
R02-02747,12500000,40000
R02-02748,2540000,0
R02-02749,55080000,150000
R02-02750,62150000,150000
R02-02751,32190000,60000
R02-02752,57360000,150000
R02-02753,92230000,300000
R02-02754,84590000,300000
R02-02755,75410000,300000
R02-02756,21890000,60000
R02-02757,11140000,40000
R02-02758,61410000,150000
R02-02759,5680000,20000
R02-02760,96610000,300000
R02-02761,74210000,300000
R02-02762,36670000,150000
R02-02763,21960000,60000
R02-02764,590000,0
R02-02765,36800000,150000
R02-02766,1060000,0
R02-02767,23920000,60000
R02-02768,100920000,300000
R02-02769,13780000,40000
R02-02770,33120000,60000
R02-02771,46120000,150000
R02-02772,85750000,300000
R02-02773,37770000,150000
R02-02774,5060000,20000
R02-02775,1750000,0
R02-02776,61550000,150000
R02-02777,82140000,300000
R02-02778,33160000,60000
R02-02779,65630000,150000
R02-02780,72260000,300000
R02-02781,14300000,40000
R02-02782,36330000,150000
R02-02783,54030000,150000
R02-02784,76340000,300000
R02-02785,35140000,150000
R02-02786,92130000,300000
R02-02787,113110000,300000
R02-02788,1570000,0
R02-02789,20910000,60000
R02-02790,71550000,300000
R02-02791,121670000,300000
R02-02792,69020000,300000
R02-02793,41070000,150000
R02-02794,53790000,150000
R02-02795,63310000,150000
R02-02796,22730000,60000
R02-02797,24940000,60000
R02-02798,51970000,150000
R02-02799,222070000,1000000
R02-02800,81000000,300000
R02-02801,13240000,40000
R02-02802,25990000,60000
R02-02803,15900000,40000
R02-02804,2540000,0
R02-02805,66170000,150000
R02-02806,2660000,0
R02-02807,72580000,300000
R02-02808,6350000,20000
R02-02809,91840000,300000
R02-02810,53870000,150000
R02-02811,26980000,60000
R02-02812,1220000,0
R02-02813,51300000,150000
R02-02814,3240000,0
R02-02815,74550000,300000
R02-02816,11850000,40000
R02-02817,21910000,60000
R02-02818,6510000,20000
R02-02819,63630000,150000
R02-02820,34150000,150000
R02-02821,6580000,20000
R02-02822,25540000,60000
R02-02823,41340000,150000
R02-02824,75250000,300000
R02-02825,22330000,60000
R02-02826,15610000,40000
R02-02827,91810000,300000
R02-02828,3000000,0
R02-02829,73780000,300000
R02-02830,36210000,150000
R02-02831,53030000,150000
R02-02832,25340000,60000
R02-02833,5920000,20000
R02-02834,96910000,300000
R02-02835,82930000,300000
R02-02836,1730000,0
R02-02837,13030000,40000
R02-02838,4410000,0
R02-02839,13630000,40000
R02-02840,12890000,40000
R02-02841,64350000,150000
R02-02842,16370000,40000
R02-02843,75620000,300000
R02-02844,47840000,150000
R02-02845,73930000,300000
R02-02846,54120000,150000
R02-02847,62410000,150000
R02-02848,52770000,150000
R02-02849,80850000,300000
R02-02850,71990000,300000
R02-02851,12000000,40000
R02-02852,54160000,150000
R02-02853,92820000,300000
R02-02854,2920000,0
R02-02855,21540000,60000
R02-02856,5020000,20000
R02-02857,86400000,300000
R02-02858,5060000,20000
R02-02859,92710000,300000
R02-02860,14270000,40000
R02-02861,53960000,150000
R02-02862,32950000,60000
R02-02863,73250000,300000
R02-02864,54340000,150000
R02-02865,630000,0
R02-02866,92700000,300000
R02-02867,80710000,300000
R02-02868,103980000,300000
R02-02869,51000000,150000
R02-02870,61240000,150000
R02-02871,34550000,150000
R02-02872,22290000,60000
R02-02873,62770000,150000
R02-02874,76310000,300000
R02-02875,147240000,600000
R02-02876,45580000,150000
R02-02877,19180000,40000
R02-02878,34080000,150000
R02-02879,44200000,150000
R02-02880,13870000,40000
R02-02881,51860000,150000
R02-02882,15270000,40000
R02-02883,12650000,40000
R02-02884,62420000,150000
R02-02885,2720000,0
R02-02886,33710000,150000
R02-02887,21220000,60000
R02-02888,31680000,60000
R02-02889,5820000,20000
R02-02890,55340000,150000
R02-02891,56380000,150000
R02-02892,1460000,0
R02-02893,12710000,40000
R02-02894,56380000,150000
R02-02895,104360000,300000
R02-02896,80620000,300000
R02-02897,31690000,60000
R02-02898,43220000,150000
R02-02899,31280000,60000
R02-02900,64130000,150000
R02-02901,38510000,150000
R02-02902,82520000,300000
R02-02903,12430000,40000
R02-02904,34160000,150000
R02-02905,49790000,150000
R02-02906,15210000,40000
R02-02907,61430000,150000
R02-02908,70220000,300000
R02-02909,6330000,20000
R02-02910,101250000,300000
R02-02911,1100000,0
R02-02912,96980000,300000
R02-02913,12540000,40000
R02-02914,40710000,150000
R02-02915,91430000,300000
R02-02916,62490000,150000
R02-02917,90820000,300000
R02-02918,7720000,20000
R02-02919,15020000,40000
R02-02920,20960000,60000
R02-02921,30590000,60000
R02-02922,25300000,60000
R02-02923,58220000,150000
R02-02924,82920000,300000
R02-02925,4670000,0
R02-02926,33460000,150000
R02-02927,64340000,150000
R02-02928,44410000,150000
R02-02929,22350000,60000
R02-02930,22920000,60000
R02-02931,31710000,60000
R02-02932,86040000,300000
R02-02933,660000,0
R02-02934,5300000,20000
R02-02935,42260000,150000
R02-02936,3680000,0
R02-02937,120930000,300000
R02-02938,4480000,0
R02-02939,2800000,0
R02-02940,110970000,300000
R02-02941,84950000,300000
R02-02942,6290000,20000
R02-02943,54770000,150000
R02-02944,22330000,60000
R02-02945,31920000,60000
R02-02946,86010000,300000
R02-02947,68610000,300000
R02-02948,64120000,150000
R02-02949,25650000,60000
R02-02950,73090000,300000
R02-02951,61570000,150000
R02-02952,67000000,300000
R02-02953,53710000,150000
R02-02954,154560000,600000
R02-02955,51710000,150000
R02-02956,51420000,150000
R02-02957,22180000,60000
R02-02958,75190000,300000
R02-02959,5870000,20000
R02-02960,25910000,60000
R02-02961,23920000,60000
R02-02962,38990000,150000
R02-02963,11130000,40000
R02-02964,21850000,60000
R02-02965,45940000,150000
R02-02966,50730000,150000
R02-02967,86860000,300000
R02-02968,44230000,150000
R02-02969,57080000,150000
R02-02970,32750000,60000
R02-02971,31580000,60000
R02-02972,51080000,150000
R02-02973,49230000,150000
R02-02974,67390000,300000
R02-02975,12450000,40000
R02-02976,112790000,300000
R02-02977,124020000,300000
R02-02978,22810000,60000
R02-02979,46760000,150000
R02-02980,22510000,60000
R02-02981,34380000,150000
R02-02982,85510000,300000
R02-02983,6970000,20000
R02-02984,76460000,300000
R02-02985,134060000,600000
R02-02986,26380000,60000
R02-02987,55010000,150000
R02-02988,12550000,40000
R02-02989,34720000,150000
R02-02990,13270000,40000
R02-02991,66770000,300000
R02-02992,87930000,300000
R02-02993,44090000,150000
R02-02994,44700000,150000
R02-02995,83950000,300000
R02-02996,4060000,0
R02-02997,61080000,150000
R02-02998,63580000,150000
R02-02999,32760000,60000
R02-03000,31610000,60000
R02-03001,2620000,0
R02-03002,62010000,150000
R02-03003,14050000,40000
R02-03004,24150000,60000
R02-03005,23310000,60000
R02-03006,73960000,300000
R02-03007,41590000,150000
R02-03008,20490000,60000
R02-03009,13390000,40000
R02-03010,46110000,150000
R02-03011,126930000,300000
R02-03012,2440000,0
R02-03013,31790000,60000
R02-03014,36990000,150000
R02-03015,64320000,150000
R02-03016,100840000,300000
R02-03017,53360000,150000
R02-03018,22980000,60000
R02-03019,31340000,60000
R02-03020,53980000,150000
R02-03021,27720000,60000
R02-03022,5510000,20000
R02-03023,6750000,20000
R02-03024,101430000,300000
R02-03025,64830000,150000
R02-03026,3340000,0
R02-03027,52110000,150000
R02-03028,14080000,40000
R02-03029,86920000,300000
R02-03030,16150000,40000
R02-03031,12040000,40000
R02-03032,3600000,0
R02-03033,4420000,0
R02-03034,51220000,150000
R02-03035,31720000,60000
R02-03036,13820000,40000
R02-03037,36660000,150000
R02-03038,71720000,300000
R02-03039,5600000,20000
R02-03040,35500000,150000
R02-03041,31090000,60000
R02-03042,21670000,60000
R02-03043,50690000,150000
R02-03044,31450000,60000
R02-03045,121330000,300000
R02-03046,72370000,300000
R02-03047,33020000,60000
R02-03048,11520000,40000
R02-03049,122260000,300000
R02-03050,25410000,60000
R02-03051,31060000,60000
R02-03052,42670000,150000
R02-03053,53590000,150000
R02-03054,3910000,0
R02-03055,28670000,60000
R02-03056,5790000,20000
R02-03057,32910000,60000
R02-03058,53580000,150000
R02-03059,38960000,150000
R02-03060,26670000,60000
R02-03061,13690000,40000
R02-03062,2230000,0
R02-03063,15450000,40000
R02-03064,74620000,300000
R02-03065,52610000,150000
R02-03066,3160000,0
R02-03067,45460000,150000
R02-03068,50760000,150000
R02-03069,1530000,0
R02-03070,52780000,150000
R02-03071,580000,0
R02-03072,53260000,150000
R02-03073,66170000,150000
R02-03074,21900000,60000
R02-03075,32990000,60000
R02-03076,101980000,300000
R02-03077,33920000,150000
R02-03078,73240000,300000
R02-03079,102920000,300000
R02-03080,1790000,0
R02-03081,30650000,60000
R02-03082,41860000,150000
R02-03083,63140000,150000
R02-03084,1890000,0
R02-03085,35700000,150000
R02-03086,31610000,60000
R02-03087,64040000,150000
R02-03088,85590000,300000
R02-03089,111870000,300000
R02-03090,26910000,60000
R02-03091,10830000,40000
R02-03092,32990000,60000
R02-03093,86130000,300000
R02-03094,43230000,150000
R02-03095,53730000,150000
R02-03096,5890000,20000
R02-03097,1040000,0
R02-03098,55160000,150000
R02-03099,46160000,150000
R02-03100,23550000,60000
R02-03101,93030000,300000
R02-03102,174840000,600000
R02-03103,35940000,150000
R02-03104,83910000,300000
R02-03105,34130000,150000
R02-03106,47070000,150000
R02-03107,26520000,60000
R02-03108,41010000,150000
R02-03109,26870000,60000
R02-03110,11370000,40000
R02-03111,21330000,60000
R02-03112,4520000,0
R02-03113,4000000,0
R02-03114,32300000,60000
R02-03115,43260000,150000
R02-03116,74980000,300000
R02-03117,86450000,300000
R02-03118,72600000,300000
R02-03119,34970000,150000
R02-03120,42260000,150000
R02-03121,35630000,150000
R02-03122,42870000,150000
R02-03123,41900000,150000
R02-03124,103190000,300000
R02-03125,52840000,150000
R02-03126,11270000,40000
R02-03127,52110000,150000
R02-03128,54370000,150000
R02-03129,71340000,300000
R02-03130,31880000,60000
R02-03131,41560000,150000
R02-03132,10860000,40000
R02-03133,31850000,60000
R02-03134,45740000,150000
R02-03135,11320000,40000
R02-03136,7960000,20000
R02-03137,2270000,0
R02-03138,11150000,40000
R02-03139,36140000,150000
R02-03140,74260000,300000
R02-03141,15580000,40000
R02-03142,6980000,20000
R02-03143,8790000,20000
R02-03144,15320000,40000
R02-03145,71800000,300000
R02-03146,26630000,60000
R02-03147,90960000,300000
R02-03148,3070000,0
R02-03149,43840000,150000
R02-03150,42890000,150000
R02-03151,21960000,60000
R02-03152,6540000,20000
R02-03153,105170000,300000
R02-03154,3120000,0
R02-03155,2410000,0
R02-03156,32990000,60000
R02-03157,13240000,40000
R02-03158,75700000,300000
R02-03159,53300000,150000
R02-03160,38420000,150000
R02-03161,6470000,20000
R02-03162,22290000,60000
R02-03163,4160000,0
R02-03164,12820000,40000
R02-03165,96170000,300000
R02-03166,24470000,60000
R02-03167,5990000,20000
R02-03168,42050000,150000
R02-03169,65270000,150000
R02-03170,38490000,150000
R02-03171,52990000,150000
R02-03172,61970000,150000
R02-03173,6380000,20000
R02-03174,8410000,20000
R02-03175,6450000,20000
R02-03176,94490000,300000
R02-03177,82280000,300000
R02-03178,127700000,300000
R02-03179,32120000,60000
R02-03180,34440000,150000
R02-03181,35800000,150000
R02-03182,6280000,20000
R02-03183,45560000,150000
R02-03184,75610000,300000
R02-03185,95870000,300000
R02-03186,26140000,60000
R02-03187,13330000,40000
R02-03188,23650000,60000
R02-03189,98250000,300000
R02-03190,48830000,150000
R02-03191,11610000,40000
R02-03192,8670000,20000
R02-03193,99140000,300000
R02-03194,96290000,300000
R02-03195,3840000,0
R02-03196,52850000,150000
R02-03197,15520000,40000
R02-03198,31270000,60000
R02-03199,47860000,150000
R02-03200,40330000,150000
R02-03201,61530000,150000
R02-03202,95080000,300000
R02-03203,3520000,0
R02-03204,113780000,300000
R02-03205,51060000,150000
R02-03206,21300000,60000
R02-03207,42060000,150000
R02-03208,32770000,60000
R02-03209,136460000,600000
R02-03210,52240000,150000
R02-03211,14120000,40000
R02-03212,102680000,300000
R02-03213,71650000,300000
R02-03214,55510000,150000
R02-03215,60750000,150000
R02-03216,12910000,40000
R02-03217,61830000,150000
R02-03218,41340000,150000
R02-03219,24370000,60000
R02-03220,96110000,300000
R02-03221,19060000,40000
R02-03222,4900000,0
R02-03223,27800000,60000
R02-03224,91880000,300000
R02-03225,53060000,150000
R02-03226,22720000,60000
R02-03227,6550000,20000
R02-03228,92480000,300000
R02-03229,52520000,150000
R02-03230,24920000,60000
R02-03231,18060000,40000
R02-03232,23970000,60000
R02-03233,13630000,40000
R02-03234,36830000,150000
R02-03235,63370000,150000
R02-03236,41670000,150000
R02-03237,44110000,150000
R02-03238,43660000,150000
R02-03239,52730000,150000
R02-03240,22470000,60000
R02-03241,41230000,150000
R02-03242,24080000,60000
R02-03243,62540000,150000
R02-03244,41830000,150000
R02-03245,83480000,300000
R02-03246,15490000,40000
R02-03247,13170000,40000
R02-03248,103720000,300000
R02-03249,17830000,40000
R02-03250,14940000,40000
R02-03251,40930000,150000
R02-03252,100400000,300000
R02-03253,31570000,60000
R02-03254,40790000,150000
R02-03255,8430000,20000
R02-03256,2590000,0
R02-03257,35090000,150000
R02-03258,32340000,60000
R02-03259,25920000,60000
R02-03260,146110000,600000
R02-03261,11750000,40000
R02-03262,13300000,40000
R02-03263,1680000,0
R02-03264,54240000,150000
R02-03265,71540000,300000
R02-03266,86570000,300000
R02-03267,23750000,60000
R02-03268,23860000,60000
R02-03269,68920000,300000
R02-03270,47620000,150000
R02-03271,54970000,150000
R02-03272,63360000,150000
R02-03273,51060000,150000
R02-03274,23310000,60000
R02-03275,43860000,150000
R02-03276,52390000,150000
R02-03277,112400000,300000
R02-03278,103970000,300000
R02-03279,8570000,20000
R02-03280,55800000,150000
R02-03281,54520000,150000
R02-03282,85460000,300000
R02-03283,53420000,150000
R02-03284,31390000,60000
R02-03285,97250000,300000
R02-03286,24620000,60000
R02-03287,72540000,300000
R02-03288,36890000,150000
R02-03289,25080000,60000
R02-03290,44200000,150000
R02-03291,22520000,60000
R02-03292,55930000,150000
R02-03293,32630000,60000
R02-03294,7300000,20000
R02-03295,2510000,0
R02-03296,17080000,40000
R02-03297,54010000,150000
R02-03298,33220000,60000
R02-03299,22200000,60000
R02-03300,45260000,150000
R02-03301,84810000,300000
R02-03302,24810000,60000
R02-03303,12960000,40000
R02-03304,40580000,150000
R02-03305,65240000,150000
R02-03306,17070000,40000
R02-03307,40830000,150000
R02-03308,144620000,600000
R02-03309,22450000,60000
R02-03310,53520000,150000
R02-03311,7810000,20000
R02-03312,35090000,150000
R02-03313,5000000,20000
R02-03314,25480000,60000
R02-03315,112920000,300000
R02-03316,8800000,20000
R02-03317,4640000,0
R02-03318,16930000,40000
R02-03319,83430000,300000
R02-03320,14460000,40000
R02-03321,6050000,20000
R02-03322,61470000,150000
R02-03323,2650000,0
R02-03324,32620000,60000
R02-03325,71500000,300000
R02-03326,81950000,300000
R02-03327,58000000,150000
R02-03328,20190000,60000
R02-03329,54130000,150000
R02-03330,70710000,300000
R02-03331,35270000,150000
R02-03332,65080000,150000
R02-03333,81420000,300000
R02-03334,2060000,0
R02-03335,62570000,150000
R02-03336,41570000,150000
R02-03337,26220000,60000
R02-03338,65770000,150000
R02-03339,45750000,150000
R02-03340,78440000,300000
R02-03341,35870000,150000
R02-03342,117430000,300000
R02-03343,92600000,300000
R02-03344,75210000,300000
R02-03345,2630000,0
R02-03346,83300000,300000
R02-03347,12900000,40000
R02-03348,54640000,150000
R02-03349,73470000,300000
R02-03350,37670000,150000
R02-03351,36090000,150000
R02-03352,36960000,150000
R02-03353,53340000,150000
R02-03354,2390000,0
R02-03355,33190000,60000
R02-03356,35910000,150000
R02-03357,60090000,150000
R02-03358,41970000,150000
R02-03359,35900000,150000
R02-03360,65030000,150000
R02-03361,2320000,0
R02-03362,136340000,600000
R02-03363,64190000,150000
R02-03364,46800000,150000
R02-03365,2860000,0
R02-03366,7450000,20000
R02-03367,56830000,150000
R02-03368,94230000,300000
R02-03369,51660000,150000
R02-03370,36210000,150000
R02-03371,1980000,0
R02-03372,44960000,150000
R02-03373,32600000,60000
R02-03374,1370000,0
R02-03375,27050000,60000
R02-03376,62160000,150000
R02-03377,12300000,40000
R02-03378,26280000,60000
R02-03379,76020000,300000
R02-03380,7650000,20000
R02-03381,3030000,0
R02-03382,72730000,300000
R02-03383,2610000,0
R02-03384,56070000,150000
R02-03385,8580000,20000
R02-03386,116320000,300000
R02-03387,4320000,0
R02-03388,41140000,150000
R02-03389,35710000,150000
R02-03390,2110000,0
R02-03391,1550000,0
R02-03392,55410000,150000
R02-03393,1300000,0
R02-03394,94440000,300000
R02-03395,54590000,150000
R02-03396,2470000,0
R02-03397,158660000,600000
R02-03398,54500000,150000
R02-03399,7080000,20000
R02-03400,78850000,300000
R02-03401,51440000,150000
R02-03402,112830000,300000
R02-03403,114860000,300000
R02-03404,4020000,0
R02-03405,11560000,40000
R02-03406,91950000,300000
R02-03407,25320000,60000
R02-03408,14060000,40000
R02-03409,53400000,150000
R02-03410,21790000,60000
R02-03411,26730000,60000
R02-03412,24860000,60000
R02-03413,33520000,150000
R02-03414,2780000,0
R02-03415,5320000,20000
R02-03416,51240000,150000
R02-03417,45710000,150000
R02-03418,4170000,0
R02-03419,52080000,150000
R02-03420,52820000,150000
R02-03421,78200000,300000
R02-03422,84360000,300000
R02-03423,131730000,300000
R02-03424,85790000,300000
R02-03425,37820000,150000
R02-03426,17320000,40000
R02-03427,113640000,300000
R02-03428,44220000,150000
R02-03429,21770000,60000
R02-03430,52560000,150000
R02-03431,13520000,40000
R02-03432,36580000,150000
R02-03433,20410000,60000
R02-03434,58810000,150000
R02-03435,3830000,0
R02-03436,58540000,150000
R02-03437,63520000,150000
R02-03438,3430000,0
R02-03439,36250000,150000
R02-03440,10220000,40000
R02-03441,52490000,150000
R02-03442,5040000,20000
R02-03443,15150000,40000
R02-03444,96380000,300000
R02-03445,62800000,150000
R02-03446,2490000,0
R02-03447,62230000,150000
R02-03448,41870000,150000
R02-03449,1810000,0
R02-03450,61410000,150000
R02-03451,91120000,300000
R02-03452,38050000,150000
R02-03453,41340000,150000
R02-03454,23660000,60000
R02-03455,72480000,300000
R02-03456,94420000,300000
R02-03457,45750000,150000
R02-03458,23650000,60000
R02-03459,34670000,150000
R02-03460,26710000,60000
R02-03461,73140000,300000
R02-03462,41170000,150000
R02-03463,42100000,150000
R02-03464,44100000,150000
R02-03465,51230000,150000
R02-03466,13230000,40000
R02-03467,62100000,150000
R02-03468,27400000,60000
R02-03469,22140000,60000
R02-03470,80560000,300000
R02-03471,21930000,60000
R02-03472,113650000,300000
R02-03473,13890000,40000
R02-03474,81350000,300000
R02-03475,3490000,0
R02-03476,94760000,300000
R02-03477,85140000,300000
R02-03478,140990000,600000
R02-03479,2650000,0
R02-03480,20940000,60000
R02-03481,71900000,300000
R02-03482,42170000,150000
R02-03483,1110000,0
R02-03484,12200000,40000
R02-03485,26600000,60000
R02-03486,69140000,300000
R02-03487,71360000,300000
R02-03488,12630000,40000
R02-03489,82040000,300000
R02-03490,21500000,60000
R02-03491,2140000,0
R02-03492,40630000,150000
R02-03493,52540000,150000
R02-03494,56070000,150000
R02-03495,22340000,60000
R02-03496,80330000,300000
R02-03497,3800000,0
R02-03498,8610000,20000
R02-03499,44780000,150000
R02-03500,53450000,150000
R02-03501,29020000,60000
R02-03502,107690000,300000
R02-03503,24880000,60000
R02-03504,41330000,150000
R02-03505,20830000,60000
R02-03506,22050000,60000
R02-03507,56320000,150000
R02-03508,104320000,300000
R02-03509,30920000,60000
R02-03510,31650000,60000
R02-03511,55880000,150000
R02-03512,115500000,300000
R02-03513,14820000,40000
R02-03514,72010000,300000
R02-03515,44370000,150000
R02-03516,54260000,150000
R02-03517,24890000,60000
R02-03518,11690000,40000
R02-03519,82050000,300000
R02-03520,18140000,40000
R02-03521,31080000,60000
R02-03522,102880000,300000
R02-03523,24950000,60000
R02-03524,16330000,40000
R02-03525,62260000,150000
R02-03526,103130000,300000
R02-03527,52000000,150000
R02-03528,23040000,60000
R02-03529,51960000,150000
R02-03530,23010000,60000
R02-03531,76540000,300000
R02-03532,54830000,150000
R02-03533,16000000,40000
R02-03534,830000,0
R02-03535,33500000,150000
R02-03536,2110000,0
R02-03537,103570000,300000
R02-03538,2490000,0
R02-03539,43810000,150000
R02-03540,22190000,60000
R02-03541,15630000,40000
R02-03542,5630000,20000
R02-03543,18860000,40000
R02-03544,65650000,150000
R02-03545,2270000,0
R02-03546,25500000,60000
R02-03547,102400000,300000
R02-03548,43160000,150000
R02-03549,18460000,40000
R02-03550,4110000,0
R02-03551,61830000,150000
R02-03552,3550000,0
R02-03553,37250000,150000
R02-03554,75020000,300000
R02-03555,2180000,0
R02-03556,2580000,0
R02-03557,54600000,150000
R02-03558,66360000,150000
R02-03559,104080000,300000
R02-03560,13580000,40000
R02-03561,56560000,150000
R02-03562,12180000,40000
R02-03563,24320000,60000
R02-03564,21000000,60000
R02-03565,25360000,60000
R02-03566,23890000,60000
R02-03567,42010000,150000
R02-03568,98940000,300000
R02-03569,95430000,300000
R02-03570,73400000,300000
R02-03571,92680000,300000
R02-03572,101440000,300000
R02-03573,6930000,20000
R02-03574,4730000,0
R02-03575,62950000,150000
R02-03576,64990000,150000
R02-03577,57600000,150000
R02-03578,63900000,150000
R02-03579,73880000,300000
R02-03580,17240000,40000
R02-03581,22320000,60000
R02-03582,36560000,150000
R02-03583,35490000,150000
R02-03584,12550000,40000
R02-03585,27400000,60000
R02-03586,25150000,60000
R02-03587,36760000,150000
R02-03588,84370000,300000
R02-03589,36300000,150000
R02-03590,157220000,600000
R02-03591,52130000,150000
R02-03592,52330000,150000
R02-03593,96400000,300000
R02-03594,2200000,0
R02-03595,54750000,150000
R02-03596,92300000,300000
R02-03597,91910000,300000
R02-03598,4060000,0
R02-03599,2860000,0
R02-03600,52410000,150000
R02-03601,14680000,40000
R02-03602,33350000,150000
R02-03603,157970000,600000
R02-03604,6980000,20000
R02-03605,5750000,20000
R02-03606,23310000,60000
R02-03607,22580000,60000
R02-03608,41580000,150000
R02-03609,75690000,300000
R02-03610,17820000,40000
R02-03611,92340000,300000
R02-03612,101870000,300000
R02-03613,17100000,40000
R02-03614,4430000,0
R02-03615,62260000,150000
R02-03616,2810000,0
R02-03617,60600000,150000
R02-03618,2220000,0
R02-03619,63340000,150000
R02-03620,55240000,150000
R02-03621,65040000,150000
R02-03622,96890000,300000
R02-03623,23510000,60000
R02-03624,2120000,0
R02-03625,64860000,150000
R02-03626,122840000,300000
R02-03627,73990000,300000
R02-03628,35670000,150000
R02-03629,27960000,60000
R02-03630,112380000,300000
R02-03631,45710000,150000
R02-03632,81360000,300000
R02-03633,15430000,40000
R02-03634,23040000,60000
R02-03635,33380000,150000
R02-03636,65080000,150000
R02-03637,630000,0
R02-03638,36810000,150000
R02-03639,32100000,60000
R02-03640,8820000,20000
R02-03641,62480000,150000
R02-03642,33520000,150000
R02-03643,14550000,40000
R02-03644,23200000,60000
R02-03645,142890000,600000
R02-03646,42310000,150000
R02-03647,83510000,300000
R02-03648,36900000,150000
R02-03649,35180000,150000
R02-03650,109480000,300000
R02-03651,51200000,150000
R02-03652,156220000,600000
R02-03653,1040000,0
R02-03654,12730000,40000
R02-03655,35610000,150000
R02-03656,2160000,0
R02-03657,6410000,20000
R02-03658,64630000,150000
R02-03659,14580000,40000
R02-03660,43130000,150000
R02-03661,33730000,150000
R02-03662,33340000,150000
R02-03663,9220000,20000
R02-03664,75060000,300000
R02-03665,85950000,300000
R02-03666,24320000,60000
R02-03667,2390000,0
R02-03668,73720000,300000
R02-03669,5750000,20000
R02-03670,65350000,150000
R02-03671,20980000,60000
R02-03672,53090000,150000
R02-03673,25370000,60000
R02-03674,46940000,150000
R02-03675,21150000,60000
R02-03676,3830000,0
R02-03677,70870000,300000
R02-03678,4160000,0
R02-03679,4200000,0
R02-03680,117640000,300000
R02-03681,67250000,300000
R02-03682,31060000,60000
R02-03683,32120000,60000
R02-03684,33660000,150000
R02-03685,24550000,60000
R02-03686,23520000,60000
R02-03687,78590000,300000
R02-03688,1960000,0
R02-03689,4510000,0
R02-03690,64180000,150000
R02-03691,41690000,150000
R02-03692,860000,0
R02-03693,43220000,150000
R02-03694,66070000,150000
R02-03695,69190000,300000
R02-03696,43580000,150000
R02-03697,40980000,150000
R02-03698,1880000,0
R02-03699,61160000,150000
R02-03700,12220000,40000
R02-03701,75960000,300000
R02-03702,109330000,300000
R02-03703,45030000,150000
R02-03704,64060000,150000
R02-03705,14190000,40000
R02-03706,1920000,0
R02-03707,27400000,60000
R02-03708,71780000,300000
R02-03709,33100000,60000
R02-03710,62150000,150000
R02-03711,52380000,150000
R02-03712,15670000,40000
R02-03713,54750000,150000
R02-03714,34880000,150000
R02-03715,141520000,600000
R02-03716,93320000,300000
R02-03717,21870000,60000
R02-03718,66360000,150000
R02-03719,22460000,60000
R02-03720,35900000,150000
R02-03721,61580000,150000
R02-03722,46010000,150000
R02-03723,15050000,40000
R02-03724,23960000,60000
R02-03725,33790000,150000
R02-03726,58670000,150000
R02-03727,1630000,0
R02-03728,80180000,300000
R02-03729,56100000,150000
R02-03730,65360000,150000
R02-03731,63850000,150000
R02-03732,2630000,0
R02-03733,21410000,60000
R02-03734,84910000,300000
R02-03735,14680000,40000
R02-03736,52020000,150000
R02-03737,2720000,0
R02-03738,75650000,300000
R02-03739,34220000,150000
R02-03740,27400000,60000
R02-03741,7160000,20000
R02-03742,81450000,300000
R02-03743,26940000,60000
R02-03744,4850000,0
R02-03745,41350000,150000
R02-03746,54400000,150000
R02-03747,4440000,0
R02-03748,3410000,0
R02-03749,95980000,300000
R02-03750,12560000,40000
R02-03751,16210000,40000
R02-03752,93950000,300000
R02-03753,83890000,300000
R02-03754,2670000,0
R02-03755,5560000,20000
R02-03756,12590000,40000
R02-03757,45540000,150000
R02-03758,91500000,300000
R02-03759,116070000,300000
R02-03760,45920000,150000
R02-03761,46890000,150000
R02-03762,10170000,40000
R02-03763,1040000,0
R02-03764,84220000,300000
R02-03765,3880000,0
R02-03766,63140000,150000
R02-03767,12390000,40000
R02-03768,21550000,60000
R02-03769,115150000,300000
R02-03770,32890000,60000
R02-03771,21660000,60000
R02-03772,5630000,20000
R02-03773,2870000,0
R02-03774,26760000,60000
R02-03775,33230000,60000
R02-03776,2170000,0
R02-03777,62710000,150000
R02-03778,43180000,150000
R02-03779,22070000,60000
R02-03780,6690000,20000
R02-03781,3080000,0
R02-03782,71020000,300000
R02-03783,40800000,150000
R02-03784,179220000,600000
R02-03785,3950000,0
R02-03786,31760000,60000
R02-03787,92730000,300000
R02-03788,128460000,300000
R02-03789,67030000,300000
R02-03790,53570000,150000
R02-03791,57130000,150000
R02-03792,35300000,150000
R02-03793,15450000,40000
R02-03794,33710000,150000
R02-03795,65070000,150000
R02-03796,74490000,300000
R02-03797,43460000,150000
R02-03798,32030000,60000
R02-03799,4070000,0
R02-03800,32050000,60000
R02-03801,12200000,40000
R02-03802,44670000,150000
R02-03803,32540000,60000
R02-03804,72150000,300000
R02-03805,4590000,0
R02-03806,134000000,600000
R02-03807,2100000,0
R02-03808,22740000,60000
R02-03809,87140000,300000
R02-03810,32440000,60000
R02-03811,2290000,0
R02-03812,25780000,60000
R02-03813,36920000,150000
R02-03814,50440000,150000
R02-03815,32970000,60000
R02-03816,70550000,300000
R02-03817,5700000,20000
R02-03818,113650000,300000
R02-03819,10840000,40000
R02-03820,107920000,300000
R02-03821,96630000,300000
R02-03822,5590000,20000
R02-03823,20870000,60000
R02-03824,62260000,150000
R02-03825,34240000,150000
R02-03826,64950000,150000
R02-03827,126920000,300000
R02-03828,25430000,60000
R02-03829,25360000,60000
R02-03830,51920000,150000
R02-03831,131610000,300000
R02-03832,82830000,300000
R02-03833,61400000,150000
R02-03834,33300000,60000
R02-03835,23400000,60000
R02-03836,36820000,150000
R02-03837,44670000,150000
R02-03838,73110000,300000
R02-03839,23150000,60000
R02-03840,135390000,600000
R02-03841,117970000,300000
R02-03842,62090000,150000
R02-03843,63480000,150000
R02-03844,12260000,40000
R02-03845,24550000,60000
R02-03846,11230000,40000
R02-03847,58630000,150000
R02-03848,53780000,150000
R02-03849,16350000,40000
R02-03850,56850000,150000
R02-03851,73470000,300000
R02-03852,79350000,300000
R02-03853,91760000,300000
R02-03854,52880000,150000
R02-03855,36500000,150000
R02-03856,33790000,150000
R02-03857,32190000,60000
R02-03858,33910000,150000
R02-03859,5020000,20000
R02-03860,17110000,40000
R02-03861,3610000,0
R02-03862,34690000,150000
R02-03863,62780000,150000
R02-03864,32580000,60000
R02-03865,58000000,150000
R02-03866,4030000,0
R02-03867,6780000,20000
R02-03868,83370000,300000
R02-03869,64320000,150000
R02-03870,45580000,150000
R02-03871,72050000,300000
R02-03872,102640000,300000
R02-03873,52770000,150000
R02-03874,65460000,150000
R02-03875,55830000,150000
R02-03876,76740000,300000
R02-03877,8230000,20000
R02-03878,12940000,40000
R02-03879,12910000,40000
R02-03880,63410000,150000
R02-03881,34270000,150000
R02-03882,53060000,150000
R02-03883,41350000,150000
R02-03884,71150000,300000
R02-03885,23830000,60000
R02-03886,55080000,150000
R02-03887,64550000,150000
R02-03888,13790000,40000
R02-03889,31740000,60000
R02-03890,121600000,300000
R02-03891,15460000,40000
R02-03892,74110000,300000
R02-03893,44370000,150000
R02-03894,55420000,150000
R02-03895,36530000,150000
R02-03896,141460000,600000
R02-03897,42730000,150000
R02-03898,53750000,150000
R02-03899,68200000,300000
R02-03900,30540000,60000
R02-03901,94160000,300000
R02-03902,2230000,0
R02-03903,82660000,300000
R02-03904,45050000,150000
R02-03905,61360000,150000
R02-03906,2780000,0
R02-03907,94620000,300000
R02-03908,64270000,150000
R02-03909,21300000,60000
R02-03910,24240000,60000
R02-03911,23520000,60000
R02-03912,63650000,150000
R02-03913,63350000,150000
R02-03914,28450000,60000
R02-03915,11710000,40000
R02-03916,35870000,150000
R02-03917,67630000,300000
R02-03918,11310000,40000
R02-03919,7220000,20000
R02-03920,1680000,0
R02-03921,35970000,150000
R02-03922,22160000,60000
R02-03923,52430000,150000
R02-03924,81600000,300000
R02-03925,43920000,150000
R02-03926,81300000,300000
R02-03927,24790000,60000
R02-03928,3700000,0
R02-03929,82890000,300000
R02-03930,22610000,60000
R02-03931,35720000,150000
R02-03932,68360000,300000
R02-03933,11490000,40000
R02-03934,150410000,600000
R02-03935,24650000,60000
R02-03936,52430000,150000
R02-03937,145760000,600000
R02-03938,43480000,150000
R02-03939,10730000,40000
R02-03940,84030000,300000
R02-03941,73970000,300000
R02-03942,22400000,60000
R02-03943,103990000,300000
R02-03944,21790000,60000
R02-03945,4020000,0
R02-03946,72340000,300000
R02-03947,4200000,0
R02-03948,51540000,150000
R02-03949,62850000,150000
R02-03950,3650000,0
R02-03951,53050000,150000
R02-03952,23130000,60000
R02-03953,36200000,150000
R02-03954,2120000,0
R02-03955,31660000,60000
R02-03956,74530000,300000
R02-03957,124080000,300000
R02-03958,16880000,40000
R02-03959,21310000,60000
R02-03960,22550000,60000
R02-03961,47300000,150000
R02-03962,77800000,300000
R02-03963,22470000,60000
R02-03964,63000000,150000
R02-03965,27030000,60000
R02-03966,45850000,150000
R02-03967,31490000,60000
R02-03968,49420000,150000
R02-03969,33960000,150000
R02-03970,12870000,40000
R02-03971,21750000,60000
R02-03972,21870000,60000
R02-03973,25690000,60000
R02-03974,2460000,0
R02-03975,82490000,300000
R02-03976,13030000,40000
R02-03977,14700000,40000
R02-03978,62340000,150000
R02-03979,11000000,40000
R02-03980,21080000,60000
R02-03981,35150000,150000
R02-03982,54500000,150000
R02-03983,37070000,150000
R02-03984,96030000,300000
R02-03985,58000000,150000
R02-03986,14130000,40000
R02-03987,73930000,300000
R02-03988,21750000,60000
R02-03989,4690000,0
R02-03990,14430000,40000
R02-03991,54900000,150000
R02-03992,64260000,150000
R02-03993,2020000,0
R02-03994,136970000,600000
R02-03995,123370000,300000
R02-03996,46080000,150000
R02-03997,22110000,60000
R02-03998,58330000,150000
R02-03999,14790000,40000
R02-04000,36820000,150000
R02-04001,150970000,600000
R02-04002,1500000,0
R02-04003,73620000,300000
R02-04004,2140000,0
R02-04005,74170000,300000
R02-04006,61860000,150000
R02-04007,21660000,60000
R02-04008,11420000,40000
R02-04009,86020000,300000
R02-04010,24100000,60000
R02-04011,20870000,60000
R02-04012,62870000,150000
R02-04013,3730000,0
R02-04014,92500000,300000
R02-04015,33180000,60000
R02-04016,3640000,0
R02-04017,31310000,60000
R02-04018,26410000,60000
R02-04019,35520000,150000
R02-04020,52820000,150000
R02-04021,54050000,150000
R02-04022,61940000,150000
R02-04023,75170000,300000
R02-04024,64260000,150000
R02-04025,43750000,150000
R02-04026,51390000,150000
R02-04027,190000,0
R02-04028,35100000,150000
R02-04029,42840000,150000
R02-04030,41690000,150000
R02-04031,46280000,150000
R02-04032,2520000,0
R02-04033,35500000,150000
R02-04034,105980000,300000
R02-04035,93230000,300000
R02-04036,51950000,150000
R02-04037,56570000,150000
R02-04038,42680000,150000
R02-04039,75400000,300000
R02-04040,53260000,150000
R02-04041,55440000,150000
R02-04042,114700000,300000
R02-04043,51950000,150000
R02-04044,27320000,60000
R02-04045,53980000,150000
R02-04046,26350000,60000
R02-04047,35260000,150000
R02-04048,54330000,150000
R02-04049,5630000,20000
R02-04050,44690000,150000
R02-04051,22100000,60000
R02-04052,45560000,150000
R02-04053,33710000,150000
R02-04054,25210000,60000
R02-04055,21330000,60000
R02-04056,1440000,0
R02-04057,17540000,40000
R02-04058,49220000,150000
R02-04059,28160000,60000
R02-04060,17960000,40000
R02-04061,1810000,0
R02-04062,11090000,40000
R02-04063,55090000,150000
R02-04064,92310000,300000
R02-04065,46940000,150000
R02-04066,5450000,20000
R02-04067,81990000,300000
R02-04068,84870000,300000
R02-04069,4580000,0
R02-04070,620000,0
R02-04071,35460000,150000
R02-04072,14540000,40000
R02-04073,3910000,0
R02-04074,52180000,150000
R02-04075,52410000,150000
R02-04076,33360000,150000
R02-04077,65520000,150000
R02-04078,92330000,300000
R02-04079,31230000,60000
R02-04080,73950000,300000
R02-04081,21950000,60000
R02-04082,83550000,300000
R02-04083,85630000,300000
R02-04084,42740000,150000
R02-04085,94510000,300000
R02-04086,152440000,600000
R02-04087,80930000,300000
R02-04088,41520000,150000
R02-04089,40440000,150000
R02-04090,22300000,60000
R02-04091,73200000,300000
R02-04092,53270000,150000
R02-04093,58670000,150000
R02-04094,6950000,20000
R02-04095,2090000,0
R02-04096,3250000,0
R02-04097,93650000,300000
R02-04098,77510000,300000
R02-04099,41010000,150000
R02-04100,42800000,150000
R02-04101,33440000,150000
R02-04102,4190000,0
R02-04103,12450000,40000
R02-04104,33180000,60000
R02-04105,24340000,60000
R02-04106,52810000,150000
R02-04107,81520000,300000
R02-04108,72060000,300000
R02-04109,31700000,60000
R02-04110,61140000,150000
R02-04111,41540000,150000
R02-04112,116550000,300000
R02-04113,43720000,150000
R02-04114,60770000,150000
R02-04115,44940000,150000
R02-04116,34820000,150000
R02-04117,2310000,0
R02-04118,72710000,300000
R02-04119,35780000,150000
R02-04120,97320000,300000
R02-04121,56250000,150000
R02-04122,1690000,0
R02-04123,24200000,60000
R02-04124,85050000,300000
R02-04125,21560000,60000
R02-04126,33740000,150000
R02-04127,44750000,150000
R02-04128,73640000,300000
R02-04129,70710000,300000
R02-04130,11860000,40000
R02-04131,53570000,150000
R02-04132,52580000,150000
R02-04133,103490000,300000
R02-04134,5650000,20000
R02-04135,14400000,40000
R02-04136,14420000,40000
R02-04137,54990000,150000
R02-04138,22350000,60000
R02-04139,62340000,150000
R02-04140,23360000,60000
R02-04141,6850000,20000
R02-04142,13890000,40000
R02-04143,72270000,300000
R02-04144,75730000,300000
R02-04145,42830000,150000
R02-04146,6880000,20000
R02-04147,122680000,300000
R02-04148,15470000,40000
R02-04149,92270000,300000
R02-04150,44480000,150000
R02-04151,32310000,60000
R02-04152,25130000,60000
R02-04153,45090000,150000
R02-04154,43760000,150000
R02-04155,5440000,20000
R02-04156,53510000,150000
R02-04157,25380000,60000
R02-04158,24630000,60000
R02-04159,32160000,60000
R02-04160,73710000,300000
R02-04161,104500000,300000
R02-04162,13110000,40000
R02-04163,42780000,150000
R02-04164,2210000,0
R02-04165,31890000,60000
R02-04166,31880000,60000
R02-04167,54400000,150000
R02-04168,35500000,150000
R02-04169,3240000,0
R02-04170,55570000,150000
R02-04171,14760000,40000
R02-04172,12650000,40000
R02-04173,66080000,150000
R02-04174,21760000,60000
R02-04175,27430000,60000
R02-04176,4760000,0
R02-04177,22100000,60000
R02-04178,11160000,40000
R02-04179,35880000,150000
R02-04180,11680000,40000
R02-04181,102610000,300000
R02-04182,42350000,150000
R02-04183,91680000,300000
R02-04184,5510000,20000
R02-04185,61880000,150000
R02-04186,65130000,150000
R02-04187,46620000,150000
R02-04188,98400000,300000
R02-04189,38820000,150000
R02-04190,105310000,300000
R02-04191,43150000,150000
R02-04192,16140000,40000
R02-04193,34650000,150000
R02-04194,62960000,150000
R02-04195,61340000,150000
R02-04196,36550000,150000
R02-04197,50870000,150000
R02-04198,41450000,150000
R02-04199,8800000,20000
R02-04200,64980000,150000
R02-04201,53340000,150000
R02-04202,78220000,300000
R02-04203,75190000,300000
R02-04204,74260000,300000
R02-04205,11360000,40000
R02-04206,84260000,300000
R02-04207,63330000,150000
R02-04208,61250000,150000
R02-04209,62570000,150000
R02-04210,30520000,60000
R02-04211,24150000,60000
R02-04212,35310000,150000
R02-04213,84020000,300000
R02-04214,4280000,0
R02-04215,145950000,600000
R02-04216,16380000,40000
R02-04217,7400000,20000
R02-04218,34390000,150000
R02-04219,63750000,150000
R02-04220,64290000,150000
R02-04221,7630000,20000
R02-04222,91030000,300000
R02-04223,32890000,60000
R02-04224,32280000,60000
R02-04225,41370000,150000
R02-04226,95780000,300000
R02-04227,20380000,60000
R02-04228,46920000,150000
R02-04229,21210000,60000
R02-04230,62870000,150000
R02-04231,91970000,300000
R02-04232,35610000,150000
R02-04233,55800000,150000
R02-04234,54140000,150000
R02-04235,12470000,40000
R02-04236,5210000,20000
R02-04237,31420000,60000
R02-04238,43570000,150000
R02-04239,6340000,20000
R02-04240,3360000,0
R02-04241,66990000,300000
R02-04242,73650000,300000
R02-04243,23150000,60000
R02-04244,73500000,300000
R02-04245,33880000,150000
R02-04246,52510000,150000
R02-04247,71760000,300000
R02-04248,90270000,300000
R02-04249,53760000,150000
R02-04250,5860000,20000
R02-04251,41230000,150000
R02-04252,98350000,300000
R02-04253,33430000,150000
R02-04254,2250000,0
R02-04255,37280000,150000
R02-04256,21000000,60000
R02-04257,34310000,150000
R02-04258,27080000,60000
R02-04259,30820000,60000
R02-04260,31870000,60000
R02-04261,3800000,0
R02-04262,45470000,150000
R02-04263,36520000,150000
R02-04264,13100000,40000
R02-04265,12440000,40000
R02-04266,91360000,300000
R02-04267,28020000,60000
R02-04268,42050000,150000
R02-04269,14870000,40000
R02-04270,30450000,60000
R02-04271,30750000,60000
R02-04272,71620000,300000
R02-04273,52290000,150000
R02-04274,1740000,0
R02-04275,44030000,150000
R02-04276,7610000,20000
R02-04277,30410000,60000
R02-04278,42430000,150000
R02-04279,52050000,150000
R02-04280,1140000,0
R02-04281,12340000,40000
R02-04282,34600000,150000
R02-04283,75390000,300000
R02-04284,45540000,150000
R02-04285,38310000,150000
R02-04286,23650000,60000
R02-04287,75830000,300000
R02-04288,41210000,150000
R02-04289,13800000,40000
R02-04290,57540000,150000
R02-04291,28070000,60000
R02-04292,14860000,40000
R02-04293,45360000,150000
R02-04294,62720000,150000
R02-04295,74540000,300000
R02-04296,12140000,40000
R02-04297,124400000,300000
R02-04298,47530000,150000
R02-04299,82060000,300000
R02-04300,1150000,0
R02-04301,36400000,150000
R02-04302,13330000,40000
R02-04303,3880000,0
R02-04304,44660000,150000
R02-04305,6780000,20000
R02-04306,51440000,150000
R02-04307,222250000,1000000
R02-04308,7600000,20000
R02-04309,82720000,300000
R02-04310,21950000,60000
R02-04311,87840000,300000
R02-04312,5490000,20000
R02-04313,3030000,0
R02-04314,40850000,150000
R02-04315,33320000,60000
R02-04316,64080000,150000
R02-04317,31160000,60000
R02-04318,65340000,150000
R02-04319,71070000,300000
R02-04320,36150000,150000
R02-04321,116350000,300000
R02-04322,42880000,150000
R02-04323,74180000,300000
R02-04324,65930000,150000
R02-04325,22470000,60000
R02-04326,86610000,300000
R02-04327,43010000,150000
R02-04328,6030000,20000
R02-04329,91480000,300000
R02-04330,48600000,150000
R02-04331,24300000,60000
R02-04332,92200000,300000
R02-04333,22150000,60000
R02-04334,72400000,300000
R02-04335,22410000,60000
R02-04336,20530000,60000
R02-04337,7050000,20000
R02-04338,35450000,150000
R02-04339,23390000,60000
R02-04340,5640000,20000
R02-04341,18330000,40000
R02-04342,9540000,20000
R02-04343,43410000,150000
R02-04344,16700000,40000
R02-04345,50740000,150000
R02-04346,31680000,60000
R02-04347,97400000,300000
R02-04348,24630000,60000
R02-04349,152180000,600000
R02-04350,73760000,300000
R02-04351,52360000,150000
R02-04352,35170000,150000
R02-04353,141720000,600000
R02-04354,22140000,60000
R02-04355,25430000,60000
R02-04356,43360000,150000
R02-04357,27190000,60000
R02-04358,37470000,150000
R02-04359,3180000,0
R02-04360,72480000,300000
R02-04361,51680000,150000
R02-04362,2800000,0
R02-04363,75430000,300000
R02-04364,22830000,60000
R02-04365,63920000,150000
R02-04366,76510000,300000
R02-04367,122600000,300000
R02-04368,97400000,300000
R02-04369,4710000,0
R02-04370,22060000,60000
R02-04371,83470000,300000
R02-04372,12880000,40000
R02-04373,42070000,150000
R02-04374,3340000,0
R02-04375,23410000,60000
R02-04376,22680000,60000
R02-04377,21350000,60000
R02-04378,101360000,300000
R02-04379,62140000,150000
R02-04380,66230000,150000
R02-04381,12450000,40000
R02-04382,114040000,300000
R02-04383,12480000,40000
R02-04384,35540000,150000
R02-04385,16300000,40000
R02-04386,2510000,0
R02-04387,81510000,300000
R02-04388,76230000,300000
R02-04389,76790000,300000
R02-04390,44960000,150000
R02-04391,131510000,300000
R02-04392,40880000,150000
R02-04393,55450000,150000
R02-04394,62400000,150000
R02-04395,53710000,150000
R02-04396,41930000,150000
R02-04397,52210000,150000
R02-04398,28870000,60000
R02-04399,4010000,0
R02-04400,2730000,0
R02-04401,13060000,40000
R02-04402,23980000,60000
R02-04403,520000,0
R02-04404,41940000,150000
R02-04405,22740000,60000
R02-04406,157740000,600000
R02-04407,2750000,0
R02-04408,65390000,150000
R02-04409,70880000,300000
R02-04410,40720000,150000
R02-04411,81120000,300000
R02-04412,34920000,150000
R02-04413,23020000,60000
R02-04414,71750000,300000
R02-04415,33480000,150000
R02-04416,3510000,0
R02-04417,10510000,40000
R02-04418,20860000,60000
R02-04419,132130000,300000
R02-04420,56840000,150000
R02-04421,27820000,60000
R02-04422,13280000,40000
R02-04423,67120000,300000
R02-04424,31250000,60000
R02-04425,53390000,150000
R02-04426,32130000,60000
R02-04427,23250000,60000
R02-04428,66150000,150000
R02-04429,21280000,60000
R02-04430,103960000,300000
R02-04431,41920000,150000
R02-04432,33850000,150000
R02-04433,71780000,300000
R02-04434,27220000,60000
R02-04435,42940000,150000
R02-04436,4690000,0
R02-04437,5190000,20000
R02-04438,107910000,300000
R02-04439,60790000,150000
R02-04440,6810000,20000
R02-04441,21210000,60000
R02-04442,43250000,150000
R02-04443,24200000,60000
R02-04444,51420000,150000
R02-04445,31760000,60000
R02-04446,56750000,150000
R02-04447,71500000,300000
R02-04448,68620000,300000
R02-04449,13650000,40000
R02-04450,64150000,150000
R02-04451,33040000,60000
R02-04452,2780000,0
R02-04453,1540000,0
R02-04454,3900000,0
R02-04455,46560000,150000
R02-04456,7020000,20000
R02-04457,2050000,0
R02-04458,37600000,150000
R02-04459,53970000,150000
R02-04460,24500000,60000
R02-04461,106070000,300000
R02-04462,3730000,0
R02-04463,107090000,300000
R02-04464,40840000,150000
R02-04465,114470000,300000
R02-04466,850000,0
R02-04467,11830000,40000
R02-04468,22740000,60000
R02-04469,25800000,60000
R02-04470,21870000,60000
R02-04471,10550000,40000
R02-04472,23140000,60000
R02-04473,42360000,150000
R02-04474,84080000,300000
R02-04475,34190000,150000
R02-04476,24760000,60000
R02-04477,12810000,40000
R02-04478,101530000,300000
R02-04479,13380000,40000
R02-04480,11380000,40000
R02-04481,21810000,60000
R02-04482,39300000,150000
R02-04483,25380000,60000
R02-04484,53750000,150000
R02-04485,50360000,150000
R02-04486,61550000,150000
R02-04487,55740000,150000
R02-04488,21010000,60000
R02-04489,21170000,60000
R02-04490,62600000,150000
R02-04491,37580000,150000
R02-04492,115340000,300000
R02-04493,23870000,60000
R02-04494,38320000,150000
R02-04495,15250000,40000
R02-04496,4070000,0
R02-04497,24460000,60000
R02-04498,21530000,60000
R02-04499,63410000,150000
R02-04500,52280000,150000
R02-04501,21820000,60000
R02-04502,15020000,40000
R02-04503,15300000,40000
R02-04504,22060000,60000
R02-04505,52860000,150000
R02-04506,5110000,20000
R02-04507,42790000,150000
R02-04508,35460000,150000
R02-04509,31720000,60000
R02-04510,31260000,60000
R02-04511,46660000,150000
R02-04512,3580000,0
R02-04513,36520000,150000
R02-04514,28820000,60000
R02-04515,115740000,300000
R02-04516,111360000,300000
R02-04517,61870000,150000
R02-04518,25620000,60000
R02-04519,15190000,40000
R02-04520,62900000,150000
R02-04521,4940000,0
R02-04522,54890000,150000
R02-04523,41760000,150000
R02-04524,1800000,0
R02-04525,16000000,40000
R02-04526,83570000,300000
R02-04527,23560000,60000
R02-04528,27210000,60000
R02-04529,52400000,150000
R02-04530,35020000,150000
R02-04531,28080000,60000
R02-04532,34870000,150000
R02-04533,102010000,300000
R02-04534,96950000,300000
R02-04535,98320000,300000
R02-04536,18660000,40000
R02-04537,93770000,300000
R02-04538,5050000,20000
R02-04539,3090000,0
R02-04540,13520000,40000
R02-04541,23380000,60000
R02-04542,63820000,150000
R02-04543,12720000,40000
R02-04544,82930000,300000
R02-04545,26310000,60000
R02-04546,53360000,150000
R02-04547,7620000,20000
R02-04548,23940000,60000
R02-04549,71680000,300000
R02-04550,123140000,300000
R02-04551,4760000,0
R02-04552,660000,0
R02-04553,5320000,20000
R02-04554,43340000,150000
R02-04555,74380000,300000
R02-04556,32030000,60000
R02-04557,32960000,60000
R02-04558,46870000,150000
R02-04559,3770000,0
R02-04560,6250000,20000
R02-04561,63070000,150000
R02-04562,29110000,60000
R02-04563,123090000,300000
R02-04564,1440000,0
R02-04565,11360000,40000
R02-04566,8700000,20000
R02-04567,23660000,60000
R02-04568,100630000,300000
R02-04569,22940000,60000
R02-04570,96700000,300000
R02-04571,24570000,60000
R02-04572,59040000,150000
R02-04573,5740000,20000
R02-04574,26700000,60000
R02-04575,157340000,600000
R02-04576,51130000,150000
R02-04577,61780000,150000
R02-04578,23540000,60000
R02-04579,42340000,150000
R02-04580,36420000,150000
R02-04581,24110000,60000
R02-04582,87500000,300000
R02-04583,44900000,150000
R02-04584,34320000,150000
R02-04585,33700000,150000
R02-04586,36820000,150000
R02-04587,46470000,150000
R02-04588,63400000,150000
R02-04589,39040000,150000
R02-04590,43720000,150000
R02-04591,88920000,300000
R02-04592,64800000,150000
R02-04593,51190000,150000
R02-04594,31480000,60000
R02-04595,76900000,300000
R02-04596,7740000,20000
R02-04597,12730000,40000
R02-04598,3190000,0
R02-04599,25160000,60000
R02-04600,97060000,300000
R02-04601,23250000,60000
R02-04602,52540000,150000
R02-04603,22600000,60000
R02-04604,51450000,150000
R02-04605,54400000,150000
R02-04606,53980000,150000
R02-04607,4050000,0
R02-04608,67180000,300000
R02-04609,23990000,60000
R02-04610,20900000,60000
R02-04611,52380000,150000
R02-04612,152630000,600000
R02-04613,121700000,300000
R02-04614,74700000,300000
R02-04615,4630000,0
R02-04616,34390000,150000
R02-04617,1800000,0
R02-04618,19230000,40000
R02-04619,36520000,150000
R02-04620,45100000,150000
R02-04621,15330000,40000
R02-04622,57090000,150000
R02-04623,2830000,0
R02-04624,5990000,20000
R02-04625,46380000,150000
R02-04626,36120000,150000
R02-04627,34050000,150000
R02-04628,5750000,20000
R02-04629,55190000,150000
R02-04630,63280000,150000
R02-04631,91580000,300000
R02-04632,68670000,300000
R02-04633,5300000,20000
R02-04634,35210000,150000
R02-04635,5500000,20000
R02-04636,5070000,20000
R02-04637,23820000,60000
R02-04638,75440000,300000
R02-04639,32620000,60000
R02-04640,42140000,150000
R02-04641,24010000,60000
R02-04642,53180000,150000
R02-04643,6930000,20000
R02-04644,52750000,150000
R02-04645,65040000,150000
R02-04646,52870000,150000
R02-04647,24890000,60000
R02-04648,14150000,40000
R02-04649,43630000,150000
R02-04650,52030000,150000
R02-04651,54400000,150000
R02-04652,73770000,300000
R02-04653,33120000,60000
R02-04654,30540000,60000
R02-04655,13400000,40000
R02-04656,54870000,150000
R02-04657,36730000,150000
R02-04658,62920000,150000
R02-04659,11620000,40000
R02-04660,2940000,0
R02-04661,51900000,150000
R02-04662,55670000,150000
R02-04663,101800000,300000
R02-04664,66540000,150000
R02-04665,22640000,60000
R02-04666,33400000,150000
R02-04667,35320000,150000
R02-04668,6330000,20000
R02-04669,65380000,150000
R02-04670,60660000,150000
R02-04671,2280000,0
R02-04672,13340000,40000
R02-04673,65290000,150000
R02-04674,42090000,150000
R02-04675,7140000,20000
R02-04676,51700000,150000
R02-04677,7960000,20000
R02-04678,61540000,150000
R02-04679,31890000,60000
R02-04680,17570000,40000
R02-04681,32280000,60000
R02-04682,73510000,300000
R02-04683,22620000,60000
R02-04684,42020000,150000
R02-04685,17600000,40000
R02-04686,12810000,40000
R02-04687,44420000,150000
R02-04688,66050000,150000
R02-04689,24850000,60000
R02-04690,1230000,0
R02-04691,71790000,300000
R02-04692,2080000,0
R02-04693,34940000,150000
R02-04694,8730000,20000
R02-04695,34180000,150000
R02-04696,74220000,300000
R02-04697,42910000,150000
R02-04698,3700000,0
R02-04699,26320000,60000
R02-04700,43090000,150000
R02-04701,5090000,20000
R02-04702,5360000,20000
R02-04703,26540000,60000
R02-04704,26780000,60000
R02-04705,20930000,60000
R02-04706,52560000,150000
R02-04707,32370000,60000
R02-04708,84140000,300000
R02-04709,32780000,60000
R02-04710,1960000,0
R02-04711,145680000,600000
R02-04712,25170000,60000
R02-04713,7260000,20000
R02-04714,53450000,150000
R02-04715,5320000,20000
R02-04716,31320000,60000
R02-04717,21800000,60000
R02-04718,13200000,40000
R02-04719,57210000,150000
R02-04720,4400000,0
R02-04721,107320000,300000
R02-04722,46800000,150000
R02-04723,46520000,150000
R02-04724,32510000,60000
R02-04725,2850000,0
R02-04726,84080000,300000
R02-04727,45800000,150000
R02-04728,58000000,150000
R02-04729,27100000,60000
R02-04730,24750000,60000
R02-04731,16060000,40000
R02-04732,21090000,60000
R02-04733,50670000,150000
R02-04734,35570000,150000
R02-04735,59060000,150000
R02-04736,23220000,60000
R02-04737,15550000,40000
R02-04738,3850000,0
R02-04739,52970000,150000
R02-04740,35720000,150000
R02-04741,6480000,20000
R02-04742,6830000,20000
R02-04743,25200000,60000
R02-04744,2720000,0
R02-04745,1920000,0
R02-04746,59330000,150000
R02-04747,42970000,150000
R02-04748,23140000,60000
R02-04749,85450000,300000
R02-04750,64840000,150000
R02-04751,127640000,300000
R02-04752,76670000,300000
R02-04753,3760000,0
R02-04754,22950000,60000
R02-04755,52500000,150000
R02-04756,51760000,150000
R02-04757,6690000,20000
R02-04758,102400000,300000
R02-04759,11850000,40000
R02-04760,32190000,60000
R02-04761,53620000,150000
R02-04762,22160000,60000
R02-04763,2480000,0
R02-04764,141970000,600000
R02-04765,7070000,20000
R02-04766,32800000,60000
R02-04767,31180000,60000
R02-04768,5850000,20000
R02-04769,90190000,300000
R02-04770,2370000,0
R02-04771,52980000,150000
R02-04772,3380000,0
R02-04773,49640000,150000
R02-04774,82620000,300000
R02-04775,105650000,300000
R02-04776,21150000,60000
R02-04777,28430000,60000
R02-04778,2770000,0
R02-04779,112380000,300000
R02-04780,72230000,300000
R02-04781,28300000,60000
R02-04782,35220000,150000
