고객ID,타사이전금액,혜택금액
R15-00000,42480000,150000
R15-00001,26000000,60000
R15-00002,2060000,0
R15-00003,3400000,0
R15-00004,1380000,0
R15-00005,2850000,0
R15-00006,2630000,0
R15-00007,4660000,0
R15-00008,61240000,150000
R15-00009,54630000,150000
R15-00010,85210000,300000
R15-00011,12210000,40000
R15-00012,72300000,300000
R15-00013,1860000,0
R15-00014,4280000,0
R15-00015,24230000,60000
R15-00016,2640000,0
R15-00017,21820000,60000
R15-00018,41850000,150000
R15-00019,34420000,150000
R15-00020,44260000,150000
R15-00021,21000000,60000
R15-00022,2880000,0
R15-00023,44890000,150000
R15-00024,5200000,20000
R15-00025,29370000,60000
R15-00026,32160000,60000
R15-00027,26490000,60000
R15-00028,23040000,60000
R15-00029,50580000,150000
R15-00030,105450000,300000
R15-00031,44070000,150000
R15-00032,63530000,150000
R15-00033,11830000,40000
R15-00034,74330000,300000
R15-00035,50890000,150000
R15-00036,1520000,0
R15-00037,101870000,300000
R15-00038,141430000,600000
R15-00039,2020000,0
R15-00040,66600000,150000
R15-00041,25150000,60000
R15-00042,71770000,300000
R15-00043,13010000,40000
R15-00044,12440000,40000
R15-00045,50970000,150000
R15-00046,52340000,150000
R15-00047,14480000,40000
R15-00048,71160000,300000
R15-00049,15570000,40000
R15-00050,71000000,300000
R15-00051,72560000,300000
R15-00052,42600000,150000
R15-00053,13680000,40000
R15-00054,67540000,300000
R15-00055,31370000,60000
R15-00056,61960000,150000
R15-00057,17890000,40000
R15-00058,32320000,60000
R15-00059,38660000,150000
R15-00060,82760000,300000
R15-00061,46180000,150000
R15-00062,122900000,300000
R15-00063,3660000,0
R15-00064,23290000,60000
R15-00065,51940000,150000
R15-00066,26720000,60000
R15-00067,72190000,300000
R15-00068,4090000,0
R15-00069,7160000,20000
R15-00070,13890000,40000
R15-00071,33500000,150000
R15-00072,25570000,60000
R15-00073,41470000,150000
R15-00074,3310000,0
R15-00075,54210000,150000
R15-00076,52000000,150000
R15-00077,13700000,40000
R15-00078,23060000,60000
R15-00079,77420000,300000
R15-00080,94050000,300000
R15-00081,53200000,150000
R15-00082,24050000,60000
R15-00083,81790000,300000
R15-00084,41030000,150000
R15-00085,3120000,0
R15-00086,47210000,150000
R15-00087,32060000,60000
R15-00088,63260000,150000
R15-00089,14180000,40000
R15-00090,34250000,150000
R15-00091,51900000,150000
R15-00092,71580000,300000
R15-00093,55570000,150000
R15-00094,87030000,300000
R15-00095,23560000,60000
R15-00096,2000000,0
R15-00097,74340000,300000
R15-00098,55730000,150000
R15-00099,23870000,60000
R15-00100,72500000,300000
R15-00101,25550000,60000
R15-00102,85130000,300000
R15-00103,33280000,60000
R15-00104,37590000,150000
R15-00105,45050000,150000
R15-00106,87590000,300000
R15-00107,37040000,150000
R15-00108,24520000,60000
R15-00109,75760000,300000
R15-00110,94540000,300000
R15-00111,102160000,300000
R15-00112,30850000,60000
R15-00113,91910000,300000
R15-00114,27800000,60000
R15-00115,74270000,300000
R15-00116,3160000,0
R15-00117,7580000,20000
R15-00118,32260000,60000
R15-00119,52740000,150000
R15-00120,63140000,150000
R15-00121,113720000,300000
R15-00122,101480000,300000
R15-00123,68230000,300000
R15-00124,24940000,60000
R15-00125,16600000,40000
R15-00126,55000000,150000
R15-00127,1460000,0
R15-00128,63010000,150000
R15-00129,44990000,150000
R15-00130,93410000,300000
R15-00131,5390000,20000
R15-00132,82830000,300000
R15-00133,2260000,0
R15-00134,53190000,150000
R15-00135,102530000,300000
R15-00136,950000,0
R15-00137,6000000,20000
R15-00138,31860000,60000
R15-00139,1390000,0
R15-00140,47370000,150000
R15-00141,12310000,40000
R15-00142,73790000,300000
R15-00143,95110000,300000
R15-00144,71520000,300000
R15-00145,63390000,150000
R15-00146,55990000,150000
R15-00147,41120000,150000
R15-00148,55130000,150000
R15-00149,32060000,60000
R15-00150,25690000,60000
R15-00151,136490000,600000
R15-00152,6190000,20000
R15-00153,22570000,60000
R15-00154,62420000,150000
R15-00155,31940000,60000
R15-00156,16870000,40000
R15-00157,41490000,150000
R15-00158,41540000,150000
R15-00159,55820000,150000
R15-00160,6620000,20000
R15-00161,22510000,60000
R15-00162,34610000,150000
R15-00163,2200000,0
R15-00164,32650000,60000
R15-00165,31240000,60000
R15-00166,38200000,150000
R15-00167,54660000,150000
R15-00168,3650000,0
R15-00169,71010000,300000
R15-00170,56400000,150000
R15-00171,9330000,20000
R15-00172,12240000,40000
R15-00173,56710000,150000
R15-00174,5330000,20000
R15-00175,95590000,300000
R15-00176,33600000,150000
R15-00177,63210000,150000
R15-00178,82180000,300000
R15-00179,98360000,300000
R15-00180,12160000,40000
R15-00181,55840000,150000
R15-00182,16720000,40000
R15-00183,112230000,300000
R15-00184,31880000,60000
R15-00185,51620000,150000
R15-00186,21150000,60000
R15-00187,81440000,300000
R15-00188,85090000,300000
R15-00189,25870000,60000
R15-00190,53780000,150000
R15-00191,950000,0
R15-00192,93870000,300000
R15-00193,62000000,150000
R15-00194,17620000,40000
R15-00195,112700000,300000
R15-00196,32080000,60000
R15-00197,58690000,150000
R15-00198,85860000,300000
R15-00199,98010000,300000
R15-00200,50130000,150000
R15-00201,49080000,150000
R15-00202,33180000,60000
R15-00203,64810000,150000
R15-00204,31230000,60000
R15-00205,21530000,60000
R15-00206,97050000,300000
R15-00207,92510000,300000
R15-00208,51070000,150000
R15-00209,45170000,150000
R15-00210,1700000,0
R15-00211,66070000,150000
R15-00212,1610000,0
R15-00213,51630000,150000
R15-00214,32080000,60000
R15-00215,57870000,150000
R15-00216,63090000,150000
R15-00217,4460000,0
R15-00218,123620000,300000
R15-00219,71850000,300000
R15-00220,29370000,60000
R15-00221,22390000,60000
R15-00222,40870000,150000
R15-00223,17660000,40000
R15-00224,24090000,60000
R15-00225,54830000,150000
R15-00226,81570000,300000
R15-00227,21290000,60000
R15-00228,20150000,60000
R15-00229,34990000,150000
R15-00230,10860000,40000
R15-00231,52670000,150000
R15-00232,62410000,150000
R15-00233,134080000,600000
R15-00234,71080000,300000
R15-00235,66670000,300000
R15-00236,54950000,150000
R15-00237,81740000,300000
R15-00238,9730000,20000
R15-00239,31450000,60000
R15-00240,55990000,150000
R15-00241,28990000,60000
R15-00242,14030000,40000
R15-00243,65760000,150000
R15-00244,37150000,150000
R15-00245,2700000,0
R15-00246,114980000,300000
R15-00247,106100000,300000
R15-00248,27160000,60000
R15-00249,105480000,300000
R15-00250,6530000,20000
R15-00251,135230000,600000
R15-00252,35460000,150000
R15-00253,117400000,300000
R15-00254,45060000,150000
R15-00255,6540000,20000
R15-00256,95260000,300000
R15-00257,12920000,40000
R15-00258,85270000,300000
R15-00259,62390000,150000
R15-00260,63680000,150000
R15-00261,72130000,300000
R15-00262,32960000,60000
R15-00263,92550000,300000
R15-00264,6100000,20000
R15-00265,47380000,150000
R15-00266,42840000,150000
R15-00267,21870000,60000
R15-00268,11920000,40000
R15-00269,5280000,20000
R15-00270,33600000,150000
R15-00271,73410000,300000
R15-00272,13630000,40000
R15-00273,1470000,0
R15-00274,58900000,150000
R15-00275,33710000,150000
R15-00276,13750000,40000
R15-00277,14070000,40000
R15-00278,43290000,150000
R15-00279,55690000,150000
R15-00280,42570000,150000
R15-00281,19000000,40000
R15-00282,6790000,20000
R15-00283,92880000,300000
R15-00284,73510000,300000
R15-00285,21030000,60000
R15-00286,51460000,150000
R15-00287,83340000,300000
R15-00288,53860000,150000
R15-00289,73860000,300000
R15-00290,1950000,0
R15-00291,3390000,0
R15-00292,3950000,0
R15-00293,35130000,150000
R15-00294,14680000,40000
R15-00295,65040000,150000
R15-00296,720000,0
R15-00297,32780000,60000
R15-00298,94860000,300000
R15-00299,88010000,300000
R15-00300,10770000,40000
R15-00301,24290000,60000
R15-00302,23000000,60000
R15-00303,103970000,300000
R15-00304,15200000,40000
R15-00305,36500000,150000
R15-00306,73040000,300000
R15-00307,57050000,150000
R15-00308,131350000,300000
R15-00309,42440000,150000
R15-00310,75740000,300000
R15-00311,34110000,150000
R15-00312,2450000,0
R15-00313,4550000,0
R15-00314,44430000,150000
R15-00315,61840000,150000
R15-00316,27450000,60000
R15-00317,75570000,300000
R15-00318,42500000,150000
R15-00319,1650000,0
R15-00320,23340000,60000
R15-00321,45560000,150000
R15-00322,82210000,300000
R15-00323,22360000,60000
R15-00324,44130000,150000
R15-00325,135320000,600000
R15-00326,1480000,0
R15-00327,143760000,600000
R15-00328,21280000,60000
R15-00329,52710000,150000
R15-00330,23020000,60000
R15-00331,12080000,40000
R15-00332,11220000,40000
R15-00333,6280000,20000
R15-00334,62450000,150000
R15-00335,2410000,0
R15-00336,4970000,0
R15-00337,31400000,60000
R15-00338,2720000,0
R15-00339,102260000,300000
R15-00340,6510000,20000
R15-00341,46710000,150000
R15-00342,84000000,300000
R15-00343,28050000,60000
R15-00344,37020000,150000
R15-00345,6530000,20000
R15-00346,44220000,150000
R15-00347,66800000,300000
R15-00348,12550000,40000
R15-00349,34060000,150000
R15-00350,44760000,150000
R15-00351,17420000,40000
R15-00352,26270000,60000
R15-00353,8650000,20000
R15-00354,7730000,20000
R15-00355,23410000,60000
R15-00356,3180000,0
R15-00357,45680000,150000
R15-00358,3560000,0
R15-00359,102700000,300000
R15-00360,67260000,300000
R15-00361,87800000,300000
R15-00362,51680000,150000
R15-00363,12920000,40000
R15-00364,6700000,20000
R15-00365,2150000,0
R15-00366,91450000,300000
R15-00367,33380000,150000
R15-00368,138510000,600000
R15-00369,142940000,600000
R15-00370,25770000,60000
R15-00371,98000000,300000
R15-00372,6090000,20000
R15-00373,34270000,150000
R15-00374,97770000,300000
R15-00375,46750000,150000
R15-00376,61030000,150000
R15-00377,1900000,0
R15-00378,53760000,150000
R15-00379,92200000,300000
R15-00380,68180000,300000
R15-00381,81650000,300000
R15-00382,18840000,40000
R15-00383,41550000,150000
R15-00384,43960000,150000
R15-00385,27090000,60000
R15-00386,24290000,60000
R15-00387,12890000,40000
R15-00388,44740000,150000
R15-00389,40830000,150000
R15-00390,54310000,150000
R15-00391,10070000,40000
R15-00392,32180000,60000
R15-00393,37360000,150000
R15-00394,51940000,150000
R15-00395,35090000,150000
R15-00396,27330000,60000
R15-00397,32750000,60000
R15-00398,4220000,0
R15-00399,2480000,0
R15-00400,2750000,0
R15-00401,57130000,150000
R15-00402,125960000,300000
R15-00403,67140000,300000
R15-00404,46150000,150000
R15-00405,40790000,150000
R15-00406,34690000,150000
R15-00407,93540000,300000
R15-00408,13200000,40000
R15-00409,43880000,150000
R15-00410,13330000,40000
R15-00411,45560000,150000
R15-00412,72070000,300000
R15-00413,82760000,300000
R15-00414,1290000,0
R15-00415,18040000,40000
R15-00416,104820000,300000
R15-00417,40550000,150000
R15-00418,15930000,40000
R15-00419,1290000,0
R15-00420,51210000,150000
R15-00421,12070000,40000
R15-00422,21360000,60000
R15-00423,83410000,300000
R15-00424,27200000,60000
R15-00425,21750000,60000
R15-00426,53420000,150000
R15-00427,1130000,0
R15-00428,82360000,300000
R15-00429,26610000,60000
R15-00430,112710000,300000
R15-00431,46150000,150000
R15-00432,23790000,60000
R15-00433,94110000,300000
R15-00434,22820000,60000
R15-00435,124290000,300000
R15-00436,84440000,300000
R15-00437,21770000,60000
R15-00438,51880000,150000
R15-00439,44230000,150000
R15-00440,63690000,150000
R15-00441,22680000,60000
R15-00442,8130000,20000
R15-00443,54850000,150000
R15-00444,2600000,0
R15-00445,15950000,40000
R15-00446,11280000,40000
R15-00447,3190000,0
R15-00448,27360000,60000
R15-00449,140530000,600000
R15-00450,33430000,150000
R15-00451,82750000,300000
R15-00452,35900000,150000
R15-00453,6710000,20000
R15-00454,94850000,300000
R15-00455,53600000,150000
R15-00456,41830000,150000
R15-00457,75020000,300000
R15-00458,2730000,0
R15-00459,77240000,300000
R15-00460,72080000,300000
R15-00461,34390000,150000
R15-00462,56750000,150000
R15-00463,55800000,150000
R15-00464,32240000,60000
R15-00465,31380000,60000
R15-00466,31810000,60000
R15-00467,73400000,300000
R15-00468,70450000,300000
R15-00469,55510000,150000
R15-00470,54650000,150000
R15-00471,102430000,300000
R15-00472,94420000,300000
R15-00473,15590000,40000
R15-00474,54800000,150000
R15-00475,22160000,60000
R15-00476,46730000,150000
R15-00477,42590000,150000
R15-00478,64480000,150000
R15-00479,8510000,20000
R15-00480,2820000,0
R15-00481,88420000,300000
R15-00482,3130000,0
R15-00483,42320000,150000
R15-00484,25390000,60000
R15-00485,51570000,150000
R15-00486,5330000,20000
R15-00487,115730000,300000
R15-00488,84560000,300000
R15-00489,2570000,0
R15-00490,27970000,60000
R15-00491,23020000,60000
R15-00492,21760000,60000
R15-00493,21380000,60000
R15-00494,21060000,60000
R15-00495,16730000,40000
R15-00496,105140000,300000
R15-00497,7170000,20000
R15-00498,87210000,300000
R15-00499,65730000,150000
R15-00500,31400000,60000
R15-00501,21860000,60000
R15-00502,32770000,60000
R15-00503,45030000,150000
R15-00504,44600000,150000
R15-00505,48340000,150000
R15-00506,103220000,300000
R15-00507,92700000,300000
R15-00508,101520000,300000
R15-00509,12160000,40000
R15-00510,53200000,150000
R15-00511,3380000,0
R15-00512,64570000,150000
R15-00513,92150000,300000
R15-00514,5080000,20000
R15-00515,42800000,150000
R15-00516,26830000,60000
R15-00517,42600000,150000
R15-00518,54450000,150000
R15-00519,34070000,150000
R15-00520,34670000,150000
R15-00521,1750000,0
R15-00522,5720000,20000
R15-00523,4780000,0
R15-00524,45920000,150000
R15-00525,112850000,300000
R15-00526,1700000,0
R15-00527,85070000,300000
R15-00528,92750000,300000
R15-00529,114600000,300000
R15-00530,62360000,150000
R15-00531,3560000,0
R15-00532,52370000,150000
R15-00533,11060000,40000
R15-00534,55010000,150000
R15-00535,21520000,60000
R15-00536,42040000,150000
R15-00537,22030000,60000
R15-00538,30400000,60000
R15-00539,75690000,300000
R15-00540,12820000,40000
R15-00541,90840000,300000
R15-00542,26460000,60000
R15-00543,5280000,20000
R15-00544,13660000,40000
R15-00545,41420000,150000
R15-00546,52390000,150000
R15-00547,2640000,0
R15-00548,34030000,150000
R15-00549,55610000,150000
R15-00550,44850000,150000
R15-00551,1230000,0
R15-00552,73910000,300000
R15-00553,16040000,40000
R15-00554,65150000,150000
R15-00555,46990000,150000
R15-00556,51590000,150000
R15-00557,3690000,0
R15-00558,71770000,300000
R15-00559,15380000,40000
R15-00560,104360000,300000
R15-00561,11830000,40000
R15-00562,35980000,150000
R15-00563,72160000,300000
R15-00564,104900000,300000
R15-00565,25130000,60000
R15-00566,22500000,60000
R15-00567,65740000,150000
R15-00568,43770000,150000
R15-00569,20950000,60000
R15-00570,1740000,0
R15-00571,62240000,150000
R15-00572,26700000,60000
R15-00573,24100000,60000
R15-00574,61950000,150000
R15-00575,56510000,150000
R15-00576,12410000,40000
R15-00577,51400000,150000
R15-00578,75170000,300000
R15-00579,98320000,300000
R15-00580,7990000,20000
R15-00581,45930000,150000
R15-00582,92650000,300000
R15-00583,76030000,300000
R15-00584,1480000,0
R15-00585,84170000,300000
R15-00586,43260000,150000
R15-00587,31820000,60000
R15-00588,82940000,300000
R15-00589,73230000,300000
R15-00590,63350000,150000
R15-00591,38980000,150000
R15-00592,62010000,150000
R15-00593,50930000,150000
R15-00594,44040000,150000
R15-00595,3550000,0
R15-00596,14890000,40000
R15-00597,105250000,300000
R15-00598,8440000,20000
R15-00599,92490000,300000
R15-00600,104130000,300000
R15-00601,4020000,0
R15-00602,30050000,60000
R15-00603,43640000,150000
R15-00604,14620000,40000
R15-00605,3330000,0
R15-00606,52070000,150000
R15-00607,65110000,150000
R15-00608,5860000,20000
R15-00609,111640000,300000
R15-00610,33470000,150000
R15-00611,113310000,300000
R15-00612,36320000,150000
R15-00613,49560000,150000
R15-00614,16560000,40000
R15-00615,72700000,300000
R15-00616,52940000,150000
R15-00617,60960000,150000
R15-00618,43720000,150000
R15-00619,65140000,150000
R15-00620,92590000,300000
R15-00621,101480000,300000
R15-00622,81720000,300000
R15-00623,46510000,150000
R15-00624,2930000,0
R15-00625,92840000,300000
R15-00626,22020000,60000
R15-00627,22160000,60000
R15-00628,31410000,60000
R15-00629,4600000,0
R15-00630,73110000,300000
R15-00631,3700000,0
R15-00632,35340000,150000
R15-00633,70840000,300000
R15-00634,33570000,150000
R15-00635,23390000,60000
R15-00636,25110000,60000
R15-00637,27710000,60000
R15-00638,46440000,150000
R15-00639,42780000,150000
R15-00640,107130000,300000
R15-00641,92800000,300000
R15-00642,13080000,40000
R15-00643,19840000,40000
R15-00644,32390000,60000
R15-00645,45520000,150000
R15-00646,23850000,60000
R15-00647,14620000,40000
R15-00648,118420000,300000
R15-00649,5220000,20000
R15-00650,23720000,60000
R15-00651,33200000,60000
R15-00652,43110000,150000
R15-00653,40830000,150000
R15-00654,53050000,150000
R15-00655,81040000,300000
R15-00656,38760000,150000
R15-00657,23680000,60000
R15-00658,21810000,60000
R15-00659,91860000,300000
R15-00660,15630000,40000
R15-00661,76860000,300000
R15-00662,14540000,40000
R15-00663,89200000,300000
R15-00664,33760000,150000
R15-00665,6090000,20000
R15-00666,11750000,40000
R15-00667,44520000,150000
R15-00668,106310000,300000
R15-00669,22540000,60000
R15-00670,2560000,0
R15-00671,44280000,150000
R15-00672,64090000,150000
R15-00673,20670000,60000
R15-00674,47320000,150000
R15-00675,4860000,0
R15-00676,91540000,300000
R15-00677,21260000,60000
R15-00678,66200000,150000
R15-00679,92700000,300000
R15-00680,34700000,150000
R15-00681,1800000,0
R15-00682,1060000,0
R15-00683,21590000,60000
R15-00684,1170000,0
R15-00685,33090000,60000
R15-00686,71570000,300000
R15-00687,31430000,60000
R15-00688,16550000,40000
R15-00689,75280000,300000
R15-00690,60070000,150000
R15-00691,41620000,150000
R15-00692,86190000,300000
R15-00693,440000,0
R15-00694,1420000,0
R15-00695,22180000,60000
R15-00696,91980000,300000
R15-00697,37840000,150000
R15-00698,46890000,150000
R15-00699,132800000,300000
R15-00700,25620000,60000
R15-00701,10610000,40000
R15-00702,57280000,150000
R15-00703,14840000,40000
R15-00704,9440000,20000
R15-00705,84400000,300000
R15-00706,65750000,150000
R15-00707,94470000,300000
R15-00708,32310000,60000
R15-00709,2760000,0
R15-00710,43070000,150000
R15-00711,94120000,300000
R15-00712,44930000,150000
R15-00713,44130000,150000
R15-00714,340000,0
R15-00715,1660000,0
R15-00716,10860000,40000
R15-00717,4520000,0
R15-00718,31370000,60000
R15-00719,52160000,150000
R15-00720,32430000,60000
R15-00721,61680000,150000
R15-00722,26100000,60000
R15-00723,2560000,0
R15-00724,15090000,40000
R15-00725,16790000,40000
R15-00726,35770000,150000
R15-00727,25480000,60000
R15-00728,21640000,60000
R15-00729,13890000,40000
R15-00730,24400000,60000
R15-00731,53900000,150000
R15-00732,21030000,60000
R15-00733,51300000,150000
R15-00734,26510000,60000
R15-00735,20900000,60000
R15-00736,32800000,60000
R15-00737,55910000,150000
R15-00738,17150000,40000
R15-00739,74200000,300000
R15-00740,11780000,40000
R15-00741,126710000,300000
R15-00742,41790000,150000
R15-00743,83960000,300000
R15-00744,73760000,300000
R15-00745,105900000,300000
R15-00746,5730000,20000
R15-00747,3730000,0
R15-00748,24850000,60000
R15-00749,24740000,60000
R15-00750,23350000,60000
R15-00751,78550000,300000
R15-00752,51300000,150000
R15-00753,54690000,150000
R15-00754,36730000,150000
R15-00755,43580000,150000
R15-00756,45590000,150000
R15-00757,103360000,300000
R15-00758,20980000,60000
R15-00759,42240000,150000
R15-00760,4340000,0
R15-00761,65180000,150000
R15-00762,46580000,150000
R15-00763,72990000,300000
R15-00764,12900000,40000
R15-00765,69000000,300000
R15-00766,52280000,150000
R15-00767,5960000,20000
R15-00768,81710000,300000
R15-00769,41260000,150000
R15-00770,34310000,150000
R15-00771,52020000,150000
R15-00772,18030000,40000
R15-00773,46570000,150000
R15-00774,62900000,150000
R15-00775,93620000,300000
R15-00776,62570000,150000
R15-00777,1800000,0
R15-00778,172410000,600000
R15-00779,42610000,150000
R15-00780,43580000,150000
R15-00781,67950000,300000
R15-00782,52410000,150000
R15-00783,43520000,150000
R15-00784,36770000,150000
R15-00785,56380000,150000
R15-00786,12230000,40000
R15-00787,72320000,300000
R15-00788,21300000,60000
R15-00789,43670000,150000
R15-00790,40860000,150000
R15-00791,60440000,150000
R15-00792,11540000,40000
R15-00793,44820000,150000
R15-00794,3730000,0
R15-00795,61120000,150000
R15-00796,38220000,150000
R15-00797,75830000,300000
R15-00798,14190000,40000
R15-00799,1880000,0
R15-00800,23490000,60000
R15-00801,74300000,300000
R15-00802,23250000,60000
R15-00803,14890000,40000
R15-00804,68020000,300000
R15-00805,22870000,60000
R15-00806,98570000,300000
R15-00807,213620000,1000000
R15-00808,3990000,0
R15-00809,14090000,40000
R15-00810,101560000,300000
R15-00811,32910000,60000
R15-00812,62100000,150000
R15-00813,26450000,60000
R15-00814,44460000,150000
R15-00815,13300000,40000
R15-00816,27070000,60000
R15-00817,22360000,60000
R15-00818,52830000,150000
R15-00819,14330000,40000
R15-00820,83300000,300000
R15-00821,42310000,150000
R15-00822,2670000,0
R15-00823,111580000,300000
R15-00824,33210000,60000
R15-00825,11120000,40000
R15-00826,26870000,60000
R15-00827,4940000,0
R15-00828,37280000,150000
R15-00829,55630000,150000
R15-00830,31360000,60000
R15-00831,21810000,60000
R15-00832,2080000,0
R15-00833,53900000,150000
R15-00834,36800000,150000
R15-00835,31370000,60000
R15-00836,68260000,300000
R15-00837,53900000,150000
R15-00838,23160000,60000
R15-00839,33830000,150000
R15-00840,1380000,0
R15-00841,52650000,150000
R15-00842,84360000,300000
R15-00843,61470000,150000
R15-00844,61300000,150000
R15-00845,3080000,0
R15-00846,5320000,20000
R15-00847,105310000,300000
R15-00848,70700000,300000
R15-00849,51950000,150000
R15-00850,79660000,300000
R15-00851,82440000,300000
R15-00852,600000,0
R15-00853,28530000,60000
R15-00854,23430000,60000
R15-00855,41530000,150000
R15-00856,22780000,60000
R15-00857,29190000,60000
R15-00858,16220000,40000
R15-00859,15180000,40000
R15-00860,47320000,150000
R15-00861,23710000,60000
R15-00862,117150000,300000
R15-00863,147100000,600000
R15-00864,31810000,60000
R15-00865,14900000,40000
R15-00866,790000,0
R15-00867,45830000,150000
R15-00868,50900000,150000
R15-00869,53440000,150000
R15-00870,4510000,0
R15-00871,59570000,150000
R15-00872,53480000,150000
R15-00873,51050000,150000
R15-00874,13280000,40000
R15-00875,72060000,300000
R15-00876,25990000,60000
R15-00877,56800000,150000
R15-00878,16000000,40000
R15-00879,53140000,150000
R15-00880,13310000,40000
R15-00881,56090000,150000
R15-00882,14810000,40000
R15-00883,34840000,150000
R15-00884,31430000,60000
R15-00885,15130000,40000
R15-00886,51770000,150000
R15-00887,22070000,60000
R15-00888,45590000,150000
R15-00889,115440000,300000
R15-00890,47840000,150000
R15-00891,34730000,150000
R15-00892,44210000,150000
R15-00893,43690000,150000
R15-00894,24260000,60000
R15-00895,16030000,40000
R15-00896,124120000,300000
R15-00897,24220000,60000
R15-00898,15400000,40000
R15-00899,52900000,150000
R15-00900,24420000,60000
R15-00901,2870000,0
R15-00902,20260000,60000
R15-00903,113080000,300000
R15-00904,41910000,150000
R15-00905,134910000,600000
R15-00906,45560000,150000
R15-00907,56090000,150000
R15-00908,12890000,40000
R15-00909,53300000,150000
R15-00910,47030000,150000
R15-00911,24380000,60000
R15-00912,25310000,60000
R15-00913,43270000,150000
R15-00914,34200000,150000
R15-00915,13430000,40000
R15-00916,118280000,300000
R15-00917,67120000,300000
R15-00918,57290000,150000
R15-00919,51530000,150000
R15-00920,15510000,40000
R15-00921,65800000,150000
R15-00922,44090000,150000
R15-00923,43950000,150000
R15-00924,6510000,20000
R15-00925,45000000,150000
R15-00926,2730000,0
R15-00927,41790000,150000
R15-00928,51990000,150000
R15-00929,33710000,150000
R15-00930,20410000,60000
R15-00931,57790000,150000
R15-00932,20360000,60000
R15-00933,11870000,40000
R15-00934,51680000,150000
R15-00935,12280000,40000
R15-00936,45410000,150000
R15-00937,61200000,150000
R15-00938,58520000,150000
R15-00939,21600000,60000
R15-00940,43610000,150000
R15-00941,101290000,300000
R15-00942,111920000,300000
R15-00943,25930000,60000
R15-00944,26230000,60000
R15-00945,13210000,40000
R15-00946,5730000,20000
R15-00947,95200000,300000
R15-00948,14650000,40000
R15-00949,2370000,0
R15-00950,10970000,40000
R15-00951,34760000,150000
R15-00952,4070000,0
R15-00953,54190000,150000
R15-00954,94550000,300000
R15-00955,51310000,150000
R15-00956,81230000,300000
R15-00957,46040000,150000
R15-00958,112340000,300000
R15-00959,32280000,60000
R15-00960,40920000,150000
R15-00961,51150000,150000
R15-00962,65090000,150000
R15-00963,28070000,60000
R15-00964,22220000,60000
R15-00965,33750000,150000
R15-00966,84300000,300000
R15-00967,15920000,40000
R15-00968,10540000,40000
R15-00969,52710000,150000
R15-00970,22510000,60000
R15-00971,41050000,150000
R15-00972,65450000,150000
R15-00973,73170000,300000
R15-00974,46720000,150000
R15-00975,64610000,150000
R15-00976,56700000,150000
R15-00977,53390000,150000
R15-00978,52190000,150000
R15-00979,96820000,300000
R15-00980,82040000,300000
R15-00981,90490000,300000
R15-00982,62870000,150000
R15-00983,13950000,40000
R15-00984,35490000,150000
R15-00985,114990000,300000
R15-00986,28080000,60000
R15-00987,104910000,300000
R15-00988,21790000,60000
R15-00989,53220000,150000
R15-00990,42980000,150000
R15-00991,71760000,300000
R15-00992,36190000,150000
R15-00993,47020000,150000
R15-00994,3560000,0
R15-00995,77250000,300000
R15-00996,46730000,150000
R15-00997,25140000,60000
R15-00998,72510000,300000
R15-00999,22940000,60000
R15-01000,73700000,300000
R15-01001,6230000,20000
R15-01002,14030000,40000
R15-01003,76710000,300000
R15-01004,83840000,300000
R15-01005,62290000,150000
R15-01006,25010000,60000
R15-01007,55640000,150000
R15-01008,47700000,150000
R15-01009,1820000,0
R15-01010,70760000,300000
R15-01011,93540000,300000
R15-01012,62940000,150000
R15-01013,65330000,150000
R15-01014,34170000,150000
R15-01015,5230000,20000
R15-01016,23900000,60000
R15-01017,31630000,60000
R15-01018,56180000,150000
R15-01019,25970000,60000
R15-01020,142410000,600000
R15-01021,12550000,40000
R15-01022,41720000,150000
R15-01023,21670000,60000
R15-01024,52940000,150000
R15-01025,77000000,300000
R15-01026,35410000,150000
R15-01027,3100000,0
R15-01028,14230000,40000
R15-01029,25280000,60000
R15-01030,111930000,300000
R15-01031,12620000,40000
R15-01032,33100000,60000
R15-01033,81610000,300000
R15-01034,2870000,0
R15-01035,35380000,150000
R15-01036,6510000,20000
R15-01037,2520000,0
R15-01038,43660000,150000
R15-01039,13870000,40000
R15-01040,31330000,60000
R15-01041,23730000,60000
R15-01042,91160000,300000
R15-01043,1480000,0
R15-01044,122440000,300000
R15-01045,65860000,150000
R15-01046,42210000,150000
R15-01047,64870000,150000
R15-01048,91260000,300000
R15-01049,34870000,150000
R15-01050,52240000,150000
R15-01051,64630000,150000
R15-01052,43040000,150000
R15-01053,32840000,60000
R15-01054,11110000,40000
R15-01055,55990000,150000
R15-01056,2730000,0
R15-01057,73350000,300000
R15-01058,24560000,60000
R15-01059,4280000,0
R15-01060,57880000,150000
R15-01061,22400000,60000
R15-01062,22180000,60000
R15-01063,22710000,60000
R15-01064,47030000,150000
R15-01065,22400000,60000
R15-01066,23450000,60000
R15-01067,24870000,60000
R15-01068,75320000,300000
R15-01069,42930000,150000
R15-01070,47010000,150000
R15-01071,5530000,20000
R15-01072,61540000,150000
R15-01073,15080000,40000
R15-01074,52670000,150000
R15-01075,26200000,60000
R15-01076,23100000,60000
R15-01077,2070000,0
R15-01078,106420000,300000
R15-01079,77450000,300000
R15-01080,42700000,150000
R15-01081,46890000,150000
R15-01082,34310000,150000
R15-01083,102900000,300000
R15-01084,50520000,150000
R15-01085,65740000,150000
R15-01086,20560000,60000
R15-01087,18460000,40000
R15-01088,1170000,0
R15-01089,53370000,150000
R15-01090,102910000,300000
R15-01091,2910000,0
R15-01092,760000,0
R15-01093,1960000,0
R15-01094,32440000,60000
R15-01095,61740000,150000
R15-01096,93100000,300000
R15-01097,620000,0
R15-01098,77630000,300000
R15-01099,53820000,150000
R15-01100,35840000,150000
R15-01101,7280000,20000
R15-01102,82790000,300000
R15-01103,8290000,20000
R15-01104,4230000,0
R15-01105,60260000,150000
R15-01106,50780000,150000
R15-01107,34430000,150000
R15-01108,3290000,0
R15-01109,13160000,40000
R15-01110,34180000,150000
R15-01111,5450000,20000
R15-01112,5360000,20000
R15-01113,52420000,150000
R15-01114,83020000,300000
R15-01115,21820000,60000
R15-01116,1670000,0
R15-01117,62030000,150000
R15-01118,5090000,20000
R15-01119,92840000,300000
R15-01120,71250000,300000
R15-01121,70830000,300000
R15-01122,134870000,600000
R15-01123,32640000,60000
R15-01124,54510000,150000
R15-01125,221420000,1000000
R15-01126,80680000,300000
R15-01127,24140000,60000
R15-01128,12520000,40000
R15-01129,2460000,0
R15-01130,48230000,150000
R15-01131,15710000,40000
R15-01132,5450000,20000
R15-01133,16510000,40000
R15-01134,51850000,150000
R15-01135,15400000,40000
R15-01136,5580000,20000
R15-01137,39020000,150000
R15-01138,12830000,40000
R15-01139,23260000,60000
R15-01140,20780000,60000
R15-01141,34740000,150000
R15-01142,52670000,150000
R15-01143,50450000,150000
R15-01144,52650000,150000
R15-01145,84920000,300000
R15-01146,21380000,60000
R15-01147,34700000,150000
R15-01148,25610000,60000
R15-01149,24410000,60000
R15-01150,1690000,0
R15-01151,152860000,600000
R15-01152,32410000,60000
R15-01153,25550000,60000
R15-01154,103730000,300000
R15-01155,64100000,150000
R15-01156,53510000,150000
R15-01157,1690000,0
R15-01158,56730000,150000
R15-01159,57540000,150000
R15-01160,34170000,150000
R15-01161,42880000,150000
R15-01162,108680000,300000
R15-01163,27380000,60000
R15-01164,134550000,600000
R15-01165,52200000,150000
R15-01166,68450000,300000
R15-01167,37220000,150000
R15-01168,75730000,300000
R15-01169,14910000,40000
R15-01170,32160000,60000
R15-01171,46770000,150000
R15-01172,87430000,300000
R15-01173,81470000,300000
R15-01174,64070000,150000
R15-01175,25100000,60000
R15-01176,124880000,300000
R15-01177,99330000,300000
R15-01178,61520000,150000
R15-01179,25560000,60000
R15-01180,94930000,300000
R15-01181,35920000,150000
R15-01182,37210000,150000
R15-01183,68930000,300000
R15-01184,22460000,60000
R15-01185,3670000,0
R15-01186,35050000,150000
R15-01187,41630000,150000
R15-01188,144080000,600000
R15-01189,25660000,60000
R15-01190,57080000,150000
R15-01191,22360000,60000
R15-01192,42470000,150000
R15-01193,73890000,300000
R15-01194,55070000,150000
R15-01195,93490000,300000
R15-01196,111330000,300000
R15-01197,102250000,300000
R15-01198,23580000,60000
R15-01199,7050000,20000
R15-01200,41370000,150000
R15-01201,12120000,40000
R15-01202,101230000,300000
R15-01203,48060000,150000
R15-01204,12210000,40000
R15-01205,41940000,150000
R15-01206,8010000,20000
R15-01207,31840000,60000
R15-01208,12780000,40000
R15-01209,137430000,600000
R15-01210,101510000,300000
R15-01211,40770000,150000
R15-01212,33660000,150000
R15-01213,62760000,150000
R15-01214,22720000,60000
R15-01215,153290000,600000
R15-01216,54950000,150000
R15-01217,32880000,60000
R15-01218,83780000,300000
R15-01219,24700000,60000
R15-01220,25270000,60000
R15-01221,34730000,150000
R15-01222,67460000,300000
R15-01223,33600000,150000
R15-01224,36150000,150000
R15-01225,86270000,300000
R15-01226,84330000,300000
R15-01227,87420000,300000
R15-01228,33370000,150000
R15-01229,34030000,150000
R15-01230,26340000,60000
R15-01231,211260000,1000000
R15-01232,72860000,300000
R15-01233,84850000,300000
R15-01234,72190000,300000
R15-01235,32100000,60000
R15-01236,3980000,0
R15-01237,16550000,40000
R15-01238,140140000,600000
R15-01239,82930000,300000
R15-01240,85880000,300000
R15-01241,7780000,20000
R15-01242,13770000,40000
R15-01243,77100000,300000
R15-01244,830000,0
R15-01245,31790000,60000
R15-01246,13790000,40000
R15-01247,45870000,150000
R15-01248,100420000,300000
R15-01249,35060000,150000
R15-01250,55270000,150000
R15-01251,35670000,150000
R15-01252,41990000,150000
R15-01253,71300000,300000
R15-01254,30290000,60000
R15-01255,9080000,20000
R15-01256,11810000,40000
R15-01257,65480000,150000
R15-01258,2160000,0
R15-01259,65770000,150000
R15-01260,75840000,300000
R15-01261,82800000,300000
R15-01262,92860000,300000
R15-01263,112520000,300000
R15-01264,1350000,0
R15-01265,52300000,150000
R15-01266,37930000,150000
R15-01267,33360000,150000
R15-01268,86070000,300000
R15-01269,64540000,150000
R15-01270,35570000,150000
R15-01271,73830000,300000
R15-01272,21570000,60000
R15-01273,1590000,0
R15-01274,21960000,60000
R15-01275,14570000,40000
R15-01276,92200000,300000
R15-01277,21180000,60000
R15-01278,21510000,60000
R15-01279,101200000,300000
R15-01280,81950000,300000
R15-01281,21430000,60000
R15-01282,81960000,300000
R15-01283,125210000,300000
R15-01284,53340000,150000
R15-01285,51620000,150000
R15-01286,38580000,150000
R15-01287,56790000,150000
R15-01288,71450000,300000
R15-01289,27490000,60000
R15-01290,21540000,60000
R15-01291,25510000,60000
R15-01292,12310000,40000
R15-01293,78000000,300000
R15-01294,27520000,60000
R15-01295,63710000,150000
R15-01296,7110000,20000
R15-01297,101620000,300000
R15-01298,2000000,0
R15-01299,50330000,150000
R15-01300,65510000,150000
R15-01301,54050000,150000
R15-01302,93080000,300000
R15-01303,35860000,150000
R15-01304,95200000,300000
R15-01305,21910000,60000
R15-01306,3590000,0
R15-01307,31320000,60000
R15-01308,3290000,0
R15-01309,74170000,300000
R15-01310,2090000,0
R15-01311,1260000,0
R15-01312,17120000,40000
R15-01313,76690000,300000
R15-01314,13620000,40000
R15-01315,47750000,150000
R15-01316,85120000,300000
R15-01317,22200000,60000
R15-01318,134400000,600000
R15-01319,61770000,150000
R15-01320,22170000,60000
R15-01321,31910000,60000
R15-01322,37110000,150000
R15-01323,36880000,150000
R15-01324,5240000,20000
R15-01325,104440000,300000
R15-01326,110900000,300000
R15-01327,34840000,150000
R15-01328,11160000,40000
R15-01329,24050000,60000
R15-01330,65620000,150000
R15-01331,73550000,300000
R15-01332,3450000,0
R15-01333,2520000,0
R15-01334,16090000,40000
R15-01335,46590000,150000
R15-01336,92500000,300000
R15-01337,23360000,60000
R15-01338,134600000,600000
R15-01339,31410000,60000
R15-01340,36560000,150000
R15-01341,43350000,150000
R15-01342,31140000,60000
R15-01343,23310000,60000
R15-01344,35980000,150000
R15-01345,1290000,0
R15-01346,3240000,0
R15-01347,26630000,60000
R15-01348,91360000,300000
R15-01349,2480000,0
R15-01350,12050000,40000
R15-01351,10610000,40000
R15-01352,91730000,300000
R15-01353,22360000,60000
R15-01354,52470000,150000
R15-01355,2670000,0
R15-01356,31250000,60000
R15-01357,2480000,0
R15-01358,77250000,300000
R15-01359,92970000,300000
R15-01360,53060000,150000
R15-01361,62860000,150000
R15-01362,57080000,150000
R15-01363,24870000,60000
R15-01364,27250000,60000
R15-01365,31720000,60000
R15-01366,40350000,150000
R15-01367,52530000,150000
R15-01368,38070000,150000
R15-01369,5560000,20000
R15-01370,14160000,40000
R15-01371,68230000,300000
R15-01372,103000000,300000
R15-01373,118520000,300000
R15-01374,11460000,40000
R15-01375,23310000,60000
R15-01376,116570000,300000
R15-01377,44750000,150000
R15-01378,51410000,150000
R15-01379,43820000,150000
R15-01380,84180000,300000
R15-01381,43800000,150000
R15-01382,36380000,150000
R15-01383,2160000,0
R15-01384,6130000,20000
R15-01385,26570000,60000
R15-01386,24110000,60000
R15-01387,54770000,150000
R15-01388,4460000,0
R15-01389,21830000,60000
R15-01390,33210000,60000
R15-01391,22720000,60000
R15-01392,134130000,600000
R15-01393,20870000,60000
R15-01394,38200000,150000
R15-01395,12340000,40000
R15-01396,38400000,150000
R15-01397,32850000,60000
R15-01398,43090000,150000
R15-01399,53510000,150000
R15-01400,24200000,60000
R15-01401,23380000,60000
R15-01402,16290000,40000
R15-01403,51890000,150000
R15-01404,33600000,150000
R15-01405,9760000,20000
R15-01406,51780000,150000
R15-01407,6400000,20000
R15-01408,15320000,40000
R15-01409,2220000,0
R15-01410,22130000,60000
R15-01411,4150000,0
R15-01412,17610000,40000
R15-01413,53870000,150000
R15-01414,44640000,150000
R15-01415,123280000,300000
R15-01416,45970000,150000
R15-01417,1650000,0
R15-01418,62050000,150000
R15-01419,88570000,300000
R15-01420,104280000,300000
R15-01421,3130000,0
R15-01422,144970000,600000
R15-01423,16680000,40000
R15-01424,135180000,600000
R15-01425,79260000,300000
R15-01426,26600000,60000
R15-01427,330000,0
R15-01428,49060000,150000
R15-01429,143730000,600000
R15-01430,25620000,60000
R15-01431,96330000,300000
R15-01432,24500000,60000
R15-01433,21770000,60000
R15-01434,83300000,300000
R15-01435,73460000,300000
R15-01436,42720000,150000
R15-01437,25290000,60000
R15-01438,3180000,0
R15-01439,41310000,150000
R15-01440,5170000,20000
R15-01441,82150000,300000
R15-01442,26350000,60000
R15-01443,71870000,300000
R15-01444,54220000,150000
R15-01445,110730000,300000
R15-01446,42450000,150000
R15-01447,36120000,150000
R15-01448,13250000,40000
R15-01449,66020000,150000
R15-01450,21520000,60000
R15-01451,33840000,150000
R15-01452,71410000,300000
R15-01453,77890000,300000
R15-01454,2600000,0
R15-01455,6270000,20000
R15-01456,62320000,150000
R15-01457,73100000,300000
R15-01458,28690000,60000
R15-01459,7120000,20000
R15-01460,15100000,40000
R15-01461,71100000,300000
R15-01462,72400000,300000
R15-01463,62620000,150000
R15-01464,83190000,300000
R15-01465,82440000,300000
R15-01466,5140000,20000
R15-01467,24650000,60000
R15-01468,114720000,300000
R15-01469,81130000,300000
R15-01470,21590000,60000
R15-01471,4350000,0
R15-01472,61320000,150000
R15-01473,25500000,60000
R15-01474,5240000,20000
R15-01475,84840000,300000
R15-01476,33460000,150000
R15-01477,72000000,300000
R15-01478,6300000,20000
R15-01479,14960000,40000
R15-01480,62990000,150000
R15-01481,14930000,40000
R15-01482,114710000,300000
R15-01483,104610000,300000
R15-01484,24680000,60000
R15-01485,81680000,300000
R15-01486,3890000,0
R15-01487,4120000,0
R15-01488,63410000,150000
R15-01489,12920000,40000
R15-01490,51180000,150000
R15-01491,24590000,60000
R15-01492,15560000,40000
R15-01493,77700000,300000
R15-01494,38810000,150000
R15-01495,5460000,20000
R15-01496,51740000,150000
R15-01497,62310000,150000
R15-01498,1610000,0
R15-01499,2790000,0
R15-01500,14110000,40000
R15-01501,3360000,0
R15-01502,16460000,40000
R15-01503,22870000,60000
R15-01504,23290000,60000
R15-01505,63370000,150000
R15-01506,43140000,150000
R15-01507,56910000,150000
R15-01508,64440000,150000
R15-01509,1790000,0
R15-01510,41560000,150000
R15-01511,35740000,150000
R15-01512,111970000,300000
R15-01513,24630000,60000
R15-01514,13940000,40000
R15-01515,85990000,300000
R15-01516,27150000,60000
R15-01517,6950000,20000
R15-01518,61390000,150000
R15-01519,132010000,300000
R15-01520,6720000,20000
R15-01521,32980000,60000
R15-01522,16570000,40000
R15-01523,96400000,300000
R15-01524,52580000,150000
R15-01525,64640000,150000
R15-01526,55970000,150000
R15-01527,82580000,300000
R15-01528,5750000,20000
R15-01529,24160000,60000
R15-01530,4120000,0
R15-01531,82320000,300000
R15-01532,14280000,40000
R15-01533,81350000,300000
R15-01534,11480000,40000
R15-01535,84850000,300000
R15-01536,31950000,60000
R15-01537,31370000,60000
R15-01538,103580000,300000
R15-01539,48010000,150000
R15-01540,63430000,150000
R15-01541,7210000,20000
R15-01542,74950000,300000
R15-01543,27540000,60000
R15-01544,33960000,150000
R15-01545,81830000,300000
R15-01546,17730000,40000
R15-01547,25900000,60000
R15-01548,74540000,300000
R15-01549,42430000,150000
R15-01550,112360000,300000
R15-01551,1300000,0
R15-01552,56270000,150000
R15-01553,11480000,40000
R15-01554,5190000,20000
R15-01555,32270000,60000
R15-01556,73300000,300000
R15-01557,42870000,150000
R15-01558,14370000,40000
R15-01559,50920000,150000
R15-01560,74730000,300000
R15-01561,73250000,300000
R15-01562,5870000,20000
R15-01563,13710000,40000
R15-01564,39390000,150000
R15-01565,111920000,300000
R15-01566,13500000,40000
R15-01567,15630000,40000
R15-01568,83540000,300000
R15-01569,1890000,0
R15-01570,61200000,150000
R15-01571,22680000,60000
R15-01572,82480000,300000
R15-01573,66300000,150000
R15-01574,12330000,40000
R15-01575,41620000,150000
R15-01576,60790000,150000
R15-01577,47880000,150000
R15-01578,65910000,150000
R15-01579,46120000,150000
R15-01580,4320000,0
R15-01581,11670000,40000
R15-01582,1070000,0
R15-01583,44110000,150000
R15-01584,24710000,60000
R15-01585,81820000,300000
R15-01586,13530000,40000
R15-01587,3340000,0
R15-01588,77200000,300000
R15-01589,42900000,150000
R15-01590,6160000,20000
R15-01591,36200000,150000
R15-01592,33880000,150000
R15-01593,43430000,150000
R15-01594,75880000,300000
R15-01595,23200000,60000
R15-01596,3210000,0
R15-01597,81470000,300000
R15-01598,21420000,60000
R15-01599,42570000,150000
R15-01600,16320000,40000
R15-01601,20920000,60000
R15-01602,105410000,300000
R15-01603,54300000,150000
R15-01604,14010000,40000
R15-01605,24920000,60000
R15-01606,26240000,60000
R15-01607,52500000,150000
R15-01608,6910000,20000
R15-01609,16860000,40000
R15-01610,5250000,20000
R15-01611,51360000,150000
R15-01612,15060000,40000
R15-01613,55700000,150000
R15-01614,2260000,0
R15-01615,12510000,40000
R15-01616,32720000,60000
R15-01617,4870000,0
R15-01618,51960000,150000
R15-01619,960000,0
R15-01620,54030000,150000
R15-01621,23800000,60000
R15-01622,86920000,300000
R15-01623,41340000,150000
R15-01624,15630000,40000
R15-01625,52580000,150000
R15-01626,104390000,300000
R15-01627,44440000,150000
R15-01628,27500000,60000
R15-01629,112460000,300000
R15-01630,81490000,300000
R15-01631,55950000,150000
R15-01632,11590000,40000
R15-01633,25690000,60000
R15-01634,153660000,600000
R15-01635,54230000,150000
R15-01636,15810000,40000
R15-01637,32040000,60000
R15-01638,22470000,60000
R15-01639,22530000,60000
R15-01640,67000000,300000
R15-01641,104600000,300000
R15-01642,95020000,300000
R15-01643,23640000,60000
R15-01644,52140000,150000
R15-01645,221700000,1000000
R15-01646,95760000,300000
R15-01647,20300000,60000
R15-01648,44920000,150000
R15-01649,12900000,40000
R15-01650,22230000,60000
R15-01651,82990000,300000
R15-01652,13450000,40000
R15-01653,23070000,60000
R15-01654,12230000,40000
R15-01655,113290000,300000
R15-01656,14930000,40000
R15-01657,73320000,300000
R15-01658,22870000,60000
R15-01659,27040000,60000
R15-01660,53570000,150000
R15-01661,7310000,20000
R15-01662,23110000,60000
R15-01663,88690000,300000
R15-01664,135850000,600000
R15-01665,127090000,300000
R15-01666,40390000,150000
R15-01667,63080000,150000
R15-01668,43860000,150000
R15-01669,5640000,20000
R15-01670,46540000,150000
R15-01671,64630000,150000
R15-01672,75450000,300000
R15-01673,66580000,150000
R15-01674,52080000,150000
R15-01675,16220000,40000
R15-01676,153010000,600000
R15-01677,14390000,40000
R15-01678,66080000,150000
R15-01679,1880000,0
R15-01680,16880000,40000
R15-01681,26060000,60000
R15-01682,2270000,0
R15-01683,4620000,0
R15-01684,16980000,40000
R15-01685,17230000,40000
R15-01686,1610000,0
R15-01687,31450000,60000
R15-01688,10280000,40000
R15-01689,62220000,150000
R15-01690,153820000,600000
R15-01691,75390000,300000
R15-01692,2270000,0
R15-01693,4390000,0
R15-01694,86160000,300000
R15-01695,53350000,150000
R15-01696,1590000,0
R15-01697,18880000,40000
R15-01698,41800000,150000
R15-01699,170300000,600000
R15-01700,142820000,600000
R15-01701,3080000,0
R15-01702,12680000,40000
R15-01703,95660000,300000
R15-01704,16600000,40000
R15-01705,7540000,20000
R15-01706,101310000,300000
R15-01707,24120000,60000
R15-01708,4560000,0
R15-01709,111860000,300000
R15-01710,55310000,150000
R15-01711,81510000,300000
R15-01712,111670000,300000
R15-01713,22730000,60000
R15-01714,32910000,60000
R15-01715,83800000,300000
R15-01716,33910000,150000
R15-01717,40790000,150000
R15-01718,7190000,20000
R15-01719,78390000,300000
R15-01720,31180000,60000
R15-01721,83290000,300000
R15-01722,96500000,300000
R15-01723,36880000,150000
R15-01724,56920000,150000
R15-01725,33200000,60000
R15-01726,152120000,600000
R15-01727,25110000,60000
R15-01728,31510000,60000
R15-01729,32480000,60000
R15-01730,30570000,60000
R15-01731,3990000,0
R15-01732,53330000,150000
R15-01733,92170000,300000
R15-01734,1120000,0
R15-01735,47390000,150000
R15-01736,65450000,150000
R15-01737,121630000,300000
R15-01738,79130000,300000
R15-01739,18520000,40000
R15-01740,2050000,0
R15-01741,65690000,150000
R15-01742,51650000,150000
R15-01743,1910000,0
R15-01744,3410000,0
R15-01745,71400000,300000
R15-01746,5420000,20000
R15-01747,5600000,20000
R15-01748,85010000,300000
R15-01749,93360000,300000
R15-01750,23080000,60000
R15-01751,91440000,300000
R15-01752,4130000,0
R15-01753,12650000,40000
R15-01754,54510000,150000
R15-01755,12370000,40000
R15-01756,22880000,60000
R15-01757,2960000,0
R15-01758,2860000,0
R15-01759,42270000,150000
R15-01760,113610000,300000
R15-01761,33080000,60000
R15-01762,100970000,300000
R15-01763,121500000,300000
R15-01764,23450000,60000
R15-01765,4650000,0
R15-01766,16690000,40000
R15-01767,22550000,60000
R15-01768,34900000,150000
R15-01769,34040000,150000
R15-01770,55760000,150000
R15-01771,83670000,300000
R15-01772,48840000,150000
R15-01773,24810000,60000
R15-01774,59550000,150000
R15-01775,23230000,60000
R15-01776,56520000,150000
R15-01777,21640000,60000
R15-01778,34380000,150000
R15-01779,72740000,300000
R15-01780,50870000,150000
R15-01781,41420000,150000
R15-01782,85970000,300000
R15-01783,7390000,20000
R15-01784,71840000,300000
R15-01785,34420000,150000
R15-01786,5290000,20000
R15-01787,96030000,300000
R15-01788,76520000,300000
R15-01789,105030000,300000
R15-01790,63410000,150000
R15-01791,93770000,300000
R15-01792,35930000,150000
R15-01793,3610000,0
R15-01794,24820000,60000
R15-01795,38020000,150000
R15-01796,102190000,300000
R15-01797,43390000,150000
R15-01798,6200000,20000
R15-01799,71800000,300000
R15-01800,44150000,150000
R15-01801,2940000,0
R15-01802,38050000,150000
R15-01803,92680000,300000
R15-01804,100970000,300000
R15-01805,52380000,150000
R15-01806,2850000,0
R15-01807,105750000,300000
R15-01808,108030000,300000
R15-01809,16260000,40000
R15-01810,6430000,20000
R15-01811,72200000,300000
R15-01812,52150000,150000
R15-01813,44210000,150000
R15-01814,51010000,150000
R15-01815,92930000,300000
R15-01816,53250000,150000
R15-01817,25010000,60000
R15-01818,42430000,150000
R15-01819,42480000,150000
R15-01820,27260000,60000
R15-01821,26440000,60000
R15-01822,73920000,300000
R15-01823,14170000,40000
R15-01824,76970000,300000
R15-01825,21800000,60000
R15-01826,15060000,40000
R15-01827,59320000,150000
R15-01828,43030000,150000
R15-01829,134470000,600000
R15-01830,43280000,150000
R15-01831,91910000,300000
R15-01832,12100000,40000
R15-01833,41550000,150000
R15-01834,1490000,0
R15-01835,93080000,300000
R15-01836,23020000,60000
R15-01837,2640000,0
R15-01838,1450000,0
R15-01839,6840000,20000
R15-01840,790000,0
R15-01841,11750000,40000
R15-01842,63520000,150000
R15-01843,42550000,150000
R15-01844,45850000,150000
R15-01845,90730000,300000
R15-01846,21330000,60000
R15-01847,12700000,40000
R15-01848,87580000,300000
R15-01849,21620000,60000
R15-01850,43320000,150000
R15-01851,40140000,150000
R15-01852,32650000,60000
R15-01853,1970000,0
R15-01854,56560000,150000
R15-01855,112120000,300000
R15-01856,27060000,60000
R15-01857,3540000,0
R15-01858,45000000,150000
R15-01859,36490000,150000
R15-01860,41060000,150000
R15-01861,86210000,300000
R15-01862,13170000,40000
R15-01863,128750000,300000
R15-01864,95280000,300000
R15-01865,25230000,60000
R15-01866,31250000,60000
R15-01867,73800000,300000
R15-01868,93420000,300000
R15-01869,76360000,300000
R15-01870,53850000,150000
R15-01871,74040000,300000
R15-01872,71060000,300000
R15-01873,33180000,60000
R15-01874,37790000,150000
R15-01875,82700000,300000
R15-01876,83420000,300000
R15-01877,111590000,300000
R15-01878,26570000,60000
R15-01879,137080000,600000
R15-01880,47510000,150000
R15-01881,58100000,150000
R15-01882,58090000,150000
R15-01883,3040000,0
R15-01884,21080000,60000
R15-01885,46510000,150000
R15-01886,46360000,150000
R15-01887,53880000,150000
R15-01888,34710000,150000
R15-01889,35950000,150000
R15-01890,31240000,60000
R15-01891,30920000,60000
R15-01892,32750000,60000
R15-01893,14510000,40000
R15-01894,8430000,20000
R15-01895,75200000,300000
R15-01896,12340000,40000
R15-01897,54440000,150000
R15-01898,16190000,40000
R15-01899,31330000,60000
R15-01900,23210000,60000
R15-01901,131980000,300000
R15-01902,94160000,300000
R15-01903,14690000,40000
R15-01904,15660000,40000
R15-01905,132480000,300000
R15-01906,93040000,300000
R15-01907,31820000,60000
R15-01908,730000,0
R15-01909,31930000,60000
R15-01910,15110000,40000
R15-01911,45120000,150000
R15-01912,62490000,150000
R15-01913,72430000,300000
R15-01914,46270000,150000
R15-01915,22280000,60000
R15-01916,23400000,60000
R15-01917,66360000,150000
R15-01918,3800000,0
R15-01919,12210000,40000
R15-01920,4040000,0
R15-01921,1340000,0
R15-01922,56510000,150000
R15-01923,64300000,150000
R15-01924,104250000,300000
R15-01925,26710000,60000
R15-01926,74080000,300000
R15-01927,800000,0
R15-01928,3300000,0
R15-01929,4560000,0
R15-01930,106860000,300000
R15-01931,73720000,300000
R15-01932,35080000,150000
R15-01933,50860000,150000
R15-01934,145240000,600000
R15-01935,12690000,40000
R15-01936,41910000,150000
R15-01937,18090000,40000
R15-01938,45270000,150000
R15-01939,14790000,40000
R15-01940,41400000,150000
R15-01941,42630000,150000
R15-01942,33790000,150000
R15-01943,41580000,150000
R15-01944,8070000,20000
R15-01945,6430000,20000
R15-01946,78840000,300000
R15-01947,61620000,150000
R15-01948,3590000,0
R15-01949,92010000,300000
R15-01950,71760000,300000
R15-01951,14250000,40000
R15-01952,85210000,300000
R15-01953,34620000,150000
R15-01954,85000000,300000
R15-01955,2490000,0
R15-01956,32450000,60000
R15-01957,7700000,20000
R15-01958,39560000,150000
R15-01959,27030000,60000
R15-01960,33490000,150000
R15-01961,85160000,300000
R15-01962,41450000,150000
R15-01963,132860000,300000
R15-01964,118070000,300000
R15-01965,16770000,40000
R15-01966,63910000,150000
R15-01967,15500000,40000
R15-01968,34450000,150000
R15-01969,14660000,40000
R15-01970,81470000,300000
R15-01971,76530000,300000
R15-01972,33040000,60000
R15-01973,22810000,60000
R15-01974,45810000,150000
R15-01975,23540000,60000
R15-01976,51650000,150000
R15-01977,63480000,150000
R15-01978,17940000,40000
R15-01979,42670000,150000
R15-01980,62220000,150000
R15-01981,34220000,150000
R15-01982,14530000,40000
R15-01983,7360000,20000
R15-01984,105000000,300000
R15-01985,51100000,150000
R15-01986,1860000,0
R15-01987,25420000,60000
R15-01988,1840000,0
R15-01989,125820000,300000
R15-01990,1960000,0
R15-01991,30980000,60000
R15-01992,52610000,150000
R15-01993,21160000,60000
R15-01994,5130000,20000
R15-01995,61720000,150000
R15-01996,44280000,150000
R15-01997,15690000,40000
R15-01998,2620000,0
R15-01999,23170000,60000
R15-02000,212430000,1000000
R15-02001,75100000,300000
R15-02002,68560000,300000
R15-02003,153450000,600000
R15-02004,3270000,0
R15-02005,86090000,300000
R15-02006,13520000,40000
R15-02007,115810000,300000
R15-02008,38370000,150000
R15-02009,22730000,60000
R15-02010,45520000,150000
R15-02011,16620000,40000
R15-02012,76540000,300000
R15-02013,30110000,60000
R15-02014,54150000,150000
R15-02015,36760000,150000
R15-02016,170000,0
R15-02017,36660000,150000
R15-02018,38860000,150000
R15-02019,10370000,40000
R15-02020,71670000,300000
R15-02021,23450000,60000
R15-02022,61970000,150000
R15-02023,12160000,40000
R15-02024,30860000,60000
R15-02025,21430000,60000
R15-02026,38590000,150000
R15-02027,2170000,0
R15-02028,13930000,40000
R15-02029,15730000,40000
R15-02030,32280000,60000
R15-02031,41060000,150000
R15-02032,222500000,1000000
R15-02033,33220000,60000
R15-02034,32600000,60000
R15-02035,67650000,300000
R15-02036,21940000,60000
R15-02037,1560000,0
R15-02038,1730000,0
R15-02039,12350000,40000
R15-02040,93830000,300000
R15-02041,24720000,60000
R15-02042,26290000,60000
R15-02043,25860000,60000
R15-02044,30800000,60000
R15-02045,82440000,300000
R15-02046,25450000,60000
R15-02047,15150000,40000
R15-02048,45670000,150000
R15-02049,12610000,40000
R15-02050,71050000,300000
R15-02051,55030000,150000
R15-02052,46130000,150000
R15-02053,83760000,300000
R15-02054,33750000,150000
R15-02055,63440000,150000
R15-02056,1930000,0
R15-02057,47120000,150000
R15-02058,35360000,150000
R15-02059,42760000,150000
R15-02060,52780000,150000
R15-02061,84020000,300000
R15-02062,98740000,300000
R15-02063,14960000,40000
R15-02064,64020000,150000
R15-02065,90410000,300000
R15-02066,22950000,60000
R15-02067,33130000,60000
R15-02068,21770000,60000
R15-02069,4890000,0
R15-02070,31300000,60000
R15-02071,32990000,60000
R15-02072,83950000,300000
R15-02073,12290000,40000
R15-02074,21810000,60000
R15-02075,42900000,150000
R15-02076,50290000,150000
R15-02077,102690000,300000
R15-02078,41710000,150000
R15-02079,14210000,40000
R15-02080,45230000,150000
R15-02081,32630000,60000
R15-02082,18990000,40000
R15-02083,21770000,60000
R15-02084,21480000,60000
R15-02085,22210000,60000
R15-02086,32710000,60000
R15-02087,34530000,150000
R15-02088,2550000,0
R15-02089,85060000,300000
R15-02090,31280000,60000
R15-02091,74740000,300000
R15-02092,22740000,60000
R15-02093,35090000,150000
R15-02094,56410000,150000
R15-02095,88380000,300000
R15-02096,5060000,20000
R15-02097,24670000,60000
R15-02098,62040000,150000
R15-02099,35800000,150000
R15-02100,87220000,300000
R15-02101,16560000,40000
R15-02102,98140000,300000
R15-02103,83470000,300000
R15-02104,11370000,40000
R15-02105,72660000,300000
R15-02106,4260000,0
R15-02107,104000000,300000
R15-02108,22540000,60000
R15-02109,83450000,300000
R15-02110,61220000,150000
R15-02111,3880000,0
R15-02112,14510000,40000
R15-02113,41240000,150000
R15-02114,45070000,150000
R15-02115,76190000,300000
R15-02116,43070000,150000
R15-02117,10630000,40000
R15-02118,55720000,150000
R15-02119,35710000,150000
R15-02120,62170000,150000
R15-02121,73340000,300000
R15-02122,74020000,300000
R15-02123,13860000,40000
R15-02124,33380000,150000
R15-02125,50710000,150000
R15-02126,3580000,0
R15-02127,1360000,0
R15-02128,32910000,60000
R15-02129,62690000,150000
R15-02130,35130000,150000
R15-02131,62700000,150000
R15-02132,41220000,150000
R15-02133,56750000,150000
R15-02134,24990000,60000
R15-02135,43230000,150000
R15-02136,101410000,300000
R15-02137,7370000,20000
R15-02138,11620000,40000
R15-02139,49960000,150000
R15-02140,125520000,300000
R15-02141,12160000,40000
R15-02142,11890000,40000
R15-02143,26790000,60000
R15-02144,93310000,300000
R15-02145,3670000,0
R15-02146,39280000,150000
R15-02147,77580000,300000
R15-02148,45000000,150000
R15-02149,54020000,150000
R15-02150,44520000,150000
R15-02151,51290000,150000
R15-02152,91730000,300000
R15-02153,27120000,60000
R15-02154,72230000,300000
R15-02155,42550000,150000
R15-02156,25390000,60000
R15-02157,38540000,150000
R15-02158,45660000,150000
R15-02159,21950000,60000
R15-02160,4990000,0
R15-02161,100300000,300000
R15-02162,55680000,150000
R15-02163,94570000,300000
R15-02164,156740000,600000
R15-02165,103320000,300000
R15-02166,770000,0
R15-02167,7310000,20000
R15-02168,41620000,150000
R15-02169,52470000,150000
R15-02170,3070000,0
R15-02171,22290000,60000
R15-02172,2420000,0
R15-02173,27730000,60000
R15-02174,96830000,300000
R15-02175,102790000,300000
R15-02176,73500000,300000
R15-02177,62930000,150000
R15-02178,64580000,150000
R15-02179,55660000,150000
R15-02180,1460000,0
R15-02181,4780000,0
R15-02182,5660000,20000
R15-02183,87940000,300000
R15-02184,42320000,150000
R15-02185,22190000,60000
R15-02186,81520000,300000
R15-02187,53160000,150000
R15-02188,51920000,150000
R15-02189,76810000,300000
R15-02190,23420000,60000
R15-02191,40840000,150000
R15-02192,73410000,300000
R15-02193,27680000,60000
R15-02194,20530000,60000
R15-02195,1010000,0
R15-02196,26480000,60000
R15-02197,11020000,40000
R15-02198,11250000,40000
R15-02199,44010000,150000
R15-02200,30450000,60000
R15-02201,13990000,40000
R15-02202,42040000,150000
R15-02203,103320000,300000
R15-02204,92400000,300000
R15-02205,54230000,150000
R15-02206,62710000,150000
R15-02207,77090000,300000
R15-02208,32830000,60000
R15-02209,62480000,150000
R15-02210,22490000,60000
R15-02211,26860000,60000
R15-02212,65520000,150000
R15-02213,22190000,60000
R15-02214,27150000,60000
R15-02215,8530000,20000
R15-02216,9060000,20000
R15-02217,14550000,40000
R15-02218,32100000,60000
R15-02219,47880000,150000
R15-02220,59110000,150000
R15-02221,91070000,300000
R15-02222,3280000,0
R15-02223,63220000,150000
R15-02224,34500000,150000
R15-02225,107280000,300000
R15-02226,84310000,300000
R15-02227,45830000,150000
R15-02228,48140000,150000
R15-02229,86180000,300000
R15-02230,19540000,40000
R15-02231,7040000,20000
R15-02232,6220000,20000
R15-02233,131400000,300000
R15-02234,2830000,0
R15-02235,83850000,300000
R15-02236,32600000,60000
R15-02237,65580000,150000
R15-02238,31730000,60000
R15-02239,24180000,60000
R15-02240,36270000,150000
R15-02241,23060000,60000
R15-02242,62470000,150000
R15-02243,82530000,300000
R15-02244,43710000,150000
R15-02245,73330000,300000
R15-02246,103410000,300000
R15-02247,74270000,300000
R15-02248,3310000,0
R15-02249,3860000,0
R15-02250,3250000,0
R15-02251,24300000,60000
R15-02252,7020000,20000
R15-02253,84940000,300000
R15-02254,114790000,300000
R15-02255,94970000,300000
R15-02256,25150000,60000
R15-02257,3010000,0
R15-02258,5600000,20000
R15-02259,64780000,150000
R15-02260,56490000,150000
R15-02261,74560000,300000
R15-02262,24880000,60000
R15-02263,13500000,40000
R15-02264,85560000,300000
R15-02265,70500000,300000
R15-02266,67570000,300000
R15-02267,71690000,300000
R15-02268,1430000,0
R15-02269,70680000,300000
R15-02270,2180000,0
R15-02271,130930000,300000
R15-02272,16950000,40000
R15-02273,116930000,300000
R15-02274,38920000,150000
R15-02275,13800000,40000
R15-02276,17210000,40000
R15-02277,46140000,150000
R15-02278,46510000,150000
R15-02279,13380000,40000
R15-02280,35890000,150000
R15-02281,26760000,60000
R15-02282,13100000,40000
R15-02283,66590000,150000
R15-02284,91580000,300000
R15-02285,15990000,40000
R15-02286,55760000,150000
R15-02287,61380000,150000
R15-02288,23000000,60000
R15-02289,72210000,300000
R15-02290,61420000,150000
R15-02291,4400000,0
R15-02292,22090000,60000
R15-02293,520000,0
R15-02294,24910000,60000
R15-02295,62870000,150000
R15-02296,31390000,60000
R15-02297,95160000,300000
R15-02298,830000,0
R15-02299,96000000,300000
R15-02300,34020000,150000
R15-02301,50860000,150000
R15-02302,61940000,150000
R15-02303,12880000,40000
R15-02304,72960000,300000
R15-02305,4850000,0
R15-02306,96640000,300000
R15-02307,34920000,150000
R15-02308,128280000,300000
R15-02309,54030000,150000
R15-02310,4220000,0
R15-02311,81680000,300000
R15-02312,33650000,150000
R15-02313,14210000,40000
R15-02314,25480000,60000
R15-02315,14330000,40000
R15-02316,25030000,60000
R15-02317,96250000,300000
R15-02318,7260000,20000
R15-02319,64090000,150000
R15-02320,22990000,60000
R15-02321,26190000,60000
R15-02322,25330000,60000
R15-02323,22120000,60000
R15-02324,35500000,150000
R15-02325,98870000,300000
R15-02326,1920000,0
R15-02327,11810000,40000
R15-02328,35340000,150000
R15-02329,24260000,60000
R15-02330,75360000,300000
R15-02331,48010000,150000
R15-02332,92280000,300000
R15-02333,1640000,0
R15-02334,68380000,300000
R15-02335,62790000,150000
R15-02336,26530000,60000
R15-02337,36490000,150000
R15-02338,60800000,150000
R15-02339,35170000,150000
R15-02340,6960000,20000
R15-02341,25690000,60000
R15-02342,51870000,150000
R15-02343,44330000,150000
R15-02344,23210000,60000
R15-02345,6410000,20000
R15-02346,117080000,300000
R15-02347,24860000,60000
R15-02348,44380000,150000
R15-02349,13970000,40000
R15-02350,3430000,0
R15-02351,24770000,60000
R15-02352,1900000,0
R15-02353,62720000,150000
R15-02354,2430000,0
R15-02355,12230000,40000
R15-02356,23730000,60000
R15-02357,2460000,0
R15-02358,3000000,0
R15-02359,25320000,60000
R15-02360,14640000,40000
R15-02361,6790000,20000
R15-02362,26050000,60000
R15-02363,81550000,300000
R15-02364,82390000,300000
R15-02365,35440000,150000
R15-02366,26090000,60000
R15-02367,52940000,150000
R15-02368,24460000,60000
R15-02369,56240000,150000
R15-02370,102090000,300000
R15-02371,34600000,150000
R15-02372,58310000,150000
R15-02373,17130000,40000
R15-02374,87910000,300000
R15-02375,64760000,150000
R15-02376,24580000,60000
R15-02377,92920000,300000
R15-02378,72920000,300000
R15-02379,44290000,150000
R15-02380,80390000,300000
R15-02381,21770000,60000
R15-02382,75170000,300000
R15-02383,23010000,60000
R15-02384,93180000,300000
R15-02385,66350000,150000
R15-02386,103530000,300000
R15-02387,44030000,150000
R15-02388,124780000,300000
R15-02389,53590000,150000
R15-02390,22440000,60000
R15-02391,44190000,150000
R15-02392,25040000,60000
R15-02393,84360000,300000
R15-02394,13640000,40000
R15-02395,61570000,150000
R15-02396,11330000,40000
R15-02397,44830000,150000
R15-02398,21420000,60000
R15-02399,1940000,0
R15-02400,1850000,0
R15-02401,47470000,150000
R15-02402,62760000,150000
R15-02403,66140000,150000
R15-02404,21710000,60000
R15-02405,50900000,150000
R15-02406,15920000,40000
R15-02407,36440000,150000
R15-02408,61350000,150000
R15-02409,4080000,0
R15-02410,52710000,150000
R15-02411,91680000,300000
R15-02412,45430000,150000
R15-02413,57190000,150000
R15-02414,53230000,150000
R15-02415,23750000,60000
R15-02416,52040000,150000
R15-02417,3200000,0
R15-02418,24540000,60000
R15-02419,72970000,300000
R15-02420,8620000,20000
R15-02421,72070000,300000
R15-02422,48400000,150000
R15-02423,16330000,40000
R15-02424,12350000,40000
R15-02425,28260000,60000
R15-02426,81010000,300000
R15-02427,61460000,150000
R15-02428,67110000,300000
R15-02429,26830000,60000
R15-02430,16220000,40000
R15-02431,41660000,150000
R15-02432,74960000,300000
R15-02433,33600000,150000
R15-02434,3620000,0
R15-02435,24520000,60000
R15-02436,33700000,150000
R15-02437,44860000,150000
R15-02438,83100000,300000
R15-02439,12910000,40000
R15-02440,121750000,300000
R15-02441,93720000,300000
R15-02442,14780000,40000
R15-02443,11600000,40000
R15-02444,3320000,0
R15-02445,57910000,150000
R15-02446,31520000,60000
R15-02447,45620000,150000
R15-02448,1330000,0
R15-02449,5150000,20000
R15-02450,102530000,300000
R15-02451,47510000,150000
R15-02452,105420000,300000
R15-02453,120960000,300000
R15-02454,56150000,150000
R15-02455,75340000,300000
R15-02456,15970000,40000
R15-02457,51190000,150000
R15-02458,19060000,40000
R15-02459,91550000,300000
R15-02460,16910000,40000
R15-02461,12740000,40000
R15-02462,82460000,300000
R15-02463,22370000,60000
R15-02464,21790000,60000
R15-02465,5070000,20000
R15-02466,52830000,150000
R15-02467,23210000,60000
R15-02468,37830000,150000
R15-02469,3760000,0
R15-02470,12940000,40000
R15-02471,72070000,300000
R15-02472,4680000,0
R15-02473,5680000,20000
R15-02474,26190000,60000
R15-02475,72680000,300000
R15-02476,17310000,40000
R15-02477,4090000,0
R15-02478,24470000,60000
R15-02479,45770000,150000
R15-02480,32860000,60000
R15-02481,52000000,150000
R15-02482,56370000,150000
R15-02483,41050000,150000
R15-02484,4500000,0
R15-02485,13050000,40000
R15-02486,97610000,300000
R15-02487,56760000,150000
R15-02488,11880000,40000
R15-02489,47400000,150000
R15-02490,145510000,600000
R15-02491,23690000,60000
R15-02492,13660000,40000
R15-02493,26430000,60000
R15-02494,2010000,0
R15-02495,87270000,300000
R15-02496,112600000,300000
R15-02497,32040000,60000
R15-02498,2710000,0
R15-02499,23400000,60000
R15-02500,65700000,150000
R15-02501,12350000,40000
R15-02502,104270000,300000
R15-02503,28080000,60000
R15-02504,113020000,300000
R15-02505,52550000,150000
R15-02506,81790000,300000
R15-02507,14040000,40000
R15-02508,33220000,60000
R15-02509,14160000,40000
R15-02510,11380000,40000
R15-02511,43430000,150000
R15-02512,11520000,40000
R15-02513,10890000,40000
R15-02514,8010000,20000
R15-02515,62420000,150000
R15-02516,1310000,0
R15-02517,1470000,0
R15-02518,43050000,150000
R15-02519,111730000,300000
R15-02520,80430000,300000
R15-02521,6000000,20000
R15-02522,55970000,150000
R15-02523,51370000,150000
R15-02524,34280000,150000
R15-02525,31940000,60000
R15-02526,64300000,150000
R15-02527,13370000,40000
R15-02528,27880000,60000
R15-02529,22600000,60000
R15-02530,103370000,300000
R15-02531,102640000,300000
R15-02532,53200000,150000
R15-02533,54480000,150000
R15-02534,12150000,40000
R15-02535,3210000,0
R15-02536,36040000,150000
R15-02537,1650000,0
R15-02538,141000000,600000
R15-02539,23790000,60000
R15-02540,17470000,40000
R15-02541,22760000,60000
R15-02542,2100000,0
R15-02543,31760000,60000
R15-02544,22660000,60000
R15-02545,3810000,0
R15-02546,44660000,150000
R15-02547,14500000,40000
R15-02548,34420000,150000
R15-02549,52560000,150000
R15-02550,13530000,40000
R15-02551,74020000,300000
R15-02552,45910000,150000
R15-02553,11160000,40000
R15-02554,10850000,40000
R15-02555,25090000,60000
R15-02556,36190000,150000
R15-02557,62710000,150000
R15-02558,4310000,0
R15-02559,54070000,150000
R15-02560,84090000,300000
R15-02561,17930000,40000
R15-02562,6160000,20000
R15-02563,65800000,150000
R15-02564,28450000,60000
R15-02565,31210000,60000
R15-02566,3210000,0
R15-02567,104030000,300000
R15-02568,62710000,150000
R15-02569,92730000,300000
R15-02570,35060000,150000
R15-02571,42110000,150000
R15-02572,3830000,0
R15-02573,31540000,60000
R15-02574,2580000,0
R15-02575,51610000,150000
R15-02576,116970000,300000
R15-02577,14190000,40000
R15-02578,83500000,300000
R15-02579,3930000,0
R15-02580,14660000,40000
R15-02581,26470000,60000
R15-02582,21750000,60000
R15-02583,81140000,300000
R15-02584,61290000,150000
R15-02585,1680000,0
R15-02586,32500000,60000
R15-02587,92340000,300000
R15-02588,44750000,150000
R15-02589,64200000,150000
R15-02590,30740000,60000
R15-02591,34570000,150000
R15-02592,96760000,300000
R15-02593,5600000,20000
R15-02594,3920000,0
R15-02595,7960000,20000
R15-02596,48420000,150000
R15-02597,46690000,150000
R15-02598,95910000,300000
R15-02599,32760000,60000
R15-02600,67140000,300000
R15-02601,66670000,300000
R15-02602,71960000,300000
R15-02603,132290000,300000
R15-02604,16200000,40000
R15-02605,76340000,300000
R15-02606,128420000,300000
R15-02607,124180000,300000
R15-02608,102830000,300000
R15-02609,6400000,20000
R15-02610,11890000,40000
R15-02611,79420000,300000
R15-02612,93350000,300000
R15-02613,54230000,150000
R15-02614,35230000,150000
R15-02615,31510000,60000
R15-02616,63970000,150000
R15-02617,73070000,300000
R15-02618,48610000,150000
R15-02619,93550000,300000
R15-02620,23880000,60000
R15-02621,53550000,150000
R15-02622,34670000,150000
R15-02623,13830000,40000
R15-02624,45630000,150000
R15-02625,73930000,300000
R15-02626,54090000,150000
R15-02627,64570000,150000
R15-02628,64320000,150000
R15-02629,31710000,60000
R15-02630,23640000,60000
R15-02631,42160000,150000
R15-02632,31490000,60000
R15-02633,31230000,60000
R15-02634,93460000,300000
R15-02635,20330000,60000
R15-02636,4980000,0
R15-02637,43910000,150000
R15-02638,31470000,60000
R15-02639,42040000,150000
R15-02640,12620000,40000
R15-02641,81890000,300000
R15-02642,31450000,60000
R15-02643,50980000,150000
R15-02644,22050000,60000
R15-02645,72730000,300000
R15-02646,74070000,300000
R15-02647,178620000,600000
R15-02648,46310000,150000
R15-02649,33340000,150000
R15-02650,66200000,150000
R15-02651,16820000,40000
R15-02652,30740000,60000
R15-02653,11880000,40000
R15-02654,111500000,300000
R15-02655,15670000,40000
R15-02656,54390000,150000
R15-02657,8910000,20000
R15-02658,16200000,40000
R15-02659,35020000,150000
R15-02660,28590000,60000
R15-02661,13540000,40000
R15-02662,1820000,0
R15-02663,34920000,150000
R15-02664,103380000,300000
R15-02665,38540000,150000
R15-02666,41810000,150000
R15-02667,32950000,60000
R15-02668,12650000,40000
R15-02669,34750000,150000
R15-02670,2150000,0
R15-02671,31680000,60000
R15-02672,112880000,300000
R15-02673,6600000,20000
R15-02674,25490000,60000
R15-02675,22810000,60000
R15-02676,42620000,150000
R15-02677,22830000,60000
R15-02678,25290000,60000
R15-02679,36730000,150000
R15-02680,52210000,150000
R15-02681,40990000,150000
R15-02682,78400000,300000
R15-02683,6820000,20000
R15-02684,96760000,300000
R15-02685,45350000,150000
R15-02686,12200000,40000
R15-02687,1000000,0
R15-02688,44470000,150000
R15-02689,43610000,150000
R15-02690,115590000,300000
R15-02691,3210000,0
R15-02692,107330000,300000
R15-02693,61080000,150000
R15-02694,58770000,150000
R15-02695,45470000,150000
R15-02696,70690000,300000
R15-02697,102270000,300000
R15-02698,21970000,60000
R15-02699,38870000,150000
R15-02700,12950000,40000
R15-02701,5380000,20000
R15-02702,52060000,150000
R15-02703,27460000,60000
R15-02704,68880000,300000
R15-02705,64030000,150000
R15-02706,31300000,60000
R15-02707,32890000,60000
R15-02708,8110000,20000
R15-02709,54590000,150000
R15-02710,45010000,150000
R15-02711,73480000,300000
R15-02712,38470000,150000
R15-02713,51650000,150000
R15-02714,42830000,150000
R15-02715,104760000,300000
R15-02716,32720000,60000
R15-02717,35070000,150000
R15-02718,14490000,40000
R15-02719,56690000,150000
R15-02720,84010000,300000
R15-02721,15950000,40000
R15-02722,2130000,0
R15-02723,52260000,150000
R15-02724,97990000,300000
R15-02725,37520000,150000
R15-02726,51230000,150000
R15-02727,22850000,60000
R15-02728,3420000,0
R15-02729,111830000,300000
R15-02730,92340000,300000
R15-02731,58340000,150000
R15-02732,5410000,20000
R15-02733,75650000,300000
R15-02734,145830000,600000
R15-02735,71590000,300000
R15-02736,9200000,20000
R15-02737,23120000,60000
R15-02738,33860000,150000
R15-02739,14420000,40000
R15-02740,38110000,150000
R15-02741,82890000,300000
R15-02742,82590000,300000
R15-02743,31240000,60000
R15-02744,70450000,300000
R15-02745,23350000,60000
R15-02746,31420000,60000
R15-02747,42160000,150000
R15-02748,42400000,150000
R15-02749,72240000,300000
R15-02750,125850000,300000
R15-02751,84290000,300000
R15-02752,21400000,60000
R15-02753,1720000,0
R15-02754,16340000,40000
R15-02755,27650000,60000
R15-02756,97140000,300000
R15-02757,55200000,150000
R15-02758,32660000,60000
R15-02759,13110000,40000
R15-02760,62590000,150000
R15-02761,44130000,150000
R15-02762,4490000,0
R15-02763,2170000,0
R15-02764,111640000,300000
R15-02765,43980000,150000
R15-02766,56900000,150000
R15-02767,52380000,150000
R15-02768,39460000,150000
R15-02769,51880000,150000
R15-02770,32130000,60000
R15-02771,42830000,150000
R15-02772,2760000,0
R15-02773,5800000,20000
R15-02774,94670000,300000
R15-02775,125880000,300000
R15-02776,25650000,60000
R15-02777,225290000,1000000
R15-02778,15340000,40000
R15-02779,36200000,150000
R15-02780,52390000,150000
R15-02781,17340000,40000
R15-02782,2880000,0
R15-02783,35590000,150000
R15-02784,86080000,300000
R15-02785,95240000,300000
R15-02786,21510000,60000
R15-02787,5640000,20000
R15-02788,11700000,40000
R15-02789,80770000,300000
R15-02790,30750000,60000
R15-02791,53090000,150000
R15-02792,12680000,40000
R15-02793,55760000,150000
R15-02794,20500000,60000
R15-02795,1260000,0
R15-02796,32020000,60000
R15-02797,23140000,60000
R15-02798,5530000,20000
R15-02799,33580000,150000
R15-02800,47460000,150000
R15-02801,39040000,150000
R15-02802,23210000,60000
R15-02803,53450000,150000
R15-02804,18630000,40000
R15-02805,86290000,300000
R15-02806,24050000,60000
R15-02807,4190000,0
R15-02808,51810000,150000
R15-02809,63120000,150000
R15-02810,54040000,150000
R15-02811,32050000,60000
R15-02812,62350000,150000
R15-02813,44520000,150000
R15-02814,5260000,20000
R15-02815,31040000,60000
R15-02816,1770000,0
R15-02817,33770000,150000
R15-02818,9190000,20000
R15-02819,11660000,40000
R15-02820,83860000,300000
R15-02821,50630000,150000
R15-02822,4710000,0
R15-02823,40640000,150000
R15-02824,15700000,40000
R15-02825,66530000,150000
R15-02826,112940000,300000
R15-02827,50690000,150000
R15-02828,23190000,60000
R15-02829,21550000,60000
R15-02830,96120000,300000
R15-02831,42390000,150000
R15-02832,93560000,300000
R15-02833,22540000,60000
R15-02834,52260000,150000
R15-02835,23320000,60000
R15-02836,44480000,150000
R15-02837,3160000,0
R15-02838,37050000,150000
R15-02839,2310000,0
R15-02840,20840000,60000
R15-02841,6420000,20000
R15-02842,34050000,150000
R15-02843,53290000,150000
R15-02844,28350000,60000
R15-02845,1230000,0
R15-02846,71110000,300000
R15-02847,71980000,300000
R15-02848,93830000,300000
R15-02849,35550000,150000
R15-02850,102010000,300000
R15-02851,9200000,20000
R15-02852,122190000,300000
R15-02853,54620000,150000
R15-02854,26840000,60000
R15-02855,102110000,300000
R15-02856,21630000,60000
R15-02857,46040000,150000
R15-02858,16300000,40000
R15-02859,74590000,300000
R15-02860,1280000,0
R15-02861,53540000,150000
R15-02862,16670000,40000
R15-02863,37480000,150000
R15-02864,22290000,60000
R15-02865,61200000,150000
R15-02866,23370000,60000
R15-02867,56270000,150000
R15-02868,54690000,150000
R15-02869,21740000,60000
R15-02870,15770000,40000
R15-02871,124150000,300000
R15-02872,54770000,150000
R15-02873,72330000,300000
R15-02874,62850000,150000
R15-02875,52500000,150000
R15-02876,20960000,60000
R15-02877,65400000,150000
R15-02878,31150000,60000
R15-02879,95890000,300000
R15-02880,18430000,40000
R15-02881,42840000,150000
R15-02882,26620000,60000
R15-02883,25560000,60000
R15-02884,23610000,60000
R15-02885,25780000,60000
R15-02886,34420000,150000
R15-02887,21470000,60000
R15-02888,60830000,150000
R15-02889,60860000,150000
R15-02890,112480000,300000
R15-02891,25190000,60000
R15-02892,25330000,60000
R15-02893,54830000,150000
R15-02894,67230000,300000
R15-02895,91990000,300000
R15-02896,51250000,150000
R15-02897,13850000,40000
R15-02898,103080000,300000
R15-02899,32060000,60000
R15-02900,27020000,60000
R15-02901,74350000,300000
R15-02902,94760000,300000
R15-02903,84230000,300000
R15-02904,53800000,150000
R15-02905,12530000,40000
R15-02906,21220000,60000
R15-02907,42010000,150000
R15-02908,22410000,60000
R15-02909,67450000,300000
R15-02910,53010000,150000
R15-02911,105510000,300000
R15-02912,52330000,150000
R15-02913,19100000,40000
R15-02914,20370000,60000
R15-02915,34270000,150000
R15-02916,700000,0
R15-02917,2340000,0
R15-02918,128080000,300000
R15-02919,53520000,150000
R15-02920,36200000,150000
R15-02921,6980000,20000
R15-02922,26590000,60000
R15-02923,159760000,600000
R15-02924,5270000,20000
R15-02925,95150000,300000
R15-02926,6460000,20000
R15-02927,68210000,300000
R15-02928,57590000,150000
R15-02929,85560000,300000
R15-02930,2070000,0
R15-02931,53860000,150000
R15-02932,1760000,0
R15-02933,93630000,300000
R15-02934,46380000,150000
R15-02935,23600000,60000
R15-02936,23320000,60000
R15-02937,4400000,0
R15-02938,63190000,150000
R15-02939,17660000,40000
R15-02940,58310000,150000
R15-02941,50710000,150000
R15-02942,26900000,60000
R15-02943,3380000,0
R15-02944,55530000,150000
R15-02945,92130000,300000
R15-02946,75570000,300000
R15-02947,77310000,300000
R15-02948,72020000,300000
R15-02949,68270000,300000
R15-02950,21440000,60000
R15-02951,1670000,0
R15-02952,850000,0
R15-02953,36210000,150000
R15-02954,16910000,40000
R15-02955,62060000,150000
R15-02956,69300000,300000
R15-02957,64510000,150000
R15-02958,810000,0
R15-02959,21970000,60000
R15-02960,14400000,40000
R15-02961,17680000,40000
R15-02962,21010000,60000
R15-02963,6150000,20000
R15-02964,25640000,60000
R15-02965,21970000,60000
R15-02966,54140000,150000
R15-02967,53350000,150000
R15-02968,65370000,150000
R15-02969,61370000,150000
R15-02970,15200000,40000
R15-02971,50800000,150000
R15-02972,51790000,150000
R15-02973,33710000,150000
R15-02974,2030000,0
R15-02975,570000,0
R15-02976,32020000,60000
R15-02977,3620000,0
R15-02978,32490000,60000
R15-02979,32550000,60000
R15-02980,7350000,20000
R15-02981,143060000,600000
R15-02982,2650000,0
R15-02983,21190000,60000
R15-02984,44390000,150000
R15-02985,21360000,60000
R15-02986,95760000,300000
R15-02987,6310000,20000
R15-02988,21340000,60000
R15-02989,51120000,150000
R15-02990,11950000,40000
R15-02991,13460000,40000
R15-02992,16320000,40000
R15-02993,6390000,20000
R15-02994,35290000,150000
R15-02995,3030000,0
R15-02996,6090000,20000
R15-02997,72740000,300000
R15-02998,12940000,40000
R15-02999,52000000,150000
R15-03000,109320000,300000
R15-03001,23820000,60000
R15-03002,51600000,150000
R15-03003,61930000,150000
R15-03004,72260000,300000
R15-03005,76950000,300000
R15-03006,7580000,20000
R15-03007,17310000,40000
R15-03008,51140000,150000
R15-03009,33880000,150000
R15-03010,63250000,150000
R15-03011,99050000,300000
R15-03012,37020000,150000
R15-03013,77490000,300000
R15-03014,3240000,0
R15-03015,90920000,300000
R15-03016,5090000,20000
R15-03017,14000000,40000
R15-03018,25480000,60000
R15-03019,33020000,60000
R15-03020,76970000,300000
R15-03021,24090000,60000
R15-03022,53320000,150000
R15-03023,46860000,150000
R15-03024,25140000,60000
R15-03025,32500000,60000
R15-03026,7510000,20000
R15-03027,14470000,40000
R15-03028,134090000,600000
R15-03029,31100000,60000
R15-03030,23130000,60000
R15-03031,3430000,0
R15-03032,61590000,150000
R15-03033,3900000,0
R15-03034,23520000,60000
R15-03035,34630000,150000
R15-03036,53070000,150000
R15-03037,15990000,40000
R15-03038,12620000,40000
R15-03039,12040000,40000
R15-03040,29390000,60000
R15-03041,44450000,150000
R15-03042,22070000,60000
R15-03043,32190000,60000
R15-03044,3060000,0
R15-03045,25530000,60000
R15-03046,6660000,20000
R15-03047,3870000,0
R15-03048,66020000,150000
R15-03049,24530000,60000
R15-03050,41970000,150000
R15-03051,42950000,150000
R15-03052,37190000,150000
R15-03053,41960000,150000
R15-03054,32410000,60000
R15-03055,5210000,20000
R15-03056,28300000,60000
R15-03057,32550000,60000
R15-03058,41300000,150000
R15-03059,24320000,60000
R15-03060,13220000,40000
R15-03061,53040000,150000
R15-03062,34020000,150000
R15-03063,14690000,40000
R15-03064,32210000,60000
R15-03065,12700000,40000
R15-03066,21630000,60000
R15-03067,47610000,150000
R15-03068,41640000,150000
R15-03069,7150000,20000
R15-03070,26210000,60000
R15-03071,22460000,60000
R15-03072,15620000,40000
R15-03073,77620000,300000
R15-03074,21670000,60000
R15-03075,92430000,300000
R15-03076,2910000,0
R15-03077,53040000,150000
R15-03078,62000000,150000
R15-03079,18750000,40000
R15-03080,4580000,0
R15-03081,25110000,60000
R15-03082,94720000,300000
R15-03083,3430000,0
R15-03084,92920000,300000
R15-03085,2070000,0
R15-03086,22450000,60000
R15-03087,41180000,150000
R15-03088,28170000,60000
R15-03089,12350000,40000
R15-03090,5030000,20000
R15-03091,41250000,150000
R15-03092,10830000,40000
R15-03093,141780000,600000
R15-03094,32350000,60000
R15-03095,23810000,60000
R15-03096,26530000,60000
R15-03097,16190000,40000
R15-03098,5790000,20000
R15-03099,44500000,150000
R15-03100,3480000,0
R15-03101,32840000,60000
R15-03102,12020000,40000
R15-03103,41210000,150000
R15-03104,102830000,300000
R15-03105,33720000,150000
R15-03106,690000,0
R15-03107,4040000,0
R15-03108,35930000,150000
R15-03109,33620000,150000
R15-03110,42630000,150000
R15-03111,2900000,0
R15-03112,2160000,0
R15-03113,45220000,150000
R15-03114,41470000,150000
R15-03115,49140000,150000
R15-03116,82920000,300000
R15-03117,44150000,150000
R15-03118,2690000,0
R15-03119,53850000,150000
R15-03120,4270000,0
R15-03121,25830000,60000
R15-03122,41370000,150000
R15-03123,21560000,60000
R15-03124,101080000,300000
R15-03125,42400000,150000
R15-03126,68930000,300000
R15-03127,93740000,300000
R15-03128,23600000,60000
R15-03129,96920000,300000
R15-03130,10280000,40000
R15-03131,37470000,150000
R15-03132,11380000,40000
R15-03133,1900000,0
R15-03134,22180000,60000
R15-03135,26060000,60000
R15-03136,23530000,60000
R15-03137,34210000,150000
R15-03138,1940000,0
R15-03139,64380000,150000
R15-03140,62720000,150000
R15-03141,6260000,20000
R15-03142,172130000,600000
R15-03143,14570000,40000
R15-03144,51650000,150000
R15-03145,84250000,300000
R15-03146,50580000,150000
R15-03147,25480000,60000
R15-03148,65290000,150000
R15-03149,26450000,60000
R15-03150,64990000,150000
R15-03151,142890000,600000
R15-03152,73270000,300000
R15-03153,40680000,150000
R15-03154,32170000,60000
R15-03155,32080000,60000
R15-03156,62340000,150000
R15-03157,60410000,150000
R15-03158,11490000,40000
R15-03159,35720000,150000
R15-03160,18280000,40000
R15-03161,65500000,150000
R15-03162,6270000,20000
R15-03163,85570000,300000
R15-03164,52620000,150000
R15-03165,22930000,60000
R15-03166,4070000,0
R15-03167,36290000,150000
R15-03168,93740000,300000
R15-03169,10460000,40000
R15-03170,2040000,0
R15-03171,15010000,40000
R15-03172,18510000,40000
R15-03173,27410000,60000
R15-03174,44700000,150000
R15-03175,52590000,150000
R15-03176,20290000,60000
R15-03177,22890000,60000
R15-03178,56030000,150000
R15-03179,81960000,300000
R15-03180,43910000,150000
R15-03181,110380000,300000
R15-03182,66010000,150000
R15-03183,94820000,300000
R15-03184,11480000,40000
R15-03185,81910000,300000
R15-03186,104380000,300000
R15-03187,55060000,150000
R15-03188,21930000,60000
R15-03189,53440000,150000
R15-03190,51680000,150000
R15-03191,13220000,40000
R15-03192,1250000,0
R15-03193,103490000,300000
R15-03194,3670000,0
R15-03195,111440000,300000
R15-03196,32340000,60000
R15-03197,52670000,150000
R15-03198,24630000,60000
R15-03199,134540000,600000
R15-03200,83880000,300000
R15-03201,1860000,0
R15-03202,154580000,600000
R15-03203,24710000,60000
R15-03204,24620000,60000
R15-03205,10670000,40000
R15-03206,3010000,0
R15-03207,53080000,150000
R15-03208,3750000,0
R15-03209,57750000,150000
R15-03210,112340000,300000
R15-03211,2580000,0
R15-03212,43380000,150000
R15-03213,90300000,300000
R15-03214,15000000,40000
R15-03215,10980000,40000
R15-03216,35020000,150000
R15-03217,46590000,150000
R15-03218,21380000,60000
R15-03219,2500000,0
R15-03220,71200000,300000
R15-03221,14940000,40000
R15-03222,44370000,150000
R15-03223,480000,0
R15-03224,5720000,20000
R15-03225,43550000,150000
R15-03226,12990000,40000
R15-03227,60890000,150000
R15-03228,32720000,60000
R15-03229,5070000,20000
R15-03230,2470000,0
R15-03231,72650000,300000
R15-03232,76760000,300000
R15-03233,33070000,60000
R15-03234,52780000,150000
R15-03235,95720000,300000
R15-03236,43900000,150000
R15-03237,53880000,150000
R15-03238,11530000,40000
R15-03239,92480000,300000
R15-03240,24690000,60000
R15-03241,11340000,40000
R15-03242,5630000,20000
R15-03243,53470000,150000
R15-03244,53300000,150000
R15-03245,10350000,40000
R15-03246,4360000,0
R15-03247,4550000,0
R15-03248,24140000,60000
R15-03249,90470000,300000
R15-03250,40940000,150000
R15-03251,1310000,0
R15-03252,50600000,150000
R15-03253,22380000,60000
R15-03254,101940000,300000
R15-03255,1160000,0
R15-03256,83960000,300000
R15-03257,73020000,300000
R15-03258,21880000,60000
R15-03259,143280000,600000
R15-03260,6180000,20000
R15-03261,54400000,150000
R15-03262,53090000,150000
R15-03263,3180000,0
R15-03264,51690000,150000
R15-03265,26840000,60000
R15-03266,26660000,60000
R15-03267,6110000,20000
R15-03268,22850000,60000
R15-03269,8610000,20000
R15-03270,21500000,60000
R15-03271,5550000,20000
R15-03272,24750000,60000
R15-03273,4070000,0
R15-03274,22040000,60000
R15-03275,75710000,300000
R15-03276,43170000,150000
R15-03277,14640000,40000
R15-03278,76650000,300000
R15-03279,10520000,40000
R15-03280,61120000,150000
R15-03281,73050000,300000
R15-03282,21640000,60000
R15-03283,2960000,0
R15-03284,60230000,150000
R15-03285,24230000,60000
R15-03286,25430000,60000
R15-03287,53040000,150000
R15-03288,35100000,150000
R15-03289,24940000,60000
R15-03290,107790000,300000
R15-03291,42530000,150000
R15-03292,24530000,60000
R15-03293,63480000,150000
R15-03294,14740000,40000
R15-03295,23460000,60000
R15-03296,43970000,150000
R15-03297,62910000,150000
R15-03298,21690000,60000
R15-03299,44840000,150000
R15-03300,84880000,300000
R15-03301,22630000,60000
R15-03302,33350000,150000
R15-03303,67060000,300000
R15-03304,5780000,20000
R15-03305,22010000,60000
R15-03306,31210000,60000
R15-03307,111240000,300000
R15-03308,5880000,20000
R15-03309,41540000,150000
R15-03310,63330000,150000
R15-03311,25420000,60000
R15-03312,44130000,150000
R15-03313,94180000,300000
R15-03314,33900000,150000
R15-03315,31880000,60000
R15-03316,35310000,150000
R15-03317,76690000,300000
R15-03318,13780000,40000
R15-03319,107560000,300000
R15-03320,72930000,300000
R15-03321,15300000,40000
R15-03322,61710000,150000
R15-03323,76170000,300000
R15-03324,43920000,150000
R15-03325,41630000,150000
R15-03326,30880000,60000
R15-03327,22260000,60000
R15-03328,65110000,150000
R15-03329,53790000,150000
R15-03330,34610000,150000
R15-03331,13250000,40000
R15-03332,4440000,0
R15-03333,55670000,150000
R15-03334,35350000,150000
R15-03335,64470000,150000
R15-03336,86280000,300000
R15-03337,92060000,300000
R15-03338,2170000,0
R15-03339,50090000,150000
R15-03340,1620000,0
R15-03341,23190000,60000
R15-03342,2670000,0
R15-03343,61150000,150000
R15-03344,84240000,300000
R15-03345,1810000,0
R15-03346,51590000,150000
R15-03347,82100000,300000
R15-03348,3330000,0
R15-03349,10700000,40000
R15-03350,44680000,150000
R15-03351,38680000,150000
R15-03352,31830000,60000
R15-03353,25070000,60000
R15-03354,104490000,300000
R15-03355,44070000,150000
R15-03356,50610000,150000
R15-03357,31520000,60000
R15-03358,860000,0
R15-03359,11870000,40000
R15-03360,22250000,60000
R15-03361,52190000,150000
R15-03362,2970000,0
R15-03363,39040000,150000
R15-03364,38750000,150000
R15-03365,17540000,40000
R15-03366,65120000,150000
R15-03367,24790000,60000
R15-03368,62100000,150000
R15-03369,42980000,150000
R15-03370,34790000,150000
R15-03371,14250000,40000
R15-03372,64580000,150000
R15-03373,33810000,150000
R15-03374,44600000,150000
R15-03375,72960000,300000
R15-03376,940000,0
R15-03377,87350000,300000
R15-03378,24240000,60000
R15-03379,11400000,40000
R15-03380,23850000,60000
R15-03381,31950000,60000
R15-03382,103300000,300000
R15-03383,85990000,300000
R15-03384,1790000,0
R15-03385,22970000,60000
R15-03386,66400000,150000
R15-03387,33510000,150000
R15-03388,41740000,150000
R15-03389,92130000,300000
R15-03390,6510000,20000
R15-03391,43100000,150000
R15-03392,92400000,300000
R15-03393,4180000,0
R15-03394,67830000,300000
R15-03395,28590000,60000
R15-03396,10580000,40000
R15-03397,70800000,300000
R15-03398,81410000,300000
R15-03399,51070000,150000
R15-03400,4390000,0
R15-03401,14150000,40000
R15-03402,1060000,0
R15-03403,61500000,150000
R15-03404,57730000,150000
R15-03405,20570000,60000
R15-03406,22610000,60000
R15-03407,3070000,0
R15-03408,20880000,60000
R15-03409,127790000,300000
R15-03410,68540000,300000
R15-03411,33320000,60000
R15-03412,54840000,150000
R15-03413,6790000,20000
R15-03414,46130000,150000
R15-03415,45800000,150000
R15-03416,46730000,150000
R15-03417,142140000,600000
R15-03418,71030000,300000
R15-03419,22490000,60000
R15-03420,55130000,150000
R15-03421,111040000,300000
R15-03422,32430000,60000
R15-03423,32260000,60000
R15-03424,102380000,300000
R15-03425,6930000,20000
R15-03426,45710000,150000
R15-03427,21710000,60000
R15-03428,63510000,150000
R15-03429,61920000,150000
R15-03430,17640000,40000
R15-03431,102210000,300000
R15-03432,92560000,300000
R15-03433,820000,0
R15-03434,85960000,300000
R15-03435,52320000,150000
R15-03436,4730000,0
R15-03437,44960000,150000
R15-03438,21860000,60000
R15-03439,83750000,300000
R15-03440,73050000,300000
R15-03441,71440000,300000
R15-03442,21080000,60000
R15-03443,7280000,20000
R15-03444,2420000,0
R15-03445,23380000,60000
R15-03446,92960000,300000
R15-03447,37160000,150000
R15-03448,56620000,150000
R15-03449,25780000,60000
R15-03450,23220000,60000
R15-03451,38420000,150000
R15-03452,15220000,40000
R15-03453,155690000,600000
R15-03454,62800000,150000
R15-03455,30820000,60000
R15-03456,15140000,40000
R15-03457,37520000,150000
R15-03458,14880000,40000
R15-03459,22430000,60000
R15-03460,3400000,0
R15-03461,67710000,300000
R15-03462,56900000,150000
R15-03463,16340000,40000
R15-03464,34150000,150000
R15-03465,3560000,0
R15-03466,6140000,20000
R15-03467,20530000,60000
R15-03468,55760000,150000
R15-03469,26750000,60000
R15-03470,22470000,60000
R15-03471,126790000,300000
R15-03472,64230000,150000
R15-03473,11810000,40000
R15-03474,63330000,150000
R15-03475,5130000,20000
R15-03476,24550000,60000
R15-03477,40640000,150000
R15-03478,66990000,300000
R15-03479,102790000,300000
R15-03480,43510000,150000
R15-03481,49350000,150000
R15-03482,32120000,60000
R15-03483,54560000,150000
R15-03484,23110000,60000
R15-03485,74930000,300000
R15-03486,14650000,40000
R15-03487,43470000,150000
R15-03488,63150000,150000
R15-03489,235640000,1000000
R15-03490,101320000,300000
R15-03491,30500000,60000
R15-03492,34570000,150000
R15-03493,26380000,60000
R15-03494,2520000,0
R15-03495,53590000,150000
R15-03496,14930000,40000
R15-03497,74090000,300000
R15-03498,15990000,40000
R15-03499,31770000,60000
R15-03500,22780000,60000
R15-03501,33530000,150000
R15-03502,65820000,150000
R15-03503,9550000,20000
R15-03504,8490000,20000
R15-03505,53900000,150000
R15-03506,21520000,60000
R15-03507,13030000,40000
R15-03508,73440000,300000
R15-03509,72610000,300000
R15-03510,33260000,60000
R15-03511,1760000,0
R15-03512,42680000,150000
R15-03513,3170000,0
R15-03514,84200000,300000
R15-03515,24160000,60000
R15-03516,51150000,150000
R15-03517,7120000,20000
R15-03518,42330000,150000
R15-03519,48280000,150000
R15-03520,2200000,0
R15-03521,13470000,40000
R15-03522,64240000,150000
R15-03523,2840000,0
R15-03524,172630000,600000
R15-03525,51310000,150000
R15-03526,22920000,60000
R15-03527,66290000,150000
R15-03528,34940000,150000
R15-03529,32700000,60000
R15-03530,5580000,20000
R15-03531,43650000,150000
R15-03532,55630000,150000
R15-03533,42380000,150000
R15-03534,37150000,150000
R15-03535,35810000,150000
R15-03536,61920000,150000
R15-03537,37050000,150000
R15-03538,43190000,150000
R15-03539,37090000,150000
R15-03540,56130000,150000
R15-03541,7090000,20000
R15-03542,24890000,60000
R15-03543,5690000,20000
R15-03544,125130000,300000
R15-03545,4790000,0
R15-03546,111840000,300000
R15-03547,13060000,40000
R15-03548,81030000,300000
R15-03549,45460000,150000
R15-03550,72340000,300000
R15-03551,71940000,300000
R15-03552,1520000,0
R15-03553,31860000,60000
R15-03554,910000,0
R15-03555,36620000,150000
R15-03556,8490000,20000
R15-03557,42390000,150000
R15-03558,93950000,300000
R15-03559,26730000,60000
R15-03560,78900000,300000
R15-03561,72870000,300000
R15-03562,122030000,300000
R15-03563,65390000,150000
R15-03564,10620000,40000
R15-03565,81180000,300000
R15-03566,51390000,150000
R15-03567,41720000,150000
R15-03568,4670000,0
R15-03569,61740000,150000
R15-03570,6510000,20000
R15-03571,32150000,60000
R15-03572,52590000,150000
R15-03573,66990000,300000
R15-03574,2080000,0
R15-03575,4520000,0
R15-03576,41580000,150000
R15-03577,52530000,150000
R15-03578,84160000,300000
R15-03579,52130000,150000
R15-03580,95460000,300000
R15-03581,57310000,150000
R15-03582,12980000,40000
R15-03583,8990000,20000
R15-03584,1080000,0
R15-03585,80350000,300000
R15-03586,133280000,300000
R15-03587,21670000,60000
R15-03588,31000000,60000
R15-03589,780000,0
R15-03590,80600000,300000
R15-03591,21530000,60000
R15-03592,102780000,300000
R15-03593,51860000,150000
R15-03594,14530000,40000
R15-03595,123770000,300000
R15-03596,14210000,40000
R15-03597,33430000,150000
R15-03598,2480000,0
R15-03599,2900000,0
R15-03600,43050000,150000
R15-03601,10990000,40000
R15-03602,96090000,300000
R15-03603,22840000,60000
R15-03604,21880000,60000
R15-03605,92110000,300000
R15-03606,32150000,60000
R15-03607,21970000,60000
R15-03608,22700000,60000
R15-03609,8470000,20000
R15-03610,87470000,300000
R15-03611,36790000,150000
R15-03612,82710000,300000
R15-03613,64350000,150000
R15-03614,34180000,150000
R15-03615,76250000,300000
R15-03616,45380000,150000
R15-03617,53360000,150000
R15-03618,7440000,20000
R15-03619,26100000,60000
R15-03620,24340000,60000
R15-03621,26640000,60000
R15-03622,57990000,150000
R15-03623,34780000,150000
R15-03624,23810000,60000
R15-03625,55370000,150000
R15-03626,21360000,60000
R15-03627,11680000,40000
R15-03628,95960000,300000
R15-03629,24270000,60000
R15-03630,1390000,0
R15-03631,57560000,150000
R15-03632,8660000,20000
R15-03633,12260000,40000
R15-03634,3530000,0
R15-03635,72450000,300000
R15-03636,11650000,40000
R15-03637,19010000,40000
R15-03638,50430000,150000
R15-03639,14890000,40000
R15-03640,61320000,150000
R15-03641,63620000,150000
R15-03642,52010000,150000
R15-03643,33690000,150000
R15-03644,72680000,300000
R15-03645,53550000,150000
R15-03646,34050000,150000
R15-03647,54270000,150000
R15-03648,13260000,40000
R15-03649,52620000,150000
R15-03650,82420000,300000
R15-03651,72850000,300000
R15-03652,31350000,60000
R15-03653,19180000,40000
R15-03654,220000,0
R15-03655,3130000,0
R15-03656,33890000,150000
R15-03657,65150000,150000
R15-03658,8920000,20000
R15-03659,52630000,150000
R15-03660,22100000,60000
R15-03661,5150000,20000
R15-03662,2550000,0
R15-03663,5570000,20000
R15-03664,31970000,60000
R15-03665,82850000,300000
R15-03666,13420000,40000
R15-03667,38500000,150000
R15-03668,85230000,300000
R15-03669,1870000,0
R15-03670,87640000,300000
R15-03671,13260000,40000
R15-03672,14280000,40000
R15-03673,28350000,60000
R15-03674,77940000,300000
R15-03675,7350000,20000
R15-03676,22470000,60000
R15-03677,5140000,20000
R15-03678,66200000,150000
R15-03679,280000,0
R15-03680,99350000,300000
R15-03681,73960000,300000
R15-03682,2950000,0
R15-03683,22470000,60000
R15-03684,12230000,40000
R15-03685,76740000,300000
R15-03686,27100000,60000
R15-03687,52700000,150000
R15-03688,2590000,0
R15-03689,42550000,150000
R15-03690,90740000,300000
R15-03691,76100000,300000
R15-03692,2990000,0
R15-03693,23210000,60000
R15-03694,35140000,150000
R15-03695,23660000,60000
R15-03696,36980000,150000
R15-03697,3820000,0
R15-03698,35620000,150000
R15-03699,11340000,40000
R15-03700,22420000,60000
R15-03701,84670000,300000
R15-03702,37840000,150000
R15-03703,118670000,300000
R15-03704,91420000,300000
R15-03705,81310000,300000
R15-03706,71130000,300000
R15-03707,21360000,60000
R15-03708,133540000,600000
R15-03709,2510000,0
R15-03710,51580000,150000
R15-03711,4700000,0
R15-03712,1570000,0
R15-03713,45290000,150000
R15-03714,2280000,0
R15-03715,42810000,150000
R15-03716,1010000,0
R15-03717,129390000,300000
R15-03718,40960000,150000
R15-03719,47040000,150000
R15-03720,48610000,150000
R15-03721,72260000,300000
R15-03722,96330000,300000
R15-03723,43500000,150000
R15-03724,116180000,300000
R15-03725,24360000,60000
R15-03726,6140000,20000
R15-03727,16370000,40000
R15-03728,63770000,150000
R15-03729,5230000,20000
R15-03730,34980000,150000
R15-03731,51200000,150000
R15-03732,2510000,0
R15-03733,1290000,0
R15-03734,57390000,150000
R15-03735,94900000,300000
R15-03736,23270000,60000
R15-03737,54920000,150000
R15-03738,93010000,300000
R15-03739,54670000,150000
R15-03740,52550000,150000
R15-03741,78060000,300000
R15-03742,3790000,0
R15-03743,27800000,60000
R15-03744,20710000,60000
R15-03745,31900000,60000
R15-03746,32780000,60000
R15-03747,30710000,60000
R15-03748,45550000,150000
R15-03749,52440000,150000
R15-03750,72790000,300000
R15-03751,72680000,300000
R15-03752,24400000,60000
R15-03753,21820000,60000
R15-03754,31240000,60000
R15-03755,64550000,150000
R15-03756,62170000,150000
R15-03757,90950000,300000
R15-03758,43110000,150000
R15-03759,43990000,150000
R15-03760,54340000,150000
R15-03761,14020000,40000
R15-03762,2980000,0
R15-03763,14320000,40000
R15-03764,11800000,40000
R15-03765,1400000,0
R15-03766,52510000,150000
R15-03767,30600000,60000
R15-03768,8400000,20000
R15-03769,75670000,300000
R15-03770,31850000,60000
R15-03771,21240000,60000
R15-03772,34530000,150000
R15-03773,3760000,0
R15-03774,12010000,40000
R15-03775,12450000,40000
R15-03776,33510000,150000
R15-03777,23640000,60000
R15-03778,46920000,150000
R15-03779,77530000,300000
R15-03780,33350000,150000
R15-03781,23790000,60000
R15-03782,52910000,150000
R15-03783,68810000,300000
R15-03784,33640000,150000
R15-03785,84920000,300000
R15-03786,11060000,40000
R15-03787,24000000,60000
R15-03788,33250000,60000
R15-03789,37360000,150000
R15-03790,10830000,40000
R15-03791,84920000,300000
R15-03792,1500000,0
R15-03793,35220000,150000
R15-03794,3270000,0
R15-03795,36720000,150000
R15-03796,22570000,60000
R15-03797,11700000,40000
R15-03798,47840000,150000
R15-03799,23180000,60000
R15-03800,56310000,150000
R15-03801,23430000,60000
R15-03802,27160000,60000
R15-03803,57550000,150000
R15-03804,55550000,150000
R15-03805,24930000,60000
R15-03806,5380000,20000
R15-03807,40360000,150000
R15-03808,76690000,300000
R15-03809,82170000,300000
R15-03810,14410000,40000
R15-03811,27620000,60000
R15-03812,32740000,60000
R15-03813,62210000,150000
R15-03814,5220000,20000
R15-03815,63960000,150000
R15-03816,14620000,40000
R15-03817,23560000,60000
R15-03818,84420000,300000
R15-03819,4590000,0
R15-03820,22060000,60000
R15-03821,2690000,0
R15-03822,25250000,60000
R15-03823,122070000,300000
R15-03824,1030000,0
R15-03825,12310000,40000
R15-03826,1560000,0
R15-03827,131680000,300000
R15-03828,81370000,300000
R15-03829,11220000,40000
R15-03830,21620000,60000
R15-03831,31740000,60000
R15-03832,72730000,300000
R15-03833,12540000,40000
R15-03834,102940000,300000
R15-03835,57480000,150000
R15-03836,63550000,150000
R15-03837,54970000,150000
R15-03838,112950000,300000
R15-03839,26170000,60000
R15-03840,16320000,40000
R15-03841,72700000,300000
R15-03842,27070000,60000
R15-03843,31840000,60000
R15-03844,107440000,300000
R15-03845,106890000,300000
R15-03846,42890000,150000
R15-03847,136340000,600000
R15-03848,4690000,0
R15-03849,34080000,150000
R15-03850,2190000,0
R15-03851,11510000,40000
R15-03852,14700000,40000
R15-03853,1660000,0
R15-03854,52380000,150000
R15-03855,41780000,150000
R15-03856,40090000,150000
R15-03857,33700000,150000
R15-03858,36430000,150000
R15-03859,52240000,150000
R15-03860,36560000,150000
R15-03861,13840000,40000
R15-03862,21670000,60000
R15-03863,16340000,40000
R15-03864,15050000,40000
R15-03865,105490000,300000
R15-03866,63530000,150000
R15-03867,3240000,0
R15-03868,13660000,40000
R15-03869,53990000,150000
R15-03870,2960000,0
R15-03871,31620000,60000
R15-03872,2760000,0
R15-03873,26110000,60000
R15-03874,13570000,40000
R15-03875,20750000,60000
R15-03876,14120000,40000
R15-03877,66250000,150000
R15-03878,64890000,150000
R15-03879,82970000,300000
R15-03880,61840000,150000
R15-03881,13190000,40000
R15-03882,88040000,300000
R15-03883,70610000,300000
R15-03884,35100000,150000
R15-03885,18130000,40000
R15-03886,62860000,150000
R15-03887,11150000,40000
R15-03888,32890000,60000
R15-03889,23130000,60000
R15-03890,51630000,150000
R15-03891,95450000,300000
R15-03892,67100000,300000
R15-03893,26250000,60000
R15-03894,42600000,150000
R15-03895,111410000,300000
R15-03896,52780000,150000
R15-03897,45020000,150000
R15-03898,31370000,60000
R15-03899,14810000,40000
R15-03900,152440000,600000
R15-03901,13150000,40000
R15-03902,20870000,60000
R15-03903,2120000,0
R15-03904,45270000,150000
R15-03905,62730000,150000
R15-03906,38700000,150000
R15-03907,41760000,150000
R15-03908,86150000,300000
R15-03909,6920000,20000
R15-03910,87030000,300000
R15-03911,65400000,150000
R15-03912,61150000,150000
R15-03913,74630000,300000
R15-03914,62290000,150000
R15-03915,80810000,300000
R15-03916,37450000,150000
R15-03917,11700000,40000
R15-03918,55160000,150000
R15-03919,34970000,150000
R15-03920,92170000,300000
R15-03921,41660000,150000
R15-03922,23320000,60000
R15-03923,4160000,0
R15-03924,23800000,60000
R15-03925,14890000,40000
R15-03926,44570000,150000
R15-03927,22620000,60000
R15-03928,25250000,60000
R15-03929,23020000,60000
R15-03930,11200000,40000
R15-03931,42750000,150000
R15-03932,16920000,40000
R15-03933,26190000,60000
R15-03934,12380000,40000
R15-03935,52390000,150000
R15-03936,43440000,150000
R15-03937,5720000,20000
R15-03938,63800000,150000
R15-03939,2240000,0
R15-03940,62380000,150000
R15-03941,106800000,300000
R15-03942,67290000,300000
R15-03943,42220000,150000
R15-03944,64470000,150000
R15-03945,36520000,150000
R15-03946,47980000,150000
R15-03947,27540000,60000
R15-03948,48200000,150000
R15-03949,45420000,150000
R15-03950,36730000,150000
R15-03951,21530000,60000
R15-03952,13130000,40000
R15-03953,61260000,150000
R15-03954,61010000,150000
R15-03955,21970000,60000
R15-03956,72550000,300000
R15-03957,62970000,150000
R15-03958,24040000,60000
R15-03959,26580000,60000
R15-03960,26160000,60000
R15-03961,1580000,0
R15-03962,45610000,150000
R15-03963,47430000,150000
R15-03964,65330000,150000
R15-03965,73520000,300000
R15-03966,36920000,150000
R15-03967,132170000,300000
R15-03968,21890000,60000
R15-03969,43340000,150000
R15-03970,44250000,150000
R15-03971,14170000,40000
R15-03972,12280000,40000
R15-03973,27640000,60000
R15-03974,12870000,40000
R15-03975,62590000,150000
R15-03976,32750000,60000
R15-03977,32660000,60000
R15-03978,34270000,150000
R15-03979,48490000,150000
R15-03980,82460000,300000
R15-03981,106750000,300000
R15-03982,27840000,60000
R15-03983,36030000,150000
R15-03984,25860000,60000
R15-03985,14180000,40000
R15-03986,56610000,150000
R15-03987,26600000,60000
R15-03988,14830000,40000
R15-03989,21790000,60000
R15-03990,52450000,150000
R15-03991,76630000,300000
R15-03992,13590000,40000
R15-03993,26910000,60000
R15-03994,22410000,60000
R15-03995,33600000,150000
R15-03996,42610000,150000
R15-03997,86630000,300000
R15-03998,5940000,20000
R15-03999,3240000,0
R15-04000,21440000,60000
R15-04001,71490000,300000
R15-04002,52750000,150000
R15-04003,40800000,150000
R15-04004,21720000,60000
R15-04005,65710000,150000
R15-04006,43690000,150000
R15-04007,51920000,150000
R15-04008,72270000,300000
R15-04009,20880000,60000
R15-04010,64710000,150000
R15-04011,52750000,150000
R15-04012,85840000,300000
R15-04013,92750000,300000
R15-04014,18130000,40000
R15-04015,14050000,40000
R15-04016,51340000,150000
R15-04017,36390000,150000
R15-04018,81850000,300000
R15-04019,64810000,150000
R15-04020,41290000,150000
R15-04021,42100000,150000
R15-04022,105820000,300000
R15-04023,17150000,40000
R15-04024,22560000,60000
R15-04025,11670000,40000
R15-04026,13830000,40000
R15-04027,4160000,0
R15-04028,66230000,150000
R15-04029,66940000,300000
R15-04030,113270000,300000
R15-04031,12310000,40000
R15-04032,94010000,300000
R15-04033,37720000,150000
R15-04034,23390000,60000
R15-04035,21060000,60000
R15-04036,7980000,20000
R15-04037,44010000,150000
R15-04038,132880000,300000
R15-04039,86040000,300000
R15-04040,15830000,40000
R15-04041,82060000,300000
R15-04042,81760000,300000
R15-04043,11990000,40000
R15-04044,87050000,300000
R15-04045,91670000,300000
R15-04046,65040000,150000
R15-04047,145190000,600000
R15-04048,2740000,0
R15-04049,31920000,60000
R15-04050,45580000,150000
R15-04051,2000000,0
R15-04052,13820000,40000
R15-04053,52910000,150000
R15-04054,22320000,60000
R15-04055,61760000,150000
R15-04056,22470000,60000
R15-04057,52690000,150000
R15-04058,42160000,150000
R15-04059,21520000,60000
R15-04060,60990000,150000
R15-04061,52850000,150000
R15-04062,4070000,0
R15-04063,46900000,150000
R15-04064,44450000,150000
R15-04065,2800000,0
R15-04066,85060000,300000
R15-04067,52040000,150000
R15-04068,42150000,150000
R15-04069,71610000,300000
R15-04070,24670000,60000
R15-04071,42550000,150000
R15-04072,22860000,60000
R15-04073,4430000,0
R15-04074,53650000,150000
R15-04075,12830000,40000
R15-04076,11850000,40000
R15-04077,11130000,40000
R15-04078,21880000,60000
R15-04079,44010000,150000
R15-04080,33080000,60000
R15-04081,32080000,60000
R15-04082,33930000,150000
R15-04083,21160000,60000
R15-04084,2570000,0
R15-04085,12250000,40000
R15-04086,21540000,60000
R15-04087,11220000,40000
R15-04088,32650000,60000
R15-04089,2090000,0
R15-04090,21240000,60000
R15-04091,50690000,150000
R15-04092,2160000,0
R15-04093,113470000,300000
R15-04094,3070000,0
R15-04095,3570000,0
R15-04096,54970000,150000
R15-04097,23290000,60000
R15-04098,51420000,150000
R15-04099,42830000,150000
R15-04100,22700000,60000
R15-04101,65570000,150000
R15-04102,2640000,0
R15-04103,22960000,60000
R15-04104,73390000,300000
R15-04105,61010000,150000
R15-04106,57920000,150000
R15-04107,46600000,150000
R15-04108,45010000,150000
R15-04109,81250000,300000
R15-04110,112460000,300000
R15-04111,43640000,150000
R15-04112,2710000,0
R15-04113,42090000,150000
R15-04114,89390000,300000
R15-04115,41720000,150000
R15-04116,34390000,150000
R15-04117,111420000,300000
R15-04118,23190000,60000
R15-04119,54640000,150000
R15-04120,94610000,300000
R15-04121,22580000,60000
R15-04122,15180000,40000
R15-04123,117740000,300000
R15-04124,72400000,300000
R15-04125,52960000,150000
R15-04126,65160000,150000
R15-04127,65280000,150000
R15-04128,61910000,150000
R15-04129,6250000,20000
R15-04130,31590000,60000
R15-04131,94660000,300000
R15-04132,64180000,150000
R15-04133,24220000,60000
R15-04134,71790000,300000
R15-04135,26470000,60000
R15-04136,2200000,0
R15-04137,143100000,600000
R15-04138,14120000,40000
R15-04139,21470000,60000
R15-04140,53640000,150000
R15-04141,26190000,60000
R15-04142,65280000,150000
R15-04143,7450000,20000
R15-04144,13050000,40000
R15-04145,51050000,150000
R15-04146,11890000,40000
R15-04147,82300000,300000
R15-04148,35650000,150000
R15-04149,22040000,60000
R15-04150,8320000,20000
R15-04151,24220000,60000
R15-04152,3300000,0
R15-04153,62730000,150000
R15-04154,51670000,150000
R15-04155,2480000,0
R15-04156,4930000,0
R15-04157,41920000,150000
R15-04158,57120000,150000
R15-04159,23010000,60000
R15-04160,41490000,150000
R15-04161,21990000,60000
R15-04162,4130000,0
R15-04163,78570000,300000
R15-04164,3800000,0
R15-04165,102730000,300000
R15-04166,3530000,0
R15-04167,35160000,150000
R15-04168,43210000,150000
R15-04169,21600000,60000
R15-04170,102080000,300000
R15-04171,64200000,150000
R15-04172,78100000,300000
R15-04173,27970000,60000
