고객ID,타사이전금액,혜택금액
R07-00000,5810000,20000
R07-00001,54350000,150000
R07-00002,3420000,0
R07-00003,88010000,300000
R07-00004,25660000,60000
R07-00005,25170000,60000
R07-00006,102040000,300000
R07-00007,53330000,150000
R07-00008,25950000,60000
R07-00009,54830000,150000
R07-00010,16980000,40000
R07-00011,72180000,300000
R07-00012,22960000,60000
R07-00013,2790000,0
R07-00014,62480000,150000
R07-00015,21770000,60000
R07-00016,5760000,20000
R07-00017,96420000,300000
R07-00018,11090000,40000
R07-00019,30330000,60000
R07-00020,81960000,300000
R07-00021,17130000,40000
R07-00022,82460000,300000
R07-00023,124760000,300000
R07-00024,82100000,300000
R07-00025,12960000,40000
R07-00026,71790000,300000
R07-00027,34030000,150000
R07-00028,16770000,40000
R07-00029,32130000,60000
R07-00030,74730000,300000
R07-00031,87950000,300000
R07-00032,106790000,300000
R07-00033,33930000,150000
R07-00034,71540000,300000
R07-00035,133530000,600000
R07-00036,22320000,60000
R07-00037,26500000,60000
R07-00038,45580000,150000
R07-00039,35390000,150000
R07-00040,116300000,300000
R07-00041,14890000,40000
R07-00042,23480000,60000
R07-00043,5020000,20000
R07-00044,1060000,0
R07-00045,56560000,150000
R07-00046,18400000,40000
R07-00047,14510000,40000
R07-00048,136700000,600000
R07-00049,2290000,0
R07-00050,21460000,60000
R07-00051,21130000,60000
R07-00052,12980000,40000
R07-00053,43900000,150000
R07-00054,18970000,40000
R07-00055,8220000,20000
R07-00056,23920000,60000
R07-00057,3600000,0
R07-00058,46810000,150000
R07-00059,112830000,300000
R07-00060,11090000,40000
R07-00061,66080000,150000
R07-00062,14180000,40000
R07-00063,75910000,300000
R07-00064,12260000,40000
R07-00065,25090000,60000
R07-00066,56080000,150000
R07-00067,37100000,150000
R07-00068,24710000,60000
R07-00069,82890000,300000
R07-00070,64200000,150000
R07-00071,46940000,150000
R07-00072,14900000,40000
R07-00073,37180000,150000
R07-00074,23420000,60000
R07-00075,13190000,40000
R07-00076,1830000,0
R07-00077,73220000,300000
R07-00078,4840000,0
R07-00079,3280000,0
R07-00080,16670000,40000
R07-00081,12810000,40000
R07-00082,21590000,60000
R07-00083,43280000,150000
R07-00084,74440000,300000
R07-00085,15490000,40000
R07-00086,5200000,20000
R07-00087,21200000,60000
R07-00088,23900000,60000
R07-00089,75790000,300000
R07-00090,2590000,0
R07-00091,5980000,20000
R07-00092,15810000,40000
R07-00093,52770000,150000
R07-00094,4310000,0
R07-00095,46770000,150000
R07-00096,45550000,150000
R07-00097,14130000,40000
R07-00098,103080000,300000
R07-00099,32850000,60000
R07-00100,71450000,300000
R07-00101,84900000,300000
R07-00102,52580000,150000
R07-00103,37360000,150000
R07-00104,33540000,150000
R07-00105,44300000,150000
R07-00106,13250000,40000
R07-00107,45760000,150000
R07-00108,4810000,0
R07-00109,33160000,60000
R07-00110,83870000,300000
R07-00111,41540000,150000
R07-00112,22360000,60000
R07-00113,17050000,40000
R07-00114,96220000,300000
R07-00115,53820000,150000
R07-00116,80840000,300000
R07-00117,1630000,0
R07-00118,42620000,150000
R07-00119,55720000,150000
R07-00120,33790000,150000
R07-00121,27880000,60000
R07-00122,16060000,40000
R07-00123,65460000,150000
R07-00124,22200000,60000
R07-00125,22590000,60000
R07-00126,16950000,40000
R07-00127,4040000,0
R07-00128,61740000,150000
R07-00129,15370000,40000
R07-00130,28040000,60000
R07-00131,26750000,60000
R07-00132,6720000,20000
R07-00133,48720000,150000
R07-00134,42180000,150000
R07-00135,2580000,0
R07-00136,82600000,300000
R07-00137,31120000,60000
R07-00138,82420000,300000
R07-00139,5560000,20000
R07-00140,2170000,0
R07-00141,24340000,60000
R07-00142,15770000,40000
R07-00143,133110000,300000
R07-00144,1480000,0
R07-00145,33970000,150000
R07-00146,22150000,60000
R07-00147,63340000,150000
R07-00148,42450000,150000
R07-00149,27990000,60000
R07-00150,43470000,150000
R07-00151,52340000,150000
R07-00152,36540000,150000
R07-00153,41710000,150000
R07-00154,52090000,150000
R07-00155,62300000,150000
R07-00156,50790000,150000
R07-00157,61100000,150000
R07-00158,2100000,0
R07-00159,65000000,150000
R07-00160,6590000,20000
R07-00161,17610000,40000
R07-00162,66200000,150000
R07-00163,3620000,0
R07-00164,3980000,0
R07-00165,61990000,150000
R07-00166,23220000,60000
R07-00167,40670000,150000
R07-00168,16300000,40000
R07-00169,1500000,0
R07-00170,11750000,40000
R07-00171,3860000,0
R07-00172,13490000,40000
R07-00173,12410000,40000
R07-00174,22630000,60000
R07-00175,4080000,0
R07-00176,4840000,0
R07-00177,85470000,300000
R07-00178,40540000,150000
R07-00179,97030000,300000
R07-00180,3250000,0
R07-00181,94410000,300000
R07-00182,75660000,300000
R07-00183,10820000,40000
R07-00184,99860000,300000
R07-00185,4500000,0
R07-00186,86990000,300000
R07-00187,3260000,0
R07-00188,93080000,300000
R07-00189,51950000,150000
R07-00190,32420000,60000
R07-00191,32070000,60000
R07-00192,21380000,60000
R07-00193,44540000,150000
R07-00194,92020000,300000
R07-00195,3540000,0
R07-00196,35770000,150000
R07-00197,3610000,0
R07-00198,53600000,150000
R07-00199,36570000,150000
R07-00200,75560000,300000
R07-00201,2630000,0
R07-00202,78240000,300000
R07-00203,3810000,0
R07-00204,71670000,300000
R07-00205,91430000,300000
R07-00206,2290000,0
R07-00207,540000,0
R07-00208,103220000,300000
R07-00209,52890000,150000
R07-00210,21180000,60000
R07-00211,45130000,150000
R07-00212,14010000,40000
R07-00213,22070000,60000
R07-00214,13380000,40000
R07-00215,37270000,150000
R07-00216,26980000,60000
R07-00217,6190000,20000
R07-00218,12700000,40000
R07-00219,23970000,60000
R07-00220,73840000,300000
R07-00221,60470000,150000
R07-00222,2990000,0
R07-00223,2430000,0
R07-00224,36240000,150000
R07-00225,94890000,300000
R07-00226,26600000,60000
R07-00227,3390000,0
R07-00228,7840000,20000
R07-00229,2700000,0
R07-00230,41860000,150000
R07-00231,76380000,300000
R07-00232,45540000,150000
R07-00233,560000,0
R07-00234,34110000,150000
R07-00235,43360000,150000
R07-00236,4920000,0
R07-00237,82630000,300000
R07-00238,32270000,60000
R07-00239,25860000,60000
R07-00240,147090000,600000
R07-00241,115820000,300000
R07-00242,31310000,60000
R07-00243,45070000,150000
R07-00244,74610000,300000
R07-00245,29660000,60000
R07-00246,16800000,40000
R07-00247,86540000,300000
R07-00248,25730000,60000
R07-00249,37210000,150000
R07-00250,22500000,60000
R07-00251,14060000,40000
R07-00252,26570000,60000
R07-00253,35220000,150000
R07-00254,118330000,300000
R07-00255,12410000,40000
R07-00256,104770000,300000
R07-00257,33290000,60000
R07-00258,24440000,60000
R07-00259,60330000,150000
R07-00260,72460000,300000
R07-00261,65180000,150000
R07-00262,85210000,300000
R07-00263,7020000,20000
R07-00264,84810000,300000
R07-00265,62120000,150000
R07-00266,94100000,300000
R07-00267,72350000,300000
R07-00268,2690000,0
R07-00269,19290000,40000
R07-00270,4010000,0
R07-00271,53970000,150000
R07-00272,18110000,40000
R07-00273,32640000,60000
R07-00274,81170000,300000
R07-00275,2490000,0
R07-00276,41560000,150000
R07-00277,94920000,300000
R07-00278,95710000,300000
R07-00279,153470000,600000
R07-00280,14570000,40000
R07-00281,71990000,300000
R07-00282,32280000,60000
R07-00283,22310000,60000
R07-00284,990000,0
R07-00285,56190000,150000
R07-00286,32840000,60000
R07-00287,116750000,300000
R07-00288,56760000,150000
R07-00289,44430000,150000
R07-00290,6590000,20000
R07-00291,16440000,40000
R07-00292,70910000,300000
R07-00293,62900000,150000
R07-00294,22380000,60000
R07-00295,53200000,150000
R07-00296,27880000,60000
R07-00297,10920000,40000
R07-00298,25460000,60000
R07-00299,71640000,300000
R07-00300,12930000,40000
R07-00301,44940000,150000
R07-00302,17520000,40000
R07-00303,31380000,60000
R07-00304,4460000,0
R07-00305,52690000,150000
R07-00306,85920000,300000
R07-00307,65640000,150000
R07-00308,105640000,300000
R07-00309,75560000,300000
R07-00310,2950000,0
R07-00311,49380000,150000
R07-00312,1350000,0
R07-00313,2920000,0
R07-00314,51860000,150000
R07-00315,2880000,0
R07-00316,41510000,150000
R07-00317,102670000,300000
R07-00318,51060000,150000
R07-00319,115750000,300000
R07-00320,4910000,0
R07-00321,73510000,300000
R07-00322,12050000,40000
R07-00323,31330000,60000
R07-00324,92820000,300000
R07-00325,20960000,60000
R07-00326,53420000,150000
R07-00327,53250000,150000
R07-00328,52420000,150000
R07-00329,37060000,150000
R07-00330,31490000,60000
R07-00331,32460000,60000
R07-00332,52780000,150000
R07-00333,84280000,300000
R07-00334,32670000,60000
R07-00335,5550000,20000
R07-00336,1880000,0
R07-00337,134830000,600000
R07-00338,102300000,300000
R07-00339,86430000,300000
R07-00340,102780000,300000
R07-00341,21780000,60000
R07-00342,52310000,150000
R07-00343,56180000,150000
R07-00344,57720000,150000
R07-00345,31100000,60000
R07-00346,52390000,150000
R07-00347,22310000,60000
R07-00348,6740000,20000
R07-00349,7410000,20000
R07-00350,44950000,150000
R07-00351,91000000,300000
R07-00352,42310000,150000
R07-00353,127510000,300000
R07-00354,34050000,150000
R07-00355,32570000,60000
R07-00356,22700000,60000
R07-00357,43230000,150000
R07-00358,3640000,0
R07-00359,5060000,20000
R07-00360,21750000,60000
R07-00361,58430000,150000
R07-00362,8630000,20000
R07-00363,25190000,60000
R07-00364,32600000,60000
R07-00365,33970000,150000
R07-00366,13380000,40000
R07-00367,18940000,40000
R07-00368,90550000,300000
R07-00369,22940000,60000
R07-00370,57590000,150000
R07-00371,34980000,150000
R07-00372,23860000,60000
R07-00373,13870000,40000
R07-00374,16640000,40000
R07-00375,81230000,300000
R07-00376,24640000,60000
R07-00377,3120000,0
R07-00378,4930000,0
R07-00379,5180000,20000
R07-00380,41130000,150000
R07-00381,17150000,40000
R07-00382,15510000,40000
R07-00383,63650000,150000
R07-00384,47430000,150000
R07-00385,47950000,150000
R07-00386,21150000,60000
R07-00387,34960000,150000
R07-00388,38000000,150000
R07-00389,22700000,60000
R07-00390,35820000,150000
R07-00391,23510000,60000
R07-00392,36910000,150000
R07-00393,2210000,0
R07-00394,1920000,0
R07-00395,33120000,60000
R07-00396,46530000,150000
R07-00397,46190000,150000
R07-00398,2750000,0
R07-00399,93430000,300000
R07-00400,46040000,150000
R07-00401,92290000,300000
R07-00402,111830000,300000
R07-00403,72170000,300000
R07-00404,4170000,0
R07-00405,42820000,150000
R07-00406,87830000,300000
R07-00407,42030000,150000
R07-00408,71650000,300000
R07-00409,33840000,150000
R07-00410,1890000,0
R07-00411,74280000,300000
R07-00412,65160000,150000
R07-00413,115110000,300000
R07-00414,83760000,300000
R07-00415,24580000,60000
R07-00416,37390000,150000
R07-00417,26800000,60000
R07-00418,8570000,20000
R07-00419,82940000,300000
R07-00420,33210000,60000
R07-00421,36340000,150000
R07-00422,82850000,300000
R07-00423,17300000,40000
R07-00424,34060000,150000
R07-00425,6630000,20000
R07-00426,17260000,40000
R07-00427,23240000,60000
R07-00428,53450000,150000
R07-00429,34890000,150000
R07-00430,113870000,300000
R07-00431,51640000,150000
R07-00432,40510000,150000
R07-00433,106310000,300000
R07-00434,55310000,150000
R07-00435,64940000,150000
R07-00436,21520000,60000
R07-00437,115140000,300000
R07-00438,123590000,300000
R07-00439,63670000,150000
R07-00440,82550000,300000
R07-00441,83790000,300000
R07-00442,23530000,60000
R07-00443,55260000,150000
R07-00444,83380000,300000
R07-00445,62010000,150000
R07-00446,46290000,150000
R07-00447,20570000,60000
R07-00448,31040000,60000
R07-00449,64970000,150000
R07-00450,47130000,150000
R07-00451,7980000,20000
R07-00452,910000,0
R07-00453,26260000,60000
R07-00454,102160000,300000
R07-00455,30720000,60000
R07-00456,64100000,150000
R07-00457,16400000,40000
R07-00458,84250000,300000
R07-00459,33150000,60000
R07-00460,63730000,150000
R07-00461,57920000,150000
R07-00462,52580000,150000
R07-00463,14140000,40000
R07-00464,21480000,60000
R07-00465,56540000,150000
R07-00466,20840000,60000
R07-00467,133470000,600000
R07-00468,16200000,40000
R07-00469,71760000,300000
R07-00470,82430000,300000
R07-00471,27190000,60000
R07-00472,63340000,150000
R07-00473,72300000,300000
R07-00474,77790000,300000
R07-00475,36500000,150000
R07-00476,49420000,150000
R07-00477,54920000,150000
R07-00478,15090000,40000
R07-00479,45690000,150000
R07-00480,63840000,150000
R07-00481,23960000,60000
R07-00482,105220000,300000
R07-00483,3510000,0
R07-00484,130940000,300000
R07-00485,10460000,40000
R07-00486,470000,0
R07-00487,51840000,150000
R07-00488,43300000,150000
R07-00489,33210000,60000
R07-00490,33530000,150000
R07-00491,41480000,150000
R07-00492,2570000,0
R07-00493,66960000,300000
R07-00494,51340000,150000
R07-00495,41140000,150000
R07-00496,66270000,150000
R07-00497,17350000,40000
R07-00498,24490000,60000
R07-00499,33230000,60000
R07-00500,4950000,0
R07-00501,113020000,300000
R07-00502,2290000,0
R07-00503,2790000,0
R07-00504,22270000,60000
R07-00505,52880000,150000
R07-00506,72380000,300000
R07-00507,22700000,60000
R07-00508,33540000,150000
R07-00509,32280000,60000
R07-00510,15110000,40000
R07-00511,22710000,60000
R07-00512,330000,0
R07-00513,37070000,150000
R07-00514,24280000,60000
R07-00515,21540000,60000
R07-00516,6900000,20000
R07-00517,1270000,0
R07-00518,81700000,300000
R07-00519,93920000,300000
R07-00520,13120000,40000
R07-00521,52060000,150000
R07-00522,73340000,300000
R07-00523,8750000,20000
R07-00524,12950000,40000
R07-00525,4100000,0
R07-00526,24300000,60000
R07-00527,21310000,60000
R07-00528,60700000,150000
R07-00529,65890000,150000
R07-00530,21530000,60000
R07-00531,28490000,60000
R07-00532,71730000,300000
R07-00533,84400000,300000
R07-00534,41890000,150000
R07-00535,31160000,60000
R07-00536,72260000,300000
R07-00537,10830000,40000
R07-00538,3520000,0
R07-00539,80160000,300000
R07-00540,43190000,150000
R07-00541,22130000,60000
R07-00542,124350000,300000
R07-00543,1630000,0
R07-00544,44790000,150000
R07-00545,23930000,60000
R07-00546,85640000,300000
R07-00547,43160000,150000
R07-00548,17960000,40000
R07-00549,93740000,300000
R07-00550,15990000,40000
R07-00551,8230000,20000
R07-00552,4900000,0
R07-00553,32990000,60000
R07-00554,44470000,150000
R07-00555,11780000,40000
R07-00556,53150000,150000
R07-00557,3620000,0
R07-00558,7770000,20000
R07-00559,880000,0
R07-00560,33060000,60000
R07-00561,43210000,150000
R07-00562,13660000,40000
R07-00563,26660000,60000
R07-00564,36290000,150000
R07-00565,24730000,60000
R07-00566,114650000,300000
R07-00567,14400000,40000
R07-00568,73410000,300000
R07-00569,2480000,0
R07-00570,82830000,300000
R07-00571,63670000,150000
R07-00572,55460000,150000
R07-00573,35520000,150000
R07-00574,40330000,150000
R07-00575,62120000,150000
R07-00576,56140000,150000
R07-00577,320000,0
R07-00578,12860000,40000
R07-00579,45230000,150000
R07-00580,2870000,0
R07-00581,3050000,0
R07-00582,11830000,40000
R07-00583,32860000,60000
R07-00584,1960000,0
R07-00585,7380000,20000
R07-00586,20350000,60000
R07-00587,31270000,60000
R07-00588,44790000,150000
R07-00589,84580000,300000
R07-00590,92180000,300000
R07-00591,8750000,20000
R07-00592,56460000,150000
R07-00593,56690000,150000
R07-00594,23160000,60000
R07-00595,105250000,300000
R07-00596,2250000,0
R07-00597,57980000,150000
R07-00598,1180000,0
R07-00599,15710000,40000
R07-00600,52480000,150000
R07-00601,21750000,60000
R07-00602,17220000,40000
R07-00603,12640000,40000
R07-00604,115500000,300000
R07-00605,64650000,150000
R07-00606,72360000,300000
R07-00607,43390000,150000
R07-00608,12230000,40000
R07-00609,12580000,40000
R07-00610,15960000,40000
R07-00611,92200000,300000
R07-00612,67430000,300000
R07-00613,4950000,0
R07-00614,26670000,60000
R07-00615,82170000,300000
R07-00616,53800000,150000
R07-00617,23470000,60000
R07-00618,22080000,60000
R07-00619,13310000,40000
R07-00620,13880000,40000
R07-00621,4390000,0
R07-00622,48980000,150000
R07-00623,22550000,60000
R07-00624,3480000,0
R07-00625,32530000,60000
R07-00626,28470000,60000
R07-00627,153240000,600000
R07-00628,4690000,0
R07-00629,35410000,150000
R07-00630,50630000,150000
R07-00631,16150000,40000
R07-00632,22410000,60000
R07-00633,14220000,40000
R07-00634,5610000,20000
R07-00635,42070000,150000
R07-00636,15080000,40000
R07-00637,2770000,0
R07-00638,12220000,40000
R07-00639,68530000,300000
R07-00640,20890000,60000
R07-00641,33490000,150000
R07-00642,35100000,150000
R07-00643,20150000,60000
R07-00644,18630000,40000
R07-00645,15460000,40000
R07-00646,53710000,150000
R07-00647,31350000,60000
R07-00648,11920000,40000
R07-00649,73300000,300000
R07-00650,94080000,300000
R07-00651,4410000,0
R07-00652,120780000,300000
R07-00653,140860000,600000
R07-00654,47270000,150000
R07-00655,71960000,300000
R07-00656,6660000,20000
R07-00657,6270000,20000
R07-00658,11030000,40000
R07-00659,221660000,1000000
R07-00660,27040000,60000
R07-00661,126620000,300000
R07-00662,13010000,40000
R07-00663,63740000,150000
R07-00664,226710000,1000000
R07-00665,3840000,0
R07-00666,91390000,300000
R07-00667,13670000,40000
R07-00668,31420000,60000
R07-00669,5860000,20000
R07-00670,42650000,150000
R07-00671,23930000,60000
R07-00672,900000,0
R07-00673,65970000,150000
R07-00674,26180000,60000
R07-00675,140530000,600000
R07-00676,21370000,60000
R07-00677,5570000,20000
R07-00678,6490000,20000
R07-00679,13840000,40000
R07-00680,7590000,20000
R07-00681,40960000,150000
R07-00682,20400000,60000
R07-00683,14070000,40000
R07-00684,8160000,20000
R07-00685,115860000,300000
R07-00686,12090000,40000
R07-00687,94030000,300000
R07-00688,33210000,60000
R07-00689,38160000,150000
R07-00690,1820000,0
R07-00691,4040000,0
R07-00692,1270000,0
R07-00693,43740000,150000
R07-00694,56870000,150000
R07-00695,3120000,0
R07-00696,16100000,40000
R07-00697,2140000,0
R07-00698,32290000,60000
R07-00699,124300000,300000
R07-00700,174010000,600000
R07-00701,61910000,150000
R07-00702,85680000,300000
R07-00703,46580000,150000
R07-00704,21010000,60000
R07-00705,43380000,150000
R07-00706,21540000,60000
R07-00707,22930000,60000
R07-00708,87040000,300000
R07-00709,39040000,150000
R07-00710,25620000,60000
R07-00711,55310000,150000
R07-00712,43010000,150000
R07-00713,4980000,0
R07-00714,80930000,300000
R07-00715,108010000,300000
R07-00716,2180000,0
R07-00717,21580000,60000
R07-00718,52580000,150000
R07-00719,10810000,40000
R07-00720,56470000,150000
R07-00721,44340000,150000
R07-00722,34120000,150000
R07-00723,4590000,0
R07-00724,61810000,150000
R07-00725,22480000,60000
R07-00726,92570000,300000
R07-00727,5880000,20000
R07-00728,65270000,150000
R07-00729,35650000,150000
R07-00730,5200000,20000
R07-00731,25240000,60000
R07-00732,42000000,150000
R07-00733,72520000,300000
R07-00734,27910000,60000
R07-00735,29290000,60000
R07-00736,24700000,60000
R07-00737,25620000,60000
R07-00738,4040000,0
R07-00739,35810000,150000
R07-00740,58800000,150000
R07-00741,39010000,150000
R07-00742,25980000,60000
R07-00743,22240000,60000
R07-00744,4760000,0
R07-00745,32810000,60000
R07-00746,72350000,300000
R07-00747,44980000,150000
R07-00748,2510000,0
R07-00749,107610000,300000
R07-00750,27280000,60000
R07-00751,32970000,60000
R07-00752,5790000,20000
R07-00753,2750000,0
R07-00754,62440000,150000
R07-00755,83190000,300000
R07-00756,73500000,300000
R07-00757,64720000,150000
R07-00758,11850000,40000
R07-00759,22860000,60000
R07-00760,35910000,150000
R07-00761,61730000,150000
R07-00762,73490000,300000
R07-00763,5260000,20000
R07-00764,32150000,60000
R07-00765,74020000,300000
R07-00766,13850000,40000
R07-00767,71820000,300000
R07-00768,12240000,40000
R07-00769,33100000,60000
R07-00770,1030000,0
R07-00771,86440000,300000
R07-00772,37910000,150000
R07-00773,27650000,60000
R07-00774,57670000,150000
R07-00775,2250000,0
R07-00776,92010000,300000
R07-00777,33760000,150000
R07-00778,10830000,40000
R07-00779,46510000,150000
R07-00780,96370000,300000
R07-00781,35840000,150000
R07-00782,28880000,60000
R07-00783,73510000,300000
R07-00784,22120000,60000
R07-00785,22770000,60000
R07-00786,24210000,60000
R07-00787,23870000,60000
R07-00788,102410000,300000
R07-00789,65940000,150000
R07-00790,11490000,40000
R07-00791,3090000,0
R07-00792,52910000,150000
R07-00793,30960000,60000
R07-00794,33660000,150000
R07-00795,23210000,60000
R07-00796,86290000,300000
R07-00797,43760000,150000
R07-00798,105930000,300000
R07-00799,8670000,20000
R07-00800,34210000,150000
R07-00801,2520000,0
R07-00802,11770000,40000
R07-00803,4010000,0
R07-00804,2030000,0
R07-00805,81380000,300000
R07-00806,42890000,150000
R07-00807,37590000,150000
R07-00808,108970000,300000
R07-00809,12040000,40000
R07-00810,36530000,150000
R07-00811,11830000,40000
R07-00812,71980000,300000
R07-00813,60330000,150000
R07-00814,12850000,40000
R07-00815,14440000,40000
R07-00816,92830000,300000
R07-00817,11930000,40000
R07-00818,74330000,300000
R07-00819,93460000,300000
R07-00820,13630000,40000
R07-00821,46020000,150000
R07-00822,15710000,40000
R07-00823,34990000,150000
R07-00824,23700000,60000
R07-00825,1990000,0
R07-00826,81350000,300000
R07-00827,67830000,300000
R07-00828,65970000,150000
R07-00829,41770000,150000
R07-00830,45100000,150000
R07-00831,6210000,20000
R07-00832,7010000,20000
R07-00833,18550000,40000
R07-00834,72010000,300000
R07-00835,63380000,150000
R07-00836,64520000,150000
R07-00837,72310000,300000
R07-00838,11420000,40000
R07-00839,94200000,300000
R07-00840,54950000,150000
R07-00841,7750000,20000
R07-00842,62220000,150000
R07-00843,21090000,60000
R07-00844,12900000,40000
R07-00845,4090000,0
R07-00846,32730000,60000
R07-00847,15010000,40000
R07-00848,75240000,300000
R07-00849,25050000,60000
R07-00850,72760000,300000
R07-00851,42260000,150000
R07-00852,47180000,150000
R07-00853,23070000,60000
R07-00854,83880000,300000
R07-00855,2050000,0
R07-00856,31720000,60000
R07-00857,43410000,150000
R07-00858,54480000,150000
R07-00859,8800000,20000
R07-00860,82350000,300000
R07-00861,40530000,150000
R07-00862,6890000,20000
R07-00863,39260000,150000
R07-00864,81100000,300000
R07-00865,61980000,150000
R07-00866,43590000,150000
R07-00867,70640000,300000
R07-00868,50690000,150000
R07-00869,20130000,60000
R07-00870,124430000,300000
R07-00871,74510000,300000
R07-00872,61920000,150000
R07-00873,54440000,150000
R07-00874,26840000,60000
R07-00875,88470000,300000
R07-00876,560000,0
R07-00877,102430000,300000
R07-00878,42660000,150000
R07-00879,42060000,150000
R07-00880,23490000,60000
R07-00881,34310000,150000
R07-00882,51270000,150000
R07-00883,96130000,300000
R07-00884,36790000,150000
R07-00885,135580000,600000
R07-00886,13970000,40000
R07-00887,83980000,300000
R07-00888,35360000,150000
R07-00889,8680000,20000
R07-00890,44160000,150000
R07-00891,57360000,150000
R07-00892,42580000,150000
R07-00893,62670000,150000
R07-00894,70870000,300000
R07-00895,138310000,600000
R07-00896,3930000,0
R07-00897,55120000,150000
R07-00898,125370000,300000
R07-00899,36390000,150000
R07-00900,33800000,150000
R07-00901,43860000,150000
R07-00902,37430000,150000
R07-00903,36170000,150000
R07-00904,14090000,40000
R07-00905,6170000,20000
R07-00906,107470000,300000
R07-00907,33820000,150000
R07-00908,4560000,0
R07-00909,41570000,150000
R07-00910,14180000,40000
R07-00911,21740000,60000
R07-00912,92280000,300000
R07-00913,41910000,150000
R07-00914,224600000,1000000
R07-00915,48760000,150000
R07-00916,6170000,20000
R07-00917,14040000,40000
R07-00918,102030000,300000
R07-00919,83470000,300000
R07-00920,37600000,150000
R07-00921,53530000,150000
R07-00922,63160000,150000
R07-00923,51230000,150000
R07-00924,54520000,150000
R07-00925,83310000,300000
R07-00926,98230000,300000
R07-00927,6740000,20000
R07-00928,131200000,300000
R07-00929,16210000,40000
R07-00930,81030000,300000
R07-00931,4930000,0
R07-00932,64020000,150000
R07-00933,3000000,0
R07-00934,25620000,60000
R07-00935,55670000,150000
R07-00936,11360000,40000
R07-00937,84050000,300000
R07-00938,54930000,150000
R07-00939,18980000,40000
R07-00940,35500000,150000
R07-00941,72590000,300000
R07-00942,72230000,300000
R07-00943,4920000,0
R07-00944,7220000,20000
R07-00945,66640000,150000
R07-00946,42400000,150000
R07-00947,1170000,0
R07-00948,14090000,40000
R07-00949,73340000,300000
R07-00950,43140000,150000
R07-00951,1890000,0
R07-00952,20060000,60000
R07-00953,42680000,150000
R07-00954,25090000,60000
R07-00955,24670000,60000
R07-00956,25350000,60000
R07-00957,16400000,40000
R07-00958,11040000,40000
R07-00959,62040000,150000
R07-00960,56640000,150000
R07-00961,23740000,60000
R07-00962,20860000,60000
R07-00963,20650000,60000
R07-00964,114920000,300000
R07-00965,54160000,150000
R07-00966,20280000,60000
R07-00967,74460000,300000
R07-00968,22020000,60000
R07-00969,55970000,150000
R07-00970,25020000,60000
R07-00971,75710000,300000
R07-00972,13030000,40000
R07-00973,1450000,0
R07-00974,3250000,0
R07-00975,43750000,150000
R07-00976,35460000,150000
R07-00977,31730000,60000
R07-00978,74020000,300000
R07-00979,30520000,60000
R07-00980,12810000,40000
R07-00981,31980000,60000
R07-00982,83360000,300000
R07-00983,56130000,150000
R07-00984,63460000,150000
R07-00985,45960000,150000
R07-00986,35850000,150000
R07-00987,86010000,300000
R07-00988,6200000,20000
R07-00989,155190000,600000
R07-00990,1890000,0
R07-00991,100590000,300000
R07-00992,81460000,300000
R07-00993,31100000,60000
R07-00994,3470000,0
R07-00995,13320000,40000
R07-00996,2020000,0
R07-00997,13970000,40000
R07-00998,54470000,150000
R07-00999,21570000,60000
R07-01000,111760000,300000
R07-01001,4720000,0
R07-01002,45300000,150000
R07-01003,2910000,0
R07-01004,6350000,20000
R07-01005,35680000,150000
R07-01006,57270000,150000
R07-01007,71990000,300000
R07-01008,21790000,60000
R07-01009,45720000,150000
R07-01010,81890000,300000
R07-01011,82800000,300000
R07-01012,2310000,0
R07-01013,12770000,40000
R07-01014,21450000,60000
R07-01015,22140000,60000
R07-01016,41480000,150000
R07-01017,54780000,150000
R07-01018,11820000,40000
R07-01019,4980000,0
R07-01020,4600000,0
R07-01021,36380000,150000
R07-01022,45480000,150000
R07-01023,54280000,150000
R07-01024,21970000,60000
R07-01025,10920000,40000
R07-01026,24060000,60000
R07-01027,77720000,300000
R07-01028,73310000,300000
R07-01029,23060000,60000
R07-01030,45190000,150000
R07-01031,62880000,150000
R07-01032,6000000,20000
R07-01033,55730000,150000
R07-01034,51490000,150000
R07-01035,5210000,20000
R07-01036,17700000,40000
R07-01037,33140000,60000
R07-01038,53150000,150000
R07-01039,46740000,150000
R07-01040,101060000,300000
R07-01041,22130000,60000
R07-01042,114030000,300000
R07-01043,11520000,40000
R07-01044,12680000,40000
R07-01045,44720000,150000
R07-01046,3890000,0
R07-01047,23160000,60000
R07-01048,3030000,0
R07-01049,11550000,40000
R07-01050,44320000,150000
R07-01051,73880000,300000
R07-01052,770000,0
R07-01053,3060000,0
R07-01054,36450000,150000
R07-01055,10970000,40000
R07-01056,24330000,60000
R07-01057,2400000,0
R07-01058,40610000,150000
R07-01059,154180000,600000
R07-01060,55040000,150000
R07-01061,35220000,150000
R07-01062,40750000,150000
R07-01063,47870000,150000
R07-01064,1500000,0
R07-01065,61790000,150000
R07-01066,74150000,300000
R07-01067,58460000,150000
R07-01068,22140000,60000
R07-01069,42320000,150000
R07-01070,34170000,150000
R07-01071,26450000,60000
R07-01072,40780000,150000
R07-01073,61870000,150000
R07-01074,22040000,60000
R07-01075,102590000,300000
R07-01076,91440000,300000
R07-01077,82160000,300000
R07-01078,44560000,150000
R07-01079,42840000,150000
R07-01080,24730000,60000
R07-01081,47930000,150000
R07-01082,126110000,300000
R07-01083,72320000,300000
R07-01084,14690000,40000
R07-01085,27370000,60000
R07-01086,12150000,40000
R07-01087,82590000,300000
R07-01088,86830000,300000
R07-01089,42630000,150000
R07-01090,41480000,150000
R07-01091,22140000,60000
R07-01092,17860000,40000
R07-01093,91820000,300000
R07-01094,96860000,300000
R07-01095,23240000,60000
R07-01096,32580000,60000
R07-01097,53470000,150000
R07-01098,400000,0
R07-01099,35900000,150000
R07-01100,4750000,0
R07-01101,1140000,0
R07-01102,50400000,150000
R07-01103,131950000,300000
R07-01104,23600000,60000
R07-01105,12150000,40000
R07-01106,21640000,60000
R07-01107,52950000,150000
R07-01108,2120000,0
R07-01109,134180000,600000
R07-01110,53580000,150000
R07-01111,43700000,150000
R07-01112,32850000,60000
R07-01113,46350000,150000
R07-01114,123610000,300000
R07-01115,4080000,0
R07-01116,22840000,60000
R07-01117,103160000,300000
R07-01118,108750000,300000
R07-01119,22290000,60000
R07-01120,5090000,20000
R07-01121,30750000,60000
R07-01122,66650000,150000
R07-01123,12240000,40000
R07-01124,102170000,300000
R07-01125,26270000,60000
R07-01126,7550000,20000
R07-01127,34180000,150000
R07-01128,64880000,150000
R07-01129,13120000,40000
R07-01130,22200000,60000
R07-01131,64440000,150000
R07-01132,56400000,150000
R07-01133,52270000,150000
R07-01134,21730000,60000
R07-01135,72280000,300000
R07-01136,14280000,40000
R07-01137,70390000,300000
R07-01138,53940000,150000
R07-01139,83610000,300000
R07-01140,25010000,60000
R07-01141,5430000,20000
R07-01142,33370000,150000
R07-01143,41870000,150000
R07-01144,8390000,20000
R07-01145,42920000,150000
R07-01146,81890000,300000
R07-01147,81680000,300000
R07-01148,42550000,150000
R07-01149,72750000,300000
R07-01150,43110000,150000
R07-01151,135380000,600000
R07-01152,157060000,600000
R07-01153,94270000,300000
R07-01154,124620000,300000
R07-01155,221550000,1000000
R07-01156,35850000,150000
R07-01157,36950000,150000
R07-01158,15230000,40000
R07-01159,42650000,150000
R07-01160,40850000,150000
R07-01161,3470000,0
R07-01162,43270000,150000
R07-01163,11900000,40000
R07-01164,41950000,150000
R07-01165,470000,0
R07-01166,13190000,40000
R07-01167,13500000,40000
R07-01168,26030000,60000
R07-01169,101630000,300000
R07-01170,13520000,40000
R07-01171,131140000,300000
R07-01172,12210000,40000
R07-01173,93790000,300000
R07-01174,24040000,60000
R07-01175,41510000,150000
R07-01176,84140000,300000
R07-01177,64310000,150000
R07-01178,31210000,60000
R07-01179,43220000,150000
R07-01180,25620000,60000
R07-01181,4000000,0
R07-01182,46340000,150000
R07-01183,35350000,150000
R07-01184,42060000,150000
R07-01185,17820000,40000
R07-01186,104530000,300000
R07-01187,23750000,60000
R07-01188,91080000,300000
R07-01189,97090000,300000
R07-01190,65790000,150000
R07-01191,74420000,300000
R07-01192,65450000,150000
R07-01193,5440000,20000
R07-01194,33620000,150000
R07-01195,63240000,150000
R07-01196,3640000,0
R07-01197,64500000,150000
R07-01198,36570000,150000
R07-01199,11450000,40000
R07-01200,16290000,40000
R07-01201,32160000,60000
R07-01202,64060000,150000
R07-01203,42650000,150000
R07-01204,82130000,300000
R07-01205,2520000,0
R07-01206,41820000,150000
R07-01207,12760000,40000
R07-01208,42880000,150000
R07-01209,121830000,300000
R07-01210,77270000,300000
R07-01211,1870000,0
R07-01212,55710000,150000
R07-01213,3500000,0
R07-01214,61980000,150000
R07-01215,92150000,300000
R07-01216,122240000,300000
R07-01217,33590000,150000
R07-01218,62870000,150000
R07-01219,11390000,40000
R07-01220,20420000,60000
R07-01221,33820000,150000
R07-01222,71020000,300000
R07-01223,25910000,60000
R07-01224,25750000,60000
R07-01225,83250000,300000
R07-01226,16730000,40000
R07-01227,94860000,300000
R07-01228,32550000,60000
R07-01229,54880000,150000
R07-01230,31290000,60000
R07-01231,72710000,300000
R07-01232,16080000,40000
R07-01233,24730000,60000
R07-01234,48680000,150000
R07-01235,1380000,0
R07-01236,8160000,20000
R07-01237,72240000,300000
R07-01238,4770000,0
R07-01239,72320000,300000
R07-01240,23550000,60000
R07-01241,72620000,300000
R07-01242,3570000,0
R07-01243,62540000,150000
R07-01244,38360000,150000
R07-01245,5350000,20000
R07-01246,46820000,150000
R07-01247,65770000,150000
R07-01248,2560000,0
R07-01249,7420000,20000
R07-01250,24660000,60000
R07-01251,7540000,20000
R07-01252,1070000,0
R07-01253,34170000,150000
R07-01254,82880000,300000
R07-01255,134980000,600000
R07-01256,95970000,300000
R07-01257,2710000,0
R07-01258,44210000,150000
R07-01259,65080000,150000
R07-01260,52790000,150000
R07-01261,93170000,300000
R07-01262,20260000,60000
R07-01263,30810000,60000
R07-01264,72900000,300000
R07-01265,30360000,60000
R07-01266,67430000,300000
R07-01267,5740000,20000
R07-01268,135160000,600000
R07-01269,21760000,60000
R07-01270,42020000,150000
R07-01271,53760000,150000
R07-01272,4940000,0
R07-01273,1990000,0
R07-01274,33770000,150000
R07-01275,2270000,0
R07-01276,62900000,150000
R07-01277,6180000,20000
R07-01278,36950000,150000
R07-01279,15960000,40000
R07-01280,86390000,300000
R07-01281,61480000,150000
R07-01282,48130000,150000
R07-01283,12590000,40000
R07-01284,6950000,20000
R07-01285,38800000,150000
R07-01286,5570000,20000
R07-01287,64090000,150000
R07-01288,92550000,300000
R07-01289,4270000,0
R07-01290,62260000,150000
R07-01291,42690000,150000
R07-01292,46840000,150000
R07-01293,1960000,0
R07-01294,36070000,150000
R07-01295,14220000,40000
R07-01296,23180000,60000
R07-01297,93970000,300000
R07-01298,32820000,60000
R07-01299,21100000,60000
R07-01300,30400000,60000
R07-01301,52080000,150000
R07-01302,23530000,60000
R07-01303,73460000,300000
R07-01304,72850000,300000
R07-01305,45300000,150000
R07-01306,32860000,60000
R07-01307,24040000,60000
R07-01308,51940000,150000
R07-01309,64870000,150000
R07-01310,41630000,150000
R07-01311,43870000,150000
R07-01312,12950000,40000
R07-01313,24560000,60000
R07-01314,103140000,300000
R07-01315,85890000,300000
R07-01316,84530000,300000
R07-01317,126010000,300000
R07-01318,85260000,300000
R07-01319,51890000,150000
R07-01320,34670000,150000
R07-01321,113730000,300000
R07-01322,23370000,60000
R07-01323,1610000,0
R07-01324,216600000,1000000
R07-01325,23620000,60000
R07-01326,3910000,0
R07-01327,4830000,0
R07-01328,95110000,300000
R07-01329,14840000,40000
R07-01330,54510000,150000
R07-01331,52910000,150000
R07-01332,42370000,150000
R07-01333,81410000,300000
R07-01334,83180000,300000
R07-01335,46050000,150000
R07-01336,22290000,60000
R07-01337,96650000,300000
R07-01338,3950000,0
R07-01339,35940000,150000
R07-01340,31330000,60000
R07-01341,63470000,150000
R07-01342,15860000,40000
R07-01343,51230000,150000
R07-01344,14680000,40000
R07-01345,32190000,60000
R07-01346,33420000,150000
R07-01347,50780000,150000
R07-01348,14190000,40000
R07-01349,1870000,0
R07-01350,65460000,150000
R07-01351,57720000,150000
R07-01352,36290000,150000
R07-01353,4880000,0
R07-01354,104710000,300000
R07-01355,4880000,0
R07-01356,30600000,60000
R07-01357,57760000,150000
R07-01358,32170000,60000
R07-01359,4340000,0
R07-01360,154410000,600000
R07-01361,41820000,150000
R07-01362,46120000,150000
R07-01363,11690000,40000
R07-01364,29280000,60000
R07-01365,2120000,0
R07-01366,2990000,0
R07-01367,145400000,600000
R07-01368,22810000,60000
R07-01369,32550000,60000
R07-01370,31780000,60000
R07-01371,46490000,150000
R07-01372,51950000,150000
R07-01373,12110000,40000
R07-01374,22100000,60000
R07-01375,85880000,300000
R07-01376,63070000,150000
R07-01377,87870000,300000
R07-01378,13930000,40000
R07-01379,25940000,60000
R07-01380,81970000,300000
R07-01381,23730000,60000
R07-01382,97300000,300000
R07-01383,45050000,150000
R07-01384,58590000,150000
R07-01385,11960000,40000
R07-01386,83800000,300000
R07-01387,2030000,0
R07-01388,81040000,300000
R07-01389,32750000,60000
R07-01390,50780000,150000
R07-01391,2190000,0
R07-01392,25990000,60000
R07-01393,70550000,300000
R07-01394,51660000,150000
R07-01395,2940000,0
R07-01396,82190000,300000
R07-01397,2150000,0
R07-01398,3040000,0
R07-01399,44940000,150000
R07-01400,74410000,300000
R07-01401,10620000,40000
R07-01402,12830000,40000
R07-01403,33360000,150000
R07-01404,13000000,40000
R07-01405,23300000,60000
R07-01406,22250000,60000
R07-01407,490000,0
R07-01408,5120000,20000
R07-01409,65850000,150000
R07-01410,65580000,150000
R07-01411,33890000,150000
R07-01412,65300000,150000
R07-01413,111010000,300000
R07-01414,27490000,60000
R07-01415,15330000,40000
R07-01416,2460000,0
R07-01417,5990000,20000
R07-01418,1740000,0
R07-01419,72000000,300000
R07-01420,37140000,150000
R07-01421,7530000,20000
R07-01422,12390000,40000
R07-01423,64970000,150000
R07-01424,25210000,60000
R07-01425,25540000,60000
R07-01426,2430000,0
R07-01427,63860000,150000
R07-01428,8130000,20000
R07-01429,95420000,300000
R07-01430,77890000,300000
R07-01431,43850000,150000
R07-01432,3280000,0
R07-01433,103710000,300000
R07-01434,15080000,40000
R07-01435,11110000,40000
R07-01436,88280000,300000
R07-01437,14590000,40000
R07-01438,55710000,150000
R07-01439,106040000,300000
R07-01440,32370000,60000
R07-01441,34840000,150000
R07-01442,53050000,150000
R07-01443,22660000,60000
R07-01444,101910000,300000
R07-01445,73270000,300000
R07-01446,14820000,40000
R07-01447,34890000,150000
R07-01448,62610000,150000
R07-01449,22960000,60000
R07-01450,22410000,60000
R07-01451,82440000,300000
R07-01452,63390000,150000
R07-01453,37550000,150000
R07-01454,35800000,150000
R07-01455,129530000,300000
R07-01456,103320000,300000
R07-01457,31830000,60000
R07-01458,63330000,150000
R07-01459,23150000,60000
R07-01460,2370000,0
R07-01461,22830000,60000
R07-01462,33470000,150000
R07-01463,19210000,40000
R07-01464,31180000,60000
R07-01465,4730000,0
R07-01466,84590000,300000
R07-01467,32970000,60000
R07-01468,31370000,60000
R07-01469,12290000,40000
R07-01470,77110000,300000
R07-01471,34360000,150000
R07-01472,2860000,0
R07-01473,62030000,150000
R07-01474,43200000,150000
R07-01475,91200000,300000
R07-01476,22490000,60000
R07-01477,31840000,60000
R07-01478,14720000,40000
R07-01479,22410000,60000
R07-01480,31620000,60000
R07-01481,77980000,300000
R07-01482,55720000,150000
R07-01483,1940000,0
R07-01484,44310000,150000
R07-01485,53820000,150000
R07-01486,32270000,60000
R07-01487,64130000,150000
R07-01488,71900000,300000
R07-01489,154200000,600000
R07-01490,74610000,300000
R07-01491,5860000,20000
R07-01492,51840000,150000
R07-01493,67540000,300000
R07-01494,15460000,40000
R07-01495,24890000,60000
R07-01496,75190000,300000
R07-01497,11950000,40000
R07-01498,25900000,60000
R07-01499,42170000,150000
R07-01500,2730000,0
R07-01501,82160000,300000
R07-01502,45350000,150000
R07-01503,3060000,0
R07-01504,13950000,40000
R07-01505,113140000,300000
R07-01506,3980000,0
R07-01507,23130000,60000
R07-01508,63460000,150000
R07-01509,65750000,150000
R07-01510,20810000,60000
R07-01511,35760000,150000
R07-01512,12310000,40000
R07-01513,12130000,40000
R07-01514,77370000,300000
R07-01515,101880000,300000
R07-01516,32920000,60000
R07-01517,37480000,150000
R07-01518,77200000,300000
R07-01519,47020000,150000
R07-01520,84170000,300000
R07-01521,33950000,150000
R07-01522,32910000,60000
R07-01523,122370000,300000
R07-01524,26110000,60000
R07-01525,33290000,60000
R07-01526,41880000,150000
R07-01527,15220000,40000
R07-01528,73190000,300000
R07-01529,35600000,150000
R07-01530,86070000,300000
R07-01531,1180000,0
R07-01532,157990000,600000
R07-01533,17270000,40000
R07-01534,12390000,40000
R07-01535,5130000,20000
R07-01536,3580000,0
R07-01537,32920000,60000
R07-01538,1860000,0
R07-01539,52530000,150000
R07-01540,44900000,150000
R07-01541,83140000,300000
R07-01542,42050000,150000
R07-01543,42230000,150000
R07-01544,15410000,40000
R07-01545,12160000,40000
R07-01546,33700000,150000
R07-01547,73640000,300000
R07-01548,34330000,150000
R07-01549,118350000,300000
R07-01550,78010000,300000
R07-01551,123720000,300000
R07-01552,23790000,60000
R07-01553,107410000,300000
R07-01554,83910000,300000
R07-01555,42130000,150000
R07-01556,77530000,300000
R07-01557,48210000,150000
R07-01558,75150000,300000
R07-01559,10380000,40000
R07-01560,21560000,60000
R07-01561,54020000,150000
R07-01562,3740000,0
R07-01563,25470000,60000
R07-01564,127760000,300000
R07-01565,16630000,40000
R07-01566,4030000,0
R07-01567,41950000,150000
R07-01568,33360000,150000
R07-01569,22520000,60000
R07-01570,35890000,150000
R07-01571,6250000,20000
R07-01572,13770000,40000
R07-01573,3030000,0
R07-01574,8500000,20000
R07-01575,3380000,0
R07-01576,31180000,60000
R07-01577,12740000,40000
R07-01578,2710000,0
R07-01579,40700000,150000
R07-01580,35830000,150000
R07-01581,23080000,60000
R07-01582,38420000,150000
R07-01583,22860000,60000
R07-01584,31880000,60000
R07-01585,24010000,60000
R07-01586,3870000,0
R07-01587,84870000,300000
R07-01588,3040000,0
R07-01589,113530000,300000
R07-01590,58980000,150000
R07-01591,4830000,0
R07-01592,11930000,40000
R07-01593,44520000,150000
R07-01594,15750000,40000
R07-01595,4990000,0
R07-01596,63310000,150000
R07-01597,29600000,60000
R07-01598,71220000,300000
R07-01599,5470000,20000
R07-01600,44470000,150000
R07-01601,1090000,0
R07-01602,64530000,150000
R07-01603,33410000,150000
R07-01604,14490000,40000
R07-01605,10850000,40000
R07-01606,34840000,150000
R07-01607,1310000,0
R07-01608,4880000,0
R07-01609,33040000,60000
R07-01610,5580000,20000
R07-01611,11800000,40000
R07-01612,25860000,60000
R07-01613,23560000,60000
R07-01614,26500000,60000
R07-01615,26460000,60000
R07-01616,21590000,60000
R07-01617,41760000,150000
R07-01618,4090000,0
R07-01619,23490000,60000
R07-01620,11060000,40000
R07-01621,139000000,600000
R07-01622,102090000,300000
R07-01623,16040000,40000
R07-01624,35850000,150000
R07-01625,31980000,60000
R07-01626,4910000,0
R07-01627,143110000,600000
R07-01628,10920000,40000
R07-01629,103110000,300000
R07-01630,11090000,40000
R07-01631,25710000,60000
R07-01632,21100000,60000
R07-01633,31280000,60000
R07-01634,22410000,60000
R07-01635,8090000,20000
R07-01636,107040000,300000
R07-01637,64070000,150000
R07-01638,53840000,150000
R07-01639,65650000,150000
R07-01640,24160000,60000
R07-01641,36420000,150000
R07-01642,43790000,150000
R07-01643,7110000,20000
R07-01644,80920000,300000
R07-01645,25950000,60000
R07-01646,94350000,300000
R07-01647,64130000,150000
R07-01648,3590000,0
R07-01649,1440000,0
R07-01650,81940000,300000
R07-01651,33070000,60000
R07-01652,73500000,300000
R07-01653,23050000,60000
R07-01654,14310000,40000
R07-01655,74940000,300000
R07-01656,34640000,150000
R07-01657,55090000,150000
R07-01658,12790000,40000
R07-01659,26860000,60000
R07-01660,31430000,60000
R07-01661,22910000,60000
R07-01662,41500000,150000
R07-01663,67300000,300000
R07-01664,4650000,0
R07-01665,62060000,150000
R07-01666,41510000,150000
R07-01667,7960000,20000
R07-01668,26070000,60000
R07-01669,43900000,150000
R07-01670,25730000,60000
R07-01671,75240000,300000
R07-01672,31800000,60000
R07-01673,42190000,150000
R07-01674,6040000,20000
R07-01675,2480000,0
R07-01676,25370000,60000
R07-01677,6400000,20000
R07-01678,124600000,300000
R07-01679,35870000,150000
R07-01680,53690000,150000
R07-01681,42680000,150000
R07-01682,97490000,300000
R07-01683,46460000,150000
R07-01684,21880000,60000
R07-01685,45710000,150000
R07-01686,21840000,60000
R07-01687,10850000,40000
R07-01688,52510000,150000
R07-01689,83360000,300000
R07-01690,33860000,150000
R07-01691,91420000,300000
R07-01692,131680000,300000
R07-01693,14990000,40000
R07-01694,32770000,60000
R07-01695,61260000,150000
R07-01696,870000,0
R07-01697,41900000,150000
R07-01698,33320000,60000
R07-01699,91910000,300000
R07-01700,18140000,40000
R07-01701,67100000,300000
R07-01702,44070000,150000
R07-01703,13100000,40000
R07-01704,5880000,20000
R07-01705,11970000,40000
R07-01706,13900000,40000
R07-01707,80960000,300000
R07-01708,13190000,40000
R07-01709,1320000,0
R07-01710,84780000,300000
R07-01711,62760000,150000
R07-01712,31580000,60000
R07-01713,40840000,150000
R07-01714,37540000,150000
R07-01715,15820000,40000
R07-01716,38300000,150000
R07-01717,102870000,300000
R07-01718,83750000,300000
R07-01719,57530000,150000
R07-01720,22850000,60000
R07-01721,40540000,150000
R07-01722,81040000,300000
R07-01723,63740000,150000
R07-01724,12120000,40000
R07-01725,61240000,150000
R07-01726,5340000,20000
R07-01727,58580000,150000
R07-01728,11850000,40000
R07-01729,43920000,150000
R07-01730,73550000,300000
R07-01731,7100000,20000
R07-01732,73910000,300000
R07-01733,11820000,40000
R07-01734,23980000,60000
R07-01735,52090000,150000
R07-01736,76440000,300000
R07-01737,93210000,300000
R07-01738,13930000,40000
R07-01739,57520000,150000
R07-01740,36780000,150000
R07-01741,79200000,300000
R07-01742,75360000,300000
R07-01743,31120000,60000
R07-01744,95110000,300000
R07-01745,22800000,60000
R07-01746,63030000,150000
R07-01747,11190000,40000
R07-01748,28560000,60000
R07-01749,76030000,300000
R07-01750,63700000,150000
R07-01751,3540000,0
R07-01752,13110000,40000
R07-01753,26420000,60000
R07-01754,8270000,20000
R07-01755,26930000,60000
R07-01756,11370000,40000
R07-01757,113150000,300000
R07-01758,15490000,40000
R07-01759,16340000,40000
R07-01760,62150000,150000
R07-01761,15240000,40000
R07-01762,22870000,60000
R07-01763,117170000,300000
R07-01764,77840000,300000
R07-01765,67820000,300000
R07-01766,33550000,150000
R07-01767,24120000,60000
R07-01768,23480000,60000
R07-01769,152030000,600000
R07-01770,145940000,600000
R07-01771,62740000,150000
R07-01772,127300000,300000
R07-01773,84400000,300000
R07-01774,111990000,300000
R07-01775,95030000,300000
R07-01776,2520000,0
R07-01777,78360000,300000
R07-01778,13870000,40000
R07-01779,25990000,60000
R07-01780,83690000,300000
R07-01781,16150000,40000
R07-01782,38570000,150000
R07-01783,15650000,40000
R07-01784,25840000,60000
R07-01785,83110000,300000
R07-01786,32150000,60000
R07-01787,44160000,150000
R07-01788,41830000,150000
R07-01789,72530000,300000
R07-01790,81370000,300000
R07-01791,44290000,150000
R07-01792,21110000,60000
R07-01793,34440000,150000
R07-01794,42850000,150000
R07-01795,61150000,150000
R07-01796,10730000,40000
R07-01797,42630000,150000
R07-01798,1920000,0
R07-01799,26810000,60000
R07-01800,23460000,60000
R07-01801,26340000,60000
R07-01802,600000,0
R07-01803,66220000,150000
R07-01804,35740000,150000
R07-01805,46600000,150000
R07-01806,31160000,60000
R07-01807,9230000,20000
R07-01808,95460000,300000
R07-01809,63120000,150000
R07-01810,72680000,300000
R07-01811,46940000,150000
R07-01812,16400000,40000
R07-01813,13590000,40000
R07-01814,12650000,40000
R07-01815,114540000,300000
R07-01816,3990000,0
R07-01817,23310000,60000
R07-01818,53900000,150000
R07-01819,103040000,300000
R07-01820,5200000,20000
R07-01821,125180000,300000
R07-01822,3120000,0
R07-01823,17030000,40000
R07-01824,12330000,40000
R07-01825,66000000,150000
R07-01826,2070000,0
R07-01827,66240000,150000
R07-01828,15180000,40000
R07-01829,42540000,150000
R07-01830,112670000,300000
R07-01831,32120000,60000
R07-01832,15540000,40000
R07-01833,42500000,150000
R07-01834,44700000,150000
R07-01835,47240000,150000
R07-01836,5890000,20000
R07-01837,21000000,60000
R07-01838,46330000,150000
R07-01839,23870000,60000
R07-01840,3770000,0
R07-01841,83710000,300000
R07-01842,14520000,40000
R07-01843,22760000,60000
R07-01844,57150000,150000
R07-01845,1140000,0
R07-01846,32280000,60000
R07-01847,46130000,150000
R07-01848,73630000,300000
R07-01849,22650000,60000
R07-01850,58750000,150000
R07-01851,51830000,150000
R07-01852,51560000,150000
R07-01853,62490000,150000
R07-01854,21600000,60000
R07-01855,12480000,40000
R07-01856,56240000,150000
R07-01857,62810000,150000
R07-01858,103590000,300000
R07-01859,12830000,40000
R07-01860,52800000,150000
R07-01861,109850000,300000
R07-01862,2830000,0
R07-01863,51340000,150000
R07-01864,640000,0
R07-01865,115970000,300000
R07-01866,3150000,0
R07-01867,34910000,150000
R07-01868,4140000,0
R07-01869,60750000,150000
R07-01870,7360000,20000
R07-01871,2880000,0
R07-01872,22500000,60000
R07-01873,2640000,0
R07-01874,80900000,300000
R07-01875,98340000,300000
R07-01876,31050000,60000
R07-01877,25490000,60000
R07-01878,25100000,60000
R07-01879,42320000,150000
R07-01880,74400000,300000
R07-01881,22360000,60000
R07-01882,2110000,0
R07-01883,65340000,150000
R07-01884,21680000,60000
R07-01885,75070000,300000
R07-01886,3960000,0
R07-01887,31660000,60000
R07-01888,40420000,150000
R07-01889,64730000,150000
R07-01890,42710000,150000
R07-01891,37750000,150000
R07-01892,6110000,20000
R07-01893,12500000,40000
R07-01894,33280000,60000
R07-01895,76860000,300000
R07-01896,25880000,60000
R07-01897,53250000,150000
R07-01898,21880000,60000
R07-01899,63630000,150000
R07-01900,36540000,150000
R07-01901,74270000,300000
R07-01902,13980000,40000
R07-01903,3090000,0
R07-01904,81240000,300000
R07-01905,77020000,300000
R07-01906,23300000,60000
R07-01907,54580000,150000
R07-01908,6980000,20000
R07-01909,24450000,60000
R07-01910,16440000,40000
R07-01911,13760000,40000
R07-01912,40900000,150000
R07-01913,11680000,40000
R07-01914,14100000,40000
R07-01915,4240000,0
R07-01916,41200000,150000
R07-01917,30510000,60000
R07-01918,102740000,300000
R07-01919,42320000,150000
R07-01920,4980000,0
R07-01921,11890000,40000
R07-01922,16700000,40000
R07-01923,5850000,20000
R07-01924,72680000,300000
R07-01925,76250000,300000
R07-01926,5090000,20000
R07-01927,43720000,150000
R07-01928,50830000,150000
R07-01929,13940000,40000
R07-01930,22050000,60000
R07-01931,25080000,60000
R07-01932,2110000,0
R07-01933,46400000,150000
R07-01934,83860000,300000
R07-01935,17850000,40000
R07-01936,48720000,150000
R07-01937,36480000,150000
R07-01938,11390000,40000
R07-01939,24780000,60000
R07-01940,114340000,300000
R07-01941,2180000,0
R07-01942,2610000,0
R07-01943,65650000,150000
R07-01944,116120000,300000
R07-01945,3550000,0
R07-01946,4820000,0
R07-01947,75440000,300000
R07-01948,50720000,150000
R07-01949,7070000,20000
R07-01950,84130000,300000
R07-01951,83550000,300000
R07-01952,73650000,300000
R07-01953,3100000,0
R07-01954,24370000,60000
R07-01955,57260000,150000
R07-01956,51410000,150000
R07-01957,12120000,40000
R07-01958,75850000,300000
R07-01959,3850000,0
R07-01960,1140000,0
R07-01961,92820000,300000
R07-01962,24550000,60000
R07-01963,23090000,60000
R07-01964,62490000,150000
R07-01965,32640000,60000
R07-01966,22730000,60000
R07-01967,91170000,300000
R07-01968,23470000,60000
R07-01969,96060000,300000
R07-01970,5570000,20000
R07-01971,33000000,60000
R07-01972,1050000,0
R07-01973,3120000,0
R07-01974,10960000,40000
R07-01975,32540000,60000
R07-01976,4330000,0
R07-01977,63020000,150000
R07-01978,18030000,40000
R07-01979,13590000,40000
R07-01980,36330000,150000
R07-01981,44530000,150000
R07-01982,21010000,60000
R07-01983,5250000,20000
R07-01984,93410000,300000
R07-01985,20070000,60000
R07-01986,14260000,40000
R07-01987,13650000,40000
R07-01988,3450000,0
R07-01989,56020000,150000
R07-01990,4260000,0
R07-01991,4670000,0
R07-01992,3380000,0
R07-01993,3940000,0
R07-01994,26010000,60000
R07-01995,15820000,40000
R07-01996,23780000,60000
R07-01997,82640000,300000
R07-01998,64240000,150000
R07-01999,690000,0
R07-02000,97880000,300000
R07-02001,21510000,60000
R07-02002,25010000,60000
R07-02003,33010000,60000
R07-02004,75690000,300000
R07-02005,2100000,0
R07-02006,37090000,150000
R07-02007,35770000,150000
R07-02008,28480000,60000
R07-02009,74430000,300000
R07-02010,1540000,0
R07-02011,5630000,20000
R07-02012,24920000,60000
R07-02013,21440000,60000
R07-02014,62510000,150000
R07-02015,15830000,40000
R07-02016,2480000,0
R07-02017,63960000,150000
R07-02018,12480000,40000
R07-02019,25290000,60000
R07-02020,24610000,60000
R07-02021,4760000,0
R07-02022,25350000,60000
R07-02023,34080000,150000
R07-02024,114600000,300000
R07-02025,21590000,60000
R07-02026,85200000,300000
R07-02027,62410000,150000
R07-02028,42050000,150000
R07-02029,20240000,60000
R07-02030,7450000,20000
R07-02031,13880000,40000
R07-02032,62020000,150000
R07-02033,32040000,60000
R07-02034,43990000,150000
R07-02035,53800000,150000
R07-02036,42540000,150000
R07-02037,54260000,150000
R07-02038,46080000,150000
R07-02039,24230000,60000
R07-02040,84220000,300000
R07-02041,64110000,150000
R07-02042,21720000,60000
R07-02043,36170000,150000
R07-02044,2840000,0
R07-02045,4140000,0
R07-02046,65330000,150000
R07-02047,22340000,60000
R07-02048,22980000,60000
R07-02049,55400000,150000
R07-02050,35150000,150000
R07-02051,12410000,40000
R07-02052,45410000,150000
R07-02053,82940000,300000
R07-02054,83050000,300000
R07-02055,62420000,150000
R07-02056,73880000,300000
R07-02057,12480000,40000
R07-02058,25530000,60000
R07-02059,130370000,300000
R07-02060,14050000,40000
R07-02061,54400000,150000
R07-02062,72390000,300000
R07-02063,91510000,300000
R07-02064,32560000,60000
R07-02065,122500000,300000
R07-02066,63360000,150000
R07-02067,32780000,60000
R07-02068,173160000,600000
R07-02069,2310000,0
R07-02070,13640000,40000
R07-02071,31670000,60000
R07-02072,106000000,300000
R07-02073,92200000,300000
R07-02074,62470000,150000
R07-02075,10530000,40000
R07-02076,3790000,0
R07-02077,42830000,150000
R07-02078,61140000,150000
R07-02079,55660000,150000
R07-02080,42050000,150000
R07-02081,22810000,60000
R07-02082,43290000,150000
R07-02083,76100000,300000
R07-02084,20120000,60000
R07-02085,1550000,0
R07-02086,92490000,300000
R07-02087,1740000,0
R07-02088,42520000,150000
R07-02089,72680000,300000
R07-02090,15580000,40000
R07-02091,64390000,150000
R07-02092,11980000,40000
R07-02093,13550000,40000
R07-02094,4880000,0
R07-02095,58720000,150000
R07-02096,36050000,150000
R07-02097,3270000,0
R07-02098,172060000,600000
R07-02099,94050000,300000
R07-02100,90220000,300000
R07-02101,22190000,60000
R07-02102,55680000,150000
R07-02103,74630000,300000
R07-02104,91720000,300000
R07-02105,78770000,300000
R07-02106,42800000,150000
R07-02107,6600000,20000
R07-02108,2710000,0
R07-02109,31600000,60000
R07-02110,72400000,300000
R07-02111,27340000,60000
R07-02112,55250000,150000
R07-02113,73660000,300000
R07-02114,8000000,20000
R07-02115,8640000,20000
R07-02116,21380000,60000
R07-02117,37110000,150000
R07-02118,55580000,150000
R07-02119,31840000,60000
R07-02120,63480000,150000
R07-02121,32890000,60000
R07-02122,86640000,300000
R07-02123,21330000,60000
R07-02124,35150000,150000
R07-02125,12390000,40000
R07-02126,116860000,300000
R07-02127,53100000,150000
R07-02128,45200000,150000
R07-02129,44520000,150000
R07-02130,23740000,60000
R07-02131,34570000,150000
R07-02132,115310000,300000
R07-02133,66420000,150000
R07-02134,51680000,150000
R07-02135,2060000,0
R07-02136,15130000,40000
R07-02137,82110000,300000
R07-02138,51390000,150000
R07-02139,10580000,40000
R07-02140,950000,0
R07-02141,6940000,20000
R07-02142,102930000,300000
R07-02143,86400000,300000
R07-02144,42010000,150000
R07-02145,42560000,150000
R07-02146,53360000,150000
R07-02147,52200000,150000
R07-02148,44060000,150000
R07-02149,93000000,300000
R07-02150,44330000,150000
R07-02151,96620000,300000
R07-02152,52550000,150000
R07-02153,41810000,150000
R07-02154,113840000,300000
R07-02155,34850000,150000
R07-02156,70540000,300000
R07-02157,2410000,0
R07-02158,75650000,300000
R07-02159,51440000,150000
R07-02160,25300000,60000
R07-02161,8310000,20000
R07-02162,35240000,150000
R07-02163,30380000,60000
R07-02164,125880000,300000
R07-02165,63680000,150000
R07-02166,20630000,60000
R07-02167,14660000,40000
R07-02168,74560000,300000
R07-02169,18830000,40000
R07-02170,41780000,150000
R07-02171,61760000,150000
R07-02172,42410000,150000
R07-02173,12460000,40000
R07-02174,660000,0
R07-02175,5920000,20000
R07-02176,66740000,300000
R07-02177,25850000,60000
R07-02178,23730000,60000
R07-02179,53400000,150000
R07-02180,1270000,0
R07-02181,1660000,0
R07-02182,31130000,60000
R07-02183,31590000,60000
R07-02184,71160000,300000
R07-02185,18250000,40000
R07-02186,6010000,20000
R07-02187,8200000,20000
R07-02188,81780000,300000
R07-02189,16950000,40000
R07-02190,54530000,150000
R07-02191,45220000,150000
R07-02192,35880000,150000
R07-02193,11500000,40000
R07-02194,42430000,150000
R07-02195,3610000,0
R07-02196,104490000,300000
R07-02197,53610000,150000
R07-02198,70490000,300000
R07-02199,2800000,0
R07-02200,86160000,300000
R07-02201,2930000,0
R07-02202,55970000,150000
R07-02203,40900000,150000
R07-02204,4750000,0
R07-02205,16790000,40000
R07-02206,8060000,20000
R07-02207,29730000,60000
R07-02208,72650000,300000
R07-02209,45320000,150000
R07-02210,77540000,300000
R07-02211,34160000,150000
R07-02212,4360000,0
R07-02213,62710000,150000
R07-02214,94470000,300000
R07-02215,36470000,150000
R07-02216,23160000,60000
R07-02217,46240000,150000
R07-02218,12160000,40000
R07-02219,36970000,150000
R07-02220,36560000,150000
R07-02221,32260000,60000
R07-02222,103970000,300000
R07-02223,53640000,150000
R07-02224,22360000,60000
R07-02225,97630000,300000
R07-02226,22390000,60000
R07-02227,101760000,300000
R07-02228,6030000,20000
R07-02229,55560000,150000
R07-02230,3050000,0
R07-02231,42510000,150000
R07-02232,31960000,60000
R07-02233,4710000,0
R07-02234,86610000,300000
R07-02235,930000,0
R07-02236,36360000,150000
R07-02237,34150000,150000
R07-02238,41700000,150000
R07-02239,21370000,60000
R07-02240,39610000,150000
R07-02241,102520000,300000
R07-02242,1910000,0
R07-02243,7720000,20000
R07-02244,51490000,150000
R07-02245,62370000,150000
R07-02246,45230000,150000
R07-02247,2970000,0
R07-02248,21720000,60000
R07-02249,14260000,40000
R07-02250,137040000,600000
R07-02251,12300000,40000
R07-02252,13840000,40000
R07-02253,22010000,60000
R07-02254,67360000,300000
R07-02255,44510000,150000
R07-02256,23360000,60000
R07-02257,61920000,150000
R07-02258,63280000,150000
R07-02259,54910000,150000
R07-02260,22870000,60000
R07-02261,18260000,40000
R07-02262,22050000,60000
R07-02263,6310000,20000
R07-02264,31690000,60000
R07-02265,5580000,20000
R07-02266,7620000,20000
R07-02267,27570000,60000
R07-02268,2090000,0
R07-02269,25000000,60000
R07-02270,86630000,300000
R07-02271,88860000,300000
R07-02272,34780000,150000
R07-02273,63350000,150000
R07-02274,7070000,20000
R07-02275,58280000,150000
R07-02276,62280000,150000
R07-02277,54330000,150000
R07-02278,22150000,60000
R07-02279,21570000,60000
R07-02280,6130000,20000
R07-02281,47430000,150000
R07-02282,4320000,0
R07-02283,71960000,300000
R07-02284,61230000,150000
R07-02285,24580000,60000
R07-02286,41260000,150000
R07-02287,6600000,20000
R07-02288,24830000,60000
R07-02289,23160000,60000
R07-02290,18970000,40000
R07-02291,63020000,150000
R07-02292,57240000,150000
R07-02293,32200000,60000
R07-02294,33490000,150000
R07-02295,133770000,600000
R07-02296,35640000,150000
R07-02297,95820000,300000
R07-02298,121680000,300000
R07-02299,7660000,20000
R07-02300,44360000,150000
R07-02301,25680000,60000
R07-02302,19000000,40000
R07-02303,42130000,150000
R07-02304,46690000,150000
R07-02305,92530000,300000
R07-02306,63730000,150000
R07-02307,76920000,300000
R07-02308,47130000,150000
R07-02309,14980000,40000
R07-02310,71980000,300000
R07-02311,46970000,150000
R07-02312,32510000,60000
R07-02313,41950000,150000
R07-02314,31460000,60000
R07-02315,46670000,150000
R07-02316,62740000,150000
R07-02317,23410000,60000
R07-02318,75340000,300000
R07-02319,13620000,40000
R07-02320,24870000,60000
R07-02321,82330000,300000
R07-02322,7430000,20000
R07-02323,50910000,150000
R07-02324,3190000,0
R07-02325,101820000,300000
R07-02326,91960000,300000
R07-02327,24870000,60000
R07-02328,23600000,60000
R07-02329,17890000,40000
R07-02330,41590000,150000
R07-02331,55340000,150000
R07-02332,52400000,150000
R07-02333,24110000,60000
R07-02334,4570000,0
R07-02335,34880000,150000
R07-02336,36550000,150000
R07-02337,22200000,60000
R07-02338,8540000,20000
R07-02339,23670000,60000
R07-02340,36750000,150000
R07-02341,5850000,20000
R07-02342,82040000,300000
R07-02343,72520000,300000
R07-02344,52400000,150000
R07-02345,34960000,150000
R07-02346,41700000,150000
R07-02347,41960000,150000
R07-02348,13590000,40000
R07-02349,12290000,40000
R07-02350,102780000,300000
R07-02351,1210000,0
R07-02352,34380000,150000
R07-02353,41760000,150000
R07-02354,87250000,300000
R07-02355,7150000,20000
R07-02356,33050000,60000
R07-02357,10980000,40000
R07-02358,4800000,0
R07-02359,52200000,150000
R07-02360,21900000,60000
R07-02361,78420000,300000
R07-02362,21710000,60000
R07-02363,13230000,40000
R07-02364,41530000,150000
R07-02365,14060000,40000
R07-02366,102630000,300000
R07-02367,1950000,0
R07-02368,43990000,150000
R07-02369,61320000,150000
R07-02370,35310000,150000
R07-02371,35920000,150000
R07-02372,95510000,300000
R07-02373,83740000,300000
R07-02374,65940000,150000
R07-02375,56120000,150000
R07-02376,86630000,300000
R07-02377,21480000,60000
R07-02378,35140000,150000
R07-02379,1050000,0
R07-02380,37330000,150000
R07-02381,74120000,300000
R07-02382,26470000,60000
R07-02383,47770000,150000
R07-02384,72410000,300000
R07-02385,17410000,40000
R07-02386,173330000,600000
R07-02387,2430000,0
R07-02388,1560000,0
R07-02389,115250000,300000
R07-02390,460000,0
R07-02391,134850000,600000
R07-02392,12480000,40000
R07-02393,32420000,60000
R07-02394,34760000,150000
R07-02395,5650000,20000
R07-02396,45190000,150000
R07-02397,2640000,0
R07-02398,117950000,300000
R07-02399,34100000,150000
R07-02400,72390000,300000
R07-02401,3510000,0
R07-02402,11790000,40000
R07-02403,18320000,40000
R07-02404,72040000,300000
R07-02405,52690000,150000
R07-02406,42730000,150000
R07-02407,75070000,300000
R07-02408,55920000,150000
R07-02409,660000,0
R07-02410,4070000,0
R07-02411,26640000,60000
R07-02412,146240000,600000
R07-02413,114580000,300000
R07-02414,3030000,0
R07-02415,12530000,40000
R07-02416,43320000,150000
R07-02417,82530000,300000
R07-02418,62190000,150000
R07-02419,64100000,150000
R07-02420,88020000,300000
R07-02421,25960000,60000
R07-02422,14810000,40000
R07-02423,2700000,0
R07-02424,3840000,0
R07-02425,8230000,20000
R07-02426,4970000,0
R07-02427,21540000,60000
R07-02428,86130000,300000
R07-02429,47910000,150000
R07-02430,20550000,60000
R07-02431,37620000,150000
R07-02432,2660000,0
R07-02433,2980000,0
R07-02434,42080000,150000
R07-02435,3440000,0
R07-02436,14120000,40000
R07-02437,26280000,60000
R07-02438,21740000,60000
R07-02439,24600000,60000
R07-02440,21530000,60000
R07-02441,23640000,60000
R07-02442,1850000,0
R07-02443,44290000,150000
R07-02444,5190000,20000
R07-02445,18710000,40000
R07-02446,93260000,300000
R07-02447,22340000,60000
R07-02448,11090000,40000
R07-02449,35510000,150000
R07-02450,53110000,150000
R07-02451,24430000,60000
R07-02452,42970000,150000
R07-02453,81920000,300000
R07-02454,2290000,0
R07-02455,17050000,40000
R07-02456,126370000,300000
R07-02457,92490000,300000
R07-02458,1050000,0
R07-02459,41970000,150000
R07-02460,14300000,40000
R07-02461,72000000,300000
R07-02462,60580000,150000
R07-02463,4960000,0
R07-02464,6470000,20000
R07-02465,143630000,600000
R07-02466,62330000,150000
R07-02467,13460000,40000
R07-02468,50980000,150000
R07-02469,50610000,150000
R07-02470,33090000,60000
R07-02471,97570000,300000
R07-02472,24590000,60000
R07-02473,74890000,300000
R07-02474,40360000,150000
R07-02475,7220000,20000
R07-02476,31810000,60000
R07-02477,54440000,150000
R07-02478,44750000,150000
R07-02479,44560000,150000
R07-02480,25030000,60000
R07-02481,5850000,20000
R07-02482,53310000,150000
R07-02483,2580000,0
R07-02484,31610000,60000
R07-02485,23860000,60000
R07-02486,16110000,40000
R07-02487,18250000,40000
R07-02488,103330000,300000
R07-02489,5120000,20000
R07-02490,66890000,300000
R07-02491,87210000,300000
R07-02492,2690000,0
R07-02493,76730000,300000
R07-02494,25660000,60000
R07-02495,6020000,20000
R07-02496,114590000,300000
R07-02497,40230000,150000
R07-02498,21470000,60000
R07-02499,12820000,40000
R07-02500,43470000,150000
R07-02501,36880000,150000
R07-02502,14360000,40000
R07-02503,92510000,300000
R07-02504,3600000,0
R07-02505,15300000,40000
R07-02506,45460000,150000
R07-02507,130390000,300000
R07-02508,25320000,60000
R07-02509,3980000,0
R07-02510,15540000,40000
R07-02511,136370000,600000
R07-02512,23510000,60000
R07-02513,144210000,600000
R07-02514,76000000,300000
R07-02515,83910000,300000
R07-02516,22750000,60000
R07-02517,12610000,40000
R07-02518,4540000,0
R07-02519,4100000,0
R07-02520,54120000,150000
R07-02521,53200000,150000
R07-02522,100490000,300000
R07-02523,24550000,60000
R07-02524,26280000,60000
R07-02525,15280000,40000
R07-02526,25840000,60000
R07-02527,6470000,20000
R07-02528,22300000,60000
R07-02529,71480000,300000
R07-02530,44310000,150000
R07-02531,65970000,150000
R07-02532,11760000,40000
R07-02533,33130000,60000
R07-02534,69420000,300000
R07-02535,27340000,60000
R07-02536,76980000,300000
R07-02537,36610000,150000
R07-02538,74920000,300000
R07-02539,10660000,40000
R07-02540,72580000,300000
R07-02541,36460000,150000
R07-02542,91930000,300000
R07-02543,41670000,150000
R07-02544,43920000,150000
R07-02545,4640000,0
R07-02546,10990000,40000
R07-02547,72680000,300000
R07-02548,24030000,60000
R07-02549,51780000,150000
R07-02550,41500000,150000
R07-02551,52500000,150000
R07-02552,1950000,0
R07-02553,45010000,150000
R07-02554,22150000,60000
R07-02555,117280000,300000
R07-02556,82860000,300000
R07-02557,45510000,150000
R07-02558,96030000,300000
R07-02559,32900000,60000
R07-02560,41580000,150000
R07-02561,31920000,60000
R07-02562,8450000,20000
R07-02563,11770000,40000
R07-02564,43550000,150000
R07-02565,560000,0
R07-02566,86900000,300000
R07-02567,3210000,0
R07-02568,17340000,40000
R07-02569,8260000,20000
R07-02570,26980000,60000
R07-02571,62050000,150000
R07-02572,71760000,300000
R07-02573,7310000,20000
R07-02574,21610000,60000
R07-02575,23740000,60000
R07-02576,82030000,300000
R07-02577,2000000,0
R07-02578,12790000,40000
R07-02579,6950000,20000
R07-02580,43350000,150000
R07-02581,17510000,40000
R07-02582,59200000,150000
R07-02583,7170000,20000
R07-02584,43660000,150000
R07-02585,83420000,300000
R07-02586,2120000,0
R07-02587,86620000,300000
R07-02588,10920000,40000
R07-02589,106180000,300000
R07-02590,51880000,150000
R07-02591,10710000,40000
R07-02592,3880000,0
R07-02593,12390000,40000
R07-02594,55170000,150000
R07-02595,60470000,150000
R07-02596,84740000,300000
R07-02597,4720000,0
R07-02598,52260000,150000
R07-02599,13920000,40000
R07-02600,27250000,60000
R07-02601,71540000,300000
R07-02602,35800000,150000
R07-02603,93930000,300000
R07-02604,31840000,60000
R07-02605,7020000,20000
R07-02606,85620000,300000
R07-02607,5620000,20000
R07-02608,43860000,150000
R07-02609,11490000,40000
R07-02610,84210000,300000
R07-02611,6920000,20000
R07-02612,34610000,150000
R07-02613,6370000,20000
R07-02614,93100000,300000
R07-02615,4440000,0
R07-02616,72370000,300000
R07-02617,104150000,300000
R07-02618,12060000,40000
R07-02619,13180000,40000
R07-02620,112850000,300000
R07-02621,72030000,300000
R07-02622,42840000,150000
R07-02623,62900000,150000
R07-02624,25830000,60000
R07-02625,171540000,600000
R07-02626,21930000,60000
R07-02627,76960000,300000
R07-02628,47430000,150000
R07-02629,8200000,20000
R07-02630,8450000,20000
R07-02631,7160000,20000
R07-02632,24440000,60000
R07-02633,25290000,60000
R07-02634,103450000,300000
R07-02635,43320000,150000
R07-02636,5050000,20000
R07-02637,22370000,60000
R07-02638,124490000,300000
R07-02639,33040000,60000
R07-02640,12310000,40000
R07-02641,12240000,40000
R07-02642,4490000,0
R07-02643,16920000,40000
R07-02644,104670000,300000
R07-02645,45140000,150000
R07-02646,4680000,0
R07-02647,75920000,300000
R07-02648,3000000,0
R07-02649,29480000,60000
R07-02650,91910000,300000
R07-02651,5640000,20000
R07-02652,11560000,40000
R07-02653,40630000,150000
R07-02654,27240000,60000
R07-02655,43120000,150000
R07-02656,51990000,150000
R07-02657,53570000,150000
R07-02658,32350000,60000
R07-02659,10710000,40000
R07-02660,72910000,300000
R07-02661,16780000,40000
R07-02662,20980000,60000
R07-02663,12520000,40000
R07-02664,14760000,40000
R07-02665,1360000,0
R07-02666,3780000,0
R07-02667,37670000,150000
R07-02668,41060000,150000
R07-02669,34010000,150000
R07-02670,36210000,150000
R07-02671,32820000,60000
R07-02672,13680000,40000
R07-02673,2300000,0
R07-02674,12420000,40000
R07-02675,118100000,300000
R07-02676,51770000,150000
R07-02677,42810000,150000
R07-02678,38460000,150000
R07-02679,44310000,150000
R07-02680,52420000,150000
R07-02681,103110000,300000
R07-02682,21480000,60000
R07-02683,72320000,300000
R07-02684,61250000,150000
R07-02685,15240000,40000
R07-02686,14270000,40000
R07-02687,64560000,150000
R07-02688,54640000,150000
R07-02689,61220000,150000
R07-02690,70300000,300000
R07-02691,80770000,300000
R07-02692,55160000,150000
R07-02693,26760000,60000
R07-02694,52720000,150000
R07-02695,25970000,60000
R07-02696,72340000,300000
R07-02697,42580000,150000
R07-02698,46490000,150000
R07-02699,6360000,20000
R07-02700,34020000,150000
R07-02701,12100000,40000
R07-02702,114280000,300000
R07-02703,43210000,150000
R07-02704,5440000,20000
R07-02705,52130000,150000
R07-02706,54330000,150000
R07-02707,3550000,0
R07-02708,65420000,150000
R07-02709,54540000,150000
R07-02710,6130000,20000
R07-02711,103120000,300000
R07-02712,72380000,300000
R07-02713,43690000,150000
R07-02714,103680000,300000
R07-02715,27850000,60000
R07-02716,33220000,60000
R07-02717,60990000,150000
R07-02718,21780000,60000
R07-02719,5240000,20000
R07-02720,36600000,150000
R07-02721,67850000,300000
R07-02722,55560000,150000
R07-02723,17050000,40000
R07-02724,58200000,150000
R07-02725,14150000,40000
R07-02726,81740000,300000
R07-02727,12800000,40000
R07-02728,41960000,150000
R07-02729,33090000,60000
R07-02730,43460000,150000
R07-02731,31610000,60000
R07-02732,14550000,40000
R07-02733,16060000,40000
R07-02734,42520000,150000
R07-02735,35420000,150000
R07-02736,21960000,60000
R07-02737,48940000,150000
R07-02738,47400000,150000
R07-02739,83990000,300000
R07-02740,1800000,0
R07-02741,87010000,300000
R07-02742,12900000,40000
R07-02743,127500000,300000
R07-02744,12440000,40000
R07-02745,75080000,300000
R07-02746,61640000,150000
R07-02747,116730000,300000
R07-02748,22810000,60000
R07-02749,93020000,300000
R07-02750,78630000,300000
R07-02751,40870000,150000
R07-02752,6650000,20000
R07-02753,42420000,150000
R07-02754,22840000,60000
R07-02755,18170000,40000
R07-02756,52440000,150000
R07-02757,8250000,20000
R07-02758,15910000,40000
R07-02759,27510000,60000
R07-02760,9190000,20000
R07-02761,224400000,1000000
R07-02762,34090000,150000
R07-02763,22570000,60000
R07-02764,32940000,60000
R07-02765,15490000,40000
R07-02766,23550000,60000
R07-02767,5430000,20000
R07-02768,15640000,40000
R07-02769,92870000,300000
R07-02770,23480000,60000
R07-02771,36810000,150000
R07-02772,33610000,150000
R07-02773,36530000,150000
R07-02774,15080000,40000
R07-02775,53770000,150000
R07-02776,11800000,40000
R07-02777,13060000,40000
R07-02778,20790000,60000
R07-02779,54280000,150000
R07-02780,110780000,300000
R07-02781,2830000,0
R07-02782,31610000,60000
R07-02783,81000000,300000
R07-02784,55720000,150000
R07-02785,58290000,150000
R07-02786,41630000,150000
R07-02787,143150000,600000
R07-02788,2740000,0
R07-02789,24580000,60000
R07-02790,42460000,150000
R07-02791,11100000,40000
R07-02792,39030000,150000
R07-02793,71860000,300000
R07-02794,65590000,150000
R07-02795,28050000,60000
R07-02796,23710000,60000
R07-02797,43390000,150000
R07-02798,61870000,150000
R07-02799,32810000,60000
R07-02800,73170000,300000
R07-02801,84580000,300000
R07-02802,740000,0
R07-02803,1550000,0
R07-02804,14050000,40000
R07-02805,83100000,300000
R07-02806,93040000,300000
R07-02807,66530000,150000
R07-02808,65830000,150000
R07-02809,13290000,40000
R07-02810,88570000,300000
R07-02811,31510000,60000
R07-02812,1090000,0
R07-02813,10460000,40000
R07-02814,25210000,60000
R07-02815,2160000,0
R07-02816,11200000,40000
R07-02817,100650000,300000
R07-02818,37240000,150000
R07-02819,104170000,300000
R07-02820,23020000,60000
R07-02821,55450000,150000
R07-02822,14660000,40000
R07-02823,51350000,150000
R07-02824,20780000,60000
R07-02825,8210000,20000
R07-02826,3210000,0
R07-02827,14020000,40000
R07-02828,53220000,150000
R07-02829,18910000,40000
R07-02830,71290000,300000
R07-02831,11220000,40000
R07-02832,5140000,20000
R07-02833,3170000,0
R07-02834,10480000,40000
R07-02835,47620000,150000
R07-02836,74940000,300000
R07-02837,55820000,150000
R07-02838,46720000,150000
R07-02839,11750000,40000
R07-02840,36450000,150000
R07-02841,144920000,600000
R07-02842,12450000,40000
R07-02843,4480000,0
R07-02844,54990000,150000
R07-02845,42650000,150000
R07-02846,15770000,40000
R07-02847,2260000,0
R07-02848,23690000,60000
R07-02849,127560000,300000
R07-02850,34650000,150000
R07-02851,960000,0
R07-02852,25280000,60000
R07-02853,21200000,60000
R07-02854,53990000,150000
R07-02855,18830000,40000
R07-02856,25750000,60000
R07-02857,21990000,60000
R07-02858,21600000,60000
R07-02859,104810000,300000
R07-02860,148730000,600000
R07-02861,24370000,60000
R07-02862,3580000,0
R07-02863,58690000,150000
R07-02864,94020000,300000
R07-02865,23060000,60000
R07-02866,20390000,60000
R07-02867,1730000,0
R07-02868,32960000,60000
R07-02869,53850000,150000
R07-02870,72030000,300000
R07-02871,83670000,300000
R07-02872,33880000,150000
R07-02873,24820000,60000
R07-02874,4940000,0
R07-02875,32360000,60000
R07-02876,56100000,150000
R07-02877,61130000,150000
R07-02878,64290000,150000
R07-02879,8830000,20000
R07-02880,2800000,0
R07-02881,91000000,300000
R07-02882,72760000,300000
R07-02883,73340000,300000
R07-02884,52250000,150000
R07-02885,34800000,150000
R07-02886,83990000,300000
R07-02887,92840000,300000
R07-02888,1530000,0
R07-02889,3060000,0
R07-02890,74080000,300000
R07-02891,12340000,40000
R07-02892,77520000,300000
R07-02893,65710000,150000
R07-02894,15580000,40000
R07-02895,94210000,300000
R07-02896,36870000,150000
R07-02897,86590000,300000
R07-02898,3370000,0
R07-02899,135310000,600000
R07-02900,1810000,0
R07-02901,32280000,60000
R07-02902,13130000,40000
R07-02903,23470000,60000
R07-02904,2030000,0
R07-02905,6640000,20000
R07-02906,92320000,300000
R07-02907,32610000,60000
R07-02908,60800000,150000
R07-02909,51030000,150000
R07-02910,930000,0
R07-02911,62310000,150000
R07-02912,40830000,150000
R07-02913,33250000,60000
R07-02914,50470000,150000
R07-02915,18550000,40000
R07-02916,83630000,300000
R07-02917,36260000,150000
R07-02918,21370000,60000
R07-02919,77480000,300000
R07-02920,36030000,150000
R07-02921,1570000,0
R07-02922,15280000,40000
R07-02923,22960000,60000
R07-02924,95240000,300000
R07-02925,17530000,40000
R07-02926,34630000,150000
R07-02927,8990000,20000
R07-02928,72800000,300000
R07-02929,46700000,150000
R07-02930,72830000,300000
R07-02931,55180000,150000
R07-02932,23790000,60000
R07-02933,31660000,60000
R07-02934,126200000,300000
R07-02935,13140000,40000
R07-02936,28110000,60000
R07-02937,64400000,150000
R07-02938,44180000,150000
R07-02939,11690000,40000
R07-02940,144810000,600000
R07-02941,32900000,60000
R07-02942,3180000,0
R07-02943,62390000,150000
R07-02944,72060000,300000
R07-02945,53140000,150000
R07-02946,8500000,20000
R07-02947,2030000,0
R07-02948,22360000,60000
R07-02949,73790000,300000
R07-02950,700000,0
R07-02951,84070000,300000
R07-02952,93200000,300000
R07-02953,23210000,60000
R07-02954,71950000,300000
R07-02955,11920000,40000
R07-02956,12540000,40000
R07-02957,41210000,150000
R07-02958,44070000,150000
R07-02959,90760000,300000
R07-02960,93880000,300000
R07-02961,1760000,0
R07-02962,18050000,40000
R07-02963,5480000,20000
R07-02964,51640000,150000
R07-02965,45300000,150000
R07-02966,33500000,150000
R07-02967,62710000,150000
R07-02968,58570000,150000
R07-02969,2370000,0
R07-02970,104320000,300000
R07-02971,3390000,0
R07-02972,72550000,300000
R07-02973,1360000,0
R07-02974,32440000,60000
R07-02975,41280000,150000
R07-02976,130650000,300000
R07-02977,32740000,60000
R07-02978,26620000,60000
R07-02979,2910000,0
R07-02980,4430000,0
R07-02981,12660000,40000
R07-02982,12060000,40000
R07-02983,3980000,0
R07-02984,34480000,150000
R07-02985,3520000,0
R07-02986,67670000,300000
R07-02987,770000,0
R07-02988,126950000,300000
R07-02989,81980000,300000
R07-02990,94930000,300000
R07-02991,12380000,40000
R07-02992,45850000,150000
R07-02993,55650000,150000
R07-02994,6120000,20000
R07-02995,12420000,40000
R07-02996,43310000,150000
R07-02997,25360000,60000
R07-02998,75360000,300000
R07-02999,27490000,60000
R07-03000,122430000,300000
R07-03001,102220000,300000
R07-03002,11390000,40000
R07-03003,41390000,150000
R07-03004,7510000,20000
R07-03005,52310000,150000
R07-03006,111320000,300000
R07-03007,175590000,600000
R07-03008,82320000,300000
R07-03009,23890000,60000
R07-03010,21560000,60000
R07-03011,11870000,40000
R07-03012,3770000,0
R07-03013,62480000,150000
R07-03014,36760000,150000
R07-03015,56820000,150000
R07-03016,25780000,60000
R07-03017,73690000,300000
R07-03018,47110000,150000
R07-03019,43840000,150000
R07-03020,42570000,150000
R07-03021,45720000,150000
R07-03022,25740000,60000
R07-03023,152930000,600000
R07-03024,13780000,40000
R07-03025,64020000,150000
R07-03026,136870000,600000
R07-03027,5890000,20000
R07-03028,32920000,60000
R07-03029,2990000,0
R07-03030,5790000,20000
R07-03031,21990000,60000
R07-03032,33070000,60000
R07-03033,73050000,300000
R07-03034,26200000,60000
R07-03035,96170000,300000
R07-03036,4210000,0
R07-03037,22400000,60000
R07-03038,40290000,150000
R07-03039,15090000,40000
R07-03040,41190000,150000
R07-03041,43790000,150000
R07-03042,43430000,150000
R07-03043,62350000,150000
R07-03044,174370000,600000
R07-03045,15870000,40000
R07-03046,42670000,150000
R07-03047,52260000,150000
R07-03048,13890000,40000
R07-03049,34120000,150000
R07-03050,91230000,300000
R07-03051,22600000,60000
R07-03052,8300000,20000
R07-03053,156210000,600000
R07-03054,44200000,150000
R07-03055,38600000,150000
R07-03056,22720000,60000
R07-03057,10470000,40000
R07-03058,2530000,0
R07-03059,83730000,300000
R07-03060,67520000,300000
R07-03061,25510000,60000
R07-03062,55610000,150000
R07-03063,25540000,60000
R07-03064,35400000,150000
R07-03065,34590000,150000
R07-03066,42150000,150000
R07-03067,22540000,60000
R07-03068,32360000,60000
R07-03069,82110000,300000
R07-03070,33010000,60000
R07-03071,75190000,300000
R07-03072,92660000,300000
R07-03073,16630000,40000
R07-03074,23520000,60000
R07-03075,16390000,40000
R07-03076,1550000,0
R07-03077,43250000,150000
R07-03078,24980000,60000
R07-03079,47460000,150000
R07-03080,69640000,300000
R07-03081,60620000,150000
R07-03082,24640000,60000
R07-03083,41480000,150000
R07-03084,54130000,150000
R07-03085,5750000,20000
R07-03086,24900000,60000
R07-03087,32310000,60000
R07-03088,35080000,150000
R07-03089,33690000,150000
R07-03090,51090000,150000
R07-03091,21200000,60000
R07-03092,103400000,300000
R07-03093,43610000,150000
R07-03094,55420000,150000
R07-03095,1800000,0
R07-03096,23680000,60000
R07-03097,32220000,60000
R07-03098,71030000,300000
R07-03099,62470000,150000
R07-03100,1870000,0
R07-03101,77630000,300000
R07-03102,84280000,300000
R07-03103,27200000,60000
R07-03104,12080000,40000
R07-03105,3420000,0
R07-03106,62300000,150000
R07-03107,22920000,60000
R07-03108,41690000,150000
R07-03109,52770000,150000
R07-03110,23130000,60000
R07-03111,2530000,0
R07-03112,75910000,300000
R07-03113,14740000,40000
R07-03114,15220000,40000
R07-03115,5580000,20000
R07-03116,6020000,20000
R07-03117,15650000,40000
R07-03118,6130000,20000
R07-03119,13770000,40000
R07-03120,41600000,150000
R07-03121,36530000,150000
R07-03122,35650000,150000
R07-03123,61320000,150000
R07-03124,41240000,150000
R07-03125,72650000,300000
R07-03126,38470000,150000
R07-03127,91100000,300000
R07-03128,3020000,0
R07-03129,15020000,40000
R07-03130,64830000,150000
R07-03131,11680000,40000
R07-03132,73100000,300000
R07-03133,32410000,60000
R07-03134,63420000,150000
R07-03135,211450000,1000000
R07-03136,127830000,300000
R07-03137,43150000,150000
R07-03138,18920000,40000
R07-03139,15980000,40000
R07-03140,2890000,0
R07-03141,4280000,0
R07-03142,21800000,60000
R07-03143,2610000,0
R07-03144,44170000,150000
R07-03145,21300000,60000
R07-03146,155020000,600000
R07-03147,66110000,150000
R07-03148,125810000,300000
R07-03149,107170000,300000
R07-03150,63130000,150000
R07-03151,73510000,300000
R07-03152,63150000,150000
R07-03153,31940000,60000
R07-03154,28920000,60000
R07-03155,5680000,20000
R07-03156,50240000,150000
R07-03157,71530000,300000
R07-03158,131290000,300000
R07-03159,101690000,300000
R07-03160,36110000,150000
R07-03161,92280000,300000
R07-03162,53510000,150000
R07-03163,72830000,300000
R07-03164,21090000,60000
R07-03165,22000000,60000
R07-03166,24660000,60000
R07-03167,13100000,40000
R07-03168,132620000,300000
R07-03169,25510000,60000
R07-03170,1350000,0
R07-03171,151170000,600000
R07-03172,53230000,150000
R07-03173,35330000,150000
R07-03174,21630000,60000
R07-03175,23840000,60000
R07-03176,33730000,150000
R07-03177,113050000,300000
R07-03178,71550000,300000
R07-03179,31440000,60000
R07-03180,3850000,0
R07-03181,113990000,300000
R07-03182,42490000,150000
R07-03183,66810000,300000
R07-03184,33110000,60000
R07-03185,21790000,60000
R07-03186,21020000,60000
R07-03187,70150000,300000
R07-03188,22400000,60000
R07-03189,17600000,40000
R07-03190,3320000,0
R07-03191,42320000,150000
R07-03192,14230000,40000
R07-03193,37310000,150000
R07-03194,31630000,60000
R07-03195,41350000,150000
R07-03196,2360000,0
R07-03197,1710000,0
R07-03198,24110000,60000
R07-03199,17570000,40000
R07-03200,22030000,60000
R07-03201,26860000,60000
R07-03202,13230000,40000
R07-03203,14500000,40000
R07-03204,34470000,150000
R07-03205,33130000,60000
R07-03206,81350000,300000
R07-03207,26920000,60000
R07-03208,92720000,300000
R07-03209,3060000,0
R07-03210,32160000,60000
R07-03211,71550000,300000
R07-03212,44400000,150000
R07-03213,37460000,150000
R07-03214,44320000,150000
R07-03215,53110000,150000
R07-03216,46170000,150000
R07-03217,27840000,60000
R07-03218,3700000,0
R07-03219,12380000,40000
R07-03220,115510000,300000
R07-03221,22000000,60000
R07-03222,72480000,300000
R07-03223,2480000,0
R07-03224,93450000,300000
R07-03225,56460000,150000
R07-03226,5010000,20000
R07-03227,34520000,150000
R07-03228,73850000,300000
R07-03229,24210000,60000
R07-03230,23940000,60000
R07-03231,40200000,150000
R07-03232,13230000,40000
R07-03233,6450000,20000
R07-03234,126180000,300000
R07-03235,74600000,300000
R07-03236,2290000,0
R07-03237,24760000,60000
R07-03238,41690000,150000
R07-03239,43630000,150000
R07-03240,71900000,300000
R07-03241,36940000,150000
R07-03242,112850000,300000
R07-03243,47310000,150000
R07-03244,35880000,150000
R07-03245,54160000,150000
R07-03246,117660000,300000
R07-03247,33130000,60000
R07-03248,44290000,150000
R07-03249,1560000,0
R07-03250,90450000,300000
R07-03251,56820000,150000
R07-03252,2240000,0
R07-03253,2090000,0
R07-03254,80880000,300000
R07-03255,71690000,300000
R07-03256,73910000,300000
R07-03257,82410000,300000
R07-03258,35040000,150000
R07-03259,4370000,0
R07-03260,75910000,300000
R07-03261,21530000,60000
R07-03262,13850000,40000
R07-03263,1890000,0
R07-03264,44980000,150000
R07-03265,102280000,300000
R07-03266,40720000,150000
R07-03267,35160000,150000
R07-03268,6940000,20000
R07-03269,81750000,300000
R07-03270,23280000,60000
R07-03271,21940000,60000
R07-03272,104380000,300000
R07-03273,6450000,20000
R07-03274,24470000,60000
R07-03275,5840000,20000
R07-03276,65320000,150000
R07-03277,32210000,60000
R07-03278,4430000,0
R07-03279,11560000,40000
R07-03280,43830000,150000
R07-03281,32070000,60000
R07-03282,51830000,150000
R07-03283,40880000,150000
R07-03284,21890000,60000
R07-03285,102230000,300000
R07-03286,26460000,60000
R07-03287,35100000,150000
R07-03288,101420000,300000
R07-03289,16830000,40000
R07-03290,38730000,150000
R07-03291,5660000,20000
R07-03292,132270000,300000
R07-03293,33890000,150000
R07-03294,10620000,40000
R07-03295,73830000,300000
R07-03296,13860000,40000
R07-03297,95330000,300000
R07-03298,4430000,0
R07-03299,24040000,60000
R07-03300,45910000,150000
R07-03301,20200000,60000
R07-03302,22720000,60000
R07-03303,44960000,150000
R07-03304,20920000,60000
R07-03305,46920000,150000
R07-03306,84720000,300000
R07-03307,18390000,40000
R07-03308,18260000,40000
R07-03309,54450000,150000
R07-03310,3810000,0
R07-03311,45930000,150000
R07-03312,41040000,150000
R07-03313,81370000,300000
R07-03314,41690000,150000
R07-03315,35030000,150000
R07-03316,21770000,60000
R07-03317,50400000,150000
R07-03318,31970000,60000
R07-03319,54480000,150000
R07-03320,120610000,300000
R07-03321,43900000,150000
R07-03322,61960000,150000
R07-03323,68620000,300000
R07-03324,23420000,60000
R07-03325,1060000,0
R07-03326,13700000,40000
R07-03327,53710000,150000
R07-03328,72620000,300000
R07-03329,800000,0
R07-03330,62250000,150000
R07-03331,46280000,150000
R07-03332,680000,0
R07-03333,6100000,20000
R07-03334,108460000,300000
R07-03335,81460000,300000
R07-03336,86690000,300000
R07-03337,5860000,20000
R07-03338,1440000,0
R07-03339,4410000,0
R07-03340,33560000,150000
R07-03341,15560000,40000
R07-03342,4610000,0
R07-03343,41570000,150000
R07-03344,42240000,150000
R07-03345,630000,0
R07-03346,11110000,40000
R07-03347,5650000,20000
R07-03348,123140000,300000
R07-03349,56250000,150000
R07-03350,55810000,150000
R07-03351,24080000,60000
R07-03352,34610000,150000
R07-03353,38050000,150000
R07-03354,47110000,150000
R07-03355,11960000,40000
R07-03356,51270000,150000
R07-03357,113420000,300000
R07-03358,56110000,150000
R07-03359,21630000,60000
R07-03360,74990000,300000
R07-03361,20570000,60000
R07-03362,35280000,150000
R07-03363,96570000,300000
R07-03364,42600000,150000
R07-03365,930000,0
R07-03366,43580000,150000
R07-03367,64650000,150000
R07-03368,23530000,60000
R07-03369,12220000,40000
R07-03370,37170000,150000
R07-03371,41020000,150000
R07-03372,23150000,60000
R07-03373,84940000,300000
R07-03374,58500000,150000
R07-03375,30560000,60000
R07-03376,3970000,0
R07-03377,82120000,300000
R07-03378,76420000,300000
R07-03379,82140000,300000
R07-03380,114300000,300000
R07-03381,51940000,150000
R07-03382,13570000,40000
R07-03383,23640000,60000
R07-03384,36770000,150000
R07-03385,72380000,300000
R07-03386,62250000,150000
R07-03387,52180000,150000
R07-03388,13450000,40000
R07-03389,230950000,1000000
R07-03390,86050000,300000
R07-03391,25370000,60000
R07-03392,94270000,300000
R07-03393,13310000,40000
R07-03394,64330000,150000
R07-03395,4470000,0
R07-03396,34380000,150000
R07-03397,71670000,300000
R07-03398,21710000,60000
R07-03399,14990000,40000
R07-03400,26380000,60000
R07-03401,62450000,150000
R07-03402,138310000,600000
R07-03403,33250000,60000
R07-03404,10880000,40000
R07-03405,27210000,60000
R07-03406,22960000,60000
R07-03407,22510000,60000
R07-03408,83410000,300000
R07-03409,113840000,300000
R07-03410,47150000,150000
R07-03411,107300000,300000
R07-03412,60770000,150000
R07-03413,141690000,600000
R07-03414,64380000,150000
R07-03415,73350000,300000
R07-03416,63500000,150000
R07-03417,61840000,150000
R07-03418,73640000,300000
R07-03419,34140000,150000
R07-03420,62760000,150000
R07-03421,38250000,150000
R07-03422,52540000,150000
R07-03423,71690000,300000
R07-03424,23220000,60000
R07-03425,22050000,60000
R07-03426,20990000,60000
R07-03427,1760000,0
R07-03428,20450000,60000
R07-03429,34160000,150000
R07-03430,136740000,600000
R07-03431,23000000,60000
R07-03432,22750000,60000
R07-03433,10650000,40000
R07-03434,14480000,40000
R07-03435,27510000,60000
R07-03436,81480000,300000
R07-03437,51410000,150000
R07-03438,108430000,300000
R07-03439,2260000,0
R07-03440,64850000,150000
R07-03441,5430000,20000
R07-03442,71110000,300000
R07-03443,86780000,300000
R07-03444,103390000,300000
R07-03445,95140000,300000
R07-03446,46130000,150000
R07-03447,66440000,150000
R07-03448,114290000,300000
R07-03449,103640000,300000
R07-03450,76740000,300000
R07-03451,44720000,150000
R07-03452,64810000,150000
R07-03453,13450000,40000
R07-03454,64840000,150000
R07-03455,74200000,300000
R07-03456,32770000,60000
R07-03457,2000000,0
R07-03458,83620000,300000
R07-03459,33850000,150000
R07-03460,37180000,150000
R07-03461,105590000,300000
R07-03462,12910000,40000
R07-03463,16460000,40000
R07-03464,33100000,60000
R07-03465,84750000,300000
R07-03466,48670000,150000
R07-03467,42300000,150000
R07-03468,10730000,40000
R07-03469,18710000,40000
R07-03470,16180000,40000
R07-03471,17620000,40000
R07-03472,14520000,40000
R07-03473,34440000,150000
R07-03474,73430000,300000
R07-03475,45320000,150000
R07-03476,41680000,150000
R07-03477,132300000,300000
R07-03478,13630000,40000
R07-03479,138950000,600000
R07-03480,72290000,300000
R07-03481,72910000,300000
R07-03482,54930000,150000
R07-03483,38380000,150000
R07-03484,62160000,150000
R07-03485,2040000,0
R07-03486,46040000,150000
R07-03487,47350000,150000
R07-03488,41940000,150000
R07-03489,85080000,300000
R07-03490,57220000,150000
R07-03491,77380000,300000
R07-03492,53720000,150000
R07-03493,1540000,0
R07-03494,55550000,150000
R07-03495,47170000,150000
R07-03496,70710000,300000
R07-03497,14560000,40000
R07-03498,5520000,20000
R07-03499,13740000,40000
R07-03500,24620000,60000
R07-03501,56050000,150000
R07-03502,4530000,0
R07-03503,2040000,0
R07-03504,58700000,150000
R07-03505,71500000,300000
R07-03506,24270000,60000
R07-03507,2370000,0
R07-03508,56530000,150000
R07-03509,45390000,150000
R07-03510,12070000,40000
R07-03511,14640000,40000
R07-03512,61800000,150000
R07-03513,62070000,150000
R07-03514,114310000,300000
R07-03515,10770000,40000
R07-03516,54230000,150000
R07-03517,72920000,300000
R07-03518,100990000,300000
R07-03519,37130000,150000
R07-03520,11100000,40000
R07-03521,2480000,0
R07-03522,1810000,0
R07-03523,61700000,150000
R07-03524,42410000,150000
R07-03525,67030000,300000
R07-03526,92400000,300000
R07-03527,41130000,150000
R07-03528,15950000,40000
R07-03529,31840000,60000
R07-03530,63660000,150000
R07-03531,36500000,150000
R07-03532,72320000,300000
R07-03533,101910000,300000
R07-03534,50580000,150000
R07-03535,35060000,150000
R07-03536,31770000,60000
R07-03537,3220000,0
R07-03538,39190000,150000
R07-03539,43630000,150000
R07-03540,25960000,60000
R07-03541,37020000,150000
R07-03542,95130000,300000
R07-03543,5630000,20000
R07-03544,32170000,60000
R07-03545,31440000,60000
R07-03546,26400000,60000
R07-03547,30250000,60000
R07-03548,73560000,300000
R07-03549,81980000,300000
R07-03550,23170000,60000
R07-03551,13310000,40000
R07-03552,22880000,60000
R07-03553,18300000,40000
R07-03554,63170000,150000
R07-03555,46100000,150000
R07-03556,22540000,60000
R07-03557,44790000,150000
R07-03558,21330000,60000
R07-03559,44190000,150000
R07-03560,5190000,20000
R07-03561,34540000,150000
R07-03562,47280000,150000
R07-03563,42380000,150000
R07-03564,1300000,0
R07-03565,30840000,60000
R07-03566,12020000,40000
R07-03567,34600000,150000
R07-03568,77010000,300000
R07-03569,126560000,300000
R07-03570,3690000,0
R07-03571,112620000,300000
R07-03572,77360000,300000
R07-03573,7070000,20000
R07-03574,35350000,150000
R07-03575,12770000,40000
R07-03576,15140000,40000
R07-03577,32390000,60000
R07-03578,78370000,300000
R07-03579,95560000,300000
R07-03580,1310000,0
R07-03581,23290000,60000
R07-03582,33690000,150000
R07-03583,98050000,300000
R07-03584,126990000,300000
R07-03585,16760000,40000
R07-03586,26030000,60000
R07-03587,16220000,40000
R07-03588,47000000,150000
R07-03589,32000000,60000
R07-03590,80950000,300000
R07-03591,43230000,150000
R07-03592,12190000,40000
R07-03593,42830000,150000
R07-03594,2580000,0
R07-03595,87210000,300000
R07-03596,36210000,150000
R07-03597,66310000,150000
R07-03598,31490000,60000
R07-03599,65570000,150000
R07-03600,36770000,150000
R07-03601,152330000,600000
R07-03602,13170000,40000
R07-03603,25060000,60000
R07-03604,62170000,150000
R07-03605,12110000,40000
R07-03606,12310000,40000
R07-03607,84820000,300000
R07-03608,14950000,40000
R07-03609,131060000,300000
R07-03610,26590000,60000
R07-03611,33630000,150000
R07-03612,81660000,300000
R07-03613,95940000,300000
R07-03614,71220000,300000
R07-03615,28290000,60000
R07-03616,155220000,600000
R07-03617,31200000,60000
R07-03618,510000,0
R07-03619,75950000,300000
R07-03620,22280000,60000
R07-03621,62840000,150000
R07-03622,64110000,150000
R07-03623,6890000,20000
R07-03624,68830000,300000
R07-03625,43980000,150000
R07-03626,3850000,0
R07-03627,33710000,150000
R07-03628,2220000,0
R07-03629,15120000,40000
R07-03630,82520000,300000
R07-03631,54680000,150000
R07-03632,118230000,300000
R07-03633,83120000,300000
R07-03634,12000000,40000
R07-03635,234250000,1000000
R07-03636,77700000,300000
R07-03637,82650000,300000
R07-03638,45620000,150000
R07-03639,4760000,0
R07-03640,70850000,300000
R07-03641,37660000,150000
R07-03642,1740000,0
R07-03643,66650000,150000
R07-03644,12310000,40000
R07-03645,60360000,150000
R07-03646,46410000,150000
R07-03647,3940000,0
R07-03648,24680000,60000
R07-03649,32460000,60000
R07-03650,44190000,150000
R07-03651,22400000,60000
R07-03652,81840000,300000
R07-03653,28680000,60000
R07-03654,83640000,300000
R07-03655,2080000,0
R07-03656,70690000,300000
R07-03657,84280000,300000
R07-03658,74230000,300000
R07-03659,48970000,150000
R07-03660,76370000,300000
R07-03661,94620000,300000
R07-03662,96310000,300000
R07-03663,31340000,60000
R07-03664,31740000,60000
R07-03665,2330000,0
R07-03666,77160000,300000
R07-03667,122420000,300000
R07-03668,113060000,300000
R07-03669,85000000,300000
R07-03670,27310000,60000
R07-03671,84710000,300000
R07-03672,34610000,150000
R07-03673,17220000,40000
R07-03674,14330000,40000
R07-03675,76390000,300000
R07-03676,39880000,150000
R07-03677,113330000,300000
R07-03678,67540000,300000
R07-03679,82680000,300000
R07-03680,43880000,150000
R07-03681,22380000,60000
R07-03682,24500000,60000
R07-03683,2590000,0
R07-03684,45080000,150000
R07-03685,83960000,300000
R07-03686,6010000,20000
R07-03687,5080000,20000
R07-03688,24380000,60000
R07-03689,55670000,150000
R07-03690,87930000,300000
R07-03691,1440000,0
R07-03692,13260000,40000
R07-03693,8340000,20000
R07-03694,61810000,150000
R07-03695,16280000,40000
R07-03696,52600000,150000
R07-03697,92380000,300000
R07-03698,23610000,60000
R07-03699,62230000,150000
R07-03700,57760000,150000
R07-03701,85230000,300000
R07-03702,23980000,60000
R07-03703,62250000,150000
R07-03704,21490000,60000
R07-03705,74210000,300000
R07-03706,43290000,150000
R07-03707,11320000,40000
R07-03708,123090000,300000
R07-03709,11500000,40000
R07-03710,41630000,150000
R07-03711,36990000,150000
R07-03712,4120000,0
R07-03713,70420000,300000
R07-03714,21220000,60000
R07-03715,21050000,60000
R07-03716,53970000,150000
R07-03717,38100000,150000
R07-03718,840000,0
R07-03719,52900000,150000
R07-03720,101830000,300000
R07-03721,14630000,40000
R07-03722,47880000,150000
R07-03723,21710000,60000
R07-03724,26160000,60000
R07-03725,114220000,300000
R07-03726,4190000,0
R07-03727,20660000,60000
R07-03728,27110000,60000
R07-03729,56740000,150000
R07-03730,24880000,60000
R07-03731,123430000,300000
R07-03732,22410000,60000
R07-03733,25350000,60000
R07-03734,94020000,300000
R07-03735,11510000,40000
R07-03736,45960000,150000
R07-03737,66150000,150000
R07-03738,74500000,300000
R07-03739,22430000,60000
R07-03740,26100000,60000
R07-03741,73510000,300000
R07-03742,24720000,60000
R07-03743,4290000,0
R07-03744,92780000,300000
R07-03745,7010000,20000
R07-03746,82440000,300000
R07-03747,950000,0
R07-03748,77720000,300000
R07-03749,55750000,150000
R07-03750,6980000,20000
R07-03751,17590000,40000
R07-03752,43630000,150000
R07-03753,103150000,300000
R07-03754,144100000,600000
R07-03755,36550000,150000
R07-03756,14120000,40000
R07-03757,14300000,40000
R07-03758,2310000,0
R07-03759,72100000,300000
R07-03760,72570000,300000
R07-03761,85310000,300000
R07-03762,7400000,20000
R07-03763,54710000,150000
R07-03764,37960000,150000
R07-03765,50600000,150000
R07-03766,1010000,0
R07-03767,32310000,60000
R07-03768,61890000,150000
R07-03769,8050000,20000
R07-03770,74020000,300000
R07-03771,93170000,300000
R07-03772,11210000,40000
R07-03773,131840000,300000
R07-03774,18180000,40000
R07-03775,67930000,300000
R07-03776,44440000,150000
R07-03777,56260000,150000
R07-03778,85900000,300000
R07-03779,23400000,60000
R07-03780,29230000,60000
R07-03781,27030000,60000
R07-03782,100950000,300000
R07-03783,23990000,60000
R07-03784,98240000,300000
R07-03785,15690000,40000
R07-03786,12560000,40000
R07-03787,21800000,60000
R07-03788,970000,0
R07-03789,45770000,150000
R07-03790,64920000,150000
R07-03791,127080000,300000
R07-03792,28840000,60000
R07-03793,56000000,150000
R07-03794,26420000,60000
R07-03795,25740000,60000
R07-03796,42600000,150000
R07-03797,59700000,150000
R07-03798,67660000,300000
R07-03799,61120000,150000
R07-03800,13860000,40000
R07-03801,23820000,60000
R07-03802,53770000,150000
R07-03803,102010000,300000
R07-03804,28090000,60000
R07-03805,43980000,150000
R07-03806,38970000,150000
R07-03807,31880000,60000
R07-03808,92970000,300000
R07-03809,23360000,60000
R07-03810,10890000,40000
R07-03811,13840000,40000
R07-03812,23940000,60000
R07-03813,53660000,150000
R07-03814,62530000,150000
R07-03815,7120000,20000
R07-03816,26060000,60000
R07-03817,43570000,150000
R07-03818,3400000,0
R07-03819,52480000,150000
R07-03820,52260000,150000
R07-03821,56530000,150000
R07-03822,2490000,0
R07-03823,4520000,0
R07-03824,75490000,300000
R07-03825,84110000,300000
R07-03826,10930000,40000
R07-03827,47090000,150000
R07-03828,13440000,40000
R07-03829,14660000,40000
R07-03830,31790000,60000
R07-03831,7930000,20000
R07-03832,54010000,150000
R07-03833,34380000,150000
R07-03834,72030000,300000
R07-03835,52040000,150000
R07-03836,55420000,150000
R07-03837,20790000,60000
R07-03838,22980000,60000
R07-03839,12450000,40000
R07-03840,126380000,300000
R07-03841,61580000,150000
R07-03842,64410000,150000
R07-03843,26460000,60000
R07-03844,21990000,60000
R07-03845,93660000,300000
R07-03846,63060000,150000
R07-03847,26330000,60000
R07-03848,42310000,150000
R07-03849,11560000,40000
R07-03850,42500000,150000
R07-03851,57130000,150000
R07-03852,43040000,150000
R07-03853,45030000,150000
R07-03854,22860000,60000
R07-03855,3260000,0
R07-03856,35730000,150000
R07-03857,33870000,150000
R07-03858,117610000,300000
R07-03859,112410000,300000
R07-03860,60780000,150000
R07-03861,14590000,40000
R07-03862,40740000,150000
R07-03863,34340000,150000
R07-03864,16330000,40000
R07-03865,62190000,150000
R07-03866,63430000,150000
R07-03867,13840000,40000
R07-03868,62950000,150000
R07-03869,23150000,60000
R07-03870,33240000,60000
R07-03871,14730000,40000
R07-03872,37690000,150000
R07-03873,37110000,150000
R07-03874,48200000,150000
R07-03875,81440000,300000
R07-03876,95220000,300000
R07-03877,61080000,150000
R07-03878,32300000,60000
R07-03879,23240000,60000
R07-03880,43040000,150000
R07-03881,1200000,0
R07-03882,46620000,150000
R07-03883,27880000,60000
R07-03884,11060000,40000
R07-03885,18170000,40000
R07-03886,145990000,600000
R07-03887,50470000,150000
R07-03888,13170000,40000
R07-03889,76500000,300000
R07-03890,6750000,20000
R07-03891,13760000,40000
R07-03892,1800000,0
R07-03893,12850000,40000
R07-03894,2800000,0
R07-03895,2260000,0
R07-03896,114200000,300000
R07-03897,83980000,300000
R07-03898,43140000,150000
R07-03899,33830000,150000
R07-03900,53120000,150000
R07-03901,21000000,60000
R07-03902,20900000,60000
R07-03903,71910000,300000
R07-03904,21700000,60000
R07-03905,72690000,300000
R07-03906,25390000,60000
R07-03907,6340000,20000
R07-03908,22770000,60000
R07-03909,26340000,60000
R07-03910,20480000,60000
R07-03911,22930000,60000
R07-03912,81780000,300000
R07-03913,6380000,20000
R07-03914,4580000,0
R07-03915,2440000,0
R07-03916,143450000,600000
R07-03917,2310000,0
R07-03918,32880000,60000
R07-03919,5510000,20000
R07-03920,21670000,60000
R07-03921,31420000,60000
R07-03922,46170000,150000
R07-03923,33560000,150000
R07-03924,116380000,300000
R07-03925,34950000,150000
R07-03926,69140000,300000
R07-03927,77350000,300000
R07-03928,34460000,150000
R07-03929,42800000,150000
R07-03930,49230000,150000
R07-03931,17770000,40000
R07-03932,71940000,300000
R07-03933,24630000,60000
R07-03934,76780000,300000
R07-03935,5820000,20000
R07-03936,123470000,300000
R07-03937,6090000,20000
R07-03938,7360000,20000
R07-03939,32750000,60000
R07-03940,63430000,150000
R07-03941,4400000,0
R07-03942,45160000,150000
R07-03943,3850000,0
R07-03944,25090000,60000
R07-03945,116370000,300000
R07-03946,22750000,60000
R07-03947,23930000,60000
R07-03948,41100000,150000
R07-03949,23020000,60000
R07-03950,6410000,20000
R07-03951,124430000,300000
R07-03952,55730000,150000
R07-03953,74740000,300000
R07-03954,34100000,150000
R07-03955,51360000,150000
R07-03956,33640000,150000
R07-03957,41030000,150000
R07-03958,84150000,300000
R07-03959,47420000,150000
R07-03960,63650000,150000
R07-03961,33320000,60000
R07-03962,2590000,0
R07-03963,62970000,150000
R07-03964,121370000,300000
R07-03965,84020000,300000
R07-03966,64140000,150000
R07-03967,13600000,40000
R07-03968,2980000,0
R07-03969,31550000,60000
R07-03970,6970000,20000
R07-03971,35460000,150000
R07-03972,85100000,300000
R07-03973,6670000,20000
R07-03974,86070000,300000
R07-03975,13320000,40000
R07-03976,92840000,300000
R07-03977,3410000,0
R07-03978,35980000,150000
R07-03979,35410000,150000
R07-03980,25980000,60000
R07-03981,12290000,40000
R07-03982,31680000,60000
R07-03983,33110000,60000
R07-03984,72220000,300000
R07-03985,56380000,150000
R07-03986,46250000,150000
R07-03987,78960000,300000
R07-03988,65180000,150000
R07-03989,92750000,300000
R07-03990,62780000,150000
R07-03991,7670000,20000
R07-03992,28330000,60000
R07-03993,5040000,20000
R07-03994,18910000,40000
R07-03995,25020000,60000
R07-03996,22160000,60000
R07-03997,14200000,40000
R07-03998,36770000,150000
R07-03999,97010000,300000
R07-04000,77500000,300000
R07-04001,2770000,0
R07-04002,34520000,150000
R07-04003,40710000,150000
R07-04004,104270000,300000
R07-04005,5490000,20000
R07-04006,11780000,40000
R07-04007,72420000,300000
R07-04008,63300000,150000
R07-04009,41400000,150000
R07-04010,63510000,150000
R07-04011,12240000,40000
R07-04012,122060000,300000
R07-04013,71990000,300000
R07-04014,132900000,300000
R07-04015,64140000,150000
R07-04016,3750000,0
R07-04017,13320000,40000
R07-04018,14340000,40000
R07-04019,94360000,300000
R07-04020,1810000,0
R07-04021,31950000,60000
R07-04022,2890000,0
R07-04023,48360000,150000
R07-04024,3290000,0
R07-04025,35020000,150000
R07-04026,14700000,40000
R07-04027,51410000,150000
R07-04028,72240000,300000
R07-04029,22240000,60000
R07-04030,34260000,150000
R07-04031,34350000,150000
R07-04032,14050000,40000
R07-04033,29250000,60000
R07-04034,86420000,300000
R07-04035,54120000,150000
R07-04036,23800000,60000
R07-04037,33910000,150000
R07-04038,83280000,300000
R07-04039,13960000,40000
R07-04040,48620000,150000
R07-04041,22020000,60000
R07-04042,31820000,60000
R07-04043,2070000,0
R07-04044,33870000,150000
R07-04045,35910000,150000
R07-04046,123140000,300000
R07-04047,94480000,300000
R07-04048,53280000,150000
R07-04049,112090000,300000
R07-04050,62240000,150000
R07-04051,12040000,40000
R07-04052,20990000,60000
R07-04053,117960000,300000
R07-04054,37890000,150000
R07-04055,42060000,150000
R07-04056,950000,0
R07-04057,61360000,150000
R07-04058,32920000,60000
R07-04059,63920000,150000
R07-04060,134840000,600000
R07-04061,44800000,150000
R07-04062,52230000,150000
R07-04063,50800000,150000
R07-04064,62810000,150000
R07-04065,22130000,60000
R07-04066,86690000,300000
R07-04067,41960000,150000
R07-04068,25370000,60000
R07-04069,51480000,150000
R07-04070,135000000,600000
R07-04071,33290000,60000
R07-04072,5440000,20000
R07-04073,1380000,0
R07-04074,5910000,20000
R07-04075,23700000,60000
R07-04076,13860000,40000
R07-04077,21880000,60000
R07-04078,740000,0
R07-04079,31500000,60000
R07-04080,28490000,60000
R07-04081,44120000,150000
R07-04082,22680000,60000
R07-04083,11860000,40000
R07-04084,125840000,300000
R07-04085,16090000,40000
R07-04086,11310000,40000
R07-04087,33350000,150000
R07-04088,23490000,60000
R07-04089,32220000,60000
R07-04090,17250000,40000
R07-04091,4990000,0
R07-04092,25240000,60000
R07-04093,67970000,300000
R07-04094,111540000,300000
R07-04095,23780000,60000
R07-04096,85940000,300000
R07-04097,43440000,150000
R07-04098,42960000,150000
R07-04099,36870000,150000
R07-04100,88820000,300000
R07-04101,3470000,0
R07-04102,91130000,300000
R07-04103,104900000,300000
R07-04104,51360000,150000
R07-04105,21410000,60000
R07-04106,35570000,150000
R07-04107,62050000,150000
R07-04108,41340000,150000
R07-04109,13640000,40000
R07-04110,55380000,150000
R07-04111,32980000,60000
R07-04112,11160000,40000
R07-04113,2970000,0
R07-04114,2810000,0
R07-04115,18380000,40000
R07-04116,136680000,600000
R07-04117,82700000,300000
R07-04118,64110000,150000
R07-04119,38150000,150000
R07-04120,42500000,150000
R07-04121,6140000,20000
R07-04122,67130000,300000
R07-04123,2220000,0
R07-04124,1360000,0
R07-04125,15840000,40000
R07-04126,102070000,300000
R07-04127,5230000,20000
R07-04128,990000,0
R07-04129,21290000,60000
R07-04130,32370000,60000
R07-04131,33640000,150000
R07-04132,2400000,0
R07-04133,84550000,300000
R07-04134,14180000,40000
R07-04135,104110000,300000
R07-04136,23020000,60000
R07-04137,34810000,150000
R07-04138,82730000,300000
R07-04139,38590000,150000
R07-04140,6560000,20000
R07-04141,101180000,300000
R07-04142,61310000,150000
R07-04143,55100000,150000
R07-04144,29050000,60000
R07-04145,77340000,300000
R07-04146,27990000,60000
R07-04147,17290000,40000
R07-04148,64450000,150000
R07-04149,43380000,150000
R07-04150,18240000,40000
R07-04151,46460000,150000
R07-04152,85000000,300000
R07-04153,14420000,40000
R07-04154,18230000,40000
R07-04155,61630000,150000
R07-04156,6970000,20000
R07-04157,21340000,60000
R07-04158,84490000,300000
R07-04159,73140000,300000
R07-04160,68710000,300000
R07-04161,32900000,60000
R07-04162,81490000,300000
R07-04163,88430000,300000
R07-04164,31010000,60000
R07-04165,16800000,40000
R07-04166,45300000,150000
R07-04167,5730000,20000
R07-04168,1180000,0
R07-04169,13710000,40000
R07-04170,31790000,60000
R07-04171,2920000,0
R07-04172,32750000,60000
R07-04173,3840000,0
R07-04174,134070000,600000
R07-04175,81650000,300000
R07-04176,58040000,150000
R07-04177,25610000,60000
R07-04178,23690000,60000
R07-04179,71740000,300000
R07-04180,32190000,60000
R07-04181,37710000,150000
R07-04182,16140000,40000
R07-04183,25900000,60000
R07-04184,23800000,60000
R07-04185,31650000,60000
R07-04186,87950000,300000
R07-04187,47630000,150000
R07-04188,52000000,150000
R07-04189,61560000,150000
R07-04190,23010000,60000
R07-04191,32870000,60000
R07-04192,33970000,150000
R07-04193,43180000,150000
R07-04194,13450000,40000
R07-04195,37700000,150000
R07-04196,21460000,60000
R07-04197,53680000,150000
R07-04198,15300000,40000
R07-04199,72550000,300000
R07-04200,27920000,60000
R07-04201,45290000,150000
R07-04202,32280000,60000
R07-04203,83850000,300000
R07-04204,33620000,150000
R07-04205,37790000,150000
R07-04206,17070000,40000
R07-04207,17240000,40000
R07-04208,62730000,150000
R07-04209,36820000,150000
R07-04210,25150000,60000
R07-04211,22470000,60000
R07-04212,6250000,20000
R07-04213,82450000,300000
R07-04214,6620000,20000
R07-04215,74130000,300000
R07-04216,2210000,0
R07-04217,73520000,300000
R07-04218,5000000,20000
R07-04219,54210000,150000
R07-04220,72190000,300000
R07-04221,3150000,0
R07-04222,18320000,40000
R07-04223,76180000,300000
R07-04224,2010000,0
R07-04225,113410000,300000
R07-04226,91490000,300000
R07-04227,52210000,150000
R07-04228,32360000,60000
R07-04229,22950000,60000
R07-04230,11710000,40000
R07-04231,55960000,150000
R07-04232,11850000,40000
R07-04233,50880000,150000
R07-04234,2810000,0
R07-04235,53020000,150000
R07-04236,22760000,60000
R07-04237,24260000,60000
R07-04238,42640000,150000
R07-04239,61280000,150000
R07-04240,62340000,150000
R07-04241,24820000,60000
R07-04242,37560000,150000
R07-04243,26520000,60000
R07-04244,6700000,20000
R07-04245,11930000,40000
R07-04246,13310000,40000
R07-04247,36190000,150000
R07-04248,216680000,1000000
R07-04249,44050000,150000
R07-04250,1060000,0
R07-04251,55150000,150000
R07-04252,31330000,60000
R07-04253,25200000,60000
R07-04254,25580000,60000
R07-04255,3150000,0
R07-04256,24810000,60000
R07-04257,14030000,40000
R07-04258,2650000,0
R07-04259,26410000,60000
R07-04260,13450000,40000
R07-04261,4690000,0
R07-04262,4740000,0
R07-04263,3650000,0
R07-04264,4560000,0
R07-04265,32400000,60000
R07-04266,45700000,150000
R07-04267,11780000,40000
R07-04268,50930000,150000
R07-04269,71040000,300000
R07-04270,10790000,40000
R07-04271,52630000,150000
R07-04272,3780000,0
R07-04273,66240000,150000
R07-04274,21560000,60000
R07-04275,41010000,150000
R07-04276,54410000,150000
R07-04277,113440000,300000
R07-04278,13340000,40000
R07-04279,52030000,150000
R07-04280,85730000,300000
R07-04281,22860000,60000
R07-04282,35680000,150000
R07-04283,13320000,40000
R07-04284,61510000,150000
R07-04285,51940000,150000
R07-04286,2190000,0
R07-04287,7560000,20000
R07-04288,40680000,150000
R07-04289,11890000,40000
R07-04290,12020000,40000
R07-04291,37710000,150000
R07-04292,91770000,300000
R07-04293,106300000,300000
R07-04294,36580000,150000
R07-04295,47100000,150000
R07-04296,55260000,150000
R07-04297,21430000,60000
R07-04298,14270000,40000
R07-04299,2930000,0
R07-04300,23020000,60000
R07-04301,27300000,60000
R07-04302,14560000,40000
R07-04303,54150000,150000
R07-04304,46570000,150000
R07-04305,93600000,300000
R07-04306,12460000,40000
R07-04307,27420000,60000
R07-04308,43300000,150000
R07-04309,98640000,300000
R07-04310,2090000,0
R07-04311,2870000,0
R07-04312,61630000,150000
R07-04313,43990000,150000
R07-04314,35920000,150000
R07-04315,73100000,300000
R07-04316,101300000,300000
R07-04317,46100000,150000
R07-04318,36490000,150000
R07-04319,73110000,300000
R07-04320,60910000,150000
R07-04321,31910000,60000
R07-04322,72210000,300000
R07-04323,32300000,60000
R07-04324,54350000,150000
R07-04325,4820000,0
R07-04326,92540000,300000
R07-04327,31900000,60000
R07-04328,52190000,150000
R07-04329,4790000,0
R07-04330,91390000,300000
R07-04331,48390000,150000
R07-04332,123610000,300000
R07-04333,61110000,150000
R07-04334,47010000,150000
R07-04335,66290000,150000
R07-04336,6220000,20000
R07-04337,41740000,150000
R07-04338,72960000,300000
R07-04339,50620000,150000
R07-04340,35760000,150000
R07-04341,3370000,0
R07-04342,133810000,600000
R07-04343,78910000,300000
R07-04344,77790000,300000
R07-04345,55910000,150000
R07-04346,44750000,150000
R07-04347,51510000,150000
R07-04348,12450000,40000
R07-04349,5230000,20000
R07-04350,25650000,60000
R07-04351,13130000,40000
R07-04352,11960000,40000
R07-04353,102710000,300000
R07-04354,93510000,300000
R07-04355,14510000,40000
R07-04356,51140000,150000
R07-04357,31040000,60000
R07-04358,17300000,40000
R07-04359,93280000,300000
R07-04360,7840000,20000
R07-04361,63680000,150000
R07-04362,26440000,60000
R07-04363,34100000,150000
R07-04364,25530000,60000
R07-04365,30400000,60000
R07-04366,105610000,300000
R07-04367,13300000,40000
R07-04368,82860000,300000
R07-04369,22530000,60000
R07-04370,22240000,60000
R07-04371,54150000,150000
R07-04372,22160000,60000
R07-04373,65390000,150000
R07-04374,2150000,0
R07-04375,56380000,150000
R07-04376,400000,0
R07-04377,2410000,0
R07-04378,36270000,150000
R07-04379,18250000,40000
R07-04380,106130000,300000
R07-04381,108200000,300000
R07-04382,60990000,150000
R07-04383,7010000,20000
R07-04384,18370000,40000
R07-04385,111220000,300000
R07-04386,92080000,300000
R07-04387,45110000,150000
R07-04388,44350000,150000
R07-04389,13930000,40000
R07-04390,25650000,60000
R07-04391,133620000,600000
R07-04392,17360000,40000
R07-04393,85130000,300000
R07-04394,33660000,150000
R07-04395,12720000,40000
R07-04396,20900000,60000
R07-04397,46540000,150000
R07-04398,55140000,150000
R07-04399,14840000,40000
R07-04400,45770000,150000
R07-04401,6020000,20000
R07-04402,34140000,150000
R07-04403,31350000,60000
R07-04404,3260000,0
R07-04405,86840000,300000
R07-04406,6500000,20000
R07-04407,45370000,150000
R07-04408,31810000,60000
R07-04409,31340000,60000
R07-04410,63400000,150000
R07-04411,780000,0
R07-04412,17320000,40000
R07-04413,31190000,60000
R07-04414,61500000,150000
R07-04415,21940000,60000
R07-04416,43180000,150000
R07-04417,54630000,150000
R07-04418,33200000,60000
R07-04419,71740000,300000
R07-04420,4620000,0
R07-04421,2150000,0
R07-04422,85030000,300000
R07-04423,54610000,150000
R07-04424,65050000,150000
R07-04425,10390000,40000
R07-04426,122010000,300000
R07-04427,3980000,0
R07-04428,12540000,40000
R07-04429,42870000,150000
R07-04430,72190000,300000
R07-04431,42070000,150000
R07-04432,11590000,40000
R07-04433,68560000,300000
R07-04434,12670000,40000
R07-04435,12970000,40000
R07-04436,71510000,300000
R07-04437,43760000,150000
R07-04438,36480000,150000
R07-04439,32650000,60000
R07-04440,24430000,60000
R07-04441,1790000,0
R07-04442,76290000,300000
R07-04443,32340000,60000
R07-04444,1980000,0
R07-04445,13390000,40000
R07-04446,32580000,60000
R07-04447,4150000,0
R07-04448,3740000,0
R07-04449,86310000,300000
R07-04450,67910000,300000
R07-04451,53500000,150000
R07-04452,21510000,60000
R07-04453,1890000,0
R07-04454,51670000,150000
R07-04455,6140000,20000
R07-04456,2370000,0
R07-04457,3860000,0
R07-04458,106530000,300000
R07-04459,29130000,60000
R07-04460,14280000,40000
R07-04461,47240000,150000
R07-04462,20890000,60000
R07-04463,38340000,150000
R07-04464,12730000,40000
R07-04465,26200000,60000
R07-04466,6190000,20000
R07-04467,35790000,150000
R07-04468,23170000,60000
R07-04469,85600000,300000
R07-04470,67140000,300000
R07-04471,15980000,40000
R07-04472,14340000,40000
R07-04473,4560000,0
R07-04474,132130000,300000
R07-04475,62840000,150000
R07-04476,37250000,150000
R07-04477,4450000,0
R07-04478,28210000,60000
R07-04479,62140000,150000
R07-04480,27240000,60000
R07-04481,50920000,150000
R07-04482,87260000,300000
R07-04483,33490000,150000
R07-04484,20690000,60000
R07-04485,172800000,600000
R07-04486,69170000,300000
R07-04487,4640000,0
R07-04488,3680000,0
R07-04489,42890000,150000
R07-04490,82180000,300000
R07-04491,74670000,300000
R07-04492,134500000,600000
R07-04493,18440000,40000
R07-04494,24050000,60000
R07-04495,67010000,300000
R07-04496,89490000,300000
R07-04497,32430000,60000
R07-04498,590000,0
R07-04499,45610000,150000
R07-04500,14850000,40000
R07-04501,44300000,150000
R07-04502,21880000,60000
R07-04503,66880000,300000
R07-04504,72050000,300000
R07-04505,22240000,60000
R07-04506,74020000,300000
R07-04507,92760000,300000
R07-04508,89670000,300000
R07-04509,52840000,150000
R07-04510,13060000,40000
R07-04511,21860000,60000
R07-04512,62800000,150000
R07-04513,92430000,300000
R07-04514,63320000,150000
R07-04515,11330000,40000
R07-04516,25950000,60000
R07-04517,53590000,150000
R07-04518,73670000,300000
R07-04519,5030000,20000
R07-04520,15600000,40000
R07-04521,34390000,150000
R07-04522,8510000,20000
R07-04523,33340000,150000
R07-04524,16120000,40000
R07-04525,12190000,40000
R07-04526,72020000,300000
R07-04527,105270000,300000
R07-04528,69690000,300000
R07-04529,52180000,150000
R07-04530,64700000,150000
R07-04531,21730000,60000
R07-04532,55850000,150000
R07-04533,32970000,60000
R07-04534,3750000,0
R07-04535,3350000,0
R07-04536,84930000,300000
R07-04537,22040000,60000
R07-04538,94660000,300000
R07-04539,40490000,150000
R07-04540,83390000,300000
R07-04541,11880000,40000
R07-04542,27230000,60000
R07-04543,33700000,150000
R07-04544,5880000,20000
R07-04545,1990000,0
R07-04546,17820000,40000
R07-04547,35110000,150000
R07-04548,36580000,150000
R07-04549,22100000,60000
R07-04550,66270000,150000
R07-04551,7670000,20000
R07-04552,44090000,150000
R07-04553,125540000,300000
R07-04554,52600000,150000
R07-04555,60410000,150000
R07-04556,2240000,0
R07-04557,26650000,60000
R07-04558,33520000,150000
R07-04559,23270000,60000
R07-04560,100970000,300000
R07-04561,21860000,60000
R07-04562,34950000,150000
R07-04563,15950000,40000
R07-04564,53640000,150000
R07-04565,4780000,0
R07-04566,11210000,40000
R07-04567,860000,0
R07-04568,22590000,60000
R07-04569,1760000,0
R07-04570,41280000,150000
R07-04571,5390000,20000
R07-04572,93620000,300000
R07-04573,34380000,150000
R07-04574,64300000,150000
R07-04575,22210000,60000
R07-04576,74170000,300000
R07-04577,73250000,300000
R07-04578,43630000,150000
R07-04579,4420000,0
R07-04580,53080000,150000
R07-04581,53530000,150000
R07-04582,74680000,300000
R07-04583,24100000,60000
R07-04584,52990000,150000
R07-04585,5400000,20000
R07-04586,15130000,40000
R07-04587,13000000,40000
R07-04588,31170000,60000
R07-04589,31610000,60000
R07-04590,75970000,300000
R07-04591,31200000,60000
R07-04592,24470000,60000
R07-04593,59100000,150000
R07-04594,74210000,300000
R07-04595,81760000,300000
R07-04596,56540000,150000
R07-04597,47450000,150000
R07-04598,23320000,60000
R07-04599,44520000,150000
R07-04600,26790000,60000
R07-04601,92300000,300000
R07-04602,121460000,300000
R07-04603,43210000,150000
R07-04604,41080000,150000
R07-04605,76580000,300000
R07-04606,18610000,40000
R07-04607,45100000,150000
R07-04608,94520000,300000
R07-04609,2140000,0
R07-04610,2680000,0
R07-04611,2280000,0
R07-04612,21930000,60000
R07-04613,44510000,150000
R07-04614,33650000,150000
R07-04615,95870000,300000
R07-04616,44330000,150000
R07-04617,52740000,150000
R07-04618,6700000,20000
R07-04619,50810000,150000
R07-04620,46250000,150000
R07-04621,13170000,40000
R07-04622,62930000,150000
R07-04623,55730000,150000
R07-04624,43390000,150000
R07-04625,23530000,60000
R07-04626,16080000,40000
R07-04627,6330000,20000
R07-04628,8690000,20000
R07-04629,51650000,150000
R07-04630,64210000,150000
R07-04631,65480000,150000
R07-04632,81760000,300000
R07-04633,41620000,150000
R07-04634,32520000,60000
R07-04635,6870000,20000
R07-04636,32760000,60000
R07-04637,97930000,300000
R07-04638,65900000,150000
R07-04639,31230000,60000
R07-04640,22500000,60000
R07-04641,1320000,0
R07-04642,7250000,20000
R07-04643,73990000,300000
R07-04644,175300000,600000
R07-04645,11070000,40000
R07-04646,38400000,150000
R07-04647,64000000,150000
R07-04648,14320000,40000
R07-04649,25310000,60000
R07-04650,46420000,150000
R07-04651,22060000,60000
R07-04652,65290000,150000
R07-04653,51940000,150000
R07-04654,95760000,300000
R07-04655,50790000,150000
R07-04656,95150000,300000
R07-04657,61660000,150000
R07-04658,22020000,60000
R07-04659,24070000,60000
R07-04660,25590000,60000
R07-04661,133480000,600000
R07-04662,74740000,300000
R07-04663,30860000,60000
R07-04664,131730000,300000
R07-04665,51470000,150000
R07-04666,63020000,150000
R07-04667,21360000,60000
R07-04668,41830000,150000
R07-04669,73270000,300000
R07-04670,2330000,0
R07-04671,30510000,60000
R07-04672,25610000,60000
R07-04673,23330000,60000
R07-04674,14850000,40000
R07-04675,122230000,300000
R07-04676,2120000,0
R07-04677,82540000,300000
R07-04678,23300000,60000
R07-04679,42650000,150000
R07-04680,74530000,300000
R07-04681,22480000,60000
R07-04682,14620000,40000
R07-04683,910000,0
R07-04684,72480000,300000
R07-04685,61030000,150000
R07-04686,97310000,300000
R07-04687,6990000,20000
R07-04688,72790000,300000
R07-04689,33050000,60000
R07-04690,64300000,150000
R07-04691,12570000,40000
R07-04692,96250000,300000
R07-04693,14430000,40000
R07-04694,22080000,60000
R07-04695,45700000,150000
R07-04696,5790000,20000
R07-04697,2930000,0
R07-04698,35160000,150000
R07-04699,34810000,150000
R07-04700,54320000,150000
R07-04701,2490000,0
R07-04702,37750000,150000
R07-04703,12350000,40000
R07-04704,1830000,0
R07-04705,12300000,40000
R07-04706,54210000,150000
R07-04707,97740000,300000
R07-04708,5680000,20000
R07-04709,33870000,150000
R07-04710,14250000,40000
R07-04711,5030000,20000
R07-04712,62510000,150000
R07-04713,2950000,0
R07-04714,2550000,0
R07-04715,151580000,600000
R07-04716,1780000,0
R07-04717,12340000,40000
R07-04718,76030000,300000
R07-04719,13710000,40000
R07-04720,5990000,20000
R07-04721,25570000,60000
R07-04722,64440000,150000
R07-04723,61520000,150000
R07-04724,91510000,300000
R07-04725,82530000,300000
R07-04726,44750000,150000
R07-04727,17360000,40000
R07-04728,97280000,300000
R07-04729,32920000,60000
R07-04730,21490000,60000
R07-04731,75600000,300000
R07-04732,2360000,0
R07-04733,3080000,0
R07-04734,8450000,20000
R07-04735,12120000,40000
R07-04736,13900000,40000
R07-04737,43280000,150000
R07-04738,76740000,300000
R07-04739,4000000,0
R07-04740,62040000,150000
R07-04741,97720000,300000
R07-04742,91650000,300000
R07-04743,18140000,40000
R07-04744,75450000,300000
R07-04745,33190000,60000
R07-04746,35390000,150000
R07-04747,42030000,150000
R07-04748,25420000,60000
R07-04749,11790000,40000
R07-04750,74350000,300000
R07-04751,62380000,150000
R07-04752,96690000,300000
R07-04753,113270000,300000
R07-04754,35130000,150000
R07-04755,63100000,150000
R07-04756,10760000,40000
R07-04757,45970000,150000
R07-04758,52300000,150000
R07-04759,36810000,150000
R07-04760,2170000,0
R07-04761,63390000,150000
R07-04762,15930000,40000
R07-04763,2280000,0
R07-04764,31250000,60000
R07-04765,105890000,300000
R07-04766,71220000,300000
R07-04767,2900000,0
R07-04768,42710000,150000
R07-04769,45280000,150000
R07-04770,11330000,40000
R07-04771,10840000,40000
R07-04772,43400000,150000
R07-04773,20290000,60000
R07-04774,40810000,150000
R07-04775,970000,0
R07-04776,72110000,300000
R07-04777,10090000,40000
R07-04778,47330000,150000
R07-04779,95740000,300000
R07-04780,7450000,20000
R07-04781,41970000,150000
R07-04782,26040000,60000
R07-04783,44710000,150000
R07-04784,82450000,300000
R07-04785,13090000,40000
R07-04786,91950000,300000
R07-04787,36480000,150000
R07-04788,65290000,150000
R07-04789,33860000,150000
R07-04790,41410000,150000
R07-04791,87720000,300000
R07-04792,27780000,60000
R07-04793,50730000,150000
R07-04794,3130000,0
R07-04795,36220000,150000
R07-04796,54460000,150000
R07-04797,71950000,300000
R07-04798,10320000,40000
R07-04799,21570000,60000
R07-04800,74040000,300000
R07-04801,177100000,600000
R07-04802,82320000,300000
R07-04803,11570000,40000
R07-04804,53200000,150000
R07-04805,140540000,600000
R07-04806,93050000,300000
R07-04807,92590000,300000
R07-04808,131590000,300000
R07-04809,31920000,60000
R07-04810,32550000,60000
R07-04811,22560000,60000
R07-04812,57810000,150000
R07-04813,3930000,0
R07-04814,74910000,300000
R07-04815,13480000,40000
R07-04816,73900000,300000
R07-04817,25370000,60000
R07-04818,151930000,600000
R07-04819,37960000,150000
R07-04820,12430000,40000
R07-04821,44730000,150000
R07-04822,128770000,300000
R07-04823,33550000,150000
R07-04824,32150000,60000
R07-04825,75410000,300000
R07-04826,35920000,150000
R07-04827,44480000,150000
R07-04828,101520000,300000
R07-04829,9470000,20000
R07-04830,102820000,300000
R07-04831,55600000,150000
R07-04832,35200000,150000
R07-04833,127390000,300000
R07-04834,11930000,40000
R07-04835,62870000,150000
R07-04836,21030000,60000
R07-04837,41080000,150000
R07-04838,42780000,150000
R07-04839,13360000,40000
R07-04840,1970000,0
R07-04841,52290000,150000
R07-04842,10860000,40000
R07-04843,15910000,40000
R07-04844,5280000,20000
R07-04845,3130000,0
R07-04846,25630000,60000
R07-04847,5880000,20000
R07-04848,34670000,150000
R07-04849,64300000,150000
R07-04850,21560000,60000
R07-04851,43880000,150000
R07-04852,125070000,300000
R07-04853,6350000,20000
R07-04854,43230000,150000
R07-04855,64980000,150000
R07-04856,23510000,60000
R07-04857,27500000,60000
R07-04858,37210000,150000
R07-04859,52770000,150000
R07-04860,23540000,60000
R07-04861,3320000,0
R07-04862,105350000,300000
R07-04863,13060000,40000
R07-04864,42540000,150000
R07-04865,34450000,150000
R07-04866,53770000,150000
R07-04867,53330000,150000
R07-04868,44910000,150000
R07-04869,3100000,0
R07-04870,2420000,0
R07-04871,69650000,300000
R07-04872,74560000,300000
R07-04873,82450000,300000
R07-04874,4030000,0
R07-04875,11530000,40000
R07-04876,16540000,40000
R07-04877,4270000,0
R07-04878,112520000,300000
R07-04879,1480000,0
R07-04880,2220000,0
R07-04881,13840000,40000
R07-04882,32420000,60000
R07-04883,33530000,150000
R07-04884,70430000,300000
R07-04885,43700000,150000
R07-04886,22780000,60000
R07-04887,1600000,0
R07-04888,45210000,150000
R07-04889,5250000,20000
