고객ID,타사이전금액,혜택금액
R28-00000,22180000,60000
R28-00001,70590000,300000
R28-00002,12240000,40000
R28-00003,32830000,60000
R28-00004,11470000,40000
R28-00005,21500000,60000
R28-00006,61370000,150000
R28-00007,30550000,60000
R28-00008,21060000,60000
R28-00009,22450000,60000
R28-00010,33480000,150000
R28-00011,3750000,0
R28-00012,55710000,150000
R28-00013,11420000,40000
R28-00014,65150000,150000
R28-00015,51160000,150000
R28-00016,43990000,150000
R28-00017,11980000,40000
R28-00018,47050000,150000
R28-00019,41200000,150000
R28-00020,73030000,300000
R28-00021,67640000,300000
R28-00022,74340000,300000
R28-00023,63430000,150000
R28-00024,14080000,40000
R28-00025,66650000,150000
R28-00026,14550000,40000
R28-00027,2760000,0
R28-00028,88700000,300000
R28-00029,13610000,40000
R28-00030,26100000,60000
R28-00031,34190000,150000
R28-00032,60890000,150000
R28-00033,15630000,40000
R28-00034,51810000,150000
R28-00035,71660000,300000
R28-00036,36190000,150000
R28-00037,2160000,0
R28-00038,22610000,60000
R28-00039,21980000,60000
R28-00040,66590000,150000
R28-00041,140820000,600000
R28-00042,222690000,1000000
R28-00043,72720000,300000
R28-00044,1480000,0
R28-00045,22370000,60000
R28-00046,45230000,150000
R28-00047,3300000,0
R28-00048,114020000,300000
R28-00049,1860000,0
R28-00050,55510000,150000
R28-00051,70300000,300000
R28-00052,101920000,300000
R28-00053,83280000,300000
R28-00054,71440000,300000
R28-00055,32300000,60000
R28-00056,35110000,150000
R28-00057,31610000,60000
R28-00058,1600000,0
R28-00059,92850000,300000
R28-00060,11450000,40000
R28-00061,2880000,0
R28-00062,27550000,60000
R28-00063,24220000,60000
R28-00064,31020000,60000
R28-00065,38050000,150000
R28-00066,44070000,150000
R28-00067,38190000,150000
R28-00068,46470000,150000
R28-00069,85350000,300000
R28-00070,86310000,300000
R28-00071,81840000,300000
R28-00072,214960000,1000000
R28-00073,144750000,600000
R28-00074,62600000,150000
R28-00075,5490000,20000
R28-00076,28160000,60000
R28-00077,7320000,20000
R28-00078,50570000,150000
R28-00079,2130000,0
R28-00080,41470000,150000
R28-00081,3820000,0
R28-00082,22060000,60000
R28-00083,46710000,150000
R28-00084,2750000,0
R28-00085,58950000,150000
R28-00086,95040000,300000
R28-00087,33000000,60000
R28-00088,84740000,300000
R28-00089,20870000,60000
R28-00090,4420000,0
R28-00091,95030000,300000
R28-00092,32950000,60000
R28-00093,61540000,150000
R28-00094,44580000,150000
R28-00095,6370000,20000
R28-00096,22360000,60000
R28-00097,33210000,60000
R28-00098,750000,0
R28-00099,147700000,600000
R28-00100,72040000,300000
R28-00101,2070000,0
R28-00102,8660000,20000
R28-00103,1490000,0
R28-00104,18140000,40000
R28-00105,32150000,60000
R28-00106,2930000,0
R28-00107,61020000,150000
R28-00108,41420000,150000
R28-00109,22430000,60000
R28-00110,25510000,60000
R28-00111,15780000,40000
R28-00112,7320000,20000
R28-00113,43030000,150000
R28-00114,44420000,150000
R28-00115,25880000,60000
R28-00116,3130000,0
R28-00117,115270000,300000
R28-00118,2290000,0
R28-00119,124540000,300000
R28-00120,17290000,40000
R28-00121,73340000,300000
R28-00122,91440000,300000
R28-00123,96140000,300000
R28-00124,12980000,40000
R28-00125,122490000,300000
R28-00126,34770000,150000
R28-00127,73990000,300000
R28-00128,74920000,300000
R28-00129,53600000,150000
R28-00130,83460000,300000
R28-00131,1120000,0
R28-00132,111130000,300000
R28-00133,16260000,40000
R28-00134,45360000,150000
R28-00135,65720000,150000
R28-00136,35310000,150000
R28-00137,36030000,150000
R28-00138,2110000,0
R28-00139,11110000,40000
R28-00140,61080000,150000
R28-00141,23500000,60000
R28-00142,62910000,150000
R28-00143,10780000,40000
R28-00144,51970000,150000
R28-00145,63250000,150000
R28-00146,270000,0
R28-00147,85310000,300000
R28-00148,43590000,150000
R28-00149,31220000,60000
R28-00150,28010000,60000
R28-00151,52130000,150000
R28-00152,31350000,60000
R28-00153,86580000,300000
R28-00154,57030000,150000
R28-00155,24340000,60000
R28-00156,5610000,20000
R28-00157,145650000,600000
R28-00158,26890000,60000
R28-00159,102950000,300000
R28-00160,53090000,150000
R28-00161,2030000,0
R28-00162,15880000,40000
R28-00163,104510000,300000
R28-00164,4150000,0
R28-00165,16030000,40000
R28-00166,2560000,0
R28-00167,30310000,60000
R28-00168,35260000,150000
R28-00169,16010000,40000
R28-00170,57240000,150000
R28-00171,2090000,0
R28-00172,20800000,60000
R28-00173,114280000,300000
R28-00174,51990000,150000
R28-00175,53110000,150000
R28-00176,2390000,0
R28-00177,108120000,300000
R28-00178,45060000,150000
R28-00179,47190000,150000
R28-00180,92290000,300000
R28-00181,134010000,600000
R28-00182,12340000,40000
R28-00183,41220000,150000
R28-00184,15680000,40000
R28-00185,59310000,150000
R28-00186,22150000,60000
R28-00187,31740000,60000
R28-00188,19170000,40000
R28-00189,95200000,300000
R28-00190,119110000,300000
R28-00191,11100000,40000
R28-00192,111080000,300000
R28-00193,46880000,150000
R28-00194,6370000,20000
R28-00195,5610000,20000
R28-00196,21110000,60000
R28-00197,32940000,60000
R28-00198,3600000,0
R28-00199,14880000,40000
R28-00200,1590000,0
R28-00201,5160000,20000
R28-00202,64970000,150000
R28-00203,3650000,0
R28-00204,53710000,150000
R28-00205,95890000,300000
R28-00206,24600000,60000
R28-00207,14550000,40000
R28-00208,83280000,300000
R28-00209,66410000,150000
R28-00210,109030000,300000
R28-00211,3350000,0
R28-00212,2780000,0
R28-00213,92530000,300000
R28-00214,30920000,60000
R28-00215,3180000,0
R28-00216,6260000,20000
R28-00217,23050000,60000
R28-00218,62520000,150000
R28-00219,33890000,150000
R28-00220,44960000,150000
R28-00221,22880000,60000
R28-00222,26600000,60000
R28-00223,71840000,300000
R28-00224,64300000,150000
R28-00225,32540000,60000
R28-00226,8710000,20000
R28-00227,32580000,60000
R28-00228,54450000,150000
R28-00229,51750000,150000
R28-00230,26170000,60000
R28-00231,60770000,150000
R28-00232,27090000,60000
R28-00233,22910000,60000
R28-00234,40690000,150000
R28-00235,44160000,150000
R28-00236,64940000,150000
R28-00237,1480000,0
R28-00238,53180000,150000
R28-00239,34620000,150000
R28-00240,34410000,150000
R28-00241,76300000,300000
R28-00242,83870000,300000
R28-00243,11120000,40000
R28-00244,72930000,300000
R28-00245,92680000,300000
R28-00246,23700000,60000
R28-00247,84100000,300000
R28-00248,44330000,150000
R28-00249,34690000,150000
R28-00250,42460000,150000
R28-00251,3420000,0
R28-00252,82630000,300000
R28-00253,81510000,300000
R28-00254,27720000,60000
R28-00255,5960000,20000
R28-00256,12300000,40000
R28-00257,53420000,150000
R28-00258,22500000,60000
R28-00259,47960000,150000
R28-00260,92070000,300000
R28-00261,65950000,150000
R28-00262,1130000,0
R28-00263,21650000,60000
R28-00264,35460000,150000
R28-00265,131600000,300000
R28-00266,16270000,40000
R28-00267,114960000,300000
R28-00268,74810000,300000
R28-00269,89280000,300000
R28-00270,50830000,150000
R28-00271,134550000,600000
R28-00272,12180000,40000
R28-00273,34500000,150000
R28-00274,55380000,150000
R28-00275,31580000,60000
R28-00276,22030000,60000
R28-00277,77550000,300000
R28-00278,132620000,300000
R28-00279,64540000,150000
R28-00280,85210000,300000
R28-00281,64210000,150000
R28-00282,113020000,300000
R28-00283,5940000,20000
R28-00284,12400000,40000
R28-00285,84000000,300000
R28-00286,121220000,300000
R28-00287,76940000,300000
R28-00288,41230000,150000
R28-00289,62320000,150000
R28-00290,2910000,0
R28-00291,2000000,0
R28-00292,42760000,150000
R28-00293,1640000,0
R28-00294,66000000,150000
R28-00295,61930000,150000
R28-00296,3870000,0
R28-00297,34740000,150000
R28-00298,148000000,600000
R28-00299,15670000,40000
R28-00300,65770000,150000
R28-00301,36660000,150000
R28-00302,13630000,40000
R28-00303,71600000,300000
R28-00304,2920000,0
R28-00305,43450000,150000
R28-00306,40990000,150000
R28-00307,26170000,60000
R28-00308,92660000,300000
R28-00309,13680000,40000
R28-00310,146290000,600000
R28-00311,5970000,20000
R28-00312,6290000,20000
R28-00313,32960000,60000
R28-00314,52170000,150000
R28-00315,61240000,150000
R28-00316,66690000,300000
R28-00317,52140000,150000
R28-00318,37240000,150000
R28-00319,15150000,40000
R28-00320,25110000,60000
R28-00321,46310000,150000
R28-00322,34000000,150000
R28-00323,14150000,40000
R28-00324,14840000,40000
R28-00325,54200000,150000
R28-00326,31670000,60000
R28-00327,19240000,40000
R28-00328,62460000,150000
R28-00329,20830000,60000
R28-00330,21820000,60000
R28-00331,148650000,600000
R28-00332,40500000,150000
R28-00333,62980000,150000
R28-00334,46480000,150000
R28-00335,32620000,60000
R28-00336,12680000,40000
R28-00337,61070000,150000
R28-00338,102270000,300000
R28-00339,33530000,150000
R28-00340,53130000,150000
R28-00341,71820000,300000
R28-00342,65850000,150000
R28-00343,3180000,0
R28-00344,112530000,300000
R28-00345,96480000,300000
R28-00346,23520000,60000
R28-00347,13660000,40000
R28-00348,24260000,60000
R28-00349,77540000,300000
R28-00350,1060000,0
R28-00351,55520000,150000
R28-00352,12780000,40000
R28-00353,5780000,20000
R28-00354,2330000,0
R28-00355,32370000,60000
R28-00356,22330000,60000
R28-00357,21580000,60000
R28-00358,24970000,60000
R28-00359,42770000,150000
R28-00360,72230000,300000
R28-00361,38610000,150000
R28-00362,65620000,150000
R28-00363,58280000,150000
R28-00364,92510000,300000
R28-00365,81540000,300000
R28-00366,84800000,300000
R28-00367,2290000,0
R28-00368,54690000,150000
R28-00369,20870000,60000
R28-00370,91460000,300000
R28-00371,8600000,20000
R28-00372,15640000,40000
R28-00373,42120000,150000
R28-00374,152220000,600000
R28-00375,54570000,150000
R28-00376,86060000,300000
R28-00377,2990000,0
R28-00378,72460000,300000
R28-00379,23230000,60000
R28-00380,122860000,300000
R28-00381,78900000,300000
R28-00382,28180000,60000
R28-00383,68330000,300000
R28-00384,21970000,60000
R28-00385,65920000,150000
R28-00386,32080000,60000
R28-00387,25290000,60000
R28-00388,15530000,40000
R28-00389,5700000,20000
R28-00390,52530000,150000
R28-00391,4780000,0
R28-00392,32060000,60000
R28-00393,26870000,60000
R28-00394,48290000,150000
R28-00395,40560000,150000
R28-00396,1990000,0
R28-00397,14670000,40000
R28-00398,95680000,300000
R28-00399,40930000,150000
R28-00400,65590000,150000
R28-00401,2540000,0
R28-00402,97760000,300000
R28-00403,61970000,150000
R28-00404,101430000,300000
R28-00405,117380000,300000
R28-00406,43810000,150000
R28-00407,65390000,150000
R28-00408,1090000,0
R28-00409,73420000,300000
R28-00410,21180000,60000
R28-00411,33600000,150000
R28-00412,93770000,300000
R28-00413,45320000,150000
R28-00414,22540000,60000
R28-00415,72890000,300000
R28-00416,51080000,150000
R28-00417,64880000,150000
R28-00418,33930000,150000
R28-00419,56030000,150000
R28-00420,71170000,300000
R28-00421,35200000,150000
R28-00422,4950000,0
R28-00423,94830000,300000
R28-00424,74830000,300000
R28-00425,23660000,60000
R28-00426,48620000,150000
R28-00427,31310000,60000
R28-00428,76030000,300000
R28-00429,21080000,60000
R28-00430,101050000,300000
R28-00431,72320000,300000
R28-00432,83400000,300000
R28-00433,104250000,300000
R28-00434,1760000,0
R28-00435,42400000,150000
R28-00436,54230000,150000
R28-00437,43720000,150000
R28-00438,95370000,300000
R28-00439,16250000,40000
R28-00440,43890000,150000
R28-00441,12570000,40000
R28-00442,98260000,300000
R28-00443,13240000,40000
R28-00444,29150000,60000
R28-00445,16030000,40000
R28-00446,66340000,150000
R28-00447,85730000,300000
R28-00448,41660000,150000
R28-00449,76310000,300000
R28-00450,57380000,150000
R28-00451,12420000,40000
R28-00452,2040000,0
R28-00453,32140000,60000
R28-00454,54530000,150000
R28-00455,40650000,150000
R28-00456,41230000,150000
R28-00457,1730000,0
R28-00458,63840000,150000
R28-00459,50290000,150000
R28-00460,83880000,300000
R28-00461,11460000,40000
R28-00462,39140000,150000
R28-00463,54660000,150000
R28-00464,55280000,150000
R28-00465,7180000,20000
R28-00466,1240000,0
R28-00467,43160000,150000
R28-00468,2680000,0
R28-00469,12010000,40000
R28-00470,75420000,300000
R28-00471,2350000,0
R28-00472,45530000,150000
R28-00473,27330000,60000
R28-00474,84770000,300000
R28-00475,58530000,150000
R28-00476,8730000,20000
R28-00477,6640000,20000
R28-00478,23850000,60000
R28-00479,72870000,300000
R28-00480,15980000,40000
R28-00481,16010000,40000
R28-00482,23140000,60000
R28-00483,32650000,60000
R28-00484,82940000,300000
R28-00485,11980000,40000
R28-00486,82190000,300000
R28-00487,21520000,60000
R28-00488,125970000,300000
R28-00489,147460000,600000
R28-00490,46280000,150000
R28-00491,12880000,40000
R28-00492,11360000,40000
R28-00493,23230000,60000
R28-00494,22010000,60000
R28-00495,53310000,150000
R28-00496,113890000,300000
R28-00497,13050000,40000
R28-00498,67050000,300000
R28-00499,3290000,0
R28-00500,40310000,150000
R28-00501,44350000,150000
R28-00502,51860000,150000
R28-00503,105840000,300000
R28-00504,63660000,150000
R28-00505,12520000,40000
R28-00506,24900000,60000
R28-00507,82900000,300000
R28-00508,54910000,150000
R28-00509,10410000,40000
R28-00510,42940000,150000
R28-00511,43090000,150000
R28-00512,16140000,40000
R28-00513,25650000,60000
R28-00514,10500000,40000
R28-00515,44590000,150000
R28-00516,22870000,60000
R28-00517,23680000,60000
R28-00518,23400000,60000
R28-00519,43130000,150000
R28-00520,62530000,150000
R28-00521,72970000,300000
R28-00522,34360000,150000
R28-00523,23050000,60000
R28-00524,72970000,300000
R28-00525,21340000,60000
R28-00526,72640000,300000
R28-00527,81160000,300000
R28-00528,34810000,150000
R28-00529,53230000,150000
R28-00530,41930000,150000
R28-00531,122830000,300000
R28-00532,102750000,300000
R28-00533,93460000,300000
R28-00534,45190000,150000
R28-00535,95700000,300000
R28-00536,13330000,40000
R28-00537,142170000,600000
R28-00538,73470000,300000
R28-00539,24410000,60000
R28-00540,91330000,300000
R28-00541,80550000,300000
R28-00542,7770000,20000
R28-00543,13540000,40000
R28-00544,7470000,20000
R28-00545,104940000,300000
R28-00546,32420000,60000
R28-00547,60820000,150000
R28-00548,10790000,40000
R28-00549,73160000,300000
R28-00550,13690000,40000
R28-00551,71850000,300000
R28-00552,40410000,150000
R28-00553,93190000,300000
R28-00554,34440000,150000
R28-00555,59350000,150000
R28-00556,31880000,60000
R28-00557,33550000,150000
R28-00558,56680000,150000
R28-00559,44820000,150000
R28-00560,5120000,20000
R28-00561,850000,0
R28-00562,46580000,150000
R28-00563,71180000,300000
R28-00564,42420000,150000
R28-00565,82210000,300000
R28-00566,32750000,60000
R28-00567,32550000,60000
R28-00568,5940000,20000
R28-00569,3480000,0
R28-00570,55810000,150000
R28-00571,20440000,60000
R28-00572,57350000,150000
R28-00573,75090000,300000
R28-00574,62350000,150000
R28-00575,107290000,300000
R28-00576,54550000,150000
R28-00577,12560000,40000
R28-00578,12900000,40000
R28-00579,22090000,60000
R28-00580,84860000,300000
R28-00581,77760000,300000
R28-00582,53580000,150000
R28-00583,82760000,300000
R28-00584,63540000,150000
R28-00585,134170000,600000
R28-00586,75980000,300000
R28-00587,17320000,40000
R28-00588,3930000,0
R28-00589,39030000,150000
R28-00590,36130000,150000
R28-00591,33650000,150000
R28-00592,52250000,150000
R28-00593,13380000,40000
R28-00594,85040000,300000
R28-00595,4880000,0
R28-00596,147630000,600000
R28-00597,11440000,40000
R28-00598,5470000,20000
R28-00599,114720000,300000
R28-00600,24540000,60000
R28-00601,1360000,0
R28-00602,23820000,60000
R28-00603,23330000,60000
R28-00604,620000,0
R28-00605,44640000,150000
R28-00606,6090000,20000
R28-00607,36980000,150000
R28-00608,6200000,20000
R28-00609,11780000,40000
R28-00610,23290000,60000
R28-00611,13460000,40000
R28-00612,88470000,300000
R28-00613,94890000,300000
R28-00614,93580000,300000
R28-00615,65180000,150000
R28-00616,3560000,0
R28-00617,8890000,20000
R28-00618,63070000,150000
R28-00619,122260000,300000
R28-00620,25170000,60000
R28-00621,34810000,150000
R28-00622,7770000,20000
R28-00623,2630000,0
R28-00624,60230000,150000
R28-00625,6130000,20000
R28-00626,51440000,150000
R28-00627,52780000,150000
R28-00628,5140000,20000
R28-00629,28030000,60000
R28-00630,52550000,150000
R28-00631,32230000,60000
R28-00632,65930000,150000
R28-00633,114070000,300000
R28-00634,900000,0
R28-00635,2950000,0
R28-00636,40420000,150000
R28-00637,92350000,300000
R28-00638,37910000,150000
R28-00639,11400000,40000
R28-00640,27520000,60000
R28-00641,126570000,300000
R28-00642,1950000,0
R28-00643,21370000,60000
R28-00644,16130000,40000
R28-00645,91030000,300000
R28-00646,20660000,60000
R28-00647,87360000,300000
R28-00648,75620000,300000
R28-00649,21300000,60000
R28-00650,40880000,150000
R28-00651,67470000,300000
R28-00652,13480000,40000
R28-00653,52220000,150000
R28-00654,8260000,20000
R28-00655,46460000,150000
R28-00656,51140000,150000
R28-00657,32520000,60000
R28-00658,2720000,0
R28-00659,22110000,60000
R28-00660,94100000,300000
R28-00661,126260000,300000
R28-00662,43810000,150000
R28-00663,44770000,150000
R28-00664,82980000,300000
R28-00665,30700000,60000
R28-00666,42020000,150000
R28-00667,25190000,60000
R28-00668,142780000,600000
R28-00669,13850000,40000
R28-00670,54610000,150000
R28-00671,3020000,0
R28-00672,51880000,150000
R28-00673,60530000,150000
R28-00674,102720000,300000
R28-00675,710000,0
R28-00676,540000,0
R28-00677,93540000,300000
R28-00678,41480000,150000
R28-00679,5430000,20000
R28-00680,15880000,40000
R28-00681,42180000,150000
R28-00682,5870000,20000
R28-00683,95010000,300000
R28-00684,5240000,20000
R28-00685,56310000,150000
R28-00686,48020000,150000
R28-00687,75330000,300000
R28-00688,21130000,60000
R28-00689,82010000,300000
R28-00690,101010000,300000
R28-00691,340000,0
R28-00692,117410000,300000
R28-00693,42870000,150000
R28-00694,3080000,0
R28-00695,52660000,150000
R28-00696,14870000,40000
R28-00697,1250000,0
R28-00698,30780000,60000
R28-00699,12070000,40000
R28-00700,31010000,60000
R28-00701,41400000,150000
R28-00702,72710000,300000
R28-00703,65340000,150000
R28-00704,87330000,300000
R28-00705,81210000,300000
R28-00706,48110000,150000
R28-00707,28070000,60000
R28-00708,23600000,60000
R28-00709,2030000,0
R28-00710,77230000,300000
R28-00711,52310000,150000
R28-00712,33900000,150000
R28-00713,36040000,150000
R28-00714,41750000,150000
R28-00715,72230000,300000
R28-00716,28200000,60000
R28-00717,22620000,60000
R28-00718,65520000,150000
R28-00719,24210000,60000
R28-00720,35780000,150000
R28-00721,14770000,40000
R28-00722,94730000,300000
R28-00723,66010000,150000
R28-00724,217630000,1000000
R28-00725,47380000,150000
R28-00726,92310000,300000
R28-00727,42320000,150000
R28-00728,17570000,40000
R28-00729,61850000,150000
R28-00730,50740000,150000
R28-00731,45490000,150000
R28-00732,25820000,60000
R28-00733,43060000,150000
R28-00734,46230000,150000
R28-00735,62070000,150000
R28-00736,82920000,300000
R28-00737,26740000,60000
R28-00738,63350000,150000
R28-00739,7720000,20000
R28-00740,114860000,300000
R28-00741,124130000,300000
R28-00742,64440000,150000
R28-00743,14280000,40000
R28-00744,24310000,60000
R28-00745,16630000,40000
R28-00746,46340000,150000
R28-00747,83580000,300000
R28-00748,34210000,150000
R28-00749,23310000,60000
R28-00750,4650000,0
R28-00751,23020000,60000
R28-00752,13350000,40000
R28-00753,46140000,150000
R28-00754,24910000,60000
R28-00755,55480000,150000
R28-00756,61350000,150000
R28-00757,5300000,20000
R28-00758,27720000,60000
R28-00759,32820000,60000
R28-00760,42490000,150000
R28-00761,3410000,0
R28-00762,34040000,150000
R28-00763,21180000,60000
R28-00764,77350000,300000
R28-00765,42910000,150000
R28-00766,5270000,20000
R28-00767,5490000,20000
R28-00768,2900000,0
R28-00769,34050000,150000
R28-00770,63730000,150000
R28-00771,44040000,150000
R28-00772,2660000,0
R28-00773,2680000,0
R28-00774,22440000,60000
R28-00775,5030000,20000
R28-00776,41180000,150000
R28-00777,38600000,150000
R28-00778,5680000,20000
R28-00779,21160000,60000
R28-00780,43680000,150000
R28-00781,73530000,300000
R28-00782,30860000,60000
R28-00783,21620000,60000
R28-00784,82590000,300000
R28-00785,30980000,60000
R28-00786,4470000,0
R28-00787,33070000,60000
R28-00788,31490000,60000
R28-00789,63180000,150000
R28-00790,43790000,150000
R28-00791,95280000,300000
R28-00792,66460000,150000
R28-00793,41250000,150000
R28-00794,2550000,0
R28-00795,93120000,300000
R28-00796,45020000,150000
R28-00797,92640000,300000
R28-00798,62250000,150000
R28-00799,24570000,60000
R28-00800,44780000,150000
R28-00801,86900000,300000
R28-00802,22910000,60000
R28-00803,6710000,20000
R28-00804,78140000,300000
R28-00805,3030000,0
R28-00806,62440000,150000
R28-00807,44230000,150000
R28-00808,13870000,40000
R28-00809,71510000,300000
R28-00810,32530000,60000
R28-00811,25760000,60000
R28-00812,131580000,300000
R28-00813,30700000,60000
R28-00814,32560000,60000
R28-00815,14800000,40000
R28-00816,61590000,150000
R28-00817,13820000,40000
R28-00818,3780000,0
R28-00819,30600000,60000
R28-00820,2140000,0
R28-00821,1480000,0
R28-00822,23070000,60000
R28-00823,101910000,300000
R28-00824,15510000,40000
R28-00825,27370000,60000
R28-00826,34300000,150000
R28-00827,5090000,20000
R28-00828,32050000,60000
R28-00829,84580000,300000
R28-00830,107420000,300000
R28-00831,34180000,150000
R28-00832,4050000,0
R28-00833,13720000,40000
R28-00834,133220000,300000
R28-00835,41450000,150000
R28-00836,2760000,0
R28-00837,22010000,60000
R28-00838,45890000,150000
R28-00839,64620000,150000
R28-00840,46000000,150000
R28-00841,3120000,0
R28-00842,21370000,60000
R28-00843,48480000,150000
R28-00844,64940000,150000
R28-00845,23660000,60000
R28-00846,16260000,40000
R28-00847,64340000,150000
R28-00848,30990000,60000
R28-00849,22940000,60000
R28-00850,13790000,40000
R28-00851,75280000,300000
R28-00852,21100000,60000
R28-00853,63210000,150000
R28-00854,23710000,60000
R28-00855,131390000,300000
R28-00856,35550000,150000
R28-00857,11860000,40000
R28-00858,75700000,300000
R28-00859,21570000,60000
R28-00860,67420000,300000
R28-00861,2720000,0
R28-00862,36080000,150000
R28-00863,35490000,150000
R28-00864,61470000,150000
R28-00865,5750000,20000
R28-00866,4060000,0
R28-00867,36790000,150000
R28-00868,41890000,150000
R28-00869,32150000,60000
R28-00870,20870000,60000
R28-00871,3440000,0
R28-00872,26030000,60000
R28-00873,52280000,150000
R28-00874,6470000,20000
R28-00875,101580000,300000
R28-00876,32430000,60000
R28-00877,25240000,60000
R28-00878,74940000,300000
R28-00879,12820000,40000
R28-00880,81680000,300000
R28-00881,41100000,150000
R28-00882,37510000,150000
R28-00883,68350000,300000
R28-00884,55520000,150000
R28-00885,65780000,150000
R28-00886,71150000,300000
R28-00887,44950000,150000
R28-00888,47970000,150000
R28-00889,51980000,150000
R28-00890,34240000,150000
R28-00891,74550000,300000
R28-00892,53870000,150000
R28-00893,55770000,150000
R28-00894,74340000,300000
R28-00895,21540000,60000
R28-00896,54590000,150000
R28-00897,91400000,300000
R28-00898,56250000,150000
R28-00899,82110000,300000
R28-00900,3940000,0
R28-00901,3850000,0
R28-00902,22030000,60000
R28-00903,26870000,60000
R28-00904,83790000,300000
R28-00905,2030000,0
R28-00906,72970000,300000
R28-00907,75090000,300000
R28-00908,33790000,150000
R28-00909,23990000,60000
R28-00910,22510000,60000
R28-00911,157890000,600000
R28-00912,1970000,0
R28-00913,82320000,300000
R28-00914,24650000,60000
R28-00915,5080000,20000
R28-00916,21940000,60000
R28-00917,72800000,300000
R28-00918,1390000,0
R28-00919,62220000,150000
R28-00920,34250000,150000
R28-00921,92320000,300000
R28-00922,66980000,300000
R28-00923,76460000,300000
R28-00924,54060000,150000
R28-00925,52710000,150000
R28-00926,33310000,60000
R28-00927,32590000,60000
R28-00928,47530000,150000
R28-00929,64540000,150000
R28-00930,42610000,150000
R28-00931,1000000,0
R28-00932,2690000,0
R28-00933,11880000,40000
R28-00934,23030000,60000
R28-00935,56600000,150000
R28-00936,21280000,60000
R28-00937,45090000,150000
R28-00938,17710000,40000
R28-00939,24410000,60000
R28-00940,20820000,60000
R28-00941,96980000,300000
R28-00942,45770000,150000
R28-00943,5660000,20000
R28-00944,12380000,40000
R28-00945,58430000,150000
R28-00946,23850000,60000
R28-00947,3040000,0
R28-00948,55620000,150000
R28-00949,14120000,40000
R28-00950,57120000,150000
R28-00951,1680000,0
R28-00952,39060000,150000
R28-00953,61880000,150000
R28-00954,46020000,150000
R28-00955,13450000,40000
R28-00956,53750000,150000
R28-00957,41820000,150000
R28-00958,86450000,300000
R28-00959,74720000,300000
R28-00960,66140000,150000
R28-00961,45580000,150000
R28-00962,1820000,0
R28-00963,43990000,150000
R28-00964,78290000,300000
R28-00965,1640000,0
R28-00966,152790000,600000
R28-00967,34810000,150000
R28-00968,55330000,150000
R28-00969,13000000,40000
R28-00970,85720000,300000
R28-00971,25660000,60000
R28-00972,51430000,150000
R28-00973,31560000,60000
R28-00974,39490000,150000
R28-00975,85320000,300000
R28-00976,46960000,150000
R28-00977,73310000,300000
R28-00978,101720000,300000
R28-00979,47680000,150000
R28-00980,14250000,40000
R28-00981,46810000,150000
R28-00982,85810000,300000
R28-00983,35560000,150000
R28-00984,33970000,150000
R28-00985,93350000,300000
R28-00986,42060000,150000
R28-00987,3680000,0
R28-00988,115810000,300000
R28-00989,53210000,150000
R28-00990,21500000,60000
R28-00991,83910000,300000
R28-00992,170900000,600000
R28-00993,32490000,60000
R28-00994,43560000,150000
R28-00995,137560000,600000
R28-00996,31380000,60000
R28-00997,1760000,0
R28-00998,3130000,0
R28-00999,87840000,300000
R28-01000,55790000,150000
R28-01001,62630000,150000
R28-01002,1910000,0
R28-01003,73490000,300000
R28-01004,65260000,150000
R28-01005,43860000,150000
R28-01006,44060000,150000
R28-01007,61970000,150000
R28-01008,7870000,20000
R28-01009,14570000,40000
R28-01010,3220000,0
R28-01011,27250000,60000
R28-01012,23040000,60000
R28-01013,45700000,150000
R28-01014,61700000,150000
R28-01015,25480000,60000
R28-01016,64690000,150000
R28-01017,11220000,40000
R28-01018,45030000,150000
R28-01019,13150000,40000
R28-01020,46790000,150000
R28-01021,12970000,40000
R28-01022,2580000,0
R28-01023,76820000,300000
R28-01024,15160000,40000
R28-01025,2910000,0
R28-01026,51020000,150000
R28-01027,13800000,40000
R28-01028,115060000,300000
R28-01029,64410000,150000
R28-01030,123200000,300000
R28-01031,250000,0
R28-01032,3520000,0
R28-01033,43860000,150000
R28-01034,2210000,0
R28-01035,62810000,150000
R28-01036,50470000,150000
R28-01037,46490000,150000
R28-01038,50990000,150000
R28-01039,54630000,150000
R28-01040,34940000,150000
R28-01041,66560000,150000
R28-01042,76460000,300000
R28-01043,14560000,40000
R28-01044,55070000,150000
R28-01045,31900000,60000
R28-01046,2250000,0
R28-01047,61510000,150000
R28-01048,114800000,300000
R28-01049,102610000,300000
R28-01050,14690000,40000
R28-01051,16970000,40000
R28-01052,81670000,300000
R28-01053,76940000,300000
R28-01054,53670000,150000
R28-01055,28830000,60000
R28-01056,14500000,40000
R28-01057,33710000,150000
R28-01058,64350000,150000
R28-01059,5540000,20000
R28-01060,26720000,60000
R28-01061,31210000,60000
R28-01062,1290000,0
R28-01063,126050000,300000
R28-01064,56070000,150000
R28-01065,65150000,150000
R28-01066,30940000,60000
R28-01067,93960000,300000
R28-01068,101650000,300000
R28-01069,81930000,300000
R28-01070,13590000,40000
R28-01071,53130000,150000
R28-01072,5330000,20000
R28-01073,2590000,0
R28-01074,35440000,150000
R28-01075,47960000,150000
R28-01076,22610000,60000
R28-01077,83130000,300000
R28-01078,82660000,300000
R28-01079,5230000,20000
R28-01080,54720000,150000
R28-01081,13950000,40000
R28-01082,106860000,300000
R28-01083,108980000,300000
R28-01084,24570000,60000
R28-01085,3600000,0
R28-01086,25130000,60000
R28-01087,103250000,300000
R28-01088,53940000,150000
R28-01089,2970000,0
R28-01090,41380000,150000
R28-01091,61000000,150000
R28-01092,72810000,300000
R28-01093,44140000,150000
R28-01094,85800000,300000
R28-01095,22940000,60000
R28-01096,87300000,300000
R28-01097,29310000,60000
R28-01098,62150000,150000
R28-01099,22970000,60000
R28-01100,56470000,150000
R28-01101,13900000,40000
R28-01102,68210000,300000
R28-01103,93190000,300000
R28-01104,35620000,150000
R28-01105,37110000,150000
R28-01106,40940000,150000
R28-01107,23330000,60000
R28-01108,66380000,150000
R28-01109,44180000,150000
R28-01110,32700000,60000
R28-01111,2470000,0
R28-01112,56380000,150000
R28-01113,12140000,40000
R28-01114,10890000,40000
R28-01115,5980000,20000
R28-01116,13560000,40000
R28-01117,106150000,300000
R28-01118,133780000,600000
R28-01119,26830000,60000
R28-01120,67130000,300000
R28-01121,63600000,150000
R28-01122,4000000,0
R28-01123,128640000,300000
R28-01124,51160000,150000
R28-01125,67590000,300000
R28-01126,95790000,300000
R28-01127,2280000,0
R28-01128,21950000,60000
R28-01129,64510000,150000
R28-01130,104950000,300000
R28-01131,54080000,150000
R28-01132,61680000,150000
R28-01133,32540000,60000
R28-01134,18480000,40000
R28-01135,72350000,300000
R28-01136,24650000,60000
R28-01137,46240000,150000
R28-01138,32860000,60000
R28-01139,5930000,20000
R28-01140,5520000,20000
R28-01141,42320000,150000
R28-01142,37070000,150000
R28-01143,11570000,40000
R28-01144,35400000,150000
R28-01145,52320000,150000
R28-01146,42100000,150000
R28-01147,104770000,300000
R28-01148,93150000,300000
R28-01149,53700000,150000
R28-01150,62750000,150000
R28-01151,23860000,60000
R28-01152,72870000,300000
R28-01153,41540000,150000
R28-01154,13470000,40000
R28-01155,64940000,150000
R28-01156,93810000,300000
R28-01157,4340000,0
R28-01158,96630000,300000
R28-01159,15810000,40000
R28-01160,114810000,300000
R28-01161,14400000,40000
R28-01162,26660000,60000
R28-01163,7210000,20000
R28-01164,12040000,40000
R28-01165,47610000,150000
R28-01166,36920000,150000
R28-01167,65770000,150000
R28-01168,44930000,150000
R28-01169,52210000,150000
R28-01170,34630000,150000
R28-01171,32800000,60000
R28-01172,40430000,150000
R28-01173,117530000,300000
R28-01174,94930000,300000
R28-01175,16600000,40000
R28-01176,1790000,0
R28-01177,12060000,40000
R28-01178,40840000,150000
R28-01179,16320000,40000
R28-01180,1180000,0
R28-01181,34430000,150000
R28-01182,23580000,60000
R28-01183,45560000,150000
R28-01184,46370000,150000
R28-01185,4850000,0
R28-01186,13920000,40000
R28-01187,30930000,60000
R28-01188,91500000,300000
R28-01189,26640000,60000
R28-01190,3530000,0
R28-01191,83130000,300000
R28-01192,25040000,60000
R28-01193,11960000,40000
R28-01194,44350000,150000
R28-01195,3780000,0
R28-01196,84170000,300000
R28-01197,20970000,60000
R28-01198,15010000,40000
R28-01199,69700000,300000
R28-01200,73630000,300000
R28-01201,106040000,300000
R28-01202,45520000,150000
R28-01203,43370000,150000
R28-01204,143180000,600000
R28-01205,41630000,150000
R28-01206,41350000,150000
R28-01207,26530000,60000
R28-01208,56750000,150000
R28-01209,14160000,40000
R28-01210,154690000,600000
R28-01211,31320000,60000
R28-01212,11590000,40000
R28-01213,15940000,40000
R28-01214,33930000,150000
R28-01215,3760000,0
R28-01216,18040000,40000
R28-01217,13240000,40000
R28-01218,15070000,40000
R28-01219,65470000,150000
R28-01220,63530000,150000
R28-01221,60880000,150000
R28-01222,41860000,150000
R28-01223,12150000,40000
R28-01224,22430000,60000
R28-01225,18210000,40000
R28-01226,34170000,150000
R28-01227,6500000,20000
R28-01228,72320000,300000
R28-01229,1760000,0
R28-01230,62940000,150000
R28-01231,42720000,150000
R28-01232,55240000,150000
R28-01233,24440000,60000
R28-01234,23950000,60000
R28-01235,57200000,150000
R28-01236,65850000,150000
R28-01237,14800000,40000
R28-01238,101790000,300000
R28-01239,34490000,150000
R28-01240,84660000,300000
R28-01241,3940000,0
R28-01242,8780000,20000
R28-01243,11570000,40000
R28-01244,31680000,60000
R28-01245,22470000,60000
R28-01246,45180000,150000
R28-01247,6640000,20000
R28-01248,32110000,60000
R28-01249,35570000,150000
R28-01250,55570000,150000
R28-01251,145020000,600000
R28-01252,13010000,40000
R28-01253,18950000,40000
R28-01254,1790000,0
R28-01255,34690000,150000
R28-01256,76980000,300000
R28-01257,110850000,300000
R28-01258,64820000,150000
R28-01259,54500000,150000
R28-01260,3110000,0
R28-01261,58640000,150000
R28-01262,86120000,300000
R28-01263,67420000,300000
R28-01264,43490000,150000
R28-01265,1790000,0
R28-01266,43090000,150000
R28-01267,56990000,150000
R28-01268,81940000,300000
R28-01269,52450000,150000
R28-01270,50950000,150000
R28-01271,42380000,150000
R28-01272,2230000,0
R28-01273,46200000,150000
R28-01274,82810000,300000
R28-01275,11480000,40000
R28-01276,3930000,0
R28-01277,48740000,150000
R28-01278,3230000,0
R28-01279,74510000,300000
R28-01280,42860000,150000
R28-01281,33350000,150000
R28-01282,33450000,150000
R28-01283,36510000,150000
R28-01284,73510000,300000
R28-01285,46680000,150000
R28-01286,66120000,150000
R28-01287,13680000,40000
R28-01288,49360000,150000
R28-01289,7830000,20000
R28-01290,37200000,150000
R28-01291,114570000,300000
R28-01292,63840000,150000
R28-01293,41350000,150000
R28-01294,6470000,20000
R28-01295,21510000,60000
R28-01296,38980000,150000
R28-01297,35130000,150000
R28-01298,33680000,150000
R28-01299,42210000,150000
R28-01300,75950000,300000
R28-01301,14410000,40000
R28-01302,106470000,300000
R28-01303,26500000,60000
R28-01304,110700000,300000
R28-01305,3980000,0
R28-01306,45780000,150000
R28-01307,16260000,40000
R28-01308,15280000,40000
R28-01309,72800000,300000
R28-01310,145240000,600000
R28-01311,62350000,150000
R28-01312,26610000,60000
R28-01313,23310000,60000
R28-01314,7510000,20000
R28-01315,94850000,300000
R28-01316,74820000,300000
R28-01317,42910000,150000
R28-01318,31160000,60000
R28-01319,63450000,150000
R28-01320,81970000,300000
R28-01321,122880000,300000
R28-01322,47970000,150000
R28-01323,1690000,0
R28-01324,46190000,150000
R28-01325,61680000,150000
R28-01326,4010000,0
R28-01327,63750000,150000
R28-01328,33690000,150000
R28-01329,23220000,60000
R28-01330,12070000,40000
R28-01331,64160000,150000
R28-01332,99660000,300000
R28-01333,41840000,150000
R28-01334,46040000,150000
R28-01335,42910000,150000
R28-01336,41290000,150000
R28-01337,74710000,300000
R28-01338,26590000,60000
R28-01339,36230000,150000
R28-01340,33960000,150000
R28-01341,45390000,150000
R28-01342,45840000,150000
R28-01343,32790000,60000
R28-01344,27360000,60000
R28-01345,12180000,40000
R28-01346,73080000,300000
R28-01347,64160000,150000
R28-01348,72860000,300000
R28-01349,23890000,60000
R28-01350,42580000,150000
R28-01351,11080000,40000
R28-01352,12560000,40000
R28-01353,31860000,60000
R28-01354,41800000,150000
R28-01355,72860000,300000
R28-01356,23720000,60000
R28-01357,97740000,300000
R28-01358,11750000,40000
R28-01359,71140000,300000
R28-01360,64080000,150000
R28-01361,55220000,150000
R28-01362,44340000,150000
R28-01363,37380000,150000
R28-01364,7900000,20000
R28-01365,15090000,40000
R28-01366,17800000,40000
R28-01367,21160000,60000
R28-01368,123970000,300000
R28-01369,34370000,150000
R28-01370,152400000,600000
R28-01371,81520000,300000
R28-01372,4880000,0
R28-01373,102690000,300000
R28-01374,63790000,150000
R28-01375,25940000,60000
R28-01376,48170000,150000
R28-01377,38930000,150000
R28-01378,54710000,150000
R28-01379,5670000,20000
R28-01380,14380000,40000
R28-01381,72470000,300000
R28-01382,28380000,60000
R28-01383,42540000,150000
R28-01384,4680000,0
R28-01385,65310000,150000
R28-01386,33130000,60000
R28-01387,38570000,150000
R28-01388,61300000,150000
R28-01389,71940000,300000
R28-01390,61200000,150000
R28-01391,64850000,150000
R28-01392,32010000,60000
R28-01393,32900000,60000
R28-01394,14590000,40000
R28-01395,43460000,150000
R28-01396,74590000,300000
R28-01397,66220000,150000
R28-01398,115010000,300000
R28-01399,32140000,60000
R28-01400,13490000,40000
R28-01401,2790000,0
R28-01402,17060000,40000
R28-01403,4950000,0
R28-01404,102950000,300000
R28-01405,124250000,300000
R28-01406,5870000,20000
R28-01407,15620000,40000
R28-01408,66540000,150000
R28-01409,32400000,60000
R28-01410,73340000,300000
R28-01411,18980000,40000
R28-01412,51620000,150000
R28-01413,45810000,150000
R28-01414,114990000,300000
R28-01415,67410000,300000
R28-01416,26830000,60000
R28-01417,15870000,40000
R28-01418,41600000,150000
R28-01419,14570000,40000
R28-01420,1560000,0
R28-01421,13750000,40000
R28-01422,47680000,150000
R28-01423,450000,0
R28-01424,46010000,150000
R28-01425,62140000,150000
R28-01426,13240000,40000
R28-01427,53920000,150000
R28-01428,41700000,150000
R28-01429,101620000,300000
R28-01430,25760000,60000
R28-01431,22480000,60000
R28-01432,5730000,20000
R28-01433,10300000,40000
R28-01434,54410000,150000
R28-01435,58780000,150000
R28-01436,92250000,300000
R28-01437,42460000,150000
R28-01438,31080000,60000
R28-01439,7170000,20000
R28-01440,2080000,0
R28-01441,77340000,300000
R28-01442,17060000,40000
R28-01443,51520000,150000
R28-01444,15370000,40000
R28-01445,22170000,60000
R28-01446,11290000,40000
R28-01447,70840000,300000
R28-01448,11810000,40000
R28-01449,34310000,150000
R28-01450,21750000,60000
R28-01451,7630000,20000
R28-01452,16230000,40000
R28-01453,63980000,150000
R28-01454,33510000,150000
R28-01455,42490000,150000
R28-01456,32470000,60000
R28-01457,103860000,300000
R28-01458,17720000,40000
R28-01459,33440000,150000
R28-01460,21220000,60000
R28-01461,63710000,150000
R28-01462,35200000,150000
R28-01463,23650000,60000
R28-01464,59430000,150000
R28-01465,64690000,150000
R28-01466,103810000,300000
R28-01467,34900000,150000
R28-01468,64810000,150000
R28-01469,36320000,150000
R28-01470,23710000,60000
R28-01471,55870000,150000
R28-01472,24770000,60000
R28-01473,42410000,150000
R28-01474,2070000,0
R28-01475,92170000,300000
R28-01476,18090000,40000
R28-01477,48470000,150000
R28-01478,63180000,150000
R28-01479,67730000,300000
R28-01480,62010000,150000
R28-01481,53800000,150000
R28-01482,73000000,300000
R28-01483,3330000,0
R28-01484,11930000,40000
R28-01485,35530000,150000
R28-01486,2260000,0
R28-01487,30740000,60000
R28-01488,72000000,300000
R28-01489,42830000,150000
R28-01490,77700000,300000
R28-01491,41230000,150000
R28-01492,35150000,150000
R28-01493,36970000,150000
R28-01494,53720000,150000
R28-01495,103400000,300000
R28-01496,91830000,300000
R28-01497,18750000,40000
R28-01498,93890000,300000
R28-01499,41750000,150000
R28-01500,65940000,150000
R28-01501,17030000,40000
R28-01502,45040000,150000
R28-01503,115500000,300000
R28-01504,55660000,150000
R28-01505,37990000,150000
R28-01506,63000000,150000
R28-01507,8100000,20000
R28-01508,32990000,60000
R28-01509,56300000,150000
R28-01510,51840000,150000
R28-01511,34390000,150000
R28-01512,90920000,300000
R28-01513,67140000,300000
R28-01514,11680000,40000
R28-01515,2320000,0
R28-01516,74380000,300000
R28-01517,30430000,60000
R28-01518,90570000,300000
R28-01519,87950000,300000
R28-01520,84470000,300000
R28-01521,61140000,150000
R28-01522,5070000,20000
R28-01523,23870000,60000
R28-01524,104710000,300000
R28-01525,34530000,150000
R28-01526,21640000,60000
R28-01527,92270000,300000
R28-01528,23250000,60000
R28-01529,42120000,150000
R28-01530,42630000,150000
R28-01531,25320000,60000
R28-01532,73590000,300000
R28-01533,4350000,0
R28-01534,85510000,300000
R28-01535,42920000,150000
R28-01536,73560000,300000
R28-01537,32870000,60000
R28-01538,77970000,300000
R28-01539,40380000,150000
R28-01540,31780000,60000
R28-01541,73910000,300000
R28-01542,2700000,0
R28-01543,1730000,0
R28-01544,83520000,300000
R28-01545,42270000,150000
R28-01546,62720000,150000
R28-01547,26440000,60000
R28-01548,122160000,300000
R28-01549,38810000,150000
R28-01550,12250000,40000
R28-01551,37410000,150000
R28-01552,60870000,150000
R28-01553,36950000,150000
R28-01554,71810000,300000
R28-01555,5890000,20000
R28-01556,7360000,20000
R28-01557,61880000,150000
R28-01558,76000000,300000
R28-01559,42630000,150000
R28-01560,74850000,300000
R28-01561,18170000,40000
R28-01562,10970000,40000
R28-01563,96070000,300000
R28-01564,31040000,60000
R28-01565,32950000,60000
R28-01566,33280000,60000
R28-01567,22730000,60000
R28-01568,12310000,40000
R28-01569,152260000,600000
R28-01570,13600000,40000
R28-01571,31510000,60000
R28-01572,54730000,150000
R28-01573,12410000,40000
R28-01574,41680000,150000
R28-01575,16280000,40000
R28-01576,56530000,150000
R28-01577,35320000,150000
R28-01578,64190000,150000
R28-01579,94320000,300000
R28-01580,35220000,150000
R28-01581,21670000,60000
R28-01582,16000000,40000
R28-01583,23840000,60000
R28-01584,11800000,40000
R28-01585,43740000,150000
R28-01586,24450000,60000
R28-01587,34900000,150000
R28-01588,7130000,20000
R28-01589,22780000,60000
R28-01590,104630000,300000
R28-01591,67340000,300000
R28-01592,55720000,150000
R28-01593,92930000,300000
R28-01594,44970000,150000
R28-01595,45540000,150000
R28-01596,63830000,150000
R28-01597,22430000,60000
R28-01598,13870000,40000
R28-01599,32780000,60000
R28-01600,62590000,150000
R28-01601,2920000,0
R28-01602,44010000,150000
R28-01603,32080000,60000
R28-01604,31010000,60000
R28-01605,14690000,40000
R28-01606,72080000,300000
R28-01607,2940000,0
R28-01608,5730000,20000
R28-01609,23340000,60000
R28-01610,25990000,60000
R28-01611,61340000,150000
R28-01612,62750000,150000
R28-01613,76510000,300000
R28-01614,67130000,300000
R28-01615,1240000,0
R28-01616,34320000,150000
R28-01617,37610000,150000
R28-01618,93560000,300000
R28-01619,32260000,60000
R28-01620,62800000,150000
R28-01621,41720000,150000
R28-01622,720000,0
R28-01623,43450000,150000
R28-01624,12880000,40000
R28-01625,3290000,0
R28-01626,48010000,150000
R28-01627,26050000,60000
R28-01628,2440000,0
R28-01629,21140000,60000
R28-01630,101100000,300000
R28-01631,31510000,60000
R28-01632,55700000,150000
R28-01633,11790000,40000
R28-01634,37650000,150000
R28-01635,106580000,300000
R28-01636,1940000,0
R28-01637,51280000,150000
R28-01638,91990000,300000
R28-01639,21910000,60000
R28-01640,16680000,40000
R28-01641,61310000,150000
R28-01642,45060000,150000
R28-01643,3170000,0
R28-01644,63580000,150000
R28-01645,24500000,60000
R28-01646,42350000,150000
R28-01647,1940000,0
R28-01648,36650000,150000
R28-01649,96890000,300000
R28-01650,46190000,150000
R28-01651,34140000,150000
R28-01652,6970000,20000
R28-01653,15650000,40000
R28-01654,4880000,0
R28-01655,103010000,300000
R28-01656,25850000,60000
R28-01657,87250000,300000
R28-01658,310000,0
R28-01659,4630000,0
R28-01660,56250000,150000
R28-01661,137120000,600000
R28-01662,74710000,300000
R28-01663,127100000,300000
R28-01664,740000,0
R28-01665,155390000,600000
R28-01666,70960000,300000
R28-01667,33040000,60000
R28-01668,34120000,150000
R28-01669,35980000,150000
R28-01670,5590000,20000
R28-01671,45340000,150000
R28-01672,14930000,40000
R28-01673,31540000,60000
R28-01674,1190000,0
R28-01675,15770000,40000
R28-01676,46060000,150000
R28-01677,84380000,300000
R28-01678,62290000,150000
R28-01679,23960000,60000
R28-01680,60650000,150000
R28-01681,13060000,40000
R28-01682,106400000,300000
R28-01683,104190000,300000
R28-01684,6320000,20000
R28-01685,54490000,150000
R28-01686,42100000,150000
R28-01687,64970000,150000
R28-01688,54480000,150000
R28-01689,135560000,600000
R28-01690,61000000,150000
R28-01691,71400000,300000
R28-01692,33660000,150000
R28-01693,11790000,40000
R28-01694,52030000,150000
R28-01695,33310000,60000
R28-01696,73070000,300000
R28-01697,24080000,60000
R28-01698,44920000,150000
R28-01699,47330000,150000
R28-01700,3970000,0
R28-01701,27190000,60000
R28-01702,820000,0
R28-01703,49420000,150000
R28-01704,1900000,0
R28-01705,97790000,300000
R28-01706,33990000,150000
R28-01707,22890000,60000
R28-01708,4910000,0
R28-01709,43740000,150000
R28-01710,72340000,300000
R28-01711,30620000,60000
R28-01712,45230000,150000
R28-01713,11590000,40000
R28-01714,63270000,150000
R28-01715,51930000,150000
R28-01716,2010000,0
R28-01717,102020000,300000
R28-01718,86650000,300000
R28-01719,37410000,150000
R28-01720,64510000,150000
R28-01721,5120000,20000
R28-01722,45280000,150000
R28-01723,34730000,150000
R28-01724,21800000,60000
R28-01725,22020000,60000
R28-01726,22590000,60000
R28-01727,17230000,40000
R28-01728,60460000,150000
R28-01729,63510000,150000
R28-01730,112470000,300000
R28-01731,10360000,40000
R28-01732,13340000,40000
R28-01733,1720000,0
R28-01734,83750000,300000
R28-01735,63110000,150000
R28-01736,61610000,150000
R28-01737,72340000,300000
R28-01738,23280000,60000
R28-01739,56940000,150000
R28-01740,42330000,150000
R28-01741,11800000,40000
R28-01742,96380000,300000
R28-01743,57120000,150000
R28-01744,3790000,0
R28-01745,51830000,150000
R28-01746,8800000,20000
R28-01747,62540000,150000
R28-01748,34960000,150000
R28-01749,60710000,150000
R28-01750,42540000,150000
R28-01751,19440000,40000
R28-01752,6900000,20000
R28-01753,53920000,150000
R28-01754,4860000,0
R28-01755,21920000,60000
R28-01756,97900000,300000
R28-01757,2030000,0
R28-01758,51350000,150000
R28-01759,14480000,40000
R28-01760,44070000,150000
R28-01761,55560000,150000
R28-01762,31820000,60000
R28-01763,15720000,40000
R28-01764,35210000,150000
R28-01765,14550000,40000
R28-01766,64690000,150000
R28-01767,90860000,300000
R28-01768,28320000,60000
R28-01769,46650000,150000
R28-01770,63030000,150000
R28-01771,24900000,60000
R28-01772,58870000,150000
R28-01773,60580000,150000
R28-01774,92990000,300000
R28-01775,64160000,150000
R28-01776,2820000,0
R28-01777,95630000,300000
R28-01778,13810000,40000
R28-01779,81030000,300000
R28-01780,25630000,60000
R28-01781,14130000,40000
R28-01782,30710000,60000
R28-01783,4610000,0
R28-01784,32900000,60000
R28-01785,21040000,60000
R28-01786,5570000,20000
R28-01787,33800000,150000
R28-01788,2580000,0
R28-01789,31960000,60000
R28-01790,64800000,150000
R28-01791,106430000,300000
R28-01792,11400000,40000
R28-01793,2380000,0
R28-01794,23560000,60000
R28-01795,32770000,60000
R28-01796,5400000,20000
R28-01797,44650000,150000
R28-01798,101480000,300000
R28-01799,12580000,40000
R28-01800,11770000,40000
R28-01801,12160000,40000
R28-01802,132390000,300000
R28-01803,40990000,150000
R28-01804,42950000,150000
R28-01805,73760000,300000
R28-01806,64640000,150000
R28-01807,12260000,40000
R28-01808,23120000,60000
R28-01809,16880000,40000
R28-01810,31900000,60000
R28-01811,22450000,60000
R28-01812,20570000,60000
R28-01813,35520000,150000
R28-01814,72140000,300000
R28-01815,30770000,60000
R28-01816,72860000,300000
R28-01817,3220000,0
R28-01818,134610000,600000
R28-01819,54490000,150000
R28-01820,31330000,60000
R28-01821,95200000,300000
R28-01822,95450000,300000
R28-01823,34620000,150000
R28-01824,80800000,300000
R28-01825,35100000,150000
R28-01826,55240000,150000
R28-01827,74440000,300000
R28-01828,33140000,60000
R28-01829,54730000,150000
R28-01830,42300000,150000
R28-01831,5470000,20000
R28-01832,52690000,150000
R28-01833,79510000,300000
R28-01834,24730000,60000
R28-01835,17070000,40000
R28-01836,12440000,40000
R28-01837,24870000,60000
R28-01838,42220000,150000
R28-01839,23310000,60000
R28-01840,41350000,150000
R28-01841,28820000,60000
R28-01842,63950000,150000
R28-01843,45490000,150000
R28-01844,54690000,150000
R28-01845,22630000,60000
R28-01846,35260000,150000
R28-01847,97370000,300000
R28-01848,2760000,0
R28-01849,49250000,150000
R28-01850,20870000,60000
R28-01851,8530000,20000
R28-01852,113710000,300000
R28-01853,156230000,600000
R28-01854,66770000,300000
R28-01855,30820000,60000
R28-01856,26340000,60000
R28-01857,28500000,60000
R28-01858,12040000,40000
R28-01859,10410000,40000
R28-01860,101810000,300000
R28-01861,51260000,150000
R28-01862,53750000,150000
R28-01863,44810000,150000
R28-01864,94600000,300000
R28-01865,52830000,150000
R28-01866,73180000,300000
R28-01867,15810000,40000
R28-01868,21670000,60000
R28-01869,1020000,0
R28-01870,141660000,600000
R28-01871,26420000,60000
R28-01872,43110000,150000
R28-01873,3400000,0
R28-01874,1520000,0
R28-01875,81790000,300000
R28-01876,72880000,300000
R28-01877,62480000,150000
R28-01878,54270000,150000
R28-01879,3080000,0
R28-01880,13860000,40000
R28-01881,3090000,0
R28-01882,83890000,300000
R28-01883,83240000,300000
R28-01884,46380000,150000
R28-01885,63610000,150000
R28-01886,4190000,0
R28-01887,20770000,60000
R28-01888,5050000,20000
R28-01889,44180000,150000
R28-01890,98020000,300000
R28-01891,23080000,60000
R28-01892,26580000,60000
R28-01893,86570000,300000
R28-01894,24870000,60000
R28-01895,40210000,150000
R28-01896,16960000,40000
R28-01897,10770000,40000
R28-01898,31240000,60000
R28-01899,111540000,300000
R28-01900,58000000,150000
R28-01901,48140000,150000
R28-01902,44410000,150000
R28-01903,79530000,300000
R28-01904,52850000,150000
R28-01905,83870000,300000
R28-01906,52140000,150000
R28-01907,32480000,60000
R28-01908,40740000,150000
R28-01909,13740000,40000
R28-01910,26960000,60000
R28-01911,54440000,150000
R28-01912,52270000,150000
R28-01913,36400000,150000
R28-01914,67500000,300000
R28-01915,50770000,150000
R28-01916,62920000,150000
R28-01917,42530000,150000
R28-01918,53280000,150000
R28-01919,23250000,60000
R28-01920,113940000,300000
R28-01921,35580000,150000
R28-01922,54020000,150000
R28-01923,67620000,300000
R28-01924,93110000,300000
R28-01925,44300000,150000
R28-01926,2030000,0
R28-01927,3050000,0
R28-01928,3710000,0
R28-01929,52930000,150000
R28-01930,44410000,150000
R28-01931,71260000,300000
R28-01932,13790000,40000
R28-01933,69050000,300000
R28-01934,51600000,150000
R28-01935,47600000,150000
R28-01936,15720000,40000
R28-01937,37700000,150000
R28-01938,73250000,300000
R28-01939,22230000,60000
R28-01940,22480000,60000
R28-01941,10790000,40000
R28-01942,23800000,60000
R28-01943,7050000,20000
R28-01944,18450000,40000
R28-01945,144360000,600000
R28-01946,1710000,0
R28-01947,46360000,150000
R28-01948,238350000,1000000
R28-01949,23390000,60000
R28-01950,33790000,150000
R28-01951,24190000,60000
R28-01952,43060000,150000
R28-01953,22650000,60000
R28-01954,133300000,300000
R28-01955,35610000,150000
R28-01956,13570000,40000
R28-01957,900000,0
R28-01958,3410000,0
R28-01959,32460000,60000
R28-01960,37360000,150000
R28-01961,65310000,150000
R28-01962,7170000,20000
R28-01963,67160000,300000
R28-01964,36790000,150000
R28-01965,93480000,300000
R28-01966,48290000,150000
R28-01967,1750000,0
R28-01968,74680000,300000
R28-01969,52630000,150000
R28-01970,13770000,40000
R28-01971,43500000,150000
R28-01972,1500000,0
R28-01973,11170000,40000
R28-01974,3070000,0
R28-01975,64560000,150000
R28-01976,14210000,40000
R28-01977,33640000,150000
R28-01978,12660000,40000
R28-01979,45100000,150000
R28-01980,48400000,150000
R28-01981,14170000,40000
R28-01982,61750000,150000
R28-01983,41120000,150000
R28-01984,59350000,150000
R28-01985,12520000,40000
R28-01986,41700000,150000
R28-01987,66250000,150000
R28-01988,112050000,300000
R28-01989,63440000,150000
R28-01990,83450000,300000
R28-01991,70320000,300000
R28-01992,22280000,60000
R28-01993,64130000,150000
R28-01994,44250000,150000
R28-01995,66200000,150000
R28-01996,43690000,150000
R28-01997,65800000,150000
R28-01998,4410000,0
R28-01999,215110000,1000000
R28-02000,51670000,150000
R28-02001,4120000,0
R28-02002,42250000,150000
R28-02003,58840000,150000
R28-02004,34160000,150000
R28-02005,47420000,150000
R28-02006,43580000,150000
R28-02007,31530000,60000
R28-02008,68110000,300000
R28-02009,45700000,150000
R28-02010,8430000,20000
R28-02011,87340000,300000
R28-02012,57640000,150000
R28-02013,71900000,300000
R28-02014,15260000,40000
R28-02015,65140000,150000
R28-02016,74100000,300000
R28-02017,2950000,0
R28-02018,16090000,40000
R28-02019,23710000,60000
R28-02020,10690000,40000
R28-02021,42660000,150000
R28-02022,74200000,300000
R28-02023,114180000,300000
R28-02024,61800000,150000
R28-02025,21460000,60000
R28-02026,23150000,60000
R28-02027,10610000,40000
R28-02028,46550000,150000
R28-02029,420000,0
R28-02030,1390000,0
R28-02031,16930000,40000
R28-02032,33070000,60000
R28-02033,30330000,60000
R28-02034,10390000,40000
R28-02035,23940000,60000
R28-02036,4500000,0
R28-02037,71050000,300000
R28-02038,14460000,40000
R28-02039,26410000,60000
R28-02040,8010000,20000
R28-02041,62590000,150000
R28-02042,2870000,0
R28-02043,4170000,0
R28-02044,43260000,150000
R28-02045,13840000,40000
R28-02046,52570000,150000
R28-02047,3620000,0
R28-02048,48840000,150000
R28-02049,970000,0
R28-02050,76280000,300000
R28-02051,6560000,20000
R28-02052,36240000,150000
R28-02053,112650000,300000
R28-02054,132250000,300000
R28-02055,22540000,60000
R28-02056,25270000,60000
R28-02057,96150000,300000
R28-02058,26900000,60000
R28-02059,42870000,150000
R28-02060,62400000,150000
R28-02061,12910000,40000
R28-02062,35920000,150000
R28-02063,16960000,40000
R28-02064,4460000,0
R28-02065,47580000,150000
R28-02066,34780000,150000
R28-02067,74970000,300000
R28-02068,93790000,300000
R28-02069,3470000,0
R28-02070,42830000,150000
R28-02071,10480000,40000
R28-02072,23450000,60000
R28-02073,175670000,600000
R28-02074,44250000,150000
R28-02075,12680000,40000
R28-02076,104740000,300000
R28-02077,12350000,40000
R28-02078,102620000,300000
R28-02079,70830000,300000
R28-02080,43680000,150000
R28-02081,35000000,150000
R28-02082,43920000,150000
R28-02083,32830000,60000
R28-02084,73360000,300000
R28-02085,35390000,150000
R28-02086,24730000,60000
R28-02087,33160000,60000
R28-02088,57710000,150000
R28-02089,55480000,150000
R28-02090,43090000,150000
R28-02091,71180000,300000
R28-02092,41740000,150000
R28-02093,45060000,150000
R28-02094,11920000,40000
R28-02095,45490000,150000
R28-02096,37420000,150000
R28-02097,11470000,40000
R28-02098,9170000,20000
R28-02099,2860000,0
R28-02100,22890000,60000
R28-02101,63980000,150000
R28-02102,106450000,300000
R28-02103,50610000,150000
R28-02104,39270000,150000
R28-02105,13990000,40000
R28-02106,12450000,40000
R28-02107,35630000,150000
R28-02108,122190000,300000
R28-02109,63650000,150000
R28-02110,32580000,60000
R28-02111,54040000,150000
R28-02112,21580000,60000
R28-02113,57640000,150000
R28-02114,23250000,60000
R28-02115,84260000,300000
R28-02116,65240000,150000
R28-02117,44100000,150000
R28-02118,102610000,300000
R28-02119,49300000,150000
R28-02120,82920000,300000
R28-02121,22410000,60000
R28-02122,75600000,300000
R28-02123,73400000,300000
R28-02124,26310000,60000
R28-02125,94310000,300000
R28-02126,24150000,60000
R28-02127,94320000,300000
R28-02128,7600000,20000
R28-02129,3220000,0
R28-02130,143760000,600000
R28-02131,24070000,60000
R28-02132,121520000,300000
R28-02133,23490000,60000
R28-02134,15260000,40000
R28-02135,13620000,40000
R28-02136,23740000,60000
R28-02137,47860000,150000
R28-02138,63320000,150000
R28-02139,95850000,300000
R28-02140,30790000,60000
R28-02141,37500000,150000
R28-02142,61130000,150000
R28-02143,11540000,40000
R28-02144,92690000,300000
R28-02145,62290000,150000
R28-02146,65100000,150000
R28-02147,22460000,60000
R28-02148,31900000,60000
R28-02149,82700000,300000
R28-02150,11910000,40000
R28-02151,45540000,150000
R28-02152,47390000,150000
R28-02153,50950000,150000
R28-02154,12280000,40000
R28-02155,27210000,60000
R28-02156,150760000,600000
R28-02157,35030000,150000
R28-02158,104670000,300000
R28-02159,43190000,150000
R28-02160,48390000,150000
R28-02161,72670000,300000
R28-02162,52190000,150000
R28-02163,61030000,150000
R28-02164,103980000,300000
R28-02165,37190000,150000
R28-02166,3680000,0
R28-02167,72020000,300000
R28-02168,31690000,60000
R28-02169,7610000,20000
R28-02170,730000,0
R28-02171,97170000,300000
R28-02172,10830000,40000
R28-02173,22760000,60000
R28-02174,24150000,60000
R28-02175,41510000,150000
R28-02176,34480000,150000
R28-02177,87250000,300000
R28-02178,26230000,60000
R28-02179,34690000,150000
R28-02180,34390000,150000
R28-02181,54610000,150000
R28-02182,67020000,300000
R28-02183,8130000,20000
R28-02184,22700000,60000
R28-02185,138170000,600000
R28-02186,12510000,40000
R28-02187,34940000,150000
R28-02188,13230000,40000
R28-02189,51760000,150000
R28-02190,33080000,60000
R28-02191,4380000,0
R28-02192,12740000,40000
R28-02193,14960000,40000
R28-02194,62320000,150000
R28-02195,20450000,60000
R28-02196,23290000,60000
R28-02197,44420000,150000
R28-02198,54410000,150000
R28-02199,24590000,60000
R28-02200,46590000,150000
R28-02201,75760000,300000
R28-02202,31030000,60000
R28-02203,80690000,300000
R28-02204,49210000,150000
R28-02205,13240000,40000
R28-02206,11270000,40000
R28-02207,11850000,40000
R28-02208,4110000,0
R28-02209,23820000,60000
R28-02210,93210000,300000
R28-02211,46660000,150000
R28-02212,930000,0
R28-02213,5380000,20000
R28-02214,61690000,150000
R28-02215,82490000,300000
R28-02216,83120000,300000
R28-02217,85020000,300000
R28-02218,1750000,0
R28-02219,3340000,0
R28-02220,97680000,300000
R28-02221,15360000,40000
R28-02222,43860000,150000
R28-02223,12240000,40000
R28-02224,38470000,150000
R28-02225,21490000,60000
R28-02226,16090000,40000
R28-02227,35590000,150000
R28-02228,36700000,150000
R28-02229,46330000,150000
R28-02230,82870000,300000
R28-02231,95110000,300000
R28-02232,23420000,60000
R28-02233,66540000,150000
R28-02234,73470000,300000
R28-02235,64890000,150000
R28-02236,41730000,150000
R28-02237,48960000,150000
R28-02238,14020000,40000
R28-02239,12330000,40000
R28-02240,25830000,60000
R28-02241,53290000,150000
R28-02242,51350000,150000
R28-02243,71610000,300000
R28-02244,94270000,300000
R28-02245,113660000,300000
R28-02246,103000000,300000
R28-02247,84000000,300000
R28-02248,36140000,150000
R28-02249,10610000,40000
R28-02250,63280000,150000
R28-02251,15960000,40000
R28-02252,42290000,150000
R28-02253,13320000,40000
R28-02254,33920000,150000
R28-02255,55710000,150000
R28-02256,6270000,20000
R28-02257,21850000,60000
R28-02258,41650000,150000
R28-02259,32320000,60000
R28-02260,6430000,20000
R28-02261,22240000,60000
R28-02262,44540000,150000
R28-02263,34510000,150000
R28-02264,64530000,150000
R28-02265,12860000,40000
R28-02266,42920000,150000
R28-02267,71750000,300000
R28-02268,15260000,40000
R28-02269,7120000,20000
R28-02270,14640000,40000
R28-02271,12290000,40000
R28-02272,12210000,40000
R28-02273,46750000,150000
R28-02274,81870000,300000
R28-02275,32680000,60000
R28-02276,71510000,300000
R28-02277,55610000,150000
R28-02278,95470000,300000
R28-02279,22130000,60000
R28-02280,32030000,60000
R28-02281,14600000,40000
R28-02282,4320000,0
R28-02283,2520000,0
R28-02284,81890000,300000
R28-02285,50840000,150000
R28-02286,62100000,150000
R28-02287,86240000,300000
R28-02288,11950000,40000
R28-02289,25180000,60000
R28-02290,67410000,300000
R28-02291,73280000,300000
R28-02292,101630000,300000
R28-02293,84920000,300000
R28-02294,142330000,600000
R28-02295,24420000,60000
R28-02296,3570000,0
R28-02297,52490000,150000
R28-02298,61210000,150000
R28-02299,1510000,0
R28-02300,12810000,40000
R28-02301,21140000,60000
R28-02302,2660000,0
R28-02303,4310000,0
R28-02304,12710000,40000
R28-02305,1920000,0
R28-02306,71490000,300000
R28-02307,100650000,300000
R28-02308,78620000,300000
R28-02309,101570000,300000
R28-02310,133130000,300000
R28-02311,51930000,150000
R28-02312,61510000,150000
R28-02313,47340000,150000
R28-02314,8790000,20000
R28-02315,4990000,0
R28-02316,53330000,150000
R28-02317,154160000,600000
R28-02318,95800000,300000
R28-02319,37720000,150000
R28-02320,115400000,300000
R28-02321,60680000,150000
R28-02322,3440000,0
R28-02323,73240000,300000
R28-02324,63490000,150000
R28-02325,12150000,40000
R28-02326,51840000,150000
R28-02327,15110000,40000
R28-02328,41860000,150000
R28-02329,156460000,600000
R28-02330,4300000,0
R28-02331,22000000,60000
R28-02332,55840000,150000
R28-02333,9320000,20000
R28-02334,32320000,60000
R28-02335,4120000,0
R28-02336,34320000,150000
R28-02337,114070000,300000
R28-02338,13720000,40000
R28-02339,91720000,300000
R28-02340,6380000,20000
R28-02341,25430000,60000
R28-02342,20100000,60000
R28-02343,24530000,60000
R28-02344,81970000,300000
R28-02345,34610000,150000
R28-02346,82820000,300000
R28-02347,32850000,60000
R28-02348,31980000,60000
R28-02349,148450000,600000
R28-02350,53610000,150000
R28-02351,84670000,300000
R28-02352,32260000,60000
R28-02353,84820000,300000
R28-02354,15350000,40000
R28-02355,12490000,40000
R28-02356,45940000,150000
R28-02357,11450000,40000
R28-02358,42110000,150000
R28-02359,43380000,150000
R28-02360,4530000,0
R28-02361,84000000,300000
R28-02362,105550000,300000
R28-02363,3100000,0
R28-02364,25520000,60000
R28-02365,45290000,150000
R28-02366,102040000,300000
R28-02367,30450000,60000
R28-02368,23920000,60000
R28-02369,23620000,60000
R28-02370,142170000,600000
R28-02371,112140000,300000
R28-02372,11320000,40000
R28-02373,14630000,40000
R28-02374,54780000,150000
R28-02375,4190000,0
R28-02376,93710000,300000
R28-02377,36170000,150000
R28-02378,62800000,150000
R28-02379,50760000,150000
R28-02380,30740000,60000
R28-02381,4520000,0
R28-02382,49300000,150000
R28-02383,32020000,60000
R28-02384,3280000,0
R28-02385,61860000,150000
R28-02386,16210000,40000
R28-02387,51130000,150000
R28-02388,100190000,300000
R28-02389,42040000,150000
R28-02390,7420000,20000
R28-02391,15620000,40000
R28-02392,22980000,60000
R28-02393,102370000,300000
R28-02394,33680000,150000
R28-02395,21120000,60000
R28-02396,83420000,300000
R28-02397,13510000,40000
R28-02398,42020000,150000
R28-02399,64430000,150000
R28-02400,310000,0
R28-02401,24670000,60000
R28-02402,54730000,150000
R28-02403,64060000,150000
R28-02404,92640000,300000
R28-02405,12030000,40000
R28-02406,2220000,0
R28-02407,76000000,300000
R28-02408,75520000,300000
R28-02409,4620000,0
R28-02410,36640000,150000
R28-02411,95490000,300000
R28-02412,32810000,60000
R28-02413,51130000,150000
R28-02414,61500000,150000
R28-02415,1170000,0
R28-02416,83250000,300000
R28-02417,58820000,150000
R28-02418,25630000,60000
R28-02419,34960000,150000
R28-02420,22580000,60000
R28-02421,32010000,60000
R28-02422,64640000,150000
R28-02423,72930000,300000
R28-02424,97660000,300000
R28-02425,104830000,300000
R28-02426,51720000,150000
R28-02427,83300000,300000
R28-02428,3180000,0
R28-02429,10940000,40000
R28-02430,730000,0
R28-02431,30730000,60000
R28-02432,44170000,150000
R28-02433,81110000,300000
R28-02434,31960000,60000
R28-02435,26140000,60000
R28-02436,37400000,150000
R28-02437,26160000,60000
R28-02438,36290000,150000
R28-02439,47430000,150000
R28-02440,62000000,150000
R28-02441,81480000,300000
R28-02442,79380000,300000
R28-02443,3080000,0
R28-02444,142300000,600000
R28-02445,27620000,60000
R28-02446,86830000,300000
R28-02447,36730000,150000
R28-02448,72700000,300000
R28-02449,53530000,150000
R28-02450,87440000,300000
R28-02451,41890000,150000
R28-02452,81510000,300000
R28-02453,27920000,60000
R28-02454,42110000,150000
R28-02455,38040000,150000
R28-02456,51100000,150000
R28-02457,110430000,300000
R28-02458,97340000,300000
R28-02459,82140000,300000
R28-02460,75950000,300000
R28-02461,40970000,150000
R28-02462,66960000,300000
R28-02463,19300000,40000
R28-02464,119480000,300000
R28-02465,7860000,20000
R28-02466,63470000,150000
R28-02467,65500000,150000
R28-02468,35830000,150000
R28-02469,31060000,60000
R28-02470,70260000,300000
R28-02471,21390000,60000
R28-02472,68500000,300000
R28-02473,103160000,300000
R28-02474,53160000,150000
R28-02475,57800000,150000
R28-02476,55590000,150000
R28-02477,52300000,150000
R28-02478,22870000,60000
R28-02479,43160000,150000
R28-02480,72550000,300000
R28-02481,122050000,300000
R28-02482,84950000,300000
R28-02483,37880000,150000
R28-02484,108420000,300000
R28-02485,35380000,150000
R28-02486,64430000,150000
R28-02487,57200000,150000
R28-02488,113070000,300000
R28-02489,72670000,300000
R28-02490,81850000,300000
R28-02491,31540000,60000
R28-02492,66740000,300000
R28-02493,117960000,300000
R28-02494,74710000,300000
R28-02495,32920000,60000
R28-02496,34750000,150000
R28-02497,91070000,300000
R28-02498,41970000,150000
R28-02499,3340000,0
R28-02500,35850000,150000
R28-02501,41080000,150000
R28-02502,51920000,150000
R28-02503,61890000,150000
R28-02504,33420000,150000
R28-02505,2520000,0
R28-02506,101880000,300000
R28-02507,12470000,40000
R28-02508,65290000,150000
R28-02509,81380000,300000
R28-02510,41980000,150000
R28-02511,64650000,150000
R28-02512,4250000,0
R28-02513,22310000,60000
R28-02514,42590000,150000
R28-02515,53340000,150000
R28-02516,58160000,150000
R28-02517,54150000,150000
R28-02518,2590000,0
R28-02519,4660000,0
R28-02520,95710000,300000
R28-02521,49560000,150000
R28-02522,21930000,60000
R28-02523,22090000,60000
R28-02524,126120000,300000
R28-02525,29640000,60000
R28-02526,2120000,0
R28-02527,48770000,150000
R28-02528,113970000,300000
R28-02529,63940000,150000
R28-02530,123730000,300000
R28-02531,7330000,20000
R28-02532,15320000,40000
R28-02533,37110000,150000
R28-02534,41760000,150000
R28-02535,44520000,150000
R28-02536,27370000,60000
R28-02537,12930000,40000
R28-02538,85640000,300000
R28-02539,63660000,150000
R28-02540,122260000,300000
R28-02541,23770000,60000
R28-02542,4840000,0
R28-02543,33320000,60000
R28-02544,24140000,60000
R28-02545,40410000,150000
R28-02546,8320000,20000
R28-02547,43930000,150000
R28-02548,2480000,0
R28-02549,62860000,150000
R28-02550,2530000,0
R28-02551,910000,0
R28-02552,65220000,150000
R28-02553,70840000,300000
R28-02554,72320000,300000
R28-02555,4520000,0
R28-02556,35100000,150000
R28-02557,72710000,300000
R28-02558,21010000,60000
R28-02559,800000,0
R28-02560,42040000,150000
R28-02561,55860000,150000
R28-02562,2050000,0
R28-02563,26610000,60000
R28-02564,4500000,0
R28-02565,35000000,150000
R28-02566,24740000,60000
R28-02567,1070000,0
R28-02568,22040000,60000
R28-02569,56310000,150000
R28-02570,65850000,150000
R28-02571,83110000,300000
R28-02572,31950000,60000
R28-02573,85450000,300000
R28-02574,94570000,300000
R28-02575,24160000,60000
R28-02576,27760000,60000
R28-02577,34420000,150000
R28-02578,47270000,150000
R28-02579,6350000,20000
R28-02580,17420000,40000
R28-02581,8180000,20000
R28-02582,65630000,150000
R28-02583,1630000,0
R28-02584,2700000,0
R28-02585,35120000,150000
R28-02586,1530000,0
R28-02587,31200000,60000
R28-02588,96430000,300000
R28-02589,82100000,300000
R28-02590,26180000,60000
R28-02591,7290000,20000
R28-02592,2690000,0
R28-02593,43390000,150000
R28-02594,32120000,60000
R28-02595,21690000,60000
R28-02596,13070000,40000
R28-02597,36700000,150000
R28-02598,120800000,300000
R28-02599,34730000,150000
R28-02600,4300000,0
R28-02601,53990000,150000
R28-02602,41140000,150000
R28-02603,3920000,0
R28-02604,53500000,150000
R28-02605,26040000,60000
R28-02606,46180000,150000
R28-02607,64090000,150000
R28-02608,42280000,150000
R28-02609,3320000,0
R28-02610,26020000,60000
R28-02611,63710000,150000
R28-02612,6680000,20000
R28-02613,32890000,60000
R28-02614,75670000,300000
R28-02615,38660000,150000
R28-02616,131970000,300000
R28-02617,61130000,150000
R28-02618,84720000,300000
R28-02619,14540000,40000
R28-02620,31410000,60000
R28-02621,36660000,150000
R28-02622,151460000,600000
R28-02623,107430000,300000
R28-02624,43120000,150000
R28-02625,7740000,20000
R28-02626,1780000,0
R28-02627,41100000,150000
R28-02628,27730000,60000
R28-02629,134170000,600000
R28-02630,5010000,20000
R28-02631,21750000,60000
R28-02632,20870000,60000
R28-02633,122180000,300000
R28-02634,70800000,300000
R28-02635,14690000,40000
R28-02636,42410000,150000
R28-02637,73690000,300000
R28-02638,47030000,150000
R28-02639,9050000,20000
R28-02640,5780000,20000
R28-02641,56280000,150000
R28-02642,91080000,300000
R28-02643,22240000,60000
R28-02644,14710000,40000
R28-02645,48940000,150000
R28-02646,44100000,150000
R28-02647,31840000,60000
R28-02648,46730000,150000
R28-02649,73500000,300000
R28-02650,12520000,40000
R28-02651,37010000,150000
R28-02652,67760000,300000
R28-02653,66750000,300000
R28-02654,92760000,300000
R28-02655,37240000,150000
R28-02656,103400000,300000
R28-02657,76320000,300000
R28-02658,3860000,0
R28-02659,35900000,150000
R28-02660,1920000,0
R28-02661,57060000,150000
R28-02662,34500000,150000
R28-02663,21800000,60000
R28-02664,3110000,0
R28-02665,40700000,150000
R28-02666,93850000,300000
R28-02667,57710000,150000
R28-02668,38310000,150000
R28-02669,63730000,150000
R28-02670,72110000,300000
R28-02671,82020000,300000
R28-02672,65850000,150000
R28-02673,76610000,300000
R28-02674,61210000,150000
R28-02675,32830000,60000
R28-02676,21830000,60000
R28-02677,1990000,0
R28-02678,92080000,300000
R28-02679,12480000,40000
R28-02680,36190000,150000
R28-02681,105610000,300000
R28-02682,42140000,150000
R28-02683,61570000,150000
R28-02684,44190000,150000
R28-02685,42040000,150000
R28-02686,14240000,40000
R28-02687,32940000,60000
R28-02688,25820000,60000
R28-02689,21300000,60000
R28-02690,46800000,150000
R28-02691,44890000,150000
R28-02692,21610000,60000
R28-02693,122220000,300000
R28-02694,12500000,40000
R28-02695,102730000,300000
R28-02696,11980000,40000
R28-02697,37840000,150000
R28-02698,96190000,300000
R28-02699,21970000,60000
R28-02700,92270000,300000
R28-02701,52780000,150000
R28-02702,4360000,0
R28-02703,34640000,150000
R28-02704,65280000,150000
R28-02705,42450000,150000
R28-02706,13290000,40000
R28-02707,7590000,20000
R28-02708,53960000,150000
R28-02709,30910000,60000
R28-02710,56310000,150000
R28-02711,56670000,150000
R28-02712,4580000,0
R28-02713,6950000,20000
R28-02714,7350000,20000
R28-02715,27440000,60000
R28-02716,147630000,600000
R28-02717,36020000,150000
R28-02718,31300000,60000
R28-02719,123560000,300000
R28-02720,81640000,300000
R28-02721,63690000,150000
R28-02722,13550000,40000
R28-02723,7830000,20000
R28-02724,23830000,60000
R28-02725,56930000,150000
R28-02726,52370000,150000
R28-02727,22350000,60000
R28-02728,64780000,150000
R28-02729,16020000,40000
R28-02730,45870000,150000
R28-02731,45660000,150000
R28-02732,34020000,150000
R28-02733,42150000,150000
R28-02734,11470000,40000
R28-02735,56450000,150000
R28-02736,4570000,0
R28-02737,23150000,60000
R28-02738,72940000,300000
R28-02739,8610000,20000
R28-02740,32280000,60000
R28-02741,23380000,60000
R28-02742,3670000,0
R28-02743,74140000,300000
R28-02744,28610000,60000
R28-02745,40760000,150000
R28-02746,51710000,150000
R28-02747,190000,0
R28-02748,41820000,150000
R28-02749,5320000,20000
R28-02750,51640000,150000
R28-02751,51310000,150000
R28-02752,33220000,60000
R28-02753,40150000,150000
R28-02754,900000,0
R28-02755,44820000,150000
R28-02756,42610000,150000
R28-02757,15860000,40000
R28-02758,81120000,300000
R28-02759,65400000,150000
R28-02760,62320000,150000
R28-02761,31940000,60000
R28-02762,34780000,150000
R28-02763,21420000,60000
R28-02764,17160000,40000
R28-02765,61470000,150000
R28-02766,67440000,300000
R28-02767,35170000,150000
R28-02768,63510000,150000
R28-02769,1300000,0
R28-02770,27670000,60000
R28-02771,62500000,150000
R28-02772,43100000,150000
R28-02773,93520000,300000
R28-02774,45640000,150000
R28-02775,74670000,300000
R28-02776,42740000,150000
R28-02777,103950000,300000
R28-02778,74020000,300000
R28-02779,23290000,60000
R28-02780,66100000,150000
R28-02781,77000000,300000
R28-02782,31860000,60000
R28-02783,2120000,0
R28-02784,2760000,0
R28-02785,65060000,150000
R28-02786,13710000,40000
R28-02787,22170000,60000
R28-02788,73590000,300000
R28-02789,222270000,1000000
R28-02790,136340000,600000
R28-02791,21440000,60000
R28-02792,45220000,150000
R28-02793,1780000,0
R28-02794,94340000,300000
R28-02795,41620000,150000
R28-02796,104030000,300000
R28-02797,14370000,40000
R28-02798,31940000,60000
R28-02799,2550000,0
R28-02800,1250000,0
R28-02801,25720000,60000
R28-02802,23930000,60000
R28-02803,32580000,60000
R28-02804,3850000,0
R28-02805,4460000,0
R28-02806,92480000,300000
R28-02807,22890000,60000
R28-02808,13140000,40000
R28-02809,41520000,150000
R28-02810,41560000,150000
R28-02811,43580000,150000
R28-02812,61610000,150000
R28-02813,42410000,150000
R28-02814,64410000,150000
R28-02815,106730000,300000
R28-02816,95080000,300000
R28-02817,51820000,150000
R28-02818,68050000,300000
R28-02819,6780000,20000
R28-02820,31950000,60000
R28-02821,101680000,300000
R28-02822,1540000,0
R28-02823,52330000,150000
R28-02824,102510000,300000
R28-02825,48470000,150000
R28-02826,22950000,60000
R28-02827,37650000,150000
R28-02828,31790000,60000
R28-02829,128920000,300000
R28-02830,73060000,300000
R28-02831,42520000,150000
R28-02832,43820000,150000
R28-02833,62260000,150000
R28-02834,800000,0
R28-02835,4340000,0
R28-02836,42430000,150000
R28-02837,74970000,300000
R28-02838,103590000,300000
R28-02839,92580000,300000
R28-02840,16070000,40000
R28-02841,1820000,0
R28-02842,37840000,150000
R28-02843,61940000,150000
R28-02844,48090000,150000
R28-02845,41450000,150000
R28-02846,23770000,60000
R28-02847,12210000,40000
R28-02848,64310000,150000
R28-02849,15870000,40000
R28-02850,4950000,0
R28-02851,93050000,300000
R28-02852,53320000,150000
R28-02853,62080000,150000
R28-02854,11820000,40000
R28-02855,27420000,60000
R28-02856,52470000,150000
R28-02857,40660000,150000
R28-02858,60820000,150000
R28-02859,6220000,20000
R28-02860,33770000,150000
R28-02861,14530000,40000
R28-02862,22560000,60000
R28-02863,33690000,150000
R28-02864,32170000,60000
R28-02865,73350000,300000
R28-02866,12730000,40000
R28-02867,94580000,300000
R28-02868,103280000,300000
R28-02869,122580000,300000
R28-02870,33310000,60000
R28-02871,54410000,150000
R28-02872,74260000,300000
R28-02873,17540000,40000
R28-02874,42880000,150000
R28-02875,53000000,150000
R28-02876,11820000,40000
R28-02877,5070000,20000
R28-02878,46290000,150000
R28-02879,24290000,60000
R28-02880,26710000,60000
R28-02881,2260000,0
R28-02882,73760000,300000
R28-02883,64740000,150000
R28-02884,4960000,0
R28-02885,4960000,0
R28-02886,51870000,150000
R28-02887,102060000,300000
R28-02888,45190000,150000
R28-02889,24930000,60000
R28-02890,26370000,60000
R28-02891,77040000,300000
R28-02892,54770000,150000
R28-02893,32660000,60000
R28-02894,102720000,300000
R28-02895,64460000,150000
R28-02896,93650000,300000
R28-02897,42710000,150000
R28-02898,63830000,150000
R28-02899,73990000,300000
R28-02900,94000000,300000
R28-02901,15230000,40000
R28-02902,36750000,150000
R28-02903,4000000,0
R28-02904,38660000,150000
R28-02905,4900000,0
R28-02906,22730000,60000
R28-02907,31690000,60000
R28-02908,14570000,40000
R28-02909,121330000,300000
R28-02910,102200000,300000
R28-02911,53890000,150000
R28-02912,16890000,40000
R28-02913,224570000,1000000
R28-02914,34660000,150000
R28-02915,23580000,60000
R28-02916,2340000,0
R28-02917,42760000,150000
R28-02918,36060000,150000
R28-02919,112300000,300000
R28-02920,41380000,150000
R28-02921,16500000,40000
R28-02922,124380000,300000
R28-02923,7300000,20000
R28-02924,3500000,0
R28-02925,3690000,0
R28-02926,220970000,1000000
R28-02927,73860000,300000
R28-02928,16560000,40000
R28-02929,2510000,0
R28-02930,14710000,40000
R28-02931,45430000,150000
R28-02932,1430000,0
R28-02933,21480000,60000
R28-02934,63070000,150000
R28-02935,52470000,150000
R28-02936,4130000,0
R28-02937,23570000,60000
R28-02938,13960000,40000
R28-02939,96920000,300000
R28-02940,123200000,300000
R28-02941,11740000,40000
R28-02942,74050000,300000
R28-02943,127560000,300000
R28-02944,31270000,60000
R28-02945,66610000,150000
R28-02946,67020000,300000
R28-02947,53050000,150000
R28-02948,28070000,60000
R28-02949,2440000,0
R28-02950,63270000,150000
R28-02951,12040000,40000
R28-02952,41010000,150000
R28-02953,35590000,150000
R28-02954,22380000,60000
R28-02955,14350000,40000
R28-02956,65470000,150000
R28-02957,32210000,60000
R28-02958,52160000,150000
R28-02959,41330000,150000
R28-02960,14470000,40000
R28-02961,3140000,0
R28-02962,24190000,60000
R28-02963,32310000,60000
R28-02964,2850000,0
R28-02965,12890000,40000
R28-02966,33080000,60000
R28-02967,61030000,150000
R28-02968,24200000,60000
R28-02969,51620000,150000
R28-02970,1540000,0
R28-02971,31880000,60000
R28-02972,4250000,0
R28-02973,83660000,300000
R28-02974,92930000,300000
R28-02975,88940000,300000
R28-02976,40600000,150000
R28-02977,72980000,300000
R28-02978,12250000,40000
R28-02979,71680000,300000
R28-02980,31390000,60000
R28-02981,52630000,150000
R28-02982,42450000,150000
R28-02983,72790000,300000
R28-02984,3770000,0
R28-02985,630000,0
R28-02986,5540000,20000
R28-02987,1650000,0
R28-02988,42060000,150000
R28-02989,62630000,150000
R28-02990,80980000,300000
R28-02991,124720000,300000
R28-02992,64460000,150000
R28-02993,92300000,300000
R28-02994,28740000,60000
R28-02995,46350000,150000
R28-02996,3100000,0
R28-02997,860000,0
R28-02998,82720000,300000
R28-02999,25860000,60000
R28-03000,13610000,40000
R28-03001,5030000,20000
R28-03002,1140000,0
R28-03003,57510000,150000
R28-03004,64150000,150000
R28-03005,35370000,150000
R28-03006,15240000,40000
R28-03007,17270000,40000
R28-03008,20470000,60000
R28-03009,55720000,150000
R28-03010,11600000,40000
R28-03011,14760000,40000
R28-03012,23560000,60000
R28-03013,24900000,60000
R28-03014,22530000,60000
R28-03015,13550000,40000
R28-03016,103490000,300000
R28-03017,67820000,300000
R28-03018,63390000,150000
R28-03019,46050000,150000
R28-03020,82770000,300000
R28-03021,5590000,20000
R28-03022,41120000,150000
R28-03023,72000000,300000
R28-03024,24780000,60000
R28-03025,26390000,60000
R28-03026,53590000,150000
R28-03027,15410000,40000
R28-03028,13980000,40000
R28-03029,10250000,40000
R28-03030,3790000,0
R28-03031,20070000,60000
R28-03032,96660000,300000
R28-03033,42110000,150000
R28-03034,56650000,150000
R28-03035,28020000,60000
R28-03036,54140000,150000
R28-03037,3690000,0
R28-03038,62770000,150000
R28-03039,71100000,300000
R28-03040,16710000,40000
R28-03041,91890000,300000
R28-03042,37750000,150000
R28-03043,53400000,150000
R28-03044,25050000,60000
R28-03045,106470000,300000
R28-03046,47050000,150000
R28-03047,26940000,60000
R28-03048,27060000,60000
R28-03049,111820000,300000
R28-03050,7700000,20000
R28-03051,1880000,0
R28-03052,84270000,300000
R28-03053,34490000,150000
R28-03054,93950000,300000
R28-03055,51990000,150000
R28-03056,38970000,150000
R28-03057,16860000,40000
R28-03058,112410000,300000
R28-03059,32590000,60000
R28-03060,42830000,150000
R28-03061,57990000,150000
R28-03062,43660000,150000
R28-03063,112220000,300000
R28-03064,47960000,150000
R28-03065,1390000,0
R28-03066,111080000,300000
R28-03067,84850000,300000
R28-03068,13050000,40000
R28-03069,4320000,0
R28-03070,5450000,20000
R28-03071,62260000,150000
R28-03072,62770000,150000
R28-03073,101720000,300000
R28-03074,6920000,20000
R28-03075,24610000,60000
R28-03076,41550000,150000
R28-03077,74690000,300000
R28-03078,41260000,150000
R28-03079,101350000,300000
R28-03080,65890000,150000
R28-03081,1400000,0
R28-03082,41850000,150000
R28-03083,13270000,40000
R28-03084,8420000,20000
R28-03085,41140000,150000
R28-03086,65470000,150000
R28-03087,73090000,300000
R28-03088,2610000,0
R28-03089,65260000,150000
R28-03090,44980000,150000
R28-03091,41770000,150000
R28-03092,128460000,300000
R28-03093,1090000,0
R28-03094,102070000,300000
R28-03095,41590000,150000
R28-03096,60610000,150000
R28-03097,52270000,150000
R28-03098,660000,0
R28-03099,98020000,300000
R28-03100,31340000,60000
R28-03101,61330000,150000
R28-03102,62920000,150000
R28-03103,72920000,300000
R28-03104,33890000,150000
R28-03105,62610000,150000
R28-03106,25410000,60000
R28-03107,57720000,150000
R28-03108,71020000,300000
R28-03109,92590000,300000
R28-03110,104240000,300000
R28-03111,23280000,60000
R28-03112,7720000,20000
R28-03113,2890000,0
R28-03114,8190000,20000
R28-03115,50620000,150000
R28-03116,38580000,150000
R28-03117,111640000,300000
R28-03118,6940000,20000
R28-03119,27000000,60000
R28-03120,26060000,60000
R28-03121,6680000,20000
R28-03122,30660000,60000
R28-03123,44730000,150000
R28-03124,11380000,40000
R28-03125,77270000,300000
R28-03126,56970000,150000
R28-03127,32270000,60000
R28-03128,23020000,60000
R28-03129,16690000,40000
R28-03130,124490000,300000
R28-03131,103920000,300000
R28-03132,82620000,300000
R28-03133,66010000,150000
R28-03134,94980000,300000
R28-03135,41760000,150000
R28-03136,24490000,60000
R28-03137,47210000,150000
R28-03138,42060000,150000
R28-03139,17650000,40000
R28-03140,47490000,150000
R28-03141,52760000,150000
R28-03142,3420000,0
R28-03143,55720000,150000
R28-03144,52680000,150000
R28-03145,25500000,60000
R28-03146,24130000,60000
R28-03147,21270000,60000
R28-03148,2650000,0
R28-03149,34850000,150000
R28-03150,2810000,0
R28-03151,13520000,40000
R28-03152,43940000,150000
R28-03153,43090000,150000
R28-03154,13040000,40000
R28-03155,62860000,150000
R28-03156,11000000,40000
R28-03157,114050000,300000
R28-03158,44370000,150000
R28-03159,12730000,40000
R28-03160,75880000,300000
R28-03161,63750000,150000
R28-03162,27070000,60000
R28-03163,26600000,60000
R28-03164,43650000,150000
R28-03165,12480000,40000
R28-03166,57940000,150000
R28-03167,14220000,40000
R28-03168,60240000,150000
R28-03169,5450000,20000
R28-03170,55950000,150000
R28-03171,132160000,300000
R28-03172,3190000,0
R28-03173,41690000,150000
R28-03174,61590000,150000
R28-03175,1990000,0
R28-03176,1570000,0
R28-03177,44430000,150000
R28-03178,32530000,60000
R28-03179,43840000,150000
R28-03180,870000,0
R28-03181,125320000,300000
R28-03182,21340000,60000
R28-03183,66680000,300000
R28-03184,41720000,150000
R28-03185,2720000,0
R28-03186,26220000,60000
R28-03187,27070000,60000
R28-03188,2410000,0
R28-03189,41400000,150000
R28-03190,124830000,300000
R28-03191,35350000,150000
R28-03192,41550000,150000
R28-03193,142130000,600000
R28-03194,46390000,150000
R28-03195,94100000,300000
R28-03196,83090000,300000
R28-03197,39550000,150000
R28-03198,25020000,60000
R28-03199,33170000,60000
R28-03200,3340000,0
R28-03201,54550000,150000
R28-03202,3680000,0
R28-03203,123920000,300000
R28-03204,37440000,150000
R28-03205,36630000,150000
R28-03206,35960000,150000
R28-03207,124030000,300000
R28-03208,224920000,1000000
R28-03209,64320000,150000
R28-03210,6020000,20000
R28-03211,8040000,20000
R28-03212,24560000,60000
R28-03213,66490000,150000
R28-03214,46170000,150000
R28-03215,6230000,20000
R28-03216,112560000,300000
R28-03217,61610000,150000
R28-03218,32720000,60000
R28-03219,67000000,300000
R28-03220,88720000,300000
R28-03221,22880000,60000
R28-03222,21960000,60000
R28-03223,61610000,150000
R28-03224,116940000,300000
R28-03225,52160000,150000
R28-03226,67030000,300000
R28-03227,65980000,150000
R28-03228,58530000,150000
R28-03229,43570000,150000
R28-03230,14590000,40000
R28-03231,36450000,150000
R28-03232,64450000,150000
R28-03233,44110000,150000
R28-03234,62310000,150000
R28-03235,42800000,150000
R28-03236,35320000,150000
R28-03237,33750000,150000
R28-03238,13360000,40000
R28-03239,73360000,300000
R28-03240,42820000,150000
R28-03241,3300000,0
R28-03242,44190000,150000
R28-03243,36340000,150000
R28-03244,32230000,60000
R28-03245,21160000,60000
R28-03246,51090000,150000
R28-03247,35300000,150000
R28-03248,12190000,40000
R28-03249,5830000,20000
R28-03250,45850000,150000
R28-03251,5720000,20000
R28-03252,46800000,150000
R28-03253,33480000,150000
R28-03254,170720000,600000
R28-03255,24810000,60000
R28-03256,24920000,60000
R28-03257,36880000,150000
R28-03258,107990000,300000
R28-03259,64980000,150000
R28-03260,62620000,150000
R28-03261,15970000,40000
R28-03262,56360000,150000
R28-03263,41680000,150000
R28-03264,4100000,0
R28-03265,61990000,150000
R28-03266,23550000,60000
R28-03267,3510000,0
R28-03268,96710000,300000
R28-03269,6040000,20000
R28-03270,43970000,150000
R28-03271,34490000,150000
R28-03272,46510000,150000
R28-03273,11710000,40000
R28-03274,2650000,0
R28-03275,32320000,60000
R28-03276,47790000,150000
R28-03277,40740000,150000
R28-03278,5590000,20000
R28-03279,42750000,150000
R28-03280,3900000,0
R28-03281,7190000,20000
R28-03282,23910000,60000
R28-03283,53920000,150000
R28-03284,85100000,300000
R28-03285,76460000,300000
R28-03286,64170000,150000
R28-03287,14910000,40000
R28-03288,31230000,60000
R28-03289,64190000,150000
R28-03290,131470000,300000
R28-03291,34460000,150000
R28-03292,53990000,150000
R28-03293,12090000,40000
R28-03294,61000000,150000
R28-03295,6890000,20000
R28-03296,117810000,300000
R28-03297,52740000,150000
R28-03298,65240000,150000
R28-03299,11500000,40000
R28-03300,3750000,0
R28-03301,34780000,150000
R28-03302,53980000,150000
R28-03303,14830000,40000
R28-03304,36270000,150000
R28-03305,73690000,300000
R28-03306,22960000,60000
R28-03307,88360000,300000
R28-03308,74910000,300000
R28-03309,142110000,600000
R28-03310,44000000,150000
R28-03311,75170000,300000
R28-03312,33800000,150000
R28-03313,46270000,150000
R28-03314,41580000,150000
R28-03315,35100000,150000
R28-03316,11910000,40000
R28-03317,51820000,150000
R28-03318,13710000,40000
R28-03319,22000000,60000
R28-03320,83400000,300000
R28-03321,41700000,150000
R28-03322,64560000,150000
R28-03323,171390000,600000
R28-03324,11420000,40000
R28-03325,35430000,150000
R28-03326,33440000,150000
R28-03327,84370000,300000
R28-03328,35730000,150000
R28-03329,44000000,150000
R28-03330,32850000,60000
R28-03331,21840000,60000
R28-03332,1830000,0
R28-03333,52110000,150000
R28-03334,56140000,150000
R28-03335,26390000,60000
R28-03336,54150000,150000
R28-03337,103030000,300000
R28-03338,11820000,40000
R28-03339,7090000,20000
R28-03340,112670000,300000
R28-03341,112690000,300000
R28-03342,23080000,60000
R28-03343,75760000,300000
R28-03344,72740000,300000
R28-03345,74530000,300000
R28-03346,32380000,60000
R28-03347,123760000,300000
R28-03348,11910000,40000
R28-03349,7320000,20000
R28-03350,71660000,300000
R28-03351,41590000,150000
R28-03352,1910000,0
R28-03353,62310000,150000
R28-03354,29390000,60000
R28-03355,32830000,60000
R28-03356,33080000,60000
R28-03357,920000,0
R28-03358,102820000,300000
R28-03359,63420000,150000
R28-03360,3620000,0
R28-03361,3710000,0
R28-03362,25220000,60000
R28-03363,45840000,150000
R28-03364,35090000,150000
R28-03365,16670000,40000
R28-03366,1710000,0
R28-03367,84570000,300000
R28-03368,19580000,40000
R28-03369,41570000,150000
R28-03370,115820000,300000
R28-03371,110460000,300000
R28-03372,4990000,0
R28-03373,122680000,300000
R28-03374,15710000,40000
R28-03375,62300000,150000
R28-03376,39220000,150000
R28-03377,35830000,150000
R28-03378,59800000,150000
R28-03379,62480000,150000
R28-03380,52200000,150000
R28-03381,112710000,300000
R28-03382,2070000,0
R28-03383,103510000,300000
R28-03384,71770000,300000
R28-03385,41330000,150000
R28-03386,1310000,0
R28-03387,135750000,600000
R28-03388,57790000,150000
R28-03389,27420000,60000
R28-03390,63980000,150000
R28-03391,80180000,300000
R28-03392,84710000,300000
R28-03393,4060000,0
R28-03394,16030000,40000
R28-03395,51940000,150000
R28-03396,53780000,150000
R28-03397,5450000,20000
R28-03398,142710000,600000
R28-03399,11100000,40000
R28-03400,3600000,0
R28-03401,2510000,0
R28-03402,87010000,300000
R28-03403,3650000,0
R28-03404,46410000,150000
R28-03405,72150000,300000
R28-03406,41850000,150000
R28-03407,31680000,60000
R28-03408,103100000,300000
R28-03409,72190000,300000
R28-03410,22570000,60000
R28-03411,67120000,300000
R28-03412,31670000,60000
R28-03413,2290000,0
R28-03414,32760000,60000
R28-03415,66030000,150000
R28-03416,85400000,300000
R28-03417,13750000,40000
R28-03418,48740000,150000
R28-03419,43980000,150000
R28-03420,93930000,300000
R28-03421,51960000,150000
R28-03422,22150000,60000
R28-03423,28130000,60000
R28-03424,52410000,150000
R28-03425,64120000,150000
R28-03426,42680000,150000
R28-03427,54860000,150000
R28-03428,54870000,150000
R28-03429,2750000,0
R28-03430,108130000,300000
R28-03431,28840000,60000
R28-03432,37680000,150000
R28-03433,23840000,60000
R28-03434,26590000,60000
R28-03435,31490000,60000
R28-03436,34980000,150000
R28-03437,73630000,300000
R28-03438,92010000,300000
R28-03439,26460000,60000
R28-03440,35100000,150000
R28-03441,24090000,60000
R28-03442,33390000,150000
R28-03443,92450000,300000
R28-03444,103380000,300000
R28-03445,83110000,300000
R28-03446,69230000,300000
R28-03447,83310000,300000
R28-03448,63850000,150000
R28-03449,52850000,150000
R28-03450,42910000,150000
R28-03451,61760000,150000
R28-03452,36870000,150000
R28-03453,6500000,20000
R28-03454,42240000,150000
R28-03455,24160000,60000
R28-03456,95330000,300000
R28-03457,32720000,60000
R28-03458,44220000,150000
R28-03459,13870000,40000
R28-03460,16800000,40000
R28-03461,48030000,150000
R28-03462,39390000,150000
R28-03463,111500000,300000
R28-03464,3290000,0
R28-03465,6750000,20000
R28-03466,1850000,0
R28-03467,1420000,0
R28-03468,62470000,150000
R28-03469,94470000,300000
R28-03470,104660000,300000
R28-03471,113390000,300000
R28-03472,60590000,150000
R28-03473,73710000,300000
R28-03474,14000000,40000
R28-03475,6500000,20000
R28-03476,80840000,300000
R28-03477,21460000,60000
R28-03478,21560000,60000
R28-03479,51560000,150000
R28-03480,22670000,60000
R28-03481,25800000,60000
R28-03482,66470000,150000
R28-03483,64960000,150000
R28-03484,65580000,150000
R28-03485,5400000,20000
R28-03486,25170000,60000
R28-03487,87170000,300000
R28-03488,141370000,600000
R28-03489,102730000,300000
R28-03490,48060000,150000
R28-03491,62520000,150000
R28-03492,6120000,20000
R28-03493,20920000,60000
R28-03494,114450000,300000
R28-03495,75740000,300000
R28-03496,21940000,60000
R28-03497,33630000,150000
R28-03498,92790000,300000
R28-03499,82110000,300000
R28-03500,24220000,60000
R28-03501,81910000,300000
R28-03502,82260000,300000
R28-03503,12520000,40000
R28-03504,34330000,150000
R28-03505,63210000,150000
R28-03506,14340000,40000
R28-03507,2740000,0
R28-03508,15380000,40000
R28-03509,142090000,600000
R28-03510,2630000,0
R28-03511,91960000,300000
R28-03512,46640000,150000
R28-03513,23420000,60000
R28-03514,61600000,150000
R28-03515,34850000,150000
R28-03516,12640000,40000
R28-03517,12400000,40000
R28-03518,2570000,0
R28-03519,41900000,150000
R28-03520,17700000,40000
R28-03521,44610000,150000
R28-03522,34440000,150000
R28-03523,21650000,60000
R28-03524,74210000,300000
R28-03525,76560000,300000
R28-03526,33480000,150000
R28-03527,32300000,60000
R28-03528,20560000,60000
R28-03529,11800000,40000
R28-03530,23960000,60000
R28-03531,21970000,60000
R28-03532,5180000,20000
R28-03533,62580000,150000
R28-03534,3250000,0
R28-03535,33810000,150000
R28-03536,44410000,150000
R28-03537,51330000,150000
R28-03538,5610000,20000
R28-03539,2020000,0
R28-03540,114270000,300000
R28-03541,53560000,150000
R28-03542,42970000,150000
R28-03543,12570000,40000
R28-03544,83020000,300000
R28-03545,43950000,150000
R28-03546,81470000,300000
R28-03547,45090000,150000
R28-03548,92120000,300000
R28-03549,50930000,150000
R28-03550,11640000,40000
R28-03551,11470000,40000
R28-03552,91320000,300000
R28-03553,14830000,40000
R28-03554,12740000,40000
R28-03555,26620000,60000
R28-03556,5080000,20000
R28-03557,42130000,150000
R28-03558,62470000,150000
R28-03559,25960000,60000
R28-03560,87100000,300000
R28-03561,14430000,40000
R28-03562,15340000,40000
R28-03563,1710000,0
R28-03564,36810000,150000
R28-03565,33500000,150000
R28-03566,12670000,40000
R28-03567,46110000,150000
R28-03568,71480000,300000
R28-03569,12090000,40000
R28-03570,42440000,150000
R28-03571,121570000,300000
R28-03572,23260000,60000
R28-03573,2010000,0
R28-03574,16840000,40000
R28-03575,16550000,40000
R28-03576,66810000,300000
R28-03577,61130000,150000
R28-03578,15590000,40000
R28-03579,22960000,60000
R28-03580,42580000,150000
R28-03581,37370000,150000
R28-03582,63040000,150000
R28-03583,41900000,150000
R28-03584,4310000,0
R28-03585,2640000,0
R28-03586,92310000,300000
R28-03587,38090000,150000
R28-03588,86050000,300000
R28-03589,43730000,150000
R28-03590,12150000,40000
R28-03591,18540000,40000
R28-03592,5300000,20000
R28-03593,45640000,150000
R28-03594,26890000,60000
R28-03595,7940000,20000
R28-03596,32400000,60000
R28-03597,37220000,150000
R28-03598,100370000,300000
R28-03599,86790000,300000
R28-03600,23520000,60000
R28-03601,23940000,60000
R28-03602,12930000,40000
R28-03603,47330000,150000
R28-03604,17820000,40000
R28-03605,72720000,300000
R28-03606,175910000,600000
R28-03607,37850000,150000
R28-03608,81450000,300000
R28-03609,13690000,40000
R28-03610,62400000,150000
R28-03611,85540000,300000
R28-03612,31540000,60000
R28-03613,12720000,40000
R28-03614,21850000,60000
R28-03615,3690000,0
R28-03616,63340000,150000
R28-03617,21030000,60000
R28-03618,125360000,300000
R28-03619,32560000,60000
R28-03620,43440000,150000
R28-03621,34320000,150000
R28-03622,51500000,150000
R28-03623,25930000,60000
R28-03624,152610000,600000
R28-03625,11090000,40000
R28-03626,46640000,150000
R28-03627,2440000,0
R28-03628,12450000,40000
R28-03629,25050000,60000
R28-03630,85980000,300000
R28-03631,93540000,300000
R28-03632,34520000,150000
R28-03633,26300000,60000
R28-03634,22290000,60000
R28-03635,21130000,60000
R28-03636,85460000,300000
R28-03637,43260000,150000
R28-03638,33850000,150000
R28-03639,5080000,20000
R28-03640,83640000,300000
R28-03641,52970000,150000
R28-03642,64690000,150000
R28-03643,34710000,150000
R28-03644,81330000,300000
R28-03645,85390000,300000
R28-03646,15750000,40000
R28-03647,53380000,150000
R28-03648,25160000,60000
R28-03649,62890000,150000
R28-03650,3210000,0
R28-03651,13620000,40000
R28-03652,97700000,300000
R28-03653,13840000,40000
R28-03654,25300000,60000
R28-03655,104010000,300000
R28-03656,91340000,300000
R28-03657,22670000,60000
R28-03658,101220000,300000
R28-03659,14940000,40000
R28-03660,45140000,150000
R28-03661,13560000,40000
R28-03662,17460000,40000
R28-03663,86880000,300000
R28-03664,40900000,150000
R28-03665,34710000,150000
R28-03666,4840000,0
R28-03667,69330000,300000
R28-03668,63530000,150000
R28-03669,63610000,150000
R28-03670,62610000,150000
R28-03671,76620000,300000
R28-03672,156690000,600000
R28-03673,11840000,40000
R28-03674,32920000,60000
R28-03675,94680000,300000
R28-03676,67230000,300000
R28-03677,49640000,150000
R28-03678,35670000,150000
R28-03679,21880000,60000
R28-03680,23090000,60000
R28-03681,31900000,60000
R28-03682,14280000,40000
R28-03683,72420000,300000
R28-03684,97440000,300000
R28-03685,22990000,60000
R28-03686,11190000,40000
R28-03687,5060000,20000
R28-03688,26280000,60000
R28-03689,41880000,150000
R28-03690,26500000,60000
R28-03691,3330000,0
R28-03692,74960000,300000
R28-03693,54690000,150000
R28-03694,83320000,300000
R28-03695,90820000,300000
R28-03696,32960000,60000
R28-03697,85110000,300000
R28-03698,13690000,40000
R28-03699,42540000,150000
R28-03700,86130000,300000
R28-03701,7960000,20000
R28-03702,1130000,0
R28-03703,68830000,300000
R28-03704,81700000,300000
R28-03705,67020000,300000
R28-03706,5710000,20000
R28-03707,32890000,60000
R28-03708,40730000,150000
R28-03709,63760000,150000
R28-03710,93130000,300000
R28-03711,4890000,0
R28-03712,23540000,60000
R28-03713,1050000,0
R28-03714,71300000,300000
R28-03715,28680000,60000
R28-03716,54790000,150000
R28-03717,4180000,0
R28-03718,11890000,40000
R28-03719,6940000,20000
R28-03720,97680000,300000
R28-03721,73090000,300000
R28-03722,21100000,60000
R28-03723,63060000,150000
R28-03724,36770000,150000
R28-03725,44240000,150000
R28-03726,2970000,0
R28-03727,2260000,0
R28-03728,12240000,40000
R28-03729,42380000,150000
R28-03730,42570000,150000
R28-03731,2710000,0
R28-03732,43100000,150000
R28-03733,92390000,300000
R28-03734,35560000,150000
R28-03735,85650000,300000
R28-03736,34490000,150000
R28-03737,46590000,150000
R28-03738,56330000,150000
R28-03739,62920000,150000
R28-03740,55330000,150000
R28-03741,6900000,20000
R28-03742,63550000,150000
R28-03743,99250000,300000
R28-03744,24560000,60000
R28-03745,69060000,300000
R28-03746,30720000,60000
R28-03747,36580000,150000
R28-03748,47250000,150000
R28-03749,32600000,60000
R28-03750,42910000,150000
R28-03751,62050000,150000
R28-03752,52460000,150000
R28-03753,21190000,60000
R28-03754,32070000,60000
R28-03755,20070000,60000
R28-03756,2580000,0
R28-03757,64620000,150000
R28-03758,105160000,300000
R28-03759,22400000,60000
R28-03760,13340000,40000
R28-03761,77540000,300000
R28-03762,61390000,150000
R28-03763,91110000,300000
R28-03764,36210000,150000
R28-03765,35440000,150000
R28-03766,35360000,150000
R28-03767,31830000,60000
R28-03768,12480000,40000
R28-03769,79300000,300000
R28-03770,35390000,150000
R28-03771,13840000,40000
R28-03772,49100000,150000
R28-03773,85530000,300000
R28-03774,22500000,60000
R28-03775,71920000,300000
R28-03776,41540000,150000
R28-03777,2600000,0
R28-03778,53550000,150000
R28-03779,82130000,300000
R28-03780,102690000,300000
R28-03781,44100000,150000
R28-03782,12380000,40000
R28-03783,54050000,150000
R28-03784,176310000,600000
R28-03785,94650000,300000
R28-03786,64170000,150000
R28-03787,42610000,150000
R28-03788,35670000,150000
R28-03789,51940000,150000
R28-03790,13000000,40000
R28-03791,128240000,300000
R28-03792,3220000,0
R28-03793,24330000,60000
R28-03794,46120000,150000
R28-03795,56510000,150000
R28-03796,85230000,300000
R28-03797,41900000,150000
R28-03798,12150000,40000
R28-03799,57120000,150000
R28-03800,94120000,300000
R28-03801,41620000,150000
R28-03802,57000000,150000
R28-03803,30650000,60000
R28-03804,13900000,40000
R28-03805,35510000,150000
R28-03806,43930000,150000
R28-03807,11480000,40000
R28-03808,103510000,300000
R28-03809,52440000,150000
R28-03810,10420000,40000
R28-03811,23610000,60000
R28-03812,57780000,150000
R28-03813,91670000,300000
R28-03814,73430000,300000
R28-03815,32470000,60000
R28-03816,42790000,150000
R28-03817,59770000,150000
R28-03818,61440000,150000
R28-03819,12310000,40000
R28-03820,91030000,300000
R28-03821,44680000,150000
R28-03822,42710000,150000
R28-03823,91430000,300000
R28-03824,25220000,60000
R28-03825,22090000,60000
R28-03826,60820000,150000
R28-03827,93180000,300000
R28-03828,52430000,150000
R28-03829,44140000,150000
R28-03830,34350000,150000
R28-03831,45650000,150000
R28-03832,32860000,60000
R28-03833,2050000,0
R28-03834,81270000,300000
R28-03835,44820000,150000
R28-03836,52320000,150000
R28-03837,34970000,150000
R28-03838,84460000,300000
R28-03839,12670000,40000
R28-03840,4690000,0
R28-03841,60380000,150000
R28-03842,67310000,300000
R28-03843,6730000,20000
R28-03844,16600000,40000
R28-03845,17560000,40000
R28-03846,32840000,60000
R28-03847,26810000,60000
R28-03848,32240000,60000
R28-03849,83570000,300000
R28-03850,31190000,60000
R28-03851,14500000,40000
R28-03852,54440000,150000
R28-03853,54610000,150000
R28-03854,15520000,40000
R28-03855,84380000,300000
R28-03856,64480000,150000
R28-03857,3260000,0
R28-03858,23680000,60000
R28-03859,21720000,60000
R28-03860,3650000,0
R28-03861,91540000,300000
R28-03862,71890000,300000
R28-03863,42450000,150000
R28-03864,65530000,150000
R28-03865,95340000,300000
R28-03866,80690000,300000
R28-03867,35330000,150000
R28-03868,46580000,150000
R28-03869,13620000,40000
R28-03870,13090000,40000
R28-03871,13100000,40000
R28-03872,33000000,60000
R28-03873,93230000,300000
R28-03874,67420000,300000
R28-03875,24340000,60000
R28-03876,43160000,150000
R28-03877,44780000,150000
R28-03878,41690000,150000
R28-03879,84640000,300000
R28-03880,59250000,150000
R28-03881,3600000,0
R28-03882,12040000,40000
R28-03883,82360000,300000
R28-03884,33290000,60000
R28-03885,51610000,150000
R28-03886,14540000,40000
R28-03887,38380000,150000
R28-03888,37220000,150000
R28-03889,35390000,150000
R28-03890,77320000,300000
R28-03891,22370000,60000
R28-03892,48490000,150000
R28-03893,33990000,150000
R28-03894,640000,0
R28-03895,8040000,20000
R28-03896,70370000,300000
R28-03897,11420000,40000
R28-03898,58140000,150000
R28-03899,53920000,150000
R28-03900,81870000,300000
R28-03901,21380000,60000
R28-03902,53360000,150000
R28-03903,51810000,150000
R28-03904,3190000,0
R28-03905,77780000,300000
R28-03906,2590000,0
R28-03907,33480000,150000
R28-03908,64440000,150000
R28-03909,25780000,60000
R28-03910,73290000,300000
R28-03911,42150000,150000
R28-03912,45050000,150000
R28-03913,61370000,150000
R28-03914,64560000,150000
R28-03915,53210000,150000
R28-03916,4460000,0
R28-03917,60680000,150000
R28-03918,23470000,60000
R28-03919,1120000,0
R28-03920,55100000,150000
R28-03921,5550000,20000
R28-03922,121070000,300000
R28-03923,13930000,40000
R28-03924,86840000,300000
R28-03925,24560000,60000
R28-03926,42640000,150000
R28-03927,61910000,150000
R28-03928,21370000,60000
R28-03929,33840000,150000
R28-03930,12100000,40000
R28-03931,14380000,40000
R28-03932,53040000,150000
R28-03933,3500000,0
R28-03934,71180000,300000
R28-03935,94830000,300000
R28-03936,30480000,60000
R28-03937,13110000,40000
R28-03938,83690000,300000
R28-03939,143650000,600000
R28-03940,1610000,0
R28-03941,15190000,40000
R28-03942,36320000,150000
R28-03943,57630000,150000
R28-03944,41700000,150000
R28-03945,25550000,60000
R28-03946,13150000,40000
R28-03947,15450000,40000
R28-03948,47130000,150000
R28-03949,64780000,150000
R28-03950,4320000,0
R28-03951,64370000,150000
R28-03952,22450000,60000
R28-03953,21430000,60000
R28-03954,55140000,150000
R28-03955,42800000,150000
R28-03956,24400000,60000
R28-03957,94350000,300000
R28-03958,34890000,150000
R28-03959,10890000,40000
R28-03960,42920000,150000
R28-03961,35410000,150000
R28-03962,63380000,150000
R28-03963,23780000,60000
R28-03964,98160000,300000
R28-03965,56310000,150000
R28-03966,22720000,60000
R28-03967,31020000,60000
R28-03968,65000000,150000
R28-03969,57550000,150000
R28-03970,38560000,150000
R28-03971,38450000,150000
R28-03972,52280000,150000
R28-03973,25360000,60000
R28-03974,67180000,300000
R28-03975,35130000,150000
R28-03976,25510000,60000
R28-03977,45670000,150000
R28-03978,26240000,60000
R28-03979,92180000,300000
R28-03980,68360000,300000
R28-03981,41220000,150000
R28-03982,52100000,150000
R28-03983,103300000,300000
R28-03984,27370000,60000
R28-03985,43540000,150000
R28-03986,43700000,150000
R28-03987,58060000,150000
R28-03988,24860000,60000
R28-03989,12710000,40000
R28-03990,71330000,300000
R28-03991,21950000,60000
R28-03992,45450000,150000
R28-03993,28700000,60000
R28-03994,47100000,150000
R28-03995,43140000,150000
R28-03996,61930000,150000
R28-03997,1680000,0
R28-03998,23830000,60000
R28-03999,25280000,60000
R28-04000,1570000,0
R28-04001,83740000,300000
R28-04002,13070000,40000
R28-04003,16450000,40000
R28-04004,51290000,150000
R28-04005,10470000,40000
R28-04006,50330000,150000
R28-04007,75210000,300000
R28-04008,69480000,300000
R28-04009,129020000,300000
R28-04010,86480000,300000
R28-04011,44710000,150000
R28-04012,58280000,150000
R28-04013,63340000,150000
R28-04014,4990000,0
R28-04015,59550000,150000
R28-04016,53090000,150000
R28-04017,3620000,0
R28-04018,13820000,40000
R28-04019,77910000,300000
R28-04020,31880000,60000
R28-04021,13150000,40000
R28-04022,61880000,150000
R28-04023,152180000,600000
R28-04024,42410000,150000
R28-04025,5880000,20000
R28-04026,23300000,60000
R28-04027,15550000,40000
R28-04028,32070000,60000
R28-04029,45200000,150000
R28-04030,82910000,300000
R28-04031,7060000,20000
R28-04032,64140000,150000
R28-04033,46950000,150000
R28-04034,83740000,300000
R28-04035,64190000,150000
R28-04036,52950000,150000
R28-04037,94040000,300000
R28-04038,22030000,60000
R28-04039,13250000,40000
R28-04040,46290000,150000
R28-04041,37140000,150000
R28-04042,54310000,150000
R28-04043,45780000,150000
R28-04044,880000,0
R28-04045,33870000,150000
R28-04046,17000000,40000
R28-04047,23910000,60000
R28-04048,105260000,300000
R28-04049,81810000,300000
R28-04050,34390000,150000
R28-04051,26370000,60000
R28-04052,25960000,60000
R28-04053,75220000,300000
R28-04054,43070000,150000
R28-04055,1070000,0
R28-04056,6360000,20000
R28-04057,71640000,300000
R28-04058,27740000,60000
R28-04059,22540000,60000
R28-04060,33430000,150000
R28-04061,83180000,300000
R28-04062,1100000,0
R28-04063,1840000,0
R28-04064,31880000,60000
R28-04065,11990000,40000
R28-04066,45430000,150000
R28-04067,34130000,150000
R28-04068,65060000,150000
R28-04069,5890000,20000
R28-04070,64340000,150000
R28-04071,51410000,150000
R28-04072,119250000,300000
R28-04073,1080000,0
R28-04074,130900000,300000
R28-04075,60760000,150000
R28-04076,20720000,60000
R28-04077,43860000,150000
R28-04078,101810000,300000
R28-04079,31920000,60000
R28-04080,36520000,150000
R28-04081,57830000,150000
R28-04082,68830000,300000
R28-04083,51220000,150000
R28-04084,18390000,40000
R28-04085,14320000,40000
R28-04086,31200000,60000
R28-04087,20900000,60000
R28-04088,51410000,150000
R28-04089,63740000,150000
R28-04090,95870000,300000
R28-04091,17010000,40000
R28-04092,34150000,150000
R28-04093,98150000,300000
R28-04094,42020000,150000
R28-04095,91430000,300000
R28-04096,73970000,300000
R28-04097,71750000,300000
R28-04098,14320000,40000
R28-04099,20630000,60000
R28-04100,3490000,0
R28-04101,24840000,60000
R28-04102,12190000,40000
R28-04103,2820000,0
R28-04104,3870000,0
R28-04105,14840000,40000
R28-04106,1720000,0
R28-04107,33060000,60000
R28-04108,35130000,150000
R28-04109,3220000,0
R28-04110,14720000,40000
R28-04111,45150000,150000
R28-04112,22550000,60000
R28-04113,22700000,60000
R28-04114,32660000,60000
R28-04115,63160000,150000
R28-04116,6420000,20000
R28-04117,74570000,300000
R28-04118,6470000,20000
R28-04119,3530000,0
R28-04120,56510000,150000
R28-04121,41550000,150000
R28-04122,52960000,150000
R28-04123,65260000,150000
R28-04124,71700000,300000
R28-04125,120100000,300000
R28-04126,53910000,150000
R28-04127,94880000,300000
R28-04128,12710000,40000
R28-04129,8160000,20000
R28-04130,63510000,150000
