고객ID,타사이전금액,혜택금액
R08-00000,45900000,150000
R08-00001,65560000,150000
R08-00002,38700000,150000
R08-00003,42000000,150000
R08-00004,3120000,0
R08-00005,53400000,150000
R08-00006,16220000,40000
R08-00007,31590000,60000
R08-00008,64260000,150000
R08-00009,32080000,60000
R08-00010,22180000,60000
R08-00011,12640000,40000
R08-00012,11330000,40000
R08-00013,5080000,20000
R08-00014,3990000,0
R08-00015,72780000,300000
R08-00016,42380000,150000
R08-00017,31320000,60000
R08-00018,62850000,150000
R08-00019,35560000,150000
R08-00020,12210000,40000
R08-00021,54070000,150000
R08-00022,77170000,300000
R08-00023,26900000,60000
R08-00024,77760000,300000
R08-00025,82090000,300000
R08-00026,12190000,40000
R08-00027,73010000,300000
R08-00028,100940000,300000
R08-00029,82770000,300000
R08-00030,62250000,150000
R08-00031,81840000,300000
R08-00032,70790000,300000
R08-00033,16250000,40000
R08-00034,12340000,40000
R08-00035,67990000,300000
R08-00036,23450000,60000
R08-00037,173310000,600000
R08-00038,95390000,300000
R08-00039,52850000,150000
R08-00040,143740000,600000
R08-00041,3460000,0
R08-00042,33470000,150000
R08-00043,57760000,150000
R08-00044,13020000,40000
R08-00045,36780000,150000
R08-00046,9270000,20000
R08-00047,93030000,300000
R08-00048,12450000,40000
R08-00049,14230000,40000
R08-00050,62920000,150000
R08-00051,81780000,300000
R08-00052,81080000,300000
R08-00053,1740000,0
R08-00054,52550000,150000
R08-00055,52540000,150000
R08-00056,33630000,150000
R08-00057,28480000,60000
R08-00058,1350000,0
R08-00059,31350000,60000
R08-00060,173050000,600000
R08-00061,41650000,150000
R08-00062,22130000,60000
R08-00063,51270000,150000
R08-00064,82170000,300000
R08-00065,4160000,0
R08-00066,3200000,0
R08-00067,62080000,150000
R08-00068,80350000,300000
R08-00069,15470000,40000
R08-00070,93780000,300000
R08-00071,34570000,150000
R08-00072,23280000,60000
R08-00073,44390000,150000
R08-00074,42730000,150000
R08-00075,50270000,150000
R08-00076,33770000,150000
R08-00077,1840000,0
R08-00078,34130000,150000
R08-00079,32910000,60000
R08-00080,7220000,20000
R08-00081,11790000,40000
R08-00082,61060000,150000
R08-00083,42110000,150000
R08-00084,23000000,60000
R08-00085,42930000,150000
R08-00086,42910000,150000
R08-00087,24510000,60000
R08-00088,2090000,0
R08-00089,4000000,0
R08-00090,23030000,60000
R08-00091,43490000,150000
R08-00092,3270000,0
R08-00093,41060000,150000
R08-00094,84130000,300000
R08-00095,4800000,0
R08-00096,38010000,150000
R08-00097,8340000,20000
R08-00098,22930000,60000
R08-00099,12360000,40000
R08-00100,18470000,40000
R08-00101,45760000,150000
R08-00102,34320000,150000
R08-00103,13490000,40000
R08-00104,51880000,150000
R08-00105,63290000,150000
R08-00106,25990000,60000
R08-00107,71490000,300000
R08-00108,20510000,60000
R08-00109,27300000,60000
R08-00110,112800000,300000
R08-00111,97470000,300000
R08-00112,64420000,150000
R08-00113,20770000,60000
R08-00114,76170000,300000
R08-00115,35750000,150000
R08-00116,13920000,40000
R08-00117,81860000,300000
R08-00118,43300000,150000
R08-00119,440000,0
R08-00120,2460000,0
R08-00121,36650000,150000
R08-00122,53910000,150000
R08-00123,1390000,0
R08-00124,69270000,300000
R08-00125,56160000,150000
R08-00126,14090000,40000
R08-00127,30670000,60000
R08-00128,10860000,40000
R08-00129,65470000,150000
R08-00130,146560000,600000
R08-00131,4970000,0
R08-00132,4890000,0
R08-00133,6530000,20000
R08-00134,122190000,300000
R08-00135,24320000,60000
R08-00136,14340000,40000
R08-00137,62850000,150000
R08-00138,20570000,60000
R08-00139,56520000,150000
R08-00140,72440000,300000
R08-00141,33980000,150000
R08-00142,130770000,300000
R08-00143,4490000,0
R08-00144,72680000,300000
R08-00145,14070000,40000
R08-00146,22440000,60000
R08-00147,21440000,60000
R08-00148,26290000,60000
R08-00149,87360000,300000
R08-00150,83730000,300000
R08-00151,86220000,300000
R08-00152,62620000,150000
R08-00153,4090000,0
R08-00154,1360000,0
R08-00155,28250000,60000
R08-00156,35290000,150000
R08-00157,63040000,150000
R08-00158,113830000,300000
R08-00159,34630000,150000
R08-00160,71570000,300000
R08-00161,12030000,40000
R08-00162,2420000,0
R08-00163,2060000,0
R08-00164,3190000,0
R08-00165,54800000,150000
R08-00166,22210000,60000
R08-00167,108130000,300000
R08-00168,15990000,40000
R08-00169,94920000,300000
R08-00170,15660000,40000
R08-00171,41110000,150000
R08-00172,134720000,600000
R08-00173,23160000,60000
R08-00174,23080000,60000
R08-00175,54380000,150000
R08-00176,82520000,300000
R08-00177,25920000,60000
R08-00178,52350000,150000
R08-00179,1360000,0
R08-00180,26310000,60000
R08-00181,36560000,150000
R08-00182,92450000,300000
R08-00183,75260000,300000
R08-00184,32860000,60000
R08-00185,35050000,150000
R08-00186,65740000,150000
R08-00187,44220000,150000
R08-00188,23600000,60000
R08-00189,32680000,60000
R08-00190,22590000,60000
R08-00191,23100000,60000
R08-00192,54180000,150000
R08-00193,31200000,60000
R08-00194,64800000,150000
R08-00195,81970000,300000
R08-00196,31830000,60000
R08-00197,1960000,0
R08-00198,16820000,40000
R08-00199,54190000,150000
R08-00200,153100000,600000
R08-00201,4750000,0
R08-00202,42360000,150000
R08-00203,71740000,300000
R08-00204,4590000,0
R08-00205,63440000,150000
R08-00206,42190000,150000
R08-00207,26190000,60000
R08-00208,21670000,60000
R08-00209,22000000,60000
R08-00210,11860000,40000
R08-00211,52440000,150000
R08-00212,28130000,60000
R08-00213,122850000,300000
R08-00214,52030000,150000
R08-00215,12270000,40000
R08-00216,102200000,300000
R08-00217,2070000,0
R08-00218,96530000,300000
R08-00219,5320000,20000
R08-00220,21720000,60000
R08-00221,101640000,300000
R08-00222,13470000,40000
R08-00223,41270000,150000
R08-00224,112520000,300000
R08-00225,44600000,150000
R08-00226,7410000,20000
R08-00227,75600000,300000
R08-00228,18560000,40000
R08-00229,16800000,40000
R08-00230,53610000,150000
R08-00231,65070000,150000
R08-00232,36080000,150000
R08-00233,42170000,150000
R08-00234,25400000,60000
R08-00235,61930000,150000
R08-00236,94710000,300000
R08-00237,13480000,40000
R08-00238,44500000,150000
R08-00239,111960000,300000
R08-00240,34980000,150000
R08-00241,12980000,40000
R08-00242,84960000,300000
R08-00243,32870000,60000
R08-00244,47210000,150000
R08-00245,13420000,40000
R08-00246,42420000,150000
R08-00247,52930000,150000
R08-00248,64460000,150000
R08-00249,35960000,150000
R08-00250,43630000,150000
R08-00251,32540000,60000
R08-00252,84780000,300000
R08-00253,15140000,40000
R08-00254,85050000,300000
R08-00255,64470000,150000
R08-00256,25110000,60000
R08-00257,90260000,300000
R08-00258,26850000,60000
R08-00259,84470000,300000
R08-00260,81470000,300000
R08-00261,103370000,300000
R08-00262,3360000,0
R08-00263,39540000,150000
R08-00264,72820000,300000
R08-00265,24210000,60000
R08-00266,106930000,300000
R08-00267,22100000,60000
R08-00268,33110000,60000
R08-00269,63220000,150000
R08-00270,31760000,60000
R08-00271,17290000,40000
R08-00272,43760000,150000
R08-00273,46960000,150000
R08-00274,1420000,0
R08-00275,31430000,60000
R08-00276,44030000,150000
R08-00277,32770000,60000
R08-00278,51670000,150000
R08-00279,2850000,0
R08-00280,37310000,150000
R08-00281,42180000,150000
R08-00282,34160000,150000
R08-00283,1710000,0
R08-00284,1960000,0
R08-00285,17170000,40000
R08-00286,72360000,300000
R08-00287,3050000,0
R08-00288,3820000,0
R08-00289,62330000,150000
R08-00290,115270000,300000
R08-00291,3810000,0
R08-00292,42190000,150000
R08-00293,27570000,60000
R08-00294,74040000,300000
R08-00295,14320000,40000
R08-00296,7840000,20000
R08-00297,31500000,60000
R08-00298,20820000,60000
R08-00299,42290000,150000
R08-00300,86970000,300000
R08-00301,94850000,300000
R08-00302,47050000,150000
R08-00303,113410000,300000
R08-00304,5060000,20000
R08-00305,22840000,60000
R08-00306,44620000,150000
R08-00307,76460000,300000
R08-00308,36860000,150000
R08-00309,25570000,60000
R08-00310,61980000,150000
R08-00311,15790000,40000
R08-00312,3510000,0
R08-00313,10780000,40000
R08-00314,44540000,150000
R08-00315,4350000,0
R08-00316,44720000,150000
R08-00317,47840000,150000
R08-00318,115150000,300000
R08-00319,92810000,300000
R08-00320,43560000,150000
R08-00321,44280000,150000
R08-00322,42030000,150000
R08-00323,82330000,300000
R08-00324,13300000,40000
R08-00325,8080000,20000
R08-00326,12770000,40000
R08-00327,12190000,40000
R08-00328,7010000,20000
R08-00329,31470000,60000
R08-00330,121240000,300000
R08-00331,26350000,60000
R08-00332,124070000,300000
R08-00333,53810000,150000
R08-00334,44790000,150000
R08-00335,51310000,150000
R08-00336,5220000,20000
R08-00337,77670000,300000
R08-00338,63670000,150000
R08-00339,55520000,150000
R08-00340,36320000,150000
R08-00341,37450000,150000
R08-00342,132880000,300000
R08-00343,3850000,0
R08-00344,3750000,0
R08-00345,82950000,300000
R08-00346,3850000,0
R08-00347,84790000,300000
R08-00348,6500000,20000
R08-00349,20530000,60000
R08-00350,53360000,150000
R08-00351,92030000,300000
R08-00352,13870000,40000
R08-00353,63680000,150000
R08-00354,65860000,150000
R08-00355,43790000,150000
R08-00356,123740000,300000
R08-00357,61680000,150000
R08-00358,2990000,0
R08-00359,54600000,150000
R08-00360,61580000,150000
R08-00361,22130000,60000
R08-00362,81090000,300000
R08-00363,61390000,150000
R08-00364,131060000,300000
R08-00365,35710000,150000
R08-00366,133680000,600000
R08-00367,66940000,300000
R08-00368,3060000,0
R08-00369,16670000,40000
R08-00370,8460000,20000
R08-00371,21450000,60000
R08-00372,44700000,150000
R08-00373,224710000,1000000
R08-00374,45700000,150000
R08-00375,31040000,60000
R08-00376,56410000,150000
R08-00377,1940000,0
R08-00378,20940000,60000
R08-00379,2650000,0
R08-00380,11940000,40000
R08-00381,25220000,60000
R08-00382,126070000,300000
R08-00383,75790000,300000
R08-00384,32760000,60000
R08-00385,53940000,150000
R08-00386,71830000,300000
R08-00387,16480000,40000
R08-00388,74210000,300000
R08-00389,25680000,60000
R08-00390,45490000,150000
R08-00391,22980000,60000
R08-00392,84040000,300000
R08-00393,5150000,20000
R08-00394,77660000,300000
R08-00395,32590000,60000
R08-00396,12850000,40000
R08-00397,4980000,0
R08-00398,24110000,60000
R08-00399,40310000,150000
R08-00400,6130000,20000
R08-00401,59340000,150000
R08-00402,72440000,300000
R08-00403,96180000,300000
R08-00404,21880000,60000
R08-00405,67580000,300000
R08-00406,16810000,40000
R08-00407,11290000,40000
R08-00408,65100000,150000
R08-00409,1090000,0
R08-00410,22730000,60000
R08-00411,51300000,150000
R08-00412,11880000,40000
R08-00413,39060000,150000
R08-00414,7930000,20000
R08-00415,780000,0
R08-00416,11690000,40000
R08-00417,89090000,300000
R08-00418,57810000,150000
R08-00419,4210000,0
R08-00420,22250000,60000
R08-00421,56340000,150000
R08-00422,42760000,150000
R08-00423,8570000,20000
R08-00424,21610000,60000
R08-00425,52940000,150000
R08-00426,25990000,60000
R08-00427,135650000,600000
R08-00428,1310000,0
R08-00429,110740000,300000
R08-00430,64050000,150000
R08-00431,12220000,40000
R08-00432,23090000,60000
R08-00433,76380000,300000
R08-00434,66500000,150000
R08-00435,103910000,300000
R08-00436,5230000,20000
R08-00437,13630000,40000
R08-00438,27500000,60000
R08-00439,74960000,300000
R08-00440,48830000,150000
R08-00441,33090000,60000
R08-00442,56980000,150000
R08-00443,124010000,300000
R08-00444,145640000,600000
R08-00445,65120000,150000
R08-00446,8560000,20000
R08-00447,103110000,300000
R08-00448,54570000,150000
R08-00449,22580000,60000
R08-00450,3460000,0
R08-00451,2720000,0
R08-00452,5120000,20000
R08-00453,112000000,300000
R08-00454,74830000,300000
R08-00455,72680000,300000
R08-00456,4860000,0
R08-00457,24480000,60000
R08-00458,26990000,60000
R08-00459,2010000,0
R08-00460,13790000,40000
R08-00461,12350000,40000
R08-00462,41090000,150000
R08-00463,74280000,300000
R08-00464,102290000,300000
R08-00465,22610000,60000
R08-00466,920000,0
R08-00467,113590000,300000
R08-00468,31230000,60000
R08-00469,24370000,60000
R08-00470,66130000,150000
R08-00471,2460000,0
R08-00472,56310000,150000
R08-00473,72670000,300000
R08-00474,17040000,40000
R08-00475,21650000,60000
R08-00476,46750000,150000
R08-00477,53100000,150000
R08-00478,41060000,150000
R08-00479,10590000,40000
R08-00480,45670000,150000
R08-00481,104790000,300000
R08-00482,36590000,150000
R08-00483,64710000,150000
R08-00484,62110000,150000
R08-00485,3800000,0
R08-00486,63400000,150000
R08-00487,51920000,150000
R08-00488,31660000,60000
R08-00489,34060000,150000
R08-00490,74490000,300000
R08-00491,57530000,150000
R08-00492,12920000,40000
R08-00493,94420000,300000
R08-00494,49000000,150000
R08-00495,32880000,60000
R08-00496,57990000,150000
R08-00497,23450000,60000
R08-00498,22310000,60000
R08-00499,7690000,20000
R08-00500,22180000,60000
R08-00501,36270000,150000
R08-00502,65950000,150000
R08-00503,62120000,150000
R08-00504,21180000,60000
R08-00505,6200000,20000
R08-00506,42130000,150000
R08-00507,53690000,150000
R08-00508,800000,0
R08-00509,27960000,60000
R08-00510,46730000,150000
R08-00511,93260000,300000
R08-00512,53860000,150000
R08-00513,42280000,150000
R08-00514,52520000,150000
R08-00515,12360000,40000
R08-00516,94920000,300000
R08-00517,51790000,150000
R08-00518,42240000,150000
R08-00519,133210000,300000
R08-00520,12870000,40000
R08-00521,43430000,150000
R08-00522,27120000,60000
R08-00523,1210000,0
R08-00524,82740000,300000
R08-00525,1480000,0
R08-00526,5280000,20000
R08-00527,77910000,300000
R08-00528,56180000,150000
R08-00529,12740000,40000
R08-00530,58600000,150000
R08-00531,4270000,0
R08-00532,64440000,150000
R08-00533,121860000,300000
R08-00534,133940000,600000
R08-00535,14500000,40000
R08-00536,26220000,60000
R08-00537,23420000,60000
R08-00538,990000,0
R08-00539,32540000,60000
R08-00540,92970000,300000
R08-00541,65410000,150000
R08-00542,34620000,150000
R08-00543,3710000,0
R08-00544,94640000,300000
R08-00545,13630000,40000
R08-00546,23020000,60000
R08-00547,22900000,60000
R08-00548,16240000,40000
R08-00549,63230000,150000
R08-00550,2800000,0
R08-00551,34410000,150000
R08-00552,19360000,40000
R08-00553,74100000,300000
R08-00554,46560000,150000
R08-00555,32170000,60000
R08-00556,21630000,60000
R08-00557,43350000,150000
R08-00558,32640000,60000
R08-00559,4120000,0
R08-00560,71300000,300000
R08-00561,63180000,150000
R08-00562,36310000,150000
R08-00563,71530000,300000
R08-00564,2440000,0
R08-00565,33450000,150000
R08-00566,34310000,150000
R08-00567,75450000,300000
R08-00568,16950000,40000
R08-00569,3420000,0
R08-00570,54890000,150000
R08-00571,42190000,150000
R08-00572,25460000,60000
R08-00573,76620000,300000
R08-00574,35760000,150000
R08-00575,75040000,300000
R08-00576,83750000,300000
R08-00577,36760000,150000
R08-00578,40980000,150000
R08-00579,14100000,40000
R08-00580,4590000,0
R08-00581,22800000,60000
R08-00582,24720000,60000
R08-00583,1540000,0
R08-00584,65920000,150000
R08-00585,5730000,20000
R08-00586,60580000,150000
R08-00587,28820000,60000
R08-00588,48560000,150000
R08-00589,81710000,300000
R08-00590,14180000,40000
R08-00591,107010000,300000
R08-00592,80960000,300000
R08-00593,41110000,150000
R08-00594,34670000,150000
R08-00595,12420000,40000
R08-00596,1820000,0
R08-00597,42210000,150000
R08-00598,31780000,60000
R08-00599,41870000,150000
R08-00600,41830000,150000
R08-00601,12790000,40000
R08-00602,4250000,0
R08-00603,1210000,0
R08-00604,63270000,150000
R08-00605,14480000,40000
R08-00606,53320000,150000
R08-00607,67720000,300000
R08-00608,16260000,40000
R08-00609,13300000,40000
R08-00610,15890000,40000
R08-00611,34360000,150000
R08-00612,57540000,150000
R08-00613,11500000,40000
R08-00614,670000,0
R08-00615,84290000,300000
R08-00616,2580000,0
R08-00617,63090000,150000
R08-00618,71690000,300000
R08-00619,33290000,60000
R08-00620,79410000,300000
R08-00621,5210000,20000
R08-00622,54140000,150000
R08-00623,4120000,0
R08-00624,31140000,60000
R08-00625,34300000,150000
R08-00626,15520000,40000
R08-00627,53090000,150000
R08-00628,43010000,150000
R08-00629,20730000,60000
R08-00630,43870000,150000
R08-00631,73870000,300000
R08-00632,4240000,0
R08-00633,71350000,300000
R08-00634,61710000,150000
R08-00635,4630000,0
R08-00636,64690000,150000
R08-00637,63780000,150000
R08-00638,30570000,60000
R08-00639,16260000,40000
R08-00640,3210000,0
R08-00641,61610000,150000
R08-00642,1520000,0
R08-00643,70720000,300000
R08-00644,30800000,60000
R08-00645,30640000,60000
R08-00646,4560000,0
R08-00647,53790000,150000
R08-00648,54140000,150000
R08-00649,17350000,40000
R08-00650,12430000,40000
R08-00651,17140000,40000
R08-00652,5910000,20000
R08-00653,114420000,300000
R08-00654,14940000,40000
R08-00655,43400000,150000
R08-00656,13120000,40000
R08-00657,86520000,300000
R08-00658,37950000,150000
R08-00659,24960000,60000
R08-00660,116680000,300000
R08-00661,55260000,150000
R08-00662,43450000,150000
R08-00663,3660000,0
R08-00664,10310000,40000
R08-00665,41690000,150000
R08-00666,76300000,300000
R08-00667,3380000,0
R08-00668,5530000,20000
R08-00669,25500000,60000
R08-00670,48800000,150000
R08-00671,42730000,150000
R08-00672,22490000,60000
R08-00673,2230000,0
R08-00674,16830000,40000
R08-00675,42630000,150000
R08-00676,82530000,300000
R08-00677,15000000,40000
R08-00678,122810000,300000
R08-00679,22730000,60000
R08-00680,910000,0
R08-00681,10360000,40000
R08-00682,66510000,150000
R08-00683,84780000,300000
R08-00684,27260000,60000
R08-00685,81010000,300000
R08-00686,76390000,300000
R08-00687,116790000,300000
R08-00688,41750000,150000
R08-00689,41090000,150000
R08-00690,8030000,20000
R08-00691,22560000,60000
R08-00692,41270000,150000
R08-00693,52510000,150000
R08-00694,44110000,150000
R08-00695,2150000,0
R08-00696,61530000,150000
R08-00697,62310000,150000
R08-00698,26020000,60000
R08-00699,42630000,150000
R08-00700,8220000,20000
R08-00701,91250000,300000
R08-00702,113720000,300000
R08-00703,14930000,40000
R08-00704,42880000,150000
R08-00705,73680000,300000
R08-00706,84500000,300000
R08-00707,3260000,0
R08-00708,34900000,150000
R08-00709,25050000,60000
R08-00710,74090000,300000
R08-00711,75290000,300000
R08-00712,21840000,60000
R08-00713,58600000,150000
R08-00714,43210000,150000
R08-00715,52750000,150000
R08-00716,103310000,300000
R08-00717,29780000,60000
R08-00718,91800000,300000
R08-00719,23050000,60000
R08-00720,13890000,40000
R08-00721,30380000,60000
R08-00722,72620000,300000
R08-00723,32420000,60000
R08-00724,47400000,150000
R08-00725,74670000,300000
R08-00726,47760000,150000
R08-00727,93140000,300000
R08-00728,63220000,150000
R08-00729,51520000,150000
R08-00730,61300000,150000
R08-00731,22810000,60000
R08-00732,54030000,150000
R08-00733,58760000,150000
R08-00734,41540000,150000
R08-00735,128450000,300000
R08-00736,82940000,300000
R08-00737,111540000,300000
R08-00738,65470000,150000
R08-00739,27420000,60000
R08-00740,102100000,300000
R08-00741,34220000,150000
R08-00742,31530000,60000
R08-00743,43820000,150000
R08-00744,2430000,0
R08-00745,72460000,300000
R08-00746,75420000,300000
R08-00747,65670000,150000
R08-00748,93930000,300000
R08-00749,53810000,150000
R08-00750,22480000,60000
R08-00751,63620000,150000
R08-00752,81540000,300000
R08-00753,2320000,0
R08-00754,15820000,40000
R08-00755,37940000,150000
R08-00756,54960000,150000
R08-00757,32070000,60000
R08-00758,31680000,60000
R08-00759,36980000,150000
R08-00760,4900000,0
R08-00761,31450000,60000
R08-00762,87210000,300000
R08-00763,151990000,600000
R08-00764,22330000,60000
R08-00765,15540000,40000
R08-00766,5870000,20000
R08-00767,11700000,40000
R08-00768,1550000,0
R08-00769,8020000,20000
R08-00770,57610000,150000
R08-00771,53080000,150000
R08-00772,47370000,150000
R08-00773,81450000,300000
R08-00774,66270000,150000
R08-00775,55400000,150000
R08-00776,3540000,0
R08-00777,65170000,150000
R08-00778,87610000,300000
R08-00779,4080000,0
R08-00780,6950000,20000
R08-00781,81230000,300000
R08-00782,58380000,150000
R08-00783,44910000,150000
R08-00784,72430000,300000
R08-00785,51970000,150000
R08-00786,2890000,0
R08-00787,13920000,40000
R08-00788,14770000,40000
R08-00789,62330000,150000
R08-00790,100620000,300000
R08-00791,176940000,600000
R08-00792,74030000,300000
R08-00793,43210000,150000
R08-00794,62640000,150000
R08-00795,63060000,150000
R08-00796,43570000,150000
R08-00797,22770000,60000
R08-00798,172090000,600000
R08-00799,60530000,150000
R08-00800,12890000,40000
R08-00801,34100000,150000
R08-00802,62570000,150000
R08-00803,101610000,300000
R08-00804,33090000,60000
R08-00805,87770000,300000
R08-00806,1680000,0
R08-00807,7690000,20000
R08-00808,4110000,0
R08-00809,12700000,40000
R08-00810,16220000,40000
R08-00811,25720000,60000
R08-00812,41760000,150000
R08-00813,1560000,0
R08-00814,54000000,150000
R08-00815,77680000,300000
R08-00816,92710000,300000
R08-00817,12080000,40000
R08-00818,91570000,300000
R08-00819,63960000,150000
R08-00820,23070000,60000
R08-00821,24140000,60000
R08-00822,112730000,300000
R08-00823,3890000,0
R08-00824,62940000,150000
R08-00825,2400000,0
R08-00826,57940000,150000
R08-00827,3360000,0
R08-00828,44350000,150000
R08-00829,4510000,0
R08-00830,24230000,60000
R08-00831,78220000,300000
R08-00832,61470000,150000
R08-00833,87620000,300000
R08-00834,63650000,150000
R08-00835,62970000,150000
R08-00836,43750000,150000
R08-00837,16230000,40000
R08-00838,17450000,40000
R08-00839,44420000,150000
R08-00840,35540000,150000
R08-00841,22350000,60000
R08-00842,86300000,300000
R08-00843,99240000,300000
R08-00844,71480000,300000
R08-00845,14110000,40000
R08-00846,64480000,150000
R08-00847,82990000,300000
R08-00848,64830000,150000
R08-00849,5020000,20000
R08-00850,64320000,150000
R08-00851,18600000,40000
R08-00852,104260000,300000
R08-00853,89600000,300000
R08-00854,127280000,300000
R08-00855,110880000,300000
R08-00856,151700000,600000
R08-00857,12480000,40000
R08-00858,51780000,150000
R08-00859,20580000,60000
R08-00860,36060000,150000
R08-00861,52370000,150000
R08-00862,92740000,300000
R08-00863,62320000,150000
R08-00864,38530000,150000
R08-00865,70960000,300000
R08-00866,62830000,150000
R08-00867,92850000,300000
R08-00868,2260000,0
R08-00869,92370000,300000
R08-00870,106550000,300000
R08-00871,101690000,300000
R08-00872,84260000,300000
R08-00873,4230000,0
R08-00874,34150000,150000
R08-00875,87500000,300000
R08-00876,14670000,40000
R08-00877,23720000,60000
R08-00878,13210000,40000
R08-00879,32180000,60000
R08-00880,42630000,150000
R08-00881,78850000,300000
R08-00882,21500000,60000
R08-00883,13610000,40000
R08-00884,13230000,40000
R08-00885,32060000,60000
R08-00886,74410000,300000
R08-00887,91260000,300000
R08-00888,41890000,150000
R08-00889,54420000,150000
R08-00890,22480000,60000
R08-00891,1630000,0
R08-00892,92990000,300000
R08-00893,1190000,0
R08-00894,45770000,150000
R08-00895,36110000,150000
R08-00896,22290000,60000
R08-00897,86820000,300000
R08-00898,84840000,300000
R08-00899,115960000,300000
R08-00900,56170000,150000
R08-00901,25110000,60000
R08-00902,65830000,150000
R08-00903,6840000,20000
R08-00904,66600000,150000
R08-00905,25410000,60000
R08-00906,17410000,40000
R08-00907,24620000,60000
R08-00908,6250000,20000
R08-00909,51150000,150000
R08-00910,7540000,20000
R08-00911,12800000,40000
R08-00912,62770000,150000
R08-00913,22800000,60000
R08-00914,78130000,300000
R08-00915,46580000,150000
R08-00916,32000000,60000
R08-00917,36470000,150000
R08-00918,72350000,300000
R08-00919,73270000,300000
R08-00920,45650000,150000
R08-00921,50700000,150000
R08-00922,32900000,60000
R08-00923,71990000,300000
R08-00924,26750000,60000
R08-00925,23630000,60000
R08-00926,22750000,60000
R08-00927,44620000,150000
R08-00928,32750000,60000
R08-00929,73050000,300000
R08-00930,55840000,150000
R08-00931,55060000,150000
R08-00932,45990000,150000
R08-00933,23020000,60000
R08-00934,51200000,150000
R08-00935,101650000,300000
R08-00936,117910000,300000
R08-00937,29130000,60000
R08-00938,10720000,40000
R08-00939,4920000,0
R08-00940,13580000,40000
R08-00941,1530000,0
R08-00942,11510000,40000
R08-00943,27950000,60000
R08-00944,30610000,60000
R08-00945,78100000,300000
R08-00946,43240000,150000
R08-00947,82450000,300000
R08-00948,6160000,20000
R08-00949,1140000,0
R08-00950,810000,0
R08-00951,4620000,0
R08-00952,4640000,0
R08-00953,65310000,150000
R08-00954,40590000,150000
R08-00955,52920000,150000
R08-00956,35240000,150000
R08-00957,104510000,300000
R08-00958,102810000,300000
R08-00959,96720000,300000
R08-00960,33810000,150000
R08-00961,52380000,150000
R08-00962,36270000,150000
R08-00963,1230000,0
R08-00964,4210000,0
R08-00965,61390000,150000
R08-00966,70610000,300000
R08-00967,53970000,150000
R08-00968,54310000,150000
R08-00969,42870000,150000
R08-00970,4750000,0
R08-00971,41780000,150000
R08-00972,62110000,150000
R08-00973,2390000,0
R08-00974,48410000,150000
R08-00975,81540000,300000
R08-00976,42660000,150000
R08-00977,28870000,60000
R08-00978,20830000,60000
R08-00979,63230000,150000
R08-00980,92250000,300000
R08-00981,30270000,60000
R08-00982,63460000,150000
R08-00983,32200000,60000
R08-00984,14380000,40000
R08-00985,52130000,150000
R08-00986,35260000,150000
R08-00987,53860000,150000
R08-00988,52490000,150000
R08-00989,111820000,300000
R08-00990,3510000,0
R08-00991,67100000,300000
R08-00992,33100000,60000
R08-00993,71700000,300000
R08-00994,11660000,40000
R08-00995,13090000,40000
R08-00996,10260000,40000
R08-00997,42380000,150000
R08-00998,49200000,150000
R08-00999,54880000,150000
R08-01000,33110000,60000
R08-01001,56560000,150000
R08-01002,104280000,300000
R08-01003,8420000,20000
R08-01004,2040000,0
R08-01005,27600000,60000
R08-01006,3090000,0
R08-01007,21270000,60000
R08-01008,111020000,300000
R08-01009,11250000,40000
R08-01010,33650000,150000
R08-01011,63590000,150000
R08-01012,42950000,150000
R08-01013,84310000,300000
R08-01014,13620000,40000
R08-01015,60250000,150000
R08-01016,32610000,60000
R08-01017,12510000,40000
R08-01018,7160000,20000
R08-01019,74120000,300000
R08-01020,62340000,150000
R08-01021,80900000,300000
R08-01022,22930000,60000
R08-01023,73020000,300000
R08-01024,95720000,300000
R08-01025,480000,0
R08-01026,31580000,60000
R08-01027,48260000,150000
R08-01028,22680000,60000
R08-01029,34370000,150000
R08-01030,1160000,0
R08-01031,92340000,300000
R08-01032,15620000,40000
R08-01033,19340000,40000
R08-01034,6930000,20000
R08-01035,66650000,150000
R08-01036,101960000,300000
R08-01037,61530000,150000
R08-01038,115010000,300000
R08-01039,65550000,150000
R08-01040,3870000,0
R08-01041,73240000,300000
R08-01042,62910000,150000
R08-01043,62490000,150000
R08-01044,7970000,20000
R08-01045,122470000,300000
R08-01046,23710000,60000
R08-01047,22020000,60000
R08-01048,45770000,150000
R08-01049,68020000,300000
R08-01050,47390000,150000
R08-01051,33900000,150000
R08-01052,13370000,40000
R08-01053,13950000,40000
R08-01054,12620000,40000
R08-01055,15330000,40000
R08-01056,13120000,40000
R08-01057,22380000,60000
R08-01058,24820000,60000
R08-01059,62670000,150000
R08-01060,96200000,300000
R08-01061,101820000,300000
R08-01062,63820000,150000
R08-01063,34240000,150000
R08-01064,15690000,40000
R08-01065,22260000,60000
R08-01066,122740000,300000
R08-01067,100930000,300000
R08-01068,14240000,40000
R08-01069,82470000,300000
R08-01070,29420000,60000
R08-01071,2240000,0
R08-01072,47950000,150000
R08-01073,41130000,150000
R08-01074,81940000,300000
R08-01075,35890000,150000
R08-01076,44570000,150000
R08-01077,51700000,150000
R08-01078,33470000,150000
R08-01079,36650000,150000
R08-01080,75520000,300000
R08-01081,152420000,600000
R08-01082,33180000,60000
R08-01083,44640000,150000
R08-01084,83200000,300000
R08-01085,57540000,150000
R08-01086,16360000,40000
R08-01087,4070000,0
R08-01088,56600000,150000
R08-01089,74450000,300000
R08-01090,25590000,60000
R08-01091,107720000,300000
R08-01092,12730000,40000
R08-01093,33600000,150000
R08-01094,37640000,150000
R08-01095,74080000,300000
R08-01096,14170000,40000
R08-01097,34700000,150000
R08-01098,2680000,0
R08-01099,101410000,300000
R08-01100,32900000,60000
R08-01101,24360000,60000
R08-01102,6410000,20000
R08-01103,216720000,1000000
R08-01104,84070000,300000
R08-01105,42710000,150000
R08-01106,8230000,20000
R08-01107,65150000,150000
R08-01108,45970000,150000
R08-01109,71510000,300000
R08-01110,12810000,40000
R08-01111,21410000,60000
R08-01112,112860000,300000
R08-01113,135630000,600000
R08-01114,2480000,0
R08-01115,105470000,300000
R08-01116,2920000,0
R08-01117,26660000,60000
R08-01118,11660000,40000
R08-01119,73540000,300000
R08-01120,24110000,60000
R08-01121,16290000,40000
R08-01122,5470000,20000
R08-01123,78160000,300000
R08-01124,15010000,40000
R08-01125,22790000,60000
R08-01126,13100000,40000
R08-01127,31140000,60000
R08-01128,102120000,300000
R08-01129,63550000,150000
R08-01130,79830000,300000
R08-01131,76350000,300000
R08-01132,63200000,150000
R08-01133,51860000,150000
R08-01134,61800000,150000
R08-01135,76340000,300000
R08-01136,35620000,150000
R08-01137,132570000,300000
R08-01138,36750000,150000
R08-01139,35780000,150000
R08-01140,78960000,300000
R08-01141,65500000,150000
R08-01142,55380000,150000
R08-01143,42050000,150000
R08-01144,44070000,150000
R08-01145,85610000,300000
R08-01146,42220000,150000
R08-01147,124640000,300000
R08-01148,5330000,20000
R08-01149,231780000,1000000
R08-01150,2690000,0
R08-01151,64290000,150000
R08-01152,69740000,300000
R08-01153,4100000,0
R08-01154,64410000,150000
R08-01155,3140000,0
R08-01156,62720000,150000
R08-01157,25990000,60000
R08-01158,23310000,60000
R08-01159,117180000,300000
R08-01160,55900000,150000
R08-01161,41140000,150000
R08-01162,11400000,40000
R08-01163,34170000,150000
R08-01164,73440000,300000
R08-01165,34180000,150000
R08-01166,22260000,60000
R08-01167,74410000,300000
R08-01168,17080000,40000
R08-01169,41330000,150000
R08-01170,50830000,150000
R08-01171,86220000,300000
R08-01172,83160000,300000
R08-01173,8150000,20000
R08-01174,35520000,150000
R08-01175,31300000,60000
R08-01176,44620000,150000
R08-01177,3310000,0
R08-01178,104920000,300000
R08-01179,45370000,150000
R08-01180,23190000,60000
R08-01181,11100000,40000
R08-01182,33340000,150000
R08-01183,84660000,300000
R08-01184,91270000,300000
R08-01185,31210000,60000
R08-01186,47170000,150000
R08-01187,15500000,40000
R08-01188,75130000,300000
R08-01189,46750000,150000
R08-01190,26660000,60000
R08-01191,66130000,150000
R08-01192,23800000,60000
R08-01193,101840000,300000
R08-01194,114060000,300000
R08-01195,25090000,60000
R08-01196,31880000,60000
R08-01197,26930000,60000
R08-01198,36900000,150000
R08-01199,22460000,60000
R08-01200,52070000,150000
R08-01201,64120000,150000
R08-01202,108690000,300000
R08-01203,116900000,300000
R08-01204,85150000,300000
R08-01205,30390000,60000
R08-01206,270000,0
R08-01207,52850000,150000
R08-01208,21750000,60000
R08-01209,95280000,300000
R08-01210,43650000,150000
R08-01211,70200000,300000
R08-01212,22090000,60000
R08-01213,22750000,60000
R08-01214,56780000,150000
R08-01215,5840000,20000
R08-01216,10480000,40000
R08-01217,42990000,150000
R08-01218,126510000,300000
R08-01219,24340000,60000
R08-01220,74460000,300000
R08-01221,41720000,150000
R08-01222,36910000,150000
R08-01223,92180000,300000
R08-01224,142560000,600000
R08-01225,53330000,150000
R08-01226,64030000,150000
R08-01227,98350000,300000
R08-01228,24650000,60000
R08-01229,33760000,150000
R08-01230,14020000,40000
R08-01231,25680000,60000
R08-01232,85200000,300000
R08-01233,36040000,150000
R08-01234,44070000,150000
R08-01235,82360000,300000
R08-01236,83330000,300000
R08-01237,6380000,20000
R08-01238,72460000,300000
R08-01239,34080000,150000
R08-01240,42170000,150000
R08-01241,36520000,150000
R08-01242,34060000,150000
R08-01243,36220000,150000
R08-01244,82110000,300000
R08-01245,66860000,300000
R08-01246,75080000,300000
R08-01247,66950000,300000
R08-01248,43390000,150000
R08-01249,15300000,40000
R08-01250,41660000,150000
R08-01251,41260000,150000
R08-01252,65170000,150000
R08-01253,134320000,600000
R08-01254,41880000,150000
R08-01255,64340000,150000
R08-01256,12360000,40000
R08-01257,43850000,150000
R08-01258,13420000,40000
R08-01259,11500000,40000
R08-01260,7780000,20000
R08-01261,4630000,0
R08-01262,3270000,0
R08-01263,63270000,150000
R08-01264,45050000,150000
R08-01265,4110000,0
R08-01266,83700000,300000
R08-01267,104430000,300000
R08-01268,15350000,40000
R08-01269,28350000,60000
R08-01270,102280000,300000
R08-01271,58890000,150000
R08-01272,31620000,60000
R08-01273,81670000,300000
R08-01274,83940000,300000
R08-01275,103730000,300000
R08-01276,22120000,60000
R08-01277,117470000,300000
R08-01278,11470000,40000
R08-01279,7690000,20000
R08-01280,9340000,20000
R08-01281,54150000,150000
R08-01282,126200000,300000
R08-01283,24690000,60000
R08-01284,53990000,150000
R08-01285,123120000,300000
R08-01286,62710000,150000
R08-01287,22280000,60000
R08-01288,7300000,20000
R08-01289,25140000,60000
R08-01290,37260000,150000
R08-01291,11800000,40000
R08-01292,4430000,0
R08-01293,85740000,300000
R08-01294,15530000,40000
R08-01295,3360000,0
R08-01296,41770000,150000
R08-01297,54050000,150000
R08-01298,57170000,150000
R08-01299,65820000,150000
R08-01300,6510000,20000
R08-01301,2420000,0
R08-01302,35020000,150000
R08-01303,15270000,40000
R08-01304,41250000,150000
R08-01305,24750000,60000
R08-01306,23410000,60000
R08-01307,53360000,150000
R08-01308,64140000,150000
R08-01309,14230000,40000
R08-01310,7950000,20000
R08-01311,51660000,150000
R08-01312,3580000,0
R08-01313,114150000,300000
R08-01314,32760000,60000
R08-01315,34690000,150000
R08-01316,61880000,150000
R08-01317,35090000,150000
R08-01318,45390000,150000
R08-01319,62800000,150000
R08-01320,53220000,150000
R08-01321,12600000,40000
R08-01322,77440000,300000
R08-01323,15030000,40000
R08-01324,24430000,60000
R08-01325,26980000,60000
R08-01326,2560000,0
R08-01327,45190000,150000
R08-01328,21980000,60000
R08-01329,25540000,60000
R08-01330,5840000,20000
R08-01331,13110000,40000
R08-01332,6890000,20000
R08-01333,2480000,0
R08-01334,15660000,40000
R08-01335,41840000,150000
R08-01336,2960000,0
R08-01337,34360000,150000
R08-01338,82780000,300000
R08-01339,38120000,150000
R08-01340,680000,0
R08-01341,62480000,150000
R08-01342,74240000,300000
R08-01343,2320000,0
R08-01344,142630000,600000
R08-01345,114850000,300000
R08-01346,51550000,150000
R08-01347,171780000,600000
R08-01348,34450000,150000
R08-01349,90840000,300000
R08-01350,3180000,0
R08-01351,45840000,150000
R08-01352,32390000,60000
R08-01353,32030000,60000
R08-01354,35780000,150000
R08-01355,51930000,150000
R08-01356,4280000,0
R08-01357,96470000,300000
R08-01358,4540000,0
R08-01359,45370000,150000
R08-01360,88740000,300000
R08-01361,73780000,300000
R08-01362,86350000,300000
R08-01363,116770000,300000
R08-01364,36490000,150000
R08-01365,20630000,60000
R08-01366,146260000,600000
R08-01367,25770000,60000
R08-01368,134820000,600000
R08-01369,32120000,60000
R08-01370,32920000,60000
R08-01371,63600000,150000
R08-01372,103650000,300000
R08-01373,3950000,0
R08-01374,82340000,300000
R08-01375,51180000,150000
R08-01376,48400000,150000
R08-01377,2130000,0
R08-01378,45240000,150000
R08-01379,72170000,300000
R08-01380,35630000,150000
R08-01381,2530000,0
R08-01382,36740000,150000
R08-01383,32290000,60000
R08-01384,42880000,150000
R08-01385,125060000,300000
R08-01386,96880000,300000
R08-01387,14830000,40000
R08-01388,18970000,40000
R08-01389,64430000,150000
R08-01390,32330000,60000
R08-01391,52170000,150000
R08-01392,32010000,60000
R08-01393,44790000,150000
R08-01394,95100000,300000
R08-01395,55500000,150000
R08-01396,6150000,20000
R08-01397,73220000,300000
R08-01398,20220000,60000
R08-01399,77330000,300000
R08-01400,8060000,20000
R08-01401,51860000,150000
R08-01402,52000000,150000
R08-01403,4610000,0
R08-01404,42640000,150000
R08-01405,1560000,0
R08-01406,42310000,150000
R08-01407,3130000,0
R08-01408,71640000,300000
R08-01409,66800000,300000
R08-01410,7380000,20000
R08-01411,6450000,20000
R08-01412,21700000,60000
R08-01413,1810000,0
R08-01414,55750000,150000
R08-01415,47100000,150000
R08-01416,11150000,40000
R08-01417,15860000,40000
R08-01418,1510000,0
R08-01419,12680000,40000
R08-01420,7000000,20000
R08-01421,33410000,150000
R08-01422,46030000,150000
R08-01423,22040000,60000
R08-01424,64130000,150000
R08-01425,32390000,60000
R08-01426,71710000,300000
R08-01427,32030000,60000
R08-01428,25510000,60000
R08-01429,4930000,0
R08-01430,4940000,0
R08-01431,32040000,60000
R08-01432,93900000,300000
R08-01433,17720000,40000
R08-01434,21360000,60000
R08-01435,87060000,300000
R08-01436,14030000,40000
R08-01437,44840000,150000
R08-01438,73670000,300000
R08-01439,7680000,20000
R08-01440,54040000,150000
R08-01441,25620000,60000
R08-01442,96840000,300000
R08-01443,115590000,300000
R08-01444,53750000,150000
R08-01445,12570000,40000
R08-01446,34700000,150000
R08-01447,32890000,60000
R08-01448,12590000,40000
R08-01449,53690000,150000
R08-01450,114740000,300000
R08-01451,21490000,60000
R08-01452,84200000,300000
R08-01453,23370000,60000
R08-01454,1180000,0
R08-01455,24580000,60000
R08-01456,36610000,150000
R08-01457,3460000,0
R08-01458,12070000,40000
R08-01459,5300000,20000
R08-01460,55560000,150000
R08-01461,14080000,40000
R08-01462,22860000,60000
R08-01463,12850000,40000
R08-01464,38210000,150000
R08-01465,36460000,150000
R08-01466,3660000,0
R08-01467,63050000,150000
R08-01468,26320000,60000
R08-01469,60970000,150000
R08-01470,22670000,60000
R08-01471,73110000,300000
R08-01472,52430000,150000
R08-01473,52370000,150000
R08-01474,6610000,20000
R08-01475,36490000,150000
R08-01476,93920000,300000
R08-01477,3760000,0
R08-01478,128010000,300000
R08-01479,113860000,300000
R08-01480,23690000,60000
R08-01481,12640000,40000
R08-01482,51510000,150000
R08-01483,47340000,150000
R08-01484,17610000,40000
R08-01485,26170000,60000
R08-01486,31520000,60000
R08-01487,4440000,0
R08-01488,2940000,0
R08-01489,26540000,60000
R08-01490,13410000,40000
R08-01491,15590000,40000
R08-01492,13140000,40000
R08-01493,36780000,150000
R08-01494,2880000,0
R08-01495,62450000,150000
R08-01496,12870000,40000
R08-01497,33950000,150000
R08-01498,3500000,0
R08-01499,62930000,150000
R08-01500,63610000,150000
R08-01501,55870000,150000
R08-01502,87670000,300000
R08-01503,34620000,150000
R08-01504,43920000,150000
R08-01505,5160000,20000
R08-01506,62570000,150000
R08-01507,27660000,60000
R08-01508,84760000,300000
R08-01509,124380000,300000
R08-01510,35230000,150000
R08-01511,14270000,40000
R08-01512,71900000,300000
R08-01513,7340000,20000
R08-01514,133850000,600000
R08-01515,13130000,40000
R08-01516,63280000,150000
R08-01517,17410000,40000
R08-01518,94520000,300000
R08-01519,24440000,60000
R08-01520,85400000,300000
R08-01521,2750000,0
R08-01522,48230000,150000
R08-01523,55560000,150000
R08-01524,71900000,300000
R08-01525,66560000,150000
R08-01526,21700000,60000
R08-01527,104400000,300000
R08-01528,74520000,300000
R08-01529,22930000,60000
R08-01530,2480000,0
R08-01531,5090000,20000
R08-01532,87680000,300000
R08-01533,55550000,150000
R08-01534,89240000,300000
R08-01535,27010000,60000
R08-01536,81530000,300000
R08-01537,61280000,150000
R08-01538,2440000,0
R08-01539,12030000,40000
R08-01540,62630000,150000
R08-01541,4620000,0
R08-01542,14790000,40000
R08-01543,3250000,0
R08-01544,34490000,150000
R08-01545,32500000,60000
R08-01546,16830000,40000
R08-01547,6080000,20000
R08-01548,42640000,150000
R08-01549,23980000,60000
R08-01550,43720000,150000
R08-01551,75300000,300000
R08-01552,22120000,60000
R08-01553,73620000,300000
R08-01554,22460000,60000
R08-01555,105570000,300000
R08-01556,51330000,150000
R08-01557,62550000,150000
R08-01558,54080000,150000
R08-01559,36630000,150000
R08-01560,3180000,0
R08-01561,33080000,60000
R08-01562,6190000,20000
R08-01563,4910000,0
R08-01564,58610000,150000
R08-01565,33210000,60000
R08-01566,31230000,60000
R08-01567,23080000,60000
R08-01568,4150000,0
R08-01569,23710000,60000
R08-01570,62610000,150000
R08-01571,86770000,300000
R08-01572,3830000,0
R08-01573,49740000,150000
R08-01574,52390000,150000
R08-01575,76930000,300000
R08-01576,14710000,40000
R08-01577,61490000,150000
R08-01578,40500000,150000
R08-01579,98710000,300000
R08-01580,61530000,150000
R08-01581,4800000,0
R08-01582,16720000,40000
R08-01583,18370000,40000
R08-01584,24480000,60000
R08-01585,33830000,150000
R08-01586,22070000,60000
R08-01587,52790000,150000
R08-01588,49560000,150000
R08-01589,3440000,0
R08-01590,46320000,150000
R08-01591,9280000,20000
R08-01592,64720000,150000
R08-01593,28600000,60000
R08-01594,43320000,150000
R08-01595,12360000,40000
R08-01596,4570000,0
R08-01597,23350000,60000
R08-01598,40930000,150000
R08-01599,60990000,150000
R08-01600,41490000,150000
R08-01601,21010000,60000
R08-01602,15180000,40000
R08-01603,61900000,150000
R08-01604,77180000,300000
R08-01605,10780000,40000
R08-01606,41550000,150000
R08-01607,15060000,40000
R08-01608,71560000,300000
R08-01609,54050000,150000
R08-01610,53180000,150000
R08-01611,43450000,150000
R08-01612,17920000,40000
R08-01613,84070000,300000
R08-01614,118100000,300000
R08-01615,13000000,40000
R08-01616,10740000,40000
R08-01617,61620000,150000
R08-01618,83810000,300000
R08-01619,1620000,0
R08-01620,113120000,300000
R08-01621,43100000,150000
R08-01622,12920000,40000
R08-01623,47160000,150000
R08-01624,31660000,60000
R08-01625,15160000,40000
R08-01626,13410000,40000
R08-01627,103310000,300000
R08-01628,93800000,300000
R08-01629,21420000,60000
R08-01630,18340000,40000
R08-01631,12880000,40000
R08-01632,72300000,300000
R08-01633,34730000,150000
R08-01634,64950000,150000
R08-01635,34480000,150000
R08-01636,94240000,300000
R08-01637,34650000,150000
R08-01638,14340000,40000
R08-01639,11390000,40000
R08-01640,54380000,150000
R08-01641,53010000,150000
R08-01642,67530000,300000
R08-01643,11560000,40000
R08-01644,114170000,300000
R08-01645,470000,0
R08-01646,53050000,150000
R08-01647,52890000,150000
R08-01648,64200000,150000
R08-01649,42040000,150000
R08-01650,6100000,20000
R08-01651,103230000,300000
R08-01652,11780000,40000
R08-01653,27950000,60000
R08-01654,64630000,150000
R08-01655,63900000,150000
R08-01656,21730000,60000
R08-01657,43890000,150000
R08-01658,66070000,150000
R08-01659,73570000,300000
R08-01660,37760000,150000
R08-01661,27300000,60000
R08-01662,5190000,20000
R08-01663,56050000,150000
R08-01664,72720000,300000
R08-01665,77360000,300000
R08-01666,91650000,300000
R08-01667,72930000,300000
R08-01668,44200000,150000
R08-01669,32530000,60000
R08-01670,7590000,20000
R08-01671,5450000,20000
R08-01672,1240000,0
R08-01673,52920000,150000
R08-01674,73390000,300000
R08-01675,2180000,0
R08-01676,22480000,60000
R08-01677,112430000,300000
R08-01678,43670000,150000
R08-01679,85550000,300000
R08-01680,43150000,150000
R08-01681,63020000,150000
R08-01682,31370000,60000
R08-01683,62010000,150000
R08-01684,45430000,150000
R08-01685,17490000,40000
R08-01686,3130000,0
R08-01687,23310000,60000
R08-01688,112860000,300000
R08-01689,4040000,0
R08-01690,14930000,40000
R08-01691,21650000,60000
R08-01692,22410000,60000
R08-01693,48580000,150000
R08-01694,6450000,20000
R08-01695,31360000,60000
R08-01696,70570000,300000
R08-01697,3830000,0
R08-01698,23060000,60000
R08-01699,2420000,0
R08-01700,53730000,150000
R08-01701,45890000,150000
R08-01702,84630000,300000
R08-01703,20370000,60000
R08-01704,72930000,300000
R08-01705,5960000,20000
R08-01706,4310000,0
R08-01707,12220000,40000
R08-01708,32150000,60000
R08-01709,1440000,0
R08-01710,94940000,300000
R08-01711,110620000,300000
R08-01712,42650000,150000
R08-01713,11630000,40000
R08-01714,14230000,40000
R08-01715,15260000,40000
R08-01716,66960000,300000
R08-01717,47190000,150000
R08-01718,87520000,300000
R08-01719,51280000,150000
R08-01720,61170000,150000
R08-01721,24820000,60000
R08-01722,83040000,300000
R08-01723,41130000,150000
R08-01724,91530000,300000
R08-01725,11670000,40000
R08-01726,44540000,150000
R08-01727,94530000,300000
R08-01728,131730000,300000
R08-01729,42800000,150000
R08-01730,34080000,150000
R08-01731,2700000,0
R08-01732,42210000,150000
R08-01733,71530000,300000
R08-01734,82900000,300000
R08-01735,43150000,150000
R08-01736,25920000,60000
R08-01737,6120000,20000
R08-01738,38300000,150000
R08-01739,81030000,300000
R08-01740,70460000,300000
R08-01741,32020000,60000
R08-01742,12930000,40000
R08-01743,13890000,40000
R08-01744,82900000,300000
R08-01745,44370000,150000
R08-01746,42610000,150000
R08-01747,63910000,150000
R08-01748,67440000,300000
R08-01749,13780000,40000
R08-01750,13550000,40000
R08-01751,23880000,60000
R08-01752,74520000,300000
R08-01753,11700000,40000
R08-01754,85280000,300000
R08-01755,3770000,0
R08-01756,92630000,300000
R08-01757,82740000,300000
R08-01758,54810000,150000
R08-01759,102180000,300000
R08-01760,33050000,60000
R08-01761,57880000,150000
R08-01762,63990000,150000
R08-01763,12210000,40000
R08-01764,63000000,150000
R08-01765,7240000,20000
R08-01766,11960000,40000
R08-01767,54460000,150000
R08-01768,95820000,300000
R08-01769,44360000,150000
R08-01770,52010000,150000
R08-01771,23890000,60000
R08-01772,126550000,300000
R08-01773,102120000,300000
R08-01774,133530000,600000
R08-01775,77930000,300000
R08-01776,22990000,60000
R08-01777,1570000,0
R08-01778,14390000,40000
R08-01779,6210000,20000
R08-01780,93560000,300000
R08-01781,32610000,60000
R08-01782,81780000,300000
R08-01783,1090000,0
R08-01784,30960000,60000
R08-01785,4320000,0
R08-01786,44840000,150000
R08-01787,120990000,300000
R08-01788,43400000,150000
R08-01789,51800000,150000
R08-01790,24850000,60000
R08-01791,5690000,20000
R08-01792,52560000,150000
R08-01793,22490000,60000
R08-01794,41520000,150000
R08-01795,111630000,300000
R08-01796,6140000,20000
R08-01797,107760000,300000
R08-01798,71200000,300000
R08-01799,15360000,40000
R08-01800,23300000,60000
R08-01801,73330000,300000
R08-01802,74690000,300000
R08-01803,2170000,0
R08-01804,46530000,150000
R08-01805,23000000,60000
R08-01806,74000000,300000
R08-01807,65590000,150000
R08-01808,80750000,300000
R08-01809,63200000,150000
R08-01810,54860000,150000
R08-01811,52470000,150000
R08-01812,81530000,300000
R08-01813,12940000,40000
R08-01814,32390000,60000
R08-01815,14550000,40000
R08-01816,14910000,40000
R08-01817,1100000,0
R08-01818,26530000,60000
R08-01819,21820000,60000
R08-01820,71680000,300000
R08-01821,52590000,150000
R08-01822,32050000,60000
R08-01823,14560000,40000
R08-01824,14290000,40000
R08-01825,13810000,40000
R08-01826,44530000,150000
R08-01827,12010000,40000
R08-01828,33600000,150000
R08-01829,41110000,150000
R08-01830,45630000,150000
R08-01831,32460000,60000
R08-01832,43340000,150000
R08-01833,12050000,40000
R08-01834,72380000,300000
R08-01835,22620000,60000
R08-01836,63980000,150000
R08-01837,32040000,60000
R08-01838,48480000,150000
R08-01839,8540000,20000
R08-01840,52710000,150000
R08-01841,34950000,150000
R08-01842,34490000,150000
R08-01843,14410000,40000
R08-01844,32690000,60000
R08-01845,35750000,150000
R08-01846,38950000,150000
R08-01847,51600000,150000
R08-01848,11300000,40000
R08-01849,65820000,150000
R08-01850,42900000,150000
R08-01851,61740000,150000
R08-01852,45030000,150000
R08-01853,56060000,150000
R08-01854,54150000,150000
R08-01855,46760000,150000
R08-01856,65720000,150000
R08-01857,5550000,20000
R08-01858,10420000,40000
R08-01859,11770000,40000
R08-01860,64910000,150000
R08-01861,12760000,40000
R08-01862,27430000,60000
R08-01863,4680000,0
R08-01864,42170000,150000
R08-01865,63210000,150000
R08-01866,54950000,150000
R08-01867,4670000,0
R08-01868,86480000,300000
R08-01869,62010000,150000
R08-01870,131900000,300000
R08-01871,70850000,300000
R08-01872,17540000,40000
R08-01873,21000000,60000
R08-01874,112650000,300000
R08-01875,67160000,300000
R08-01876,65940000,150000
R08-01877,47530000,150000
R08-01878,102950000,300000
R08-01879,24200000,60000
R08-01880,62910000,150000
R08-01881,45090000,150000
R08-01882,58640000,150000
R08-01883,63240000,150000
R08-01884,5190000,20000
R08-01885,133840000,600000
R08-01886,14990000,40000
R08-01887,55580000,150000
R08-01888,63660000,150000
R08-01889,61980000,150000
R08-01890,21030000,60000
R08-01891,65520000,150000
R08-01892,72720000,300000
R08-01893,73390000,300000
R08-01894,115080000,300000
R08-01895,5630000,20000
R08-01896,25440000,60000
R08-01897,68460000,300000
R08-01898,5630000,20000
R08-01899,82510000,300000
R08-01900,56200000,150000
R08-01901,1870000,0
R08-01902,26440000,60000
R08-01903,58710000,150000
R08-01904,6550000,20000
R08-01905,52530000,150000
R08-01906,15350000,40000
R08-01907,3530000,0
R08-01908,1100000,0
R08-01909,92150000,300000
R08-01910,66400000,150000
R08-01911,155210000,600000
R08-01912,114230000,300000
R08-01913,51480000,150000
R08-01914,105510000,300000
R08-01915,35160000,150000
R08-01916,1410000,0
R08-01917,43990000,150000
R08-01918,5490000,20000
R08-01919,55780000,150000
R08-01920,3020000,0
R08-01921,46920000,150000
R08-01922,54770000,150000
R08-01923,18810000,40000
R08-01924,33210000,60000
R08-01925,22090000,60000
R08-01926,48230000,150000
R08-01927,103040000,300000
R08-01928,61810000,150000
R08-01929,32550000,60000
R08-01930,56400000,150000
R08-01931,13210000,40000
R08-01932,79040000,300000
R08-01933,104910000,300000
R08-01934,43560000,150000
R08-01935,70490000,300000
R08-01936,42340000,150000
R08-01937,72690000,300000
R08-01938,13190000,40000
R08-01939,134860000,600000
R08-01940,3290000,0
R08-01941,82530000,300000
R08-01942,32290000,60000
R08-01943,102320000,300000
R08-01944,74650000,300000
R08-01945,139450000,600000
R08-01946,46410000,150000
R08-01947,4810000,0
R08-01948,45480000,150000
R08-01949,125640000,300000
R08-01950,61630000,150000
R08-01951,44680000,150000
R08-01952,7300000,20000
R08-01953,50840000,150000
R08-01954,16740000,40000
R08-01955,15520000,40000
R08-01956,5420000,20000
R08-01957,34000000,150000
R08-01958,41760000,150000
R08-01959,62260000,150000
R08-01960,85750000,300000
R08-01961,71900000,300000
R08-01962,32370000,60000
R08-01963,12210000,40000
R08-01964,72190000,300000
R08-01965,44360000,150000
R08-01966,26680000,60000
R08-01967,7010000,20000
R08-01968,21570000,60000
R08-01969,67260000,300000
R08-01970,70350000,300000
R08-01971,24080000,60000
R08-01972,16510000,40000
R08-01973,53350000,150000
R08-01974,55820000,150000
R08-01975,33370000,150000
R08-01976,11080000,40000
R08-01977,121520000,300000
R08-01978,53300000,150000
R08-01979,16930000,40000
R08-01980,33750000,150000
R08-01981,52360000,150000
R08-01982,450000,0
R08-01983,5080000,20000
R08-01984,25310000,60000
R08-01985,64800000,150000
R08-01986,20720000,60000
R08-01987,53780000,150000
R08-01988,42290000,150000
R08-01989,7140000,20000
R08-01990,61930000,150000
R08-01991,13470000,40000
R08-01992,61340000,150000
R08-01993,63630000,150000
R08-01994,14130000,40000
R08-01995,11680000,40000
R08-01996,4410000,0
R08-01997,29070000,60000
R08-01998,73140000,300000
R08-01999,12820000,40000
R08-02000,72810000,300000
R08-02001,43860000,150000
R08-02002,71020000,300000
R08-02003,37200000,150000
R08-02004,22090000,60000
R08-02005,23740000,60000
R08-02006,86870000,300000
R08-02007,226760000,1000000
R08-02008,28010000,60000
R08-02009,47590000,150000
R08-02010,131230000,300000
R08-02011,1820000,0
R08-02012,16650000,40000
R08-02013,25510000,60000
R08-02014,73920000,300000
R08-02015,56210000,150000
R08-02016,46250000,150000
R08-02017,111700000,300000
R08-02018,3070000,0
R08-02019,25570000,60000
R08-02020,73910000,300000
R08-02021,44160000,150000
R08-02022,65580000,150000
R08-02023,53690000,150000
R08-02024,31240000,60000
R08-02025,33290000,60000
R08-02026,4160000,0
R08-02027,31700000,60000
R08-02028,103650000,300000
R08-02029,26920000,60000
R08-02030,54930000,150000
R08-02031,65200000,150000
R08-02032,122190000,300000
R08-02033,2010000,0
R08-02034,26770000,60000
R08-02035,121280000,300000
R08-02036,3220000,0
R08-02037,21760000,60000
R08-02038,25140000,60000
R08-02039,63500000,150000
R08-02040,22640000,60000
R08-02041,42620000,150000
R08-02042,1520000,0
R08-02043,70640000,300000
R08-02044,7290000,20000
R08-02045,56640000,150000
R08-02046,23450000,60000
R08-02047,58010000,150000
R08-02048,2920000,0
R08-02049,110850000,300000
R08-02050,135600000,600000
R08-02051,80690000,300000
R08-02052,2310000,0
R08-02053,13520000,40000
R08-02054,72890000,300000
R08-02055,25800000,60000
R08-02056,83490000,300000
R08-02057,11530000,40000
R08-02058,35050000,150000
R08-02059,82470000,300000
R08-02060,84290000,300000
R08-02061,83230000,300000
R08-02062,41470000,150000
R08-02063,128590000,300000
R08-02064,21050000,60000
R08-02065,51980000,150000
R08-02066,63490000,150000
R08-02067,2800000,0
R08-02068,103710000,300000
R08-02069,117370000,300000
R08-02070,104960000,300000
R08-02071,34450000,150000
R08-02072,1050000,0
R08-02073,22620000,60000
R08-02074,26600000,60000
R08-02075,36050000,150000
R08-02076,11260000,40000
R08-02077,11980000,40000
R08-02078,2500000,0
R08-02079,63080000,150000
R08-02080,92360000,300000
R08-02081,27430000,60000
R08-02082,104890000,300000
R08-02083,12650000,40000
R08-02084,41650000,150000
R08-02085,10430000,40000
R08-02086,22500000,60000
R08-02087,83540000,300000
R08-02088,4100000,0
R08-02089,21290000,60000
R08-02090,77560000,300000
R08-02091,109430000,300000
R08-02092,45080000,150000
R08-02093,54470000,150000
R08-02094,22150000,60000
R08-02095,4470000,0
R08-02096,11530000,40000
R08-02097,72950000,300000
R08-02098,42240000,150000
R08-02099,3050000,0
R08-02100,11070000,40000
R08-02101,31420000,60000
R08-02102,42920000,150000
R08-02103,3800000,0
R08-02104,1340000,0
R08-02105,14120000,40000
R08-02106,53900000,150000
R08-02107,13710000,40000
R08-02108,11150000,40000
R08-02109,19120000,40000
R08-02110,32440000,60000
R08-02111,31700000,60000
R08-02112,73290000,300000
R08-02113,21080000,60000
R08-02114,47790000,150000
R08-02115,71770000,300000
R08-02116,34450000,150000
R08-02117,75420000,300000
R08-02118,62700000,150000
R08-02119,45120000,150000
R08-02120,13700000,40000
R08-02121,115730000,300000
R08-02122,1270000,0
R08-02123,111090000,300000
R08-02124,33410000,150000
R08-02125,15410000,40000
R08-02126,38120000,150000
R08-02127,81830000,300000
R08-02128,24920000,60000
R08-02129,31520000,60000
R08-02130,60690000,150000
R08-02131,21970000,60000
R08-02132,67040000,300000
R08-02133,13260000,40000
R08-02134,82030000,300000
R08-02135,35590000,150000
R08-02136,65920000,150000
R08-02137,43560000,150000
R08-02138,6380000,20000
R08-02139,12080000,40000
R08-02140,73430000,300000
R08-02141,67330000,300000
R08-02142,86080000,300000
R08-02143,152550000,600000
R08-02144,23540000,60000
R08-02145,17140000,40000
R08-02146,16010000,40000
R08-02147,57500000,150000
R08-02148,40180000,150000
R08-02149,21790000,60000
R08-02150,41520000,150000
R08-02151,34650000,150000
R08-02152,33050000,60000
R08-02153,61800000,150000
R08-02154,35180000,150000
R08-02155,25230000,60000
R08-02156,77240000,300000
R08-02157,2070000,0
R08-02158,41800000,150000
R08-02159,40790000,150000
R08-02160,3540000,0
R08-02161,4180000,0
R08-02162,12950000,40000
R08-02163,66240000,150000
R08-02164,76740000,300000
R08-02165,15960000,40000
R08-02166,135850000,600000
R08-02167,21500000,60000
R08-02168,33310000,60000
R08-02169,62830000,150000
R08-02170,21100000,60000
R08-02171,95810000,300000
R08-02172,30620000,60000
R08-02173,1290000,0
R08-02174,5850000,20000
R08-02175,34160000,150000
R08-02176,37890000,150000
R08-02177,970000,0
R08-02178,101750000,300000
R08-02179,16050000,40000
R08-02180,45870000,150000
R08-02181,84910000,300000
R08-02182,97580000,300000
R08-02183,55970000,150000
R08-02184,75220000,300000
R08-02185,12030000,40000
R08-02186,31230000,60000
R08-02187,12230000,40000
R08-02188,114770000,300000
R08-02189,32910000,60000
R08-02190,36110000,150000
R08-02191,71820000,300000
R08-02192,56080000,150000
R08-02193,65640000,150000
R08-02194,3170000,0
R08-02195,53270000,150000
R08-02196,43280000,150000
R08-02197,2100000,0
R08-02198,12930000,40000
R08-02199,34020000,150000
R08-02200,15340000,40000
R08-02201,2510000,0
R08-02202,91830000,300000
R08-02203,51770000,150000
R08-02204,51540000,150000
R08-02205,34700000,150000
R08-02206,93950000,300000
R08-02207,63130000,150000
R08-02208,33010000,60000
R08-02209,5310000,20000
R08-02210,31040000,60000
R08-02211,78860000,300000
R08-02212,48300000,150000
R08-02213,12960000,40000
R08-02214,21930000,60000
R08-02215,108220000,300000
R08-02216,24400000,60000
R08-02217,51630000,150000
R08-02218,72560000,300000
R08-02219,4230000,0
R08-02220,4580000,0
R08-02221,51410000,150000
R08-02222,106000000,300000
R08-02223,25660000,60000
R08-02224,44000000,150000
R08-02225,64430000,150000
R08-02226,33970000,150000
R08-02227,49480000,150000
R08-02228,72210000,300000
R08-02229,3650000,0
R08-02230,54110000,150000
R08-02231,114630000,300000
R08-02232,26320000,60000
R08-02233,58610000,150000
R08-02234,83030000,300000
R08-02235,26460000,60000
R08-02236,34520000,150000
R08-02237,31910000,60000
R08-02238,21830000,60000
R08-02239,38340000,150000
R08-02240,22180000,60000
R08-02241,34080000,150000
R08-02242,28150000,60000
R08-02243,12760000,40000
R08-02244,75350000,300000
R08-02245,51640000,150000
R08-02246,64750000,150000
R08-02247,3290000,0
R08-02248,13080000,40000
R08-02249,42710000,150000
R08-02250,41730000,150000
R08-02251,22410000,60000
R08-02252,30320000,60000
R08-02253,32250000,60000
R08-02254,121770000,300000
R08-02255,47040000,150000
R08-02256,99510000,300000
R08-02257,74280000,300000
R08-02258,86710000,300000
R08-02259,53380000,150000
R08-02260,4440000,0
R08-02261,59400000,150000
R08-02262,10860000,40000
R08-02263,16000000,40000
R08-02264,67770000,300000
R08-02265,4830000,0
R08-02266,8780000,20000
R08-02267,61940000,150000
R08-02268,74600000,300000
R08-02269,88150000,300000
R08-02270,75960000,300000
R08-02271,114960000,300000
R08-02272,21910000,60000
R08-02273,46620000,150000
R08-02274,16870000,40000
R08-02275,82210000,300000
R08-02276,12140000,40000
R08-02277,44080000,150000
R08-02278,5830000,20000
R08-02279,116070000,300000
R08-02280,36800000,150000
R08-02281,24940000,60000
R08-02282,21220000,60000
R08-02283,52860000,150000
R08-02284,34800000,150000
R08-02285,62300000,150000
R08-02286,13180000,40000
R08-02287,16710000,40000
R08-02288,15380000,40000
R08-02289,3230000,0
R08-02290,62840000,150000
R08-02291,43440000,150000
R08-02292,5720000,20000
R08-02293,23410000,60000
R08-02294,22270000,60000
R08-02295,14630000,40000
R08-02296,63430000,150000
R08-02297,73450000,300000
R08-02298,2110000,0
R08-02299,13020000,40000
R08-02300,72090000,300000
R08-02301,25110000,60000
R08-02302,67880000,300000
R08-02303,92890000,300000
R08-02304,12650000,40000
R08-02305,72520000,300000
R08-02306,24290000,60000
R08-02307,21990000,60000
R08-02308,4900000,0
R08-02309,74990000,300000
R08-02310,14750000,40000
R08-02311,76540000,300000
R08-02312,77660000,300000
R08-02313,63010000,150000
R08-02314,14710000,40000
R08-02315,13400000,40000
R08-02316,81960000,300000
R08-02317,54610000,150000
R08-02318,105570000,300000
R08-02319,50550000,150000
R08-02320,53930000,150000
R08-02321,3750000,0
R08-02322,4790000,0
R08-02323,46990000,150000
R08-02324,78810000,300000
R08-02325,2540000,0
R08-02326,102860000,300000
R08-02327,31820000,60000
R08-02328,780000,0
R08-02329,52980000,150000
R08-02330,61080000,150000
R08-02331,102040000,300000
R08-02332,6470000,20000
R08-02333,23390000,60000
R08-02334,107500000,300000
R08-02335,61930000,150000
R08-02336,82140000,300000
R08-02337,42620000,150000
R08-02338,123750000,300000
R08-02339,27570000,60000
R08-02340,22020000,60000
R08-02341,4260000,0
R08-02342,102200000,300000
R08-02343,78680000,300000
R08-02344,113390000,300000
R08-02345,62520000,150000
R08-02346,35610000,150000
R08-02347,3580000,0
R08-02348,16120000,40000
R08-02349,43300000,150000
R08-02350,75120000,300000
R08-02351,22360000,60000
R08-02352,39140000,150000
R08-02353,74970000,300000
R08-02354,61850000,150000
R08-02355,55640000,150000
R08-02356,14280000,40000
R08-02357,14990000,40000
R08-02358,58540000,150000
R08-02359,82240000,300000
R08-02360,13600000,40000
R08-02361,51150000,150000
R08-02362,42090000,150000
R08-02363,95480000,300000
R08-02364,72140000,300000
R08-02365,10580000,40000
R08-02366,13080000,40000
R08-02367,51870000,150000
R08-02368,27090000,60000
R08-02369,59360000,150000
R08-02370,2410000,0
R08-02371,82950000,300000
R08-02372,33450000,150000
R08-02373,82310000,300000
R08-02374,36890000,150000
R08-02375,51240000,150000
R08-02376,36400000,150000
R08-02377,12420000,40000
R08-02378,72850000,300000
R08-02379,24300000,60000
R08-02380,17270000,40000
R08-02381,23740000,60000
R08-02382,33910000,150000
R08-02383,2100000,0
R08-02384,61930000,150000
R08-02385,61850000,150000
R08-02386,53510000,150000
R08-02387,52210000,150000
R08-02388,27690000,60000
R08-02389,63040000,150000
R08-02390,82150000,300000
R08-02391,3730000,0
R08-02392,45360000,150000
R08-02393,51580000,150000
R08-02394,134670000,600000
R08-02395,22250000,60000
R08-02396,40580000,150000
R08-02397,62600000,150000
R08-02398,32310000,60000
R08-02399,19320000,40000
R08-02400,64240000,150000
R08-02401,4130000,0
R08-02402,53350000,150000
R08-02403,62380000,150000
R08-02404,54150000,150000
R08-02405,100980000,300000
R08-02406,14260000,40000
R08-02407,25110000,60000
R08-02408,21780000,60000
R08-02409,2140000,0
R08-02410,13180000,40000
R08-02411,81680000,300000
R08-02412,14770000,40000
R08-02413,62040000,150000
R08-02414,31160000,60000
R08-02415,1440000,0
R08-02416,71640000,300000
R08-02417,33460000,150000
R08-02418,43730000,150000
R08-02419,4430000,0
R08-02420,2880000,0
R08-02421,15510000,40000
R08-02422,23450000,60000
R08-02423,62440000,150000
R08-02424,60970000,150000
R08-02425,15030000,40000
R08-02426,22220000,60000
R08-02427,85200000,300000
R08-02428,82410000,300000
R08-02429,47020000,150000
R08-02430,700000,0
R08-02431,34240000,150000
R08-02432,45620000,150000
R08-02433,5770000,20000
R08-02434,22400000,60000
R08-02435,84140000,300000
R08-02436,30820000,60000
R08-02437,1490000,0
R08-02438,14480000,40000
R08-02439,54260000,150000
R08-02440,2790000,0
R08-02441,21120000,60000
R08-02442,93940000,300000
R08-02443,36700000,150000
R08-02444,62130000,150000
R08-02445,33710000,150000
R08-02446,75670000,300000
R08-02447,35120000,150000
R08-02448,91640000,300000
R08-02449,12290000,40000
R08-02450,34740000,150000
R08-02451,82730000,300000
R08-02452,105450000,300000
R08-02453,6180000,20000
R08-02454,118240000,300000
R08-02455,35440000,150000
R08-02456,16240000,40000
R08-02457,8600000,20000
R08-02458,77600000,300000
R08-02459,228680000,1000000
R08-02460,65470000,150000
R08-02461,52600000,150000
R08-02462,71170000,300000
R08-02463,51100000,150000
R08-02464,32670000,60000
R08-02465,61520000,150000
R08-02466,42440000,150000
R08-02467,24240000,60000
R08-02468,47710000,150000
R08-02469,81060000,300000
R08-02470,5090000,20000
R08-02471,65790000,150000
R08-02472,51150000,150000
R08-02473,16010000,40000
R08-02474,75590000,300000
R08-02475,47070000,150000
R08-02476,7240000,20000
R08-02477,103540000,300000
R08-02478,51590000,150000
R08-02479,94170000,300000
R08-02480,13480000,40000
R08-02481,73110000,300000
R08-02482,5750000,20000
R08-02483,11140000,40000
R08-02484,76010000,300000
R08-02485,85860000,300000
R08-02486,2890000,0
R08-02487,45520000,150000
R08-02488,73150000,300000
R08-02489,43320000,150000
R08-02490,4610000,0
R08-02491,55440000,150000
R08-02492,73260000,300000
R08-02493,78150000,300000
R08-02494,51540000,150000
R08-02495,21900000,60000
R08-02496,143290000,600000
R08-02497,73570000,300000
R08-02498,6620000,20000
R08-02499,74850000,300000
R08-02500,46030000,150000
R08-02501,20950000,60000
R08-02502,13320000,40000
R08-02503,1740000,0
R08-02504,18570000,40000
R08-02505,4010000,0
R08-02506,93400000,300000
R08-02507,48250000,150000
R08-02508,60960000,150000
R08-02509,14980000,40000
R08-02510,40140000,150000
R08-02511,17840000,40000
R08-02512,65230000,150000
R08-02513,81300000,300000
R08-02514,22650000,60000
R08-02515,22950000,60000
R08-02516,60830000,150000
R08-02517,51030000,150000
R08-02518,42140000,150000
R08-02519,2460000,0
R08-02520,56800000,150000
R08-02521,2200000,0
R08-02522,4680000,0
R08-02523,45970000,150000
R08-02524,83320000,300000
R08-02525,22020000,60000
R08-02526,22930000,60000
R08-02527,14090000,40000
R08-02528,27810000,60000
R08-02529,48020000,150000
R08-02530,52530000,150000
R08-02531,75840000,300000
R08-02532,102180000,300000
R08-02533,53760000,150000
R08-02534,35490000,150000
R08-02535,42450000,150000
R08-02536,71750000,300000
R08-02537,13810000,40000
R08-02538,72530000,300000
R08-02539,25410000,60000
R08-02540,20990000,60000
R08-02541,580000,0
R08-02542,60550000,150000
R08-02543,22550000,60000
R08-02544,3000000,0
R08-02545,23140000,60000
R08-02546,72610000,300000
R08-02547,101520000,300000
R08-02548,53100000,150000
R08-02549,11960000,40000
R08-02550,84930000,300000
R08-02551,33210000,60000
R08-02552,81940000,300000
R08-02553,4830000,0
R08-02554,1890000,0
R08-02555,23010000,60000
R08-02556,34280000,150000
R08-02557,16010000,40000
R08-02558,27320000,60000
R08-02559,31820000,60000
R08-02560,72060000,300000
R08-02561,3740000,0
R08-02562,93970000,300000
R08-02563,14980000,40000
R08-02564,112090000,300000
R08-02565,41890000,150000
R08-02566,96290000,300000
R08-02567,52420000,150000
R08-02568,43220000,150000
R08-02569,26870000,60000
R08-02570,7860000,20000
R08-02571,25750000,60000
R08-02572,10990000,40000
R08-02573,87210000,300000
R08-02574,96450000,300000
R08-02575,173940000,600000
R08-02576,33200000,60000
R08-02577,72350000,300000
R08-02578,26850000,60000
R08-02579,14720000,40000
R08-02580,23330000,60000
R08-02581,4970000,0
R08-02582,22460000,60000
R08-02583,23640000,60000
R08-02584,125900000,300000
R08-02585,28120000,60000
R08-02586,2130000,0
R08-02587,52120000,150000
R08-02588,36070000,150000
R08-02589,94920000,300000
R08-02590,52320000,150000
R08-02591,108310000,300000
R08-02592,37240000,150000
R08-02593,20380000,60000
R08-02594,15560000,40000
R08-02595,54660000,150000
R08-02596,133260000,300000
R08-02597,56530000,150000
R08-02598,12540000,40000
R08-02599,87150000,300000
R08-02600,106290000,300000
R08-02601,94250000,300000
R08-02602,11860000,40000
R08-02603,32910000,60000
R08-02604,58280000,150000
R08-02605,67680000,300000
R08-02606,38820000,150000
R08-02607,9400000,20000
R08-02608,2350000,0
R08-02609,84400000,300000
R08-02610,84240000,300000
R08-02611,41640000,150000
R08-02612,132420000,300000
R08-02613,133480000,600000
R08-02614,44680000,150000
R08-02615,6870000,20000
R08-02616,3370000,0
R08-02617,3970000,0
R08-02618,63370000,150000
R08-02619,54880000,150000
R08-02620,64420000,150000
R08-02621,71700000,300000
R08-02622,25250000,60000
R08-02623,64480000,150000
R08-02624,63790000,150000
R08-02625,81220000,300000
R08-02626,83750000,300000
R08-02627,41460000,150000
R08-02628,72940000,300000
R08-02629,2120000,0
R08-02630,53140000,150000
R08-02631,63950000,150000
R08-02632,15080000,40000
R08-02633,22920000,60000
R08-02634,70890000,300000
R08-02635,80490000,300000
R08-02636,52490000,150000
R08-02637,53920000,150000
R08-02638,85570000,300000
R08-02639,70580000,300000
R08-02640,1300000,0
R08-02641,107030000,300000
R08-02642,41200000,150000
R08-02643,102140000,300000
R08-02644,45740000,150000
R08-02645,92190000,300000
R08-02646,44930000,150000
R08-02647,4900000,0
R08-02648,53200000,150000
R08-02649,81540000,300000
R08-02650,11500000,40000
R08-02651,2500000,0
R08-02652,15350000,40000
R08-02653,20940000,60000
R08-02654,86420000,300000
R08-02655,3740000,0
R08-02656,72740000,300000
R08-02657,103320000,300000
R08-02658,53180000,150000
R08-02659,34180000,150000
R08-02660,37660000,150000
R08-02661,3670000,0
R08-02662,11850000,40000
R08-02663,61250000,150000
R08-02664,34470000,150000
R08-02665,1660000,0
R08-02666,6490000,20000
R08-02667,50950000,150000
R08-02668,86250000,300000
R08-02669,34060000,150000
R08-02670,42200000,150000
R08-02671,66960000,300000
R08-02672,32180000,60000
R08-02673,12410000,40000
R08-02674,74630000,300000
R08-02675,23110000,60000
R08-02676,4150000,0
R08-02677,23350000,60000
R08-02678,71530000,300000
R08-02679,11820000,40000
R08-02680,10160000,40000
R08-02681,1630000,0
R08-02682,36120000,150000
R08-02683,41370000,150000
R08-02684,3170000,0
R08-02685,52960000,150000
R08-02686,52820000,150000
R08-02687,57150000,150000
R08-02688,52680000,150000
R08-02689,74500000,300000
R08-02690,66480000,150000
R08-02691,92920000,300000
R08-02692,75020000,300000
R08-02693,66900000,300000
R08-02694,103570000,300000
R08-02695,91420000,300000
R08-02696,5230000,20000
R08-02697,55800000,150000
R08-02698,21130000,60000
R08-02699,10550000,40000
R08-02700,3210000,0
R08-02701,91310000,300000
R08-02702,69430000,300000
R08-02703,65000000,150000
R08-02704,73100000,300000
R08-02705,141970000,600000
R08-02706,12920000,40000
R08-02707,35500000,150000
R08-02708,108990000,300000
R08-02709,21580000,60000
R08-02710,5760000,20000
R08-02711,91730000,300000
R08-02712,43020000,150000
R08-02713,16060000,40000
R08-02714,43810000,150000
R08-02715,33600000,150000
R08-02716,91230000,300000
R08-02717,101990000,300000
R08-02718,32890000,60000
R08-02719,34000000,150000
R08-02720,82070000,300000
R08-02721,2130000,0
R08-02722,430000,0
R08-02723,13320000,40000
R08-02724,4880000,0
R08-02725,72070000,300000
R08-02726,11110000,40000
R08-02727,55630000,150000
R08-02728,52600000,150000
R08-02729,5920000,20000
R08-02730,61380000,150000
R08-02731,11610000,40000
R08-02732,11170000,40000
R08-02733,221820000,1000000
R08-02734,95930000,300000
R08-02735,32240000,60000
R08-02736,34060000,150000
R08-02737,84020000,300000
R08-02738,73400000,300000
R08-02739,12910000,40000
R08-02740,11570000,40000
R08-02741,72140000,300000
R08-02742,10950000,40000
R08-02743,31850000,60000
R08-02744,55670000,150000
R08-02745,82200000,300000
R08-02746,63540000,150000
R08-02747,2870000,0
R08-02748,52710000,150000
R08-02749,54330000,150000
R08-02750,77790000,300000
R08-02751,46050000,150000
R08-02752,40930000,150000
R08-02753,74010000,300000
R08-02754,76100000,300000
R08-02755,14440000,40000
R08-02756,22600000,60000
R08-02757,62140000,150000
R08-02758,23400000,60000
R08-02759,3340000,0
R08-02760,43040000,150000
R08-02761,6540000,20000
R08-02762,33300000,60000
R08-02763,63960000,150000
R08-02764,5520000,20000
R08-02765,52000000,150000
R08-02766,32520000,60000
R08-02767,106230000,300000
R08-02768,21210000,60000
R08-02769,1480000,0
R08-02770,60930000,150000
R08-02771,72440000,300000
R08-02772,26040000,60000
R08-02773,25060000,60000
R08-02774,33340000,150000
R08-02775,10250000,40000
R08-02776,13050000,40000
R08-02777,57200000,150000
R08-02778,21790000,60000
R08-02779,62890000,150000
R08-02780,22470000,60000
R08-02781,92560000,300000
R08-02782,10850000,40000
R08-02783,122650000,300000
R08-02784,72690000,300000
R08-02785,25820000,60000
R08-02786,49110000,150000
R08-02787,4630000,0
R08-02788,53040000,150000
R08-02789,1580000,0
R08-02790,16550000,40000
R08-02791,35090000,150000
R08-02792,40270000,150000
R08-02793,47120000,150000
R08-02794,25750000,60000
R08-02795,28500000,60000
R08-02796,23950000,60000
R08-02797,75060000,300000
R08-02798,35370000,150000
R08-02799,1900000,0
R08-02800,63320000,150000
R08-02801,3250000,0
R08-02802,45510000,150000
R08-02803,42350000,150000
R08-02804,46480000,150000
R08-02805,45150000,150000
R08-02806,126440000,300000
R08-02807,20300000,60000
R08-02808,62310000,150000
R08-02809,4530000,0
R08-02810,28050000,60000
R08-02811,61830000,150000
R08-02812,34740000,150000
R08-02813,64540000,150000
R08-02814,71600000,300000
R08-02815,62590000,150000
R08-02816,23410000,60000
R08-02817,11490000,40000
R08-02818,53510000,150000
R08-02819,15810000,40000
R08-02820,27840000,60000
R08-02821,66120000,150000
R08-02822,22510000,60000
R08-02823,52670000,150000
R08-02824,92700000,300000
R08-02825,94890000,300000
R08-02826,46220000,150000
R08-02827,83720000,300000
R08-02828,28090000,60000
R08-02829,32980000,60000
R08-02830,24470000,60000
R08-02831,12530000,40000
R08-02832,2250000,0
R08-02833,23050000,60000
R08-02834,18210000,40000
R08-02835,36490000,150000
R08-02836,45510000,150000
R08-02837,13070000,40000
R08-02838,23570000,60000
R08-02839,5360000,20000
R08-02840,2900000,0
R08-02841,91870000,300000
R08-02842,58470000,150000
R08-02843,15300000,40000
R08-02844,13340000,40000
R08-02845,83210000,300000
R08-02846,65420000,150000
R08-02847,92870000,300000
R08-02848,34850000,150000
R08-02849,32540000,60000
R08-02850,31890000,60000
R08-02851,84580000,300000
R08-02852,28480000,60000
R08-02853,14370000,40000
R08-02854,16030000,40000
R08-02855,12460000,40000
R08-02856,30570000,60000
R08-02857,4940000,0
R08-02858,14610000,40000
R08-02859,55220000,150000
R08-02860,1200000,0
R08-02861,15250000,40000
R08-02862,32270000,60000
R08-02863,13070000,40000
R08-02864,105050000,300000
R08-02865,54960000,150000
R08-02866,42670000,150000
R08-02867,55050000,150000
R08-02868,58160000,150000
R08-02869,107800000,300000
R08-02870,18240000,40000
R08-02871,35060000,150000
R08-02872,12230000,40000
R08-02873,32100000,60000
R08-02874,64880000,150000
R08-02875,91790000,300000
R08-02876,83430000,300000
R08-02877,51490000,150000
R08-02878,72690000,300000
R08-02879,108040000,300000
R08-02880,83020000,300000
R08-02881,82330000,300000
R08-02882,50970000,150000
R08-02883,44520000,150000
R08-02884,5740000,20000
R08-02885,131080000,300000
R08-02886,14010000,40000
R08-02887,73360000,300000
R08-02888,93060000,300000
R08-02889,64340000,150000
R08-02890,63940000,150000
R08-02891,2190000,0
R08-02892,2830000,0
R08-02893,43230000,150000
R08-02894,101660000,300000
R08-02895,64820000,150000
R08-02896,13510000,40000
R08-02897,52620000,150000
R08-02898,5900000,20000
R08-02899,7900000,20000
R08-02900,63460000,150000
R08-02901,3010000,0
R08-02902,42090000,150000
R08-02903,23380000,60000
R08-02904,28300000,60000
R08-02905,112100000,300000
R08-02906,60700000,150000
R08-02907,54440000,150000
R08-02908,95730000,300000
R08-02909,14950000,40000
R08-02910,14340000,40000
R08-02911,54720000,150000
R08-02912,136820000,600000
R08-02913,32420000,60000
R08-02914,5300000,20000
R08-02915,15270000,40000
R08-02916,72440000,300000
R08-02917,94420000,300000
R08-02918,31940000,60000
R08-02919,108260000,300000
R08-02920,16650000,40000
R08-02921,62000000,150000
R08-02922,40680000,150000
R08-02923,22580000,60000
R08-02924,41770000,150000
R08-02925,26420000,60000
R08-02926,67020000,300000
R08-02927,52830000,150000
R08-02928,34290000,150000
R08-02929,66250000,150000
R08-02930,2560000,0
R08-02931,93450000,300000
R08-02932,13050000,40000
R08-02933,4320000,0
R08-02934,34500000,150000
R08-02935,2630000,0
R08-02936,3420000,0
R08-02937,35820000,150000
R08-02938,27800000,60000
R08-02939,87110000,300000
R08-02940,125150000,300000
R08-02941,12140000,40000
R08-02942,4210000,0
R08-02943,2490000,0
R08-02944,93080000,300000
R08-02945,40300000,150000
R08-02946,51020000,150000
R08-02947,2780000,0
R08-02948,1950000,0
R08-02949,12750000,40000
R08-02950,30710000,60000
R08-02951,66270000,150000
R08-02952,51300000,150000
R08-02953,3090000,0
R08-02954,26730000,60000
R08-02955,111060000,300000
R08-02956,35610000,150000
R08-02957,12410000,40000
R08-02958,27130000,60000
R08-02959,83780000,300000
R08-02960,60620000,150000
R08-02961,105500000,300000
R08-02962,59060000,150000
R08-02963,63290000,150000
R08-02964,62770000,150000
R08-02965,33610000,150000
R08-02966,1910000,0
R08-02967,51020000,150000
R08-02968,95150000,300000
R08-02969,92650000,300000
R08-02970,960000,0
R08-02971,23290000,60000
R08-02972,111710000,300000
R08-02973,57650000,150000
R08-02974,71310000,300000
R08-02975,2870000,0
R08-02976,64880000,150000
R08-02977,72860000,300000
R08-02978,62940000,150000
R08-02979,73590000,300000
R08-02980,33170000,60000
R08-02981,35190000,150000
R08-02982,2570000,0
R08-02983,10750000,40000
R08-02984,3730000,0
R08-02985,14170000,40000
R08-02986,810000,0
R08-02987,101240000,300000
R08-02988,5640000,20000
R08-02989,72700000,300000
R08-02990,67500000,300000
R08-02991,40660000,150000
R08-02992,24720000,60000
R08-02993,54170000,150000
R08-02994,104550000,300000
R08-02995,86720000,300000
R08-02996,32770000,60000
R08-02997,63220000,150000
R08-02998,53670000,150000
R08-02999,131790000,300000
R08-03000,14690000,40000
R08-03001,64470000,150000
R08-03002,5370000,20000
R08-03003,51080000,150000
R08-03004,3050000,0
R08-03005,36170000,150000
R08-03006,1730000,0
R08-03007,72020000,300000
R08-03008,31270000,60000
R08-03009,93740000,300000
R08-03010,12530000,40000
R08-03011,4100000,0
R08-03012,63870000,150000
R08-03013,153020000,600000
R08-03014,22240000,60000
R08-03015,3880000,0
R08-03016,12710000,40000
R08-03017,73240000,300000
R08-03018,32150000,60000
R08-03019,2460000,0
R08-03020,3290000,0
R08-03021,112940000,300000
R08-03022,4540000,0
R08-03023,1480000,0
R08-03024,49670000,150000
R08-03025,38480000,150000
R08-03026,15440000,40000
R08-03027,92620000,300000
R08-03028,53760000,150000
R08-03029,37020000,150000
R08-03030,3330000,0
R08-03031,32610000,60000
R08-03032,44980000,150000
R08-03033,31380000,60000
R08-03034,2090000,0
R08-03035,20550000,60000
R08-03036,42290000,150000
R08-03037,44030000,150000
R08-03038,100860000,300000
R08-03039,25480000,60000
R08-03040,24760000,60000
R08-03041,76880000,300000
R08-03042,92440000,300000
R08-03043,33190000,60000
R08-03044,31870000,60000
R08-03045,3220000,0
R08-03046,71520000,300000
R08-03047,36530000,150000
R08-03048,68970000,300000
R08-03049,83650000,300000
R08-03050,11000000,40000
R08-03051,16650000,40000
R08-03052,3750000,0
R08-03053,5950000,20000
R08-03054,83110000,300000
R08-03055,123680000,300000
R08-03056,22370000,60000
R08-03057,12030000,40000
R08-03058,62040000,150000
R08-03059,52480000,150000
R08-03060,12120000,40000
R08-03061,54890000,150000
R08-03062,74090000,300000
R08-03063,6390000,20000
R08-03064,55840000,150000
R08-03065,15170000,40000
R08-03066,86620000,300000
R08-03067,6680000,20000
R08-03068,71180000,300000
R08-03069,101650000,300000
R08-03070,15580000,40000
R08-03071,31210000,60000
R08-03072,62750000,150000
R08-03073,63180000,150000
R08-03074,48340000,150000
R08-03075,72010000,300000
R08-03076,51480000,150000
R08-03077,20580000,60000
R08-03078,13720000,40000
R08-03079,4390000,0
R08-03080,93450000,300000
R08-03081,34770000,150000
R08-03082,2430000,0
R08-03083,22140000,60000
R08-03084,94970000,300000
R08-03085,5020000,20000
R08-03086,6340000,20000
R08-03087,12570000,40000
R08-03088,42490000,150000
R08-03089,53290000,150000
R08-03090,36780000,150000
R08-03091,2730000,0
R08-03092,72430000,300000
R08-03093,1500000,0
R08-03094,39600000,150000
R08-03095,28090000,60000
R08-03096,12460000,40000
R08-03097,61590000,150000
R08-03098,11930000,40000
R08-03099,42120000,150000
R08-03100,44460000,150000
R08-03101,22700000,60000
R08-03102,122540000,300000
R08-03103,2940000,0
R08-03104,12160000,40000
R08-03105,23530000,60000
R08-03106,3050000,0
R08-03107,25210000,60000
R08-03108,31590000,60000
R08-03109,82130000,300000
R08-03110,25370000,60000
R08-03111,124120000,300000
R08-03112,43480000,150000
R08-03113,40560000,150000
R08-03114,4410000,0
R08-03115,141570000,600000
R08-03116,3450000,0
R08-03117,73320000,300000
R08-03118,21120000,60000
R08-03119,22050000,60000
R08-03120,65030000,150000
R08-03121,12080000,40000
R08-03122,91960000,300000
R08-03123,81300000,300000
R08-03124,940000,0
R08-03125,32480000,60000
R08-03126,21160000,60000
R08-03127,32920000,60000
R08-03128,2750000,0
R08-03129,48780000,150000
R08-03130,34730000,150000
R08-03131,53170000,150000
R08-03132,83510000,300000
R08-03133,43740000,150000
R08-03134,21200000,60000
R08-03135,43930000,150000
R08-03136,16930000,40000
R08-03137,133450000,600000
R08-03138,32070000,60000
R08-03139,72400000,300000
R08-03140,23350000,60000
R08-03141,4790000,0
R08-03142,46210000,150000
R08-03143,42490000,150000
R08-03144,35550000,150000
R08-03145,44610000,150000
R08-03146,47330000,150000
R08-03147,87580000,300000
R08-03148,103190000,300000
R08-03149,3500000,0
R08-03150,74170000,300000
R08-03151,107950000,300000
R08-03152,104790000,300000
R08-03153,101200000,300000
R08-03154,63290000,150000
R08-03155,5360000,20000
R08-03156,21690000,60000
R08-03157,151280000,600000
R08-03158,57550000,150000
R08-03159,54020000,150000
R08-03160,91020000,300000
R08-03161,67530000,300000
R08-03162,1710000,0
R08-03163,4650000,0
R08-03164,22530000,60000
R08-03165,66120000,150000
R08-03166,25560000,60000
R08-03167,1990000,0
R08-03168,25700000,60000
R08-03169,85860000,300000
R08-03170,153570000,600000
R08-03171,2990000,0
R08-03172,7310000,20000
R08-03173,63570000,150000
R08-03174,3040000,0
R08-03175,54450000,150000
R08-03176,46610000,150000
R08-03177,34980000,150000
R08-03178,81200000,300000
R08-03179,13850000,40000
R08-03180,3190000,0
R08-03181,52670000,150000
R08-03182,22040000,60000
R08-03183,12240000,40000
R08-03184,21050000,60000
R08-03185,34860000,150000
R08-03186,61680000,150000
R08-03187,42080000,150000
R08-03188,54510000,150000
R08-03189,91270000,300000
R08-03190,32790000,60000
R08-03191,81790000,300000
R08-03192,43760000,150000
R08-03193,94050000,300000
R08-03194,32780000,60000
R08-03195,36260000,150000
R08-03196,45690000,150000
R08-03197,72100000,300000
R08-03198,56320000,150000
R08-03199,7800000,20000
R08-03200,22200000,60000
R08-03201,2880000,0
R08-03202,6820000,20000
R08-03203,83970000,300000
R08-03204,33970000,150000
R08-03205,22150000,60000
R08-03206,42860000,150000
R08-03207,101160000,300000
R08-03208,77770000,300000
R08-03209,46980000,150000
R08-03210,20930000,60000
R08-03211,61780000,150000
R08-03212,56540000,150000
R08-03213,12850000,40000
R08-03214,30840000,60000
R08-03215,73060000,300000
R08-03216,68300000,300000
R08-03217,67130000,300000
R08-03218,66780000,300000
R08-03219,2470000,0
R08-03220,93790000,300000
R08-03221,103290000,300000
R08-03222,25320000,60000
R08-03223,11550000,40000
R08-03224,26530000,60000
R08-03225,15190000,40000
R08-03226,21170000,60000
R08-03227,24040000,60000
R08-03228,76480000,300000
R08-03229,31360000,60000
R08-03230,28040000,60000
R08-03231,4400000,0
R08-03232,50810000,150000
R08-03233,81680000,300000
R08-03234,41800000,150000
R08-03235,15220000,40000
R08-03236,93890000,300000
R08-03237,44600000,150000
R08-03238,37330000,150000
R08-03239,48100000,150000
R08-03240,25230000,60000
R08-03241,61920000,150000
R08-03242,61640000,150000
R08-03243,16840000,40000
R08-03244,71780000,300000
R08-03245,54280000,150000
R08-03246,15770000,40000
R08-03247,88060000,300000
R08-03248,6630000,20000
R08-03249,28390000,60000
R08-03250,6180000,20000
R08-03251,43510000,150000
R08-03252,62310000,150000
R08-03253,3070000,0
R08-03254,5940000,20000
R08-03255,65290000,150000
R08-03256,17670000,40000
R08-03257,1510000,0
R08-03258,34720000,150000
R08-03259,9060000,20000
R08-03260,2930000,0
R08-03261,6040000,20000
R08-03262,22510000,60000
R08-03263,61650000,150000
R08-03264,57560000,150000
R08-03265,74480000,300000
R08-03266,52020000,150000
R08-03267,42370000,150000
R08-03268,31240000,60000
R08-03269,37450000,150000
R08-03270,34260000,150000
R08-03271,63310000,150000
R08-03272,1770000,0
R08-03273,77930000,300000
R08-03274,72940000,300000
R08-03275,2980000,0
R08-03276,20810000,60000
R08-03277,222020000,1000000
R08-03278,41650000,150000
R08-03279,54580000,150000
R08-03280,75950000,300000
R08-03281,11450000,40000
R08-03282,5290000,20000
R08-03283,35140000,150000
R08-03284,62190000,150000
R08-03285,12000000,40000
R08-03286,72440000,300000
R08-03287,25950000,60000
R08-03288,54790000,150000
R08-03289,152530000,600000
R08-03290,34320000,150000
R08-03291,84880000,300000
R08-03292,53960000,150000
R08-03293,5500000,20000
R08-03294,52730000,150000
R08-03295,34390000,150000
R08-03296,42950000,150000
R08-03297,82160000,300000
R08-03298,7070000,20000
R08-03299,26430000,60000
R08-03300,64530000,150000
R08-03301,43230000,150000
R08-03302,54530000,150000
R08-03303,83680000,300000
R08-03304,81870000,300000
R08-03305,41790000,150000
R08-03306,71820000,300000
R08-03307,51610000,150000
R08-03308,131640000,300000
R08-03309,65330000,150000
R08-03310,14990000,40000
R08-03311,88150000,300000
R08-03312,19230000,40000
R08-03313,132670000,300000
R08-03314,23900000,60000
R08-03315,2830000,0
R08-03316,10380000,40000
R08-03317,35940000,150000
R08-03318,8200000,20000
R08-03319,64660000,150000
R08-03320,91910000,300000
R08-03321,5900000,20000
R08-03322,35320000,150000
R08-03323,15040000,40000
R08-03324,56180000,150000
R08-03325,51970000,150000
R08-03326,22520000,60000
R08-03327,52510000,150000
R08-03328,12190000,40000
R08-03329,6810000,20000
R08-03330,910000,0
R08-03331,94320000,300000
R08-03332,82020000,300000
R08-03333,53310000,150000
R08-03334,37910000,150000
R08-03335,11120000,40000
R08-03336,75450000,300000
R08-03337,116460000,300000
R08-03338,980000,0
R08-03339,61700000,150000
R08-03340,13080000,40000
R08-03341,44190000,150000
R08-03342,4580000,0
R08-03343,73380000,300000
R08-03344,10820000,40000
R08-03345,21830000,60000
R08-03346,33670000,150000
R08-03347,3420000,0
R08-03348,33550000,150000
R08-03349,53690000,150000
R08-03350,52200000,150000
R08-03351,12220000,40000
R08-03352,55800000,150000
R08-03353,25750000,60000
R08-03354,47940000,150000
R08-03355,33090000,60000
R08-03356,84500000,300000
R08-03357,22280000,60000
R08-03358,31240000,60000
R08-03359,14090000,40000
R08-03360,134930000,600000
R08-03361,6700000,20000
R08-03362,44250000,150000
R08-03363,22400000,60000
R08-03364,32100000,60000
R08-03365,29530000,60000
R08-03366,31390000,60000
R08-03367,13650000,40000
R08-03368,14990000,40000
R08-03369,83300000,300000
R08-03370,46890000,150000
R08-03371,38850000,150000
R08-03372,22450000,60000
R08-03373,126240000,300000
R08-03374,62150000,150000
R08-03375,53120000,150000
R08-03376,31190000,60000
R08-03377,113080000,300000
R08-03378,13610000,40000
R08-03379,8570000,20000
R08-03380,63330000,150000
R08-03381,4740000,0
R08-03382,26820000,60000
R08-03383,41580000,150000
R08-03384,33150000,60000
R08-03385,82540000,300000
R08-03386,64850000,150000
R08-03387,105160000,300000
R08-03388,25490000,60000
R08-03389,73640000,300000
R08-03390,47760000,150000
R08-03391,92690000,300000
R08-03392,38620000,150000
R08-03393,124360000,300000
R08-03394,110680000,300000
R08-03395,26220000,60000
R08-03396,31400000,60000
R08-03397,30810000,60000
R08-03398,11360000,40000
R08-03399,71760000,300000
R08-03400,131750000,300000
R08-03401,123820000,300000
R08-03402,53100000,150000
R08-03403,5510000,20000
R08-03404,53880000,150000
R08-03405,18030000,40000
R08-03406,13500000,40000
R08-03407,3600000,0
R08-03408,3590000,0
R08-03409,44410000,150000
R08-03410,112310000,300000
R08-03411,73330000,300000
R08-03412,41520000,150000
R08-03413,22640000,60000
R08-03414,74370000,300000
R08-03415,3630000,0
R08-03416,62500000,150000
R08-03417,3890000,0
R08-03418,54000000,150000
R08-03419,26360000,60000
R08-03420,62970000,150000
R08-03421,94940000,300000
R08-03422,14200000,40000
R08-03423,1290000,0
R08-03424,83000000,300000
R08-03425,31890000,60000
R08-03426,56460000,150000
R08-03427,33900000,150000
R08-03428,25490000,60000
R08-03429,93450000,300000
R08-03430,52880000,150000
R08-03431,101660000,300000
R08-03432,21910000,60000
R08-03433,32650000,60000
R08-03434,45310000,150000
R08-03435,26380000,60000
R08-03436,67070000,300000
R08-03437,42480000,150000
R08-03438,23900000,60000
R08-03439,56430000,150000
R08-03440,40580000,150000
R08-03441,112460000,300000
R08-03442,14530000,40000
R08-03443,51950000,150000
R08-03444,21510000,60000
R08-03445,6710000,20000
R08-03446,3900000,0
R08-03447,5630000,20000
R08-03448,65010000,150000
R08-03449,55120000,150000
R08-03450,6310000,20000
R08-03451,62310000,150000
R08-03452,1670000,0
R08-03453,61910000,150000
R08-03454,14900000,40000
R08-03455,34640000,150000
R08-03456,22880000,60000
R08-03457,62610000,150000
R08-03458,43130000,150000
R08-03459,36830000,150000
R08-03460,83160000,300000
R08-03461,61410000,150000
R08-03462,12070000,40000
R08-03463,112510000,300000
R08-03464,45560000,150000
R08-03465,47320000,150000
R08-03466,121340000,300000
R08-03467,30540000,60000
R08-03468,23790000,60000
R08-03469,25710000,60000
R08-03470,33330000,60000
R08-03471,74970000,300000
R08-03472,41350000,150000
R08-03473,47950000,150000
R08-03474,34710000,150000
R08-03475,11110000,40000
R08-03476,33260000,60000
R08-03477,1320000,0
R08-03478,86000000,300000
R08-03479,3690000,0
R08-03480,102070000,300000
R08-03481,12260000,40000
R08-03482,2680000,0
R08-03483,56290000,150000
R08-03484,54450000,150000
R08-03485,66980000,300000
R08-03486,79090000,300000
R08-03487,63300000,150000
R08-03488,31300000,60000
R08-03489,21870000,60000
R08-03490,60720000,150000
R08-03491,42730000,150000
R08-03492,16620000,40000
R08-03493,61070000,150000
R08-03494,43130000,150000
R08-03495,6110000,20000
R08-03496,63980000,150000
R08-03497,23070000,60000
R08-03498,42430000,150000
R08-03499,75190000,300000
R08-03500,23310000,60000
R08-03501,34630000,150000
R08-03502,9390000,20000
R08-03503,43960000,150000
R08-03504,21800000,60000
R08-03505,54360000,150000
R08-03506,83180000,300000
R08-03507,22190000,60000
R08-03508,88580000,300000
R08-03509,61070000,150000
R08-03510,5340000,20000
R08-03511,85210000,300000
R08-03512,6560000,20000
R08-03513,11260000,40000
R08-03514,31660000,60000
R08-03515,44590000,150000
R08-03516,12590000,40000
R08-03517,12940000,40000
R08-03518,25180000,60000
R08-03519,55980000,150000
R08-03520,3300000,0
R08-03521,41230000,150000
R08-03522,42620000,150000
R08-03523,6060000,20000
R08-03524,53070000,150000
R08-03525,53430000,150000
R08-03526,80950000,300000
R08-03527,13350000,40000
R08-03528,1180000,0
R08-03529,5370000,20000
R08-03530,15300000,40000
R08-03531,22640000,60000
R08-03532,41790000,150000
R08-03533,96500000,300000
R08-03534,3660000,0
R08-03535,52530000,150000
R08-03536,25470000,60000
R08-03537,61300000,150000
R08-03538,30740000,60000
R08-03539,7570000,20000
R08-03540,33300000,60000
R08-03541,52200000,150000
R08-03542,85180000,300000
R08-03543,40840000,150000
R08-03544,5810000,20000
R08-03545,14100000,40000
R08-03546,84740000,300000
R08-03547,1160000,0
R08-03548,51710000,150000
R08-03549,18720000,40000
R08-03550,2500000,0
R08-03551,32380000,60000
R08-03552,34900000,150000
R08-03553,43330000,150000
R08-03554,115980000,300000
R08-03555,44020000,150000
R08-03556,73110000,300000
R08-03557,129340000,300000
R08-03558,7580000,20000
R08-03559,87020000,300000
R08-03560,5350000,20000
R08-03561,64040000,150000
R08-03562,42740000,150000
R08-03563,104720000,300000
R08-03564,19360000,40000
R08-03565,62500000,150000
R08-03566,7630000,20000
R08-03567,22860000,60000
R08-03568,67460000,300000
R08-03569,14020000,40000
R08-03570,14420000,40000
R08-03571,4780000,0
R08-03572,14960000,40000
R08-03573,26900000,60000
R08-03574,31030000,60000
R08-03575,131210000,300000
R08-03576,34250000,150000
R08-03577,82820000,300000
R08-03578,90720000,300000
R08-03579,26660000,60000
R08-03580,31140000,60000
R08-03581,44900000,150000
R08-03582,4550000,0
R08-03583,1780000,0
R08-03584,22980000,60000
R08-03585,34090000,150000
R08-03586,92440000,300000
R08-03587,24630000,60000
R08-03588,35500000,150000
R08-03589,18320000,40000
R08-03590,135310000,600000
R08-03591,45220000,150000
R08-03592,35060000,150000
R08-03593,40170000,150000
R08-03594,32000000,60000
R08-03595,115830000,300000
R08-03596,44420000,150000
R08-03597,54420000,150000
R08-03598,14530000,40000
R08-03599,62630000,150000
R08-03600,11770000,40000
R08-03601,35210000,150000
R08-03602,22040000,60000
R08-03603,65430000,150000
R08-03604,41520000,150000
R08-03605,55280000,150000
R08-03606,33640000,150000
R08-03607,33430000,150000
R08-03608,8330000,20000
R08-03609,7010000,20000
R08-03610,41380000,150000
R08-03611,44190000,150000
R08-03612,114430000,300000
R08-03613,134030000,600000
R08-03614,13380000,40000
R08-03615,34640000,150000
R08-03616,45660000,150000
R08-03617,2170000,0
R08-03618,43380000,150000
R08-03619,21940000,60000
R08-03620,77940000,300000
R08-03621,16120000,40000
R08-03622,15390000,40000
R08-03623,128810000,300000
R08-03624,58350000,150000
R08-03625,73090000,300000
R08-03626,15630000,40000
R08-03627,1310000,0
R08-03628,2500000,0
R08-03629,52780000,150000
R08-03630,144700000,600000
R08-03631,65750000,150000
R08-03632,8550000,20000
R08-03633,3810000,0
R08-03634,93430000,300000
R08-03635,3030000,0
R08-03636,84290000,300000
R08-03637,42650000,150000
R08-03638,14860000,40000
R08-03639,21300000,60000
R08-03640,132990000,300000
R08-03641,3080000,0
R08-03642,57180000,150000
R08-03643,32890000,60000
R08-03644,38780000,150000
R08-03645,16640000,40000
R08-03646,3680000,0
R08-03647,1430000,0
R08-03648,2920000,0
R08-03649,15100000,40000
R08-03650,32480000,60000
R08-03651,40690000,150000
R08-03652,57700000,150000
R08-03653,53550000,150000
R08-03654,21680000,60000
R08-03655,52810000,150000
R08-03656,15160000,40000
R08-03657,18930000,40000
R08-03658,63660000,150000
R08-03659,7540000,20000
R08-03660,6810000,20000
R08-03661,32930000,60000
R08-03662,65080000,150000
R08-03663,62710000,150000
R08-03664,92020000,300000
R08-03665,71880000,300000
R08-03666,36090000,150000
R08-03667,88360000,300000
R08-03668,7790000,20000
R08-03669,35620000,150000
R08-03670,85660000,300000
R08-03671,88270000,300000
R08-03672,16270000,40000
R08-03673,26160000,60000
R08-03674,31450000,60000
R08-03675,6450000,20000
R08-03676,21140000,60000
R08-03677,33120000,60000
R08-03678,66000000,150000
R08-03679,62570000,150000
R08-03680,9140000,20000
R08-03681,97320000,300000
R08-03682,68230000,300000
R08-03683,13310000,40000
R08-03684,25360000,60000
R08-03685,44170000,150000
R08-03686,43980000,150000
R08-03687,32210000,60000
R08-03688,37380000,150000
R08-03689,53420000,150000
R08-03690,2480000,0
R08-03691,5270000,20000
R08-03692,1790000,0
R08-03693,54230000,150000
R08-03694,2680000,0
R08-03695,5050000,20000
R08-03696,16790000,40000
R08-03697,31630000,60000
R08-03698,65160000,150000
R08-03699,36110000,150000
R08-03700,32390000,60000
R08-03701,76440000,300000
R08-03702,54100000,150000
R08-03703,64590000,150000
R08-03704,37410000,150000
R08-03705,13870000,40000
R08-03706,93100000,300000
R08-03707,84400000,300000
R08-03708,41700000,150000
R08-03709,32380000,60000
R08-03710,40560000,150000
R08-03711,52420000,150000
R08-03712,51970000,150000
R08-03713,42710000,150000
R08-03714,68610000,300000
R08-03715,66580000,150000
R08-03716,24920000,60000
R08-03717,53810000,150000
R08-03718,23670000,60000
R08-03719,83430000,300000
R08-03720,3100000,0
R08-03721,62870000,150000
R08-03722,45010000,150000
R08-03723,48200000,150000
R08-03724,64060000,150000
R08-03725,27610000,60000
R08-03726,5250000,20000
R08-03727,12170000,40000
R08-03728,32890000,60000
R08-03729,42970000,150000
R08-03730,31030000,60000
R08-03731,65500000,150000
R08-03732,63740000,150000
R08-03733,14110000,40000
R08-03734,4280000,0
R08-03735,112830000,300000
R08-03736,81570000,300000
R08-03737,51010000,150000
R08-03738,74850000,300000
R08-03739,13330000,40000
R08-03740,56370000,150000
R08-03741,43560000,150000
R08-03742,4720000,0
R08-03743,45560000,150000
R08-03744,43910000,150000
R08-03745,81930000,300000
R08-03746,1440000,0
R08-03747,24910000,60000
R08-03748,144410000,600000
R08-03749,88800000,300000
R08-03750,74940000,300000
R08-03751,33520000,150000
R08-03752,143730000,600000
R08-03753,16240000,40000
R08-03754,93490000,300000
R08-03755,64750000,150000
R08-03756,53620000,150000
R08-03757,15210000,40000
R08-03758,24720000,60000
R08-03759,11550000,40000
R08-03760,36640000,150000
R08-03761,106300000,300000
R08-03762,146670000,600000
R08-03763,22870000,60000
R08-03764,3000000,0
R08-03765,26890000,60000
R08-03766,16220000,40000
R08-03767,51780000,150000
R08-03768,43270000,150000
R08-03769,2690000,0
R08-03770,42990000,150000
R08-03771,3410000,0
R08-03772,128260000,300000
R08-03773,36360000,150000
R08-03774,11470000,40000
R08-03775,97300000,300000
R08-03776,48570000,150000
R08-03777,85790000,300000
R08-03778,93380000,300000
R08-03779,36780000,150000
R08-03780,84790000,300000
R08-03781,48050000,150000
R08-03782,32250000,60000
R08-03783,11920000,40000
R08-03784,15020000,40000
R08-03785,10610000,40000
R08-03786,40190000,150000
R08-03787,1290000,0
R08-03788,48090000,150000
R08-03789,82680000,300000
R08-03790,11330000,40000
R08-03791,5380000,20000
R08-03792,50930000,150000
R08-03793,620000,0
R08-03794,97230000,300000
R08-03795,172980000,600000
R08-03796,43590000,150000
R08-03797,2020000,0
R08-03798,13960000,40000
R08-03799,68430000,300000
R08-03800,230000,0
R08-03801,15200000,40000
R08-03802,66870000,300000
R08-03803,62020000,150000
R08-03804,1640000,0
R08-03805,22830000,60000
R08-03806,10810000,40000
R08-03807,60930000,150000
R08-03808,41300000,150000
R08-03809,3370000,0
R08-03810,5250000,20000
R08-03811,90830000,300000
R08-03812,14670000,40000
R08-03813,660000,0
R08-03814,73660000,300000
R08-03815,153370000,600000
R08-03816,64610000,150000
R08-03817,4790000,0
R08-03818,53480000,150000
R08-03819,26510000,60000
R08-03820,41530000,150000
R08-03821,2560000,0
R08-03822,1690000,0
R08-03823,81620000,300000
R08-03824,21130000,60000
R08-03825,5920000,20000
R08-03826,86850000,300000
R08-03827,61250000,150000
R08-03828,56900000,150000
R08-03829,33000000,60000
R08-03830,1730000,0
R08-03831,145940000,600000
R08-03832,6510000,20000
R08-03833,13870000,40000
R08-03834,42860000,150000
R08-03835,47360000,150000
R08-03836,51830000,150000
R08-03837,17360000,40000
R08-03838,82640000,300000
R08-03839,74460000,300000
R08-03840,2990000,0
R08-03841,103140000,300000
R08-03842,20960000,60000
R08-03843,52520000,150000
R08-03844,16030000,40000
R08-03845,41680000,150000
R08-03846,5550000,20000
R08-03847,73650000,300000
R08-03848,85620000,300000
R08-03849,61850000,150000
R08-03850,86650000,300000
R08-03851,26410000,60000
R08-03852,11640000,40000
R08-03853,5790000,20000
R08-03854,17740000,40000
R08-03855,55860000,150000
R08-03856,71730000,300000
R08-03857,58470000,150000
R08-03858,35230000,150000
R08-03859,222530000,1000000
R08-03860,66630000,150000
R08-03861,42120000,150000
R08-03862,36210000,150000
R08-03863,34390000,150000
R08-03864,66070000,150000
R08-03865,3460000,0
R08-03866,6830000,20000
R08-03867,27420000,60000
R08-03868,64190000,150000
R08-03869,25910000,60000
R08-03870,66780000,300000
R08-03871,31700000,60000
R08-03872,1450000,0
R08-03873,21110000,60000
R08-03874,82020000,300000
R08-03875,23980000,60000
R08-03876,23830000,60000
R08-03877,115740000,300000
R08-03878,11370000,40000
R08-03879,99700000,300000
R08-03880,31570000,60000
R08-03881,66080000,150000
R08-03882,6720000,20000
R08-03883,23370000,60000
R08-03884,32220000,60000
R08-03885,137820000,600000
R08-03886,62680000,150000
R08-03887,34610000,150000
R08-03888,45070000,150000
R08-03889,35070000,150000
R08-03890,7810000,20000
R08-03891,88220000,300000
R08-03892,14370000,40000
R08-03893,45830000,150000
R08-03894,11410000,40000
R08-03895,35210000,150000
R08-03896,33190000,60000
R08-03897,68500000,300000
R08-03898,91800000,300000
R08-03899,23260000,60000
R08-03900,52210000,150000
R08-03901,62760000,150000
R08-03902,2200000,0
R08-03903,62270000,150000
R08-03904,74530000,300000
R08-03905,46220000,150000
R08-03906,74680000,300000
R08-03907,2440000,0
R08-03908,35050000,150000
R08-03909,80590000,300000
R08-03910,72760000,300000
R08-03911,53140000,150000
R08-03912,92410000,300000
R08-03913,5280000,20000
R08-03914,2770000,0
R08-03915,96820000,300000
R08-03916,84120000,300000
R08-03917,3640000,0
R08-03918,15380000,40000
R08-03919,67630000,300000
R08-03920,64630000,150000
R08-03921,33680000,150000
R08-03922,24870000,60000
R08-03923,34050000,150000
R08-03924,950000,0
R08-03925,32530000,60000
R08-03926,148090000,600000
R08-03927,75520000,300000
R08-03928,640000,0
R08-03929,94510000,300000
R08-03930,21670000,60000
R08-03931,43970000,150000
R08-03932,53700000,150000
R08-03933,103650000,300000
R08-03934,66360000,150000
R08-03935,23540000,60000
R08-03936,23060000,60000
R08-03937,40190000,150000
R08-03938,81820000,300000
R08-03939,62790000,150000
R08-03940,35120000,150000
R08-03941,1820000,0
R08-03942,82830000,300000
R08-03943,77680000,300000
R08-03944,11750000,40000
R08-03945,15330000,40000
R08-03946,51530000,150000
R08-03947,104990000,300000
R08-03948,1000000,0
R08-03949,78430000,300000
R08-03950,70940000,300000
R08-03951,42550000,150000
R08-03952,53120000,150000
R08-03953,900000,0
R08-03954,12980000,40000
R08-03955,13900000,40000
R08-03956,125760000,300000
R08-03957,94020000,300000
R08-03958,27690000,60000
R08-03959,70820000,300000
R08-03960,46590000,150000
R08-03961,23970000,60000
R08-03962,42850000,150000
R08-03963,142030000,600000
R08-03964,1440000,0
R08-03965,22870000,60000
R08-03966,6500000,20000
R08-03967,101850000,300000
R08-03968,6010000,20000
R08-03969,82720000,300000
R08-03970,65910000,150000
R08-03971,13500000,40000
R08-03972,52870000,150000
R08-03973,33180000,60000
R08-03974,31320000,60000
R08-03975,82900000,300000
R08-03976,5290000,20000
R08-03977,27390000,60000
R08-03978,67530000,300000
R08-03979,91550000,300000
R08-03980,41690000,150000
R08-03981,68870000,300000
R08-03982,23650000,60000
R08-03983,92820000,300000
R08-03984,13650000,40000
R08-03985,8320000,20000
R08-03986,53590000,150000
R08-03987,51650000,150000
R08-03988,20830000,60000
R08-03989,5690000,20000
R08-03990,73330000,300000
R08-03991,42450000,150000
R08-03992,5490000,20000
R08-03993,52410000,150000
R08-03994,55350000,150000
R08-03995,42320000,150000
R08-03996,46780000,150000
R08-03997,48340000,150000
R08-03998,81760000,300000
R08-03999,25690000,60000
R08-04000,66680000,300000
R08-04001,24830000,60000
R08-04002,124130000,300000
R08-04003,72900000,300000
R08-04004,25740000,60000
R08-04005,13870000,40000
R08-04006,44130000,150000
R08-04007,23830000,60000
R08-04008,46550000,150000
R08-04009,46110000,150000
R08-04010,22450000,60000
R08-04011,15420000,40000
R08-04012,127900000,300000
R08-04013,51720000,150000
R08-04014,22190000,60000
R08-04015,3140000,0
R08-04016,32880000,60000
R08-04017,74020000,300000
R08-04018,2370000,0
R08-04019,74580000,300000
R08-04020,66040000,150000
R08-04021,32280000,60000
R08-04022,27220000,60000
R08-04023,146890000,600000
R08-04024,121400000,300000
R08-04025,2150000,0
R08-04026,41300000,150000
R08-04027,11190000,40000
R08-04028,55300000,150000
R08-04029,42030000,150000
R08-04030,25100000,60000
R08-04031,66220000,150000
R08-04032,83240000,300000
R08-04033,41830000,150000
R08-04034,33540000,150000
R08-04035,45450000,150000
R08-04036,66810000,300000
R08-04037,112610000,300000
R08-04038,15500000,40000
R08-04039,175360000,600000
R08-04040,54850000,150000
R08-04041,112320000,300000
R08-04042,21780000,60000
R08-04043,7230000,20000
R08-04044,45530000,150000
R08-04045,1460000,0
R08-04046,32880000,60000
R08-04047,83330000,300000
R08-04048,92180000,300000
R08-04049,3920000,0
R08-04050,72130000,300000
R08-04051,74410000,300000
R08-04052,30580000,60000
R08-04053,2420000,0
R08-04054,16970000,40000
R08-04055,7240000,20000
R08-04056,3060000,0
R08-04057,34310000,150000
R08-04058,25500000,60000
R08-04059,2650000,0
R08-04060,58310000,150000
R08-04061,16270000,40000
R08-04062,14940000,40000
R08-04063,36150000,150000
R08-04064,41760000,150000
R08-04065,64600000,150000
R08-04066,2280000,0
R08-04067,31680000,60000
R08-04068,43610000,150000
R08-04069,6450000,20000
R08-04070,46700000,150000
R08-04071,84440000,300000
R08-04072,112910000,300000
R08-04073,61350000,150000
R08-04074,21730000,60000
R08-04075,3630000,0
R08-04076,8060000,20000
R08-04077,74960000,300000
R08-04078,60910000,150000
R08-04079,5660000,20000
R08-04080,23880000,60000
R08-04081,5650000,20000
R08-04082,212660000,1000000
R08-04083,53050000,150000
R08-04084,52000000,150000
R08-04085,55870000,150000
R08-04086,95780000,300000
R08-04087,57490000,150000
R08-04088,59330000,150000
R08-04089,41990000,150000
R08-04090,2120000,0
R08-04091,71450000,300000
R08-04092,51990000,150000
R08-04093,102650000,300000
R08-04094,51270000,150000
R08-04095,53830000,150000
R08-04096,64580000,150000
R08-04097,18250000,40000
R08-04098,23380000,60000
R08-04099,30640000,60000
R08-04100,3810000,0
R08-04101,41990000,150000
R08-04102,3310000,0
R08-04103,64690000,150000
R08-04104,45960000,150000
R08-04105,3390000,0
R08-04106,84060000,300000
R08-04107,40500000,150000
R08-04108,132960000,300000
R08-04109,23910000,60000
R08-04110,14690000,40000
R08-04111,159040000,600000
R08-04112,36350000,150000
R08-04113,12160000,40000
R08-04114,71010000,300000
R08-04115,85320000,300000
R08-04116,23520000,60000
R08-04117,67660000,300000
R08-04118,20610000,60000
R08-04119,16570000,40000
R08-04120,16280000,40000
R08-04121,22210000,60000
R08-04122,86380000,300000
R08-04123,64060000,150000
R08-04124,20640000,60000
R08-04125,83800000,300000
R08-04126,61900000,150000
R08-04127,2040000,0
R08-04128,54520000,150000
R08-04129,22090000,60000
R08-04130,37570000,150000
R08-04131,34790000,150000
R08-04132,93830000,300000
R08-04133,134800000,600000
R08-04134,54530000,150000
R08-04135,33130000,60000
R08-04136,34450000,150000
R08-04137,64910000,150000
R08-04138,93970000,300000
R08-04139,75660000,300000
R08-04140,75010000,300000
R08-04141,72240000,300000
R08-04142,27520000,60000
R08-04143,33780000,150000
R08-04144,3310000,0
R08-04145,36880000,150000
R08-04146,33510000,150000
R08-04147,3590000,0
R08-04148,22020000,60000
R08-04149,52890000,150000
R08-04150,25790000,60000
R08-04151,82170000,300000
R08-04152,136500000,600000
R08-04153,4110000,0
R08-04154,49030000,150000
R08-04155,81880000,300000
R08-04156,5880000,20000
R08-04157,30960000,60000
R08-04158,82170000,300000
R08-04159,95970000,300000
R08-04160,62350000,150000
R08-04161,4480000,0
R08-04162,30990000,60000
R08-04163,20890000,60000
R08-04164,55960000,150000
R08-04165,51910000,150000
R08-04166,27240000,60000
R08-04167,3270000,0
R08-04168,102800000,300000
R08-04169,44650000,150000
R08-04170,113320000,300000
R08-04171,64260000,150000
R08-04172,61340000,150000
R08-04173,93620000,300000
R08-04174,94560000,300000
R08-04175,13210000,40000
R08-04176,102270000,300000
R08-04177,35710000,150000
R08-04178,22630000,60000
R08-04179,74560000,300000
R08-04180,90710000,300000
R08-04181,91500000,300000
R08-04182,73180000,300000
R08-04183,13640000,40000
R08-04184,4270000,0
R08-04185,53410000,150000
R08-04186,35700000,150000
R08-04187,35110000,150000
R08-04188,85680000,300000
R08-04189,102070000,300000
R08-04190,22270000,60000
R08-04191,135440000,600000
R08-04192,46630000,150000
R08-04193,57500000,150000
R08-04194,72420000,300000
R08-04195,35260000,150000
R08-04196,2530000,0
R08-04197,5180000,20000
R08-04198,45970000,150000
R08-04199,56840000,150000
R08-04200,105070000,300000
R08-04201,1830000,0
R08-04202,6850000,20000
R08-04203,34720000,150000
R08-04204,2760000,0
R08-04205,32470000,60000
R08-04206,8070000,20000
R08-04207,67930000,300000
R08-04208,43190000,150000
R08-04209,13650000,40000
R08-04210,30380000,60000
R08-04211,32990000,60000
R08-04212,111650000,300000
R08-04213,34410000,150000
R08-04214,134750000,600000
R08-04215,33080000,60000
R08-04216,83970000,300000
R08-04217,14730000,40000
R08-04218,92330000,300000
R08-04219,36040000,150000
R08-04220,42630000,150000
R08-04221,11680000,40000
R08-04222,115370000,300000
R08-04223,102070000,300000
R08-04224,23250000,60000
R08-04225,35530000,150000
R08-04226,14450000,40000
R08-04227,25870000,60000
R08-04228,83260000,300000
R08-04229,65810000,150000
R08-04230,13510000,40000
R08-04231,95280000,300000
R08-04232,24680000,60000
R08-04233,45750000,150000
R08-04234,62110000,150000
R08-04235,38620000,150000
R08-04236,33300000,60000
R08-04237,1770000,0
R08-04238,66090000,150000
R08-04239,92540000,300000
R08-04240,112730000,300000
R08-04241,31180000,60000
R08-04242,42370000,150000
R08-04243,32910000,60000
R08-04244,51890000,150000
R08-04245,51650000,150000
R08-04246,54320000,150000
R08-04247,24340000,60000
R08-04248,83740000,300000
R08-04249,92560000,300000
R08-04250,104760000,300000
R08-04251,83060000,300000
R08-04252,84890000,300000
R08-04253,55620000,150000
R08-04254,7300000,20000
R08-04255,61240000,150000
R08-04256,21320000,60000
R08-04257,47610000,150000
R08-04258,66190000,150000
R08-04259,35010000,150000
R08-04260,112640000,300000
R08-04261,32370000,60000
R08-04262,115670000,300000
R08-04263,53770000,150000
R08-04264,212290000,1000000
R08-04265,13140000,40000
R08-04266,24600000,60000
R08-04267,13070000,40000
R08-04268,55990000,150000
R08-04269,26910000,60000
R08-04270,70890000,300000
R08-04271,62000000,150000
R08-04272,32350000,60000
R08-04273,171590000,600000
R08-04274,43170000,150000
R08-04275,57430000,150000
R08-04276,6170000,20000
R08-04277,2600000,0
R08-04278,57840000,150000
R08-04279,15420000,40000
R08-04280,128030000,300000
R08-04281,53850000,150000
R08-04282,36810000,150000
R08-04283,60760000,150000
R08-04284,62560000,150000
R08-04285,4830000,0
R08-04286,33850000,150000
R08-04287,2330000,0
R08-04288,67870000,300000
R08-04289,41360000,150000
R08-04290,22250000,60000
R08-04291,84270000,300000
R08-04292,23510000,60000
R08-04293,40570000,150000
R08-04294,54540000,150000
R08-04295,3580000,0
R08-04296,86370000,300000
R08-04297,54280000,150000
R08-04298,35130000,150000
R08-04299,66960000,300000
R08-04300,4750000,0
R08-04301,31230000,60000
R08-04302,144320000,600000
R08-04303,1150000,0
R08-04304,17590000,40000
R08-04305,7850000,20000
R08-04306,51090000,150000
R08-04307,51730000,150000
R08-04308,66370000,150000
R08-04309,77800000,300000
R08-04310,15450000,40000
R08-04311,65970000,150000
R08-04312,61370000,150000
R08-04313,6880000,20000
R08-04314,64360000,150000
R08-04315,63320000,150000
R08-04316,31190000,60000
R08-04317,13490000,40000
R08-04318,81990000,300000
R08-04319,104610000,300000
R08-04320,21510000,60000
R08-04321,82950000,300000
R08-04322,18370000,40000
R08-04323,13060000,40000
R08-04324,14430000,40000
R08-04325,77420000,300000
R08-04326,71970000,300000
R08-04327,215110000,1000000
R08-04328,83240000,300000
R08-04329,83500000,300000
R08-04330,67680000,300000
R08-04331,60200000,150000
R08-04332,67380000,300000
R08-04333,5370000,20000
R08-04334,73000000,300000
R08-04335,13610000,40000
R08-04336,1990000,0
R08-04337,4340000,0
R08-04338,81520000,300000
R08-04339,20340000,60000
R08-04340,81720000,300000
R08-04341,60420000,150000
R08-04342,6840000,20000
R08-04343,23330000,60000
R08-04344,41670000,150000
R08-04345,35580000,150000
R08-04346,1580000,0
R08-04347,50970000,150000
R08-04348,24700000,60000
R08-04349,3600000,0
R08-04350,27240000,60000
R08-04351,13480000,40000
R08-04352,133150000,300000
R08-04353,82640000,300000
R08-04354,90700000,300000
R08-04355,41660000,150000
R08-04356,45270000,150000
R08-04357,35140000,150000
R08-04358,60350000,150000
R08-04359,13170000,40000
R08-04360,129630000,300000
R08-04361,172420000,600000
R08-04362,3730000,0
R08-04363,75360000,300000
R08-04364,51670000,150000
R08-04365,32250000,60000
R08-04366,12490000,40000
R08-04367,31830000,60000
R08-04368,32090000,60000
R08-04369,72500000,300000
R08-04370,36390000,150000
R08-04371,12660000,40000
R08-04372,53600000,150000
R08-04373,96200000,300000
R08-04374,55590000,150000
R08-04375,104400000,300000
R08-04376,81570000,300000
R08-04377,42790000,150000
R08-04378,4290000,0
R08-04379,56220000,150000
R08-04380,5800000,20000
R08-04381,33250000,60000
R08-04382,91470000,300000
R08-04383,5120000,20000
R08-04384,23230000,60000
R08-04385,61660000,150000
R08-04386,112600000,300000
R08-04387,37410000,150000
R08-04388,7800000,20000
R08-04389,92470000,300000
R08-04390,25160000,60000
R08-04391,54140000,150000
R08-04392,67740000,300000
R08-04393,84460000,300000
R08-04394,84390000,300000
R08-04395,42300000,150000
R08-04396,61250000,150000
R08-04397,32470000,60000
R08-04398,32120000,60000
R08-04399,62960000,150000
R08-04400,17800000,40000
R08-04401,27030000,60000
R08-04402,2520000,0
R08-04403,77280000,300000
R08-04404,1920000,0
R08-04405,92120000,300000
R08-04406,43930000,150000
R08-04407,7400000,20000
R08-04408,31950000,60000
R08-04409,11130000,40000
R08-04410,96950000,300000
R08-04411,36750000,150000
R08-04412,68410000,300000
R08-04413,51450000,150000
R08-04414,42190000,150000
R08-04415,31690000,60000
R08-04416,22270000,60000
R08-04417,6930000,20000
R08-04418,41030000,150000
R08-04419,4120000,0
R08-04420,65920000,150000
R08-04421,81040000,300000
R08-04422,76220000,300000
R08-04423,74480000,300000
R08-04424,870000,0
R08-04425,76190000,300000
R08-04426,103280000,300000
R08-04427,75110000,300000
R08-04428,25010000,60000
R08-04429,40790000,150000
R08-04430,94320000,300000
R08-04431,1660000,0
R08-04432,115160000,300000
R08-04433,56040000,150000
R08-04434,44070000,150000
R08-04435,33740000,150000
R08-04436,83310000,300000
R08-04437,6500000,20000
R08-04438,86200000,300000
R08-04439,44310000,150000
R08-04440,22860000,60000
R08-04441,55580000,150000
R08-04442,56170000,150000
R08-04443,73930000,300000
R08-04444,66310000,150000
R08-04445,2550000,0
R08-04446,4660000,0
R08-04447,43460000,150000
R08-04448,142550000,600000
R08-04449,71180000,300000
R08-04450,22070000,60000
R08-04451,13470000,40000
R08-04452,127880000,300000
R08-04453,13370000,40000
R08-04454,38500000,150000
R08-04455,74220000,300000
R08-04456,24010000,60000
R08-04457,34120000,150000
R08-04458,25260000,60000
R08-04459,5600000,20000
R08-04460,43280000,150000
R08-04461,80810000,300000
R08-04462,83190000,300000
R08-04463,80450000,300000
R08-04464,102240000,300000
R08-04465,44230000,150000
R08-04466,72110000,300000
R08-04467,22360000,60000
R08-04468,64070000,150000
R08-04469,16460000,40000
R08-04470,36810000,150000
R08-04471,21530000,60000
R08-04472,84620000,300000
R08-04473,117250000,300000
R08-04474,72510000,300000
R08-04475,84740000,300000
R08-04476,102620000,300000
R08-04477,63880000,150000
R08-04478,1620000,0
R08-04479,41560000,150000
R08-04480,5170000,20000
R08-04481,1460000,0
R08-04482,25920000,60000
R08-04483,2800000,0
R08-04484,35710000,150000
R08-04485,2270000,0
R08-04486,28370000,60000
R08-04487,151600000,600000
R08-04488,21090000,60000
R08-04489,25120000,60000
R08-04490,98420000,300000
R08-04491,53570000,150000
R08-04492,55700000,150000
R08-04493,54320000,150000
R08-04494,9460000,20000
R08-04495,1620000,0
R08-04496,21430000,60000
R08-04497,33020000,60000
R08-04498,81050000,300000
R08-04499,55250000,150000
R08-04500,24770000,60000
R08-04501,61560000,150000
R08-04502,23890000,60000
R08-04503,5700000,20000
R08-04504,35910000,150000
R08-04505,5620000,20000
R08-04506,53500000,150000
R08-04507,47440000,150000
R08-04508,73950000,300000
R08-04509,3710000,0
R08-04510,61540000,150000
R08-04511,14600000,40000
R08-04512,95110000,300000
R08-04513,1560000,0
R08-04514,83390000,300000
R08-04515,4780000,0
R08-04516,2930000,0
R08-04517,42340000,150000
R08-04518,47690000,150000
R08-04519,44410000,150000
R08-04520,37460000,150000
R08-04521,111900000,300000
R08-04522,40660000,150000
R08-04523,32640000,60000
R08-04524,47510000,150000
R08-04525,35330000,150000
R08-04526,62050000,150000
R08-04527,11380000,40000
R08-04528,14620000,40000
R08-04529,25220000,60000
R08-04530,61230000,150000
R08-04531,54240000,150000
R08-04532,32570000,60000
R08-04533,65470000,150000
R08-04534,73780000,300000
R08-04535,11200000,40000
R08-04536,5000000,20000
R08-04537,28170000,60000
R08-04538,65380000,150000
R08-04539,70820000,300000
R08-04540,10660000,40000
R08-04541,37990000,150000
R08-04542,46290000,150000
R08-04543,82770000,300000
R08-04544,15380000,40000
R08-04545,41430000,150000
R08-04546,32500000,60000
R08-04547,43540000,150000
R08-04548,25570000,60000
R08-04549,54270000,150000
R08-04550,95270000,300000
R08-04551,102090000,300000
R08-04552,66180000,150000
R08-04553,104290000,300000
R08-04554,152650000,600000
R08-04555,31700000,60000
R08-04556,33080000,60000
R08-04557,54650000,150000
R08-04558,33580000,150000
R08-04559,38780000,150000
R08-04560,54140000,150000
R08-04561,74940000,300000
R08-04562,1780000,0
R08-04563,4950000,0
R08-04564,104010000,300000
R08-04565,143390000,600000
R08-04566,54970000,150000
R08-04567,4390000,0
R08-04568,106510000,300000
R08-04569,45890000,150000
R08-04570,51850000,150000
R08-04571,68920000,300000
R08-04572,74000000,300000
R08-04573,47950000,150000
R08-04574,31800000,60000
R08-04575,51660000,150000
R08-04576,3690000,0
R08-04577,64660000,150000
R08-04578,3800000,0
R08-04579,53430000,150000
R08-04580,32900000,60000
R08-04581,3150000,0
R08-04582,41880000,150000
R08-04583,32600000,60000
R08-04584,34130000,150000
R08-04585,20540000,60000
R08-04586,12070000,40000
R08-04587,23160000,60000
R08-04588,13620000,40000
R08-04589,24890000,60000
R08-04590,48230000,150000
R08-04591,45900000,150000
R08-04592,4080000,0
R08-04593,13210000,40000
R08-04594,1560000,0
R08-04595,61290000,150000
R08-04596,25150000,60000
R08-04597,3440000,0
R08-04598,4050000,0
R08-04599,37600000,150000
R08-04600,62000000,150000
R08-04601,33350000,150000
R08-04602,22260000,60000
R08-04603,25710000,60000
R08-04604,46690000,150000
R08-04605,3690000,0
R08-04606,56280000,150000
R08-04607,73420000,300000
R08-04608,64590000,150000
R08-04609,154080000,600000
R08-04610,31640000,60000
R08-04611,5440000,20000
R08-04612,48450000,150000
R08-04613,65020000,150000
R08-04614,54850000,150000
R08-04615,22780000,60000
R08-04616,52710000,150000
R08-04617,94860000,300000
R08-04618,58540000,150000
R08-04619,61860000,150000
R08-04620,33530000,150000
R08-04621,51130000,150000
R08-04622,6030000,20000
R08-04623,5310000,20000
R08-04624,46080000,150000
R08-04625,85050000,300000
R08-04626,970000,0
R08-04627,46570000,150000
R08-04628,14710000,40000
R08-04629,85350000,300000
R08-04630,2560000,0
R08-04631,5210000,20000
R08-04632,34150000,150000
R08-04633,64500000,150000
R08-04634,47440000,150000
R08-04635,73310000,300000
R08-04636,42720000,150000
R08-04637,31650000,60000
R08-04638,68780000,300000
R08-04639,5320000,20000
R08-04640,11250000,40000
R08-04641,45180000,150000
R08-04642,32610000,60000
R08-04643,42290000,150000
R08-04644,60890000,150000
R08-04645,31350000,60000
R08-04646,52840000,150000
R08-04647,35920000,150000
R08-04648,63520000,150000
R08-04649,1730000,0
R08-04650,5310000,20000
R08-04651,3090000,0
R08-04652,31960000,60000
R08-04653,86780000,300000
R08-04654,210000,0
R08-04655,86710000,300000
R08-04656,47390000,150000
R08-04657,13620000,40000
R08-04658,24320000,60000
R08-04659,12250000,40000
R08-04660,63890000,150000
R08-04661,73490000,300000
R08-04662,33290000,60000
R08-04663,18810000,40000
R08-04664,75280000,300000
R08-04665,10930000,40000
R08-04666,125000000,300000
R08-04667,44220000,150000
R08-04668,12220000,40000
R08-04669,61450000,150000
R08-04670,28750000,60000
R08-04671,45340000,150000
R08-04672,14560000,40000
R08-04673,12130000,40000
R08-04674,25690000,60000
R08-04675,122620000,300000
R08-04676,3380000,0
R08-04677,44490000,150000
R08-04678,37530000,150000
R08-04679,71930000,300000
R08-04680,13030000,40000
R08-04681,5140000,20000
R08-04682,59190000,150000
R08-04683,65660000,150000
R08-04684,23770000,60000
R08-04685,113710000,300000
R08-04686,54470000,150000
R08-04687,102080000,300000
R08-04688,21660000,60000
R08-04689,54110000,150000
R08-04690,14250000,40000
R08-04691,5380000,20000
R08-04692,82390000,300000
R08-04693,13510000,40000
R08-04694,15720000,40000
R08-04695,134670000,600000
R08-04696,73050000,300000
R08-04697,1480000,0
R08-04698,13300000,40000
R08-04699,45390000,150000
R08-04700,63910000,150000
R08-04701,113290000,300000
R08-04702,10580000,40000
R08-04703,66650000,150000
R08-04704,111260000,300000
R08-04705,14290000,40000
R08-04706,32860000,60000
R08-04707,2330000,0
R08-04708,11670000,40000
R08-04709,73500000,300000
R08-04710,42980000,150000
R08-04711,44160000,150000
R08-04712,41950000,150000
R08-04713,145230000,600000
R08-04714,53850000,150000
R08-04715,14170000,40000
R08-04716,32820000,60000
R08-04717,123940000,300000
R08-04718,102500000,300000
R08-04719,14990000,40000
R08-04720,7330000,20000
R08-04721,85860000,300000
R08-04722,30940000,60000
R08-04723,42840000,150000
R08-04724,36050000,150000
R08-04725,64870000,150000
R08-04726,66550000,150000
R08-04727,33740000,150000
R08-04728,156840000,600000
R08-04729,52320000,150000
R08-04730,10280000,40000
R08-04731,11190000,40000
R08-04732,42990000,150000
R08-04733,2800000,0
R08-04734,51110000,150000
R08-04735,41460000,150000
R08-04736,96990000,300000
R08-04737,1990000,0
R08-04738,34500000,150000
R08-04739,85110000,300000
R08-04740,25490000,60000
R08-04741,15910000,40000
R08-04742,2430000,0
R08-04743,46240000,150000
R08-04744,81380000,300000
R08-04745,39330000,150000
R08-04746,96610000,300000
R08-04747,42530000,150000
R08-04748,3690000,0
R08-04749,76360000,300000
R08-04750,112620000,300000
R08-04751,91350000,300000
R08-04752,17100000,40000
R08-04753,66530000,150000
R08-04754,8680000,20000
R08-04755,117400000,300000
R08-04756,63640000,150000
R08-04757,64370000,150000
R08-04758,51870000,150000
R08-04759,2660000,0
R08-04760,15220000,40000
R08-04761,106560000,300000
R08-04762,20770000,60000
R08-04763,4150000,0
R08-04764,54620000,150000
R08-04765,62890000,150000
R08-04766,10450000,40000
R08-04767,39360000,150000
R08-04768,34690000,150000
R08-04769,56450000,150000
R08-04770,45160000,150000
R08-04771,71870000,300000
R08-04772,41940000,150000
R08-04773,31710000,60000
R08-04774,1920000,0
R08-04775,34330000,150000
R08-04776,23460000,60000
R08-04777,29030000,60000
R08-04778,33530000,150000
R08-04779,36490000,150000
R08-04780,32480000,60000
R08-04781,23210000,60000
R08-04782,6730000,20000
R08-04783,21090000,60000
R08-04784,66790000,300000
R08-04785,31800000,60000
R08-04786,25180000,60000
R08-04787,31200000,60000
R08-04788,12650000,40000
R08-04789,16790000,40000
R08-04790,1900000,0
R08-04791,61220000,150000
R08-04792,25360000,60000
R08-04793,21930000,60000
R08-04794,56650000,150000
R08-04795,42190000,150000
R08-04796,21760000,60000
R08-04797,33890000,150000
R08-04798,15700000,40000
R08-04799,97980000,300000
R08-04800,75650000,300000
R08-04801,43220000,150000
R08-04802,44460000,150000
R08-04803,81190000,300000
R08-04804,42760000,150000
R08-04805,1990000,0
R08-04806,41070000,150000
R08-04807,6910000,20000
R08-04808,52080000,150000
R08-04809,27850000,60000
R08-04810,112990000,300000
R08-04811,121960000,300000
R08-04812,62370000,150000
R08-04813,23760000,60000
R08-04814,23270000,60000
R08-04815,98850000,300000
R08-04816,61880000,150000
R08-04817,26760000,60000
R08-04818,114360000,300000
R08-04819,75360000,300000
R08-04820,22140000,60000
R08-04821,74270000,300000
R08-04822,85110000,300000
R08-04823,65360000,150000
R08-04824,1730000,0
R08-04825,1960000,0
R08-04826,63880000,150000
R08-04827,11850000,40000
R08-04828,92220000,300000
